{"success":true,"requestId":null,"msg":null,"resubmitToken":null,"content":{"pageNo":17,"pageSize":15,"positionResult":{"resultSize":15,"totalCount":8899,"locationInfo":{"city":"北京","district":null,"queryByGisCode":false,"locationCode":null,"businessZone":null},"queryAnalysisInfo":{"positionName":"android","companyName":null,"usefulCompany":false,"industryName":null},"strategyProperty":{"name":"dm-csearch-newSimScorer","id":1},"result":[{"createTime":"2016-08-29 15:36:29","formatCreateTime":"1天前发布","companyId":60123,"positionName":"Android","workYear":"5-10年","education":"本科","jobNature":"全职","companyShortName":"暴风魔镜","city":"北京","salary":"20k-30k","financeStage":"成长型(B轮)","positionId":2176962,"companyLogo":"image1/M00/3E/36/Cgo8PFW7F9KAQG3wAAAfjJyZUjM451.jpg","positionAdvantage":"VR,新时代","approve":1,"district":"海淀区","score":0,"companyLabelList":["股票期权","季度奖金","美女如云","扁平管理"],"industryField":"移动互联网","companySize":"500-2000人","imState":"today","lastLogin":1472525033000,"publisherId":275425,"explain":null,"plus":null,"pcShow":0,"appShow":0,"deliver":0,"gradeDescription":null,"businessZones":["学院路","五道口","北航"],"companyFullName":"北京暴风魔镜科技有限公司","adWord":0},{"createTime":"2016-08-29 15:32:14","formatCreateTime":"1天前发布","companyId":117160,"positionName":"Android高级研发工程师","workYear":"1-3年","education":"本科","jobNature":"全职","companyShortName":"嗨球科技","city":"北京","salary":"15k-30k","financeStage":"初创型(未融资)","positionId":1533718,"companyLogo":"i/image/M00/0B/16/Cgp3O1bVYG-AcP8WAAAnOzfQaDY635.jpg","positionAdvantage":"五险一金绩效奖金年终分红四合院办公","approve":0,"district":"东城区","score":0,"companyLabelList":["股票期权","绩效奖金","年终分红","体育APP"],"industryField":"移动互联网,文化娱乐","companySize":"50-150人","imState":"sevenDays","lastLogin":1472200044000,"publisherId":4266300,"explain":null,"plus":null,"pcShow":0,"appShow":0,"deliver":0,"gradeDescription":null,"businessZones":["朝阳门","朝外","东四"],"companyFullName":"北京嗨球科技有限公司","adWord":0},{"createTime":"2016-08-29 14:54:20","formatCreateTime":"1天前发布","companyId":55920,"positionName":"Android研发工程师","workYear":"3-5年","education":"本科","jobNature":"全职","companyShortName":"海玩网","city":"北京","salary":"10k-20k","financeStage":"成长型(B轮)","positionId":1545601,"companyLogo":"image1/M00/10/1D/Cgo8PFT-WqyABigSAACbD6wW6Qk399.jpg","positionAdvantage":"期权 萌妹多 免费午餐晚餐 带薪假期","approve":0,"district":"朝阳区","score":0,"companyLabelList":["股票期权","带薪年假","扁平管理","领导好"],"industryField":"O2O,旅游","companySize":"150-500人","imState":"threeDays","lastLogin":1472453599000,"publisherId":1406756,"explain":null,"plus":null,"pcShow":0,"appShow":0,"deliver":0,"gradeDescription":null,"businessZones":["望京","大山子","酒仙桥"],"companyFullName":"海玩（北京）科技有限公司","adWord":0},{"createTime":"2016-08-29 14:54:03","formatCreateTime":"1天前发布","companyId":69470,"positionName":"Android","workYear":"3-5年","education":"本科","jobNature":"全职","companyShortName":"约克","city":"北京","salary":"10k-15k","financeStage":"初创型(未融资)","positionId":2299809,"companyLogo":"i/image/M00/00/4E/Cgp3O1ZAFOOAbcX3AAFYPDdTOGg591.png","positionAdvantage":"五险一金、各种补助、公司旅游、晋升空间大","approve":0,"district":"朝阳区","score":0,"companyLabelList":["绩效奖金","帅哥多","美女多","领导好"],"industryField":"移动互联网","companySize":"15-50人","imState":"today","lastLogin":1472535668000,"publisherId":2159650,"explain":null,"plus":null,"pcShow":0,"appShow":0,"deliver":0,"gradeDescription":null,"businessZones":["大望路","红庙","京广桥"],"companyFullName":"北京约克医众科技有限公司","adWord":0},{"createTime":"2016-08-29 14:47:21","formatCreateTime":"1天前发布","companyId":32867,"positionName":"Android 高级研发工程师","workYear":"不限","education":"本科","jobNature":"全职","companyShortName":"丁盯","city":"北京","salary":"13k-25k","financeStage":"成长型(B轮)","positionId":785083,"companyLogo":"i/image/M00/1A/6B/Cgp3O1b6JC6Aa9yJAAANcXoecKE308.jpg","positionAdvantage":"股票期权 优厚福利 税后薪资 出国旅游","approve":1,"district":"昌平区","score":0,"companyLabelList":["股票期权","零食饮料水果","五险一金","弹性工作"],"industryField":"硬件","companySize":"50-150人","imState":"today","lastLogin":1472545936000,"publisherId":555913,"explain":null,"plus":null,"pcShow":0,"appShow":0,"deliver":0,"gradeDescription":null,"businessZones":["霍营","回龙观"],"companyFullName":"云丁网络技术（北京）有限公司","adWord":0},{"createTime":"2016-08-29 14:41:59","formatCreateTime":"1天前发布","companyId":84946,"positionName":"高级Android开发","workYear":"1-3年","education":"本科","jobNature":"全职","companyShortName":"楚楚街","city":"北京","salary":"15k-30k","financeStage":"成熟型(C轮)","positionId":2122002,"companyLogo":"image1/M00/3B/C6/CgYXBlWxtPaAR5ppAABlEoukE30921.jpg?cc=0.8298555244720744","positionAdvantage":"五险一金 年度奖金 月度团建 一日三餐","approve":0,"district":"海淀区","score":0,"companyLabelList":["节日礼物","年底双薪","带薪年假","年度旅游"],"industryField":"移动互联网","companySize":"150-500人","imState":"today","lastLogin":1472539803000,"publisherId":5705873,"explain":null,"plus":null,"pcShow":0,"appShow":0,"deliver":0,"gradeDescription":null,"businessZones":["知春路","学院路","北航"],"companyFullName":"北京醋溜网络科技股份有限公司","adWord":0},{"createTime":"2016-08-29 14:23:50","formatCreateTime":"1天前发布","companyId":46784,"positionName":"Android研发工程师","workYear":"1-3年","education":"本科","jobNature":"全职","companyShortName":"彩彻区明科技","city":"北京","salary":"10k-20k","financeStage":"初创型(天使轮)","positionId":1315566,"companyLogo":"image1/M00/00/78/Cgo8PFTUXbKAWxTSAAB4rUjgxdk794.png","positionAdvantage":"弹性工作制，舒适优越的办公环境，猫和午餐","approve":1,"district":"海淀区","score":0,"companyLabelList":["绩效奖金","年度旅游","年底三薪","五险一金"],"industryField":"移动互联网,生活服务","companySize":"少于15人","imState":"threeDays","lastLogin":1472463329000,"publisherId":905762,"explain":null,"plus":null,"pcShow":0,"appShow":0,"deliver":0,"gradeDescription":null,"businessZones":["五道口","清华大学","中关村"],"companyFullName":"北京彩彻区明科技有限公司","adWord":0},{"createTime":"2016-08-29 14:19:52","formatCreateTime":"1天前发布","companyId":107435,"positionName":"Android高级工程师","workYear":"3-5年","education":"本科","jobNature":"全职","companyShortName":"熊猫TV","city":"北京","salary":"15k-30k","financeStage":"初创型(未融资)","positionId":2198112,"companyLogo":"i/image/M00/50/6F/Cgp3O1ez-maAVqVvAACHDXnYX1w719.png","positionAdvantage":"CEO是王思聪~","approve":0,"district":"朝阳区","score":0,"companyLabelList":["年底双薪","带薪年假","午餐补助","绩效奖金"],"industryField":"移动互联网,文化娱乐","companySize":"150-500人","imState":"today","lastLogin":1472550587000,"publisherId":4529378,"explain":null,"plus":null,"pcShow":0,"appShow":0,"deliver":0,"gradeDescription":null,"businessZones":["望京","大山子","花家地"],"companyFullName":"上海熊猫互娱文化有限公司北京分公司","adWord":0},{"createTime":"2016-08-29 14:18:03","formatCreateTime":"1天前发布","companyId":47287,"positionName":"Android开发实习","workYear":"不限","education":"本科","jobNature":"实习","companyShortName":"奇步互动","city":"北京","salary":"4k-8k","financeStage":"初创型(未融资)","positionId":701545,"companyLogo":"image1/M00/00/7A/Cgo8PFTUXbmASNmAAABiHdtIF0I832.png","positionAdvantage":"做一流的企业应用","approve":1,"district":"朝阳区","score":0,"companyLabelList":["绩效奖金","领先移动产品","弹性工作","前景广阔"],"industryField":"移动互联网","companySize":"15-50人","imState":"disabled","lastLogin":1472564885000,"publisherId":915034,"explain":null,"plus":null,"pcShow":0,"appShow":0,"deliver":0,"gradeDescription":null,"businessZones":["四惠","十里堡","甘露园"],"companyFullName":"北京奇步互动技术有限公司","adWord":0},{"createTime":"2016-08-29 14:17:23","formatCreateTime":"1天前发布","companyId":46279,"positionName":"资深Android开发工程师","workYear":"3-5年","education":"本科","jobNature":"全职","companyShortName":"九休旅行","city":"北京","salary":"15k-30k","financeStage":"成长型(不需要融资)","positionId":2148212,"companyLogo":"i/image/M00/2B/90/CgqKkVc1TzKAO3QFAAALHF4s-cc811.png","positionAdvantage":"平台大，机会多","approve":1,"district":"朝阳区","score":0,"companyLabelList":["技能培训","年底双薪","带薪年假","岗位晋升"],"industryField":"移动互联网,电子商务","companySize":"150-500人","imState":"today","lastLogin":1472552511000,"publisherId":893813,"explain":null,"plus":null,"pcShow":0,"appShow":0,"deliver":0,"gradeDescription":null,"businessZones":["望京","大山子","花家地"],"companyFullName":"北京九休信息科技有限公司","adWord":0},{"createTime":"2016-08-29 14:09:03","formatCreateTime":"1天前发布","companyId":59251,"positionName":"Android高级开发工程师","workYear":"3-5年","education":"本科","jobNature":"全职","companyShortName":"映客直播","city":"北京","salary":"20k-30k","financeStage":"成长型(B轮)","positionId":2299368,"companyLogo":"i/image/M00/08/49/Cgp3O1bPycGAMj0hAAAgshBCvv4840.jpg","positionAdvantage":"福利完善,年底奖金,环境优美,帅哥美女","approve":1,"district":"朝阳区","score":0,"companyLabelList":["年底双薪","专项奖金","股票期权","带薪年假"],"industryField":"移动互联网,文化娱乐","companySize":"500-2000人","imState":"today","lastLogin":1472559160000,"publisherId":1467174,"explain":null,"plus":null,"pcShow":0,"appShow":0,"deliver":0,"gradeDescription":null,"businessZones":["望京","大山子","花家地"],"companyFullName":"北京蜜莱坞网络科技有限公司","adWord":0},{"createTime":"2016-08-29 14:08:58","formatCreateTime":"1天前发布","companyId":129,"positionName":"安卓开发工程师","workYear":"3-5年","education":"大专","jobNature":"全职","companyShortName":"陌陌","city":"北京","salary":"15k-25k","financeStage":"上市公司","positionId":322627,"companyLogo":"upload/logo/ff8080814bcef7c9014bda8adac101a4.png","positionAdvantage":"六险一金 有竞争力薪酬 优美办公环境","approve":1,"district":"朝阳区","score":0,"companyLabelList":["岗位晋升","帅哥多","管理规范","技能培训"],"industryField":"社交网络","companySize":"150-500人","imState":"today","lastLogin":1472555535000,"publisherId":15724,"explain":null,"plus":null,"pcShow":0,"appShow":0,"deliver":0,"gradeDescription":null,"businessZones":["望京","大山子","花家地"],"companyFullName":"北京陌陌科技有限公司","adWord":0},{"createTime":"2016-08-29 13:58:06","formatCreateTime":"1天前发布","companyId":134793,"positionName":"Android","workYear":"3-5年","education":"大专","jobNature":"全职","companyShortName":"奥商网络科技","city":"北京","salary":"13k-25k","financeStage":"初创型(天使轮)","positionId":1983267,"companyLogo":"i/image/M00/38/BC/Cgp3O1djtaCAU7LsAADcJNA51jw731.gif","positionAdvantage":"行业发展前景好，职位晋升空间大","approve":0,"district":"朝阳区","score":0,"companyLabelList":null,"industryField":"移动互联网,O2O","companySize":"少于15人","imState":"disabled","lastLogin":1472545858000,"publisherId":5376127,"explain":null,"plus":null,"pcShow":0,"appShow":0,"deliver":0,"gradeDescription":null,"businessZones":["望京","花家地","大山子"],"companyFullName":"北京奥商网络科技股份有限公司","adWord":0},{"createTime":"2016-08-29 13:57:25","formatCreateTime":"1天前发布","companyId":106380,"positionName":"Android","workYear":"3-5年","education":"大专","jobNature":"全职","companyShortName":"北京奥商网络科技股份有限公司","city":"北京","salary":"13k-25k","financeStage":"初创型(天使轮)","positionId":1813609,"companyLogo":"image2/M00/16/3E/CgpzWlZFqXGAZtnlAAFS1iakRnY006.png?cc=0.004111811053007841","positionAdvantage":"行业发展前景好，晋升空间大，团队氛围好。","approve":0,"district":"朝阳区","score":0,"companyLabelList":["节日礼物","带薪年假","弹性工作"],"industryField":"移动互联网,O2O","companySize":"少于15人","imState":"disabled","lastLogin":1472541816000,"publisherId":3155526,"explain":null,"plus":null,"pcShow":0,"appShow":0,"deliver":0,"gradeDescription":null,"businessZones":["望京","花家地","大山子"],"companyFullName":"奥商集团北京研发中心","adWord":0},{"createTime":"2016-08-29 13:50:25","formatCreateTime":"1天前发布","companyId":4838,"positionName":"Android高级开发工程师","workYear":"3-5年","education":"本科","jobNature":"全职","companyShortName":"安邦保险集团","city":"北京","salary":"25k-35k","financeStage":"成熟型(不需要融资)","positionId":2038854,"companyLogo":"image1/M00/00/0B/CgYXBlTUWBuAUJAkAAB6cj6qvIk863.jpg","positionAdvantage":"Android高级开发工程师","approve":1,"district":null,"score":0,"companyLabelList":["绩效奖金","专项奖金","五险一金","通讯津贴"],"industryField":"移动互联网,金融","companySize":"2000人以上","imState":"threeDays","lastLogin":1472449978000,"publisherId":1541493,"explain":null,"plus":null,"pcShow":0,"appShow":0,"deliver":0,"gradeDescription":null,"businessZones":null,"companyFullName":"安邦保险集团股份有限公司","adWord":0}]}},"code":0}