{"success":true,"requestId":null,"msg":null,"resubmitToken":null,"content":{"pageNo":61,"pageSize":15,"positionResult":{"totalCount":8899,"resultSize":15,"locationInfo":{"city":"北京","district":null,"queryByGisCode":false,"businessZone":null,"locationCode":null},"queryAnalysisInfo":{"positionName":"android","companyName":null,"usefulCompany":false,"industryName":null},"strategyProperty":{"name":"dm-csearch-newSimScorer","id":1},"result":[{"companyId":107423,"companyShortName":"瓜子二手车直卖网","createTime":"2016-08-18 14:26:28","positionId":1980304,"positionAdvantage":"全年最高19薪 Geek团队","salary":"18k-25k","score":0,"workYear":"3-5年","education":"本科","city":"北京","positionName":"移动研发工程师(IOS/Android)","companyLogo":"i/image/M00/0B/AE/Cgp3O1bWYyOAQo96AAC1TQO-4Cg541.jpg","financeStage":"成长型(A轮)","industryField":"O2O","jobNature":"全职","approve":0,"companySize":"2000人以上","district":"海淀区","companyLabelList":["带薪年假","弹性工作","免费班车","美女多"],"adWord":0,"appShow":0,"deliver":0,"formatCreateTime":"2016-08-18","gradeDescription":null,"companyFullName":"车好多旧机动车经纪(北京)有限公司","businessZones":["上地","马连洼","西二旗"],"imState":"overSevenDays","lastLogin":1467340722000,"publisherId":1831262,"explain":null,"plus":null,"pcShow":0},{"companyId":106303,"companyShortName":"搜狐媒体","createTime":"2016-08-18 12:02:13","positionId":2006022,"positionAdvantage":"一年15天年假，弹性工作时间，文化灵活","salary":"15k-20k","score":0,"workYear":"不限","education":"本科","city":"北京","positionName":"集团总部-北京研发中心-Android研发工程师","companyLogo":"i/image/M00/00/60/CgqKkVZFhiKAe07DAAAMN2gO144456.jpg","financeStage":"上市公司","industryField":"移动互联网,广告营销","jobNature":"全职","approve":1,"companySize":"2000人以上","district":"海淀区","companyLabelList":["节日礼物","项目奖金","弹性工作时间","15天年假"],"adWord":0,"appShow":0,"deliver":0,"formatCreateTime":"2016-08-18","gradeDescription":null,"companyFullName":"搜狐媒体","businessZones":null,"imState":"disabled","lastLogin":1472590808000,"publisherId":1867,"explain":null,"plus":null,"pcShow":0},{"companyId":98097,"companyShortName":"拾光盒子","createTime":"2016-08-18 10:37:30","positionId":2222612,"positionAdvantage":"弹性工作,无限零食,美女如云","salary":"12k-15k","score":0,"workYear":"1-3年","education":"本科","city":"北京","positionName":"Android工程师","companyLogo":"i/image/M00/4E/CC/Cgp3O1esaLGABPF2AABTapU-prU755.png","financeStage":"初创型(天使轮)","industryField":"移动互联网,广告营销","jobNature":"全职","approve":1,"companySize":"15-50人","district":"海淀区","companyLabelList":["年底双薪","股票期权","带薪年假","扁平管理"],"adWord":0,"appShow":0,"deliver":0,"formatCreateTime":"2016-08-18","gradeDescription":null,"companyFullName":"北京闪萌科技有限公司","businessZones":["西二旗","龙泽","回龙观"],"imState":"today","lastLogin":1472577521000,"publisherId":2669321,"explain":null,"plus":null,"pcShow":0},{"companyId":16417,"companyShortName":"酷云互动","createTime":"2016-08-18 10:25:56","positionId":1041766,"positionAdvantage":"六险一金 13薪 绩效奖金 任性假期","salary":"15k-27k","score":0,"workYear":"5-10年","education":"大专","city":"北京","positionName":"Android开发工程师","companyLogo":"image1/M00/00/1F/CgYXBlTUWGmANAlIAAB8p0wxlD4049.png","financeStage":"成长型(B轮)","industryField":"数据服务,广告营销","jobNature":"全职","approve":1,"companySize":"150-500人","district":"东城区","companyLabelList":["技能培训","节日礼物","年度旅游","丰盛的早午餐"],"adWord":0,"appShow":0,"deliver":0,"formatCreateTime":"2016-08-18","gradeDescription":null,"companyFullName":"北京酷云互动科技有限公司","businessZones":null,"imState":"today","lastLogin":1472552889000,"publisherId":388228,"explain":null,"plus":null,"pcShow":0},{"companyId":48536,"companyShortName":"赛芒（北京）","createTime":"2016-08-18 09:57:51","positionId":1494284,"positionAdvantage":"五险一金，车补饭补，弹性工作，股权激励","salary":"8k-15k","score":0,"workYear":"1-3年","education":"本科","city":"北京","positionName":"Android","companyLogo":"images/logo_default.png","financeStage":"初创型(未融资)","industryField":"移动互联网,电子商务","jobNature":"全职","approve":0,"companySize":"15-50人","district":"海淀区","companyLabelList":["绩效奖金","扁平管理","五险一金","弹性工作"],"adWord":0,"appShow":0,"deliver":0,"formatCreateTime":"2016-08-18","gradeDescription":null,"companyFullName":"赛芒（北京）信息技术有限公司","businessZones":["清华大学","五道口","北京大学"],"imState":"disabled","lastLogin":1472195636000,"publisherId":946749,"explain":null,"plus":null,"pcShow":0},{"companyId":137285,"companyShortName":"华医互联","createTime":"2016-08-18 09:20:33","positionId":2175443,"positionAdvantage":"五险一金,优秀团队,俊男靓女,假日福利","salary":"5k-10k","score":0,"workYear":"1-3年","education":"本科","city":"北京","positionName":"Android","companyLogo":"i/image/M00/40/D8/CgqKkVd7cDKAdoQnAABeyK8aRTw344.jpg","financeStage":"初创型(不需要融资)","industryField":"移动互联网","jobNature":"全职","approve":0,"companySize":"15-50人","district":"海淀区","companyLabelList":null,"adWord":0,"appShow":0,"deliver":0,"formatCreateTime":"2016-08-18","gradeDescription":null,"companyFullName":"北京华医互联科技有限公司","businessZones":["上地","马连洼","西二旗"],"imState":"disabled","lastLogin":1471402551000,"publisherId":5786109,"explain":null,"plus":null,"pcShow":0},{"companyId":37446,"companyShortName":"APUS Group","createTime":"2016-08-17 20:58:40","positionId":2253753,"positionAdvantage":"五险一金，股票期权，扁平管理，团建丰富","salary":"20k-35k","score":0,"workYear":"3-5年","education":"本科","city":"北京","positionName":"Android高级研发工程师","companyLogo":"i/image/M00/07/29/Cgp3O1bNqgmAYsxmAAAbczUqngM394.png","financeStage":"成长型(B轮)","industryField":"移动互联网","jobNature":"全职","approve":1,"companySize":"50-150人","district":"朝阳区","companyLabelList":["技能培训","节日礼物","丰富的团建","扁平管理"],"adWord":0,"appShow":0,"deliver":0,"formatCreateTime":"2016-08-17","gradeDescription":null,"companyFullName":"北京麒麟合盛科技有限公司","businessZones":["望京","大山子","花家地"],"imState":"threeDays","lastLogin":1472437039000,"publisherId":665090,"explain":null,"plus":null,"pcShow":0},{"companyId":61871,"companyShortName":"阅客公司—唔哩","createTime":"2016-08-17 20:58:36","positionId":2253752,"positionAdvantage":"六险一金 弹性工作","salary":"18k-30k","score":0,"workYear":"3-5年","education":"本科","city":"北京","positionName":"Android 开发工程师","companyLogo":"i/image/M00/34/B4/CgqKkVdWadCAMWouAAARTNoHgCM705.png","financeStage":"成长型(A轮)","industryField":"移动互联网","jobNature":"全职","approve":1,"companySize":"50-150人","district":"朝阳区","companyLabelList":["节日礼物","免费班车","股票期权","带薪年假"],"adWord":0,"appShow":0,"deliver":0,"formatCreateTime":"2016-08-17","gradeDescription":null,"companyFullName":"上海阅客信息科技有限公司","businessZones":["亮马桥","三元桥","燕莎"],"imState":"disabled","lastLogin":1472541561000,"publisherId":1825560,"explain":null,"plus":null,"pcShow":0},{"companyId":122072,"companyShortName":"悉见科技","createTime":"2016-08-17 18:00:16","positionId":2185095,"positionAdvantage":"黑科技 美国工作机会，五险一金 帅哥美女","salary":"15k-25k","score":0,"workYear":"1-3年","education":"本科","city":"北京","positionName":"Linux/Android 驱动开发工程师","companyLogo":"i/image/M00/50/8A/CgqKkVe0J0mAai1tAAAEocz0QLQ857.png","financeStage":"初创型(天使轮)","industryField":"移动互联网,硬件","jobNature":"全职","approve":0,"companySize":"15-50人","district":"海淀区","companyLabelList":["股票期权","带薪年假","年终分红","绩效奖金"],"adWord":0,"appShow":0,"deliver":0,"formatCreateTime":"2016-08-17","gradeDescription":null,"companyFullName":"北京悉见科技有限公司","businessZones":["西二旗","龙泽","回龙观"],"imState":"today","lastLogin":1472568162000,"publisherId":4670832,"explain":null,"plus":null,"pcShow":0},{"companyId":20137,"companyShortName":"NGEMobi","createTime":"2016-08-17 17:57:18","positionId":1790328,"positionAdvantage":"团队大牛 薪酬优厚 五险一金 定期团建","salary":"8k-15k","score":0,"workYear":"1-3年","education":"本科","city":"北京","positionName":"Android开发工程师","companyLogo":"image2/M00/09/8A/CgpzWlYJ-YmATJzEAAAMaQ6TsCw376.jpg","financeStage":"成长型(B轮)","industryField":"移动互联网,游戏","jobNature":"全职","approve":0,"companySize":"50-150人","district":"朝阳区","companyLabelList":["节日礼物","技能培训","股票期权","岗位晋升"],"adWord":0,"appShow":0,"deliver":0,"formatCreateTime":"2016-08-17","gradeDescription":null,"companyFullName":"深圳市新银河技术有限公司","businessZones":["望京","大山子","花家地"],"imState":"today","lastLogin":1472527469000,"publisherId":830765,"explain":null,"plus":null,"pcShow":0},{"companyId":534,"companyShortName":"京东金融","createTime":"2016-08-17 17:56:41","positionId":1259804,"positionAdvantage":"良好的互联网行业发展前景，优厚的薪酬福利","salary":"15k-30k","score":0,"workYear":"3-5年","education":"本科","city":"北京","positionName":"Android高级工程师-移动研发部","companyLogo":"i/image/M00/27/AB/CgqKkVcoggeATC36AABg5cLaGcs502.PNG","financeStage":"上市公司","industryField":"金融","jobNature":"全职","approve":1,"companySize":"2000人以上","district":"大兴区","companyLabelList":["供应链金融","消费金融","众筹业务","支付业务"],"adWord":0,"appShow":0,"deliver":0,"formatCreateTime":"2016-08-17","gradeDescription":null,"companyFullName":"京东金融","businessZones":null,"imState":"disabled","lastLogin":1472558274000,"publisherId":2474368,"explain":null,"plus":null,"pcShow":0},{"companyId":23594,"companyShortName":"及时星标识","createTime":"2016-08-17 17:49:44","positionId":2253042,"positionAdvantage":"多米音乐","salary":"10k-15k","score":0,"workYear":"1-3年","education":"本科","city":"北京","positionName":"Android开发工程师","companyLogo":"i/image/M00/50/8D/CgqKkVe0LrOAKIBGAAAXPbSgW4I152.jpg","financeStage":"成熟型(C轮)","industryField":"移动互联网","jobNature":"全职","approve":1,"companySize":"50-150人","district":"朝阳区","companyLabelList":["绩效奖金 ","股票期权 ","年底双薪 ","五险一金 "],"adWord":0,"appShow":0,"deliver":0,"formatCreateTime":"2016-08-17","gradeDescription":null,"companyFullName":"北京彩云在线技术开发有限公司","businessZones":["大望路","华贸","四惠"],"imState":"disabled","lastLogin":1471933918000,"publisherId":5935422,"explain":null,"plus":null,"pcShow":0},{"companyId":144427,"companyShortName":"星颂（上海）文化传播有限公司","createTime":"2016-08-17 17:25:53","positionId":2252809,"positionAdvantage":"薪资open ，上升空间大","salary":"15k-20k","score":0,"workYear":"3-5年","education":"本科","city":"北京","positionName":"Android技术工程师","companyLogo":"i/image/M00/50/88/Cgp3O1e0JNyAD7b7AAAOODFSCW0858.jpg","financeStage":"初创型(未融资)","industryField":"移动互联网,O2O","jobNature":"全职","approve":0,"companySize":"50-150人","district":"朝阳区","companyLabelList":["年底双薪","交通补助","午餐补助","带薪年假"],"adWord":0,"appShow":0,"deliver":0,"formatCreateTime":"2016-08-17","gradeDescription":null,"companyFullName":"北京海韵盛欣网络科技有限责任公司","businessZones":["北苑","立水桥"],"imState":"today","lastLogin":1472554614000,"publisherId":5932051,"explain":null,"plus":null,"pcShow":0},{"companyId":132800,"companyShortName":"瑞卓喜投","createTime":"2016-08-17 17:19:02","positionId":1956282,"positionAdvantage":"五险一金，带薪年假，弹性工作，餐补话补","salary":"20k-30k","score":0,"workYear":"3-5年","education":"大专","city":"北京","positionName":"安卓高级软件开发工程师","companyLogo":"i/image/M00/33/1D/CgqKkVdQ1jqABmRHAAAUzcNjjdo270.jpg","financeStage":"成长型(A轮)","industryField":"移动互联网,电子商务","jobNature":"全职","approve":0,"companySize":"50-150人","district":"朝阳区","companyLabelList":null,"adWord":0,"appShow":0,"deliver":0,"formatCreateTime":"2016-08-17","gradeDescription":null,"companyFullName":"北京瑞卓喜投科技发展有限公司","businessZones":["大望路","华贸","红庙"],"imState":"threeDays","lastLogin":1472396441000,"publisherId":5248394,"explain":null,"plus":null,"pcShow":0},{"companyId":3450,"companyShortName":"北京捷越联合","createTime":"2016-08-17 17:07:46","positionId":1796199,"positionAdvantage":"六险一金 弹性工作 年终奖 绩效奖金","salary":"15k-25k","score":0,"workYear":"5-10年","education":"大专","city":"北京","positionName":"高级Android开发工程师","companyLogo":"image1/M00/00/09/CgYXBlTUWBKAOr5hAACxUg3QoJc703.png","financeStage":"成熟型(不需要融资)","industryField":"金融","jobNature":"全职","approve":1,"companySize":"2000人以上","district":"东城区","companyLabelList":["技能培训","节日礼物","岗位晋升","扁平管理"],"adWord":0,"appShow":0,"deliver":0,"formatCreateTime":"2016-08-17","gradeDescription":null,"companyFullName":"北京捷越联合信息咨询有限公司","businessZones":["朝阳门","朝外","东四"],"imState":"disabled","lastLogin":1472551039000,"publisherId":3397394,"explain":null,"plus":null,"pcShow":0}]}},"code":0}