{"resubmitToken":null,"success":true,"requestId":null,"msg":null,"content":{"pageNo":48,"pageSize":15,"positionResult":{"totalCount":8899,"resultSize":15,"locationInfo":{"city":"北京","district":null,"queryByGisCode":false,"businessZone":null,"locationCode":null},"queryAnalysisInfo":{"positionName":"android","companyName":null,"industryName":null,"usefulCompany":false},"strategyProperty":{"name":"dm-csearch-newSimScorer","id":1},"result":[{"companyFullName":"锤子科技（北京）有限公司","adWord":0,"companyId":26557,"formatCreateTime":"2016-08-23","businessZones":["大山子","酒仙桥"],"imState":"disabled","lastLogin":1472466981000,"positionId":1917930,"industryField":"移动互联网,硬件","education":"不限","workYear":"3-5年","city":"北京","positionAdvantage":"机会多，发展空间好","createTime":"2016-08-23 19:14:23","salary":"15k-30k","positionName":"Android应用开发工程师","companySize":"500-2000人","companyShortName":"锤子科技","companyLogo":"image1/M00/00/38/Cgo8PFTUXKOAawFOAABP7S6RhTs199.png","financeStage":"成长型(B轮)","approve":1,"jobNature":"全职","companyLabelList":["绩效奖金","年底双薪","五险一金","带薪年假"],"district":"朝阳区","score":0,"publisherId":430141,"explain":null,"plus":null,"pcShow":0,"appShow":0,"deliver":0,"gradeDescription":null},{"companyFullName":"北京云图微动科技有限公司","adWord":0,"companyId":25440,"formatCreateTime":"2016-08-23","businessZones":null,"imState":"today","lastLogin":1472538088000,"positionId":1976077,"industryField":"移动互联网,广告营销","education":"本科","workYear":"1-3年","city":"北京","positionAdvantage":"14薪；餐补；体检；水果零食；国外旅行","createTime":"2016-08-23 18:55:58","salary":"10k-20k","positionName":"Android开发工程师","companySize":"50-150人","companyShortName":"北京云图微动科技有限公司","companyLogo":"image1/M00/00/35/CgYXBlTUXJWAd5rjAACUoTxxHWg339.png","financeStage":"成长型(A轮)","approve":1,"jobNature":"全职","companyLabelList":["带薪年假","定期体检","水果零食","年终奖"],"district":null,"score":0,"publisherId":2437196,"explain":null,"plus":null,"pcShow":0,"appShow":0,"deliver":0,"gradeDescription":null},{"companyFullName":"北京云江科技有限公司","adWord":0,"companyId":25027,"formatCreateTime":"2016-08-23","businessZones":null,"imState":"today","lastLogin":1472585491000,"positionId":2277559,"industryField":"移动互联网,教育","education":"本科","workYear":"不限","city":"北京","positionAdvantage":"创业氛围 高薪期权 九险一金 各大福利","createTime":"2016-08-23 16:32:00","salary":"15k-30k","positionName":"Android开发-架构级别","companySize":"50-150人","companyShortName":"阿凡题","companyLogo":"image1/M00/00/33/CgYXBlTUXJCAUBFJAAB1jD-5v4Q554.png","financeStage":"成长型(B轮)","approve":1,"jobNature":"全职","companyLabelList":["节日礼物","股票期权","民主公平","带薪年假"],"district":null,"score":0,"publisherId":298195,"explain":null,"plus":null,"pcShow":0,"appShow":0,"deliver":0,"gradeDescription":null},{"companyFullName":"精艺游美（北京）网络科技有限公司","adWord":0,"companyId":129756,"formatCreateTime":"2016-08-23","businessZones":["西北旺"],"imState":"today","lastLogin":1472545613000,"positionId":2277499,"industryField":"文化娱乐,社交网络","education":"大专","workYear":"1-3年","city":"北京","positionAdvantage":"免费零食，五险一金，弹性工作时间，","createTime":"2016-08-23 16:26:28","salary":"15k-17k","positionName":"Android","companySize":"15-50人","companyShortName":"龙珠秀场","companyLogo":"i/image/M00/2C/5B/Cgp3O1c5RteAPLBSAAAbVTxkksQ107.jpg","financeStage":"初创型(不需要融资)","approve":0,"jobNature":"全职","companyLabelList":["带薪年假","午餐补助","绩效奖金"],"district":"海淀区","score":0,"publisherId":5090937,"explain":null,"plus":null,"pcShow":0,"appShow":0,"deliver":0,"gradeDescription":null},{"companyFullName":"北京细刻网络科技有限公司","adWord":0,"companyId":56009,"formatCreateTime":"2016-08-23","businessZones":null,"imState":"threeDays","lastLogin":1472469292000,"positionId":1875495,"industryField":"移动互联网,电子商务","education":"大专","workYear":"3-5年","city":"北京","positionAdvantage":"跨境电商 发展迅速 领导nice","createTime":"2016-08-23 16:14:33","salary":"25k-40k","positionName":"Android技术经理","companySize":"150-500人","companyShortName":"细刻科技","companyLogo":"image1/M00/15/49/Cgo8PFUKOdOANXdyAABbAw0CYG8584.jpg","financeStage":"成长型(A轮)","approve":1,"jobNature":"全职","companyLabelList":["带薪年假","管理规范","帅哥多","五险一金"],"district":null,"score":0,"publisherId":1408848,"explain":null,"plus":null,"pcShow":0,"appShow":0,"deliver":0,"gradeDescription":null},{"companyFullName":"北京艾梦迪企业管理中心（有限合伙）","adWord":0,"companyId":113714,"formatCreateTime":"2016-08-23","businessZones":["海运仓","东直门","东四"],"imState":"today","lastLogin":1472546512000,"positionId":2277369,"industryField":"硬件,移动互联网","education":"本科","workYear":"不限","city":"北京","positionAdvantage":"五险一金,绩效奖金,弹性工作,餐饮补贴","createTime":"2016-08-23 16:14:19","salary":"8k-15k","positionName":"Android开发工程师-00020","companySize":"50-150人","companyShortName":"天使音乐教育集团","companyLogo":"i/image/M00/25/39/CgqKkVcd8X6APxzDAABDnpTobUM531.jpg","financeStage":"成长型(A轮)","approve":0,"jobNature":"全职","companyLabelList":["年底双薪","带薪年假","午餐补助","股票期权"],"district":"东城区","score":0,"publisherId":1608963,"explain":null,"plus":null,"pcShow":0,"appShow":0,"deliver":0,"gradeDescription":null},{"companyFullName":"心韵恒安医疗科技（北京）有限公司","adWord":0,"companyId":136354,"formatCreateTime":"2016-08-23","businessZones":null,"imState":"today","lastLogin":1472549157000,"positionId":2168490,"industryField":"医疗健康","education":"本科","workYear":"3-5年","city":"北京","positionAdvantage":"五险一金，餐补","createTime":"2016-08-23 16:04:04","salary":"10k-18k","positionName":"Android研发工程师","companySize":"15-50人","companyShortName":"心韵恒安","companyLogo":"i/image/M00/3D/92/Cgp3O1dyTlKAUlX3AACp4eI1W1c129.png","financeStage":"初创型(天使轮)","approve":0,"jobNature":"全职","companyLabelList":null,"district":"海淀区","score":0,"publisherId":5487387,"explain":null,"plus":null,"pcShow":0,"appShow":0,"deliver":0,"gradeDescription":null},{"companyFullName":"上海姚记悠彩网络科技有限公司","adWord":0,"companyId":45286,"formatCreateTime":"2016-08-23","businessZones":["来广营","望京"],"imState":"today","lastLogin":1472517848000,"positionId":2277223,"industryField":"移动互联网","education":"大专","workYear":"不限","city":"北京","positionAdvantage":"上市集团投资公司","createTime":"2016-08-23 15:59:05","salary":"3k-4k","positionName":"Android实习生","companySize":"150-500人","companyShortName":"姚记悠彩","companyLogo":"image1/M00/00/73/CgYXBlTUXZyAcpGoAADqVEHBReI552.png","financeStage":"成长型(B轮)","approve":1,"jobNature":"实习","companyLabelList":["技能培训","节日礼物","绩效奖金","岗位晋升"],"district":"朝阳区","score":0,"publisherId":869447,"explain":null,"plus":null,"pcShow":0,"appShow":0,"deliver":0,"gradeDescription":null},{"companyFullName":"清流（北京）投资咨询有限公司","adWord":0,"companyId":84697,"formatCreateTime":"2016-08-23","businessZones":["望京","大山子","花家地"],"imState":"disabled","lastLogin":1472108662000,"positionId":1995199,"industryField":"移动互联网,金融","education":"本科","workYear":"3-5年","city":"北京","positionAdvantage":"清流资本被投企业，创业维艰，一起奋斗吧","createTime":"2016-08-23 15:57:10","salary":"20k-40k","positionName":"技术类（后台Java/PHP/Python+前端+iOS/Android）","companySize":"少于15人","companyShortName":"清流资本","companyLogo":"image1/M00/3F/A8/Cgo8PFXBbGKAPdhnAAATkDpxBNc871.jpg","financeStage":"初创型(不需要融资)","approve":0,"jobNature":"全职","companyLabelList":["节日礼物","股票期权","发展空间好","扁平管理"],"district":"朝阳区","score":0,"publisherId":2167539,"explain":null,"plus":null,"pcShow":0,"appShow":0,"deliver":0,"gradeDescription":null},{"companyFullName":"北京小米科技有限责任公司","adWord":0,"companyId":520,"formatCreateTime":"2016-08-23","businessZones":null,"imState":"disabled","lastLogin":1471955888000,"positionId":1881017,"industryField":"移动互联网","education":"本科","workYear":"1-3年","city":"北京","positionAdvantage":"丰厚的现金 期权","createTime":"2016-08-23 15:33:01","salary":"18k-36k","positionName":"Android 工程师","companySize":"2000人以上","companyShortName":"小米","companyLogo":"image1/M00/00/03/CgYXBlTUV_uAY85GAAAVtFKXIv8322.jpg","financeStage":"成熟型(D轮及以上)","approve":1,"jobNature":"全职","companyLabelList":["快速成长","免费班车","扁平管理","技能培训"],"district":null,"score":0,"publisherId":265601,"explain":null,"plus":null,"pcShow":0,"appShow":0,"deliver":0,"gradeDescription":null},{"companyFullName":"北京智能管家科技有限公司","adWord":0,"companyId":50604,"formatCreateTime":"2016-08-23","businessZones":["立水桥"],"imState":"today","lastLogin":1472549584000,"positionId":1650891,"industryField":"硬件","education":"本科","workYear":"3-5年","city":"北京","positionAdvantage":"优秀团队、期权奖励、升职空间","createTime":"2016-08-23 15:19:56","salary":"15k-30k","positionName":"Android UI研发工程师","companySize":"150-500人","companyShortName":"roobo","companyLogo":"image1/M00/15/5F/Cgo8PFUKWS-AX_i9AAAzuotizOM181.png","financeStage":"成长型(A轮)","approve":1,"jobNature":"全职","companyLabelList":["年底双薪","节日礼物","技能培训","年度旅游"],"district":"朝阳区","score":0,"publisherId":989716,"explain":null,"plus":null,"pcShow":0,"appShow":0,"deliver":0,"gradeDescription":null},{"companyFullName":"北京聚娱科技有限公司","adWord":0,"companyId":128686,"formatCreateTime":"2016-08-23","businessZones":["芍药居","太阳宫","对外经贸"],"imState":"sevenDays","lastLogin":1472205952000,"positionId":1798463,"industryField":"移动互联网,社交网络","education":"本科","workYear":"3-5年","city":"北京","positionAdvantage":"良好的工作团队，舒适的办公环境！","createTime":"2016-08-23 14:58:21","salary":"18k-20k","positionName":"安卓前端工程师","companySize":"少于15人","companyShortName":"聚娱","companyLogo":"i/image/M00/29/95/Cgp3O1cwIA2AUrRoAAA-hMfSZ64890.jpg","financeStage":"初创型(天使轮)","approve":0,"jobNature":"全职","companyLabelList":null,"district":"朝阳区","score":0,"publisherId":4956152,"explain":null,"plus":null,"pcShow":0,"appShow":0,"deliver":0,"gradeDescription":null},{"companyFullName":"SPI阳光动力互联网公司","adWord":0,"companyId":51234,"formatCreateTime":"2016-08-23","businessZones":["建外大街","CBD","建国门"],"imState":"disabled","lastLogin":1472541072000,"positionId":1798259,"industryField":"金融","education":"大专","workYear":"5-10年","city":"北京","positionAdvantage":"五险一金、带薪年假、年底双薪、股票期权","createTime":"2016-08-23 14:39:07","salary":"15k-25k","positionName":"Android","companySize":"500-2000人","companyShortName":"SPI绿能宝","companyLogo":"i/image/M00/40/00/Cgp3O1d52r6AbZ1AAAAZQV-1b_o889.jpg","financeStage":"上市公司","approve":0,"jobNature":"全职","companyLabelList":["节日礼物","技能培训","带薪年假","绩效奖金"],"district":"朝阳区","score":0,"publisherId":1002096,"explain":null,"plus":null,"pcShow":0,"appShow":0,"deliver":0,"gradeDescription":null},{"companyFullName":"缤刻普锐（北京）科技有限责任公司","adWord":0,"companyId":968,"formatCreateTime":"2016-08-23","businessZones":["德胜门","新街口","小西天"],"imState":"today","lastLogin":1472549411000,"positionId":1887102,"industryField":"移动互联网","education":"本科","workYear":"1-3年","city":"北京","positionAdvantage":"来，在健康领域做健康的事","createTime":"2016-08-23 14:38:23","salary":"13k-25k","positionName":"Android开发工程师","companySize":"50-150人","companyShortName":"有品 PICOOC","companyLogo":"i/image/M00/00/21/Cgp3O1Yt2LyABF1tAAAJUhzkjSM894.jpg","financeStage":"成长型(B轮)","approve":1,"jobNature":"全职","companyLabelList":["年底双薪","股票期权","绩效奖金","带薪年假"],"district":"西城区","score":0,"publisherId":41758,"explain":null,"plus":null,"pcShow":0,"appShow":0,"deliver":0,"gradeDescription":null},{"companyFullName":"北京搜房网络技术有限公司","adWord":0,"companyId":21372,"formatCreateTime":"2016-08-23","businessZones":["世界公园","科技园区","看丹桥"],"imState":"today","lastLogin":1472547738000,"positionId":226495,"industryField":"生活服务","education":"本科","workYear":"不限","city":"北京","positionAdvantage":"带薪年假，五险一金，年度旅游","createTime":"2016-08-23 14:03:57","salary":"8k-15k","positionName":"Android","companySize":"2000人以上","companyShortName":"搜房网","companyLogo":"i/image/M00/2B/18/CgqKkVcz85aAUyt4AAAnh1HgHtQ724.jpg","financeStage":"上市公司","approve":1,"jobNature":"全职","companyLabelList":["股票期权","带薪年假","绩效奖金","午餐补助"],"district":"丰台区","score":0,"publisherId":604339,"explain":null,"plus":null,"pcShow":0,"appShow":0,"deliver":0,"gradeDescription":null}]}},"code":0}