{"msg":null,"success":true,"requestId":null,"resubmitToken":null,"content":{"pageNo":26,"pageSize":15,"positionResult":{"queryAnalysisInfo":{"industryName":null,"usefulCompany":false,"positionName":"android","companyName":null},"strategyProperty":{"name":"dm-csearch-newSimScorer","id":1},"totalCount":8899,"resultSize":15,"locationInfo":{"businessZone":null,"locationCode":null,"queryByGisCode":false,"city":"北京","district":null},"result":[{"companyId":114110,"explain":null,"plus":null,"pcShow":0,"appShow":0,"deliver":0,"gradeDescription":null,"businessZones":["石佛营","姚家园","十里堡"],"imState":"disabled","lastLogin":1472543966000,"publisherId":987253,"positionName":"乐视网Android开发工程师","workYear":"1-3年","education":"本科","jobNature":"全职","positionId":1341338,"createTime":"2016-08-27 19:05:05","city":"北京","companyLogo":"i/image/M00/04/2B/Cgp3O1bGwzWAEAB4AAAbnMQCudk783.jpg","industryField":"移动互联网","positionAdvantage":"有班车，重视技术交流与分享，海外出差","salary":"10k以上","companySize":"2000人以上","approve":1,"financeStage":"上市公司","companyLabelList":["股票期权","交通补助","通讯津贴","带薪年假"],"district":"朝阳区","companyShortName":"乐视","score":0,"formatCreateTime":"3天前发布","companyFullName":"乐视网信息技术（北京）股份有限公司","adWord":0},{"companyId":134410,"explain":null,"plus":null,"pcShow":0,"appShow":0,"deliver":0,"gradeDescription":null,"businessZones":null,"imState":"sevenDays","lastLogin":1472201535000,"publisherId":5351698,"positionName":"Android开发工程师","workYear":"1-3年","education":"本科","jobNature":"全职","positionId":2208722,"createTime":"2016-08-26 16:54:02","city":"北京","companyLogo":"i/image/M00/37/48/CgqKkVdf1OSAYOD0AAAXo1Fe0DI969.jpg","industryField":"文化娱乐,广告营销","positionAdvantage":"周末双休 弹性工作时间 五险一金 各种福利","salary":"20k-35k","companySize":"50-150人","approve":0,"financeStage":"成长型(B轮)","companyLabelList":null,"district":"朝阳区","companyShortName":"海盛格文化","score":0,"formatCreateTime":"2016-08-26","companyFullName":"上海海盛格文化有限公司","adWord":0},{"companyId":22596,"explain":null,"plus":null,"pcShow":0,"appShow":0,"deliver":0,"gradeDescription":null,"businessZones":["知春路","双榆树","大钟寺"],"imState":"today","lastLogin":1472577488000,"publisherId":1838566,"positionName":"高级Android开发工程师","workYear":"3-5年","education":"本科","jobNature":"全职","positionId":803393,"createTime":"2016-08-26 16:26:12","city":"北京","companyLogo":"image1/M00/43/C6/Cgo8PFXS1LOATX3fAAAPhvurXUk055.png","industryField":"移动互联网","positionAdvantage":"国际化产品，海量用户，极具挑战","salary":"15k-30k","companySize":"50-150人","approve":1,"financeStage":"成长型(A轮)","companyLabelList":["股票期权","年度旅游","移动社交","五险一金"],"district":"海淀区","companyShortName":"MICO","score":0,"formatCreateTime":"2016-08-26","companyFullName":"北京米可世界科技有限公司","adWord":0},{"companyId":145731,"explain":null,"plus":null,"pcShow":0,"appShow":0,"deliver":0,"gradeDescription":null,"businessZones":["高碑店","定福庄","管庄"],"imState":"today","lastLogin":1472518756000,"publisherId":5952722,"positionName":"Android","workYear":"3-5年","education":"本科","jobNature":"全职","positionId":2293986,"createTime":"2016-08-26 16:00:13","city":"北京","companyLogo":"i/image/M00/53/BD/CgqKkVe_6uaAenXDAACjYJ8QWS4545.JPG","industryField":"生活服务,其他","positionAdvantage":"福利待遇好,管吃住,年终奖,薪资面议","salary":"15k-25k","companySize":"15-50人","approve":0,"financeStage":"上市公司","companyLabelList":null,"district":"朝阳区","companyShortName":"北京天天顺","score":0,"formatCreateTime":"2016-08-26","companyFullName":"北京天天顺科技发展有限公司","adWord":0},{"companyId":116526,"explain":null,"plus":null,"pcShow":0,"appShow":0,"deliver":0,"gradeDescription":null,"businessZones":null,"imState":"disabled","lastLogin":1472522350000,"publisherId":4145641,"positionName":"Android","workYear":"1-3年","education":"本科","jobNature":"全职","positionId":1636927,"createTime":"2016-08-26 15:29:58","city":"北京","companyLogo":"i/image/M00/08/60/CgqKkVbP5waAProWAAAnm1NZZuk799.png","industryField":"移动互联网,医疗健康","positionAdvantage":"晋升机制好，待遇优，美女老板","salary":"10k-15k","companySize":"150-500人","approve":0,"financeStage":"初创型(未融资)","companyLabelList":["带薪年假","午餐补助","免费班车","领导好"],"district":"大兴区","companyShortName":"EIT","score":0,"formatCreateTime":"2016-08-26","companyFullName":"安华亿能医疗影像科技（北京）有限公司","adWord":0},{"companyId":122524,"explain":null,"plus":null,"pcShow":0,"appShow":0,"deliver":0,"gradeDescription":null,"businessZones":["大望路","百子湾","双井"],"imState":"today","lastLogin":1472551291000,"publisherId":4631682,"positionName":"诚聘Android软件开发工程师","workYear":"3-5年","education":"大专","jobNature":"全职","positionId":1995806,"createTime":"2016-08-26 15:10:58","city":"北京","companyLogo":"i/image/M00/1B/13/CgqKkVb7m2iAMN6YAAA7O4yVoZQ663.png","industryField":"移动互联网","positionAdvantage":"六险一金周末双休内部晋升年底双薪","salary":"15k-20k","companySize":"150-500人","approve":0,"financeStage":"成长型(A轮)","companyLabelList":null,"district":"朝阳区","companyShortName":"嗖嗖","score":0,"formatCreateTime":"2016-08-26","companyFullName":"北京福得利企业管理服务有限公司","adWord":0},{"companyId":7001,"explain":null,"plus":null,"pcShow":0,"appShow":0,"deliver":0,"gradeDescription":null,"businessZones":["亚运村","奥运村","大屯"],"imState":"today","lastLogin":1472544128000,"publisherId":77408,"positionName":"Android高级安全开发工程师","workYear":"5-10年","education":"本科","jobNature":"全职","positionId":2131680,"createTime":"2016-08-26 15:06:03","city":"北京","companyLogo":"i/image/M00/31/F0/Cgp3O1dM9j-AFqkXAAA4fknnR5k098.jpg","industryField":"移动互联网","positionAdvantage":"六险一金、弹性工作、股票期权、定期体检","salary":"15k-30k","companySize":"50-150人","approve":1,"financeStage":"成长型(A轮)","companyLabelList":["绩效奖金","股票期权","专项奖金","定期体检"],"district":"朝阳区","companyShortName":"指掌易","score":0,"formatCreateTime":"2016-08-26","companyFullName":"北京指掌易科技有限公司","adWord":0},{"companyId":250,"explain":null,"plus":null,"pcShow":0,"appShow":0,"deliver":0,"gradeDescription":null,"businessZones":["上地","马连洼","西二旗"],"imState":"today","lastLogin":1472562974000,"publisherId":1569243,"positionName":"Android兼职布道师","workYear":"3-5年","education":"不限","jobNature":"兼职","positionId":2293480,"createTime":"2016-08-26 14:49:46","city":"北京","companyLogo":"image1/M00/16/BE/Cgo8PFUPkIaAPwLBAABWOrJqLZ4007.jpg","industryField":"移动互联网","positionAdvantage":"工作灵活 待遇丰厚","salary":"4k-6k","companySize":"50-150人","approve":1,"financeStage":"成长型(B轮)","companyLabelList":["节日礼物","技能培训","MAC办公","免费体检"],"district":"海淀区","companyShortName":"极客学院","score":0,"formatCreateTime":"2016-08-26","companyFullName":"北京易联致远无线技术有限公司（EOE-最大的android社区）","adWord":0},{"companyId":50702,"explain":null,"plus":null,"pcShow":0,"appShow":0,"deliver":0,"gradeDescription":null,"businessZones":["大山子","花家地"],"imState":"disabled","lastLogin":1472520955000,"publisherId":5628203,"positionName":"高级 Android 开发工程师","workYear":"5-10年","education":"本科","jobNature":"全职","positionId":2089850,"createTime":"2016-08-26 14:39:56","city":"北京","companyLogo":"i/image/M00/4B/6C/CgqKkVefHv-AFoRzAAAuALF7ZZ0419.png","industryField":"移动互联网,O2O","positionAdvantage":"期权","salary":"20k-40k","companySize":"2000人以上","approve":1,"financeStage":"成熟型(D轮及以上)","companyLabelList":["技能培训","绩效奖金","岗位晋升","领导好"],"district":"朝阳区","companyShortName":"美团点评","score":0,"formatCreateTime":"2016-08-26","companyFullName":"北京三快在线科技有限公司","adWord":0},{"companyId":36861,"explain":null,"plus":null,"pcShow":0,"appShow":0,"deliver":0,"gradeDescription":null,"businessZones":["五道口","中关村","清华大学"],"imState":"today","lastLogin":1472527403000,"publisherId":648659,"positionName":"Android","workYear":"3-5年","education":"本科","jobNature":"全职","positionId":2293221,"createTime":"2016-08-26 14:17:30","city":"北京","companyLogo":"i/image/M00/0A/C1/CgqKkVbVBOSAOrnhAACoBuCbge4386.jpg","industryField":"教育","positionAdvantage":"五险一金,带薪年假,免费零食,扁平管理","salary":"10k-20k","companySize":"15-50人","approve":0,"financeStage":"成长型(A轮)","companyLabelList":["股票期权","带薪年假","绩效奖金","岗位晋升"],"district":"海淀区","companyShortName":"好学网","score":0,"formatCreateTime":"2016-08-26","companyFullName":"精格网络科技（北京）有限公司","adWord":0},{"companyId":56698,"explain":null,"plus":null,"pcShow":0,"appShow":0,"deliver":0,"gradeDescription":null,"businessZones":["五道口","清华大学","中关村"],"imState":"today","lastLogin":1472554713000,"publisherId":2252143,"positionName":"Android工程师","workYear":"1-3年","education":"本科","jobNature":"全职","positionId":2228286,"createTime":"2016-08-26 14:12:10","city":"北京","companyLogo":"image1/M00/40/5C/Cgo8PFXDOKCAOnUeAABNmNKhwMo253.jpg","industryField":"移动互联网,电子商务","positionAdvantage":"平台发展好，薪资高，福利待遇高，地铁处","salary":"15k-30k","companySize":"150-500人","approve":1,"financeStage":"成长型(A轮)","companyLabelList":["技能培训","节日礼物","带薪年假","绩效奖金"],"district":"海淀区","companyShortName":"屏芯科技","score":0,"formatCreateTime":"2016-08-26","companyFullName":"北京屏芯科技有限公司","adWord":0},{"companyId":135389,"explain":null,"plus":null,"pcShow":0,"appShow":0,"deliver":0,"gradeDescription":null,"businessZones":null,"imState":"disabled","lastLogin":1472191726000,"publisherId":5406694,"positionName":"Android开发工程师","workYear":"3-5年","education":"本科","jobNature":"全职","positionId":2155015,"createTime":"2016-08-26 14:09:15","city":"北京","companyLogo":"i/image/M00/3A/CA/CgqKkVdqOFGAYkOTAACgh7defk4985.jpg","industryField":"移动互联网,游戏","positionAdvantage":"福利优厚","salary":"14k-18k","companySize":"15-50人","approve":0,"financeStage":"成长型(A轮)","companyLabelList":null,"district":null,"companyShortName":"猫眼视觉","score":0,"formatCreateTime":"2016-08-26","companyFullName":"北京猫眼视觉科技有限公司","adWord":0},{"companyId":50108,"explain":null,"plus":null,"pcShow":0,"appShow":0,"deliver":0,"gradeDescription":null,"businessZones":["上地","马连洼","西二旗"],"imState":"today","lastLogin":1472529496000,"publisherId":980938,"positionName":"Android","workYear":"1-3年","education":"不限","jobNature":"全职","positionId":418135,"createTime":"2016-08-26 13:48:54","city":"北京","companyLogo":"image1/M00/00/83/Cgo8PFTUXd-APRs-AAA9xw67zeU209.png","industryField":"移动互联网,社交网络","positionAdvantage":"精英团队、股票期权、完善福利、丰富奖金","salary":"7k-14k","companySize":"少于15人","approve":0,"financeStage":"初创型(天使轮)","companyLabelList":["年底双薪","技能培训","节日礼物","专项奖金"],"district":"海淀区","companyShortName":"机遇科技","score":0,"formatCreateTime":"2016-08-26","companyFullName":"北京机遇科技有限公司","adWord":0},{"companyId":113856,"explain":null,"plus":null,"pcShow":0,"appShow":0,"deliver":0,"gradeDescription":null,"businessZones":["上地","西二旗","马连洼"],"imState":"threeDays","lastLogin":1472464169000,"publisherId":5166530,"positionName":"Android研发工程师","workYear":"1-3年","education":"本科","jobNature":"全职","positionId":2221009,"createTime":"2016-08-26 13:41:57","city":"北京","companyLogo":"i/image/M00/4E/40/CgqKkVeqlb2AF8JlAAAktQnnu8U850.png","industryField":"移动互联网,教育","positionAdvantage":"职位空间大,期权激励,技术驱动","salary":"15k-30k","companySize":"150-500人","approve":0,"financeStage":"成长型(B轮)","companyLabelList":["股票期权","免费三餐","打车报销","14薪"],"district":"海淀区","companyShortName":"作业帮","score":0,"formatCreateTime":"2016-08-26","companyFullName":"小船出海教育科技（北京）有限公司","adWord":0},{"companyId":92122,"explain":null,"plus":null,"pcShow":0,"appShow":0,"deliver":0,"gradeDescription":null,"businessZones":["亮马桥","三元桥","燕莎"],"imState":"disabled","lastLogin":1472447033000,"publisherId":2381851,"positionName":"Android","workYear":"1-3年","education":"大专","jobNature":"全职","positionId":1041294,"createTime":"2016-08-26 13:37:02","city":"北京","companyLogo":"i/image/M00/32/F9/Cgp3O1dQBkSAWXTxAAAOx1Xnf50388.png","industryField":"移动互联网,社交网络","positionAdvantage":"有竞争力的薪酬、员工福利完善、晋升机会多","salary":"10k-16k","companySize":"15-50人","approve":0,"financeStage":"成长型(B轮)","companyLabelList":["年底双薪","股票期权","带薪年假","绩效奖金"],"district":"朝阳区","companyShortName":"笨笨乐园","score":0,"formatCreateTime":"2016-08-26","companyFullName":"上海添玺信息科技有限公司","adWord":0}]}},"code":0}