{"success":true,"requestId":null,"resubmitToken":null,"msg":null,"content":{"pageNo":34,"pageSize":15,"positionResult":{"resultSize":15,"totalCount":8899,"locationInfo":{"businessZone":null,"queryByGisCode":false,"locationCode":null,"city":"北京","district":null},"queryAnalysisInfo":{"industryName":null,"usefulCompany":false,"positionName":"android","companyName":null},"strategyProperty":{"name":"dm-csearch-newSimScorer","id":1},"result":[{"formatCreateTime":"2016-08-25","createTime":"2016-08-25 15:19:18","companyId":69870,"positionName":"4年Android开发工程师","education":"大专","city":"北京","positionId":2225365,"financeStage":"初创型(天使轮)","companyShortName":"GG助手","companyLogo":"i/image/M00/00/C7/CgqKkVZVa--AT6QqAACU4S5SBGw418.jpg","salary":"16k-18k","industryField":"移动互联网,游戏","district":null,"companyLabelList":["节日礼物","年度旅游","扁平管理","管理规范"],"positionAdvantage":"入职六险一金+nice氛围+高逼格技术大牛","jobNature":"全职","workYear":"3-5年","approve":1,"score":0,"companySize":"50-150人","businessZones":null,"imState":"today","lastLogin":1472535614000,"publisherId":1691107,"explain":null,"plus":null,"pcShow":0,"appShow":0,"deliver":0,"gradeDescription":null,"companyFullName":"北京悠扬互动科技有限公司","adWord":0},{"formatCreateTime":"2016-08-25","createTime":"2016-08-25 13:59:41","companyId":145544,"positionName":"Android","education":"本科","city":"北京","positionId":2287777,"financeStage":"初创型(天使轮)","companyShortName":"游尔机器人","companyLogo":"i/image/M00/53/55/Cgp3O1e-gfuAUim8AAApvbrjiMo726.jpg","salary":"15k-30k","industryField":"移动互联网","district":"海淀区","companyLabelList":null,"positionAdvantage":"发展前景好、福利待遇好、升值空间大","jobNature":"全职","workYear":"3-5年","approve":1,"score":0,"companySize":"15-50人","businessZones":["中关村","北京大学","五道口"],"imState":"disabled","lastLogin":1472464918000,"publisherId":5983778,"explain":null,"plus":null,"pcShow":0,"appShow":0,"deliver":0,"gradeDescription":null,"companyFullName":"游尔（北京）机器人科技股份有限公司","adWord":0},{"formatCreateTime":"2016-08-25","createTime":"2016-08-25 13:42:03","companyId":1686,"positionName":"Android Framework","education":"本科","city":"北京","positionId":1029755,"financeStage":"成熟型(D轮及以上)","companyShortName":"爱奇艺","companyLogo":"image1/M00/00/06/Cgo8PFTUWAaAbD7PAACAXTzCmiw113.jpg","salary":"20k-30k","industryField":"广告营销,文化娱乐","district":"海淀区","companyLabelList":["绩效奖金","五险一金","交通补助","带薪年假"],"positionAdvantage":"新项目 技术氛围 业务快速成长","jobNature":"全职","workYear":"5-10年","approve":1,"score":0,"companySize":"2000人以上","businessZones":["中关村","北京大学","苏州街"],"imState":"disabled","lastLogin":1472555139000,"publisherId":1363581,"explain":null,"plus":null,"pcShow":0,"appShow":0,"deliver":0,"gradeDescription":null,"companyFullName":"北京爱奇艺科技有限公司","adWord":0},{"formatCreateTime":"2016-08-25","createTime":"2016-08-25 13:41:07","companyId":59251,"positionName":"Android高级开发工程师","education":"本科","city":"北京","positionId":2133964,"financeStage":"成长型(B轮)","companyShortName":"映客直播","companyLogo":"i/image/M00/08/49/Cgp3O1bPycGAMj0hAAAgshBCvv4840.jpg","salary":"20k-30k","industryField":"移动互联网,文化娱乐","district":"朝阳区","companyLabelList":["年底双薪","专项奖金","股票期权","带薪年假"],"positionAdvantage":"AppStore总榜第一的\b手机直播App","jobNature":"全职","workYear":"3-5年","approve":1,"score":0,"companySize":"500-2000人","businessZones":["望京","大山子","花家地"],"imState":"today","lastLogin":1472559160000,"publisherId":1467174,"explain":null,"plus":null,"pcShow":0,"appShow":0,"deliver":0,"gradeDescription":null,"companyFullName":"北京蜜莱坞网络科技有限公司","adWord":0},{"formatCreateTime":"2016-08-25","createTime":"2016-08-25 13:30:43","companyId":79877,"positionName":"Android开发","education":"不限","city":"北京","positionId":929879,"financeStage":"成熟型(不需要融资)","companyShortName":"车联集团","companyLogo":"image1/M00/32/F2/CgYXBlWSF_iAOCz3AAANjfoAmds476.jpg?cc=0.10002768482081592","salary":"8k-15k","industryField":"移动互联网,O2O","district":"昌平区","companyLabelList":["年底双薪","股票期权","带薪年假","绩效奖金"],"positionAdvantage":"极具发展潜力的大型项目平台","jobNature":"全职","workYear":"1-3年","approve":0,"score":0,"companySize":"500-2000人","businessZones":null,"imState":"today","lastLogin":1472556100000,"publisherId":1653486,"explain":null,"plus":null,"pcShow":0,"appShow":0,"deliver":0,"gradeDescription":null,"companyFullName":"北京车联汇科技有限公司","adWord":0},{"formatCreateTime":"2016-08-25","createTime":"2016-08-25 13:26:28","companyId":50702,"positionName":"高级QA工程师/测试主管（Android/iOS应用测试）","education":"本科","city":"北京","positionId":1999847,"financeStage":"成熟型(D轮及以上)","companyShortName":"美团点评","companyLogo":"i/image/M00/4B/6C/CgqKkVefHv-AFoRzAAAuALF7ZZ0419.png","salary":"15k-30k","industryField":"移动互联网,O2O","district":null,"companyLabelList":["技能培训","绩效奖金","岗位晋升","领导好"],"positionAdvantage":"O2O，技术控","jobNature":"全职","workYear":"1-3年","approve":1,"score":0,"companySize":"2000人以上","businessZones":null,"imState":"today","lastLogin":1472576110000,"publisherId":1979411,"explain":null,"plus":null,"pcShow":0,"appShow":0,"deliver":0,"gradeDescription":null,"companyFullName":"北京三快在线科技有限公司","adWord":0},{"formatCreateTime":"2016-08-25","createTime":"2016-08-25 13:15:09","companyId":106474,"positionName":"Android高级（资深）工程师","education":"本科","city":"北京","positionId":1523076,"financeStage":"初创型(天使轮)","companyShortName":"谱思","companyLogo":"i/image/M00/3E/B7/CgqKkVd1D0yATHrBAAC2ODu0Rw8849.png","salary":"25k-40k","industryField":"移动互联网,社交网络","district":"海淀区","companyLabelList":["股票期权","五险一金","弹性工作","免费健身"],"positionAdvantage":"五险一金、弹性工作、免费健身、千万级用户","jobNature":"全职","workYear":"不限","approve":1,"score":0,"companySize":"15-50人","businessZones":null,"imState":"today","lastLogin":1472539560000,"publisherId":4043469,"explain":null,"plus":null,"pcShow":0,"appShow":0,"deliver":0,"gradeDescription":null,"companyFullName":"北京谱思科技有限公司","adWord":0},{"formatCreateTime":"2016-08-25","createTime":"2016-08-25 12:54:29","companyId":68545,"positionName":"Android开发工程师","education":"本科","city":"北京","positionId":2145535,"financeStage":"成长型(A轮)","companyShortName":"好豆网","companyLogo":"i/image/M00/00/12/CgqKkVYnUnmANa8eAABANUn2Hyo923.png","salary":"20k-30k","industryField":"移动互联网,O2O","district":"朝阳区","companyLabelList":["公司环境好","午餐补助","六险一金","弹性工作"],"positionAdvantage":"高成长,六险一金,团队氛围,弹性工作","jobNature":"全职","workYear":"3-5年","approve":1,"score":0,"companySize":"50-150人","businessZones":null,"imState":"threeDays","lastLogin":1472453816000,"publisherId":5230554,"explain":null,"plus":null,"pcShow":0,"appShow":0,"deliver":0,"gradeDescription":null,"companyFullName":"北京好豆网络科技有限公司","adWord":0},{"formatCreateTime":"2016-08-25","createTime":"2016-08-25 12:49:03","companyId":2474,"positionName":"Android/iOS工程师-移动安全","education":"本科","city":"北京","positionId":2130376,"financeStage":"成熟型(D轮及以上)","companyShortName":"滴滴出行","companyLogo":"i/image/M00/00/20/Cgp3O1YtmkSAZjX1AAA78knErXc273.jpg","salary":"20k-30k","industryField":"移动互联网","district":null,"companyLabelList":["弹性工作","节日礼物","岗位晋升","技能培训"],"positionAdvantage":"福利待遇好","jobNature":"全职","workYear":"1-3年","approve":0,"score":0,"companySize":"500-2000人","businessZones":null,"imState":"today","lastLogin":1472556596000,"publisherId":1837136,"explain":null,"plus":null,"pcShow":0,"appShow":0,"deliver":0,"gradeDescription":null,"companyFullName":"北京小桔科技有限公司","adWord":0},{"formatCreateTime":"2016-08-25","createTime":"2016-08-25 12:36:08","companyId":1443,"positionName":"Android高级工程师","education":"不限","city":"北京","positionId":1746103,"financeStage":"成长型(A轮)","companyShortName":"益动","companyLogo":"image1/M00/27/B0/Cgo8PFVb8peAELmjAAB-CDQQfGw450.jpg","salary":"20k-30k","industryField":"移动互联网,文化娱乐","district":"朝阳区","companyLabelList":["股票期权","弹性工作","五险一金","13-16薪"],"positionAdvantage":"弹性工作，期权福利，14-16薪","jobNature":"全职","workYear":"3-5年","approve":1,"score":0,"companySize":"15-50人","businessZones":["大屯","奥运村","亚运村"],"imState":"today","lastLogin":1472556107000,"publisherId":9467,"explain":null,"plus":null,"pcShow":0,"appShow":0,"deliver":0,"gradeDescription":null,"companyFullName":"北京益动思博网络科技有限公司","adWord":0},{"formatCreateTime":"2016-08-25","createTime":"2016-08-25 12:11:02","companyId":144395,"positionName":"Android开发工程师","education":"本科","city":"北京","positionId":2287356,"financeStage":"成长型(不需要融资)","companyShortName":"技术推广及基础软件服务","companyLogo":"i/image/M00/50/57/CgqKkVez0M6ARnKCAABMTBRdVpk780.png","salary":"15k-25k","industryField":"移动互联网,企业服务","district":"朝阳区","companyLabelList":null,"positionAdvantage":"Android开发工程师","jobNature":"全职","workYear":"3-5年","approve":0,"score":0,"companySize":"50-150人","businessZones":["柳芳","左家庄","国展"],"imState":"today","lastLogin":1472562924000,"publisherId":5932008,"explain":null,"plus":null,"pcShow":0,"appShow":0,"deliver":0,"gradeDescription":null,"companyFullName":"北京猎盟天下企业管理咨询有限公司","adWord":0},{"formatCreateTime":"2016-08-25","createTime":"2016-08-25 11:50:16","companyId":131973,"positionName":"Android 工程师-北京-00006","education":"大专","city":"北京","positionId":1890578,"financeStage":"成长型(不需要融资)","companyShortName":"五阿哥","companyLogo":"i/image/M00/3A/91/Cgp3O1dp4ySANy_BAAALQ9tv3MY292.png","salary":"20k-35k","industryField":"移动互联网","district":"东城区","companyLabelList":["专项奖金","年底双薪","带薪年假","股票期权"],"positionAdvantage":"技术团队核心有阿里P7+组成， CTO P9！","jobNature":"全职","workYear":"5-10年","approve":1,"score":0,"companySize":"150-500人","businessZones":["安贞","安华","和平里"],"imState":"today","lastLogin":1472524926000,"publisherId":5200170,"explain":null,"plus":null,"pcShow":0,"appShow":0,"deliver":0,"gradeDescription":null,"companyFullName":"五矿电子商务有限公司","adWord":0},{"formatCreateTime":"2016-08-25","createTime":"2016-08-25 11:42:37","companyId":4178,"positionName":"高级 Android 系统研发工程师","education":"本科","city":"北京","positionId":1870411,"financeStage":"成长型(不需要融资)","companyShortName":"凯奇谷（北京）信息技术有限公司","companyLogo":"i/image/M00/01/53/CgqKkVZnnlmAStq5AAGxUF06uX4000.png","salary":"12k-24k","industryField":"移动互联网,游戏","district":"朝阳区","companyLabelList":["技能培训","股票期权","年度旅游","岗位晋升"],"positionAdvantage":"六险一金，年底奖金，餐补房补交通补","jobNature":"全职","workYear":"3-5年","approve":1,"score":0,"companySize":"150-500人","businessZones":["大望路","百子湾","华贸"],"imState":"disabled","lastLogin":1472551066000,"publisherId":410802,"explain":null,"plus":null,"pcShow":0,"appShow":0,"deliver":0,"gradeDescription":null,"companyFullName":"北京凯奇谷信息技术股份有限公司","adWord":0},{"formatCreateTime":"2016-08-25","createTime":"2016-08-25 11:42:09","companyId":46956,"positionName":"Android工程师","education":"本科","city":"北京","positionId":1608866,"financeStage":"成长型(B轮)","companyShortName":"快看漫画","companyLogo":"image2/M00/06/3A/CgpzWlX5OpuAXYEgAAAW70-PBak131.jpg","salary":"15k-30k","industryField":"移动互联网,文化娱乐","district":"朝阳区","companyLabelList":["节日礼物","带薪年假","每日水果零食","五险一金"],"positionAdvantage":"双休 五险一金 零食水果 氛围简单开放","jobNature":"全职","workYear":"1-3年","approve":1,"score":0,"companySize":"50-150人","businessZones":["望京","大山子","花家地"],"imState":"today","lastLogin":1472556433000,"publisherId":909068,"explain":null,"plus":null,"pcShow":0,"appShow":0,"deliver":0,"gradeDescription":null,"companyFullName":"快看世界（北京）科技有限公司","adWord":0},{"formatCreateTime":"2016-08-25","createTime":"2016-08-25 11:38:18","companyId":119846,"positionName":"Android","education":"大专","city":"北京","positionId":2287058,"financeStage":"初创型(未融资)","companyShortName":"北京草木乐动网络科技有限公司","companyLogo":"i/image/M00/14/D6/CgqKkVbqTvWAKYIXAAAid3OQqFU807.jpg","salary":"10k-20k","industryField":"移动互联网,文化娱乐","district":"通州区","companyLabelList":null,"positionAdvantage":"周末双休，工作时间9:30-18:30","jobNature":"全职","workYear":"1-3年","approve":0,"score":0,"companySize":"50-150人","businessZones":["九棵树","梨园","果园"],"imState":"disabled","lastLogin":1472523477000,"publisherId":4536014,"explain":null,"plus":null,"pcShow":0,"appShow":0,"deliver":0,"gradeDescription":null,"companyFullName":"北京草木乐动网络科技有限公司","adWord":0}]}},"code":0}