{"success":true,"requestId":null,"msg":null,"resubmitToken":null,"code":0,"content":{"pageNo":39,"pageSize":15,"positionResult":{"resultSize":15,"totalCount":8899,"locationInfo":{"queryByGisCode":false,"businessZone":null,"locationCode":null,"city":"北京","district":null},"queryAnalysisInfo":{"industryName":null,"usefulCompany":false,"positionName":"android","companyName":null},"strategyProperty":{"name":"dm-csearch-newSimScorer","id":1},"result":[{"companyId":135593,"businessZones":null,"imState":"overSevenDays","lastLogin":1471538858000,"publisherId":42666,"explain":null,"plus":null,"pcShow":0,"appShow":0,"deliver":0,"gradeDescription":null,"companyFullName":"乐视致新电子科技(天津)有限公司","formatCreateTime":"2016-08-25","positionName":"乐视 Android中级软件开发工程师","workYear":"3-5年","education":"本科","jobNature":"全职","companyLogo":"i/image/M00/3A/B8/Cgp3O1dqHgOABFNrAAAVfH87648732.jpg","salary":"15k-25k","city":"北京","financeStage":"成长型(B轮)","industryField":"移动互联网,社交网络","positionId":2212322,"approve":0,"createTime":"2016-08-25 10:18:16","positionAdvantage":"股票期权,额外保险,交通餐补,定期团建","district":null,"companyShortName":"乐视致新","companyLabelList":null,"score":0,"companySize":"2000人以上","adWord":0},{"companyId":50702,"businessZones":["望京","来广营"],"imState":"today","lastLogin":1472555393000,"publisherId":1504547,"explain":null,"plus":null,"pcShow":0,"appShow":0,"deliver":0,"gradeDescription":null,"companyFullName":"北京三快在线科技有限公司","formatCreateTime":"2016-08-24","positionName":"Android工程师","workYear":"3-5年","education":"本科","jobNature":"全职","companyLogo":"i/image/M00/4B/6C/CgqKkVefHv-AFoRzAAAuALF7ZZ0419.png","salary":"15k-30k","city":"北京","financeStage":"成熟型(D轮及以上)","industryField":"移动互联网,O2O","positionId":2284876,"approve":1,"createTime":"2016-08-24 19:10:01","positionAdvantage":"核心部门，平台大，待遇优，发展空间大","district":"朝阳区","companyShortName":"美团点评","companyLabelList":["技能培训","绩效奖金","岗位晋升","领导好"],"score":0,"companySize":"2000人以上","adWord":0},{"companyId":6192,"businessZones":null,"imState":"disabled","lastLogin":1472525533000,"publisherId":4593991,"explain":null,"plus":null,"pcShow":0,"appShow":0,"deliver":0,"gradeDescription":null,"companyFullName":"凡客诚品（北京）科技有限公司","formatCreateTime":"2016-08-24","positionName":"Android高级开发工程师","workYear":"3-5年","education":"本科","jobNature":"全职","companyLogo":"i/image/M00/16/83/Cgp3O1bvrduAaoL_AAAK0agOb4Y623.jpg","salary":"15k-20k","city":"北京","financeStage":"成熟型(D轮及以上)","industryField":"电子商务","positionId":1938978,"approve":1,"createTime":"2016-08-24 17:51:16","positionAdvantage":"五险一金 免费体检 节日福利 弹性工作制等","district":null,"companyShortName":"VANCL凡客诚品","companyLabelList":["美女多","弹性工作","午餐补助","五险一金"],"score":0,"companySize":"150-500人","adWord":0},{"companyId":35641,"businessZones":null,"imState":"today","lastLogin":1472551288000,"publisherId":2250818,"explain":null,"plus":null,"pcShow":0,"appShow":0,"deliver":0,"gradeDescription":null,"companyFullName":"第一视频（北京）网络技术有限公司","formatCreateTime":"2016-08-24","positionName":"高级Android开发工程师","workYear":"3-5年","education":"本科","jobNature":"全职","companyLogo":"image1/M00/00/54/Cgo8PFTUXR6APKASAACqZ37feIU469.jpg","salary":"15k-25k","city":"北京","financeStage":"上市公司","industryField":"文化娱乐","positionId":1989925,"approve":0,"createTime":"2016-08-24 17:49:25","positionAdvantage":"免费班车、年度体检、五险一金","district":null,"companyShortName":"第一视频","companyLabelList":["技能培训","节日礼物","免费班车","带薪年假"],"score":0,"companySize":"500-2000人","adWord":0},{"companyId":88172,"businessZones":null,"imState":"today","lastLogin":1472522454000,"publisherId":2264584,"explain":null,"plus":null,"pcShow":0,"appShow":0,"deliver":0,"gradeDescription":null,"companyFullName":"分贝金服","formatCreateTime":"2016-08-24","positionName":"Android 研发工程师","workYear":"3-5年","education":"本科","jobNature":"全职","companyLogo":"image1/M00/40/DC/Cgo8PFXFtjOABPGlAAArdGdfqXI076.png?cc=0.48907735431566834","salary":"15k-30k","city":"北京","financeStage":"成长型(A轮)","industryField":"企业服务,金融","positionId":1609603,"approve":0,"createTime":"2016-08-24 17:29:15","positionAdvantage":"十三薪、晋升空间、弹性工时、零食水果畅享","district":"朝阳区","companyShortName":"分贝金服","companyLabelList":["股票期权","带薪年假","年度旅游","定期体检"],"score":0,"companySize":"50-150人","adWord":0},{"companyId":16799,"businessZones":["三里屯","工体","团结湖"],"imState":"disabled","lastLogin":1472562626000,"publisherId":195829,"explain":null,"plus":null,"pcShow":0,"appShow":0,"deliver":0,"gradeDescription":null,"companyFullName":"北京粉笔未来科技有限公司","formatCreateTime":"2016-08-24","positionName":"Android","workYear":"1-3年","education":"本科","jobNature":"全职","companyLogo":"i/image/M00/36/C5/CgqKkVdefqCAeTtAAABaDqGTOvY825.png","salary":"20k-35k","city":"北京","financeStage":"成熟型(D轮及以上)","industryField":"移动互联网,教育","positionId":307976,"approve":1,"createTime":"2016-08-24 17:26:48","positionAdvantage":"高薪+福利顶配+团队整体水平高","district":"朝阳区","companyShortName":"猿辅导","companyLabelList":["股票期权","年底双薪","五险一金","带薪年假"],"score":0,"companySize":"150-500人","adWord":0},{"companyId":8136,"businessZones":null,"imState":"overSevenDays","lastLogin":1471589735000,"publisherId":96954,"explain":null,"plus":null,"pcShow":0,"appShow":0,"deliver":0,"gradeDescription":null,"companyFullName":"北京佳讯飞鸿电气股份有限公司","formatCreateTime":"2016-08-24","positionName":"Android","workYear":"3-5年","education":"本科","jobNature":"全职","companyLogo":"image1/M00/00/11/Cgo8PFTUWDGAciSbAABRt4Bhq3M215.jpg","salary":"10k-20k","city":"北京","financeStage":"上市公司","industryField":"数据服务,文化娱乐","positionId":2194442,"approve":1,"createTime":"2016-08-24 17:22:20","positionAdvantage":"七险一金、餐补、带薪年假","district":"海淀区","companyShortName":"佳讯飞鸿","companyLabelList":["免费班车","带薪年假","七险一金","员工持股"],"score":0,"companySize":"150-500人","adWord":0},{"companyId":116705,"businessZones":["西直门","交通大学"],"imState":"sevenDays","lastLogin":1472109086000,"publisherId":4136882,"explain":null,"plus":null,"pcShow":0,"appShow":0,"deliver":0,"gradeDescription":null,"companyFullName":"北京格致璞科技有限公司","formatCreateTime":"2016-08-24","positionName":"Android","workYear":"1-3年","education":"大专","jobNature":"全职","companyLogo":"i/image/M00/08/75/Cgp3O1bP_XqARf61AAAtnSJhmdI830.png","salary":"10k-20k","city":"北京","financeStage":"成长型(B轮)","industryField":"移动互联网","positionId":1520025,"approve":0,"createTime":"2016-08-24 17:17:33","positionAdvantage":"热门产品，发展迅速，团队和谐","district":"西城区","companyShortName":"抽屉新热榜","companyLabelList":null,"score":0,"companySize":"50-150人","adWord":0},{"companyId":128449,"businessZones":null,"imState":"threeDays","lastLogin":1472456357000,"publisherId":4995255,"explain":null,"plus":null,"pcShow":0,"appShow":0,"deliver":0,"gradeDescription":null,"companyFullName":"北京鹏润金服在线信息技术有限公司","formatCreateTime":"2016-08-24","positionName":"Android开发工程师","workYear":"3-5年","education":"本科","jobNature":"全职","companyLogo":"i/image/M00/28/E0/CgqKkVcsWbuAQvw6AADZuI1d6jc597.jpg","salary":"25k-35k","city":"北京","financeStage":"成熟型(不需要融资)","industryField":"金融","positionId":2284090,"approve":1,"createTime":"2016-08-24 17:17:20","positionAdvantage":"五险一金、福利工资、大集团背景","district":null,"companyShortName":"鹏润控股集团","companyLabelList":null,"score":0,"companySize":"500-2000人","adWord":0},{"companyId":57990,"businessZones":["东小口","立水桥","天通苑"],"imState":"threeDays","lastLogin":1472462020000,"publisherId":1920686,"explain":null,"plus":null,"pcShow":0,"appShow":0,"deliver":0,"gradeDescription":null,"companyFullName":"北京行云时空科技有限公司","formatCreateTime":"2016-08-24","positionName":"Android系统工程师","workYear":"3-5年","education":"大专","jobNature":"兼职","companyLogo":"image1/M00/30/A8/CgYXBlWJNq2ARjfPAABSJBDwMmQ668.jpg","salary":"10k-20k","city":"北京","financeStage":"成长型(A轮)","industryField":"硬件","positionId":1804983,"approve":0,"createTime":"2016-08-24 17:00:58","positionAdvantage":"股票期权 五险一金 年终奖金 员工旅游","district":"朝阳区","companyShortName":"行云科技","companyLabelList":["节日礼物","绩效奖金","岗位晋升","年度旅游"],"score":0,"companySize":"15-50人","adWord":0},{"companyId":795,"businessZones":["苹果园","八大处","杨庄"],"imState":"disabled","lastLogin":1472192016000,"publisherId":4478149,"explain":null,"plus":null,"pcShow":0,"appShow":0,"deliver":0,"gradeDescription":null,"companyFullName":"北京优才创智科技有限公司","formatCreateTime":"2016-08-24","positionName":"Android开发定岗生","workYear":"不限","education":"大专","jobNature":"全职","companyLogo":"i/image/M00/11/AB/CgqKkVbicnCALTKRAABfrswbhRs465.png","salary":"5k-8k","city":"北京","financeStage":"成长型(A轮)","industryField":"教育","positionId":1856627,"approve":1,"createTime":"2016-08-24 16:47:56","positionAdvantage":"互联网公司","district":"石景山区","companyShortName":"优才网","companyLabelList":["股票期权","五险一金","岗位晋升","节日礼物"],"score":0,"companySize":"150-500人","adWord":0},{"companyId":1638,"businessZones":["大望路","百子湾","华贸"],"imState":"disabled","lastLogin":1472543076000,"publisherId":1309856,"explain":null,"plus":null,"pcShow":0,"appShow":0,"deliver":0,"gradeDescription":null,"companyFullName":"上海迈外迪网络科技有限公司","formatCreateTime":"2016-08-24","positionName":"高级Android工程师","workYear":"3-5年","education":"不限","jobNature":"全职","companyLogo":"image1/M00/00/06/CgYXBlTUWAWAOJYzAAA_zStFdr4459.jpg","salary":"16k-30k","city":"北京","financeStage":"成熟型(C轮)","industryField":"移动互联网,O2O","positionId":2283499,"approve":1,"createTime":"2016-08-24 16:23:08","positionAdvantage":"生日会、零食、弹性工作时间、各种补助","district":"朝阳区","companyShortName":"迈外迪","companyLabelList":["岗位晋升","技能培训","管理规范","领导好"],"score":0,"companySize":"150-500人","adWord":0},{"companyId":329,"businessZones":["西北旺","马连洼","上地"],"imState":"today","lastLogin":1472521648000,"publisherId":5803637,"explain":null,"plus":null,"pcShow":0,"appShow":0,"deliver":0,"gradeDescription":null,"companyFullName":"网之易信息技术（北京）有限公司","formatCreateTime":"2016-08-24","positionName":"Android","workYear":"1-3年","education":"硕士","jobNature":"全职","companyLogo":"image1/M00/1C/DB/Cgo8PFUnbyyAOmwZAABKPABIzv8461.png","salary":"17k-30k","city":"北京","financeStage":"上市公司","industryField":"数据服务,文化娱乐","positionId":2283463,"approve":1,"createTime":"2016-08-24 16:19:30","positionAdvantage":"高薪,活力,进步,提升","district":"海淀区","companyShortName":"网易","companyLabelList":["节日礼物","技能培训","免费班车","带薪年假"],"score":0,"companySize":"2000人以上","adWord":0},{"companyId":114110,"businessZones":["石佛营","姚家园","十里堡"],"imState":"disabled","lastLogin":1472525131000,"publisherId":5976094,"explain":null,"plus":null,"pcShow":0,"appShow":0,"deliver":0,"gradeDescription":null,"companyFullName":"乐视网信息技术（北京）股份有限公司","formatCreateTime":"2016-08-24","positionName":"Android","workYear":"3-5年","education":"本科","jobNature":"全职","companyLogo":"i/image/M00/04/2B/Cgp3O1bGwzWAEAB4AAAbnMQCudk783.jpg","salary":"20k-30k","city":"北京","financeStage":"上市公司","industryField":"移动互联网","positionId":2283438,"approve":1,"createTime":"2016-08-24 16:17:22","positionAdvantage":"高薪＋股票，交通及通讯补助","district":"朝阳区","companyShortName":"乐视","companyLabelList":["股票期权","交通补助","通讯津贴","带薪年假"],"score":0,"companySize":"2000人以上","adWord":0},{"companyId":132800,"businessZones":["大望路","华贸","红庙"],"imState":"disabled","lastLogin":1472522676000,"publisherId":3641901,"explain":null,"plus":null,"pcShow":0,"appShow":0,"deliver":0,"gradeDescription":null,"companyFullName":"北京瑞卓喜投科技发展有限公司","formatCreateTime":"2016-08-24","positionName":"安卓开发工程师","workYear":"3-5年","education":"大专","jobNature":"全职","companyLogo":"i/image/M00/33/1D/CgqKkVdQ1jqABmRHAAAUzcNjjdo270.jpg","salary":"15k-20k","city":"北京","financeStage":"成长型(A轮)","industryField":"移动互联网,电子商务","positionId":2051099,"approve":0,"createTime":"2016-08-24 16:05:57","positionAdvantage":"弹性上班，五险一金，双休，餐补，年底双薪","district":"朝阳区","companyShortName":"瑞卓喜投","companyLabelList":null,"score":0,"companySize":"50-150人","adWord":0}]}}}