{"success":true,"requestId":null,"resubmitToken":null,"msg":null,"content":{"pageNo":14,"pageSize":15,"positionResult":{"resultSize":15,"totalCount":8899,"locationInfo":{"businessZone":null,"queryByGisCode":false,"locationCode":null,"city":"北京","district":null},"queryAnalysisInfo":{"industryName":null,"usefulCompany":false,"positionName":"android","companyName":null},"strategyProperty":{"name":"dm-csearch-newSimScorer","id":1},"result":[{"formatCreateTime":"09:20发布","createTime":"2016-08-30 09:20:02","companyId":114110,"positionName":"Android Framework资深开发工程师","education":"本科","city":"北京","positionId":2302680,"financeStage":"上市公司","companyShortName":"乐视","companyLogo":"i/image/M00/04/2B/Cgp3O1bGwzWAEAB4AAAbnMQCudk783.jpg","salary":"30k-35k","industryField":"移动互联网","district":"朝阳区","companyLabelList":["股票期权","交通补助","通讯津贴","带薪年假"],"positionAdvantage":"本部门专注于VR行业领先技术研发","jobNature":"全职","workYear":"3-5年","approve":1,"score":0,"companySize":"2000人以上","businessZones":["朝阳公园","团结湖","甜水园"],"imState":"today","lastLogin":1472559351000,"publisherId":5287378,"explain":null,"plus":null,"pcShow":0,"appShow":0,"deliver":0,"gradeDescription":null,"companyFullName":"乐视网信息技术（北京）股份有限公司","adWord":0},{"formatCreateTime":"09:10发布","createTime":"2016-08-30 09:10:47","companyId":994,"positionName":"高级Android工程师","education":"本科","city":"北京","positionId":1854651,"financeStage":"成长型(B轮)","companyShortName":"国广东方网络（北京）有限公司","companyLogo":"image1/M00/00/05/CgYXBlTUWACAMEo4AACGADT5Usw013.png","salary":"15k-25k","industryField":"移动互联网,文化娱乐","district":"石景山区","companyLabelList":["节日礼物","国家背景","带薪年假","绩效奖金"],"positionAdvantage":"牌照方，各种补助，OTT","jobNature":"全职","workYear":"5-10年","approve":1,"score":0,"companySize":"150-500人","businessZones":["鲁谷","八宝山","老山"],"imState":"today","lastLogin":1472529785000,"publisherId":1576478,"explain":null,"plus":null,"pcShow":0,"appShow":0,"deliver":0,"gradeDescription":null,"companyFullName":"国广东方网络（北京）有限公司","adWord":0},{"formatCreateTime":"1天前发布","createTime":"2016-08-29 18:24:13","companyId":42899,"positionName":"资深Android开发工程师","education":"本科","city":"北京","positionId":972732,"financeStage":"成熟型(C轮)","companyShortName":"小蚁","companyLogo":"image2/M00/11/69/CgqLKVYx6mCAEWmWAAA8Uo7yHIc510.jpg?cc=0.24744720198214054","salary":"15k-30k","industryField":"移动互联网,硬件","district":"海淀区","companyLabelList":["年底双薪","节日礼物","技能培训","年度旅游"],"positionAdvantage":"小米顶尖生态企业，年底双薪，股票期权","jobNature":"全职","workYear":"3-5年","approve":1,"score":0,"companySize":"150-500人","businessZones":["清河","上地"],"imState":"today","lastLogin":1472523108000,"publisherId":808170,"explain":null,"plus":null,"pcShow":0,"appShow":0,"deliver":0,"gradeDescription":null,"companyFullName":"上海小蚁科技有限公司","adWord":0},{"formatCreateTime":"1天前发布","createTime":"2016-08-29 17:54:18","companyId":82820,"positionName":"android逆向工程师","education":"本科","city":"北京","positionId":2301567,"financeStage":"初创型(未融资)","companyShortName":"上海游际","companyLogo":"image1/M00/38/37/Cgo8PFWk7GmAfVb9AAAg10hHqxM398.jpg?cc=0.8470031036995351","salary":"10k-20k","industryField":"移动互联网,企业服务","district":"海淀区","companyLabelList":["专项奖金","扁平管理","定期体检","交通补助"],"positionAdvantage":"薪资可面议","jobNature":"全职","workYear":"1-3年","approve":1,"score":0,"companySize":"少于15人","businessZones":["西二旗","龙泽","回龙观"],"imState":"disabled","lastLogin":1472527182000,"publisherId":6000624,"explain":null,"plus":null,"pcShow":0,"appShow":0,"deliver":0,"gradeDescription":null,"companyFullName":"上海游际信息技术有限公司","adWord":0},{"formatCreateTime":"1天前发布","createTime":"2016-08-29 17:51:42","companyId":740,"positionName":"安卓开发工程师","education":"本科","city":"北京","positionId":2086425,"financeStage":"成熟型(D轮及以上)","companyShortName":"时趣social-touch","companyLogo":"image1/M00/12/43/Cgo8PFUCjeuAATJIAACYQGdLe1U616.jpg","salary":"15k-25k","industryField":"移动互联网","district":"朝阳区","companyLabelList":["弹性工作","免费咖啡","年终奖金","交通补助"],"positionAdvantage":"弹性时间 晋升空间大","jobNature":"全职","workYear":"3-5年","approve":1,"score":0,"companySize":"500-2000人","businessZones":["双井","南磨房","劲松"],"imState":"today","lastLogin":1472541660000,"publisherId":19070,"explain":null,"plus":null,"pcShow":0,"appShow":0,"deliver":0,"gradeDescription":null,"companyFullName":"时趣互动（北京）科技有限公司","adWord":0},{"formatCreateTime":"1天前发布","createTime":"2016-08-29 17:49:14","companyId":323,"positionName":"Android/ios技术支持","education":"本科","city":"北京","positionId":1568508,"financeStage":"上市公司","companyShortName":"百度游戏","companyLogo":"image1/M00/00/02/CgYXBlTUV_eAavJtAAAGJ5FjmEQ222.gif","salary":"10k-20k","industryField":"移动互联网","district":"海淀区","companyLabelList":["年终分红","绩效奖金","股票期权","五险一金"],"positionAdvantage":"发展前景好","jobNature":"全职","workYear":"1-3年","approve":1,"score":0,"companySize":"2000人以上","businessZones":["上地","马连洼","颐和园"],"imState":"threeDays","lastLogin":1472465585000,"publisherId":2811104,"explain":null,"plus":null,"pcShow":0,"appShow":0,"deliver":0,"gradeDescription":null,"companyFullName":"百度移信网络技术（北京）有限公司","adWord":0},{"formatCreateTime":"1天前发布","createTime":"2016-08-29 17:48:59","companyId":114939,"positionName":"Android","education":"本科","city":"北京","positionId":2301513,"financeStage":"初创型(未融资)","companyShortName":"安邦电商","companyLogo":"i/image/M00/37/46/CgqKkVdfz2eAENPfAAFN2adQSJc034.png","salary":"10k-20k","industryField":"金融,电子商务","district":"朝阳区","companyLabelList":null,"positionAdvantage":"互联网金融","jobNature":"全职","workYear":"3-5年","approve":0,"score":0,"companySize":"2000人以上","businessZones":["建外大街","国贸","CBD"],"imState":"disabled","lastLogin":1472517298000,"publisherId":5352263,"explain":null,"plus":null,"pcShow":0,"appShow":0,"deliver":0,"gradeDescription":null,"companyFullName":"安邦电子商务有限公司","adWord":0},{"formatCreateTime":"1天前发布","createTime":"2016-08-29 17:46:16","companyId":3786,"positionName":"Android","education":"本科","city":"北京","positionId":2258978,"financeStage":"成熟型(不需要融资)","companyShortName":"宜信","companyLogo":"i/image/M00/01/C8/Cgp3O1Z3lASAVbZHAABCha8eqHY645.jpg","salary":"15k-25k","industryField":"移动互联网,金融","district":"朝阳区","companyLabelList":["管理规范","技能培训","扁平管理","弹性工作"],"positionAdvantage":"大数据 工程师文化 福利好","jobNature":"全职","workYear":"3-5年","approve":1,"score":0,"companySize":"2000人以上","businessZones":["大望路","华贸","红庙"],"imState":"today","lastLogin":1472535218000,"publisherId":4610977,"explain":null,"plus":null,"pcShow":0,"appShow":0,"deliver":0,"gradeDescription":null,"companyFullName":"普信恒业科技发展（北京）有限公司","adWord":0},{"formatCreateTime":"1天前发布","createTime":"2016-08-29 17:21:29","companyId":77962,"positionName":"Android开发工程师","education":"本科","city":"北京","positionId":929395,"financeStage":"成长型(A轮)","companyShortName":"GrowingIO","companyLogo":"i/image/M00/4A/7F/Cgp3O1ea1lOAJH9FAAB4lZTWzlY991.jpg","salary":"20k-35k","industryField":"企业服务,数据服务","district":"朝阳区","companyLabelList":["股票期权","绩效奖金","扁平管理","弹性工作"],"positionAdvantage":"股票期权、技术驱动、硅谷平等文化","jobNature":"全职","workYear":"3-5年","approve":1,"score":0,"companySize":"50-150人","businessZones":["望京","大山子","花家地"],"imState":"today","lastLogin":1472550830000,"publisherId":1960292,"explain":null,"plus":null,"pcShow":0,"appShow":0,"deliver":0,"gradeDescription":null,"companyFullName":"北京易数科技有限公司","adWord":0},{"formatCreateTime":"1天前发布","createTime":"2016-08-29 17:20:54","companyId":2474,"positionName":"Android开发工程师","education":"本科","city":"北京","positionId":2263151,"financeStage":"成熟型(D轮及以上)","companyShortName":"滴滴出行","companyLogo":"i/image/M00/00/20/Cgp3O1YtmkSAZjX1AAA78knErXc273.jpg","salary":"20k-40k","industryField":"移动互联网","district":null,"companyLabelList":["弹性工作","节日礼物","岗位晋升","技能培训"],"positionAdvantage":"六险一金，靠谱团队，各种MM ，期权激励","jobNature":"全职","workYear":"3-5年","approve":0,"score":0,"companySize":"500-2000人","businessZones":null,"imState":"today","lastLogin":1472554506000,"publisherId":1920797,"explain":null,"plus":null,"pcShow":0,"appShow":0,"deliver":0,"gradeDescription":null,"companyFullName":"北京小桔科技有限公司","adWord":0},{"formatCreateTime":"1天前发布","createTime":"2016-08-29 17:19:44","companyId":108376,"positionName":"客户端开发工程师（ios&amp;android）","education":"本科","city":"北京","positionId":2022811,"financeStage":"成熟型(D轮及以上)","companyShortName":"滴滴出行","companyLogo":"i/image/M00/01/CC/CgqKkVZ3z4KAEKKmAAAO9hXzkkg424.jpg","salary":"20k-40k","industryField":"其他","district":"海淀区","companyLabelList":null,"positionAdvantage":"六险一金 福利待遇很棒","jobNature":"全职","workYear":"1-3年","approve":0,"score":0,"companySize":"2000人以上","businessZones":["马连洼","上地","西北旺"],"imState":"disabled","lastLogin":1472524072000,"publisherId":5374738,"explain":null,"plus":null,"pcShow":0,"appShow":0,"deliver":0,"gradeDescription":null,"companyFullName":"北京嘀嘀无限科技发展有限公司","adWord":0},{"formatCreateTime":"1天前发布","createTime":"2016-08-29 17:08:36","companyId":122778,"positionName":"安卓开发工程师","education":"大专","city":"北京","positionId":1931610,"financeStage":"初创型(未融资)","companyShortName":"前潮网络","companyLogo":"i/image/M00/1B/F1/CgqKkVb-P16AGsdCAAAMTxJvSvw975.jpg","salary":"9k-15k","industryField":"移动互联网","district":"朝阳区","companyLabelList":["年底双薪","年终分红","带薪年假","绩效奖金"],"positionAdvantage":"高薪、发展潜力","jobNature":"全职","workYear":"1-3年","approve":0,"score":0,"companySize":"15-50人","businessZones":["双桥","管庄","定福庄"],"imState":"disabled","lastLogin":1472551514000,"publisherId":3793238,"explain":null,"plus":null,"pcShow":0,"appShow":0,"deliver":0,"gradeDescription":null,"companyFullName":"北京前潮宇睿科技有限公司","adWord":0},{"formatCreateTime":"1天前发布","createTime":"2016-08-29 17:04:38","companyId":266,"positionName":"高级Android开发工程师","education":"本科","city":"北京","positionId":2037942,"financeStage":"成长型(A轮)","companyShortName":"星云颜值！","companyLogo":"image1/M00/40/23/Cgo8PFXC0F6AAyzIAACaLQZF21s017.jpg","salary":"20k-40k","industryField":"移动互联网,社交网络","district":"朝阳区","companyLabelList":["十点开工","美女员工多","老板帅","全网美女最多"],"positionAdvantage":"星云跪求牛叉安卓开发攻城狮~！","jobNature":"全职","workYear":"3-5年","approve":1,"score":0,"companySize":"15-50人","businessZones":["三里屯","工体","团结湖"],"imState":"today","lastLogin":1472554897000,"publisherId":3508,"explain":null,"plus":null,"pcShow":0,"appShow":0,"deliver":0,"gradeDescription":null,"companyFullName":"北京星云梦科技有限公司","adWord":0},{"formatCreateTime":"1天前发布","createTime":"2016-08-29 17:04:09","companyId":62605,"positionName":"Android","education":"本科","city":"北京","positionId":2301056,"financeStage":"成熟型(不需要融资)","companyShortName":"安邦保险集团 邦融汇","companyLogo":"i/image/M00/00/A4/Cgp3O1ZRS2CAPF1wAAANsAgZiXY944.jpg","salary":"20k-35k","industryField":"金融","district":"朝阳区","companyLabelList":["技能培训","专项奖金","带薪年假","绩效奖金"],"positionAdvantage":"福利妥妥的","jobNature":"全职","workYear":"3-5年","approve":0,"score":0,"companySize":"2000人以上","businessZones":null,"imState":"today","lastLogin":1472541316000,"publisherId":6015278,"explain":null,"plus":null,"pcShow":0,"appShow":0,"deliver":0,"gradeDescription":null,"companyFullName":"安邦保险集团移动电商","adWord":0},{"formatCreateTime":"1天前发布","createTime":"2016-08-29 17:03:20","companyId":93974,"positionName":"Android高级开发工程师","education":"本科","city":"北京","positionId":1425104,"financeStage":"初创型(天使轮)","companyShortName":"你好世界","companyLogo":"image2/M00/02/B7/CgpzWlXr8TmAMtMiAAANAsKdgBM653.jpg?cc=0.39752642810344696","salary":"15k-25k","industryField":"移动互联网,社交网络","district":"朝阳区","companyLabelList":["年底双薪","带薪年假","年度旅游","扁平管理"],"positionAdvantage":"你能想到的福利我们都有 技术大牛带你飞","jobNature":"全职","workYear":"1-3年","approve":1,"score":0,"companySize":"15-50人","businessZones":["建外大街","国贸","CBD"],"imState":"today","lastLogin":1472551864000,"publisherId":2616622,"explain":null,"plus":null,"pcShow":0,"appShow":0,"deliver":0,"gradeDescription":null,"companyFullName":"你好世界（北京）科技有限公司","adWord":0}]}},"code":0}