{"msg":null,"success":true,"requestId":null,"resubmitToken":null,"content":{"pageNo":62,"pageSize":15,"positionResult":{"queryAnalysisInfo":{"industryName":null,"usefulCompany":false,"positionName":"android","companyName":null},"strategyProperty":{"name":"dm-csearch-newSimScorer","id":1},"totalCount":8899,"resultSize":15,"locationInfo":{"businessZone":null,"locationCode":null,"queryByGisCode":false,"city":"北京","district":null},"result":[{"companyId":107423,"explain":null,"plus":null,"pcShow":0,"appShow":0,"deliver":0,"gradeDescription":null,"businessZones":["上地","西二旗","马连洼"],"imState":"today","lastLogin":1472555599000,"publisherId":3548181,"positionName":"Android高级开发工程师","workYear":"3-5年","education":"本科","jobNature":"全职","positionId":1744098,"createTime":"2016-08-18 14:23:13","city":"北京","companyLogo":"i/image/M00/0B/AE/Cgp3O1bWYyOAQo96AAC1TQO-4Cg541.jpg","industryField":"O2O","positionAdvantage":"全年最高19薪 大牛团队 复杂项目","salary":"18k-30k","companySize":"2000人以上","approve":0,"financeStage":"成长型(A轮)","companyLabelList":["带薪年假","弹性工作","免费班车","美女多"],"district":"海淀区","companyShortName":"瓜子二手车直卖网","score":0,"formatCreateTime":"2016-08-18","companyFullName":"车好多旧机动车经纪(北京)有限公司","adWord":0},{"companyId":106303,"explain":null,"plus":null,"pcShow":0,"appShow":0,"deliver":0,"gradeDescription":null,"businessZones":null,"imState":"disabled","lastLogin":1472590808000,"publisherId":1867,"positionName":"搜狐媒体-社交产品中心-Android架构师","workYear":"5-10年","education":"本科","jobNature":"全职","positionId":2119303,"createTime":"2016-08-18 12:02:12","city":"北京","companyLogo":"i/image/M00/00/60/CgqKkVZFhiKAe07DAAAMN2gO144456.jpg","industryField":"移动互联网,广告营销","positionAdvantage":"一年15天年假，弹性工作时间，文化灵活","salary":"30k-50k","companySize":"2000人以上","approve":1,"financeStage":"上市公司","companyLabelList":["节日礼物","项目奖金","弹性工作时间","15天年假"],"district":"海淀区","companyShortName":"搜狐媒体","score":0,"formatCreateTime":"2016-08-18","companyFullName":"搜狐媒体","adWord":0},{"companyId":35401,"explain":null,"plus":null,"pcShow":0,"appShow":0,"deliver":0,"gradeDescription":null,"businessZones":["大望路","红庙","京广桥"],"imState":"today","lastLogin":1472547454000,"publisherId":1397934,"positionName":"直销银行Android开发工程师","workYear":"3-5年","education":"本科","jobNature":"全职","positionId":1225299,"createTime":"2016-08-17 17:02:14","city":"北京","companyLogo":"i/image/M00/03/F7/CgqKkVbFKKSAJf_1AACLy3_ssK4310.png","industryField":"金融,数据服务","positionAdvantage":"五险一金 补充医疗保险 年终奖金","salary":"10k-20k","companySize":"150-500人","approve":0,"financeStage":"初创型(未融资)","companyLabelList":["技能培训","年底双薪","带薪年假","绩效奖金"],"district":"朝阳区","companyShortName":"融兴通达","score":0,"formatCreateTime":"2016-08-17","companyFullName":"北京融兴通达科技有限公司","adWord":0},{"companyId":50702,"explain":null,"plus":null,"pcShow":0,"appShow":0,"deliver":0,"gradeDescription":null,"businessZones":["大山子","望京","酒仙桥"],"imState":"disabled","lastLogin":1472548516000,"publisherId":5569850,"positionName":"高级Android工程师","workYear":"3-5年","education":"本科","jobNature":"全职","positionId":2091304,"createTime":"2016-08-17 16:59:22","city":"北京","companyLogo":"i/image/M00/4B/6C/CgqKkVefHv-AFoRzAAAuALF7ZZ0419.png","industryField":"移动互联网,O2O","positionAdvantage":"核心业务部门，用户量庞大","salary":"20k-35k","companySize":"2000人以上","approve":1,"financeStage":"成熟型(D轮及以上)","companyLabelList":["技能培训","绩效奖金","岗位晋升","领导好"],"district":"朝阳区","companyShortName":"美团点评","score":0,"formatCreateTime":"2016-08-17","companyFullName":"北京三快在线科技有限公司","adWord":0},{"companyId":126734,"explain":null,"plus":null,"pcShow":0,"appShow":0,"deliver":0,"gradeDescription":null,"businessZones":["建外大街","国贸","CBD"],"imState":"disabled","lastLogin":1472539932000,"publisherId":1304730,"positionName":"Android开发工程师","workYear":"1-3年","education":"本科","jobNature":"全职","positionId":1759323,"createTime":"2016-08-17 16:34:49","city":"北京","companyLogo":"i/image/M00/53/CD/CgqKkVfAEhCAYoeJAABDwnvC2LE998.png","industryField":"移动互联网,金融","positionAdvantage":"具有市场竞争力的薪酬，五险一金，带薪年假","salary":"15k-25k","companySize":"15-50人","approve":0,"financeStage":"成长型(A轮)","companyLabelList":null,"district":"朝阳区","companyShortName":"人人操盘","score":0,"formatCreateTime":"2016-08-17","companyFullName":"崇致网络科技（北京）有限公司","adWord":0},{"companyId":131071,"explain":null,"plus":null,"pcShow":0,"appShow":0,"deliver":0,"gradeDescription":null,"businessZones":["左家庄","国展","西坝河"],"imState":"sevenDays","lastLogin":1472183265000,"publisherId":5338367,"positionName":"Android","workYear":"3-5年","education":"本科","jobNature":"全职","positionId":2154535,"createTime":"2016-08-17 16:15:26","city":"北京","companyLogo":"i/image/M00/36/E2/Cgp3O1dexbWASYExAABXK0foBOE429.png","industryField":"移动互联网,社交网络","positionAdvantage":"薪酬待遇无损失的参与一个伟大公司的创业","salary":"15k-25k","companySize":"15-50人","approve":0,"financeStage":"初创型(天使轮)","companyLabelList":null,"district":"朝阳区","companyShortName":"小圈科技","score":0,"formatCreateTime":"2016-08-17","companyFullName":"北京小圈科技有限公司","adWord":0},{"companyId":21946,"explain":null,"plus":null,"pcShow":0,"appShow":0,"deliver":0,"gradeDescription":null,"businessZones":["管庄","双桥","定福庄"],"imState":"disabled","lastLogin":1472550572000,"publisherId":2934603,"positionName":"Android程序员","workYear":"5-10年","education":"本科","jobNature":"全职","positionId":2113688,"createTime":"2016-08-17 15:42:38","city":"北京","companyLogo":"image1/M00/00/29/CgYXBlTUWJGAVRXyAAB9NT8FhCk429.jpg","industryField":"O2O","positionAdvantage":"五险，双休，节假日，领导nice","salary":"15k-30k","companySize":"500-2000人","approve":1,"financeStage":"初创型(未融资)","companyLabelList":["岗位晋升","五险一金","午餐补助"],"district":"朝阳区","companyShortName":"来人到家","score":0,"formatCreateTime":"2016-08-17","companyFullName":"北京来人网络科技有限公司","adWord":0},{"companyId":6932,"explain":null,"plus":null,"pcShow":0,"appShow":0,"deliver":0,"gradeDescription":null,"businessZones":["清河"],"imState":"disabled","lastLogin":1471594517000,"publisherId":211395,"positionName":"Android","workYear":"1-3年","education":"本科","jobNature":"全职","positionId":1742474,"createTime":"2016-08-17 15:13:25","city":"北京","companyLogo":"i/image/M00/19/26/CgqKkVb2NgSAKr9bAAAGzlRsBzM863.jpg","industryField":"移动互联网,电子商务","positionAdvantage":"创业项目，赚得多，心情好，发展快","salary":"13k-26k","companySize":"150-500人","approve":1,"financeStage":"上市公司","companyLabelList":["节日礼物","岗位晋升","扁平管理","帅哥多"],"district":"海淀区","companyShortName":"好未来","score":0,"formatCreateTime":"2016-08-17","companyFullName":"亿度慧达教育科技（北京）有限公司","adWord":0},{"companyId":107363,"explain":null,"plus":null,"pcShow":0,"appShow":0,"deliver":0,"gradeDescription":null,"businessZones":null,"imState":"disabled","lastLogin":1472523310000,"publisherId":3212465,"positionName":"Android\\iOS高手","workYear":"5-10年","education":"本科","jobNature":"全职","positionId":2208992,"createTime":"2016-08-17 14:32:30","city":"北京","companyLogo":"i/image/M00/00/96/CgqKkVZOkIWAJJDUAAAKJKxYDYs790.png","industryField":"电子商务,金融","positionAdvantage":"五险一金、带薪年假、员工旅游等","salary":"20k-30k","companySize":"50-150人","approve":0,"financeStage":"初创型(未融资)","companyLabelList":["绩效奖金","带薪年假","年度旅游","领导好"],"district":null,"companyShortName":"商起网","score":0,"formatCreateTime":"2016-08-17","companyFullName":"北京商起网络科技有限公司","adWord":0},{"companyId":104715,"explain":null,"plus":null,"pcShow":0,"appShow":0,"deliver":0,"gradeDescription":null,"businessZones":["长椿街","西便门","复兴门"],"imState":"sevenDays","lastLogin":1472274081000,"publisherId":5159316,"positionName":"Android","workYear":"3-5年","education":"本科","jobNature":"全职","positionId":1871730,"createTime":"2016-08-17 14:26:22","city":"北京","companyLogo":"i/image/M00/3B/1D/CgqKkVdrOo6AXMWjAAAdTYzRZm8371.png","industryField":"移动互联网,金融","positionAdvantage":"领导nice + 长期激励 + 打造行业标杆","salary":"10k-15k","companySize":"150-500人","approve":1,"financeStage":"成长型(不需要融资)","companyLabelList":["扁平管理","管理规范","技能培训","领导好"],"district":"西城区","companyShortName":"信美相互人寿","score":0,"formatCreateTime":"2016-08-17","companyFullName":"信美人寿相互保险社（筹）","adWord":0},{"companyId":61488,"explain":null,"plus":null,"pcShow":0,"appShow":0,"deliver":0,"gradeDescription":null,"businessZones":null,"imState":"today","lastLogin":1472548940000,"publisherId":965544,"positionName":"高级安卓开发工程师","workYear":"3-5年","education":"本科","jobNature":"全职","positionId":556513,"createTime":"2016-08-17 14:13:02","city":"北京","companyLogo":"image1/M00/1A/E1/CgYXBlUd7k-AAGqpAAAljq6bCv4669.png","industryField":"文化娱乐,硬件","positionAdvantage":"广阔的发展空间，有竞争力的薪酬","salary":"18k-25k","companySize":"2000人以上","approve":1,"financeStage":"上市公司","companyLabelList":["年底双薪","专项奖金","绩效奖金","交通补助"],"district":"大兴区","companyShortName":"四达时代集团","score":0,"formatCreateTime":"2016-08-17","companyFullName":"北京四达时代软件技术股份有限公司","adWord":0},{"companyId":132976,"explain":null,"plus":null,"pcShow":0,"appShow":0,"deliver":0,"gradeDescription":null,"businessZones":["上地","马连洼","颐和园"],"imState":"disabled","lastLogin":1471588338000,"publisherId":4995810,"positionName":"Android工程师讲师","workYear":"不限","education":"大专","jobNature":"兼职","positionId":1945096,"createTime":"2016-08-17 14:07:12","city":"北京","companyLogo":"i/image/M00/33/AF/CgqKkVdSkCaAQwclAABHfRWVzo0188.png","industryField":"教育","positionAdvantage":"时间自由，待遇优厚","salary":"5k-8k","companySize":"15-50人","approve":1,"financeStage":"初创型(未融资)","companyLabelList":["年底双薪","交通补助","带薪年假","定期体检"],"district":"海淀区","companyShortName":"睿诺思网校","score":0,"formatCreateTime":"2016-08-17","companyFullName":"北京睿诺思教育科技有限公司","adWord":0},{"companyId":1914,"explain":null,"plus":null,"pcShow":0,"appShow":0,"deliver":0,"gradeDescription":null,"businessZones":["中关村","北京大学","苏州街"],"imState":"today","lastLogin":1472549525000,"publisherId":4679250,"positionName":"Android开发工程师","workYear":"3-5年","education":"本科","jobNature":"全职","positionId":2177759,"createTime":"2016-08-17 13:12:15","city":"北京","companyLogo":"i/image/M00/01/39/Cgp3O1Zk9luAeL0jAAAO0FvOuQE553.png","industryField":"数据服务,文化娱乐","positionAdvantage":"技术驱动,团队大牛,薪酬福利,提升空间","salary":"12k-24k","companySize":"2000人以上","approve":1,"financeStage":"上市公司","companyLabelList":["带薪年假","岗位晋升","五险一金","弹性工作"],"district":"海淀区","companyShortName":"优酷土豆","score":0,"formatCreateTime":"2016-08-17","companyFullName":"合一网络技术（北京）有限公司","adWord":0},{"companyId":82822,"explain":null,"plus":null,"pcShow":0,"appShow":0,"deliver":0,"gradeDescription":null,"businessZones":null,"imState":"disabled","lastLogin":1472544940000,"publisherId":286861,"positionName":"Android / Java工程师","workYear":"应届毕业生","education":"本科","jobNature":"全职","positionId":2250063,"createTime":"2016-08-17 12:50:51","city":"北京","companyLogo":"image1/M00/38/39/CgYXBlWk7-WASY7tAABbJiKp9VI363.jpg?cc=0.9693956833798438","industryField":"移动互联网,教育","positionAdvantage":"零食饮料 电竞比赛 大牛导师 五险一金","salary":"8k-10k","companySize":"少于15人","approve":1,"financeStage":"初创型(天使轮)","companyLabelList":["年轻团队","股票期权","带薪年假","绩效奖金"],"district":null,"companyShortName":"天天乐学","score":0,"formatCreateTime":"2016-08-17","companyFullName":"北京天天乐学教育科技有限公司","adWord":0},{"companyId":9261,"explain":null,"plus":null,"pcShow":0,"appShow":0,"deliver":0,"gradeDescription":null,"businessZones":["西北旺","马连洼","上地"],"imState":"disabled","lastLogin":1472558293000,"publisherId":800904,"positionName":"[百度]Android研发实习生","workYear":"应届毕业生","education":"本科","jobNature":"实习","positionId":2249669,"createTime":"2016-08-17 11:35:30","city":"北京","companyLogo":"image1/M00/3D/D2/CgYXBlW5q4qASA_KAAAMXmcC_Zk290.jpg?cc=0.2853215398595885","industryField":"移动互联网","positionAdvantage":"提供基础架构技术的核心部门","salary":"5k-8k","companySize":"2000人以上","approve":0,"financeStage":"上市公司","companyLabelList":["年假","技能培训","节日礼物","岗位晋升"],"district":"海淀区","companyShortName":"百度","score":0,"formatCreateTime":"2016-08-17","companyFullName":"百度（中国）有限公司","adWord":0}]}},"code":0}