{"resubmitToken":null,"success":true,"requestId":null,"msg":null,"content":{"pageNo":5,"pageSize":15,"positionResult":{"totalCount":8899,"resultSize":15,"locationInfo":{"city":"北京","district":null,"queryByGisCode":false,"businessZone":null,"locationCode":null},"queryAnalysisInfo":{"positionName":"android","companyName":null,"industryName":null,"usefulCompany":false},"strategyProperty":{"name":"dm-csearch-newSimScorer","id":1},"result":[{"companyFullName":"北京枭龙科技有限公司","adWord":0,"companyId":76491,"formatCreateTime":"16:42发布","businessZones":["中关村","双榆树","双安"],"imState":"today","lastLogin":1472554760000,"positionId":2306684,"industryField":"移动互联网,硬件","education":"本科","workYear":"3-5年","city":"北京","positionAdvantage":"五险一金 年底双薪 绩效奖金 带薪年假","createTime":"2016-08-30 16:42:03","salary":"15k-25k","positionName":"高级Android工程师","companySize":"15-50人","companyShortName":"枭龙","companyLogo":"i/image/M00/2B/2E/CgqKkVc0HMCAZaPBAAEDYnDR0ck826.png","financeStage":"成长型(B轮)","approve":1,"jobNature":"全职","companyLabelList":["年底双薪","技能培训","股票期权","绩效奖金"],"district":"海淀区","score":0,"publisherId":1920539,"explain":null,"plus":null,"pcShow":0,"appShow":0,"deliver":0,"gradeDescription":null},{"companyFullName":"北京金梦来网络科技有限公司","adWord":0,"companyId":137967,"formatCreateTime":"16:20发布","businessZones":["苏州街","中关村","北京大学"],"imState":"today","lastLogin":1472551441000,"positionId":2306479,"industryField":"教育,移动互联网","education":"不限","workYear":"3-5年","city":"北京","positionAdvantage":"福利待遇好，工作环境优，晋升空间大！","createTime":"2016-08-30 16:20:21","salary":"15k-25k","positionName":"Android","companySize":"50-150人","companyShortName":"金梦来","companyLogo":"i/image/M00/41/F5/CgqKkVd-ByaAU4XsAACkPT0T4LE635.jpg","financeStage":"成长型(不需要融资)","approve":0,"jobNature":"全职","companyLabelList":null,"district":"海淀区","score":0,"publisherId":5580670,"explain":null,"plus":null,"pcShow":0,"appShow":0,"deliver":0,"gradeDescription":null},{"companyFullName":"和创（北京）科技股份有限公司","adWord":0,"companyId":50889,"formatCreateTime":"15:21发布","businessZones":["新街口","德胜门","小西天"],"imState":"today","lastLogin":1472545709000,"positionId":2026991,"industryField":"移动互联网,企业服务","education":"本科","workYear":"3-5年","city":"北京","positionAdvantage":"上市公司，持续股权激励，重视员工关怀","createTime":"2016-08-30 15:21:55","salary":"20k-35k","positionName":"Android开发工程师","companySize":"2000人以上","companyShortName":"和创科技（红圈营销）","companyLogo":"i/image/M00/03/44/Cgp3O1ax7JWAOSzUAABS3OF0A7w289.jpg","financeStage":"上市公司","approve":1,"jobNature":"全职","companyLabelList":["弹性工作","敏捷研发","股票期权","年底双薪"],"district":"西城区","score":0,"publisherId":4793543,"explain":null,"plus":null,"pcShow":0,"appShow":0,"deliver":0,"gradeDescription":null},{"companyFullName":"北京慧博云通科技股份有限公司","adWord":0,"companyId":22750,"formatCreateTime":"15:20发布","businessZones":null,"imState":"today","lastLogin":1472524351000,"positionId":2192365,"industryField":"移动互联网,企业服务","education":"大专","workYear":"3-5年","city":"北京","positionAdvantage":"六险一金、有班车，弹性工时、加班少","createTime":"2016-08-30 15:20:03","salary":"5k-9k","positionName":"乐视（安卓）手机测试","companySize":"500-2000人","companyShortName":"慧博云通","companyLogo":"i/image/M00/01/52/CgqKkVZnl1mASgOEAAAHollP_9Q707.png","financeStage":"上市公司","approve":1,"jobNature":"全职","companyLabelList":["技能培训","带薪年假","五险一金","弹性工作"],"district":null,"score":0,"publisherId":4340937,"explain":null,"plus":null,"pcShow":0,"appShow":0,"deliver":0,"gradeDescription":null},{"companyFullName":"北京三快在线科技有限公司","adWord":0,"companyId":50702,"formatCreateTime":"15:13发布","businessZones":["望京","来广营"],"imState":"disabled","lastLogin":1472549796000,"positionId":809255,"industryField":"移动互联网,O2O","education":"本科","workYear":"1-3年","city":"北京","positionAdvantage":"期权","createTime":"2016-08-30 15:13:21","salary":"25k-45k","positionName":"高级 Android 开发工程师","companySize":"2000人以上","companyShortName":"美团点评","companyLogo":"i/image/M00/4B/6C/CgqKkVefHv-AFoRzAAAuALF7ZZ0419.png","financeStage":"成熟型(D轮及以上)","approve":1,"jobNature":"全职","companyLabelList":["技能培训","绩效奖金","岗位晋升","领导好"],"district":"朝阳区","score":0,"publisherId":1969571,"explain":null,"plus":null,"pcShow":0,"appShow":0,"deliver":0,"gradeDescription":null},{"companyFullName":"阿拉丁控股集团有限公司","adWord":0,"companyId":27931,"formatCreateTime":"15:12发布","businessZones":["大望路","华贸","四惠"],"imState":"today","lastLogin":1472541181000,"positionId":2173268,"industryField":"社交网络,金融","education":"本科","workYear":"3-5年","city":"北京","positionAdvantage":"期权激励+年终奖金+晋升空间大","createTime":"2016-08-30 15:12:55","salary":"15k-30k","positionName":"高级Android开发工程师","companySize":"150-500人","companyShortName":"阿拉丁控股集团","companyLogo":"image1/M00/00/3C/CgYXBlTUXLaAVIa-AABhCJt3cic571.jpg","financeStage":"成长型(不需要融资)","approve":1,"jobNature":"全职","companyLabelList":["年底双薪","股票期权","专项奖金","带薪年假"],"district":"朝阳区","score":0,"publisherId":362984,"explain":null,"plus":null,"pcShow":0,"appShow":0,"deliver":0,"gradeDescription":null},{"companyFullName":"新浪微博","adWord":0,"companyId":25021,"formatCreateTime":"15:10发布","businessZones":["马连洼"],"imState":"disabled","lastLogin":1472543623000,"positionId":2305839,"industryField":"移动互联网,社交网络","education":"本科","workYear":"3-5年","city":"北京","positionAdvantage":"微博平台,上市公司,核心业务,发展空间大","createTime":"2016-08-30 15:10:28","salary":"15k-30k","positionName":"Android架构工程师","companySize":"2000人以上","companyShortName":"新浪微博","companyLogo":"image1/M00/2A/10/Cgo8PFVpRQWAIyMQAABwOlPdDJ4570.png","financeStage":"上市公司","approve":0,"jobNature":"全职","companyLabelList":["技能培训","股票期权","带薪年假","绩效奖金"],"district":"海淀区","score":0,"publisherId":6023655,"explain":null,"plus":null,"pcShow":0,"appShow":0,"deliver":0,"gradeDescription":null},{"companyFullName":"乐视网信息技术（北京）股份有限公司","adWord":0,"companyId":114110,"formatCreateTime":"15:04发布","businessZones":["石佛营","姚家园","十里堡"],"imState":"disabled","lastLogin":1472549395000,"positionId":1432828,"industryField":"移动互联网","education":"本科","workYear":"5-10年","city":"北京","positionAdvantage":"全员持股计划,技术培训,免费商业保险","createTime":"2016-08-30 15:04:36","salary":"15k-30k","positionName":"高级Android开发工程师","companySize":"2000人以上","companyShortName":"乐视","companyLogo":"i/image/M00/04/2B/Cgp3O1bGwzWAEAB4AAAbnMQCudk783.jpg","financeStage":"上市公司","approve":1,"jobNature":"全职","companyLabelList":["股票期权","交通补助","通讯津贴","带薪年假"],"district":"朝阳区","score":0,"publisherId":222907,"explain":null,"plus":null,"pcShow":0,"appShow":0,"deliver":0,"gradeDescription":null},{"companyFullName":"北京知识印象科技有限公司","adWord":0,"companyId":36162,"formatCreateTime":"15:00发布","businessZones":["望京","大山子","花家地"],"imState":"today","lastLogin":1472543483000,"positionId":263781,"industryField":"移动互联网,教育","education":"本科","workYear":"1-3年","city":"北京","positionAdvantage":"14薪 节日礼物 年度旅游 弹性工作","createTime":"2016-08-30 15:00:58","salary":"15k-25k","positionName":"Android开发工程师","companySize":"50-150人","companyShortName":"作业盒子","companyLogo":"i/image/M00/29/C7/Cgp3O1cwXzWAPpvjAAAYnaMmScM575.png","financeStage":"成长型(A轮)","approve":1,"jobNature":"全职","companyLabelList":["技能培训","年底双薪","节日礼物","年度旅游"],"district":"朝阳区","score":0,"publisherId":632571,"explain":null,"plus":null,"pcShow":0,"appShow":0,"deliver":0,"gradeDescription":null},{"companyFullName":"北京同城翼龙网络科技有限公司","adWord":0,"companyId":22391,"formatCreateTime":"15:00发布","businessZones":["白石桥","魏公村","万寿寺"],"imState":"today","lastLogin":1472540923000,"positionId":2037047,"industryField":"金融","education":"本科","workYear":"1-3年","city":"北京","positionAdvantage":"联想控股 服务于三农 年底双薪 餐费补助","createTime":"2016-08-30 15:00:36","salary":"10k-20k","positionName":"Android工程师","companySize":"150-500人","companyShortName":"翼龙贷网","companyLogo":"image1/M00/16/E3/CgYXBlUP1WaALrvkAACg0cLAYdM529.jpg","financeStage":"成长型(A轮)","approve":1,"jobNature":"全职","companyLabelList":["团队建设","绩效奖金","年度旅游","岗位晋升"],"district":"海淀区","score":0,"publisherId":5106904,"explain":null,"plus":null,"pcShow":0,"appShow":0,"deliver":0,"gradeDescription":null},{"companyFullName":"北京慧点科技有限公司","adWord":0,"companyId":25099,"formatCreateTime":"14:48发布","businessZones":["西三旗"],"imState":"today","lastLogin":1472548310000,"positionId":1586449,"industryField":"企业服务","education":"本科","workYear":"5-10年","city":"北京","positionAdvantage":"团队负责人，发展空间大","createTime":"2016-08-30 14:48:32","salary":"15k-29k","positionName":"Android 移动端组长","companySize":"500-2000人","companyShortName":"慧点科技","companyLogo":"image1/M00/00/34/CgYXBlTUXJGAOnjgAAAx_OFTn8M520.jpg","financeStage":"上市公司","approve":0,"jobNature":"全职","companyLabelList":["技能培训","专项奖金","带薪年假","绩效奖金"],"district":"海淀区","score":0,"publisherId":300426,"explain":null,"plus":null,"pcShow":0,"appShow":0,"deliver":0,"gradeDescription":null},{"companyFullName":"北京美院帮网络科技有限公司","adWord":0,"companyId":88903,"formatCreateTime":"14:34发布","businessZones":["苏州桥","人民大学","苏州街"],"imState":"today","lastLogin":1472553115000,"positionId":2274793,"industryField":"移动互联网,教育","education":"本科","workYear":"5-10年","city":"北京","positionAdvantage":"五险一金,午餐补助,交通补助,定期团建","createTime":"2016-08-30 14:34:36","salary":"20k-30k","positionName":"Android","companySize":"15-50人","companyShortName":"美院帮","companyLogo":"i/image/M00/02/E7/CgqKkVagcJmAOZlTAABDT1ryigQ329.png","financeStage":"初创型(天使轮)","approve":1,"jobNature":"全职","companyLabelList":["年底双薪","股票期权","专项奖金","带薪年假"],"district":"海淀区","score":0,"publisherId":2288097,"explain":null,"plus":null,"pcShow":0,"appShow":0,"deliver":0,"gradeDescription":null},{"companyFullName":"北京来人网络科技有限公司","adWord":0,"companyId":21946,"formatCreateTime":"14:34发布","businessZones":["管庄","双桥","定福庄"],"imState":"disabled","lastLogin":1472550572000,"positionId":2190062,"industryField":"O2O","education":"本科","workYear":"5-10年","city":"北京","positionAdvantage":"平台好，双休，保险，领导nice","createTime":"2016-08-30 14:34:13","salary":"15k-30k","positionName":"Android工程师","companySize":"500-2000人","companyShortName":"来人到家","companyLogo":"image1/M00/00/29/CgYXBlTUWJGAVRXyAAB9NT8FhCk429.jpg","financeStage":"初创型(未融资)","approve":1,"jobNature":"全职","companyLabelList":["岗位晋升","五险一金","午餐补助"],"district":"朝阳区","score":0,"publisherId":2934603,"explain":null,"plus":null,"pcShow":0,"appShow":0,"deliver":0,"gradeDescription":null},{"companyFullName":"北京醋溜网络科技股份有限公司","adWord":0,"companyId":84946,"formatCreateTime":"14:33发布","businessZones":null,"imState":"disabled","lastLogin":1472538701000,"positionId":1859801,"industryField":"移动互联网","education":"本科","workYear":"3-5年","city":"北京","positionAdvantage":"一日三餐","createTime":"2016-08-30 14:33:00","salary":"20k-30k","positionName":"高级Android开发工程师","companySize":"150-500人","companyShortName":"楚楚街","companyLogo":"image1/M00/3B/C6/CgYXBlWxtPaAR5ppAABlEoukE30921.jpg?cc=0.8298555244720744","financeStage":"成熟型(C轮)","approve":0,"jobNature":"全职","companyLabelList":["节日礼物","年底双薪","带薪年假","年度旅游"],"district":null,"score":0,"publisherId":4640647,"explain":null,"plus":null,"pcShow":0,"appShow":0,"deliver":0,"gradeDescription":null},{"companyFullName":"北京艺宝网络文化有限公司","adWord":0,"companyId":113254,"formatCreateTime":"14:23发布","businessZones":["建外大街","CBD","建国门"],"imState":"disabled","lastLogin":1472540216000,"positionId":2305382,"industryField":"电子商务","education":"本科","workYear":"3-5年","city":"北京","positionAdvantage":"五险一金,交通便利,领导优质,平台空间大","createTime":"2016-08-30 14:23:58","salary":"15k-20k","positionName":"Android开发工程师","companySize":"50-150人","companyShortName":"艺宝网络","companyLogo":"i/image/M00/02/E9/Cgp3O1agkdWAL3F_AACh0Fp9UBs400.jpg","financeStage":"成长型(不需要融资)","approve":0,"jobNature":"全职","companyLabelList":["帅哥多","美女多","领导好","管理规范"],"district":"朝阳区","score":0,"publisherId":5557212,"explain":null,"plus":null,"pcShow":0,"appShow":0,"deliver":0,"gradeDescription":null}]}},"code":0}