{"resubmitToken":null,"success":true,"requestId":null,"msg":null,"content":{"pageNo":2,"pageSize":15,"positionResult":{"totalCount":8899,"resultSize":15,"locationInfo":{"city":"北京","district":null,"queryByGisCode":false,"businessZone":null,"locationCode":null},"queryAnalysisInfo":{"positionName":"android","companyName":null,"industryName":null,"usefulCompany":false},"strategyProperty":{"name":"dm-csearch-newSimScorer","id":1},"result":[{"companyFullName":"北京金山网络科技有限公司","adWord":0,"companyId":133,"formatCreateTime":"19:09发布","businessZones":["姚家园","十里堡","高碑店"],"imState":"today","lastLogin":1472555392000,"positionId":2073285,"industryField":"移动互联网,信息安全","education":"本科","workYear":"3-5年","city":"北京","positionAdvantage":"海外核心产品 有竞争力的薪资待遇","createTime":"2016-08-30 19:09:35","salary":"15k-30k","positionName":"高级Android工程师","companySize":"500-2000人","companyShortName":"猎豹移动","companyLogo":"image1/M00/39/70/CgYXBlWo3nqABJTsAADJ3hn5gmE062.jpg","financeStage":"上市公司","approve":1,"jobNature":"全职","companyLabelList":["带薪年假","美女前台","超赞年终奖","一公里工作圈"],"district":"朝阳区","score":0,"publisherId":129969,"explain":null,"plus":null,"pcShow":0,"appShow":0,"deliver":0,"gradeDescription":null},{"companyFullName":"奇虎360科技有限公司","adWord":0,"companyId":436,"formatCreateTime":"18:28发布","businessZones":["大望路","四惠","八里庄"],"imState":"today","lastLogin":1472552843000,"positionId":1782883,"industryField":"移动互联网,游戏","education":"本科","workYear":"3-5年","city":"北京","positionAdvantage":"免费班车，提供三餐，领导好","createTime":"2016-08-30 18:28:20","salary":"16k-25k","positionName":"Android","companySize":"50-150人","companyShortName":"360","companyLogo":"image1/M00/26/1E/Cgo8PFVUDROAf7zrAABr5cEcbGQ572.jpg","financeStage":"上市公司","approve":1,"jobNature":"全职","companyLabelList":null,"district":"朝阳区","score":0,"publisherId":4781729,"explain":null,"plus":null,"pcShow":0,"appShow":0,"deliver":0,"gradeDescription":null},{"companyFullName":"北京优久科技有限责任公司","adWord":0,"companyId":119049,"formatCreateTime":"18:15发布","businessZones":["中关村","知春路","人民大学"],"imState":"today","lastLogin":1472552013000,"positionId":1895746,"industryField":"移动互联网","education":"本科","workYear":"3-5年","city":"北京","positionAdvantage":"良好的工作环境、成长平台和工作伙伴","createTime":"2016-08-30 18:15:26","salary":"15k-25k","positionName":"Android高级开发工程师","companySize":"少于15人","companyShortName":"优久科技","companyLogo":"i/image/M00/16/74/CgqKkVbvnVuAeC-YAAA_YSPyb5A166.jpg","financeStage":"初创型(天使轮)","approve":0,"jobNature":"全职","companyLabelList":["交通补助","通讯津贴","午餐补助"],"district":"海淀区","score":0,"publisherId":4427723,"explain":null,"plus":null,"pcShow":0,"appShow":0,"deliver":0,"gradeDescription":null},{"companyFullName":"北京小米科技有限责任公司","adWord":0,"companyId":520,"formatCreateTime":"18:08发布","businessZones":null,"imState":"disabled","lastLogin":1472553929000,"positionId":1840557,"industryField":"移动互联网","education":"本科","workYear":"3-5年","city":"北京","positionAdvantage":"创业氛围，股票期权","createTime":"2016-08-30 18:08:41","salary":"15k-30k","positionName":"Android高级工程师（手机视频）","companySize":"2000人以上","companyShortName":"小米","companyLogo":"image1/M00/00/03/CgYXBlTUV_uAY85GAAAVtFKXIv8322.jpg","financeStage":"成熟型(D轮及以上)","approve":1,"jobNature":"全职","companyLabelList":["快速成长","免费班车","扁平管理","技能培训"],"district":null,"score":0,"publisherId":4740894,"explain":null,"plus":null,"pcShow":0,"appShow":0,"deliver":0,"gradeDescription":null},{"companyFullName":"北京金山软件有限公司","adWord":0,"companyId":7835,"formatCreateTime":"18:07发布","businessZones":["上地","清河","小营"],"imState":"disabled","lastLogin":1472551631000,"positionId":1746807,"industryField":"移动互联网","education":"本科","workYear":"3-5年","city":"北京","positionAdvantage":"广阔技术空间优厚待遇免费健身房","createTime":"2016-08-30 18:07:45","salary":"15k-28k","positionName":"Android中高级开发工程师","companySize":"2000人以上","companyShortName":"金山办公软件","companyLogo":"i/image/M00/46/E3/Cgp3O1eN2JaAESTsAABXU_egeWg508.png","financeStage":"上市公司","approve":1,"jobNature":"全职","companyLabelList":["年底双薪","节日礼物","技能培训","绩效奖金"],"district":"海淀区","score":0,"publisherId":105405,"explain":null,"plus":null,"pcShow":0,"appShow":0,"deliver":0,"gradeDescription":null},{"companyFullName":"有半岛（北京）信息科技有限公司","adWord":0,"companyId":134859,"formatCreateTime":"18:04发布","businessZones":["蓟门桥","知春路","学院路"],"imState":"today","lastLogin":1472551432000,"positionId":2307595,"industryField":"移动互联网","education":"本科","workYear":"不限","city":"北京","positionAdvantage":"发展空间,扁平管理,地铁周边,咖啡零食","createTime":"2016-08-30 18:04:15","salary":"4k-5k","positionName":"Android开发实习","companySize":"15-50人","companyShortName":"半岛科技","companyLogo":"i/image/M00/38/A6/Cgp3O1djjZWAYZODAAAZymp-1ZM487.png","financeStage":"初创型(天使轮)","approve":0,"jobNature":"实习","companyLabelList":null,"district":"海淀区","score":0,"publisherId":5375851,"explain":null,"plus":null,"pcShow":0,"appShow":0,"deliver":0,"gradeDescription":null},{"companyFullName":"微梦创科网络科技（中国）有限公司","adWord":0,"companyId":5832,"formatCreateTime":"18:02发布","businessZones":["西北旺","马连洼","上地"],"imState":"disabled","lastLogin":1472556144000,"positionId":254877,"industryField":"移动互联网","education":"本科","workYear":"1-3年","city":"北京","positionAdvantage":"亿级DAU产品，重点项目组","createTime":"2016-08-30 18:02:29","salary":"20k-40k","positionName":"新浪微博Android客户端研发工程师","companySize":"2000人以上","companyShortName":"新浪微博","companyLogo":"image1/M00/00/0D/CgYXBlTUWCCAdkhOAABNgyvZQag818.jpg","financeStage":"上市公司","approve":0,"jobNature":"全职","companyLabelList":["年底双薪","专项奖金","股票期权","五险一金"],"district":"海淀区","score":0,"publisherId":561302,"explain":null,"plus":null,"pcShow":0,"appShow":0,"deliver":0,"gradeDescription":null},{"companyFullName":"北京京联云软件有限公司","adWord":0,"companyId":41480,"formatCreateTime":"18:01发布","businessZones":["望京","花家地","来广营"],"imState":"disabled","lastLogin":1472551279000,"positionId":524498,"industryField":"移动互联网","education":"本科","workYear":"3-5年","city":"北京","positionAdvantage":"极具竞争力的薪酬 七险一金 创新奖励","createTime":"2016-08-30 18:01:23","salary":"15k-25k","positionName":"Android应用开发高级工程师","companySize":"50-150人","companyShortName":"京联云","companyLogo":"image1/M00/00/67/CgYXBlTUXWiAfCRBAAA-Jtkx8n0025.png","financeStage":"成长型(不需要融资)","approve":0,"jobNature":"全职","companyLabelList":["节日礼物","年底双薪","带薪年假","绩效奖金"],"district":"朝阳区","score":0,"publisherId":1494843,"explain":null,"plus":null,"pcShow":0,"appShow":0,"deliver":0,"gradeDescription":null},{"companyFullName":"北京卡路里科技有限公司","adWord":0,"companyId":38239,"formatCreateTime":"17:52发布","businessZones":null,"imState":"today","lastLogin":1472550738000,"positionId":2076856,"industryField":"社交网络,文化娱乐","education":"本科","workYear":"3-5年","city":"北京","positionAdvantage":"福利健全、北京工作居住证、C轮","createTime":"2016-08-30 17:52:26","salary":"20k-35k","positionName":"Android开发工程师","companySize":"150-500人","companyShortName":"Keep","companyLogo":"image1/M00/0A/40/CgYXBlTun9KASqKdAAAs36QVurU409.png","financeStage":"成熟型(C轮)","approve":1,"jobNature":"全职","companyLabelList":["节日礼物","年度旅游","定期体检","五险一金"],"district":null,"score":0,"publisherId":3425178,"explain":null,"plus":null,"pcShow":0,"appShow":0,"deliver":0,"gradeDescription":null},{"companyFullName":"网秦无限（北京）科技有限公司","adWord":0,"companyId":71357,"formatCreateTime":"17:52发布","businessZones":["和平里","雍和宫","安定门"],"imState":"disabled","lastLogin":1472549090000,"positionId":2307481,"industryField":"移动互联网","education":"本科","workYear":"5-10年","city":"北京","positionAdvantage":"健全的薪酬福利体系","createTime":"2016-08-30 17:52:09","salary":"15k-20k","positionName":"Android开发工程师（中级/高级）","companySize":"500-2000人","companyShortName":"网秦集团","companyLogo":"image1/M00/28/14/Cgo8PFVdnFWABYSoAABmi-hdmpM719.jpg","financeStage":"上市公司","approve":1,"jobNature":"全职","companyLabelList":null,"district":"东城区","score":0,"publisherId":1718531,"explain":null,"plus":null,"pcShow":0,"appShow":0,"deliver":0,"gradeDescription":null},{"companyFullName":"北京新工场投资顾问有限公司","adWord":0,"companyId":179,"formatCreateTime":"17:52发布","businessZones":["大望路","华贸","百子湾"],"imState":"today","lastLogin":1472557005000,"positionId":982568,"industryField":"电子商务,金融","education":"本科","workYear":"1-3年","city":"北京","positionAdvantage":"五险一金 绩效奖金 年底15薪","createTime":"2016-08-30 17:52:02","salary":"15k-25k","positionName":"高级Android开发工程师","companySize":"50-150人","companyShortName":"她理财","companyLogo":"image1/M00/0C/F2/CgYXBlT2mG2AOPevAAB_09mD2Ko247.png","financeStage":"成长型(A轮)","approve":1,"jobNature":"全职","companyLabelList":["年底双薪","节日礼物","技能培训","绩效奖金"],"district":"朝阳区","score":0,"publisherId":97147,"explain":null,"plus":null,"pcShow":0,"appShow":0,"deliver":0,"gradeDescription":null},{"companyFullName":"北京晟程华科教育科技有限公司","adWord":0,"companyId":103460,"formatCreateTime":"17:48发布","businessZones":null,"imState":"today","lastLogin":1472550500000,"positionId":1382920,"industryField":"教育","education":"大专","workYear":"3-5年","city":"北京","positionAdvantage":"尚硅谷40-50万年薪聘Android大牛讲师","createTime":"2016-08-30 17:48:29","salary":"40k-50k","positionName":"40-50万年薪聘Android大牛讲师","companySize":"500-2000人","companyShortName":"尚硅谷","companyLogo":"image2/M00/11/30/CgpzWlYxcDeAebTuAAAecd87v2g546.jpg?cc=0.009739878353540121","financeStage":"初创型(未融资)","approve":0,"jobNature":"全职","companyLabelList":["技能培训","专项奖金","带薪年假","绩效奖金"],"district":"昌平区","score":0,"publisherId":3655408,"explain":null,"plus":null,"pcShow":0,"appShow":0,"deliver":0,"gradeDescription":null},{"companyFullName":"北京木奇移动技术有限公司","adWord":0,"companyId":36512,"formatCreateTime":"17:28发布","businessZones":["常营","管庄"],"imState":"today","lastLogin":1472549290000,"positionId":571902,"industryField":"移动互联网,企业服务","education":"本科","workYear":"1-3年","city":"北京","positionAdvantage":"有股票","createTime":"2016-08-30 17:28:16","salary":"8k-16k","positionName":"Android开发工程师","companySize":"15-50人","companyShortName":"木奇移动（有百万级别项目）","companyLogo":"image1/M00/00/57/CgYXBlTUXSmABDBKAABHKfeRKvk861.png","financeStage":"初创型(未融资)","approve":0,"jobNature":"全职","companyLabelList":["技能培训","股票期权","绩效奖金","扁平管理"],"district":"朝阳区","score":0,"publisherId":639461,"explain":null,"plus":null,"pcShow":0,"appShow":0,"deliver":0,"gradeDescription":null},{"companyFullName":"情非得已（北京）科技有限公司","adWord":0,"companyId":116183,"formatCreateTime":"17:28发布","businessZones":["建外大街","国贸","CBD"],"imState":"today","lastLogin":1472553855000,"positionId":1786957,"industryField":"移动互联网,企业服务","education":"不限","workYear":"1-3年","city":"北京","positionAdvantage":"五险一金、无限小吃、Mac办公、定期体检","createTime":"2016-08-30 17:28:11","salary":"8k-15k","positionName":"android&amp;iOS测试工程师","companySize":"15-50人","companyShortName":"情非得已","companyLogo":"i/image/M00/1C/58/CgqKkVcB1QyAJM2-AAA4t6tVzs8439.jpg","financeStage":"初创型(天使轮)","approve":0,"jobNature":"全职","companyLabelList":["定期体检","年度旅游","领导好","扁平管理"],"district":"朝阳区","score":0,"publisherId":4170237,"explain":null,"plus":null,"pcShow":0,"appShow":0,"deliver":0,"gradeDescription":null},{"companyFullName":"万有引力网络科技发展有限公司","adWord":0,"companyId":98103,"formatCreateTime":"17:25发布","businessZones":["北苑","立水桥"],"imState":"disabled","lastLogin":1472549132000,"positionId":1819505,"industryField":"电子商务","education":"本科","workYear":"1-3年","city":"北京","positionAdvantage":"五险一金 双休 跨境电商 国际化团队","createTime":"2016-08-30 17:25:42","salary":"6k-8k","positionName":"APP（Android）开发工程师","companySize":"50-150人","companyShortName":"万有引力","companyLogo":"image2/M00/09/02/CgqLKVYFGSeAdfOZAACdCYbo6po381.jpg?cc=0.5832109577022493","financeStage":"初创型(未融资)","approve":1,"jobNature":"全职","companyLabelList":["全球贸易中心","国际化团队","出国工作机会","跨境电商"],"district":"朝阳区","score":0,"publisherId":2683573,"explain":null,"plus":null,"pcShow":0,"appShow":0,"deliver":0,"gradeDescription":null}]}},"code":0}