{"success":true,"requestId":null,"msg":null,"resubmitToken":null,"content":{"pageNo":28,"pageSize":15,"positionResult":{"resultSize":15,"totalCount":8899,"locationInfo":{"city":"北京","district":null,"queryByGisCode":false,"locationCode":null,"businessZone":null},"queryAnalysisInfo":{"positionName":"android","companyName":null,"usefulCompany":false,"industryName":null},"strategyProperty":{"name":"dm-csearch-newSimScorer","id":1},"result":[{"createTime":"2016-08-26 18:19:01","formatCreateTime":"2016-08-26","companyId":114110,"positionName":"Android framework开发","workYear":"3-5年","education":"本科","jobNature":"全职","companyShortName":"乐视","city":"北京","salary":"15k-25k","financeStage":"上市公司","positionId":1449412,"companyLogo":"i/image/M00/04/2B/Cgp3O1bGwzWAEAB4AAAbnMQCudk783.jpg","positionAdvantage":"全员持股","approve":1,"district":"朝阳区","score":0,"companyLabelList":["股票期权","交通补助","通讯津贴","带薪年假"],"industryField":"移动互联网","companySize":"2000人以上","imState":"disabled","lastLogin":1472555904000,"publisherId":3790156,"explain":null,"plus":null,"pcShow":0,"appShow":0,"deliver":0,"gradeDescription":null,"businessZones":["团结湖","朝阳公园","甜水园"],"companyFullName":"乐视网信息技术（北京）股份有限公司","adWord":0},{"createTime":"2016-08-26 12:45:49","formatCreateTime":"2016-08-26","companyId":59949,"positionName":"Android 初级研发工程师","workYear":"1-3年","education":"本科","jobNature":"全职","companyShortName":"融云","city":"北京","salary":"9k-18k","financeStage":"初创型(天使轮)","positionId":838108,"companyLogo":"image1/M00/34/19/Cgo8PFWV_TyABkj0AAAgFevtc6Q192.png","positionAdvantage":"优质创业公司、发展势头迅猛、薪资福利超赞","approve":1,"district":"朝阳区","score":0,"companyLabelList":["节日礼物","期权机会","带薪年假","岗位晋升"],"industryField":"移动互联网,数据服务","companySize":"50-150人","imState":"sevenDays","lastLogin":1472186419000,"publisherId":1510436,"explain":null,"plus":null,"pcShow":0,"appShow":0,"deliver":0,"gradeDescription":null,"businessZones":["北苑","立水桥"],"companyFullName":"北京云中融信网络科技有限公司","adWord":0},{"createTime":"2016-08-26 10:32:15","formatCreateTime":"2016-08-26","companyId":1575,"positionName":"资深Android / IOS开发工程师/技术专家","workYear":"5-10年","education":"本科","jobNature":"全职","companyShortName":"百度","city":"北京","salary":"35k-55k","financeStage":"上市公司","positionId":2208662,"companyLogo":"image1/M00/00/06/CgYXBlTUWAWAOBXrAABGHHFb0q8748.jpg","positionAdvantage":"发展空间大","approve":1,"district":"海淀区","score":0,"companyLabelList":["股票期权","弹性工作","五险一金","免费班车"],"industryField":"移动互联网,数据服务","companySize":"2000人以上","imState":"disabled","lastLogin":1472524359000,"publisherId":805353,"explain":null,"plus":null,"pcShow":0,"appShow":0,"deliver":0,"gradeDescription":null,"businessZones":["上地","西二旗","马连洼"],"companyFullName":"百度在线网络技术（北京）有限公司","adWord":0},{"createTime":"2016-08-26 10:30:17","formatCreateTime":"2016-08-26","companyId":7279,"positionName":"高级Android研发工程师","workYear":"3-5年","education":"本科","jobNature":"全职","companyShortName":"Kika Tech(新美互通)","city":"北京","salary":"25k-35k","financeStage":"成长型(B轮)","positionId":2291672,"companyLogo":"i/image/M00/10/3F/CgqKkVbfkpuAWYVCAAAPa-AIRBE907.jpg","positionAdvantage":"弹性工作，福利待遇好，公司发展前景好","approve":1,"district":"东城区","score":0,"companyLabelList":["弹性工作任性","技术牛带你飞","高质量妹子多","环境舒适"],"industryField":"移动互联网","companySize":"150-500人","imState":"today","lastLogin":1472541743000,"publisherId":43896,"explain":null,"plus":null,"pcShow":0,"appShow":0,"deliver":0,"gradeDescription":null,"businessZones":["和平里","雍和宫","和平街"],"companyFullName":"北京新美互通科技有限公司","adWord":0},{"createTime":"2016-08-26 10:25:06","formatCreateTime":"2016-08-26","companyId":17751,"positionName":"Android工程师","workYear":"3-5年","education":"本科","jobNature":"全职","companyShortName":"人人车","city":"北京","salary":"20k-30k","financeStage":"成熟型(C轮)","positionId":1530769,"companyLogo":"image1/M00/00/21/Cgo8PFTUWHGAUTAcAABoeBHiSGQ931.jpg","positionAdvantage":"激情团队，超快发展，弹性工作制","approve":1,"district":"朝阳区","score":0,"companyLabelList":["岗位晋升","扁平管理","个人成长快","牛人多"],"industryField":"O2O","companySize":"2000人以上","imState":"today","lastLogin":1472564498000,"publisherId":189301,"explain":null,"plus":null,"pcShow":0,"appShow":0,"deliver":0,"gradeDescription":null,"businessZones":["北苑","来广营"],"companyFullName":"北京善义善美网络技术有限公司","adWord":0},{"createTime":"2016-08-26 10:14:38","formatCreateTime":"2016-08-26","companyId":24989,"positionName":"Android架构师","workYear":"3-5年","education":"本科","jobNature":"全职","companyShortName":"电视家","city":"北京","salary":"20k-30k","financeStage":"成长型(A轮)","positionId":2231163,"companyLogo":"image1/M00/11/19/Cgo8PFUAHUyAe_MMAAB-pZFOtGQ941.png","positionAdvantage":"高额薪资+股份期权+能力提升+舒适氛围","approve":1,"district":null,"score":0,"companyLabelList":["股票期权","年度旅游","领导好","交通补助"],"industryField":"移动互联网","companySize":"15-50人","imState":"sevenDays","lastLogin":1472177009000,"publisherId":1416029,"explain":null,"plus":null,"pcShow":0,"appShow":0,"deliver":0,"gradeDescription":null,"businessZones":null,"companyFullName":"北京奇果网络科技有限公司","adWord":0},{"createTime":"2016-08-26 10:09:41","formatCreateTime":"2016-08-26","companyId":4838,"positionName":"Android高级工程师","workYear":"3-5年","education":"本科","jobNature":"全职","companyShortName":"安邦保险集团","city":"北京","salary":"20k-40k","financeStage":"成熟型(不需要融资)","positionId":2291451,"companyLogo":"image1/M00/00/0B/CgYXBlTUWBuAUJAkAAB6cj6qvIk863.jpg","positionAdvantage":"五险一金 岗位晋升 发展空间大 带薪休假","approve":1,"district":null,"score":0,"companyLabelList":["绩效奖金","专项奖金","五险一金","通讯津贴"],"industryField":"移动互联网,金融","companySize":"2000人以上","imState":"today","lastLogin":1472548560000,"publisherId":5428877,"explain":null,"plus":null,"pcShow":0,"appShow":0,"deliver":0,"gradeDescription":null,"businessZones":null,"companyFullName":"安邦保险集团股份有限公司","adWord":0},{"createTime":"2016-08-26 10:09:14","formatCreateTime":"2016-08-26","companyId":78751,"positionName":"Android高级开发工程师","workYear":"5-10年","education":"本科","jobNature":"全职","companyShortName":"乐铺","city":"北京","salary":"15k-20k","financeStage":"成长型(A轮)","positionId":2291444,"companyLogo":"image2/M00/0A/88/CgpzWlYV5lqAKw2BAAAWH0Fvz10858.png","positionAdvantage":"入职即上五险一金+餐补","approve":1,"district":"朝阳区","score":0,"companyLabelList":["节日礼物","股票期权","带薪年假","绩效奖金"],"industryField":"移动互联网,电子商务","companySize":"50-150人","imState":"today","lastLogin":1472520641000,"publisherId":1995435,"explain":null,"plus":null,"pcShow":0,"appShow":0,"deliver":0,"gradeDescription":null,"businessZones":["四惠","十里堡","甘露园"],"companyFullName":"北京乐铺网络科技有限公司","adWord":0},{"createTime":"2016-08-26 10:08:44","formatCreateTime":"2016-08-26","companyId":1686,"positionName":"高级Android开发工程师","workYear":"3-5年","education":"本科","jobNature":"全职","companyShortName":"爱奇艺","city":"北京","salary":"20k-30k","financeStage":"成熟型(D轮及以上)","positionId":2118034,"companyLogo":"image1/M00/00/06/Cgo8PFTUWAaAbD7PAACAXTzCmiw113.jpg","positionAdvantage":"绩效奖金 晋升空间 14薪 12天年假","approve":1,"district":"海淀区","score":0,"companyLabelList":["绩效奖金","五险一金","交通补助","带薪年假"],"industryField":"广告营销,文化娱乐","companySize":"2000人以上","imState":"today","lastLogin":1472553257000,"publisherId":5698123,"explain":null,"plus":null,"pcShow":0,"appShow":0,"deliver":0,"gradeDescription":null,"businessZones":["中关村","北京大学","苏州街"],"companyFullName":"北京爱奇艺科技有限公司","adWord":0},{"createTime":"2016-08-26 10:00:52","formatCreateTime":"2016-08-26","companyId":99360,"positionName":"Android","workYear":"3-5年","education":"本科","jobNature":"全职","companyShortName":"e飞蚁","city":"北京","salary":"10k-20k","financeStage":"成长型(不需要融资)","positionId":1383410,"companyLogo":"i/image/M00/01/C8/Cgp3O1Z3l9qAR4ikAAAm-A8XsqY109.png","positionAdvantage":"弹性工作 五险一金","approve":1,"district":"朝阳区","score":0,"companyLabelList":["绩效奖金","股票期权","午餐补助","弹性工作"],"industryField":"电子商务,O2O","companySize":"50-150人","imState":"today","lastLogin":1472546877000,"publisherId":3599563,"explain":null,"plus":null,"pcShow":0,"appShow":0,"deliver":0,"gradeDescription":null,"businessZones":["酒仙桥","大山子","将台路"],"companyFullName":"永新华韵文化发展有限公司","adWord":0},{"createTime":"2016-08-26 10:00:48","formatCreateTime":"2016-08-26","companyId":7292,"positionName":"Android","workYear":"1-3年","education":"本科","jobNature":"全职","companyShortName":"畅聊天下(派派交友）","city":"北京","salary":"15k-20k","financeStage":"成长型(B轮)","positionId":1949965,"companyLogo":"image1/M00/1A/42/CgYXBlUbifGASvN9AACTHYLzJKc557.jpg","positionAdvantage":"五险一金+试用期薪资100%发放","approve":1,"district":"海淀区","score":0,"companyLabelList":["年底双薪","午餐补助","带薪年假","股票期权"],"industryField":"移动互联网","companySize":"150-500人","imState":"today","lastLogin":1472551885000,"publisherId":3616515,"explain":null,"plus":null,"pcShow":0,"appShow":0,"deliver":0,"gradeDescription":null,"businessZones":["上地","西二旗","马连洼"],"companyFullName":"北京畅聊天下科技有限公司","adWord":0},{"createTime":"2016-08-26 09:59:32","formatCreateTime":"2016-08-26","companyId":35677,"positionName":"高级Android开发工程师","workYear":"3-5年","education":"本科","jobNature":"全职","companyShortName":"零度智控","city":"北京","salary":"15k-20k","financeStage":"成长型(A轮)","positionId":754618,"companyLogo":"i/image/M00/00/15/Cgp3O1YoY4KAfVadAAARBzxVAZw109.jpg","positionAdvantage":"股票期权 年底分红 五险一金","approve":1,"district":"海淀区","score":0,"companyLabelList":["技能培训","年底分红","岗位晋升","年度旅游"],"industryField":"硬件","companySize":"50-150人","imState":"today","lastLogin":1472547876000,"publisherId":621091,"explain":null,"plus":null,"pcShow":0,"appShow":0,"deliver":0,"gradeDescription":null,"businessZones":["上地","马连洼","西二旗"],"companyFullName":"零度智控（北京）智能科技有限公司","adWord":0},{"createTime":"2016-08-26 09:56:14","formatCreateTime":"2016-08-26","companyId":28219,"positionName":"高级Android开发工程师","workYear":"3-5年","education":"大专","jobNature":"全职","companyShortName":"优亿市场","city":"北京","salary":"15k-25k","financeStage":"初创型(未融资)","positionId":1492176,"companyLogo":"image1/M00/00/3D/Cgo8PFTUXLqAcj2cAABfCAU9fzU193.png","positionAdvantage":"齐全的员工福利，轻松的工作氛围","approve":1,"district":"朝阳区","score":0,"companyLabelList":["绩效奖金","五险一金","交通补助","带薪年假"],"industryField":"移动互联网","companySize":"15-50人","imState":"today","lastLogin":1472550628000,"publisherId":369775,"explain":null,"plus":null,"pcShow":0,"appShow":0,"deliver":0,"gradeDescription":null,"businessZones":["小关","惠新里","对外经贸"],"companyFullName":"北京浩游网讯科技有限公司","adWord":0},{"createTime":"2016-08-26 09:47:29","formatCreateTime":"2016-08-26","companyId":31781,"positionName":"Android","workYear":"3-5年","education":"大专","jobNature":"全职","companyShortName":"陌游","city":"北京","salary":"10k-15k","financeStage":"成长型(B轮)","positionId":2259565,"companyLogo":"i/image/M00/11/41/Cgp3O1bhVmCAWDrXAAAOdGf5Qdc770.jpg","positionAdvantage":"五险一金 绩效奖金 年终分红 股票期权","approve":0,"district":"海淀区","score":0,"companyLabelList":["技能培训","岗位晋升","扁平管理","帅哥多"],"industryField":"移动互联网,游戏","companySize":"15-50人","imState":"disabled","lastLogin":1472555256000,"publisherId":390072,"explain":null,"plus":null,"pcShow":0,"appShow":0,"deliver":0,"gradeDescription":null,"businessZones":["大钟寺","蓟门桥","皂君庙"],"companyFullName":"北京陌游科技有限公司","adWord":0},{"createTime":"2016-08-26 09:44:44","formatCreateTime":"2016-08-26","companyId":83603,"positionName":"Android高级/资深开发工程师/lead","workYear":"1-3年","education":"本科","jobNature":"全职","companyShortName":"云城思创","city":"北京","salary":"25k-50k","financeStage":"成长型(不需要融资)","positionId":2148289,"companyLogo":"image1/M00/39/98/CgYXBlWqDtGAJ_lMAAB6TOF44o0206.png?cc=0.3526175271254033","positionAdvantage":"弹性工作、六险一金、带薪年假、住房补贴","approve":0,"district":"海淀区","score":0,"companyLabelList":["年底双薪","专项奖金","带薪年假","绩效奖金"],"industryField":"移动互联网","companySize":"50-150人","imState":"today","lastLogin":1472548212000,"publisherId":2135876,"explain":null,"plus":null,"pcShow":0,"appShow":0,"deliver":0,"gradeDescription":null,"businessZones":["中关村","双榆树","双安"],"companyFullName":"北京云城思创咨询有限责任公司","adWord":0}]}},"code":0}