{"success":true,"requestId":null,"msg":null,"resubmitToken":null,"code":0,"content":{"pageNo":63,"pageSize":15,"positionResult":{"resultSize":15,"totalCount":8899,"locationInfo":{"queryByGisCode":false,"businessZone":null,"locationCode":null,"city":"北京","district":null},"queryAnalysisInfo":{"industryName":null,"usefulCompany":false,"positionName":"android","companyName":null},"strategyProperty":{"name":"dm-csearch-newSimScorer","id":1},"result":[{"companyId":106303,"businessZones":null,"imState":"disabled","lastLogin":1472590808000,"publisherId":1867,"explain":null,"plus":null,"pcShow":0,"appShow":0,"deliver":0,"gradeDescription":null,"companyFullName":"搜狐媒体","formatCreateTime":"2016-08-18","positionName":"集团总部-大数据中心-Android（高级）开发工程师","workYear":"1年以下","education":"本科","jobNature":"全职","companyLogo":"i/image/M00/00/60/CgqKkVZFhiKAe07DAAAMN2gO144456.jpg","salary":"20k-30k","city":"北京","financeStage":"上市公司","industryField":"移动互联网,广告营销","positionId":2123754,"approve":1,"createTime":"2016-08-18 12:02:12","positionAdvantage":"一年15天年假，弹性工作时间，文化灵活","district":"海淀区","companyShortName":"搜狐媒体","companyLabelList":["节日礼物","项目奖金","弹性工作时间","15天年假"],"score":0,"companySize":"2000人以上","adWord":0},{"companyId":50702,"businessZones":["大山子","望京","酒仙桥"],"imState":"disabled","lastLogin":1472548516000,"publisherId":5569850,"explain":null,"plus":null,"pcShow":0,"appShow":0,"deliver":0,"gradeDescription":null,"companyFullName":"北京三快在线科技有限公司","formatCreateTime":"2016-08-17","positionName":"高级Android工程师","workYear":"3-5年","education":"本科","jobNature":"全职","companyLogo":"i/image/M00/4B/6C/CgqKkVefHv-AFoRzAAAuALF7ZZ0419.png","salary":"20k-35k","city":"北京","financeStage":"成熟型(D轮及以上)","industryField":"移动互联网,O2O","positionId":2115224,"approve":1,"createTime":"2016-08-17 16:59:18","positionAdvantage":"核心业务部门，用户量庞大","district":"朝阳区","companyShortName":"美团点评","companyLabelList":["技能培训","绩效奖金","岗位晋升","领导好"],"score":0,"companySize":"2000人以上","adWord":0},{"companyId":61488,"businessZones":null,"imState":"today","lastLogin":1472548940000,"publisherId":965544,"explain":null,"plus":null,"pcShow":0,"appShow":0,"deliver":0,"gradeDescription":null,"companyFullName":"北京四达时代软件技术股份有限公司","formatCreateTime":"2016-08-17","positionName":"Android","workYear":"1-3年","education":"本科","jobNature":"全职","companyLogo":"image1/M00/1A/E1/CgYXBlUd7k-AAGqpAAAljq6bCv4669.png","salary":"12k-22k","city":"北京","financeStage":"上市公司","industryField":"文化娱乐,硬件","positionId":844326,"approve":1,"createTime":"2016-08-17 14:11:33","positionAdvantage":"有竞争力的薪酬，广阔的发展空间","district":"大兴区","companyShortName":"四达时代集团","companyLabelList":["年底双薪","专项奖金","绩效奖金","交通补助"],"score":0,"companySize":"2000人以上","adWord":0},{"companyId":132697,"businessZones":["大屯","奥运村","亚运村"],"imState":"today","lastLogin":1472528029000,"publisherId":5201330,"explain":null,"plus":null,"pcShow":0,"appShow":0,"deliver":0,"gradeDescription":null,"companyFullName":"北京优闲在线信息技术有限公司","formatCreateTime":"2016-08-17","positionName":"高级安卓开发工程师","workYear":"3-5年","education":"本科","jobNature":"全职","companyLogo":"i/image/M00/4E/A0/Cgp3O1er9WyAK0P4AAClq7BlGww85.jpeg","salary":"20k-35k","city":"北京","financeStage":"初创型(天使轮)","industryField":"移动互联网,社交网络","positionId":2198531,"approve":1,"createTime":"2016-08-17 11:33:11","positionAdvantage":"直播 优秀团队 不打卡 水果零食不限","district":"朝阳区","companyShortName":"花镜直播","companyLabelList":["年底双薪","带薪年假","定期体检","股票期权"],"score":0,"companySize":"15-50人","adWord":0},{"companyId":72922,"businessZones":["南彩"],"imState":"disabled","lastLogin":1472029079000,"publisherId":1746881,"explain":null,"plus":null,"pcShow":0,"appShow":0,"deliver":0,"gradeDescription":null,"companyFullName":"北京天创科林科技有限公司","formatCreateTime":"2016-08-17","positionName":"Android开发工程师","workYear":"不限","education":"大专","jobNature":"全职","companyLogo":"images/logo_default.png","salary":"6k-8k","city":"北京","financeStage":"初创型(不需要融资)","industryField":"移动互联网","positionId":1461508,"approve":0,"createTime":"2016-08-17 11:12:29","positionAdvantage":"年终奖金、双休、给你发展和提升的空间","district":"顺义区","companyShortName":"天创科林","companyLabelList":["年底双薪","带薪年假","年度旅游","领导好"],"score":0,"companySize":"15-50人","adWord":0},{"companyId":38915,"businessZones":["朝阳门","朝外","东四"],"imState":"sevenDays","lastLogin":1472007422000,"publisherId":2704148,"explain":null,"plus":null,"pcShow":0,"appShow":0,"deliver":0,"gradeDescription":null,"companyFullName":"寺库中国","formatCreateTime":"2016-08-17","positionName":"Android高级工程师","workYear":"5-10年","education":"本科","jobNature":"全职","companyLogo":"i/image/M00/1E/80/Cgp3O1cHlbKAAEZ1AAFw6gA3YpU365.png","salary":"25k-30k","city":"北京","financeStage":"成熟型(D轮及以上)","industryField":"移动互联网,电子商务","positionId":2249327,"approve":0,"createTime":"2016-08-17 11:08:35","positionAdvantage":"股权,培训","district":"东城区","companyShortName":"寺库集团","companyLabelList":["技能培训","股票期权","带薪年假","绩效奖金"],"score":0,"companySize":"500-2000人","adWord":0},{"companyId":89462,"businessZones":["中关村","人民大学"],"imState":"disabled","lastLogin":1472540686000,"publisherId":332220,"explain":null,"plus":null,"pcShow":0,"appShow":0,"deliver":0,"gradeDescription":null,"companyFullName":"北京悦优博迈科技有限公司","formatCreateTime":"2016-08-17","positionName":"Android","workYear":"3-5年","education":"本科","jobNature":"全职","companyLogo":"i/image/M00/45/74/CgqKkVeIahiAJTjfAABRX6m3TFU342.jpg","salary":"10k-20k","city":"北京","financeStage":"成长型(A轮)","industryField":"移动互联网,医疗健康","positionId":988372,"approve":0,"createTime":"2016-08-17 11:04:09","positionAdvantage":"朝阳行业，高薪期权，福利齐全","district":"海淀区","companyShortName":"悦优博迈","companyLabelList":["技能培训","股票期权","带薪年假","绩效奖金"],"score":0,"companySize":"15-50人","adWord":0},{"companyId":1914,"businessZones":["双榆树","中关村","大钟寺"],"imState":"disabled","lastLogin":1472541250000,"publisherId":1609283,"explain":null,"plus":null,"pcShow":0,"appShow":0,"deliver":0,"gradeDescription":null,"companyFullName":"合一网络技术（北京）有限公司","formatCreateTime":"2016-08-17","positionName":"Android开发工程师","workYear":"1-3年","education":"本科","jobNature":"全职","companyLogo":"i/image/M00/01/39/Cgp3O1Zk9luAeL0jAAAO0FvOuQE553.png","salary":"15k-25k","city":"北京","financeStage":"上市公司","industryField":"数据服务,文化娱乐","positionId":2249184,"approve":1,"createTime":"2016-08-17 10:58:44","positionAdvantage":"薪酬福利好 发展空间大","district":"海淀区","companyShortName":"优酷土豆","companyLabelList":["带薪年假","岗位晋升","五险一金","弹性工作"],"score":0,"companySize":"2000人以上","adWord":0},{"companyId":66500,"businessZones":["万寿寺","紫竹桥","魏公村"],"imState":"today","lastLogin":1472535324000,"publisherId":4796196,"explain":null,"plus":null,"pcShow":0,"appShow":0,"deliver":0,"gradeDescription":null,"companyFullName":"北京一路热点信息技术有限公司","formatCreateTime":"2016-08-17","positionName":"Android","workYear":"不限","education":"本科","jobNature":"全职","companyLogo":"image1/M00/22/0C/Cgo8PFU_UwOAZvjSAAB6q4ULjsQ415.jpg","salary":"18k-35k","city":"北京","financeStage":"成长型(B轮)","industryField":"移动互联网","positionId":1705239,"approve":1,"createTime":"2016-08-17 10:42:57","positionAdvantage":"绩效奖金多，大牛，弹性工作","district":"海淀区","companyShortName":"16wifi","companyLabelList":["股票期权","带薪年假","管理规范","美女多"],"score":0,"companySize":"150-500人","adWord":0},{"companyId":127389,"businessZones":null,"imState":"threeDays","lastLogin":1472448174000,"publisherId":3615262,"explain":null,"plus":null,"pcShow":0,"appShow":0,"deliver":0,"gradeDescription":null,"companyFullName":"安徽七彩世界地产集团有限公司","formatCreateTime":"2016-08-17","positionName":"Android开发工程师","workYear":"3-5年","education":"大专","jobNature":"全职","companyLogo":"i/image/M00/26/86/Cgp3O1chtmmAIoKQAAF-M44FB5s185.jpg","salary":"13k-20k","city":"北京","financeStage":"成长型(B轮)","industryField":"生活服务,O2O","positionId":2247968,"approve":0,"createTime":"2016-08-17 09:30:06","positionAdvantage":"工作氛围好,老板好,股权激励,项目奖金","district":"海淀区","companyShortName":"七彩世界集团","companyLabelList":["股票期权","定期体检","年终分红","绩效奖金"],"score":0,"companySize":"500-2000人","adWord":0},{"companyId":80287,"businessZones":["中关村","知春路","双榆树"],"imState":"overSevenDays","lastLogin":1471595691000,"publisherId":2203659,"explain":null,"plus":null,"pcShow":0,"appShow":0,"deliver":0,"gradeDescription":null,"companyFullName":"环球智达科技（北京）有限公司","formatCreateTime":"2016-08-17","positionName":"Android系统开发工程师","workYear":"3-5年","education":"大专","jobNature":"全职","companyLogo":"image1/M00/33/7E/Cgo8PFWTr5WAV6CTAAAb1qxWAVg966.jpg?cc=0.7354893281590194","salary":"15k-30k","city":"北京","financeStage":"成熟型(C轮)","industryField":"移动互联网,电子商务","positionId":1680201,"approve":1,"createTime":"2016-08-17 09:28:00","positionAdvantage":"7险一金、弹性工作、餐补、话补、交通补","district":"海淀区","companyShortName":"环球智达","companyLabelList":["年底双薪","股票期权","带薪年假","年度旅游"],"score":0,"companySize":"150-500人","adWord":0},{"companyId":85504,"businessZones":["安贞","安华","和平里"],"imState":"today","lastLogin":1472549567000,"publisherId":2189372,"explain":null,"plus":null,"pcShow":0,"appShow":0,"deliver":0,"gradeDescription":null,"companyFullName":"深圳超多维光电子有限公司","formatCreateTime":"2016-08-17","positionName":"Android开发工程师","workYear":"3-5年","education":"本科","jobNature":"全职","companyLogo":"image1/M00/3C/B4/CgYXBlW2DAGAdtibAABlAmtRXmw046.png?cc=0.6602574198041111","salary":"15k-25k","city":"北京","financeStage":"初创型(未融资)","industryField":"硬件","positionId":1967804,"approve":1,"createTime":"2016-08-17 09:26:57","positionAdvantage":"VR内容开发","district":"东城区","companyShortName":"超多维","companyLabelList":["带薪年假","年度旅游","美女多","帅哥多"],"score":0,"companySize":"150-500人","adWord":0},{"companyId":144352,"businessZones":["大望路","红庙","华贸"],"imState":"disabled","lastLogin":1471915341000,"publisherId":4344503,"explain":null,"plus":null,"pcShow":0,"appShow":0,"deliver":0,"gradeDescription":null,"companyFullName":"北京瑞卓喜投科技发展有限公司","formatCreateTime":"2016-08-16","positionName":"高级安卓开发工程师","workYear":"3-5年","education":"大专","jobNature":"全职","companyLogo":"i/image/M00/50/23/Cgp3O1ey9kyAR2ZmAAAUz94JxbQ978.jpg","salary":"15k-20k","city":"北京","financeStage":"成长型(A轮)","industryField":"移动互联网,金融","positionId":2247356,"approve":0,"createTime":"2016-08-16 20:08:37","positionAdvantage":"试用期全额工资，13薪，五险一金，各种补","district":"朝阳区","companyShortName":"瑞卓喜投","companyLabelList":null,"score":0,"companySize":"50-150人","adWord":0},{"companyId":127897,"businessZones":["四惠","百子湾","十里堡"],"imState":"disabled","lastLogin":1472551597000,"publisherId":4975825,"explain":null,"plus":null,"pcShow":0,"appShow":0,"deliver":0,"gradeDescription":null,"companyFullName":"北京好车轰轰电子商务有限公司","formatCreateTime":"2016-08-16","positionName":"Android开发工程师","workYear":"3-5年","education":"大专","jobNature":"全职","companyLogo":"i/image/M00/27/EA/CgqKkVcpdZSAHEMqAAARQ57CibQ799.jpg","salary":"15k-25k","city":"北京","financeStage":"成长型(A轮)","industryField":"电子商务,金融","positionId":2247314,"approve":1,"createTime":"2016-08-16 19:42:53","positionAdvantage":"五险一金 弹性时间 零食饮料","district":"朝阳区","companyShortName":"好车轰轰","companyLabelList":null,"score":0,"companySize":"50-150人","adWord":0},{"companyId":90566,"businessZones":["建外大街","国贸","CBD"],"imState":"disabled","lastLogin":1472450774000,"publisherId":2340933,"explain":null,"plus":null,"pcShow":0,"appShow":0,"deliver":0,"gradeDescription":null,"companyFullName":"北京格高忆媛科技有限公司","formatCreateTime":"2016-08-16","positionName":"Android","workYear":"3-5年","education":"本科","jobNature":"全职","companyLogo":"image1/M00/44/1A/Cgo8PFXUIdKAT9dvAAAxrX04Dkw202.jpg?cc=0.15109501383267343","salary":"10k-20k","city":"北京","financeStage":"初创型(天使轮)","industryField":"电子商务,O2O","positionId":1837360,"approve":1,"createTime":"2016-08-16 18:18:53","positionAdvantage":"五险一金 岗位晋升 前景广阔 高成长","district":"朝阳区","companyShortName":"格高忆媛","companyLabelList":["岗位晋升","扁平管理","领导好","美女多"],"score":0,"companySize":"少于15人","adWord":0}]}}}