{"resubmitToken":null,"success":true,"requestId":null,"msg":null,"content":{"pageNo":89,"pageSize":15,"positionResult":{"totalCount":8899,"resultSize":15,"locationInfo":{"city":"北京","district":null,"businessZone":null,"queryByGisCode":false,"locationCode":null},"queryAnalysisInfo":{"positionName":"android","companyName":null,"industryName":null,"usefulCompany":false},"strategyProperty":{"name":"dm-csearch-newSimScorer","id":1},"result":[{"companyId":9261,"positionName":"Android","workYear":"3-5年","education":"本科","jobNature":"全职","createTime":"2016-07-15 17:50:22","companyShortName":"百度","positionId":2104906,"salary":"20k-30k","approve":0,"city":"北京","positionAdvantage":"平台大，薪资福利高","companyLogo":"image1/M00/3D/D2/CgYXBlW5q4qASA_KAAAMXmcC_Zk290.jpg?cc=0.2853215398595885","industryField":"移动互联网","companyLabelList":["年假","技能培训","节日礼物","岗位晋升"],"financeStage":"上市公司","district":"海淀区","score":0,"companySize":"2000人以上","companyFullName":"百度（中国）有限公司","adWord":0,"formatCreateTime":"2016-07-15","imState":"disabled","lastLogin":1468894363000,"publisherId":5117993,"explain":null,"plus":null,"pcShow":0,"appShow":0,"deliver":0,"gradeDescription":null,"businessZones":["西北旺","马连洼","上地"]},{"companyId":1880,"positionName":"Android / iOS APP 测试工程师","workYear":"1-3年","education":"本科","jobNature":"全职","createTime":"2016-07-14 11:02:05","companyShortName":"快手","positionId":2095784,"salary":"10k-20k","approve":1,"city":"北京","positionAdvantage":"待遇优厚,租房补贴,成长空间","companyLogo":"image1/M00/00/06/CgYXBlTUWAeAceGUAAAjba3fUBE119.png","industryField":"移动互联网","companyLabelList":["股票期权","五险一金","弹性工作","定期体检"],"financeStage":"成长型(B轮)","district":null,"score":0,"companySize":"50-150人","companyFullName":"北京达佳互联信息技术有限公司","adWord":0,"formatCreateTime":"2016-07-14","imState":"overSevenDays","lastLogin":1470304047000,"publisherId":5636509,"explain":null,"plus":null,"pcShow":0,"appShow":0,"deliver":0,"gradeDescription":null,"businessZones":null},{"companyId":4838,"positionName":"高级软件工程师（Android)","workYear":"3-5年","education":"本科","jobNature":"全职","createTime":"2016-07-14 10:58:02","companyShortName":"安邦保险集团","positionId":1166540,"salary":"18k-25k","approve":1,"city":"北京","positionAdvantage":"金融平台大，发展空间广阔，薪资福利好","companyLogo":"image1/M00/00/0B/CgYXBlTUWBuAUJAkAAB6cj6qvIk863.jpg","industryField":"移动互联网,金融","companyLabelList":["绩效奖金","专项奖金","五险一金","通讯津贴"],"financeStage":"成熟型(不需要融资)","district":"朝阳区","score":0,"companySize":"2000人以上","companyFullName":"安邦保险集团股份有限公司","adWord":0,"formatCreateTime":"2016-07-14","imState":"disabled","lastLogin":1472005754000,"publisherId":2818435,"explain":null,"plus":null,"pcShow":0,"appShow":0,"deliver":0,"gradeDescription":null,"businessZones":["建外大街","国贸","CBD"]},{"companyId":91,"positionName":"Android高级开发工程师","workYear":"不限","education":"本科","jobNature":"全职","createTime":"2016-07-14 10:20:04","companyShortName":"阿里巴巴移动事业群-高德","positionId":161851,"salary":"15k-30k","approve":1,"city":"北京","positionAdvantage":"弹性工作帅哥多美女多福利好","companyLogo":"i/image/M00/01/92/CgqKkVZv9oyAebyDAACpLbec-1E022.jpg","industryField":"移动互联网","companyLabelList":["弹性工作","帅哥多","美女多","五险一金"],"financeStage":"上市公司","district":"朝阳区","score":0,"companySize":"2000人以上","companyFullName":"高德软件有限公司","adWord":0,"formatCreateTime":"2016-07-14","imState":"today","lastLogin":1472549442000,"publisherId":60678,"explain":null,"plus":null,"pcShow":0,"appShow":0,"deliver":0,"gradeDescription":null,"businessZones":["望京","花家地","大山子"]},{"companyId":138501,"positionName":"Android","workYear":"1-3年","education":"本科","jobNature":"全职","createTime":"2016-07-13 23:05:23","companyShortName":"爱特","positionId":2094251,"salary":"8k-15k","approve":0,"city":"北京","positionAdvantage":"有爱,有才,有妹子","companyLogo":"i/image/M00/44/35/Cgp3O1eE8nOAeX4kAAAmhBgPC7s172.png","industryField":"文化娱乐,教育","companyLabelList":["股票期权","绩效奖金","专项奖金","带薪年假"],"financeStage":"初创型(不需要融资)","district":"朝阳区","score":0,"companySize":"15-50人","companyFullName":"北京爱特追梦文化科技有限公司","adWord":0,"formatCreateTime":"2016-07-13","imState":"threeDays","lastLogin":1472444952000,"publisherId":5620066,"explain":null,"plus":null,"pcShow":0,"appShow":0,"deliver":0,"gradeDescription":null,"businessZones":["立水桥","北苑"]},{"companyId":67315,"positionName":"高级Android工程师","workYear":"3-5年","education":"大专","jobNature":"全职","createTime":"2016-07-13 17:14:59","companyShortName":"欣润科技","positionId":630970,"salary":"12k-23k","approve":1,"city":"北京","positionAdvantage":"14薪加项目奖金 弹性工作制 晋升空间大","companyLogo":"i/image/M00/01/DF/Cgp3O1Z6C9WAXRATAARvD7bWUW4278.png","industryField":"移动互联网,游戏","companyLabelList":["年底双薪","节日礼物","技能培训","绩效奖金"],"financeStage":"初创型(天使轮)","district":"西城区","score":0,"companySize":"50-150人","companyFullName":"北京欣润科技有限公司","adWord":0,"formatCreateTime":"2016-07-13","imState":"overSevenDays","lastLogin":1471946620000,"publisherId":1649673,"explain":null,"plus":null,"pcShow":0,"appShow":0,"deliver":0,"gradeDescription":null,"businessZones":["德胜门","北太平庄","新街口"]},{"companyId":490,"positionName":"Android","workYear":"5-10年","education":"本科","jobNature":"全职","createTime":"2016-07-13 16:06:11","companyShortName":"LBE 科技","positionId":2092322,"salary":"25k-45k","approve":1,"city":"北京","positionAdvantage":"年度海外旅游，软饮零食全天候","companyLogo":"i/image/M00/3B/D7/Cgp3O1ds5CaAUwKJAABajPwlyY8010.jpg","industryField":"移动互联网","companyLabelList":["绩效奖金","专项奖金","带薪年假","节日礼物"],"financeStage":"成长型(B轮)","district":"朝阳区","score":0,"companySize":"50-150人","companyFullName":"永杨安风（北京）科技有限公司","adWord":0,"formatCreateTime":"2016-07-13","imState":"disabled","lastLogin":1470220561000,"publisherId":2779957,"explain":null,"plus":null,"pcShow":0,"appShow":0,"deliver":0,"gradeDescription":null,"businessZones":["四惠","十里堡","甘露园"]},{"companyId":5946,"positionName":"Android开发工程师","workYear":"5-10年","education":"本科","jobNature":"全职","createTime":"2016-07-13 15:44:50","companyShortName":"赤子城","positionId":2090157,"salary":"15k-30k","approve":1,"city":"北京","positionAdvantage":"六险一金+14薪+出国旅游+弹性工作制","companyLogo":"i/image/M00/1D/42/CgqKkVcEfVKAahS6AABDLCfK3K4304.JPG","industryField":"移动互联网,游戏","companyLabelList":["股票期权","学习氛围好","扁平管理","交通方便"],"financeStage":"成熟型(C轮)","district":"朝阳区","score":0,"companySize":"150-500人","companyFullName":"赤子城网络技术（北京）有限公司","adWord":0,"formatCreateTime":"2016-07-13","imState":"disabled","lastLogin":1470895572000,"publisherId":2241100,"explain":null,"plus":null,"pcShow":0,"appShow":0,"deliver":0,"gradeDescription":null,"businessZones":["三元桥"]},{"companyId":131971,"positionName":"Android","workYear":"1-3年","education":"本科","jobNature":"全职","createTime":"2016-07-13 15:13:39","companyShortName":"新华国采","positionId":2091798,"salary":"5k-10k","approve":0,"city":"北京","positionAdvantage":"工作餐补贴、绩效奖金、五险二金、交通补贴","companyLogo":"i/image/M00/3A/A1/Cgp3O1dp-oiAMSX2AADSc6mFs3A406.jpg","industryField":"移动互联网,数据服务","companyLabelList":null,"financeStage":"初创型(未融资)","district":"西城区","score":0,"companySize":"50-150人","companyFullName":"新华国采教育网络科技有限责任公司","adWord":0,"formatCreateTime":"2016-07-13","imState":"disabled","lastLogin":1472438451000,"publisherId":5416258,"explain":null,"plus":null,"pcShow":0,"appShow":0,"deliver":0,"gradeDescription":null,"businessZones":["展览路","官园","阜成门"]},{"companyId":77105,"positionName":"Android","workYear":"3-5年","education":"本科","jobNature":"全职","createTime":"2016-07-13 14:17:45","companyShortName":"竞技世界","positionId":2091129,"salary":"15k-30k","approve":0,"city":"北京","positionAdvantage":"过节费、员工旅游、春节红包、健身房","companyLogo":"image1/M00/2E/F1/CgYXBlV_8uOAG-lhAAAI1SDn90A808.png?cc=0.7755555979997883","industryField":"游戏","companyLabelList":["技能培训","节日礼物","带薪年假","绩效奖金"],"financeStage":"上市公司","district":"海淀区","score":0,"companySize":"500-2000人","companyFullName":"竞技世界（北京）网络技术有限公司","adWord":0,"formatCreateTime":"2016-07-13","imState":"overSevenDays","lastLogin":1470277842000,"publisherId":5402251,"explain":null,"plus":null,"pcShow":0,"appShow":0,"deliver":0,"gradeDescription":null,"businessZones":["上地","马连洼","西二旗"]},{"companyId":102778,"positionName":"Android 高级工程师","workYear":"3-5年","education":"不限","jobNature":"全职","createTime":"2016-07-13 12:00:17","companyShortName":"维时代","positionId":2090350,"salary":"10k-20k","approve":0,"city":"北京","positionAdvantage":"好的产品，好的公司，好的团队，好的收入。","companyLogo":"i/image/M00/02/82/CgqKkVaTCsyAGwUjAAAinfhzbvQ859.png","industryField":"移动互联网,硬件","companyLabelList":null,"financeStage":"初创型(天使轮)","district":"海淀区","score":0,"companySize":"少于15人","companyFullName":"维时代科技（北京）有限公司","adWord":0,"formatCreateTime":"2016-07-13","imState":"overSevenDays","lastLogin":1468459162000,"publisherId":5637255,"explain":null,"plus":null,"pcShow":0,"appShow":0,"deliver":0,"gradeDescription":null,"businessZones":["西三旗"]},{"companyId":121109,"positionName":"Android工程师","workYear":"不限","education":"大专","jobNature":"全职","createTime":"2016-07-13 11:43:38","companyShortName":"库尔好同学","positionId":2090131,"salary":"5k-8k","approve":0,"city":"北京","positionAdvantage":"工作氛围轻松；季度奖金；","companyLogo":"i/image/M00/1F/45/Cgp3O1cLQKSAABQ2AAExYXWYZsM161.jpg","industryField":"企业服务,其他","companyLabelList":["绩效奖金","技能培训","领导好","帅哥多"],"financeStage":"初创型(不需要融资)","district":"海淀区","score":0,"companySize":"少于15人","companyFullName":"北京库尔好同学科技有限公司","adWord":0,"formatCreateTime":"2016-07-13","imState":"disabled","lastLogin":1468824384000,"publisherId":4617753,"explain":null,"plus":null,"pcShow":0,"appShow":0,"deliver":0,"gradeDescription":null,"businessZones":["苏州街","中关村","苏州桥"]},{"companyId":19553,"positionName":"Android开发工程师","workYear":"不限","education":"本科","jobNature":"全职","createTime":"2016-07-13 11:09:42","companyShortName":"易思卓","positionId":98539,"salary":"16k-22k","approve":1,"city":"北京","positionAdvantage":"五险一金、员工体检、饭补和零食、定期郊游","companyLogo":"i/image/M00/01/CA/Cgp3O1Z3tcWAYsX0AACxApgrVbA279.jpg","industryField":"移动互联网,社交网络","companyLabelList":["绩效奖金","股票期权","五险一金","带薪年假"],"financeStage":"初创型(不需要融资)","district":"朝阳区","score":0,"companySize":"15-50人","companyFullName":"北京易思卓科技有限公司","adWord":0,"formatCreateTime":"2016-07-13","imState":"today","lastLogin":1472547068000,"publisherId":222841,"explain":null,"plus":null,"pcShow":0,"appShow":0,"deliver":0,"gradeDescription":null,"businessZones":["望京","大山子","花家地"]},{"companyId":34780,"positionName":"Android或者Java开发实习生","workYear":"不限","education":"不限","jobNature":"全职","createTime":"2016-07-13 09:44:43","companyShortName":"微心百源","positionId":1997285,"salary":"2k-3k","approve":1,"city":"北京","positionAdvantage":"实习结束后视情况提供相应岗位","companyLogo":"i/image/M00/3A/AD/Cgp3O1dqCcyAATwIAAALo0sQGxI079.png","industryField":"移动互联网","companyLabelList":["技能培训","股票期权","岗位晋升","管理规范"],"financeStage":"成长型(B轮)","district":"海淀区","score":0,"companySize":"15-50人","companyFullName":"北京微心百源科技发展有限公司","adWord":0,"formatCreateTime":"2016-07-13","imState":"overSevenDays","lastLogin":1468481439000,"publisherId":5425627,"explain":null,"plus":null,"pcShow":0,"appShow":0,"deliver":0,"gradeDescription":null,"businessZones":["中关村","北京大学","苏州街"]},{"companyId":138647,"positionName":"Android","workYear":"1-3年","education":"本科","jobNature":"全职","createTime":"2016-07-12 16:28:11","companyShortName":"蓦然科技北京办事处","positionId":2086120,"salary":"15k-30k","approve":1,"city":"北京","positionAdvantage":"可以快速成长","companyLogo":"i/image/M00/44/11/CgqKkVeEqXmAHJg5AAAmqvSIjDQ683.png","industryField":"移动互联网","companyLabelList":null,"financeStage":"初创型(不需要融资)","district":"东城区","score":0,"companySize":"15-50人","companyFullName":"天津蓦然科技有限公司","adWord":0,"formatCreateTime":"2016-07-12","imState":"disabled","lastLogin":1470208762000,"publisherId":5627914,"explain":null,"plus":null,"pcShow":0,"appShow":0,"deliver":0,"gradeDescription":null,"businessZones":["广渠门","光明楼","花市"]}]}},"code":0}