{"success":true,"requestId":null,"msg":null,"resubmitToken":null,"content":{"pageNo":76,"pageSize":15,"positionResult":{"totalCount":8899,"resultSize":15,"locationInfo":{"city":"北京","district":null,"queryByGisCode":false,"businessZone":null,"locationCode":null},"queryAnalysisInfo":{"positionName":"android","companyName":null,"usefulCompany":false,"industryName":null},"strategyProperty":{"name":"dm-csearch-newSimScorer","id":1},"result":[{"companyId":137279,"companyShortName":"美甲帮","createTime":"2016-08-04 11:37:56","positionId":2054036,"positionAdvantage":"有前途+有钱途","salary":"15k-30k","score":0,"workYear":"1-3年","education":"本科","city":"北京","positionName":"Android开发工程师","companyLogo":"i/image/M00/40/8D/Cgp3O1d7FWuAYFBVAAASCVseIRg982.png","financeStage":"成长型(B轮)","industryField":"电子商务,移动互联网","jobNature":"全职","approve":0,"companySize":"少于15人","district":"朝阳区","companyLabelList":["年底双薪","专项奖金","年终分红","绩效奖金"],"adWord":0,"appShow":0,"deliver":0,"formatCreateTime":"2016-08-04","gradeDescription":null,"companyFullName":"北京牧云网络科技有限公司","businessZones":["望京","大山子","花家地"],"imState":"overSevenDays","lastLogin":1471426832000,"publisherId":5522477,"explain":null,"plus":null,"pcShow":0},{"companyId":329,"companyShortName":"网易","createTime":"2016-08-03 18:38:21","positionId":2189302,"positionAdvantage":"年底双薪、年度体检、年度旅行、免费班车等","salary":"12k-24k","score":0,"workYear":"1-3年","education":"硕士","city":"北京","positionName":"Android高级开发工程师","companyLogo":"image1/M00/1C/DB/Cgo8PFUnbyyAOmwZAABKPABIzv8461.png","financeStage":"上市公司","industryField":"数据服务,文化娱乐","jobNature":"全职","approve":1,"companySize":"2000人以上","district":"海淀区","companyLabelList":["节日礼物","技能培训","免费班车","带薪年假"],"adWord":0,"appShow":0,"deliver":0,"formatCreateTime":"2016-08-03","gradeDescription":null,"companyFullName":"网之易信息技术（北京）有限公司","businessZones":["西北旺"],"imState":"disabled","lastLogin":1472458051000,"publisherId":5385696,"explain":null,"plus":null,"pcShow":0},{"companyId":37099,"companyShortName":"百度","createTime":"2016-08-03 17:11:21","positionId":2188478,"positionAdvantage":"移动支付成就你我","salary":"10k-20k","score":0,"workYear":"不限","education":"本科","city":"北京","positionName":"Android/iOS 测试开发工程师","companyLogo":"i/image/M00/03/3B/Cgp3O1awdYKAaopbAABFI3RQsu4671.png","financeStage":"上市公司","industryField":"移动互联网","jobNature":"全职","approve":0,"companySize":"2000人以上","district":"海淀区","companyLabelList":["弹性工作","五险一金","节日礼物","带薪年假"],"adWord":0,"appShow":0,"deliver":0,"formatCreateTime":"2016-08-03","gradeDescription":null,"companyFullName":"百度时代网络技术(北京)有限公司","businessZones":["西北旺","马连洼"],"imState":"today","lastLogin":1472567271000,"publisherId":5833567,"explain":null,"plus":null,"pcShow":0},{"companyId":38997,"companyShortName":"联拓金融","createTime":"2016-08-03 17:02:04","positionId":2053563,"positionAdvantage":"带薪年假，年底双薪","salary":"15k-25k","score":0,"workYear":"3-5年","education":"大专","city":"北京","positionName":"Android工程师","companyLogo":"image1/M00/00/5F/CgYXBlTUXUeAcR8dAABQBr0RYdY986.jpg","financeStage":"成长型(A轮)","industryField":"金融","jobNature":"全职","approve":1,"companySize":"150-500人","district":"丰台区","companyLabelList":["节日礼物","绩效奖金","岗位晋升","扁平管理"],"adWord":0,"appShow":0,"deliver":0,"formatCreateTime":"2016-08-03","gradeDescription":null,"companyFullName":"合肥联拓金融信息服务有限公司北京分公司","businessZones":["方庄","东铁匠营","成寿寺"],"imState":"disabled","lastLogin":1472547171000,"publisherId":709384,"explain":null,"plus":null,"pcShow":0},{"companyId":6877,"companyShortName":"中科云","createTime":"2016-08-03 16:51:29","positionId":2188221,"positionAdvantage":"不打卡 扁平化管理 五险一金 公司医生关怀","salary":"10k-18k","score":0,"workYear":"1-3年","education":"本科","city":"北京","positionName":"Android","companyLogo":"image1/M00/00/0E/CgYXBlTUWCeAD6t3AABXTzNkl0Y387.png","financeStage":"成长型(A轮)","industryField":"移动互联网,数据服务","jobNature":"全职","approve":1,"companySize":"15-50人","district":"朝阳区","companyLabelList":["绩效奖金","五险一金","节日礼物","年度旅游"],"adWord":0,"appShow":0,"deliver":0,"formatCreateTime":"2016-08-03","gradeDescription":null,"companyFullName":"中科云健康科技（北京）有限公司","businessZones":["朝阳门","朝外","工体"],"imState":"disabled","lastLogin":1472452378000,"publisherId":4550679,"explain":null,"plus":null,"pcShow":0},{"companyId":51231,"companyShortName":"呱呱洗车","createTime":"2016-08-03 15:16:43","positionId":2187272,"positionAdvantage":"不打卡,年底双薪,氛围好,五险一金","salary":"10k-15k","score":0,"workYear":"1-3年","education":"本科","city":"北京","positionName":"Android","companyLogo":"image1/M00/14/55/Cgo8PFUICTGAJvd1AABdWedq1ic779.png","financeStage":"成长型(B轮)","industryField":"O2O","jobNature":"全职","approve":1,"companySize":"500-2000人","district":"朝阳区","companyLabelList":["领导好","产品给力","团队靠谱","弹性工作制"],"adWord":0,"appShow":0,"deliver":0,"formatCreateTime":"2016-08-03","gradeDescription":null,"companyFullName":"鸿叶软件（北京）有限公司","businessZones":["三元桥","左家庄","国展"],"imState":"overSevenDays","lastLogin":1471773203000,"publisherId":1001989,"explain":null,"plus":null,"pcShow":0},{"companyId":94249,"companyShortName":"纳恩博","createTime":"2016-08-03 15:08:32","positionId":1928646,"positionAdvantage":"优秀的产品+优秀的团队","salary":"15k-25k","score":0,"workYear":"1-3年","education":"本科","city":"北京","positionName":"Android应用开发工程师","companyLogo":"image2/M00/03/19/CgqLKVXtMjaAE0L3AACKUEd-GyM658.jpg?cc=0.6594478548504412","financeStage":"成长型(B轮)","industryField":"硬件,其他","jobNature":"全职","approve":1,"companySize":"500-2000人","district":"海淀区","companyLabelList":["节日礼物","带薪年假","定期体检","通讯津贴"],"adWord":0,"appShow":0,"deliver":0,"formatCreateTime":"2016-08-03","gradeDescription":null,"companyFullName":"纳恩博（北京）科技有限公司","businessZones":["西三旗"],"imState":"today","lastLogin":1472556575000,"publisherId":2834,"explain":null,"plus":null,"pcShow":0},{"companyId":111620,"companyShortName":"weico","createTime":"2016-08-03 14:49:43","positionId":1568069,"positionAdvantage":"五险一金、带薪年假、补充医疗、节日福利","salary":"8k-16k","score":0,"workYear":"1-3年","education":"本科","city":"北京","positionName":"Android工程师","companyLogo":"i/image/M00/11/92/Cgp3O1biTCuAXOaJAAAvTZ5R0Rs211.png","financeStage":"初创型(不需要融资)","industryField":"数据服务,移动互联网","jobNature":"全职","approve":0,"companySize":"15-50人","district":"海淀区","companyLabelList":["带薪年假","交通补助","定期体检","年底双薪"],"adWord":0,"appShow":0,"deliver":0,"formatCreateTime":"2016-08-03","gradeDescription":null,"companyFullName":"北京微酷奥网络技术有限公司","businessZones":["苏州街","北京大学","中关村"],"imState":"disabled","lastLogin":1471920871000,"publisherId":3627333,"explain":null,"plus":null,"pcShow":0},{"companyId":78186,"companyShortName":"汉泰","createTime":"2016-08-03 13:50:10","positionId":2153811,"positionAdvantage":"加入我们核心团队吧，成为我们的合伙人","salary":"10k-20k","score":0,"workYear":"5-10年","education":"本科","city":"北京","positionName":"Android","companyLogo":"image1/M00/2F/D3/Cgo8PFWDtayAa3mTAAAaphps8hQ666.jpg?cc=0.7627810128033161","financeStage":"初创型(未融资)","industryField":"电子商务,O2O","jobNature":"全职","approve":0,"companySize":"150-500人","district":"海淀区","companyLabelList":["节日礼物","年底双薪","专项奖金","带薪年假"],"adWord":0,"appShow":0,"deliver":0,"formatCreateTime":"2016-08-03","gradeDescription":null,"companyFullName":"贵州汉泰投资有限公司","businessZones":null,"imState":"disabled","lastLogin":1471498378000,"publisherId":1969648,"explain":null,"plus":null,"pcShow":0},{"companyId":61750,"companyShortName":"一块互动","createTime":"2016-08-03 13:24:35","positionId":857085,"positionAdvantage":"李开复徐小平投资的公司喊你回家拿股权啦","salary":"15k-30k","score":0,"workYear":"3-5年","education":"本科","city":"北京","positionName":"Android开发工程师","companyLogo":"image1/M00/35/06/Cgo8PFWaTxiAHDbOAAA8ZMDasIE793.jpg","financeStage":"成长型(A轮)","industryField":"移动互联网","jobNature":"全职","approve":1,"companySize":"15-50人","district":"海淀区","companyLabelList":["股票期权","绩效奖金","年终分红","带薪年假"],"adWord":0,"appShow":0,"deliver":0,"formatCreateTime":"2016-08-03","gradeDescription":null,"companyFullName":"一块互动（北京）科技有限公司","businessZones":["西三旗","清河","小营"],"imState":"today","lastLogin":1472543252000,"publisherId":2061738,"explain":null,"plus":null,"pcShow":0},{"companyId":111646,"companyShortName":"北京模卡","createTime":"2016-08-03 13:16:55","positionId":1388919,"positionAdvantage":"做一个小而美的产品","salary":"15k-25k","score":0,"workYear":"3-5年","education":"不限","city":"北京","positionName":"Android工程师","companyLogo":"i/image/M00/02/2C/CgqKkVaEoKKASawBAAFBene49M4584.png","financeStage":"成长型(A轮)","industryField":"移动互联网,社交网络","jobNature":"全职","approve":0,"companySize":"50-150人","district":"朝阳区","companyLabelList":["年底双薪","股票期权","专项奖金","带薪年假"],"adWord":0,"appShow":0,"deliver":0,"formatCreateTime":"2016-08-03","gradeDescription":null,"companyFullName":"北京模卡互动科技有限公司","businessZones":["将台路","酒仙桥","大山子"],"imState":"today","lastLogin":1472569630000,"publisherId":3661595,"explain":null,"plus":null,"pcShow":0},{"companyId":105781,"companyShortName":"拉卡拉网络技术有限公司","createTime":"2016-08-03 11:05:58","positionId":1757720,"positionAdvantage":"发展前景好","salary":"12k-18k","score":0,"workYear":"3-5年","education":"本科","city":"北京","positionName":"Android开发工程师","companyLogo":"i/image/M00/01/F9/Cgp3O1Z8-ymAGKuUAAAmK_KlVzQ776.jpg","financeStage":"初创型(未融资)","industryField":"移动互联网,金融","jobNature":"全职","approve":1,"companySize":"150-500人","district":"朝阳区","companyLabelList":null,"adWord":0,"appShow":0,"deliver":0,"formatCreateTime":"2016-08-03","gradeDescription":null,"companyFullName":"拉卡拉网络技术有限公司","businessZones":["望京","大山子","酒仙桥"],"imState":"overSevenDays","lastLogin":1471265173000,"publisherId":3130147,"explain":null,"plus":null,"pcShow":0},{"companyId":795,"companyShortName":"优才网","createTime":"2016-08-03 11:00:11","positionId":2055317,"positionAdvantage":"双休，法定假日，带薪年假，五险一金","salary":"6k-8k","score":0,"workYear":"不限","education":"大专","city":"北京","positionName":"Android开发定岗生","companyLogo":"i/image/M00/11/AB/CgqKkVbicnCALTKRAABfrswbhRs465.png","financeStage":"成长型(A轮)","industryField":"教育","jobNature":"全职","approve":1,"companySize":"150-500人","district":"石景山区","companyLabelList":["股票期权","五险一金","岗位晋升","节日礼物"],"adWord":0,"appShow":0,"deliver":0,"formatCreateTime":"2016-08-03","gradeDescription":null,"companyFullName":"北京优才创智科技有限公司","businessZones":["苹果园","八大处","杨庄"],"imState":"disabled","lastLogin":1472097546000,"publisherId":5239724,"explain":null,"plus":null,"pcShow":0},{"companyId":127234,"companyShortName":"中和世纪","createTime":"2016-08-02 17:53:03","positionId":2175191,"positionAdvantage":"弹性工作+五险一金+交通补助+餐补","salary":"25k-30k","score":0,"workYear":"5-10年","education":"不限","city":"北京","positionName":"Android","companyLogo":"i/image/M00/26/33/CgqKkVcgkkWADu8VAAAJ_sU3cZA410.jpg","financeStage":"初创型(不需要融资)","industryField":"教育,移动互联网","jobNature":"全职","approve":0,"companySize":"15-50人","district":"朝阳区","companyLabelList":["专项奖金","绩效奖金","定期体检","弹性工作"],"adWord":0,"appShow":0,"deliver":0,"formatCreateTime":"2016-08-02","gradeDescription":null,"companyFullName":"中和世纪文化传播（北京）有限公司","businessZones":null,"imState":"disabled","lastLogin":1472549250000,"publisherId":4926536,"explain":null,"plus":null,"pcShow":0},{"companyId":63052,"companyShortName":"尔创科技","createTime":"2016-08-02 17:51:27","positionId":1788297,"positionAdvantage":"工作氛围好，薪资待遇高","salary":"30k-50k","score":0,"workYear":"3-5年","education":"本科","city":"北京","positionName":"Android架构师","companyLogo":"images/logo_default.png","financeStage":"初创型(未融资)","industryField":"移动互联网","jobNature":"全职","approve":0,"companySize":"50-150人","district":"朝阳区","companyLabelList":["技能培训","年底双薪","带薪年假","绩效奖金"],"adWord":0,"appShow":0,"deliver":0,"formatCreateTime":"2016-08-02","gradeDescription":null,"companyFullName":"北京尔创科技有限公司","businessZones":["高碑店","四惠","十里堡"],"imState":"disabled","lastLogin":1470730315000,"publisherId":1577116,"explain":null,"plus":null,"pcShow":0}]}},"code":0}