{"msg":null,"resubmitToken":null,"success":true,"requestId":null,"content":{"pageNo":36,"pageSize":15,"positionResult":{"totalCount":8899,"resultSize":15,"locationInfo":{"city":"北京","district":null,"locationCode":null,"businessZone":null,"queryByGisCode":false},"queryAnalysisInfo":{"positionName":"android","companyName":null,"usefulCompany":false,"industryName":null},"strategyProperty":{"name":"dm-csearch-newSimScorer","id":1},"result":[{"companyId":1686,"formatCreateTime":"2016-08-25","score":0,"positionId":877322,"positionName":"Android","createTime":"2016-08-25 13:41:56","positionAdvantage":"行业领先技术 技术氛围良好 业务快速增长","salary":"15k-25k","approve":1,"workYear":"不限","education":"本科","city":"北京","companyLogo":"image1/M00/00/06/Cgo8PFTUWAaAbD7PAACAXTzCmiw113.jpg","jobNature":"全职","industryField":"广告营销,文化娱乐","companyShortName":"爱奇艺","financeStage":"成熟型(D轮及以上)","companySize":"2000人以上","companyLabelList":["绩效奖金","五险一金","交通补助","带薪年假"],"district":"海淀区","businessZones":["中关村","北京大学","苏州街"],"imState":"disabled","lastLogin":1472555139000,"publisherId":1363581,"explain":null,"plus":null,"pcShow":0,"appShow":0,"deliver":0,"gradeDescription":null,"companyFullName":"北京爱奇艺科技有限公司","adWord":0},{"companyId":2474,"formatCreateTime":"2016-08-25","score":0,"positionId":2070607,"positionName":"Android 高级工程师/架构师","createTime":"2016-08-25 12:49:02","positionAdvantage":"发展前景好","salary":"20k-30k","approve":0,"workYear":"3-5年","education":"本科","city":"北京","companyLogo":"i/image/M00/00/20/Cgp3O1YtmkSAZjX1AAA78knErXc273.jpg","jobNature":"全职","industryField":"移动互联网","companyShortName":"滴滴出行","financeStage":"成熟型(D轮及以上)","companySize":"500-2000人","companyLabelList":["弹性工作","节日礼物","岗位晋升","技能培训"],"district":"海淀区","businessZones":["上地","西二旗","马连洼"],"imState":"today","lastLogin":1472556596000,"publisherId":1837136,"explain":null,"plus":null,"pcShow":0,"appShow":0,"deliver":0,"gradeDescription":null,"companyFullName":"北京小桔科技有限公司","adWord":0},{"companyId":114110,"formatCreateTime":"2016-08-25","score":0,"positionId":1979333,"positionName":"Android高级/资深工程师","createTime":"2016-08-25 11:17:43","positionAdvantage":"6险一金，乐视控股全员持股，工作环境好","salary":"25k-35k","approve":1,"workYear":"5-10年","education":"本科","city":"北京","companyLogo":"i/image/M00/04/2B/Cgp3O1bGwzWAEAB4AAAbnMQCudk783.jpg","jobNature":"全职","industryField":"移动互联网","companyShortName":"乐视","financeStage":"上市公司","companySize":"2000人以上","companyLabelList":["股票期权","交通补助","通讯津贴","带薪年假"],"district":null,"businessZones":null,"imState":"disabled","lastLogin":1472547909000,"publisherId":5372318,"explain":null,"plus":null,"pcShow":0,"appShow":0,"deliver":0,"gradeDescription":null,"companyFullName":"乐视网信息技术（北京）股份有限公司","adWord":0},{"companyId":91,"formatCreateTime":"2016-08-25","score":0,"positionId":1364896,"positionName":"高级Android开发工程师","createTime":"2016-08-25 11:00:49","positionAdvantage":"福利待遇优厚，发展空间大","salary":"15k-30k","approve":1,"workYear":"不限","education":"大专","city":"北京","companyLogo":"i/image/M00/01/92/CgqKkVZv9oyAebyDAACpLbec-1E022.jpg","jobNature":"全职","industryField":"移动互联网","companyShortName":"阿里巴巴移动事业群-高德","financeStage":"上市公司","companySize":"2000人以上","companyLabelList":["弹性工作","帅哥多","美女多","五险一金"],"district":"朝阳区","businessZones":["望京","花家地","大山子"],"imState":"disabled","lastLogin":1472536677000,"publisherId":697488,"explain":null,"plus":null,"pcShow":0,"appShow":0,"deliver":0,"gradeDescription":null,"companyFullName":"高德软件有限公司","adWord":0},{"companyId":14289,"formatCreateTime":"2016-08-25","score":0,"positionId":1295495,"positionName":"Android 开发工程师","createTime":"2016-08-25 10:50:47","positionAdvantage":"弹性工作薪酬福利优公司氛围好节日礼物","salary":"15k-25k","approve":1,"workYear":"3-5年","education":"大专","city":"北京","companyLogo":"i/image/M00/48/C6/CgqKkVeVipKAORvEAAAtY_KjZyA223.png","jobNature":"全职","industryField":"O2O,旅游","companyShortName":"住百家","financeStage":"上市公司","companySize":"150-500人","companyLabelList":["年度旅游","五险一金","午餐晚餐","美女帅哥高颜"],"district":"朝阳区","businessZones":["来广营","望京"],"imState":"today","lastLogin":1472549698000,"publisherId":165179,"explain":null,"plus":null,"pcShow":0,"appShow":0,"deliver":0,"gradeDescription":null,"companyFullName":"深圳市背包客商务旅游咨询服务有限公司北京分公司","adWord":0},{"companyId":6798,"formatCreateTime":"2016-08-25","score":0,"positionId":1818875,"positionName":"中/高级android系统开发工程师","createTime":"2016-08-25 10:47:07","positionAdvantage":"五险一金，公费旅游，年度体检，弹性工作","salary":"10k-20k","approve":1,"workYear":"3-5年","education":"大专","city":"北京","companyLogo":"image1/M00/00/0E/Cgo8PFTUWCaALGV2AAA7zc9jWhg973.jpg","jobNature":"全职","industryField":"移动互联网,电子商务","companyShortName":"小辣椒","financeStage":"成熟型(C轮)","companySize":"150-500人","companyLabelList":["五险一金","节日礼物","年度旅游","定期体检"],"district":"朝阳区","businessZones":["望京","大山子","花家地"],"imState":"disabled","lastLogin":1472450981000,"publisherId":73952,"explain":null,"plus":null,"pcShow":0,"appShow":0,"deliver":0,"gradeDescription":null,"companyFullName":"深圳小辣椒科技有限责任公司","adWord":0},{"companyId":34994,"formatCreateTime":"2016-08-25","score":0,"positionId":1275813,"positionName":"Android","createTime":"2016-08-25 10:38:59","positionAdvantage":"八险一金，财经培训领域龙头企业","salary":"8k-16k","approve":1,"workYear":"1-3年","education":"大专","city":"北京","companyLogo":"i/image/M00/02/24/CgqKkVaDgySAGTRQAAI9l9uyEno282.jpg","jobNature":"全职","industryField":"移动互联网,金融","companyShortName":"当代金融","financeStage":"初创型(未融资)","companySize":"500-2000人","companyLabelList":["技能培训","节日礼物","带薪年假","绩效奖金"],"district":"朝阳区","businessZones":["建外大街","CBD","建国门"],"imState":"disabled","lastLogin":1472544317000,"publisherId":603957,"explain":null,"plus":null,"pcShow":0,"appShow":0,"deliver":0,"gradeDescription":null,"companyFullName":"北京当代金融培训有限公司","adWord":0},{"companyId":55342,"formatCreateTime":"2016-08-25","score":0,"positionId":2230352,"positionName":"Android攻城狮","createTime":"2016-08-25 10:35:12","positionAdvantage":"交通便利,环境高大上","salary":"5k-9k","approve":1,"workYear":"1-3年","education":"本科","city":"北京","companyLogo":"i/image/M00/4A/A8/CgqKkVebOZuAcTsKAAAlRYjwBoY590.png","jobNature":"全职","industryField":"移动互联网","companyShortName":"法易","financeStage":"成长型(A轮)","companySize":"15-50人","companyLabelList":["节日礼物","技能培训","年底双薪","绩效奖金"],"district":"朝阳区","businessZones":["建外大街","国贸","CBD"],"imState":"sevenDays","lastLogin":1472197298000,"publisherId":1376135,"explain":null,"plus":null,"pcShow":0,"appShow":0,"deliver":0,"gradeDescription":null,"companyFullName":"北京法易律商科技有限公司","adWord":0},{"companyId":35677,"formatCreateTime":"2016-08-25","score":0,"positionId":1184673,"positionName":"高级Android开发工程师","createTime":"2016-08-25 10:30:39","positionAdvantage":"五险一金 年终分红 股票期权","salary":"20k-40k","approve":1,"workYear":"3-5年","education":"本科","city":"北京","companyLogo":"i/image/M00/00/15/Cgp3O1YoY4KAfVadAAARBzxVAZw109.jpg","jobNature":"全职","industryField":"硬件","companyShortName":"零度智控","financeStage":"成长型(A轮)","companySize":"50-150人","companyLabelList":["技能培训","年底分红","岗位晋升","年度旅游"],"district":"海淀区","businessZones":["上地","马连洼","西二旗"],"imState":"today","lastLogin":1472547876000,"publisherId":621091,"explain":null,"plus":null,"pcShow":0,"appShow":0,"deliver":0,"gradeDescription":null,"companyFullName":"零度智控（北京）智能科技有限公司","adWord":0},{"companyId":50702,"formatCreateTime":"2016-08-25","score":0,"positionId":2286229,"positionName":"Android（高级）工程师","createTime":"2016-08-25 10:30:36","positionAdvantage":"发展空间大，薪资高，团队nice。","salary":"20k-30k","approve":1,"workYear":"1-3年","education":"不限","city":"北京","companyLogo":"i/image/M00/4B/6C/CgqKkVefHv-AFoRzAAAuALF7ZZ0419.png","jobNature":"全职","industryField":"移动互联网,O2O","companyShortName":"美团点评","financeStage":"成熟型(D轮及以上)","companySize":"2000人以上","companyLabelList":["技能培训","绩效奖金","岗位晋升","领导好"],"district":"朝阳区","businessZones":null,"imState":"today","lastLogin":1472553536000,"publisherId":4699364,"explain":null,"plus":null,"pcShow":0,"appShow":0,"deliver":0,"gradeDescription":null,"companyFullName":"北京三快在线科技有限公司","adWord":0},{"companyId":1575,"formatCreateTime":"2016-08-25","score":0,"positionId":2167383,"positionName":"iOS安全工程师、web云端安全工程师、Android安全工程师","createTime":"2016-08-25 10:29:34","positionAdvantage":"公司发展平台大，福利待遇好","salary":"15k-30k","approve":1,"workYear":"1-3年","education":"本科","city":"北京","companyLogo":"image1/M00/00/06/CgYXBlTUWAWAOBXrAABGHHFb0q8748.jpg","jobNature":"全职","industryField":"移动互联网,数据服务","companyShortName":"百度","financeStage":"上市公司","companySize":"2000人以上","companyLabelList":["股票期权","弹性工作","五险一金","免费班车"],"district":"海淀区","businessZones":["西北旺","马连洼","上地"],"imState":"disabled","lastLogin":1472554684000,"publisherId":5788085,"explain":null,"plus":null,"pcShow":0,"appShow":0,"deliver":0,"gradeDescription":null,"companyFullName":"百度在线网络技术（北京）有限公司","adWord":0},{"companyId":7279,"formatCreateTime":"2016-08-25","score":0,"positionId":2286209,"positionName":"高级Android开发工程师","createTime":"2016-08-25 10:28:53","positionAdvantage":"弹性工作，福利待遇好，公司发展前景好","salary":"30k-55k","approve":1,"workYear":"3-5年","education":"本科","city":"北京","companyLogo":"i/image/M00/10/3F/CgqKkVbfkpuAWYVCAAAPa-AIRBE907.jpg","jobNature":"全职","industryField":"移动互联网","companyShortName":"Kika Tech(新美互通)","financeStage":"成长型(B轮)","companySize":"150-500人","companyLabelList":["弹性工作任性","技术牛带你飞","高质量妹子多","环境舒适"],"district":"东城区","businessZones":["和平里","雍和宫","和平街"],"imState":"today","lastLogin":1472541743000,"publisherId":43896,"explain":null,"plus":null,"pcShow":0,"appShow":0,"deliver":0,"gradeDescription":null,"companyFullName":"北京新美互通科技有限公司","adWord":0},{"companyId":25021,"formatCreateTime":"2016-08-25","score":0,"positionId":1399393,"positionName":"Android开发工程师","createTime":"2016-08-25 10:27:38","positionAdvantage":"待遇优厚、团队靠谱、亿级用户量APP","salary":"15k-30k","approve":0,"workYear":"3-5年","education":"本科","city":"北京","companyLogo":"image1/M00/2A/10/Cgo8PFVpRQWAIyMQAABwOlPdDJ4570.png","jobNature":"全职","industryField":"移动互联网,社交网络","companyShortName":"新浪微博","financeStage":"上市公司","companySize":"2000人以上","companyLabelList":["技能培训","股票期权","带薪年假","绩效奖金"],"district":"海淀区","businessZones":["知春路","中关村","双榆树"],"imState":"disabled","lastLogin":1472115585000,"publisherId":3695623,"explain":null,"plus":null,"pcShow":0,"appShow":0,"deliver":0,"gradeDescription":null,"companyFullName":"新浪微博","adWord":0},{"companyId":46402,"formatCreateTime":"2016-08-25","score":0,"positionId":2286138,"positionName":"Android工程师","createTime":"2016-08-25 10:23:59","positionAdvantage":"年终奖金 医保社保 员工庆生 弹性工作等","salary":"10k-20k","approve":1,"workYear":"不限","education":"大专","city":"北京","companyLogo":"image1/M00/00/77/Cgo8PFTUXauAe81fAABPJb-hqdM922.jpg","jobNature":"全职","industryField":"移动互联网,生活服务","companyShortName":"海腾时代","financeStage":"初创型(不需要融资)","companySize":"15-50人","companyLabelList":["技能培训","节日礼物","年底双薪","股票期权"],"district":"昌平区","businessZones":["回龙观","龙泽"],"imState":"disabled","lastLogin":1472553617000,"publisherId":895967,"explain":null,"plus":null,"pcShow":0,"appShow":0,"deliver":0,"gradeDescription":null,"companyFullName":"北京海腾时代科技有限公司","adWord":0},{"companyId":92974,"formatCreateTime":"2016-08-25","score":0,"positionId":1809364,"positionName":"Android","createTime":"2016-08-25 10:21:43","positionAdvantage":"五险一金，弹性公式，地铁周边，绩效奖金","salary":"10k-15k","approve":1,"workYear":"3-5年","education":"本科","city":"北京","companyLogo":"i/image/M00/02/91/CgqKkVaUeyGAHrpZAAJwlfYdGT8854.jpg","jobNature":"全职","industryField":"移动互联网,电子商务","companyShortName":"白富美国际有限公司","financeStage":"初创型(天使轮)","companySize":"15-50人","companyLabelList":["技能培训","股票期权","绩效奖金","扁平管理"],"district":"朝阳区","businessZones":["酒仙桥","大山子","将台路"],"imState":"disabled","lastLogin":1472545849000,"publisherId":2359259,"explain":null,"plus":null,"pcShow":0,"appShow":0,"deliver":0,"gradeDescription":null,"companyFullName":"白富美国际有限公司","adWord":0}]}},"code":0}