{"success":true,"requestId":null,"resubmitToken":null,"msg":null,"content":{"pageNo":3,"pageSize":15,"positionResult":{"resultSize":15,"totalCount":8899,"locationInfo":{"businessZone":null,"queryByGisCode":false,"locationCode":null,"city":"北京","district":null},"queryAnalysisInfo":{"industryName":null,"usefulCompany":false,"positionName":"android","companyName":null},"strategyProperty":{"name":"dm-csearch-newSimScorer","id":1},"result":[{"formatCreateTime":"19:09发布","createTime":"2016-08-30 19:09:31","companyId":133,"positionName":"高级Android工程师","education":"本科","city":"北京","positionId":1925830,"financeStage":"上市公司","companyShortName":"猎豹移动","companyLogo":"image1/M00/39/70/CgYXBlWo3nqABJTsAADJ3hn5gmE062.jpg","salary":"15k-30k","industryField":"移动互联网,信息安全","district":"朝阳区","companyLabelList":["带薪年假","美女前台","超赞年终奖","一公里工作圈"],"positionAdvantage":"明星产品 超赞年终奖 靠谱领导","jobNature":"全职","workYear":"1-3年","approve":1,"score":0,"companySize":"500-2000人","businessZones":["姚家园","十里堡","高碑店"],"imState":"today","lastLogin":1472555392000,"publisherId":129969,"explain":null,"plus":null,"pcShow":0,"appShow":0,"deliver":0,"gradeDescription":null,"companyFullName":"北京金山网络科技有限公司","adWord":0},{"formatCreateTime":"18:08发布","createTime":"2016-08-30 18:08:20","companyId":520,"positionName":"Android Multimedia系统工程师","education":"本科","city":"北京","positionId":1840604,"financeStage":"成熟型(D轮及以上)","companyShortName":"小米","companyLogo":"image1/M00/00/03/CgYXBlTUV_uAY85GAAAVtFKXIv8322.jpg","salary":"15k-30k","industryField":"移动互联网","district":"海淀区","companyLabelList":["快速成长","免费班车","扁平管理","技能培训"],"positionAdvantage":"创业氛围，股票期权","jobNature":"全职","workYear":"5-10年","approve":1,"score":0,"companySize":"2000人以上","businessZones":["清河","上地"],"imState":"disabled","lastLogin":1472553929000,"publisherId":4740894,"explain":null,"plus":null,"pcShow":0,"appShow":0,"deliver":0,"gradeDescription":null,"companyFullName":"北京小米科技有限责任公司","adWord":0},{"formatCreateTime":"17:20发布","createTime":"2016-08-30 17:20:24","companyId":6678,"positionName":"Android开发工程师","education":"本科","city":"北京","positionId":2225081,"financeStage":"成长型(A轮)","companyShortName":"人人贷","companyLogo":"image1/M00/00/0E/Cgo8PFTUWCaACjS7AABTpR_TaPw933.jpg","salary":"18k-30k","industryField":"金融","district":null,"companyLabelList":["绩效奖金","年底双薪","五险一金","交通补助"],"positionAdvantage":"期权，15薪酬，年终奖，老板nice，合伙人制","jobNature":"全职","workYear":"3-5年","approve":1,"score":0,"companySize":"150-500人","businessZones":null,"imState":"disabled","lastLogin":1472572508000,"publisherId":1567791,"explain":null,"plus":null,"pcShow":0,"appShow":0,"deliver":0,"gradeDescription":null,"companyFullName":"人人贷商务顾问（北京）有限公司","adWord":0},{"formatCreateTime":"17:16发布","createTime":"2016-08-30 17:16:06","companyId":25065,"positionName":"Android高级开发","education":"本科","city":"北京","positionId":2213413,"financeStage":"成长型(B轮)","companyShortName":"广东无界商盟科技股份有限公司","companyLogo":"i/image/M00/02/C7/Cgp3O1ach0qAfL8KAABKJ7TunLk990.png","salary":"15k-30k","industryField":"移动互联网","district":null,"companyLabelList":["节日礼物","岗位晋升","领导好","年终分红"],"positionAdvantage":"高素质团队 移动互联网金融 C轮融资","jobNature":"全职","workYear":"5-10年","approve":0,"score":0,"companySize":"150-500人","businessZones":null,"imState":"disabled","lastLogin":1472548538000,"publisherId":389909,"explain":null,"plus":null,"pcShow":0,"appShow":0,"deliver":0,"gradeDescription":null,"companyFullName":"广东无界商盟科技股份有限公司","adWord":0},{"formatCreateTime":"17:13发布","createTime":"2016-08-30 17:13:40","companyId":22571,"positionName":"资深IOS/Android开发工程师","education":"本科","city":"北京","positionId":2216156,"financeStage":"成熟型(C轮)","companyShortName":"北京信通","companyLogo":"image1/M00/0D/8C/Cgo8PFT4CVCAbj40AABLImQTXNk034.jpg","salary":"10k-20k","industryField":"移动互联网,电子商务","district":null,"companyLabelList":["绩效奖金","专项奖金","五险一金","带薪年假"],"positionAdvantage":"五险一金 带薪假期 双休出境游 升职加薪","jobNature":"全职","workYear":"3-5年","approve":1,"score":0,"companySize":"150-500人","businessZones":null,"imState":"disabled","lastLogin":1472548382000,"publisherId":262111,"explain":null,"plus":null,"pcShow":0,"appShow":0,"deliver":0,"gradeDescription":null,"companyFullName":"北京信通网赢科技发展有限公司","adWord":0},{"formatCreateTime":"17:06发布","createTime":"2016-08-30 17:06:39","companyId":120637,"positionName":"Android开发","education":"本科","city":"北京","positionId":1618835,"financeStage":"初创型(未融资)","companyShortName":"星球时空","companyLogo":"i/image/M00/16/F2/Cgp3O1bwwDuAF-inAAAMxsbkJ7g703.png","salary":"5k-10k","industryField":"移动互联网","district":"海淀区","companyLabelList":null,"positionAdvantage":"双休、五险一金、各种补贴","jobNature":"全职","workYear":"1-3年","approve":0,"score":0,"companySize":"15-50人","businessZones":["蓟门桥","北太平庄","马甸"],"imState":"disabled","lastLogin":1472547992000,"publisherId":4594930,"explain":null,"plus":null,"pcShow":0,"appShow":0,"deliver":0,"gradeDescription":null,"companyFullName":"北京星球时空科技有限公司","adWord":0},{"formatCreateTime":"17:04发布","createTime":"2016-08-30 17:04:54","companyId":11053,"positionName":"Android","education":"本科","city":"北京","positionId":1790875,"financeStage":"成长型(不需要融资)","companyShortName":"中科三方","companyLogo":"image1/M00/00/16/CgYXBlTUWEWAXnWbAACvz96W4qA927.jpg","salary":"3k-4k","industryField":"移动互联网","district":"海淀区","companyLabelList":null,"positionAdvantage":"学习成长","jobNature":"实习","workYear":"不限","approve":0,"score":0,"companySize":"150-500人","businessZones":["中关村","知春路","双榆树"],"imState":"today","lastLogin":1472549621000,"publisherId":141237,"explain":null,"plus":null,"pcShow":0,"appShow":0,"deliver":0,"gradeDescription":null,"companyFullName":"北京中科三方网络技术有限公司","adWord":0},{"formatCreateTime":"17:03发布","createTime":"2016-08-30 17:03:20","companyId":140,"positionName":"高级Android工程师","education":"本科","city":"北京","positionId":2306918,"financeStage":"成长型(B轮)","companyShortName":"邻动（北京）技术有限公司","companyLogo":"image1/M00/00/02/CgYXBlTUV_WAK8c-AABlu3yusdE938.jpg","salary":"15k-25k","industryField":"移动互联网","district":null,"companyLabelList":["节日礼物","交通险","期权激励","岗位晋升"],"positionAdvantage":"良好的移动互联网氛围，保险全，福利好。","jobNature":"全职","workYear":"1-3年","approve":1,"score":0,"companySize":"50-150人","businessZones":null,"imState":"today","lastLogin":1472553328000,"publisherId":294764,"explain":null,"plus":null,"pcShow":0,"appShow":0,"deliver":0,"gradeDescription":null,"companyFullName":"邻动（北京）技术有限公司","adWord":0},{"formatCreateTime":"17:01发布","createTime":"2016-08-30 17:01:45","companyId":50889,"positionName":"Android","education":"本科","city":"北京","positionId":2097206,"financeStage":"上市公司","companyShortName":"和创科技（红圈营销）","companyLogo":"i/image/M00/03/44/Cgp3O1ax7JWAOSzUAABS3OF0A7w289.jpg","salary":"20k-35k","industryField":"移动互联网,企业服务","district":"西城区","companyLabelList":["弹性工作","敏捷研发","股票期权","年底双薪"],"positionAdvantage":"上市公司，极牛汇集，持续的股权激励政策！","jobNature":"全职","workYear":"3-5年","approve":1,"score":0,"companySize":"2000人以上","businessZones":["新街口","德胜门","小西天"],"imState":"today","lastLogin":1472559909000,"publisherId":2488880,"explain":null,"plus":null,"pcShow":0,"appShow":0,"deliver":0,"gradeDescription":null,"companyFullName":"和创（北京）科技股份有限公司","adWord":0},{"formatCreateTime":"16:58发布","createTime":"2016-08-30 16:58:09","companyId":7159,"positionName":"Android架构师","education":"大专","city":"北京","positionId":1559450,"financeStage":"成熟型(D轮及以上)","companyShortName":"图吧","companyLogo":"image1/M00/1E/43/CgYXBlUt3R-AOn7XAAB39VlQqiw205.jpg","salary":"23k-30k","industryField":"移动互联网,企业服务","district":"东城区","companyLabelList":["年底双薪","五险一金","带薪年假","岗位晋升"],"positionAdvantage":"一个你自己说了算的平台","jobNature":"全职","workYear":"5-10年","approve":1,"score":0,"companySize":"150-500人","businessZones":["东直门","海运仓","三里屯"],"imState":"disabled","lastLogin":1472551498000,"publisherId":290506,"explain":null,"plus":null,"pcShow":0,"appShow":0,"deliver":0,"gradeDescription":null,"companyFullName":"北京图为先科技有限公司","adWord":0},{"formatCreateTime":"16:55发布","createTime":"2016-08-30 16:55:54","companyId":114494,"positionName":"Android senior研发","education":"本科","city":"北京","positionId":1467341,"financeStage":"成长型(A轮)","companyShortName":"trustdata","companyLogo":"i/image/M00/03/B9/Cgp3O1bC1J-AOWIqAACOEUDAfD0722.jpg","salary":"13k-25k","industryField":"数据服务,移动互联网","district":"朝阳区","companyLabelList":["年底双薪","绩效奖金","股票期权","带薪年假"],"positionAdvantage":"13-15薪，5A写字楼，真格创新工场领投","jobNature":"全职","workYear":"3-5年","approve":0,"score":0,"companySize":"15-50人","businessZones":["大山子","望京","酒仙桥"],"imState":"disabled","lastLogin":1472547285000,"publisherId":3850119,"explain":null,"plus":null,"pcShow":0,"appShow":0,"deliver":0,"gradeDescription":null,"companyFullName":"北京麒麟心通网络技术有限公司","adWord":0},{"formatCreateTime":"16:53发布","createTime":"2016-08-30 16:53:23","companyId":4148,"positionName":"Android","education":"本科","city":"北京","positionId":1962009,"financeStage":"上市公司","companyShortName":"艺龙旅行网","companyLogo":"image1/M00/00/0A/CgYXBlTUWBaAba-9AABi72ItxnU259.jpg","salary":"25k-40k","industryField":"移动互联网,旅游","district":"朝阳区","companyLabelList":["最佳雇主","爱旅游","免息贷款","年底双薪"],"positionAdvantage":"福利待遇佳、发展前景好、团队和谐奋进","jobNature":"全职","workYear":"5-10年","approve":1,"score":0,"companySize":"2000人以上","businessZones":["酒仙桥","大山子","将台路"],"imState":"disabled","lastLogin":1472547189000,"publisherId":3131738,"explain":null,"plus":null,"pcShow":0,"appShow":0,"deliver":0,"gradeDescription":null,"companyFullName":"艺龙网信息技术（北京）有限公司","adWord":0},{"formatCreateTime":"16:53发布","createTime":"2016-08-30 16:53:01","companyId":76491,"positionName":"Android驱动开发","education":"本科","city":"北京","positionId":2306805,"financeStage":"成长型(B轮)","companyShortName":"枭龙","companyLogo":"i/image/M00/2B/2E/CgqKkVc0HMCAZaPBAAEDYnDR0ck826.png","salary":"15k-20k","industryField":"移动互联网,硬件","district":"海淀区","companyLabelList":["年底双薪","技能培训","股票期权","绩效奖金"],"positionAdvantage":"五险一金 年底双薪 绩效奖金 带薪年假","jobNature":"全职","workYear":"3-5年","approve":1,"score":0,"companySize":"15-50人","businessZones":["中关村","双榆树","双安"],"imState":"today","lastLogin":1472554760000,"publisherId":1920539,"explain":null,"plus":null,"pcShow":0,"appShow":0,"deliver":0,"gradeDescription":null,"companyFullName":"北京枭龙科技有限公司","adWord":0},{"formatCreateTime":"16:45发布","createTime":"2016-08-30 16:45:18","companyId":58628,"positionName":"C++和安卓","education":"本科","city":"北京","positionId":2232374,"financeStage":"成熟型(不需要融资)","companyShortName":"中电普华","companyLogo":"i/image/M00/3F/E4/CgqKkVd5vJaAKH4oAAFJgj0gCjA341.png","salary":"20k-35k","industryField":"移动互联网,电子商务","district":null,"companyLabelList":["节日礼物","年度旅游","五险一金","弹性工作"],"positionAdvantage":"待遇好","jobNature":"全职","workYear":"5-10年","approve":0,"score":0,"companySize":"2000人以上","businessZones":null,"imState":"today","lastLogin":1472543128000,"publisherId":1679089,"explain":null,"plus":null,"pcShow":0,"appShow":0,"deliver":0,"gradeDescription":null,"companyFullName":"嘉琪科技（北京）有限公司","adWord":0},{"formatCreateTime":"16:43发布","createTime":"2016-08-30 16:43:20","companyId":75693,"positionName":"Android开发工程师","education":"本科","city":"北京","positionId":779582,"financeStage":"初创型(未融资)","companyShortName":"博大融科","companyLogo":"image1/M00/2D/1C/CgYXBlV3wtOAGjyXAAAUrNBTb6M896.jpg?cc=0.7752613215707242","salary":"12k-24k","industryField":"移动互联网,社交网络","district":"海淀区","companyLabelList":["股票期权","带薪年假","绩效奖金","岗位晋升"],"positionAdvantage":"公司氛围好、发展战略清晰","jobNature":"全职","workYear":"3-5年","approve":1,"score":0,"companySize":"15-50人","businessZones":["苏州街","中关村","苏州桥"],"imState":"disabled","lastLogin":1472546548000,"publisherId":1859837,"explain":null,"plus":null,"pcShow":0,"appShow":0,"deliver":0,"gradeDescription":null,"companyFullName":"博大融科（北京）信息技术有限公司","adWord":0}]}},"code":0}