{"success":true,"requestId":null,"resubmitToken":null,"msg":null,"content":{"pageNo":96,"pageSize":15,"positionResult":{"resultSize":15,"totalCount":8899,"locationInfo":{"businessZone":null,"queryByGisCode":false,"locationCode":null,"city":"北京","district":null},"queryAnalysisInfo":{"industryName":null,"usefulCompany":false,"positionName":"android","companyName":null},"strategyProperty":{"name":"dm-csearch-newSimScorer","id":1},"result":[{"formatCreateTime":"2016-08-18","createTime":"2016-08-18 16:36:01","companyId":4158,"positionName":"高级安卓开发工程师","education":"本科","city":"北京","positionId":207842,"financeStage":"成长型(A轮)","companyShortName":"美秒科技","companyLogo":"image1/M00/00/0A/CgYXBlTUWBaAX5ybAACq-EA7pSc619.jpg","salary":"15k-20k","industryField":"移动互联网,电子商务","district":"海淀区","companyLabelList":["交通补助","股票期权","弹性工作","免费晚餐"],"positionAdvantage":"发展好、氛围棒、福利好、领导棒","jobNature":"全职","workYear":"3-5年","approve":1,"score":0,"companySize":"15-50人","businessZones":["西二旗","龙泽","回龙观"],"imState":"today","lastLogin":1472551672000,"publisherId":71928,"explain":null,"plus":null,"pcShow":0,"appShow":0,"deliver":0,"gradeDescription":null,"companyFullName":"北京美秒科技有限公司","adWord":0},{"formatCreateTime":"2016-08-18","createTime":"2016-08-18 10:45:04","companyId":4158,"positionName":"Android实习生","education":"大专","city":"北京","positionId":227580,"financeStage":"成长型(A轮)","companyShortName":"美秒科技","companyLogo":"image1/M00/00/0A/CgYXBlTUWBaAX5ybAACq-EA7pSc619.jpg","salary":"4k-8k","industryField":"移动互联网,电子商务","district":"海淀区","companyLabelList":["交通补助","股票期权","弹性工作","免费晚餐"],"positionAdvantage":"发展好、氛围棒、福利好、领导棒","jobNature":"实习","workYear":"不限","approve":1,"score":0,"companySize":"15-50人","businessZones":["西二旗","龙泽","回龙观"],"imState":"today","lastLogin":1472551672000,"publisherId":71928,"explain":null,"plus":null,"pcShow":0,"appShow":0,"deliver":0,"gradeDescription":null,"companyFullName":"北京美秒科技有限公司","adWord":0},{"formatCreateTime":"2016-08-17","createTime":"2016-08-17 18:44:53","companyId":4158,"positionName":"Android开发程序员","education":"不限","city":"北京","positionId":225428,"financeStage":"成长型(A轮)","companyShortName":"美秒科技","companyLogo":"image1/M00/00/0A/CgYXBlTUWBaAX5ybAACq-EA7pSc619.jpg","salary":"15k-20k","industryField":"移动互联网,电子商务","district":"海淀区","companyLabelList":["交通补助","股票期权","弹性工作","免费晚餐"],"positionAdvantage":"发展好、氛围棒、福利好、领导棒","jobNature":"全职","workYear":"1-3年","approve":1,"score":0,"companySize":"15-50人","businessZones":["西二旗","龙泽","回龙观"],"imState":"today","lastLogin":1472551672000,"publisherId":71928,"explain":null,"plus":null,"pcShow":0,"appShow":0,"deliver":0,"gradeDescription":null,"companyFullName":"北京美秒科技有限公司","adWord":0},{"formatCreateTime":"2016-08-17","createTime":"2016-08-17 11:26:01","companyId":7279,"positionName":"高级Android研发工程师","education":"本科","city":"北京","positionId":2249526,"financeStage":"成长型(B轮)","companyShortName":"Kika Tech(新美互通)","companyLogo":"i/image/M00/10/3F/CgqKkVbfkpuAWYVCAAAPa-AIRBE907.jpg","salary":"25k-35k","industryField":"移动互联网","district":"东城区","companyLabelList":["弹性工作任性","技术牛带你飞","高质量妹子多","环境舒适"],"positionAdvantage":"弹性工作，福利待遇好，公司发展前景好","jobNature":"全职","workYear":"3-5年","approve":1,"score":0,"companySize":"150-500人","businessZones":["和平里","雍和宫","和平街"],"imState":"today","lastLogin":1472541743000,"publisherId":43896,"explain":null,"plus":null,"pcShow":0,"appShow":0,"deliver":0,"gradeDescription":null,"companyFullName":"北京新美互通科技有限公司","adWord":0},{"formatCreateTime":"2016-08-17","createTime":"2016-08-17 11:24:44","companyId":61488,"positionName":"开发运维门户Android开发工程师","education":"本科","city":"北京","positionId":1887546,"financeStage":"上市公司","companyShortName":"四达时代集团","companyLogo":"image1/M00/1A/E1/CgYXBlUd7k-AAGqpAAAljq6bCv4669.png","salary":"15k-25k","industryField":"文化娱乐,硬件","district":"大兴区","companyLabelList":["年底双薪","专项奖金","绩效奖金","交通补助"],"positionAdvantage":"公司规模大 福利待遇好","jobNature":"全职","workYear":"3-5年","approve":1,"score":0,"companySize":"2000人以上","businessZones":null,"imState":"today","lastLogin":1472548940000,"publisherId":965544,"explain":null,"plus":null,"pcShow":0,"appShow":0,"deliver":0,"gradeDescription":null,"companyFullName":"北京四达时代软件技术股份有限公司","adWord":0},{"formatCreateTime":"2016-08-17","createTime":"2016-08-17 11:23:06","companyId":7279,"positionName":"Android工程师（预装高级）","education":"本科","city":"北京","positionId":2249485,"financeStage":"成长型(B轮)","companyShortName":"Kika Tech(新美互通)","companyLogo":"i/image/M00/10/3F/CgqKkVbfkpuAWYVCAAAPa-AIRBE907.jpg","salary":"20k-40k","industryField":"移动互联网","district":"东城区","companyLabelList":["弹性工作任性","技术牛带你飞","高质量妹子多","环境舒适"],"positionAdvantage":"弹性工作，福利待遇好，公司发展前景好","jobNature":"全职","workYear":"3-5年","approve":1,"score":0,"companySize":"150-500人","businessZones":["和平里","雍和宫","和平街"],"imState":"today","lastLogin":1472541743000,"publisherId":43896,"explain":null,"plus":null,"pcShow":0,"appShow":0,"deliver":0,"gradeDescription":null,"companyFullName":"北京新美互通科技有限公司","adWord":0},{"formatCreateTime":"2016-08-16","createTime":"2016-08-16 18:02:28","companyId":7279,"positionName":"Android开发工程师（初中级）","education":"本科","city":"北京","positionId":2246823,"financeStage":"成长型(B轮)","companyShortName":"Kika Tech(新美互通)","companyLogo":"i/image/M00/10/3F/CgqKkVbfkpuAWYVCAAAPa-AIRBE907.jpg","salary":"15k-25k","industryField":"移动互联网","district":"东城区","companyLabelList":["弹性工作任性","技术牛带你飞","高质量妹子多","环境舒适"],"positionAdvantage":"弹性工作，福利待遇好，公司发展前景好","jobNature":"全职","workYear":"1-3年","approve":1,"score":0,"companySize":"150-500人","businessZones":["和平里","雍和宫","和平街"],"imState":"today","lastLogin":1472541743000,"publisherId":43896,"explain":null,"plus":null,"pcShow":0,"appShow":0,"deliver":0,"gradeDescription":null,"companyFullName":"北京新美互通科技有限公司","adWord":0},{"formatCreateTime":"2016-08-16","createTime":"2016-08-16 16:51:04","companyId":7279,"positionName":"高级Android开发工程师","education":"本科","city":"北京","positionId":2246103,"financeStage":"成长型(B轮)","companyShortName":"Kika Tech(新美互通)","companyLogo":"i/image/M00/10/3F/CgqKkVbfkpuAWYVCAAAPa-AIRBE907.jpg","salary":"30k-55k","industryField":"移动互联网","district":"东城区","companyLabelList":["弹性工作任性","技术牛带你飞","高质量妹子多","环境舒适"],"positionAdvantage":"弹性工作，福利待遇好，公司发展前景好","jobNature":"全职","workYear":"3-5年","approve":1,"score":0,"companySize":"150-500人","businessZones":["和平里","雍和宫","和平街"],"imState":"today","lastLogin":1472541743000,"publisherId":43896,"explain":null,"plus":null,"pcShow":0,"appShow":0,"deliver":0,"gradeDescription":null,"companyFullName":"北京新美互通科技有限公司","adWord":0},{"formatCreateTime":"2016-08-16","createTime":"2016-08-16 16:49:11","companyId":7279,"positionName":"高级Android开发工程师","education":"本科","city":"北京","positionId":2246088,"financeStage":"成长型(B轮)","companyShortName":"Kika Tech(新美互通)","companyLogo":"i/image/M00/10/3F/CgqKkVbfkpuAWYVCAAAPa-AIRBE907.jpg","salary":"30k-55k","industryField":"移动互联网","district":"东城区","companyLabelList":["弹性工作任性","技术牛带你飞","高质量妹子多","环境舒适"],"positionAdvantage":"弹性工作，福利待遇好，公司发展前景好","jobNature":"全职","workYear":"3-5年","approve":1,"score":0,"companySize":"150-500人","businessZones":["和平里","雍和宫","和平街"],"imState":"today","lastLogin":1472541743000,"publisherId":43896,"explain":null,"plus":null,"pcShow":0,"appShow":0,"deliver":0,"gradeDescription":null,"companyFullName":"北京新美互通科技有限公司","adWord":0},{"formatCreateTime":"2016-08-15","createTime":"2016-08-15 11:42:26","companyId":114110,"positionName":"Android开发工程师","education":"本科","city":"北京","positionId":2237401,"financeStage":"上市公司","companyShortName":"乐视","companyLogo":"i/image/M00/04/2B/Cgp3O1bGwzWAEAB4AAAbnMQCudk783.jpg","salary":"12k-18k","industryField":"移动互联网","district":"朝阳区","companyLabelList":["股票期权","交通补助","通讯津贴","带薪年假"],"positionAdvantage":"全员持股、免费班车、团队氛围","jobNature":"全职","workYear":"3-5年","approve":1,"score":0,"companySize":"2000人以上","businessZones":["朝阳门","朝外","东四"],"imState":"disabled","lastLogin":1471859943000,"publisherId":5165350,"explain":null,"plus":null,"pcShow":0,"appShow":0,"deliver":0,"gradeDescription":null,"companyFullName":"乐视网信息技术（北京）股份有限公司","adWord":0},{"formatCreateTime":"2016-08-12","createTime":"2016-08-12 18:51:28","companyId":50702,"positionName":"Android","education":"本科","city":"北京","positionId":2233412,"financeStage":"成熟型(D轮及以上)","companyShortName":"美团点评","companyLogo":"i/image/M00/4B/6C/CgqKkVefHv-AFoRzAAAuALF7ZZ0419.png","salary":"15k-30k","industryField":"移动互联网,O2O","district":"朝阳区","companyLabelList":["技能培训","绩效奖金","岗位晋升","领导好"],"positionAdvantage":"核心部门，平台大，待遇优，发展空间大","jobNature":"全职","workYear":"1-3年","approve":1,"score":0,"companySize":"2000人以上","businessZones":["望京","来广营"],"imState":"today","lastLogin":1472555393000,"publisherId":1504547,"explain":null,"plus":null,"pcShow":0,"appShow":0,"deliver":0,"gradeDescription":null,"companyFullName":"北京三快在线科技有限公司","adWord":0},{"formatCreateTime":"2016-08-12","createTime":"2016-08-12 16:48:40","companyId":4158,"positionName":"Android开发实习生","education":"本科","city":"北京","positionId":64527,"financeStage":"成长型(A轮)","companyShortName":"美秒科技","companyLogo":"image1/M00/00/0A/CgYXBlTUWBaAX5ybAACq-EA7pSc619.jpg","salary":"4k-8k","industryField":"移动互联网,电子商务","district":"海淀区","companyLabelList":["交通补助","股票期权","弹性工作","免费晚餐"],"positionAdvantage":"发展好、氛围棒、福利好、领导棒","jobNature":"实习","workYear":"应届毕业生","approve":1,"score":0,"companySize":"15-50人","businessZones":["西二旗","龙泽","回龙观"],"imState":"today","lastLogin":1472551672000,"publisherId":71928,"explain":null,"plus":null,"pcShow":0,"appShow":0,"deliver":0,"gradeDescription":null,"companyFullName":"北京美秒科技有限公司","adWord":0},{"formatCreateTime":"2016-08-12","createTime":"2016-08-12 16:08:08","companyId":7279,"positionName":"Android实习","education":"本科","city":"北京","positionId":2232179,"financeStage":"成长型(B轮)","companyShortName":"Kika Tech(新美互通)","companyLogo":"i/image/M00/10/3F/CgqKkVbfkpuAWYVCAAAPa-AIRBE907.jpg","salary":"2k-3k","industryField":"移动互联网","district":"东城区","companyLabelList":["弹性工作任性","技术牛带你飞","高质量妹子多","环境舒适"],"positionAdvantage":"弹性工作，福利待遇好，公司发展前景好","jobNature":"实习","workYear":"不限","approve":1,"score":0,"companySize":"150-500人","businessZones":["和平里","雍和宫","和平街"],"imState":"today","lastLogin":1472541743000,"publisherId":43896,"explain":null,"plus":null,"pcShow":0,"appShow":0,"deliver":0,"gradeDescription":null,"companyFullName":"北京新美互通科技有限公司","adWord":0},{"formatCreateTime":"2016-08-12","createTime":"2016-08-12 14:29:59","companyId":7279,"positionName":"高级Android研发工程师","education":"本科","city":"北京","positionId":2231259,"financeStage":"成长型(B轮)","companyShortName":"Kika Tech(新美互通)","companyLogo":"i/image/M00/10/3F/CgqKkVbfkpuAWYVCAAAPa-AIRBE907.jpg","salary":"25k-35k","industryField":"移动互联网","district":"东城区","companyLabelList":["弹性工作任性","技术牛带你飞","高质量妹子多","环境舒适"],"positionAdvantage":"弹性工作，福利待遇好，公司发展前景好","jobNature":"全职","workYear":"3-5年","approve":1,"score":0,"companySize":"150-500人","businessZones":["和平里","雍和宫","和平街"],"imState":"today","lastLogin":1472541743000,"publisherId":43896,"explain":null,"plus":null,"pcShow":0,"appShow":0,"deliver":0,"gradeDescription":null,"companyFullName":"北京新美互通科技有限公司","adWord":0},{"formatCreateTime":"2016-08-12","createTime":"2016-08-12 11:42:48","companyId":7279,"positionName":"Android开发工程师（中级）","education":"本科","city":"北京","positionId":2230301,"financeStage":"成长型(B轮)","companyShortName":"Kika Tech(新美互通)","companyLogo":"i/image/M00/10/3F/CgqKkVbfkpuAWYVCAAAPa-AIRBE907.jpg","salary":"15k-25k","industryField":"移动互联网","district":"东城区","companyLabelList":["弹性工作任性","技术牛带你飞","高质量妹子多","环境舒适"],"positionAdvantage":"弹性工作，福利待遇好，公司发展前景好","jobNature":"全职","workYear":"3-5年","approve":1,"score":0,"companySize":"150-500人","businessZones":["和平里","雍和宫","和平街"],"imState":"today","lastLogin":1472541743000,"publisherId":43896,"explain":null,"plus":null,"pcShow":0,"appShow":0,"deliver":0,"gradeDescription":null,"companyFullName":"北京新美互通科技有限公司","adWord":0}]}},"code":0}