{"resubmitToken":null,"success":true,"requestId":null,"msg":null,"content":{"pageNo":19,"pageSize":15,"positionResult":{"totalCount":8899,"resultSize":15,"locationInfo":{"city":"北京","district":null,"businessZone":null,"queryByGisCode":false,"locationCode":null},"queryAnalysisInfo":{"positionName":"android","companyName":null,"industryName":null,"usefulCompany":false},"strategyProperty":{"name":"dm-csearch-newSimScorer","id":1},"result":[{"companyId":129,"positionName":"高级android开发工程师","workYear":"3-5年","education":"本科","jobNature":"全职","createTime":"2016-08-29 14:08:56","companyShortName":"陌陌","positionId":223483,"salary":"15k-25k","approve":1,"city":"北京","positionAdvantage":"广阔的发展空间，有竞争力的薪资","companyLogo":"upload/logo/ff8080814bcef7c9014bda8adac101a4.png","industryField":"社交网络","companyLabelList":["岗位晋升","帅哥多","管理规范","技能培训"],"financeStage":"上市公司","district":"朝阳区","score":0,"companySize":"150-500人","companyFullName":"北京陌陌科技有限公司","adWord":0,"formatCreateTime":"1天前发布","imState":"today","lastLogin":1472555535000,"publisherId":15724,"explain":null,"plus":null,"pcShow":0,"appShow":0,"deliver":0,"gradeDescription":null,"businessZones":["望京","大山子","花家地"]},{"companyId":62,"positionName":"Android（高级）开发工程师-渠道方向","workYear":"1-3年","education":"本科","jobNature":"全职","createTime":"2016-08-29 12:36:27","companyShortName":"今日头条","positionId":2152176,"salary":"18k-35k","approve":1,"city":"北京","positionAdvantage":"技术氛围佳,高回报,免费三餐,零食水果","companyLogo":"image1/M00/00/01/Cgo8PFTUV_OAH8cPAACZoNxm1EI176.jpg","industryField":"移动互联网,数据服务","companyLabelList":["扁平管理","弹性工作","大厨定制三餐","就近租房补贴"],"financeStage":"成熟型(C轮)","district":null,"score":0,"companySize":"2000人以上","companyFullName":"北京字节跳动科技有限公司","adWord":0,"formatCreateTime":"1天前发布","imState":"today","lastLogin":1472565170000,"publisherId":38254,"explain":null,"plus":null,"pcShow":0,"appShow":0,"deliver":0,"gradeDescription":null,"businessZones":null},{"companyId":116322,"positionName":"Android开发工程师（视频直播经验优先）","workYear":"3-5年","education":"不限","jobNature":"全职","createTime":"2016-08-29 11:41:17","companyShortName":"中软云科","positionId":2166987,"salary":"8k-15k","approve":0,"city":"北京","positionAdvantage":"弹性工作、双休、绩效奖金、人性化","companyLogo":"i/image/M00/12/53/Cgp3O1blLfaAB03xAAAMZfDYKB0964.JPG","industryField":"移动互联网","companyLabelList":null,"financeStage":"成长型(不需要融资)","district":"西城区","score":0,"companySize":"50-150人","companyFullName":"中软云科信息技术（北京）有限责任公司","adWord":0,"formatCreateTime":"1天前发布","imState":"today","lastLogin":1472564787000,"publisherId":4116747,"explain":null,"plus":null,"pcShow":0,"appShow":0,"deliver":0,"gradeDescription":null,"businessZones":["德胜门","新街口","北太平庄"]},{"companyId":84708,"positionName":"高级Android工程师","workYear":"1-3年","education":"本科","jobNature":"全职","createTime":"2016-08-29 11:37:52","companyShortName":"视界核心","positionId":1212486,"salary":"20k-30k","approve":1,"city":"北京","positionAdvantage":"13薪+期权+扁平+不打卡+咖啡馆+零食","companyLogo":"i/image/M00/05/D1/Cgp3O1bLx9qAWoD8AAAZw5f3tqI462.jpg","industryField":"移动互联网,社交网络","companyLabelList":["技能培训","年底双薪","股票期权","带薪年假"],"financeStage":"成长型(A轮)","district":"朝阳区","score":0,"companySize":"15-50人","companyFullName":"必连（北京）科技有限公司","adWord":0,"formatCreateTime":"1天前发布","imState":"today","lastLogin":1472543623000,"publisherId":2167593,"explain":null,"plus":null,"pcShow":0,"appShow":0,"deliver":0,"gradeDescription":null,"businessZones":["姚家园"]},{"companyId":128094,"positionName":"Android高级开发工程师","workYear":"3-5年","education":"本科","jobNature":"全职","createTime":"2016-08-29 11:29:20","companyShortName":"益友翔","positionId":1818184,"salary":"10k-20k","approve":1,"city":"北京","positionAdvantage":"五险一金、期权、管理岗","companyLogo":"i/image/M00/28/63/Cgp3O1cq3KyACMXDAAAS2POGgzc622.jpg","industryField":"移动互联网,企业服务","companyLabelList":null,"financeStage":"初创型(不需要融资)","district":null,"score":0,"companySize":"15-50人","companyFullName":"益友翔网络科技（北京）有限公司","adWord":0,"formatCreateTime":"1天前发布","imState":"disabled","lastLogin":1472539548000,"publisherId":4986037,"explain":null,"plus":null,"pcShow":0,"appShow":0,"deliver":0,"gradeDescription":null,"businessZones":null},{"companyId":53782,"positionName":"Android开发工程师","workYear":"1-3年","education":"本科","jobNature":"全职","createTime":"2016-08-29 11:27:10","companyShortName":"好头发网","positionId":845008,"salary":"8k-16k","approve":1,"city":"北京","positionAdvantage":"晋升空间大，发展平台好，提供食宿","companyLogo":"image1/M00/0B/B6/Cgo8PFTz676Ab431AACDKtU0Fv0957.jpg","industryField":"医疗健康","companyLabelList":["提供食宿","五险","股票期权","扁平管理"],"financeStage":"成长型(A轮)","district":"海淀区","score":0,"companySize":"50-150人","companyFullName":"北京好头发网络科技有限公司","adWord":0,"formatCreateTime":"1天前发布","imState":"disabled","lastLogin":1472531344000,"publisherId":2040732,"explain":null,"plus":null,"pcShow":0,"appShow":0,"deliver":0,"gradeDescription":null,"businessZones":["四季青"]},{"companyId":107288,"positionName":"高级安卓开发工程师","workYear":"1-3年","education":"大专","jobNature":"全职","createTime":"2016-08-29 11:26:47","companyShortName":"康壹科技","positionId":2236461,"salary":"15k-25k","approve":0,"city":"北京","positionAdvantage":"期权股权，带薪年假，员工旅游，年度体检","companyLogo":"i/image/M00/39/73/Cgp3O1dnUTKAC6QiAAAdhPVoUDM500.png","industryField":"医疗健康","companyLabelList":null,"financeStage":"成长型(A轮)","district":"朝阳区","score":0,"companySize":"15-50人","companyFullName":"北京康壹国际健康科技有限责任公司","adWord":0,"formatCreateTime":"1天前发布","imState":"disabled","lastLogin":1472457761000,"publisherId":3217955,"explain":null,"plus":null,"pcShow":0,"appShow":0,"deliver":0,"gradeDescription":null,"businessZones":["大望路","华贸","红庙"]},{"companyId":50889,"positionName":"高级研发工程师（安卓方向）","workYear":"3-5年","education":"本科","jobNature":"全职","createTime":"2016-08-29 11:20:54","companyShortName":"和创科技（红圈营销）","positionId":1778262,"salary":"20k-35k","approve":1,"city":"北京","positionAdvantage":"上市公司，持续股权激励，技术极客云集！","companyLogo":"i/image/M00/03/44/Cgp3O1ax7JWAOSzUAABS3OF0A7w289.jpg","industryField":"移动互联网,企业服务","companyLabelList":["弹性工作","敏捷研发","股票期权","年底双薪"],"financeStage":"上市公司","district":"西城区","score":0,"companySize":"2000人以上","companyFullName":"和创（北京）科技股份有限公司","adWord":0,"formatCreateTime":"1天前发布","imState":"today","lastLogin":1472520356000,"publisherId":4973125,"explain":null,"plus":null,"pcShow":0,"appShow":0,"deliver":0,"gradeDescription":null,"businessZones":["新街口","德胜门","小西天"]},{"companyId":3786,"positionName":"Android逆向工程师","workYear":"3-5年","education":"本科","jobNature":"全职","createTime":"2016-08-29 11:16:16","companyShortName":"宜信","positionId":1757427,"salary":"18k-30k","approve":1,"city":"北京","positionAdvantage":"全球最大P2P公司，互联网金融领先企业","companyLogo":"i/image/M00/01/C8/Cgp3O1Z3lASAVbZHAABCha8eqHY645.jpg","industryField":"移动互联网,金融","companyLabelList":["管理规范","技能培训","扁平管理","弹性工作"],"financeStage":"成熟型(不需要融资)","district":"朝阳区","score":0,"companySize":"2000人以上","companyFullName":"普信恒业科技发展（北京）有限公司","adWord":0,"formatCreateTime":"1天前发布","imState":"disabled","lastLogin":1472521265000,"publisherId":279591,"explain":null,"plus":null,"pcShow":0,"appShow":0,"deliver":0,"gradeDescription":null,"businessZones":["华贸","红庙","大望路"]},{"companyId":630,"positionName":"android高级开发工程师","workYear":"3-5年","education":"大专","jobNature":"全职","createTime":"2016-08-29 11:13:40","companyShortName":"19e","positionId":2298299,"salary":"15k-20k","approve":1,"city":"北京","positionAdvantage":"七险一金 公司班车 员工宿舍 带薪年假","companyLogo":"image1/M00/00/03/Cgo8PFTUV_yAeNL7AAAUad-5lhg863.png","industryField":"电子商务","companyLabelList":["绩效奖金","年度旅游","住宿班车","七险一金"],"financeStage":"成长型(B轮)","district":"海淀区","score":0,"companySize":"2000人以上","companyFullName":"北京一九易站电子商务有限公司","adWord":0,"formatCreateTime":"1天前发布","imState":"disabled","lastLogin":1472534524000,"publisherId":465603,"explain":null,"plus":null,"pcShow":0,"appShow":0,"deliver":0,"gradeDescription":null,"businessZones":["上地","马连洼","颐和园"]},{"companyId":93974,"positionName":"Android高级开发工程师","workYear":"3-5年","education":"本科","jobNature":"全职","createTime":"2016-08-29 11:10:21","companyShortName":"你好世界","positionId":1393663,"salary":"15k-25k","approve":1,"city":"北京","positionAdvantage":"我司有趣好玩 请备好核桃补脑","companyLogo":"image2/M00/02/B7/CgpzWlXr8TmAMtMiAAANAsKdgBM653.jpg?cc=0.39752642810344696","industryField":"移动互联网,社交网络","companyLabelList":["年底双薪","带薪年假","年度旅游","扁平管理"],"financeStage":"初创型(天使轮)","district":"朝阳区","score":0,"companySize":"15-50人","companyFullName":"你好世界（北京）科技有限公司","adWord":0,"formatCreateTime":"1天前发布","imState":"today","lastLogin":1472531648000,"publisherId":2476857,"explain":null,"plus":null,"pcShow":0,"appShow":0,"deliver":0,"gradeDescription":null,"businessZones":["建外大街","国贸","CBD"]},{"companyId":1662,"positionName":"Android开发工程师/安卓研发工程师--互动娱乐事业部","workYear":"3-5年","education":"大专","jobNature":"全职","createTime":"2016-08-29 11:10:09","companyShortName":"大麦网","positionId":1225119,"salary":"10k-20k","approve":1,"city":"北京","positionAdvantage":"五险一金，绩效奖金，节日福利，年底双薪","companyLogo":"image1/M00/00/06/Cgo8PFTUWAWAITvVAAAniYBJ4Lc269.jpg","industryField":"移动互联网,电子商务","companyLabelList":["绩效奖金","年底双薪","五险一金","带薪年假"],"financeStage":"成熟型(C轮)","district":"东城区","score":0,"companySize":"500-2000人","companyFullName":"北京红马传媒文化发展有限公司","adWord":0,"formatCreateTime":"1天前发布","imState":"today","lastLogin":1472542169000,"publisherId":3046212,"explain":null,"plus":null,"pcShow":0,"appShow":0,"deliver":0,"gradeDescription":null,"businessZones":["东直门","海运仓","三里屯"]},{"companyId":10987,"positionName":"安卓研发工程师","workYear":"1-3年","education":"本科","jobNature":"全职","createTime":"2016-08-29 11:08:29","companyShortName":"Flipboard","positionId":1900125,"salary":"18k-35k","approve":0,"city":"北京","positionAdvantage":"国际化薪酬福利，轻松舒适办公环境","companyLogo":"i/image/M00/00/48/Cgp3O1Y8H-OAJB6DAAAJtcgoFgw464.png","industryField":"移动互联网,文化娱乐","companyLabelList":["五险一金","扁平管理","顶尖团队","赴美交流机会"],"financeStage":"成熟型(C轮)","district":null,"score":0,"companySize":"15-50人","companyFullName":"指尖翻动（北京）科技有限公司","adWord":0,"formatCreateTime":"1天前发布","imState":"today","lastLogin":1472567024000,"publisherId":1832850,"explain":null,"plus":null,"pcShow":0,"appShow":0,"deliver":0,"gradeDescription":null,"businessZones":null},{"companyId":29526,"positionName":"Android","workYear":"3-5年","education":"本科","jobNature":"全职","createTime":"2016-08-29 11:08:23","companyShortName":"六间房","positionId":305447,"salary":"15k-30k","approve":0,"city":"北京","positionAdvantage":"安卓高级工程师","companyLogo":"image1/M00/00/41/Cgo8PFTUXMuAFZF2AABwbyGJl2k601.png","industryField":"移动互联网,社交网络","companyLabelList":["年底双薪","带薪年假","岗位晋升","年度旅游"],"financeStage":"成熟型(D轮及以上)","district":"海淀区","score":0,"companySize":"500-2000人","companyFullName":"北京六间房科技有限公司","adWord":0,"formatCreateTime":"1天前发布","imState":"today","lastLogin":1472553309000,"publisherId":411166,"explain":null,"plus":null,"pcShow":0,"appShow":0,"deliver":0,"gradeDescription":null,"businessZones":["车公庄","白石桥","甘家口"]},{"companyId":85485,"positionName":"Android高级工程师","workYear":"3-5年","education":"本科","jobNature":"全职","createTime":"2016-08-29 11:04:31","companyShortName":"口粮在线","positionId":1376691,"salary":"15k-30k","approve":1,"city":"北京","positionAdvantage":"五险一金、期权、扁平化管理、升职空间大","companyLogo":"image1/M00/3C/AF/Cgo8PFW2AA2AFGgeAABy0vdIX4s912.jpg?cc=0.31543341954238713","industryField":"移动互联网,O2O","companyLabelList":["绩效奖金","岗位晋升","年度旅游","扁平管理"],"financeStage":"初创型(未融资)","district":"海淀区","score":0,"companySize":"15-50人","companyFullName":"绿色贝壳（北京）信息科技有限公司","adWord":0,"formatCreateTime":"1天前发布","imState":"today","lastLogin":1472547178000,"publisherId":2189021,"explain":null,"plus":null,"pcShow":0,"appShow":0,"deliver":0,"gradeDescription":null,"businessZones":null}]}},"code":0}