{"success":true,"requestId":null,"msg":null,"resubmitToken":null,"content":{"pageNo":82,"pageSize":15,"positionResult":{"resultSize":15,"totalCount":8899,"locationInfo":{"city":"北京","district":null,"queryByGisCode":false,"locationCode":null,"businessZone":null},"queryAnalysisInfo":{"positionName":"android","companyName":null,"usefulCompany":false,"industryName":null},"strategyProperty":{"name":"dm-csearch-newSimScorer","id":1},"result":[{"createTime":"2016-07-27 09:20:01","formatCreateTime":"2016-07-27","companyId":23682,"positionName":"Android开发工程师","workYear":"1-3年","education":"本科","jobNature":"全职","companyShortName":"CIG","city":"北京","salary":"15k-20k","financeStage":"上市公司","positionId":2152638,"companyLogo":"image1/M00/00/2F/Cgo8PFTUXH6AeZH_AAB0rWVdeZo125.jpg","positionAdvantage":"上市公司，汽车大数据营销专家","approve":1,"district":"海淀区","score":0,"companyLabelList":["年终分红","绩效奖金","五险一金","交通补助"],"industryField":"广告营销","companySize":"500-2000人","imState":"threeDays","lastLogin":1472473820000,"publisherId":277782,"explain":null,"plus":null,"pcShow":0,"appShow":0,"deliver":0,"gradeDescription":null,"businessZones":["白石桥","车公庄","甘家口"],"companyFullName":"北京新意互动广告有限公司","adWord":0},{"createTime":"2016-07-26 18:42:15","formatCreateTime":"2016-07-26","companyId":53612,"positionName":"IOS/Android 高级开发/开发专家","workYear":"3-5年","education":"不限","jobNature":"全职","companyShortName":"阿里巴巴","city":"北京","salary":"20k-40k","financeStage":"上市公司","positionId":2151689,"companyLogo":"image1/M00/15/DA/Cgo8PFULleqAK2uXAABkRHA5Prk251.jpg","positionAdvantage":"平台、阿里福利","approve":0,"district":"朝阳区","score":0,"companyLabelList":["节日礼物","免费班车","绩效奖金","岗位晋升"],"industryField":"电子商务","companySize":"2000人以上","imState":"disabled","lastLogin":1472449786000,"publisherId":41174,"explain":null,"plus":null,"pcShow":0,"appShow":0,"deliver":0,"gradeDescription":null,"businessZones":["大山子","花家地"],"companyFullName":"阿里巴巴网络技术(中国)有限公司","adWord":0},{"createTime":"2016-07-26 16:45:06","formatCreateTime":"2016-07-26","companyId":118346,"positionName":"Android高级开发工程师","workYear":"3-5年","education":"本科","jobNature":"全职","companyShortName":"纷享逍客","city":"北京","salary":"25k-50k","financeStage":"成熟型(D轮及以上)","positionId":1878114,"companyLogo":"i/image/M00/0F/C2/Cgp3O1bef8OAHcRxAAAUv0EXSwg135.png","positionAdvantage":"至少16薪、绩效奖金、五险一金","approve":1,"district":"朝阳区","score":0,"companyLabelList":["绩效奖金","股票期权","岗位晋升","五险一金"],"industryField":"移动互联网","companySize":"150-500人","imState":"today","lastLogin":1472535744000,"publisherId":4527302,"explain":null,"plus":null,"pcShow":0,"appShow":0,"deliver":0,"gradeDescription":null,"businessZones":["大山子","酒仙桥","将台路"],"companyFullName":"成都恒游创意科技有限公司","adWord":0},{"createTime":"2016-07-26 15:49:04","formatCreateTime":"2016-07-26","companyId":122142,"positionName":"中级Android工程师","workYear":"不限","education":"不限","jobNature":"全职","companyShortName":"糖天使","city":"北京","salary":"9k-16k","financeStage":"成长型(A轮)","positionId":1998693,"companyLogo":"i/image/M00/1A/68/Cgp3O1b6IKiAVCYHAAAMvneWPv8176.jpg","positionAdvantage":"薪酬福利弹性化","approve":0,"district":"朝阳区","score":0,"companyLabelList":["年底双薪","股票期权","午餐补助","交通补助"],"industryField":"移动互联网,医疗健康","companySize":"50-150人","imState":"overSevenDays","lastLogin":1471485817000,"publisherId":5415336,"explain":null,"plus":null,"pcShow":0,"appShow":0,"deliver":0,"gradeDescription":null,"businessZones":["劲松"],"companyFullName":"北京糖天使健康科技有限公司","adWord":0},{"createTime":"2016-07-26 15:48:52","formatCreateTime":"2016-07-26","companyId":131557,"positionName":"移动开发（Android/IOS）","workYear":"不限","education":"本科","jobNature":"全职","companyShortName":"无记","city":"北京","salary":"15k-25k","financeStage":"初创型(未融资)","positionId":1896529,"companyLogo":"i/image/M00/31/AF/Cgp3O1dL85CAM_2rAAAT6mqD4VI458.jpg","positionAdvantage":"让生活更美好","approve":1,"district":"丰台区","score":0,"companyLabelList":["技能培训","弹性工作","扁平管理","岗位晋升"],"industryField":"移动互联网,数据服务","companySize":"少于15人","imState":"overSevenDays","lastLogin":1470203976000,"publisherId":4337928,"explain":null,"plus":null,"pcShow":0,"appShow":0,"deliver":0,"gradeDescription":null,"businessZones":["嘉园","马家堡","草桥"],"companyFullName":"无记（北京）信息技术有限公司","adWord":0},{"createTime":"2016-07-26 15:05:33","formatCreateTime":"2016-07-26","companyId":134097,"positionName":"Android SDK开发工程师 -手游","workYear":"1-3年","education":"本科","jobNature":"全职","companyShortName":"着迷","city":"北京","salary":"15k-25k","financeStage":"上市公司","positionId":2149562,"companyLogo":"i/image/M00/36/FC/CgqKkVdfYMmALslEAABg5ekYUEo290.png","positionAdvantage":"六险一金 发展前景","approve":1,"district":"海淀区","score":0,"companyLabelList":["股票期权","绩效奖金","年底双薪","定期体检"],"industryField":"移动互联网,游戏","companySize":"150-500人","imState":"disabled","lastLogin":1471254732000,"publisherId":5750982,"explain":null,"plus":null,"pcShow":0,"appShow":0,"deliver":0,"gradeDescription":null,"businessZones":["知春路","北航","学院路"],"companyFullName":"北京乐享方登网络科技股份有限公司","adWord":0},{"createTime":"2016-07-26 14:55:47","formatCreateTime":"2016-07-26","companyId":85724,"positionName":"Android","workYear":"3-5年","education":"本科","jobNature":"全职","companyShortName":"筑梦空间","city":"北京","salary":"10k-20k","financeStage":"初创型(未融资)","positionId":2149405,"companyLogo":"image1/M00/3D/11/Cgo8PFW3PMiAcujHAAASHtmb-oI581.jpg?cc=0.32902866997756064","positionAdvantage":"五险一金，带薪年假，节日礼物，员工旅游","approve":0,"district":"朝阳区","score":0,"companyLabelList":["节日礼物","技能培训","股票期权","带薪年假"],"industryField":"电子商务,金融","companySize":"50-150人","imState":"disabled","lastLogin":1470099912000,"publisherId":2194586,"explain":null,"plus":null,"pcShow":0,"appShow":0,"deliver":0,"gradeDescription":null,"businessZones":["双井","广渠门","劲松"],"companyFullName":"北京筑梦空间网络科技有限公司","adWord":0},{"createTime":"2016-07-26 14:17:10","formatCreateTime":"2016-07-26","companyId":81114,"positionName":"Android","workYear":"3-5年","education":"本科","jobNature":"全职","companyShortName":"神州专车","city":"北京","salary":"18k-35k","financeStage":"上市公司","positionId":1609352,"companyLogo":"image1/M00/35/07/CgYXBlWaUIWAdKE4AAAlkF8a4V8218.png?cc=0.04895447536089248","positionAdvantage":"六险一金，地铁周边，年终奖","approve":1,"district":"朝阳区","score":0,"companyLabelList":["上市公司","技术交流","专项奖金","股票期权"],"industryField":"移动互联网,电子商务","companySize":"2000人以上","imState":"disabled","lastLogin":1472554367000,"publisherId":2062217,"explain":null,"plus":null,"pcShow":0,"appShow":0,"deliver":0,"gradeDescription":null,"businessZones":["将台路","花家地","望京"],"companyFullName":"神州优车（天津）有限公司","adWord":0},{"createTime":"2016-07-26 13:49:39","formatCreateTime":"2016-07-26","companyId":120483,"positionName":"Android研发工程师","workYear":"3-5年","education":"本科","jobNature":"全职","companyShortName":"中再生-思迪环保","city":"北京","salary":"10k-15k","financeStage":"成长型(不需要融资)","positionId":1910917,"companyLogo":"i/image/M00/16/82/Cgp3O1bvrB-AEfouAABR5ZbvNbA580.png","positionAdvantage":"五险一金、带薪年假、定期团建、周末双休","approve":1,"district":"西城区","score":0,"companyLabelList":["带薪年假","年终分红","管理规范","领导好"],"industryField":"移动互联网,其他","companySize":"50-150人","imState":"overSevenDays","lastLogin":1470277285000,"publisherId":4589438,"explain":null,"plus":null,"pcShow":0,"appShow":0,"deliver":0,"gradeDescription":null,"businessZones":["宣武门","和平门","长椿街"],"companyFullName":"北京思迪环保科技服务有限公司","adWord":0},{"createTime":"2016-07-26 13:30:44","formatCreateTime":"2016-07-26","companyId":26783,"positionName":"Android开发工程师","workYear":"1-3年","education":"本科","jobNature":"全职","companyShortName":"快快鱼","city":"北京","salary":"8k-15k","financeStage":"成长型(A轮)","positionId":994383,"companyLogo":"image1/M00/16/41/CgYXBlUNFIOADw9qAABr0VU_q2M934.png","positionAdvantage":"弹性作息、餐补","approve":0,"district":"朝阳区","score":0,"companyLabelList":["绩效奖金","股票期权","带薪年假","帅哥多"],"industryField":"O2O","companySize":"50-150人","imState":"disabled","lastLogin":1472453415000,"publisherId":1630487,"explain":null,"plus":null,"pcShow":0,"appShow":0,"deliver":0,"gradeDescription":null,"businessZones":["八里庄","四惠","十里堡"],"companyFullName":"乐享在线科技（北京）有限公司","adWord":0},{"createTime":"2016-07-26 09:58:29","formatCreateTime":"2016-07-26","companyId":72555,"positionName":"Android","workYear":"5-10年","education":"本科","jobNature":"全职","companyShortName":"多点Dmall","city":"北京","salary":"20k-35k","financeStage":"初创型(天使轮)","positionId":751523,"companyLogo":"image1/M00/2C/00/CgYXBlVyx8mAG5-iAAAQOmMzsME104.jpg","positionAdvantage":"天使1亿美金，薪资股票可谈，牛人云集","approve":1,"district":"海淀区","score":0,"companyLabelList":["技能培训","年底双薪","节日礼物","绩效奖金"],"industryField":"电子商务,O2O","companySize":"500-2000人","imState":"today","lastLogin":1472557943000,"publisherId":1735427,"explain":null,"plus":null,"pcShow":0,"appShow":0,"deliver":0,"gradeDescription":null,"businessZones":["五道口","学院路","北航"],"companyFullName":"多点生活（中国）网络科技有限公司","adWord":0},{"createTime":"2016-07-26 09:44:22","formatCreateTime":"2016-07-26","companyId":97172,"positionName":"Android开发工程师","workYear":"3-5年","education":"本科","jobNature":"全职","companyShortName":"Humax Tech","city":"北京","salary":"10k-18k","financeStage":"初创型(天使轮)","positionId":2146458,"companyLogo":"image2/M00/07/B8/CgpzWlYAG72AQz4dAAAWnjtTGgg550.jpg?cc=0.3403482724724128","positionAdvantage":"发展空间大，福利多多，期权激励","approve":0,"district":null,"score":0,"companyLabelList":["年终分红","交通补助","午餐补助","绩效奖金"],"industryField":"硬件","companySize":"15-50人","imState":"today","lastLogin":1472522359000,"publisherId":2647983,"explain":null,"plus":null,"pcShow":0,"appShow":0,"deliver":0,"gradeDescription":null,"businessZones":null,"companyFullName":"合优智景（北京）科技有限公司","adWord":0},{"createTime":"2016-07-25 19:47:57","formatCreateTime":"2016-07-25","companyId":136838,"positionName":"Android技术经理","workYear":"3-5年","education":"本科","jobNature":"全职","companyShortName":"云帆互联科技","city":"北京","salary":"10k-15k","financeStage":"初创型(不需要融资)","positionId":2145637,"companyLogo":"i/image/M00/3E/9D/Cgp3O1d03gqASs21AAAQeWrG534474.png","positionAdvantage":"美女多,餐补,交通补,弹性","approve":0,"district":"昌平区","score":0,"companyLabelList":["年底双薪","股票期权","绩效奖金","带薪年假"],"industryField":"移动互联网,企业服务","companySize":"15-50人","imState":"disabled","lastLogin":1469446788000,"publisherId":5512869,"explain":null,"plus":null,"pcShow":0,"appShow":0,"deliver":0,"gradeDescription":null,"businessZones":["东小口","立水桥","天通苑"],"companyFullName":"北京云帆互联科技有限公司","adWord":0},{"createTime":"2016-07-25 19:09:16","formatCreateTime":"2016-07-25","companyId":5946,"positionName":"Android高级研发","workYear":"5-10年","education":"本科","jobNature":"全职","companyShortName":"赤子城","city":"北京","salary":"15k-30k","financeStage":"成熟型(C轮)","positionId":2145521,"companyLogo":"i/image/M00/1D/42/CgqKkVcEfVKAahS6AABDLCfK3K4304.JPG","positionAdvantage":"14薪+开发自由+弹性工作+出国旅游","approve":1,"district":"朝阳区","score":0,"companyLabelList":["股票期权","学习氛围好","扁平管理","交通方便"],"industryField":"移动互联网,游戏","companySize":"150-500人","imState":"overSevenDays","lastLogin":1469444721000,"publisherId":5287032,"explain":null,"plus":null,"pcShow":0,"appShow":0,"deliver":0,"gradeDescription":null,"businessZones":["亮马桥","燕莎"],"companyFullName":"赤子城网络技术（北京）有限公司","adWord":0},{"createTime":"2016-07-25 17:57:00","formatCreateTime":"2016-07-25","companyId":131530,"positionName":"高级Android framework研发工程师","workYear":"5-10年","education":"本科","jobNature":"全职","companyShortName":"乐视致新电子商务有限公司","city":"北京","salary":"18k-35k","financeStage":"上市公司","positionId":2098044,"companyLogo":"i/image/M00/30/4A/CgqKkVdF5ZqASMJdAAAVhkMvQXY933.jpg","positionAdvantage":"全员持股，拥抱智能汽车的爆发","approve":0,"district":null,"score":0,"companyLabelList":["股票期权","带薪年假","通讯津贴","午餐补助"],"industryField":"硬件,电子商务","companySize":"2000人以上","imState":"threeDays","lastLogin":1472459697000,"publisherId":5646278,"explain":null,"plus":null,"pcShow":0,"appShow":0,"deliver":0,"gradeDescription":null,"businessZones":null,"companyFullName":"乐视致新电子商务有限公司","adWord":0}]}},"code":0}