{"msg":null,"success":true,"requestId":null,"resubmitToken":null,"content":{"pageNo":32,"pageSize":15,"positionResult":{"queryAnalysisInfo":{"industryName":null,"usefulCompany":false,"positionName":"android","companyName":null},"strategyProperty":{"name":"dm-csearch-newSimScorer","id":1},"totalCount":8899,"resultSize":15,"locationInfo":{"businessZone":null,"locationCode":null,"queryByGisCode":false,"city":"北京","district":null},"result":[{"companyId":114110,"explain":null,"plus":null,"pcShow":0,"appShow":0,"deliver":0,"gradeDescription":null,"businessZones":["石佛营","姚家园","十里堡"],"imState":"today","lastLogin":1472568515000,"publisherId":2266823,"positionName":"高级Android开发工程师","workYear":"3-5年","education":"本科","jobNature":"全职","positionId":2135157,"createTime":"2016-08-25 18:11:18","city":"北京","companyLogo":"i/image/M00/04/2B/Cgp3O1bGwzWAEAB4AAAbnMQCudk783.jpg","industryField":"移动互联网","positionAdvantage":"六险一金、补充医疗、餐补水果、弹性工时","salary":"15k-30k","companySize":"2000人以上","approve":1,"financeStage":"上市公司","companyLabelList":["股票期权","交通补助","通讯津贴","带薪年假"],"district":"朝阳区","companyShortName":"乐视","score":0,"formatCreateTime":"2016-08-25","companyFullName":"乐视网信息技术（北京）股份有限公司","adWord":0},{"companyId":121355,"explain":null,"plus":null,"pcShow":0,"appShow":0,"deliver":0,"gradeDescription":null,"businessZones":["宣武门","和平门","菜市口"],"imState":"disabled","lastLogin":1472115127000,"publisherId":4620000,"positionName":"市场推广(Android市场）","workYear":"3-5年","education":"大专","jobNature":"全职","positionId":2250915,"createTime":"2016-08-25 16:52:13","city":"北京","companyLogo":"i/image/M00/18/54/CgqKkVbzl62Afs74AAAZpxRs8uY081.png","industryField":"移动互联网,金融","positionAdvantage":"扁平化管理，各种福利，晋升机会，弹性时间","salary":"10k-20k","companySize":"500-2000人","approve":0,"financeStage":"上市公司","companyLabelList":["年底双薪","绩效奖金","带薪年假","午餐补助"],"district":"西城区","companyShortName":"金融界.盈利宝","score":0,"formatCreateTime":"2016-08-25","companyFullName":"盈利宝（北京）网络科技有限公司","adWord":0},{"companyId":7279,"explain":null,"plus":null,"pcShow":0,"appShow":0,"deliver":0,"gradeDescription":null,"businessZones":["和平里","雍和宫","和平街"],"imState":"today","lastLogin":1472541743000,"publisherId":43896,"positionName":"Android开发工程师（初中级）","workYear":"1-3年","education":"本科","jobNature":"全职","positionId":2289408,"createTime":"2016-08-25 16:50:32","city":"北京","companyLogo":"i/image/M00/10/3F/CgqKkVbfkpuAWYVCAAAPa-AIRBE907.jpg","industryField":"移动互联网","positionAdvantage":"弹性工作，福利待遇好，公司发展前景好","salary":"15k-25k","companySize":"150-500人","approve":1,"financeStage":"成长型(B轮)","companyLabelList":["弹性工作任性","技术牛带你飞","高质量妹子多","环境舒适"],"district":"东城区","companyShortName":"Kika Tech(新美互通)","score":0,"formatCreateTime":"2016-08-25","companyFullName":"北京新美互通科技有限公司","adWord":0},{"companyId":328,"explain":null,"plus":null,"pcShow":0,"appShow":0,"deliver":0,"gradeDescription":null,"businessZones":["颐和园","西苑","北京大学"],"imState":"today","lastLogin":1472553359000,"publisherId":276614,"positionName":"Android","workYear":"3-5年","education":"大专","jobNature":"全职","positionId":2289395,"createTime":"2016-08-25 16:50:00","city":"北京","companyLogo":"image1/M00/1E/B9/CgYXBlUvZOWATYhDAACLGlG72Kw005.jpg","industryField":"移动互联网","positionAdvantage":"年终奖 绩效奖金 带薪年假","salary":"15k-25k","companySize":"150-500人","approve":1,"financeStage":"成熟型(C轮)","companyLabelList":["技能培训","年底双薪","产品创新","绩效奖金"],"district":"海淀区","companyShortName":"考拉FM","score":0,"formatCreateTime":"2016-08-25","companyFullName":"众联智领科技（北京）有限公司","adWord":0},{"companyId":2474,"explain":null,"plus":null,"pcShow":0,"appShow":0,"deliver":0,"gradeDescription":null,"businessZones":["西北旺","马连洼","上地"],"imState":"today","lastLogin":1472554506000,"publisherId":1920797,"positionName":"Android高级开发/架构","workYear":"3-5年","education":"本科","jobNature":"全职","positionId":1118400,"createTime":"2016-08-25 16:48:07","city":"北京","companyLogo":"i/image/M00/00/20/Cgp3O1YtmkSAZjX1AAA78knErXc273.jpg","industryField":"移动互联网","positionAdvantage":"期权激励，六险一金，靠谱团队，福利最全","salary":"20k-40k","companySize":"500-2000人","approve":0,"financeStage":"成熟型(D轮及以上)","companyLabelList":["弹性工作","节日礼物","岗位晋升","技能培训"],"district":"海淀区","companyShortName":"滴滴出行","score":0,"formatCreateTime":"2016-08-25","companyFullName":"北京小桔科技有限公司","adWord":0},{"companyId":17301,"explain":null,"plus":null,"pcShow":0,"appShow":0,"deliver":0,"gradeDescription":null,"businessZones":["东大桥","CBD","朝外"],"imState":"disabled","lastLogin":1472176215000,"publisherId":4944505,"positionName":"Android工程师","workYear":"3-5年","education":"本科","jobNature":"全职","positionId":2289146,"createTime":"2016-08-25 16:23:07","city":"北京","companyLogo":"image1/M00/00/20/CgYXBlTUWG-AP4SRAAAl9gdn3AY479.png","industryField":"移动互联网,企业服务","positionAdvantage":"轻松氛围 带薪假期 无限零食 发展前景","salary":"15k-23k","companySize":"50-150人","approve":1,"financeStage":"成长型(A轮)","companyLabelList":["五险一金","年终分红","带薪年假","节日礼物"],"district":"朝阳区","companyShortName":"ideabinder","score":0,"formatCreateTime":"2016-08-25","companyFullName":"北京班德尔科技有限公司","adWord":0},{"companyId":2176,"explain":null,"plus":null,"pcShow":0,"appShow":0,"deliver":0,"gradeDescription":null,"businessZones":["华贸","红庙","大望路"],"imState":"disabled","lastLogin":1472564027000,"publisherId":5871899,"positionName":"高级Android开发工程师","workYear":"不限","education":"不限","jobNature":"全职","positionId":2246082,"createTime":"2016-08-25 16:21:15","city":"北京","companyLogo":"image1/M00/0D/83/CgYXBlT38uSAViMqAABuuVqkP74226.png","industryField":"移动互联网,文化娱乐","positionAdvantage":"福利待遇 发展前景 CBD商圈 优秀团队","salary":"20k-30k","companySize":"150-500人","approve":1,"financeStage":"成熟型(C轮)","companyLabelList":["带薪年假","绩效奖金","补充商业保险","定期体检"],"district":"朝阳区","companyShortName":"时光网-Mtime","score":0,"formatCreateTime":"2016-08-25","companyFullName":"动艺时光信息技术（北京）有限公司","adWord":0},{"companyId":50889,"explain":null,"plus":null,"pcShow":0,"appShow":0,"deliver":0,"gradeDescription":null,"businessZones":["新街口","德胜门","小西天"],"imState":"today","lastLogin":1472545709000,"publisherId":4793543,"positionName":"高级Android开发工程师","workYear":"3-5年","education":"本科","jobNature":"全职","positionId":1937963,"createTime":"2016-08-25 16:10:44","city":"北京","companyLogo":"i/image/M00/03/44/Cgp3O1ax7JWAOSzUAABS3OF0A7w289.jpg","industryField":"移动互联网,企业服务","positionAdvantage":"上市公司，持续股权激励，重视员工关怀","salary":"20k-35k","companySize":"2000人以上","approve":1,"financeStage":"上市公司","companyLabelList":["弹性工作","敏捷研发","股票期权","年底双薪"],"district":"西城区","companyShortName":"和创科技（红圈营销）","score":0,"formatCreateTime":"2016-08-25","companyFullName":"和创（北京）科技股份有限公司","adWord":0},{"companyId":50702,"explain":null,"plus":null,"pcShow":0,"appShow":0,"deliver":0,"gradeDescription":null,"businessZones":["望京","来广营"],"imState":"disabled","lastLogin":1472541241000,"publisherId":2502670,"positionName":"高级&nbsp;Android&nbsp;开发工程师","workYear":"3-5年","education":"本科","jobNature":"全职","positionId":1069319,"createTime":"2016-08-25 16:10:29","city":"北京","companyLogo":"i/image/M00/4B/6C/CgqKkVefHv-AFoRzAAAuALF7ZZ0419.png","industryField":"移动互联网,O2O","positionAdvantage":"期权","salary":"25k-40k","companySize":"2000人以上","approve":1,"financeStage":"成熟型(D轮及以上)","companyLabelList":["技能培训","绩效奖金","岗位晋升","领导好"],"district":"朝阳区","companyShortName":"美团点评","score":0,"formatCreateTime":"2016-08-25","companyFullName":"北京三快在线科技有限公司","adWord":0},{"companyId":111091,"explain":null,"plus":null,"pcShow":0,"appShow":0,"deliver":0,"gradeDescription":null,"businessZones":["霍营","回龙观"],"imState":"today","lastLogin":1472558442000,"publisherId":5838609,"positionName":"5k聘安卓手机APP开发学徒【包住】","workYear":"应届毕业生","education":"不限","jobNature":"全职","positionId":2289017,"createTime":"2016-08-25 16:08:17","city":"北京","companyLogo":"i/image/M00/4C/6B/CgqKkVeiqVuAT7WUAAGXKuM3pBI329.png","industryField":"教育","positionAdvantage":"准上市企业+行业高薪+火箭式晋升","salary":"4k-6k","companySize":"500-2000人","approve":0,"financeStage":"成熟型(C轮)","companyLabelList":["专项奖金","绩效奖金","五险一金","年度国外旅游"],"district":"昌平区","companyShortName":"卓新智趣科技有限公司","score":0,"formatCreateTime":"2016-08-25","companyFullName":"北京市海淀区新思路培训学校","adWord":0},{"companyId":103372,"explain":null,"plus":null,"pcShow":0,"appShow":0,"deliver":0,"gradeDescription":null,"businessZones":["团结湖","呼家楼","京广桥"],"imState":"today","lastLogin":1472517890000,"publisherId":5374318,"positionName":"Android音视频开发工程师","workYear":"3-5年","education":"本科","jobNature":"全职","positionId":1984531,"createTime":"2016-08-25 16:03:09","city":"北京","companyLogo":"image2/M00/11/51/CgqLKVYxtdeANE23AAAO808Tv-w824.jpg?cc=0.9031025818549097","industryField":"移动互联网","positionAdvantage":"五险一金、绩效奖金、晋升机会、员工旅游","salary":"8k-15k","companySize":"15-50人","approve":0,"financeStage":"初创型(天使轮)","companyLabelList":["绩效奖金","岗位晋升","交通补助","五险一金"],"district":"朝阳区","companyShortName":"北京谷鸟","score":0,"formatCreateTime":"2016-08-25","companyFullName":"北京谷鸟科技有限公司","adWord":0},{"companyId":43535,"explain":null,"plus":null,"pcShow":0,"appShow":0,"deliver":0,"gradeDescription":null,"businessZones":["清河"],"imState":"today","lastLogin":1472542237000,"publisherId":821368,"positionName":"Android/ios","workYear":"3-5年","education":"本科","jobNature":"全职","positionId":2288957,"createTime":"2016-08-25 16:01:43","city":"北京","companyLogo":"image1/M00/00/6D/Cgo8PFTUXYSAZhH4AAAk1TBOZ0E146.jpg","industryField":"移动互联网,金融","positionAdvantage":"来自微软、谷歌、阿里巴巴、腾讯的一流团队","salary":"15k-30k","companySize":"15-50人","approve":1,"financeStage":"成长型(B轮)","companyLabelList":["节日礼物","绩效奖金","扁平管理","领导好"],"district":"海淀区","companyShortName":"源码资本","score":0,"formatCreateTime":"2016-08-25","companyFullName":"北京源码资本投资有限公司","adWord":0},{"companyId":105376,"explain":null,"plus":null,"pcShow":0,"appShow":0,"deliver":0,"gradeDescription":null,"businessZones":["朝外","朝阳门","东大桥"],"imState":"today","lastLogin":1472559326000,"publisherId":3412981,"positionName":"Android开发工程师","workYear":"3-5年","education":"本科","jobNature":"全职","positionId":2123149,"createTime":"2016-08-25 15:57:19","city":"北京","companyLogo":"image2/M00/14/77/CgpzWlZAHVCARPpzAAAMtnt4zsM031.jpg?cc=0.48810233594849706","industryField":"移动互联网,O2O","positionAdvantage":"工作环境佳，成长速度快，有晋升空间","salary":"15k-30k","companySize":"50-150人","approve":1,"financeStage":"成长型(不需要融资)","companyLabelList":["股票期权","专项奖金","绩效奖金","午餐补助"],"district":"朝阳区","companyShortName":"本木医疗","score":0,"formatCreateTime":"2016-08-25","companyFullName":"北京怡合春天科技有限公司","adWord":0},{"companyId":77306,"explain":null,"plus":null,"pcShow":0,"appShow":0,"deliver":0,"gradeDescription":null,"businessZones":null,"imState":"today","lastLogin":1472556957000,"publisherId":205919,"positionName":"Android研发工程师","workYear":"1-3年","education":"本科","jobNature":"全职","positionId":1823421,"createTime":"2016-08-25 15:42:18","city":"北京","companyLogo":"i/image/M00/26/0F/CgqKkVcgU1aABK_iAAAV-LXFris985.png","industryField":"硬件","positionAdvantage":"嵌入式人工智能，核心软件","salary":"15k-20k","companySize":"50-150人","approve":1,"financeStage":"成长型(A轮)","companyLabelList":null,"district":null,"companyShortName":"零零无限","score":0,"formatCreateTime":"2016-08-25","companyFullName":"北京零零无限科技有限公司","adWord":0},{"companyId":75901,"explain":null,"plus":null,"pcShow":0,"appShow":0,"deliver":0,"gradeDescription":null,"businessZones":["来广营","北苑"],"imState":"today","lastLogin":1472540305000,"publisherId":1913039,"positionName":"Android工程师","workYear":"1-3年","education":"本科","jobNature":"全职","positionId":2288693,"createTime":"2016-08-25 15:31:58","city":"北京","companyLogo":"i/image/M00/00/1C/CgqKkVYp2_SADJ-FAAA6tjxhSGk795.jpg","industryField":"移动互联网,数据服务","positionAdvantage":"上市公司与高校合作的核心技术互联网公司","salary":"10k-20k","companySize":"50-150人","approve":1,"financeStage":"成长型(A轮)","companyLabelList":["年底双薪","节日礼物","带薪年假","绩效奖金"],"district":"朝阳区","companyShortName":"都在哪","score":0,"formatCreateTime":"2016-08-25","companyFullName":"北京都在哪网讯科技有限公司","adWord":0}]}},"code":0}