{"resubmitToken":null,"success":true,"requestId":null,"msg":null,"content":{"pageNo":45,"pageSize":15,"positionResult":{"totalCount":8899,"resultSize":15,"locationInfo":{"city":"北京","district":null,"queryByGisCode":false,"businessZone":null,"locationCode":null},"queryAnalysisInfo":{"positionName":"android","companyName":null,"industryName":null,"usefulCompany":false},"strategyProperty":{"name":"dm-csearch-newSimScorer","id":1},"result":[{"companyFullName":"北京三快在线科技有限公司","adWord":0,"companyId":50702,"formatCreateTime":"2016-08-24","businessZones":["大山子","望京","酒仙桥"],"imState":"disabled","lastLogin":1472548516000,"positionId":2281497,"industryField":"移动互联网,O2O","education":"本科","workYear":"3-5年","city":"北京","positionAdvantage":"福利好，有发展前景","createTime":"2016-08-24 11:50:05","salary":"20k-40k","positionName":"高级QA工程师（Android/iOS应用测试）","companySize":"2000人以上","companyShortName":"美团点评","companyLogo":"i/image/M00/4B/6C/CgqKkVefHv-AFoRzAAAuALF7ZZ0419.png","financeStage":"成熟型(D轮及以上)","approve":1,"jobNature":"全职","companyLabelList":["技能培训","绩效奖金","岗位晋升","领导好"],"district":"朝阳区","score":0,"publisherId":5569850,"explain":null,"plus":null,"pcShow":0,"appShow":0,"deliver":0,"gradeDescription":null},{"companyFullName":"TCL集团股份有限公司","adWord":0,"companyId":114268,"formatCreateTime":"2016-08-24","businessZones":null,"imState":"today","lastLogin":1472529863000,"positionId":2022375,"industryField":"移动互联网","education":"本科","workYear":"1-3年","city":"北京","positionAdvantage":"五险一金，节日福利，带薪年假","createTime":"2016-08-24 10:04:51","salary":"15k-30k","positionName":"高级Android研发工程师","companySize":"150-500人","companyShortName":"TCL互联网事业本部","companyLogo":"i/image/M00/03/AC/CgqKkVbCj2OAC-c2AAAobfIUcc4893.png","financeStage":"成长型(不需要融资)","approve":0,"jobNature":"全职","companyLabelList":null,"district":"海淀区","score":0,"publisherId":5487722,"explain":null,"plus":null,"pcShow":0,"appShow":0,"deliver":0,"gradeDescription":null},{"companyFullName":"竞技世界（北京）网络技术有限公司","adWord":0,"companyId":4286,"formatCreateTime":"2016-08-24","businessZones":["上地","马连洼","西二旗"],"imState":"today","lastLogin":1472520970000,"positionId":2000985,"industryField":"移动互联网,游戏","education":"本科","workYear":"3-5年","city":"北京","positionAdvantage":"每年调薪1~2次，超赞的公司福利","createTime":"2016-08-24 09:56:46","salary":"12k-24k","positionName":"Android","companySize":"500-2000人","companyShortName":"竞技世界","companyLogo":"image1/M00/00/0A/Cgo8PFTUWBeAP0x-AABLzvA2eJ0892.png","financeStage":"成熟型(不需要融资)","approve":1,"jobNature":"全职","companyLabelList":["节日礼物","技能培训","年底双薪","年度旅游"],"district":"海淀区","score":0,"publisherId":5196876,"explain":null,"plus":null,"pcShow":0,"appShow":0,"deliver":0,"gradeDescription":null},{"companyFullName":"北京市商汤科技开发有限公司","adWord":0,"companyId":40459,"formatCreateTime":"2016-08-24","businessZones":["五道口","清华大学","中关村"],"imState":"today","lastLogin":1472551452000,"positionId":2212510,"industryField":"移动互联网","education":"本科","workYear":"3-5年","city":"北京","positionAdvantage":"弹性工作 奖金丰厚 发展空间 丰盛三餐","createTime":"2016-08-24 09:48:11","salary":"15k-30k","positionName":"Android开发工程师","companySize":"500-2000人","companyShortName":"SenseTime","companyLogo":"image1/M00/09/16/CgYXBlTZ3NWAf2r4AABF8mR1rac247.jpg","financeStage":"成长型(A轮)","approve":1,"jobNature":"全职","companyLabelList":["五险一金","弹性工作","丰盛三餐","发展空间大"],"district":"海淀区","score":0,"publisherId":742249,"explain":null,"plus":null,"pcShow":0,"appShow":0,"deliver":0,"gradeDescription":null},{"companyFullName":"趣互联（北京）科技有限公司","adWord":0,"companyId":84483,"formatCreateTime":"2016-08-24","businessZones":["万泉河","苏州桥"],"imState":"disabled","lastLogin":1472003063000,"positionId":1055119,"industryField":"移动互联网,社交网络","education":"硕士","workYear":"3-5年","city":"北京","positionAdvantage":"技术控？一起做点改变世界的事情！","createTime":"2016-08-24 09:44:33","salary":"12k-18k","positionName":"Android开发工程师","companySize":"15-50人","companyShortName":"趣互联","companyLogo":"i/image/M00/00/51/Cgp3O1ZAc5qANyFnAAAa6OYlV6g313.jpg","financeStage":"初创型(天使轮)","approve":1,"jobNature":"全职","companyLabelList":["年底双薪","股票期权","带薪年假","岗位晋升"],"district":"海淀区","score":0,"publisherId":2028428,"explain":null,"plus":null,"pcShow":0,"appShow":0,"deliver":0,"gradeDescription":null},{"companyFullName":"中国教师研修网","adWord":0,"companyId":21906,"formatCreateTime":"2016-08-24","businessZones":["马甸","安华","安贞"],"imState":"today","lastLogin":1472549540000,"positionId":1911330,"industryField":"教育","education":"本科","workYear":"3-5年","city":"北京","positionAdvantage":"六险一金，扁平管理，妹子妹子，优秀团队","createTime":"2016-08-24 09:42:12","salary":"15k-30k","positionName":"Android","companySize":"150-500人","companyShortName":"国内最大的教师社区","companyLogo":"image1/M00/16/D0/CgYXBlUPtSqAdmpgAABnNHT22Sw919.jpg","financeStage":"成长型(A轮)","approve":0,"jobNature":"全职","companyLabelList":["专项奖金","五险一金","交通补助","带薪年假"],"district":"西城区","score":0,"publisherId":3723371,"explain":null,"plus":null,"pcShow":0,"appShow":0,"deliver":0,"gradeDescription":null},{"companyFullName":"北京好在科技有限公司","adWord":0,"companyId":112037,"formatCreateTime":"2016-08-24","businessZones":null,"imState":"today","lastLogin":1472520811000,"positionId":2013073,"industryField":"移动互联网,电子商务","education":"本科","workYear":"1-3年","city":"北京","positionAdvantage":"员工享有高品质的办公环境以及人性化的管理","createTime":"2016-08-24 09:40:32","salary":"12k-15k","positionName":"Android","companySize":"50-150人","companyShortName":"好在","companyLogo":"i/image/M00/03/08/Cgp3O1am3m6AcFnBAAAeF4i-eVI613.jpg","financeStage":"初创型(天使轮)","approve":0,"jobNature":"全职","companyLabelList":["弹性工作","美女多","领导好","扁平管理"],"district":"朝阳区","score":0,"publisherId":3692312,"explain":null,"plus":null,"pcShow":0,"appShow":0,"deliver":0,"gradeDescription":null},{"companyFullName":"中科创达软件股份有限公司","adWord":0,"companyId":15031,"formatCreateTime":"2016-08-24","businessZones":null,"imState":"threeDays","lastLogin":1472464426000,"positionId":2246147,"industryField":"移动互联网,硬件","education":"本科","workYear":"5-10年","city":"北京","positionAdvantage":"我们提供的是一个发挥自己的平台","createTime":"2016-08-24 09:40:30","salary":"15k-25k","positionName":"资深安卓工程师","companySize":"2000人以上","companyShortName":"ThundersoftBJ","companyLogo":"image1/M00/00/1C/CgYXBlTUWGCAQ96EAABL5_mowaE915.jpg","financeStage":"上市公司","approve":1,"jobNature":"全职","companyLabelList":["年终分红","绩效奖金","股票期权","五险一金"],"district":null,"score":0,"publisherId":5687919,"explain":null,"plus":null,"pcShow":0,"appShow":0,"deliver":0,"gradeDescription":null},{"companyFullName":"北京小鸟看看科技有限公司","adWord":0,"companyId":72546,"formatCreateTime":"2016-08-24","businessZones":null,"imState":"today","lastLogin":1472545192000,"positionId":2181467,"industryField":"硬件,其他","education":"本科","workYear":"5-10年","city":"北京","positionAdvantage":"VR新锐行业 期权分配 福利健全 快速成长","createTime":"2016-08-24 09:40:06","salary":"15k-30k","positionName":"高级Android驱动工程师","companySize":"150-500人","companyShortName":"Pico VR （小鸟看看）","companyLogo":"image1/M00/29/AD/CgYXBlVmseSAfRCZAACYF9m5B0o562.jpg","financeStage":"成长型(不需要融资)","approve":1,"jobNature":"全职","companyLabelList":["股票期权","扁平管理","管理规范","领导好"],"district":null,"score":0,"publisherId":1740680,"explain":null,"plus":null,"pcShow":0,"appShow":0,"deliver":0,"gradeDescription":null},{"companyFullName":"北京拉邦软件有限公司","adWord":0,"companyId":59449,"formatCreateTime":"2016-08-24","businessZones":["小关","安慧桥","亚运村"],"imState":"today","lastLogin":1472546102000,"positionId":799568,"industryField":"移动互联网,文化娱乐","education":"本科","workYear":"1-3年","city":"北京","positionAdvantage":"期权激励","createTime":"2016-08-24 09:35:12","salary":"12k-18k","positionName":"Android开发工程师","companySize":"15-50人","companyShortName":"郁金香运动","companyLogo":"images/logo_default.png","financeStage":"初创型(天使轮)","approve":0,"jobNature":"全职","companyLabelList":["年底双薪","股票期权","年度旅游","扁平管理"],"district":"朝阳区","score":0,"publisherId":1496054,"explain":null,"plus":null,"pcShow":0,"appShow":0,"deliver":0,"gradeDescription":null},{"companyFullName":"重庆猪八戒网络有限公司","adWord":0,"companyId":395,"formatCreateTime":"2016-08-24","businessZones":["中关村","北京大学","苏州街"],"imState":"today","lastLogin":1472577346000,"positionId":1909723,"industryField":"电子商务,生活服务","education":"本科","workYear":"5-10年","city":"北京","positionAdvantage":"六险一金 高速成长 技术大牛","createTime":"2016-08-24 09:28:39","salary":"15k-30k","positionName":"Android工程师","companySize":"2000人以上","companyShortName":"猪八戒网","companyLogo":"image1/M00/00/03/CgYXBlTUV_mAKhv3AAAfwZY4zLE458.jpg","financeStage":"成熟型(C轮)","approve":1,"jobNature":"全职","companyLabelList":["年底双薪","岗位晋升","定期体检","五险一金"],"district":"海淀区","score":0,"publisherId":4552685,"explain":null,"plus":null,"pcShow":0,"appShow":0,"deliver":0,"gradeDescription":null},{"companyFullName":"嵩云（北京）信息服务有限公司","adWord":0,"companyId":96746,"formatCreateTime":"2016-08-24","businessZones":["五道口","中关村","清华大学"],"imState":"disabled","lastLogin":1472573426000,"positionId":1168710,"industryField":"移动互联网","education":"本科","workYear":"3-5年","city":"北京","positionAdvantage":"期权激励，希望和挑战，你敢来么？","createTime":"2016-08-24 09:25:36","salary":"10k-20k","positionName":"高级Android研发工程师","companySize":"50-150人","companyShortName":"嵩云科技（北京）","companyLogo":"i/image/M00/01/8E/CgqKkVZvtoOAQ5H_AAATXWckzv0908.jpg","financeStage":"成长型(A轮)","approve":1,"jobNature":"全职","companyLabelList":["节日礼物","岗位晋升","扁平管理","领导好"],"district":"海淀区","score":0,"publisherId":2573215,"explain":null,"plus":null,"pcShow":0,"appShow":0,"deliver":0,"gradeDescription":null},{"companyFullName":"北京傲游天下科技有限公司","adWord":0,"companyId":4476,"formatCreateTime":"2016-08-24","businessZones":["和平里","雍和宫","安定门"],"imState":"disabled","lastLogin":1472527396000,"positionId":2028005,"industryField":"移动互联网,数据服务","education":"本科","workYear":"3-5年","city":"北京","positionAdvantage":"弹性工作 定期体检 五险一金 餐补 年底双薪","createTime":"2016-08-24 09:16:50","salary":"20k-35k","positionName":"高级安卓开发工程师","companySize":"150-500人","companyShortName":"傲游浏览器","companyLogo":"image1/M00/00/0B/CgYXBlTUWBiAKbfrAABG-_ZXSLo291.jpg","financeStage":"成长型(B轮)","approve":0,"jobNature":"全职","companyLabelList":["年底双薪","节日礼物","绩效奖金","父母健康体检"],"district":"东城区","score":0,"publisherId":5498489,"explain":null,"plus":null,"pcShow":0,"appShow":0,"deliver":0,"gradeDescription":null},{"companyFullName":"北京美好明天科技有限公司","adWord":0,"companyId":72185,"formatCreateTime":"2016-08-24","businessZones":["魏公村","中关村","白石桥"],"imState":"today","lastLogin":1472555469000,"positionId":1583838,"industryField":"移动互联网,教育","education":"大专","workYear":"3-5年","city":"北京","positionAdvantage":"高平台、高要求、高待遇","createTime":"2016-08-24 09:14:36","salary":"20k-30k","positionName":"高级Android开发（项目负责）","companySize":"150-500人","companyShortName":"万题库","companyLogo":"image1/M00/29/2D/Cgo8PFVkQfmARF4OAABgOJq8X8w707.gif","financeStage":"上市公司","approve":1,"jobNature":"全职","companyLabelList":["节日礼物","年底双薪","股票期权","带薪年假"],"district":"海淀区","score":0,"publisherId":1735412,"explain":null,"plus":null,"pcShow":0,"appShow":0,"deliver":0,"gradeDescription":null},{"companyFullName":"蓝港在线（北京）科技有限公司","adWord":0,"companyId":487,"formatCreateTime":"2016-08-24","businessZones":null,"imState":"today","lastLogin":1472549987000,"positionId":2090625,"industryField":"游戏","education":"本科","workYear":"3-5年","city":"北京","positionAdvantage":"七险一金 免费食堂","createTime":"2016-08-24 09:12:21","salary":"10k-15k","positionName":"高级android开发工程师","companySize":"500-2000人","companyShortName":"蓝港互动集团","companyLogo":"image1/M00/0D/9C/Cgo8PFT4IQSAG0AtAABW35OKyUs933.jpg","financeStage":"上市公司","approve":1,"jobNature":"全职","companyLabelList":["年底双薪","节日礼物","技能培训","绩效奖金"],"district":null,"score":0,"publisherId":1505912,"explain":null,"plus":null,"pcShow":0,"appShow":0,"deliver":0,"gradeDescription":null}]}},"code":0}