{"resubmitToken":null,"success":true,"requestId":null,"msg":null,"content":{"pageNo":46,"pageSize":15,"positionResult":{"totalCount":8899,"resultSize":15,"locationInfo":{"city":"北京","district":null,"queryByGisCode":false,"businessZone":null,"locationCode":null},"queryAnalysisInfo":{"positionName":"android","companyName":null,"industryName":null,"usefulCompany":false},"strategyProperty":{"name":"dm-csearch-newSimScorer","id":1},"result":[{"companyFullName":"竞技世界（北京）网络技术有限公司","adWord":0,"companyId":4286,"formatCreateTime":"2016-08-24","businessZones":["上地","马连洼","西二旗"],"imState":"today","lastLogin":1472520970000,"positionId":2000997,"industryField":"移动互联网,游戏","education":"本科","workYear":"5-10年","city":"北京","positionAdvantage":"每年1~2次调薪，国内外旅游","createTime":"2016-08-24 09:56:44","salary":"15k-30k","positionName":"Android","companySize":"500-2000人","companyShortName":"竞技世界","companyLogo":"image1/M00/00/0A/Cgo8PFTUWBeAP0x-AABLzvA2eJ0892.png","financeStage":"成熟型(不需要融资)","approve":1,"jobNature":"全职","companyLabelList":["节日礼物","技能培训","年底双薪","年度旅游"],"district":"海淀区","score":0,"publisherId":5196876,"explain":null,"plus":null,"pcShow":0,"appShow":0,"deliver":0,"gradeDescription":null},{"companyFullName":"中国教师研修网","adWord":0,"companyId":21906,"formatCreateTime":"2016-08-24","businessZones":["马甸","安华","安贞"],"imState":"disabled","lastLogin":1472520094000,"positionId":1742301,"industryField":"教育","education":"本科","workYear":"3-5年","city":"北京","positionAdvantage":"待遇丰厚，团队优秀，氛围活跃。","createTime":"2016-08-24 09:41:54","salary":"18k-35k","positionName":"Android开发工程师","companySize":"150-500人","companyShortName":"国内最大的教师社区","companyLogo":"image1/M00/16/D0/CgYXBlUPtSqAdmpgAABnNHT22Sw919.jpg","financeStage":"成长型(A轮)","approve":0,"jobNature":"全职","companyLabelList":["专项奖金","五险一金","交通补助","带薪年假"],"district":"西城区","score":0,"publisherId":4880776,"explain":null,"plus":null,"pcShow":0,"appShow":0,"deliver":0,"gradeDescription":null},{"companyFullName":"北京三快在线科技有限公司","adWord":0,"companyId":50702,"formatCreateTime":"2016-08-24","businessZones":["望京","大山子","花家地"],"imState":"today","lastLogin":1472576110000,"positionId":1441314,"industryField":"移动互联网,O2O","education":"本科","workYear":"3-5年","city":"北京","positionAdvantage":"O2O，技术控","createTime":"2016-08-24 09:34:47","salary":"15k-30k","positionName":"Android高级研发工程师","companySize":"2000人以上","companyShortName":"美团点评","companyLogo":"i/image/M00/4B/6C/CgqKkVefHv-AFoRzAAAuALF7ZZ0419.png","financeStage":"成熟型(D轮及以上)","approve":1,"jobNature":"全职","companyLabelList":["技能培训","绩效奖金","岗位晋升","领导好"],"district":"朝阳区","score":0,"publisherId":1979411,"explain":null,"plus":null,"pcShow":0,"appShow":0,"deliver":0,"gradeDescription":null},{"companyFullName":"北京盒子鱼教育科技有限公司","adWord":0,"companyId":21318,"formatCreateTime":"2016-08-24","businessZones":["五道口","清华大学","中关村"],"imState":"today","lastLogin":1472556139000,"positionId":1809505,"industryField":"移动互联网,教育","education":"不限","workYear":"3-5年","city":"北京","positionAdvantage":"李开复投资, 林书豪代言，颠覆英语教学","createTime":"2016-08-24 09:07:39","salary":"15k-25k","positionName":"Android开发","companySize":"150-500人","companyShortName":"盒子鱼英语","companyLogo":"i/image/M00/53/18/Cgp3O1e9hq-AFKBmAABo26TrzMs867.png","financeStage":"成长型(B轮)","approve":1,"jobNature":"全职","companyLabelList":["股票期权","绩效奖金","扁平管理","林书豪代言"],"district":"海淀区","score":0,"publisherId":1625472,"explain":null,"plus":null,"pcShow":0,"appShow":0,"deliver":0,"gradeDescription":null},{"companyFullName":"安邦保险集团股份有限公司","adWord":0,"companyId":4838,"formatCreateTime":"2016-08-24","businessZones":["建外大街","国贸","CBD"],"imState":"disabled","lastLogin":1471998961000,"positionId":1296963,"industryField":"移动互联网,金融","education":"本科","workYear":"3-5年","city":"北京","positionAdvantage":"高薪 各种补贴 团队氛围活跃","createTime":"2016-08-24 08:42:33","salary":"20k-30k","positionName":"Android 开发工程师","companySize":"2000人以上","companyShortName":"安邦保险集团","companyLogo":"image1/M00/00/0B/CgYXBlTUWBuAUJAkAAB6cj6qvIk863.jpg","financeStage":"成熟型(不需要融资)","approve":1,"jobNature":"全职","companyLabelList":["绩效奖金","专项奖金","五险一金","通讯津贴"],"district":"朝阳区","score":0,"publisherId":3326226,"explain":null,"plus":null,"pcShow":0,"appShow":0,"deliver":0,"gradeDescription":null},{"companyFullName":"北京爱贝壳科技有限公司","adWord":0,"companyId":57261,"formatCreateTime":"2016-08-23","businessZones":["五道口","清华大学","中关村"],"imState":"today","lastLogin":1472548820000,"positionId":2279185,"industryField":"O2O,医疗健康","education":"大专","workYear":"1-3年","city":"北京","positionAdvantage":"互联网、晋升空间大、期权、五险一金","createTime":"2016-08-23 22:26:44","salary":"10k-20k","positionName":"Android","companySize":"50-150人","companyShortName":"贝贝壳","companyLogo":"image1/M00/3E/F6/CgYXBlW_HUuAWSS4AAAvSvX_2r0425.png","financeStage":"初创型(天使轮)","approve":1,"jobNature":"全职","companyLabelList":["股票期权","岗位晋升","交通补助","弹性工作"],"district":"海淀区","score":0,"publisherId":1443383,"explain":null,"plus":null,"pcShow":0,"appShow":0,"deliver":0,"gradeDescription":null},{"companyFullName":"北京搜狗科技发展有限公司","adWord":0,"companyId":1537,"formatCreateTime":"2016-08-23","businessZones":null,"imState":"overSevenDays","lastLogin":1471947333000,"positionId":1906762,"industryField":"移动互联网,数据服务","education":"本科","workYear":"3-5年","city":"北京","positionAdvantage":"大牛领队，扁平管理，自由氛围，高效团队","createTime":"2016-08-23 19:51:03","salary":"15k-30k","positionName":"搜狗问问-Android开发工程师","companySize":"2000人以上","companyShortName":"搜狗","companyLogo":"image2/M00/04/33/CgpzWlXw72aAb7sYAAAL-t8ysD4816.jpg","financeStage":"成熟型(C轮)","approve":1,"jobNature":"全职","companyLabelList":["五险一金","带薪年假","午餐补助","定期体检"],"district":null,"score":0,"publisherId":4787219,"explain":null,"plus":null,"pcShow":0,"appShow":0,"deliver":0,"gradeDescription":null},{"companyFullName":"北京卓越晨星科技有限公司","adWord":0,"companyId":77089,"formatCreateTime":"2016-08-23","businessZones":["酒仙桥","大山子","望京"],"imState":"disabled","lastLogin":1472558807000,"positionId":2278980,"industryField":"移动互联网,游戏","education":"大专","workYear":"1-3年","city":"北京","positionAdvantage":"餐补、班车、年底多薪、环境一流","createTime":"2016-08-23 19:34:37","salary":"10k-18k","positionName":"Android开发工程师","companySize":"150-500人","companyShortName":"英雄互娱","companyLogo":"image1/M00/2E/EB/CgYXBlV_6MGABw_eAABAalhZK_M243.png?cc=0.4060569752473384","financeStage":"成熟型(D轮及以上)","approve":0,"jobNature":"全职","companyLabelList":["年底双薪","带薪年假","绩效奖金","扁平管理"],"district":"朝阳区","score":0,"publisherId":2160941,"explain":null,"plus":null,"pcShow":0,"appShow":0,"deliver":0,"gradeDescription":null},{"companyFullName":"锤子科技（北京）有限公司","adWord":0,"companyId":26557,"formatCreateTime":"2016-08-23","businessZones":["大山子","酒仙桥"],"imState":"disabled","lastLogin":1472466981000,"positionId":1917902,"industryField":"移动互联网,硬件","education":"不限","workYear":"3-5年","city":"北京","positionAdvantage":"机会多，发展空间好","createTime":"2016-08-23 19:14:26","salary":"15k-30k","positionName":"Android浏览器开发工程师","companySize":"500-2000人","companyShortName":"锤子科技","companyLogo":"image1/M00/00/38/Cgo8PFTUXKOAawFOAABP7S6RhTs199.png","financeStage":"成长型(B轮)","approve":1,"jobNature":"全职","companyLabelList":["绩效奖金","年底双薪","五险一金","带薪年假"],"district":"朝阳区","score":0,"publisherId":430141,"explain":null,"plus":null,"pcShow":0,"appShow":0,"deliver":0,"gradeDescription":null},{"companyFullName":"腾讯科技(北京)有限公司","adWord":0,"companyId":718,"formatCreateTime":"2016-08-23","businessZones":["知春路","中关村","双榆树"],"imState":"disabled","lastLogin":1472554505000,"positionId":2177248,"industryField":"移动互联网","education":"本科","workYear":"5-10年","city":"北京","positionAdvantage":"广阔的前景、竞争性的福利","createTime":"2016-08-23 19:07:16","salary":"20k-40k","positionName":"Android","companySize":"2000人以上","companyShortName":"腾讯","companyLogo":"image1/M00/10/F6/Cgo8PFT_8gyAHE_VAACEHkeY0jo769.jpg","financeStage":"上市公司","approve":1,"jobNature":"全职","companyLabelList":["节日礼物","技能培训","免费娱乐设施","岗位晋升"],"district":"海淀区","score":0,"publisherId":5813260,"explain":null,"plus":null,"pcShow":0,"appShow":0,"deliver":0,"gradeDescription":null},{"companyFullName":"北京云图微动科技有限公司","adWord":0,"companyId":25440,"formatCreateTime":"2016-08-23","businessZones":["西三旗","清河","小营"],"imState":"today","lastLogin":1472538088000,"positionId":2278842,"industryField":"移动互联网,广告营销","education":"本科","workYear":"3-5年","city":"北京","positionAdvantage":"年终奖金、试用期全薪、午餐补助+晚餐","createTime":"2016-08-23 18:57:36","salary":"15k-30k","positionName":"Android高级开发工程师","companySize":"50-150人","companyShortName":"北京云图微动科技有限公司","companyLogo":"image1/M00/00/35/CgYXBlTUXJWAd5rjAACUoTxxHWg339.png","financeStage":"成长型(A轮)","approve":1,"jobNature":"全职","companyLabelList":["带薪年假","定期体检","水果零食","年终奖"],"district":"海淀区","score":0,"publisherId":2437196,"explain":null,"plus":null,"pcShow":0,"appShow":0,"deliver":0,"gradeDescription":null},{"companyFullName":"北京极维客科技有限公司","adWord":0,"companyId":65646,"formatCreateTime":"2016-08-23","businessZones":["中关村","北京大学","苏州街"],"imState":"today","lastLogin":1472520994000,"positionId":2237375,"industryField":"游戏","education":"大专","workYear":"3-5年","city":"北京","positionAdvantage":"五险一金，免费零食水果，带薪年假","createTime":"2016-08-23 18:54:57","salary":"15k-25k","positionName":"Android framework","companySize":"50-150人","companyShortName":"Gevek","companyLogo":"i/image/M00/02/CE/CgqKkVadlh6ATDfcAAAeFfcazf8642.jpg","financeStage":"成长型(A轮)","approve":1,"jobNature":"全职","companyLabelList":["股票期权","国际水平","核心创业成员","一流团队"],"district":"海淀区","score":0,"publisherId":3608447,"explain":null,"plus":null,"pcShow":0,"appShow":0,"deliver":0,"gradeDescription":null},{"companyFullName":"北京歪果仁科技有限公司","adWord":0,"companyId":52659,"formatCreateTime":"2016-08-23","businessZones":["北京大学","颐和园","中关村"],"imState":"today","lastLogin":1472563521000,"positionId":2233947,"industryField":"移动互联网,教育","education":"硕士","workYear":"不限","city":"北京","positionAdvantage":"牛人带 免费健身 免费晚餐 精英团队","createTime":"2016-08-23 18:47:41","salary":"6k-8k","positionName":"Android开发实习生","companySize":"少于15人","companyShortName":"歪果仁科技","companyLogo":"image1/M00/09/8B/Cgo8PFTgm4-AQOTDAABzJgf-Iyc162.png","financeStage":"初创型(天使轮)","approve":1,"jobNature":"实习","companyLabelList":["股票期权","扁平管理","领导好","五险一金"],"district":"海淀区","score":0,"publisherId":340309,"explain":null,"plus":null,"pcShow":0,"appShow":0,"deliver":0,"gradeDescription":null},{"companyFullName":"北京逢唐体育文化传媒有限责任公司","adWord":0,"companyId":60708,"formatCreateTime":"2016-08-23","businessZones":["丽泽桥","六里桥","太平桥"],"imState":"sevenDays","lastLogin":1472207681000,"positionId":1257676,"industryField":"文化娱乐","education":"本科","workYear":"1-3年","city":"北京","positionAdvantage":"地铁出口即到，五险一金，不加班","createTime":"2016-08-23 18:29:53","salary":"6k-10k","positionName":"Android开发工程师","companySize":"15-50人","companyShortName":"逢唐体育","companyLogo":"i/image/M00/00/5E/CgqKkVZFPquAKoKMAAAcP6y4X_I932.png","financeStage":"初创型(天使轮)","approve":0,"jobNature":"全职","companyLabelList":["节日礼物","专项奖金","绩效奖金","扁平管理"],"district":"丰台区","score":0,"publisherId":1454780,"explain":null,"plus":null,"pcShow":0,"appShow":0,"deliver":0,"gradeDescription":null},{"companyFullName":"北京硕邦伟业科技发展有限公司","adWord":0,"companyId":56417,"formatCreateTime":"2016-08-23","businessZones":["亮马桥","三元桥","燕莎"],"imState":"disabled","lastLogin":1471946981000,"positionId":1356604,"industryField":"移动互联网,社交网络","education":"大专","workYear":"3-5年","city":"北京","positionAdvantage":"高薪聘请研发工程师","createTime":"2016-08-23 18:14:59","salary":"10k-18k","positionName":"Android","companySize":"15-50人","companyShortName":"四普海威","companyLogo":"image1/M00/10/F2/Cgo8PFT_7NCACofHAAA7v9zPr8s477.jpg","financeStage":"初创型(天使轮)","approve":1,"jobNature":"全职","companyLabelList":["技能培训","股票期权","专项奖金","绩效奖金"],"district":"朝阳区","score":0,"publisherId":2790359,"explain":null,"plus":null,"pcShow":0,"appShow":0,"deliver":0,"gradeDescription":null}]}},"code":0}