{"resubmitToken":null,"success":true,"requestId":null,"msg":null,"content":{"pageNo":10,"pageSize":15,"positionResult":{"totalCount":8899,"resultSize":15,"locationInfo":{"city":"北京","district":null,"queryByGisCode":false,"businessZone":null,"locationCode":null},"queryAnalysisInfo":{"positionName":"android","companyName":null,"industryName":null,"usefulCompany":false},"strategyProperty":{"name":"dm-csearch-newSimScorer","id":1},"result":[{"companyFullName":"和创（北京）科技股份有限公司","adWord":0,"companyId":50889,"formatCreateTime":"11:20发布","businessZones":["新街口","德胜门","小西天"],"imState":"today","lastLogin":1472550012000,"positionId":1453117,"industryField":"移动互联网,企业服务","education":"本科","workYear":"3-5年","city":"北京","positionAdvantage":"上市公司，持续股权激励政策，技术极客云集","createTime":"2016-08-30 11:20:17","salary":"20k-35k","positionName":"高级Android工程师","companySize":"2000人以上","companyShortName":"和创科技（红圈营销）","companyLogo":"i/image/M00/03/44/Cgp3O1ax7JWAOSzUAABS3OF0A7w289.jpg","financeStage":"上市公司","approve":1,"jobNature":"全职","companyLabelList":["弹性工作","敏捷研发","股票期权","年底双薪"],"district":"西城区","score":0,"publisherId":994817,"explain":null,"plus":null,"pcShow":0,"appShow":0,"deliver":0,"gradeDescription":null},{"companyFullName":"微梦创科网络科技（中国）有限公司","adWord":0,"companyId":5832,"formatCreateTime":"10:43发布","businessZones":["北京大学","中关村","苏州街"],"imState":"disabled","lastLogin":1472540062000,"positionId":702056,"industryField":"移动互联网","education":"本科","workYear":"不限","city":"北京","positionAdvantage":"用户过亿，发展空间大，灵活的上班时间","createTime":"2016-08-30 10:43:30","salary":"15k-30k","positionName":"微博客户端-Android开发工程师","companySize":"2000人以上","companyShortName":"新浪微博","companyLogo":"image1/M00/00/0D/CgYXBlTUWCCAdkhOAABNgyvZQag818.jpg","financeStage":"上市公司","approve":0,"jobNature":"全职","companyLabelList":["年底双薪","专项奖金","股票期权","五险一金"],"district":"海淀区","score":0,"publisherId":83015,"explain":null,"plus":null,"pcShow":0,"appShow":0,"deliver":0,"gradeDescription":null},{"companyFullName":"普信恒业科技发展（北京）有限公司","adWord":0,"companyId":3786,"formatCreateTime":"10:23发布","businessZones":["大望路","华贸","红庙"],"imState":"today","lastLogin":1472549692000,"positionId":2096491,"industryField":"移动互联网,金融","education":"本科","workYear":"3-5年","city":"北京","positionAdvantage":"弹性工作制+良好的技术氛围","createTime":"2016-08-30 10:23:12","salary":"15k-25k","positionName":"Android开发工程师","companySize":"2000人以上","companyShortName":"宜信","companyLogo":"i/image/M00/01/C8/Cgp3O1Z3lASAVbZHAABCha8eqHY645.jpg","financeStage":"成熟型(不需要融资)","approve":1,"jobNature":"全职","companyLabelList":["管理规范","技能培训","扁平管理","弹性工作"],"district":"朝阳区","score":0,"publisherId":2131445,"explain":null,"plus":null,"pcShow":0,"appShow":0,"deliver":0,"gradeDescription":null},{"companyFullName":"中证互联股份有限公司","adWord":0,"companyId":97420,"formatCreateTime":"10:16发布","businessZones":["中关村","苏州街","苏州桥"],"imState":"disabled","lastLogin":1472548414000,"positionId":2237836,"industryField":"移动互联网,金融","education":"本科","workYear":"5-10年","city":"北京","positionAdvantage":"互联网金融国家队，福利好","createTime":"2016-08-30 10:16:21","salary":"20k-35k","positionName":"Android","companySize":"50-150人","companyShortName":"中证互联","companyLogo":"image2/M00/08/15/CgqLKVYBSF-AWfWLAAMDsOdt9rA551.png?cc=0.5246585914865136","financeStage":"成长型(不需要融资)","approve":1,"jobNature":"全职","companyLabelList":["绩效奖金","五险一金","扁平管理","定期体检"],"district":"海淀区","score":0,"publisherId":2656610,"explain":null,"plus":null,"pcShow":0,"appShow":0,"deliver":0,"gradeDescription":null},{"companyFullName":"北京金山网络科技有限公司","adWord":0,"companyId":133,"formatCreateTime":"10:16发布","businessZones":["朝外","京广桥","呼家楼"],"imState":"disabled","lastLogin":1472523226000,"positionId":2208904,"industryField":"移动互联网,信息安全","education":"本科","workYear":"5-10年","city":"北京","positionAdvantage":"福利待遇优厚，发展平台好","createTime":"2016-08-30 10:16:05","salary":"15k-30k","positionName":"Android开发工程师","companySize":"500-2000人","companyShortName":"猎豹移动","companyLogo":"image1/M00/39/70/CgYXBlWo3nqABJTsAADJ3hn5gmE062.jpg","financeStage":"上市公司","approve":1,"jobNature":"全职","companyLabelList":["带薪年假","美女前台","超赞年终奖","一公里工作圈"],"district":"朝阳区","score":0,"publisherId":5868063,"explain":null,"plus":null,"pcShow":0,"appShow":0,"deliver":0,"gradeDescription":null},{"companyFullName":"中国科学院信息工程研究所","adWord":0,"companyId":40970,"formatCreateTime":"10:14发布","businessZones":["香山"],"imState":"today","lastLogin":1472544770000,"positionId":2303451,"industryField":"移动互联网","education":"硕士","workYear":"应届毕业生","city":"北京","positionAdvantage":"实习表现良好的可以转正，转正之后有户口哦","createTime":"2016-08-30 10:14:35","salary":"2k-4k","positionName":"Android","companySize":"500-2000人","companyShortName":"中科院信工所","companyLogo":"image2/M00/07/29/CgpzWlX9_AiAVXHCAAAKv8J_xRI472.jpg","financeStage":"成熟型(不需要融资)","approve":0,"jobNature":"实习","companyLabelList":["免费班车","带薪年假","绩效奖金","岗位晋升"],"district":"海淀区","score":0,"publisherId":2306175,"explain":null,"plus":null,"pcShow":0,"appShow":0,"deliver":0,"gradeDescription":null},{"companyFullName":"北京美时杰信息技术有限公司","adWord":0,"companyId":724,"formatCreateTime":"10:14发布","businessZones":["中关村"],"imState":"today","lastLogin":1472542806000,"positionId":2033272,"industryField":"移动互联网,广告营销","education":"大专","workYear":"3-5年","city":"北京","positionAdvantage":"技术大牛带你认识美食的世界～","createTime":"2016-08-30 10:14:05","salary":"15k-25k","positionName":"Android高级开发工程师","companySize":"50-150人","companyShortName":"美食杰","companyLogo":"image1/M00/00/04/Cgo8PFTUV_6AG5jmAACEqzDilFc495.png","financeStage":"成长型(A轮)","approve":1,"jobNature":"全职","companyLabelList":["年终分红","专项奖金","带薪年假","年度旅游"],"district":"海淀区","score":0,"publisherId":3242339,"explain":null,"plus":null,"pcShow":0,"appShow":0,"deliver":0,"gradeDescription":null},{"companyFullName":"神奇工场通讯技术有限公司","adWord":0,"companyId":49554,"formatCreateTime":"10:12发布","businessZones":null,"imState":"disabled","lastLogin":1472540244000,"positionId":2303419,"industryField":"移动互联网","education":"本科","workYear":"5-10年","city":"北京","positionAdvantage":"期权，高速成长，大平台，福利好","createTime":"2016-08-30 10:12:14","salary":"18k-35k","positionName":"资深Android开发工程师","companySize":"500-2000人","companyShortName":"神奇工场","companyLogo":"i/image/M00/02/57/Cgp3O1aMj-eAJA91AAAbArNWQsw081.JPG","financeStage":"成熟型(不需要融资)","approve":1,"jobNature":"全职","companyLabelList":["节日礼物","年底双薪","免费班车","带薪年假"],"district":null,"score":0,"publisherId":1745743,"explain":null,"plus":null,"pcShow":0,"appShow":0,"deliver":0,"gradeDescription":null},{"companyFullName":"武汉高新汇智企业管理咨询有限公司","adWord":0,"companyId":51136,"formatCreateTime":"10:11发布","businessZones":["大望路","华贸","红庙"],"imState":"disabled","lastLogin":1472522226000,"positionId":2043262,"industryField":"企业服务,O2O","education":"本科","workYear":"3-5年","city":"北京","positionAdvantage":"行业龙头企业","createTime":"2016-08-30 10:11:12","salary":"18k-35k","positionName":"Android","companySize":"150-500人","companyShortName":"高新汇智","companyLogo":"image1/M00/00/86/Cgo8PFTUXe2AAJJKAABs4j5Q7yo383.jpg","financeStage":"成长型(不需要融资)","approve":0,"jobNature":"全职","companyLabelList":["技能培训","节日礼物","绩效奖金","岗位晋升"],"district":"朝阳区","score":0,"publisherId":1493892,"explain":null,"plus":null,"pcShow":0,"appShow":0,"deliver":0,"gradeDescription":null},{"companyFullName":"北京中天嘉华管理咨询有限公司","adWord":0,"companyId":21956,"formatCreateTime":"10:07发布","businessZones":["太阳宫","国展","三元桥"],"imState":"disabled","lastLogin":1472522854000,"positionId":2220371,"industryField":"移动互联网,金融","education":"本科","workYear":"5-10年","city":"北京","positionAdvantage":"提供职位、薪酬晋升管理机制","createTime":"2016-08-30 10:07:45","salary":"15k-30k","positionName":"Android","companySize":"500-2000人","companyShortName":"中天嘉华集团","companyLogo":"image1/M00/00/29/Cgo8PFTUWJGAHgVxAAA-v8Pf9vM172.png","financeStage":"成熟型(C轮)","approve":1,"jobNature":"全职","companyLabelList":["年终分红","绩效奖金","股票期权","专项奖金"],"district":"朝阳区","score":0,"publisherId":714099,"explain":null,"plus":null,"pcShow":0,"appShow":0,"deliver":0,"gradeDescription":null},{"companyFullName":"北京同人在线网络科技有限公司","adWord":0,"companyId":133132,"formatCreateTime":"10:05发布","businessZones":["西三旗","清河","小营"],"imState":"disabled","lastLogin":1472551386000,"positionId":2269942,"industryField":"移动互联网,社交网络","education":"大专","workYear":"5-10年","city":"北京","positionAdvantage":"五险一金全额 晋升空间大","createTime":"2016-08-30 10:05:54","salary":"35k-45k","positionName":"Android工程师/高级工程师","companySize":"15-50人","companyShortName":"同人在线","companyLogo":"i/image/M00/33/A0/Cgp3O1dSUnaADfetAAAGHNJeghU098.jpg","financeStage":"初创型(未融资)","approve":0,"jobNature":"全职","companyLabelList":null,"district":"海淀区","score":0,"publisherId":5965870,"explain":null,"plus":null,"pcShow":0,"appShow":0,"deliver":0,"gradeDescription":null},{"companyFullName":"小叶子（北京）科技有限公司","adWord":0,"companyId":7094,"formatCreateTime":"10:05发布","businessZones":null,"imState":"today","lastLogin":1472552746000,"positionId":2154308,"industryField":"硬件,教育","education":"本科","workYear":"1-3年","city":"北京","positionAdvantage":"13薪，弹性工作，房补，免费餐食，优秀团队","createTime":"2016-08-30 10:05:34","salary":"15k-25k","positionName":"高级Android工程师","companySize":"150-500人","companyShortName":"The ONE","companyLogo":"image2/M00/0C/12/CgpzWlYbUF2AJNZ-AAA6MysX1Hw450.png","financeStage":"成长型(B轮)","approve":1,"jobNature":"全职","companyLabelList":["优秀团队","篮球羽毛球队","13薪","各种爬梯"],"district":null,"score":0,"publisherId":79034,"explain":null,"plus":null,"pcShow":0,"appShow":0,"deliver":0,"gradeDescription":null},{"companyFullName":"北京惠天美达网络技术有限公司","adWord":0,"companyId":142433,"formatCreateTime":"10:01发布","businessZones":["复兴门","金融街","月坛"],"imState":"disabled","lastLogin":1472545518000,"positionId":2303280,"industryField":"移动互联网,电子商务","education":"本科","workYear":"1-3年","city":"北京","positionAdvantage":"周末双休 弹性工作时间 五险一金 各种福利","createTime":"2016-08-30 10:01:12","salary":"15k-30k","positionName":"Android","companySize":"50-150人","companyShortName":"惠天美达网络公司","companyLogo":"i/image/M00/4C/8A/Cgp3O1ei4UGACKlbAAAH9jnZWJ8812.png","financeStage":"成长型(不需要融资)","approve":0,"jobNature":"全职","companyLabelList":["年底双薪","专项奖金","股票期权","年终分红"],"district":"西城区","score":0,"publisherId":5839495,"explain":null,"plus":null,"pcShow":0,"appShow":0,"deliver":0,"gradeDescription":null},{"companyFullName":"北京捷通华声科技股份有限公司","adWord":0,"companyId":356,"formatCreateTime":"09:57发布","businessZones":["西二旗","龙泽","回龙观","西二旗","龙泽","回龙观"],"imState":"today","lastLogin":1472552637000,"positionId":1760464,"industryField":"移动互联网,数据服务","education":"本科","workYear":"1-3年","city":"北京","positionAdvantage":"五险一金 绩效奖金","createTime":"2016-08-30 09:57:53","salary":"15k-25k","positionName":"Android","companySize":"150-500人","companyShortName":"捷通华声","companyLogo":"image1/M00/15/99/CgYXBlUKqGWAEiHsAABgvyF4n6Y615.jpg","financeStage":"成长型(不需要融资)","approve":1,"jobNature":"全职","companyLabelList":["股票期权","半年调薪","绩效奖金多","晋升空间大"],"district":"海淀区","score":0,"publisherId":619924,"explain":null,"plus":null,"pcShow":0,"appShow":0,"deliver":0,"gradeDescription":null},{"companyFullName":"杭州穆信科技有限公司","adWord":0,"companyId":141790,"formatCreateTime":"09:54发布","businessZones":["木樨地","军博","西客站"],"imState":"today","lastLogin":1472571623000,"positionId":2281425,"industryField":"移动互联网,社交网络","education":"本科","workYear":"3-5年","city":"北京","positionAdvantage":"IM即时通讯优先","createTime":"2016-08-30 09:54:42","salary":"10k-15k","positionName":"Android工程师","companySize":"15-50人","companyShortName":"专注服务于穆斯林人群","companyLogo":"i/image/M00/52/A1/CgqKkVe8GzOAeOUmAABxD0cvdjw315.png","financeStage":"初创型(不需要融资)","approve":0,"jobNature":"全职","companyLabelList":null,"district":"海淀区","score":0,"publisherId":4803027,"explain":null,"plus":null,"pcShow":0,"appShow":0,"deliver":0,"gradeDescription":null}]}},"code":0}