{"resubmitToken":null,"success":true,"requestId":null,"msg":null,"content":{"pageNo":57,"pageSize":15,"positionResult":{"totalCount":8899,"resultSize":15,"locationInfo":{"city":"北京","district":null,"queryByGisCode":false,"businessZone":null,"locationCode":null},"queryAnalysisInfo":{"positionName":"android","companyName":null,"industryName":null,"usefulCompany":false},"strategyProperty":{"name":"dm-csearch-newSimScorer","id":1},"result":[{"companyFullName":"北京三快在线科技有限公司","adWord":0,"companyId":50702,"formatCreateTime":"2016-08-20","businessZones":["望京","来广营"],"imState":"today","lastLogin":1472575129000,"positionId":2201229,"industryField":"移动互联网,O2O","education":"本科","workYear":"5-10年","city":"北京","positionAdvantage":"免费班车股票期权带薪年假绩效奖金五险一金","createTime":"2016-08-20 23:51:04","salary":"20k-40k","positionName":"Android技术专家","companySize":"2000人以上","companyShortName":"美团点评","companyLogo":"i/image/M00/4B/6C/CgqKkVefHv-AFoRzAAAuALF7ZZ0419.png","financeStage":"成熟型(D轮及以上)","approve":1,"jobNature":"全职","companyLabelList":["技能培训","绩效奖金","岗位晋升","领导好"],"district":"朝阳区","score":0,"publisherId":1524021,"explain":null,"plus":null,"pcShow":0,"appShow":0,"deliver":0,"gradeDescription":null},{"companyFullName":"九玉（北京）科技有限公司","adWord":0,"companyId":139,"formatCreateTime":"2016-08-20","businessZones":["知春路","中关村","双榆树"],"imState":"threeDays","lastLogin":1472448807000,"positionId":1941922,"industryField":"移动互联网","education":"本科","workYear":"不限","city":"北京","positionAdvantage":"股票期权,弹性工作制,免费工作餐,零食水果","createTime":"2016-08-20 09:10:55","salary":"15k-30k","positionName":"Android","companySize":"15-50人","companyShortName":"九玉","companyLogo":"image1/M00/00/02/Cgo8PFTUV_WAD7hfAABXYsAPI8k943.png","financeStage":"成长型(A轮)","approve":1,"jobNature":"全职","companyLabelList":["技能培训","股票期权","带薪年假","岗位晋升"],"district":"海淀区","score":0,"publisherId":208,"explain":null,"plus":null,"pcShow":0,"appShow":0,"deliver":0,"gradeDescription":null},{"companyFullName":"北京博宇新光投资有限公司","adWord":0,"companyId":90227,"formatCreateTime":"2016-08-19","businessZones":["大望路","华贸","四惠"],"imState":"disabled","lastLogin":1472174861000,"positionId":2264763,"industryField":"移动互联网,金融","education":"大专","workYear":"3-5年","city":"北京","positionAdvantage":"午餐餐补，快乐团建，周末双休， 年底双薪","createTime":"2016-08-19 17:58:14","salary":"10k-20k","positionName":"Android","companySize":"50-150人","companyShortName":"北京博宇","companyLogo":"image1/M00/43/C1/Cgo8PFXSyneALZdmAAA3JLueRM0231.jpg?cc=0.9303770049009472","financeStage":"成长型(不需要融资)","approve":1,"jobNature":"全职","companyLabelList":["节日礼物","年底双薪","绩效奖金","年度旅游"],"district":"朝阳区","score":0,"publisherId":5950062,"explain":null,"plus":null,"pcShow":0,"appShow":0,"deliver":0,"gradeDescription":null},{"companyFullName":"北京兴奥德泰科技有限公司","adWord":0,"companyId":62380,"formatCreateTime":"2016-08-19","businessZones":null,"imState":"disabled","lastLogin":1472028317000,"positionId":2264524,"industryField":"移动互联网","education":"本科","workYear":"3-5年","city":"北京","positionAdvantage":"5险1金,团建","createTime":"2016-08-19 17:36:01","salary":"10k-20k","positionName":"Android","companySize":"少于15人","companyShortName":"Feel APP 最火的潮流运动社区","companyLogo":"i/image/M00/51/5B/Cgp3O1e22RmACodmAAAUNnSFQkk598.jpg","financeStage":"初创型(未融资)","approve":1,"jobNature":"全职","companyLabelList":["节日礼物","带薪年假","年终奖金","扁平管理"],"district":"海淀区","score":0,"publisherId":1563815,"explain":null,"plus":null,"pcShow":0,"appShow":0,"deliver":0,"gradeDescription":null},{"companyFullName":"百度移信网络技术（北京）有限公司","adWord":0,"companyId":323,"formatCreateTime":"2016-08-19","businessZones":["上地","马连洼","颐和园"],"imState":"disabled","lastLogin":1468404075000,"positionId":1780341,"industryField":"移动互联网","education":"本科","workYear":"1-3年","city":"北京","positionAdvantage":"大平台","createTime":"2016-08-19 17:29:28","salary":"10k-20k","positionName":"Android客户端开发工程师","companySize":"2000人以上","companyShortName":"百度游戏","companyLogo":"image1/M00/00/02/CgYXBlTUV_eAavJtAAAGJ5FjmEQ222.gif","financeStage":"上市公司","approve":1,"jobNature":"全职","companyLabelList":["年终分红","绩效奖金","股票期权","五险一金"],"district":"海淀区","score":0,"publisherId":275741,"explain":null,"plus":null,"pcShow":0,"appShow":0,"deliver":0,"gradeDescription":null},{"companyFullName":"安邦保险集团股份有限公司","adWord":0,"companyId":4838,"formatCreateTime":"2016-08-19","businessZones":null,"imState":"disabled","lastLogin":1471850370000,"positionId":2177880,"industryField":"移动互联网,金融","education":"本科","workYear":"1-3年","city":"北京","positionAdvantage":"15天年假，13~15薪","createTime":"2016-08-19 17:22:12","salary":"15k-30k","positionName":"Android 中高级工程师","companySize":"2000人以上","companyShortName":"安邦保险集团","companyLogo":"image1/M00/00/0B/CgYXBlTUWBuAUJAkAAB6cj6qvIk863.jpg","financeStage":"成熟型(不需要融资)","approve":1,"jobNature":"全职","companyLabelList":["绩效奖金","专项奖金","五险一金","通讯津贴"],"district":null,"score":0,"publisherId":1570004,"explain":null,"plus":null,"pcShow":0,"appShow":0,"deliver":0,"gradeDescription":null},{"companyFullName":"北京易车互联信息技术有限公司","adWord":0,"companyId":19801,"formatCreateTime":"2016-08-19","businessZones":["白石桥","车公庄","甘家口"],"imState":"threeDays","lastLogin":1472460932000,"positionId":461143,"industryField":"移动互联网,电子商务","education":"本科","workYear":"3-5年","city":"北京","positionAdvantage":"七险一金，与车相关福利，免费按摩","createTime":"2016-08-19 16:19:29","salary":"10k-20k","positionName":"Android研发工程师","companySize":"2000人以上","companyShortName":"易车（NYSE:BITA）","companyLogo":"image1/M00/00/24/Cgo8PFTUWH6AIRNUAAB4xVlgSSA843.jpg","financeStage":"上市公司","approve":1,"jobNature":"全职","companyLabelList":["周末双休","七险一金","定期体检","各类培训健全"],"district":"海淀区","score":0,"publisherId":251363,"explain":null,"plus":null,"pcShow":0,"appShow":0,"deliver":0,"gradeDescription":null},{"companyFullName":"TCL集团股份有限公司","adWord":0,"companyId":114268,"formatCreateTime":"2016-08-19","businessZones":["北太平庄","马甸","蓟门桥"],"imState":"threeDays","lastLogin":1472452835000,"positionId":2136800,"industryField":"移动互联网","education":"本科","workYear":"5-10年","city":"北京","positionAdvantage":"弹性工作制 公司前景好 个人平台广阔","createTime":"2016-08-19 16:17:26","salary":"15k-20k","positionName":"Android高级工程师","companySize":"150-500人","companyShortName":"TCL互联网事业本部","companyLogo":"i/image/M00/03/AC/CgqKkVbCj2OAC-c2AAAobfIUcc4893.png","financeStage":"成长型(不需要融资)","approve":0,"jobNature":"全职","companyLabelList":null,"district":"海淀区","score":0,"publisherId":5487933,"explain":null,"plus":null,"pcShow":0,"appShow":0,"deliver":0,"gradeDescription":null},{"companyFullName":"用友超客网络技术有限公司","adWord":0,"companyId":92897,"formatCreateTime":"2016-08-19","businessZones":["西北旺"],"imState":"today","lastLogin":1472533792000,"positionId":2263682,"industryField":"社交网络","education":"本科","workYear":"1-3年","city":"北京","positionAdvantage":"大公司平台、薪酬福利完善","createTime":"2016-08-19 16:15:56","salary":"12k-18k","positionName":"Android","companySize":"500-2000人","companyShortName":"超客网络","companyLogo":"image2/M00/03/94/CgqLKVXunHqAO6vSAAAPqN1JGPY334.png?cc=0.4912325774785131","financeStage":"成熟型(不需要融资)","approve":1,"jobNature":"全职","companyLabelList":["技能培训","免费班车","股票期权","带薪年假"],"district":"海淀区","score":0,"publisherId":2405760,"explain":null,"plus":null,"pcShow":0,"appShow":0,"deliver":0,"gradeDescription":null},{"companyFullName":"北斗羲和地理信息科技（北京）有限公司","adWord":0,"companyId":136685,"formatCreateTime":"2016-08-19","businessZones":["知春路","中关村","双榆树"],"imState":"today","lastLogin":1472551331000,"positionId":2147753,"industryField":"数据服务,其他","education":"本科","workYear":"1-3年","city":"北京","positionAdvantage":"五险一金，弹性工作时间","createTime":"2016-08-19 16:07:36","salary":"8k-15k","positionName":"Android","companySize":"15-50人","companyShortName":"羲和地图","companyLogo":"i/image/M00/3E/5B/CgqKkVd0ftaAaIHTAACvm_GmuGI752.jpg","financeStage":"成长型(A轮)","approve":0,"jobNature":"全职","companyLabelList":null,"district":"海淀区","score":0,"publisherId":2309730,"explain":null,"plus":null,"pcShow":0,"appShow":0,"deliver":0,"gradeDescription":null},{"companyFullName":"上海阅客信息科技有限公司","adWord":0,"companyId":61871,"formatCreateTime":"2016-08-19","businessZones":["亮马桥","三元桥","燕莎"],"imState":"disabled","lastLogin":1471867395000,"positionId":2263513,"industryField":"移动互联网","education":"本科","workYear":"3-5年","city":"北京","positionAdvantage":"节日礼物 股票期权 带薪年假 绩效奖金","createTime":"2016-08-19 15:57:50","salary":"20k-30k","positionName":"Android","companySize":"50-150人","companyShortName":"阅客公司—唔哩","companyLogo":"i/image/M00/34/B4/CgqKkVdWadCAMWouAAARTNoHgCM705.png","financeStage":"成长型(A轮)","approve":1,"jobNature":"全职","companyLabelList":["节日礼物","免费班车","股票期权","带薪年假"],"district":"朝阳区","score":0,"publisherId":2825087,"explain":null,"plus":null,"pcShow":0,"appShow":0,"deliver":0,"gradeDescription":null},{"companyFullName":"北京鸿游科技有限公司","adWord":0,"companyId":142096,"formatCreateTime":"2016-08-19","businessZones":["苏州街","中关村","苏州桥"],"imState":"sevenDays","lastLogin":1472192988000,"positionId":2181955,"industryField":"移动互联网,游戏","education":"本科","workYear":"3-5年","city":"北京","positionAdvantage":"公司不差钱，待遇优厚","createTime":"2016-08-19 15:12:46","salary":"10k-15k","positionName":"Android开发工程师","companySize":"少于15人","companyShortName":"鸿游科技","companyLogo":"i/image/M00/4B/C2/Cgp3O1egVuiACy3eAAE3s3u2pB4780.png","financeStage":"初创型(不需要融资)","approve":0,"jobNature":"全职","companyLabelList":null,"district":"海淀区","score":0,"publisherId":5799034,"explain":null,"plus":null,"pcShow":0,"appShow":0,"deliver":0,"gradeDescription":null},{"companyFullName":"北京百家互联科技有限公司","adWord":0,"companyId":35361,"formatCreateTime":"2016-08-19","businessZones":["西北旺","马连洼","上地"],"imState":"disabled","lastLogin":1472336719000,"positionId":2263103,"industryField":"移动互联网,教育","education":"本科","workYear":"3-5年","city":"北京","positionAdvantage":"六险一金,包餐","createTime":"2016-08-19 15:10:53","salary":"15k-25k","positionName":"Android工程师","companySize":"500-2000人","companyShortName":"跟谁学","companyLogo":"image1/M00/00/53/Cgo8PFTUXRqAcjVaAABBW7FGs0E923.jpg","financeStage":"成长型(A轮)","approve":0,"jobNature":"全职","companyLabelList":["节日礼物","技能培训","股票期权","精英团队"],"district":"海淀区","score":0,"publisherId":345318,"explain":null,"plus":null,"pcShow":0,"appShow":0,"deliver":0,"gradeDescription":null},{"companyFullName":"北京汇智大成文化传媒有限公司","adWord":0,"companyId":24537,"formatCreateTime":"2016-08-19","businessZones":["团结湖","呼家楼","京广桥"],"imState":"today","lastLogin":1472526115000,"positionId":1439814,"industryField":"移动互联网,O2O","education":"不限","workYear":"1-3年","city":"北京","positionAdvantage":"公司获得北极光千万级A轮融资，福利待遇好","createTime":"2016-08-19 15:05:18","salary":"15k-25k","positionName":"Android","companySize":"50-150人","companyShortName":"INVITE","companyLogo":"i/image/M00/4E/51/CgqKkVeqwkOASB4UAABMVl8CQPg763.png","financeStage":"成长型(A轮)","approve":1,"jobNature":"全职","companyLabelList":["股票期权","绩效奖金","五险一金","年度旅游"],"district":"朝阳区","score":0,"publisherId":1528365,"explain":null,"plus":null,"pcShow":0,"appShow":0,"deliver":0,"gradeDescription":null},{"companyFullName":"北京众智优选科技有限公司","adWord":0,"companyId":98537,"formatCreateTime":"2016-08-19","businessZones":["鲁谷","八宝山","永乐"],"imState":"disabled","lastLogin":1472194355000,"positionId":1151673,"industryField":"社交网络,企业服务","education":"本科","workYear":"1-3年","city":"北京","positionAdvantage":"全员持股","createTime":"2016-08-19 14:42:38","salary":"10k-20k","positionName":"Android","companySize":"少于15人","companyShortName":"选型宝","companyLogo":"image2/M00/09/9F/CgpzWlYKNt6AUVBwAAATd4cNvCo476.jpg","financeStage":"初创型(天使轮)","approve":0,"jobNature":"全职","companyLabelList":["节日礼物","股票期权","带薪年假","美女多"],"district":"石景山区","score":0,"publisherId":2705903,"explain":null,"plus":null,"pcShow":0,"appShow":0,"deliver":0,"gradeDescription":null}]}},"code":0}