{"msg":null,"resubmitToken":null,"success":true,"requestId":null,"content":{"pageNo":38,"pageSize":15,"positionResult":{"totalCount":8899,"resultSize":15,"locationInfo":{"city":"北京","district":null,"locationCode":null,"businessZone":null,"queryByGisCode":false},"queryAnalysisInfo":{"positionName":"android","companyName":null,"usefulCompany":false,"industryName":null},"strategyProperty":{"name":"dm-csearch-newSimScorer","id":1},"result":[{"companyId":114110,"formatCreateTime":"2016-08-25","score":0,"positionId":2283449,"positionName":"Android (c/c++方向)系统工程师","createTime":"2016-08-25 10:47:58","positionAdvantage":"团队氛围好，大部分人有期权","salary":"20k-30k","approve":1,"workYear":"3-5年","education":"本科","city":"北京","companyLogo":"i/image/M00/04/2B/Cgp3O1bGwzWAEAB4AAAbnMQCudk783.jpg","jobNature":"全职","industryField":"移动互联网","companyShortName":"乐视","financeStage":"上市公司","companySize":"2000人以上","companyLabelList":["股票期权","交通补助","通讯津贴","带薪年假"],"district":"朝阳区","businessZones":["石佛营","姚家园","十里堡"],"imState":"disabled","lastLogin":1472453698000,"publisherId":3623470,"explain":null,"plus":null,"pcShow":0,"appShow":0,"deliver":0,"gradeDescription":null,"companyFullName":"乐视网信息技术（北京）股份有限公司","adWord":0},{"companyId":35677,"formatCreateTime":"2016-08-25","score":0,"positionId":2140643,"positionName":"Android开发工程师","createTime":"2016-08-25 10:30:20","positionAdvantage":"高新企业 超长带薪春节假","salary":"25k-30k","approve":1,"workYear":"3-5年","education":"不限","city":"北京","companyLogo":"i/image/M00/00/15/Cgp3O1YoY4KAfVadAAARBzxVAZw109.jpg","jobNature":"全职","industryField":"硬件","companyShortName":"零度智控","financeStage":"成长型(A轮)","companySize":"50-150人","companyLabelList":["技能培训","年底分红","岗位晋升","年度旅游"],"district":"海淀区","businessZones":["上地","马连洼","西二旗"],"imState":"today","lastLogin":1472547876000,"publisherId":621091,"explain":null,"plus":null,"pcShow":0,"appShow":0,"deliver":0,"gradeDescription":null,"companyFullName":"零度智控（北京）智能科技有限公司","adWord":0},{"companyId":135593,"formatCreateTime":"2016-08-25","score":0,"positionId":2212327,"positionName":"乐视 Android高级软件开发工程师","createTime":"2016-08-25 10:18:17","positionAdvantage":"股票期权,额外保险,交通餐补,定期团建","salary":"20k-30k","approve":0,"workYear":"3-5年","education":"本科","city":"北京","companyLogo":"i/image/M00/3A/B8/Cgp3O1dqHgOABFNrAAAVfH87648732.jpg","jobNature":"全职","industryField":"移动互联网,社交网络","companyShortName":"乐视致新","financeStage":"成长型(B轮)","companySize":"2000人以上","companyLabelList":null,"district":null,"businessZones":null,"imState":"overSevenDays","lastLogin":1471538858000,"publisherId":42666,"explain":null,"plus":null,"pcShow":0,"appShow":0,"deliver":0,"gradeDescription":null,"companyFullName":"乐视致新电子科技(天津)有限公司","adWord":0},{"companyId":4832,"formatCreateTime":"2016-08-25","score":0,"positionId":1899127,"positionName":"Android端研发工程师","createTime":"2016-08-25 10:06:55","positionAdvantage":"五险一金 补充医疗 弹性工作 零食饮料畅饮","salary":"13k-26k","approve":1,"workYear":"3-5年","education":"本科","city":"北京","companyLogo":"i/image/M00/3C/9E/Cgp3O1dwiUeACcOvAAAWhkHEu2M989.png","jobNature":"全职","industryField":"移动互联网,数据服务","companyShortName":"七牛云存储","financeStage":"成熟型(D轮及以上)","companySize":"150-500人","companyLabelList":["年底双薪","节日礼物","技能培训","年度旅游"],"district":"朝阳区","businessZones":["太阳宫","西坝河","国展"],"imState":"today","lastLogin":1472568435000,"publisherId":89086,"explain":null,"plus":null,"pcShow":0,"appShow":0,"deliver":0,"gradeDescription":null,"companyFullName":"上海七牛信息技术有限公司","adWord":0},{"companyId":520,"formatCreateTime":"2016-08-25","score":0,"positionId":2187029,"positionName":"Android开发工程师","createTime":"2016-08-25 09:26:55","positionAdvantage":"六险一金、年终奖、带薪年假、餐补、班车","salary":"15k-30k","approve":1,"workYear":"不限","education":"本科","city":"北京","companyLogo":"image1/M00/00/03/CgYXBlTUV_uAY85GAAAVtFKXIv8322.jpg","jobNature":"全职","industryField":"移动互联网","companyShortName":"小米","financeStage":"成熟型(D轮及以上)","companySize":"2000人以上","companyLabelList":["快速成长","免费班车","扁平管理","技能培训"],"district":"海淀区","businessZones":["清河","上地"],"imState":"disabled","lastLogin":1472189030000,"publisherId":5812464,"explain":null,"plus":null,"pcShow":0,"appShow":0,"deliver":0,"gradeDescription":null,"companyFullName":"北京小米科技有限责任公司","adWord":0},{"companyId":144414,"formatCreateTime":"2016-08-25","score":0,"positionId":2250728,"positionName":"Android高级工程师","createTime":"2016-08-25 09:23:20","positionAdvantage":"核心业务，上升空间大，技术氛围超好哦","salary":"20k-40k","approve":0,"workYear":"5-10年","education":"不限","city":"北京","companyLogo":"i/image/M00/50/73/CgqKkVe0AbyACjeoAAAWV-YtmhE071.jpg","jobNature":"全职","industryField":"移动互联网","companyShortName":"腾讯","financeStage":"上市公司","companySize":"2000人以上","companyLabelList":["节日礼物","技能培训","年终分红","专项奖金"],"district":"海淀区","businessZones":["苏州街","北京大学","颐和园"],"imState":"disabled","lastLogin":1472451794000,"publisherId":5931431,"explain":null,"plus":null,"pcShow":0,"appShow":0,"deliver":0,"gradeDescription":null,"companyFullName":"安徽省青阳炫锋实业有限公司","adWord":0},{"companyId":126957,"formatCreateTime":"2016-08-25","score":0,"positionId":1759261,"positionName":"Android开发工程师","createTime":"2016-08-25 09:15:15","positionAdvantage":"五险一金、餐费补贴、弹性工作、年终奖金","salary":"10k-20k","approve":0,"workYear":"3-5年","education":"本科","city":"北京","companyLogo":"i/image/M00/25/B4/CgqKkVcfNBaAX_UlAAAGN2o1zqo160.png","jobNature":"全职","industryField":"移动互联网,硬件","companyShortName":"北京算云联科","financeStage":"成长型(A轮)","companySize":"150-500人","companyLabelList":["午餐补助","定期体检","弹性工作","五险一金"],"district":"海淀区","businessZones":["西二旗","龙泽","回龙观"],"imState":"today","lastLogin":1472551411000,"publisherId":4913750,"explain":null,"plus":null,"pcShow":0,"appShow":0,"deliver":0,"gradeDescription":null,"companyFullName":"北京算云联科科技有限公司","adWord":0},{"companyId":3328,"formatCreateTime":"2016-08-25","score":0,"positionId":1496349,"positionName":"Android开发工程师","createTime":"2016-08-25 09:11:18","positionAdvantage":"上市公司、六险一金、良好氛围、优秀团队","salary":"10k-20k","approve":1,"workYear":"3-5年","education":"不限","city":"北京","companyLogo":"image1/M00/00/09/Cgo8PFTUWBGALraJAAAeTBKK4IU791.png","jobNature":"全职","industryField":"移动互联网,教育","companyShortName":"好未来","financeStage":"上市公司","companySize":"2000人以上","companyLabelList":["上市公司","领军企业","五险一金","住福计划"],"district":"海淀区","businessZones":["四季青","世纪城","远大路"],"imState":"today","lastLogin":1472550224000,"publisherId":256247,"explain":null,"plus":null,"pcShow":0,"appShow":0,"deliver":0,"gradeDescription":null,"companyFullName":"北京世纪好未来教育科技有限公司","adWord":0},{"companyId":87268,"formatCreateTime":"2016-08-25","score":0,"positionId":1752794,"positionName":"Android","createTime":"2016-08-25 09:11:10","positionAdvantage":"明星项目，薪资高，","salary":"20k-30k","approve":0,"workYear":"3-5年","education":"本科","city":"北京","companyLogo":"image1/M00/3F/79/CgYXBlXAh7aAGAMtAAAAXjKtgqc017.png?cc=0.5464943705592304","jobNature":"全职","industryField":"移动互联网,电子商务","companyShortName":"泽贤","financeStage":"成长型(B轮)","companySize":"150-500人","companyLabelList":["带薪年假","年终分红","五险一金","午餐补助"],"district":"东城区","businessZones":["东直门","海运仓","东四"],"imState":"disabled","lastLogin":1472439612000,"publisherId":1613523,"explain":null,"plus":null,"pcShow":0,"appShow":0,"deliver":0,"gradeDescription":null,"companyFullName":"深圳泽贤企业管理咨询有限公司","adWord":0},{"companyId":62605,"formatCreateTime":"2016-08-25","score":0,"positionId":1264792,"positionName":"Android 高级工程师","createTime":"2016-08-25 09:09:49","positionAdvantage":"与1000人一起做开发 原始股","salary":"12k-24k","approve":0,"workYear":"3-5年","education":"本科","city":"北京","companyLogo":"i/image/M00/00/A4/Cgp3O1ZRS2CAPF1wAAANsAgZiXY944.jpg","jobNature":"全职","industryField":"金融","companyShortName":"安邦保险集团 邦融汇","financeStage":"成熟型(不需要融资)","companySize":"2000人以上","companyLabelList":["技能培训","专项奖金","带薪年假","绩效奖金"],"district":"朝阳区","businessZones":["建外大街","国贸","CBD"],"imState":"disabled","lastLogin":1472518550000,"publisherId":1502875,"explain":null,"plus":null,"pcShow":0,"appShow":0,"deliver":0,"gradeDescription":null,"companyFullName":"安邦保险集团移动电商","adWord":0},{"companyId":56373,"formatCreateTime":"2016-08-25","score":0,"positionId":1327501,"positionName":"Android","createTime":"2016-08-25 09:08:02","positionAdvantage":"加班补助、餐补、交通补助、节日福利等","salary":"15k-25k","approve":0,"workYear":"1-3年","education":"本科","city":"北京","companyLogo":"i/image/M00/01/4C/CgqKkVZmpyqALKyPAAAxtMjfIiI672.png","jobNature":"全职","industryField":"企业服务","companyShortName":"八九点","financeStage":"上市公司","companySize":"15-50人","companyLabelList":["节日礼物","带薪年假","绩效奖金","年度旅游"],"district":"西城区","businessZones":["西客站","广外大街","天宁寺"],"imState":"sevenDays","lastLogin":1472192995000,"publisherId":1418477,"explain":null,"plus":null,"pcShow":0,"appShow":0,"deliver":0,"gradeDescription":null,"companyFullName":"北京八九点管理咨询有限公司","adWord":0},{"companyId":30248,"formatCreateTime":"2016-08-25","score":0,"positionId":2244559,"positionName":"Android安卓app软件开发工程师","createTime":"2016-08-25 08:52:32","positionAdvantage":"社会保险 绩效 各种补助 节假日休息","salary":"10k-15k","approve":0,"workYear":"1-3年","education":"大专","city":"北京","companyLogo":"image1/M00/00/44/CgYXBlTUXNWAWbzsAAAY2uQ9_k0084.png","jobNature":"全职","industryField":"电子商务","companyShortName":"先锋音讯","financeStage":"成熟型(C轮)","companySize":"50-150人","companyLabelList":["节日礼物","带薪年假","绩效奖金","扁平管理"],"district":"海淀区","businessZones":["中关村","知春路","双榆树"],"imState":"disabled","lastLogin":1472547933000,"publisherId":5923648,"explain":null,"plus":null,"pcShow":0,"appShow":0,"deliver":0,"gradeDescription":null,"companyFullName":"先锋音讯（北京）通讯技术有限公司","adWord":0},{"companyId":18139,"formatCreateTime":"2016-08-24","score":0,"positionId":1745696,"positionName":"Android(高级)工程师","createTime":"2016-08-24 20:12:52","positionAdvantage":"六险一金 全勤奖","salary":"15k-30k","approve":0,"workYear":"5-10年","education":"本科","city":"北京","companyLogo":"image1/M00/00/22/Cgo8PFTUWHSAE2QEAABEkCIe8D4591.jpg","jobNature":"全职","industryField":"电子商务","companyShortName":"京东","financeStage":"上市公司","companySize":"2000人以上","companyLabelList":["绩效奖金","五险一金","带薪年假","免费班车"],"district":"大兴区","businessZones":["亦庄"],"imState":"today","lastLogin":1472525979000,"publisherId":4888134,"explain":null,"plus":null,"pcShow":0,"appShow":0,"deliver":0,"gradeDescription":null,"companyFullName":"京东集团","adWord":0},{"companyId":77880,"formatCreateTime":"2016-08-24","score":0,"positionId":804160,"positionName":"Android高级工程师","createTime":"2016-08-24 20:01:55","positionAdvantage":"牛人带队，挑战性的工作，公司期权","salary":"20k-35k","approve":1,"workYear":"不限","education":"本科","city":"北京","companyLogo":"i/image/M00/1E/0A/Cgp3O1cGMnKAJ6NVAABVGSOXNvg268.png","jobNature":"全职","industryField":"移动互联网,硬件","companyShortName":"宾果智能科技","financeStage":"成长型(A轮)","companySize":"15-50人","companyLabelList":["股票期权","领导好","交通补助","五险一金"],"district":"海淀区","businessZones":["五道口","清华大学","中关村"],"imState":"today","lastLogin":1472563828000,"publisherId":1947980,"explain":null,"plus":null,"pcShow":0,"appShow":0,"deliver":0,"gradeDescription":null,"companyFullName":"宾果智能科技有限公司","adWord":0},{"companyId":31261,"formatCreateTime":"2016-08-24","score":0,"positionId":975741,"positionName":"Android高级开发工程师","createTime":"2016-08-24 19:48:10","positionAdvantage":"五险一金、商业保险、带薪年假、免费水果等","salary":"20k-35k","approve":1,"workYear":"3-5年","education":"本科","city":"北京","companyLogo":"image1/M00/00/47/CgYXBlTUXOKAbGAgAABy8GRsKMU441.jpg","jobNature":"全职","industryField":"移动互联网","companyShortName":"魔秀科技","financeStage":"上市公司","companySize":"150-500人","companyLabelList":["技能培训","年底双薪","节日礼物","岗位晋升"],"district":"朝阳区","businessZones":["北苑","立水桥"],"imState":"threeDays","lastLogin":1472435461000,"publisherId":2252310,"explain":null,"plus":null,"pcShow":0,"appShow":0,"deliver":0,"gradeDescription":null,"companyFullName":"魔秀科技（北京）股份有限公司","adWord":0}]}},"code":0}