{"resubmitToken":null,"success":true,"requestId":null,"msg":null,"content":{"pageNo":67,"pageSize":15,"positionResult":{"totalCount":8899,"resultSize":15,"locationInfo":{"city":"北京","district":null,"businessZone":null,"queryByGisCode":false,"locationCode":null},"queryAnalysisInfo":{"positionName":"android","companyName":null,"industryName":null,"usefulCompany":false},"strategyProperty":{"name":"dm-csearch-newSimScorer","id":1},"result":[{"companyId":87282,"positionName":"有3-5年经验Android开发人员","workYear":"3-5年","education":"本科","jobNature":"全职","createTime":"2016-08-15 09:57:04","companyShortName":"海博威视","positionId":1883546,"salary":"10k-15k","approve":0,"city":"北京","positionAdvantage":"绩效+期权","companyLogo":"i/image/M00/00/D9/CgqKkVZX3fSANKzNAAoyQ0OUc_Q152.png","industryField":"硬件,其他","companyLabelList":["节日礼物","带薪年假","绩效奖金","帅哥多"],"financeStage":"上市公司","district":"西城区","score":0,"companySize":"150-500人","companyFullName":"广东海博威视电子科技股份有限公司深圳分公司","adWord":0,"formatCreateTime":"2016-08-15","imState":"threeDays","lastLogin":1472436999000,"publisherId":5190453,"explain":null,"plus":null,"pcShow":0,"appShow":0,"deliver":0,"gradeDescription":null,"businessZones":["德胜门","北太平庄","新街口"]},{"companyId":26051,"positionName":"Android开发工程师","workYear":"3-5年","education":"本科","jobNature":"全职","createTime":"2016-08-15 09:55:58","companyShortName":"出国翻译官","positionId":456971,"salary":"10k-20k","approve":1,"city":"北京","positionAdvantage":"浓郁的学习氛围、午餐晚餐、五险一金","companyLogo":"image1/M00/00/36/Cgo8PFTUXJyAbb-cAACF0iSqqNk750.jpg","industryField":"移动互联网,旅游","companyLabelList":null,"financeStage":"初创型(天使轮)","district":"朝阳区","score":0,"companySize":"15-50人","companyFullName":"北京七彩拇指科技有限公司","adWord":0,"formatCreateTime":"2016-08-15","imState":"disabled","lastLogin":1471403361000,"publisherId":317232,"explain":null,"plus":null,"pcShow":0,"appShow":0,"deliver":0,"gradeDescription":null,"businessZones":["建外大街","CBD","国贸"]},{"companyId":2474,"positionName":"Android高级工程师","workYear":"3-5年","education":"本科","jobNature":"全职","createTime":"2016-08-15 09:46:30","companyShortName":"滴滴出行","positionId":1912155,"salary":"20k-30k","approve":0,"city":"北京","positionAdvantage":"平台好 团队好 福利好","companyLogo":"i/image/M00/00/20/Cgp3O1YtmkSAZjX1AAA78knErXc273.jpg","industryField":"移动互联网","companyLabelList":["弹性工作","节日礼物","岗位晋升","技能培训"],"financeStage":"成熟型(D轮及以上)","district":null,"score":0,"companySize":"500-2000人","companyFullName":"北京小桔科技有限公司","adWord":0,"formatCreateTime":"2016-08-15","imState":"today","lastLogin":1472552883000,"publisherId":1430417,"explain":null,"plus":null,"pcShow":0,"appShow":0,"deliver":0,"gradeDescription":null,"businessZones":null},{"companyId":136834,"positionName":"Android研发工程师","workYear":"1-3年","education":"本科","jobNature":"全职","createTime":"2016-08-15 09:27:39","companyShortName":"华纬讯","positionId":2161276,"salary":"8k-12k","approve":0,"city":"北京","positionAdvantage":"带薪年假、年终奖金、餐费补贴、交通补贴","companyLogo":"i/image/M00/3F/03/CgqKkVd2B5qAXPJKAAAOlf1XVCU907.jpg","industryField":"其他","companyLabelList":null,"financeStage":"初创型(未融资)","district":"海淀区","score":0,"companySize":"50-150人","companyFullName":"北京华纬讯电信技术有限公司","adWord":0,"formatCreateTime":"2016-08-15","imState":"today","lastLogin":1472547398000,"publisherId":5512580,"explain":null,"plus":null,"pcShow":0,"appShow":0,"deliver":0,"gradeDescription":null,"businessZones":["上地","西二旗","马连洼"]},{"companyId":132403,"positionName":"Android逆向/安全工程师","workYear":"1-3年","education":"本科","jobNature":"全职","createTime":"2016-08-15 09:15:49","companyShortName":"丰华合瑞","positionId":1901696,"salary":"15k-20k","approve":0,"city":"北京","positionAdvantage":"带薪年假，五险，节假日福利","companyLogo":"i/image/M00/32/18/CgqKkVdNO8qAHL9yAAAT7lM4M5Q710.jpg","industryField":"移动互联网,电子商务","companyLabelList":null,"financeStage":"初创型(未融资)","district":"海淀区","score":0,"companySize":"50-150人","companyFullName":"北京丰华合瑞科技有限公司","adWord":0,"formatCreateTime":"2016-08-15","imState":"disabled","lastLogin":1472438638000,"publisherId":5115070,"explain":null,"plus":null,"pcShow":0,"appShow":0,"deliver":0,"gradeDescription":null,"businessZones":["知春路","双榆树","大钟寺"]},{"companyId":69316,"positionName":"Android安卓开发工程师","workYear":"1-3年","education":"大专","jobNature":"全职","createTime":"2016-08-15 09:13:54","companyShortName":"夏兴互联","positionId":1876421,"salary":"10k-20k","approve":1,"city":"北京","positionAdvantage":"期权，风口项目，高成长性","companyLogo":"i/image/M00/1C/22/CgqKkVb_mZyAHPzHAAAP66d_aEQ651.png","industryField":"O2O","companyLabelList":["技能培训","股票期权","绩效奖金","岗位晋升"],"financeStage":"初创型(未融资)","district":"朝阳区","score":0,"companySize":"15-50人","companyFullName":"北京夏兴互联信息科技有限公司","adWord":0,"formatCreateTime":"2016-08-15","imState":"overSevenDays","lastLogin":1471223614000,"publisherId":1683724,"explain":null,"plus":null,"pcShow":0,"appShow":0,"deliver":0,"gradeDescription":null,"businessZones":["亚运村","奥运村","大屯"]},{"companyId":534,"positionName":"客户端开发工程师（Android）-移动研发部","workYear":"3-5年","education":"本科","jobNature":"全职","createTime":"2016-08-15 09:13:30","companyShortName":"京东金融","positionId":1528315,"salary":"15k-30k","approve":1,"city":"北京","positionAdvantage":"深度接触互联网行业，良好的福利待遇","companyLogo":"i/image/M00/27/AB/CgqKkVcoggeATC36AABg5cLaGcs502.PNG","industryField":"金融","companyLabelList":["供应链金融","消费金融","众筹业务","支付业务"],"financeStage":"上市公司","district":"大兴区","score":0,"companySize":"2000人以上","companyFullName":"京东金融","adWord":0,"formatCreateTime":"2016-08-15","imState":"disabled","lastLogin":1472558274000,"publisherId":2474368,"explain":null,"plus":null,"pcShow":0,"appShow":0,"deliver":0,"gradeDescription":null,"businessZones":null},{"companyId":62784,"positionName":"Android","workYear":"3-5年","education":"本科","jobNature":"全职","createTime":"2016-08-15 09:12:03","companyShortName":"中电数据服务有限公司","positionId":2146135,"salary":"13k-20k","approve":1,"city":"北京","positionAdvantage":"央企，近地铁","companyLogo":"i/image/M00/17/29/CgqKkVbxBD6Ac0LVAABW9JEfO6o067.gif","industryField":"数据服务","companyLabelList":["股票期权","带薪年假","绩效奖金","岗位晋升"],"financeStage":"成长型(不需要融资)","district":"海淀区","score":0,"companySize":"150-500人","companyFullName":"中电数据服务有限公司","adWord":0,"formatCreateTime":"2016-08-15","imState":"disabled","lastLogin":1472530867000,"publisherId":4129219,"explain":null,"plus":null,"pcShow":0,"appShow":0,"deliver":0,"gradeDescription":null,"businessZones":["学院路","北航"]},{"companyId":119271,"positionName":"Android","workYear":"3-5年","education":"本科","jobNature":"全职","createTime":"2016-08-15 09:07:49","companyShortName":"典爆科技","positionId":1587041,"salary":"8k-15k","approve":1,"city":"北京","positionAdvantage":"期权+高薪+高成长性","companyLogo":"i/image/M00/2A/A5/Cgp3O1cyzXCAECkRAAAfd0S83D4387.png","industryField":"移动互联网,教育","companyLabelList":null,"financeStage":"初创型(天使轮)","district":"海淀区","score":0,"companySize":"少于15人","companyFullName":"上海典爆信息科技有限公司","adWord":0,"formatCreateTime":"2016-08-15","imState":"disabled","lastLogin":1472291560000,"publisherId":4505282,"explain":null,"plus":null,"pcShow":0,"appShow":0,"deliver":0,"gradeDescription":null,"businessZones":["双榆树","中关村","大钟寺"]},{"companyId":71,"positionName":"Android逆向工程师","workYear":"不限","education":"本科","jobNature":"全职","createTime":"2016-08-15 08:41:26","companyShortName":"梆梆安全","positionId":1891320,"salary":"13k-25k","approve":1,"city":"北京","positionAdvantage":"行业前景好，领导好，薪资待遇优","companyLogo":"image1/M00/00/01/CgYXBlTUV_SAV6koAABfH19MnVg001.png","industryField":"信息安全","companyLabelList":["扁平管理","帅哥多","领导好","五险一金"],"financeStage":"成熟型(D轮及以上)","district":"海淀区","score":0,"companySize":"150-500人","companyFullName":"北京洋浦伟业科技发展有限公司","adWord":0,"formatCreateTime":"2016-08-15","imState":"today","lastLogin":1472547568000,"publisherId":4961079,"explain":null,"plus":null,"pcShow":0,"appShow":0,"deliver":0,"gradeDescription":null,"businessZones":["学院路","五道口","北航"]},{"companyId":25021,"positionName":"Android研发工程师","workYear":"1-3年","education":"本科","jobNature":"全职","createTime":"2016-08-14 16:26:28","companyShortName":"新浪微博","positionId":2235102,"salary":"20k-40k","approve":0,"city":"北京","positionAdvantage":"大平台，发展空间大","companyLogo":"image1/M00/2A/10/Cgo8PFVpRQWAIyMQAABwOlPdDJ4570.png","industryField":"移动互联网,社交网络","companyLabelList":["技能培训","股票期权","带薪年假","绩效奖金"],"financeStage":"上市公司","district":"昌平区","score":0,"companySize":"2000人以上","companyFullName":"新浪微博","adWord":0,"formatCreateTime":"2016-08-14","imState":"disabled","lastLogin":1472549723000,"publisherId":4421901,"explain":null,"plus":null,"pcShow":0,"appShow":0,"deliver":0,"gradeDescription":null,"businessZones":["西北旺","马连洼","上地"]},{"companyId":50702,"positionName":"Android","workYear":"1-3年","education":"本科","jobNature":"全职","createTime":"2016-08-14 12:40:34","companyShortName":"美团点评","positionId":2234979,"salary":"15k-30k","approve":1,"city":"北京","positionAdvantage":"核心部门，平台大，待遇优，发展空间大","companyLogo":"i/image/M00/4B/6C/CgqKkVefHv-AFoRzAAAuALF7ZZ0419.png","industryField":"移动互联网,O2O","companyLabelList":["技能培训","绩效奖金","岗位晋升","领导好"],"financeStage":"成熟型(D轮及以上)","district":"朝阳区","score":0,"companySize":"2000人以上","companyFullName":"北京三快在线科技有限公司","adWord":0,"formatCreateTime":"2016-08-14","imState":"today","lastLogin":1472555393000,"publisherId":1504547,"explain":null,"plus":null,"pcShow":0,"appShow":0,"deliver":0,"gradeDescription":null,"businessZones":["望京","来广营"]},{"companyId":98651,"positionName":"Android","workYear":"3-5年","education":"本科","jobNature":"全职","createTime":"2016-08-14 12:26:37","companyShortName":"合拍","positionId":1138399,"salary":"15k-30k","approve":1,"city":"北京","positionAdvantage":"创业团队，机会多多，期权多多，福利多多。","companyLogo":"image2/M00/09/CF/CgpzWlYLZzqAMc9jAAAabQaI_gA014.jpg?cc=0.4364315983839333","industryField":"移动互联网,社交网络","companyLabelList":["技能培训","股票期权","岗位晋升","扁平管理"],"financeStage":"初创型(天使轮)","district":"朝阳区","score":0,"companySize":"15-50人","companyFullName":"北京合拍环讯科技有限公司","adWord":0,"formatCreateTime":"2016-08-14","imState":"today","lastLogin":1472585168000,"publisherId":2715702,"explain":null,"plus":null,"pcShow":0,"appShow":0,"deliver":0,"gradeDescription":null,"businessZones":["健翔桥","奥运村","二里庄"]},{"companyId":141447,"positionName":"Android开发工程师","workYear":"1-3年","education":"本科","jobNature":"全职","createTime":"2016-08-13 14:11:03","companyShortName":"采贝科技","positionId":2234230,"salary":"15k-25k","approve":0,"city":"北京","positionAdvantage":"期权 公司前景好 公司环境好 老板很nice","companyLogo":"i/image/M00/4F/32/Cgp3O1eu1GiARCmHAAAR7XxTObA226.jpg","industryField":"移动互联网,金融","companyLabelList":["股票期权","带薪年假","领导好","扁平管理"],"financeStage":"初创型(天使轮)","district":"朝阳区","score":0,"companySize":"15-50人","companyFullName":"北京采贝科技有限公司","adWord":0,"formatCreateTime":"2016-08-13","imState":"today","lastLogin":1472553151000,"publisherId":4734875,"explain":null,"plus":null,"pcShow":0,"appShow":0,"deliver":0,"gradeDescription":null,"businessZones":["望京","大山子","花家地"]},{"companyId":32316,"positionName":"Android","workYear":"1-3年","education":"大专","jobNature":"全职","createTime":"2016-08-13 11:08:30","companyShortName":"杰锐飞扬","positionId":2234020,"salary":"10k-20k","approve":0,"city":"北京","positionAdvantage":"工作","companyLogo":"images/logo_default.png","industryField":"移动互联网,电子商务","companyLabelList":["技能培训","节日礼物","带薪年假","绩效奖金"],"financeStage":"初创型(未融资)","district":"大兴区","score":0,"companySize":"15-50人","companyFullName":"北京杰锐飞扬科技发展有限公司","adWord":0,"formatCreateTime":"2016-08-13","imState":"overSevenDays","lastLogin":1471856310000,"publisherId":522815,"explain":null,"plus":null,"pcShow":0,"appShow":0,"deliver":0,"gradeDescription":null,"businessZones":["兴丰大街","清源","滨河"]}]}},"code":0}