{"resubmitToken":null,"success":true,"requestId":null,"msg":null,"content":{"pageNo":99,"pageSize":15,"positionResult":{"totalCount":8899,"resultSize":12,"locationInfo":{"city":"北京","district":null,"businessZone":null,"queryByGisCode":false,"locationCode":null},"queryAnalysisInfo":{"positionName":"android","companyName":null,"industryName":null,"usefulCompany":false},"strategyProperty":{"name":"dm-csearch-newSimScorer","id":1},"result":[{"companyId":114110,"positionName":"Android软件工程师","workYear":"1-3年","education":"本科","jobNature":"全职","createTime":"2016-07-27 16:20:55","companyShortName":"乐视","positionId":2032365,"salary":"8k-15k","approve":1,"city":"北京","positionAdvantage":"股票激励","companyLogo":"i/image/M00/04/2B/Cgp3O1bGwzWAEAB4AAAbnMQCudk783.jpg","industryField":"移动互联网","companyLabelList":["股票期权","交通补助","通讯津贴","带薪年假"],"financeStage":"上市公司","district":null,"score":0,"companySize":"2000人以上","companyFullName":"乐视网信息技术（北京）股份有限公司","adWord":0,"formatCreateTime":"2016-07-27","imState":"threeDays","lastLogin":1472451638000,"publisherId":5039048,"explain":null,"plus":null,"pcShow":0,"appShow":0,"deliver":0,"gradeDescription":null,"businessZones":null},{"companyId":114110,"positionName":"Android高级工程师","workYear":"不限","education":"本科","jobNature":"全职","createTime":"2016-07-26 10:08:09","companyShortName":"乐视","positionId":1861396,"salary":"20k-30k","approve":1,"city":"北京","positionAdvantage":"乐视移动期权，广阔发展空间","companyLogo":"i/image/M00/04/2B/Cgp3O1bGwzWAEAB4AAAbnMQCudk783.jpg","industryField":"移动互联网","companyLabelList":["股票期权","交通补助","通讯津贴","带薪年假"],"financeStage":"上市公司","district":"朝阳区","score":0,"companySize":"2000人以上","companyFullName":"乐视网信息技术（北京）股份有限公司","adWord":0,"formatCreateTime":"2016-07-26","imState":"today","lastLogin":1472563975000,"publisherId":5155998,"explain":null,"plus":null,"pcShow":0,"appShow":0,"deliver":0,"gradeDescription":null,"businessZones":["石佛营","姚家园","十里堡"]},{"companyId":114110,"positionName":"高级Android软件开发工程师","workYear":"3-5年","education":"本科","jobNature":"全职","createTime":"2016-07-25 11:01:37","companyShortName":"乐视","positionId":1765549,"salary":"15k-25k","approve":1,"city":"北京","positionAdvantage":"五险一金，股权激励，班车接送，免费晚餐","companyLogo":"i/image/M00/04/2B/Cgp3O1bGwzWAEAB4AAAbnMQCudk783.jpg","industryField":"移动互联网","companyLabelList":["股票期权","交通补助","通讯津贴","带薪年假"],"financeStage":"上市公司","district":null,"score":0,"companySize":"2000人以上","companyFullName":"乐视网信息技术（北京）股份有限公司","adWord":0,"formatCreateTime":"2016-07-25","imState":"overSevenDays","lastLogin":1471491603000,"publisherId":2341565,"explain":null,"plus":null,"pcShow":0,"appShow":0,"deliver":0,"gradeDescription":null,"businessZones":null},{"companyId":114110,"positionName":"Android UX性能优化高级工程师","workYear":"3-5年","education":"本科","jobNature":"全职","createTime":"2016-07-19 19:36:08","companyShortName":"乐视","positionId":2119665,"salary":"20k-30k","approve":1,"city":"北京","positionAdvantage":"技术氛围好，优秀工程师能获得期权","companyLogo":"i/image/M00/04/2B/Cgp3O1bGwzWAEAB4AAAbnMQCudk783.jpg","industryField":"移动互联网","companyLabelList":["股票期权","交通补助","通讯津贴","带薪年假"],"financeStage":"上市公司","district":null,"score":0,"companySize":"2000人以上","companyFullName":"乐视网信息技术（北京）股份有限公司","adWord":0,"formatCreateTime":"2016-07-19","imState":"disabled","lastLogin":1472453698000,"publisherId":3623470,"explain":null,"plus":null,"pcShow":0,"appShow":0,"deliver":0,"gradeDescription":null,"businessZones":null},{"companyId":114110,"positionName":"Android 主题开发工程师","workYear":"3-5年","education":"本科","jobNature":"全职","createTime":"2016-07-19 19:29:34","companyShortName":"乐视","positionId":2112878,"salary":"15k-25k","approve":1,"city":"北京","positionAdvantage":"技术氛围好，优秀工程师可以获得期权","companyLogo":"i/image/M00/04/2B/Cgp3O1bGwzWAEAB4AAAbnMQCudk783.jpg","industryField":"移动互联网","companyLabelList":["股票期权","交通补助","通讯津贴","带薪年假"],"financeStage":"上市公司","district":"朝阳区","score":0,"companySize":"2000人以上","companyFullName":"乐视网信息技术（北京）股份有限公司","adWord":0,"formatCreateTime":"2016-07-19","imState":"disabled","lastLogin":1472453698000,"publisherId":3623470,"explain":null,"plus":null,"pcShow":0,"appShow":0,"deliver":0,"gradeDescription":null,"businessZones":["石佛营","姚家园","十里堡"]},{"companyId":114110,"positionName":"Android 控件/动画 开发工程师","workYear":"1-3年","education":"本科","jobNature":"全职","createTime":"2016-07-18 17:42:07","companyShortName":"乐视","positionId":2112596,"salary":"13k-25k","approve":1,"city":"北京","positionAdvantage":"技术氛围好，优秀工程师有期权","companyLogo":"i/image/M00/04/2B/Cgp3O1bGwzWAEAB4AAAbnMQCudk783.jpg","industryField":"移动互联网","companyLabelList":["股票期权","交通补助","通讯津贴","带薪年假"],"financeStage":"上市公司","district":null,"score":0,"companySize":"2000人以上","companyFullName":"乐视网信息技术（北京）股份有限公司","adWord":0,"formatCreateTime":"2016-07-18","imState":"disabled","lastLogin":1472453698000,"publisherId":3623470,"explain":null,"plus":null,"pcShow":0,"appShow":0,"deliver":0,"gradeDescription":null,"businessZones":null},{"companyId":114110,"positionName":"Android高级软件工程师","workYear":"3-5年","education":"本科","jobNature":"全职","createTime":"2016-07-18 10:23:00","companyShortName":"乐视","positionId":1656979,"salary":"15k-25k","approve":1,"city":"北京","positionAdvantage":"VR新趋势","companyLogo":"i/image/M00/04/2B/Cgp3O1bGwzWAEAB4AAAbnMQCudk783.jpg","industryField":"移动互联网","companyLabelList":["股票期权","交通补助","通讯津贴","带薪年假"],"financeStage":"上市公司","district":"朝阳区","score":0,"companySize":"2000人以上","companyFullName":"乐视网信息技术（北京）股份有限公司","adWord":0,"formatCreateTime":"2016-07-18","imState":"threeDays","lastLogin":1472435436000,"publisherId":4684154,"explain":null,"plus":null,"pcShow":0,"appShow":0,"deliver":0,"gradeDescription":null,"businessZones":["朝阳公园","团结湖","甜水园"]},{"companyId":114110,"positionName":"android多媒体开发工程师","workYear":"3-5年","education":"本科","jobNature":"全职","createTime":"2016-07-11 10:28:19","companyShortName":"乐视","positionId":1765661,"salary":"15k-25k","approve":1,"city":"北京","positionAdvantage":"五险一金，股权激励，班车接送，免费晚餐","companyLogo":"i/image/M00/04/2B/Cgp3O1bGwzWAEAB4AAAbnMQCudk783.jpg","industryField":"移动互联网","companyLabelList":["股票期权","交通补助","通讯津贴","带薪年假"],"financeStage":"上市公司","district":null,"score":0,"companySize":"2000人以上","companyFullName":"乐视网信息技术（北京）股份有限公司","adWord":0,"formatCreateTime":"2016-07-11","imState":"overSevenDays","lastLogin":1471491603000,"publisherId":2341565,"explain":null,"plus":null,"pcShow":0,"appShow":0,"deliver":0,"gradeDescription":null,"businessZones":null},{"companyId":114110,"positionName":"Android软件开发工程师","workYear":"1-3年","education":"本科","jobNature":"全职","createTime":"2016-07-11 10:28:17","companyShortName":"乐视","positionId":1765593,"salary":"10k-20k","approve":1,"city":"北京","positionAdvantage":"五险一金，股权激励，班车接送，免费晚餐","companyLogo":"i/image/M00/04/2B/Cgp3O1bGwzWAEAB4AAAbnMQCudk783.jpg","industryField":"移动互联网","companyLabelList":["股票期权","交通补助","通讯津贴","带薪年假"],"financeStage":"上市公司","district":null,"score":0,"companySize":"2000人以上","companyFullName":"乐视网信息技术（北京）股份有限公司","adWord":0,"formatCreateTime":"2016-07-11","imState":"overSevenDays","lastLogin":1471491603000,"publisherId":2341565,"explain":null,"plus":null,"pcShow":0,"appShow":0,"deliver":0,"gradeDescription":null,"businessZones":null},{"companyId":114110,"positionName":"Android开发工程师","workYear":"1-3年","education":"本科","jobNature":"全职","createTime":"2016-07-06 16:43:29","companyShortName":"乐视","positionId":683553,"salary":"10k-20k","approve":1,"city":"北京","positionAdvantage":"全员持股、商业险、团队氛围好、扁平化管理","companyLogo":"i/image/M00/04/2B/Cgp3O1bGwzWAEAB4AAAbnMQCudk783.jpg","industryField":"移动互联网","companyLabelList":["股票期权","交通补助","通讯津贴","带薪年假"],"financeStage":"上市公司","district":"朝阳区","score":0,"companySize":"2000人以上","companyFullName":"乐视网信息技术（北京）股份有限公司","adWord":0,"formatCreateTime":"2016-07-06","imState":"disabled","lastLogin":1471314545000,"publisherId":1613999,"explain":null,"plus":null,"pcShow":0,"appShow":0,"deliver":0,"gradeDescription":null,"businessZones":["姚家园"]},{"companyId":114110,"positionName":"Android高级开发工程师","workYear":"3-5年","education":"本科","jobNature":"全职","createTime":"2016-07-06 16:42:28","companyShortName":"乐视","positionId":758782,"salary":"15k-30k","approve":1,"city":"北京","positionAdvantage":"全员持股、商业险、团队氛围好、扁平化管理","companyLogo":"i/image/M00/04/2B/Cgp3O1bGwzWAEAB4AAAbnMQCudk783.jpg","industryField":"移动互联网","companyLabelList":["股票期权","交通补助","通讯津贴","带薪年假"],"financeStage":"上市公司","district":"朝阳区","score":0,"companySize":"2000人以上","companyFullName":"乐视网信息技术（北京）股份有限公司","adWord":0,"formatCreateTime":"2016-07-06","imState":"disabled","lastLogin":1471314545000,"publisherId":1613999,"explain":null,"plus":null,"pcShow":0,"appShow":0,"deliver":0,"gradeDescription":null,"businessZones":["姚家园"]},{"companyId":114110,"positionName":"Android","workYear":"3-5年","education":"本科","jobNature":"全职","createTime":"2016-07-05 15:07:01","companyShortName":"乐视","positionId":2053029,"salary":"15k-25k","approve":1,"city":"北京","positionAdvantage":"弹性工作制，交通补助，通信补助，有期权","companyLogo":"i/image/M00/04/2B/Cgp3O1bGwzWAEAB4AAAbnMQCudk783.jpg","industryField":"移动互联网","companyLabelList":["股票期权","交通补助","通讯津贴","带薪年假"],"financeStage":"上市公司","district":"朝阳区","score":0,"companySize":"2000人以上","companyFullName":"乐视网信息技术（北京）股份有限公司","adWord":0,"formatCreateTime":"2016-07-05","imState":"disabled","lastLogin":1470620200000,"publisherId":5198737,"explain":null,"plus":null,"pcShow":0,"appShow":0,"deliver":0,"gradeDescription":null,"businessZones":["八里庄","朝阳公园","十里堡"]}]}},"code":0}