{"msg":null,"resubmitToken":null,"success":true,"requestId":null,"content":{"pageNo":91,"pageSize":15,"positionResult":{"totalCount":8899,"resultSize":15,"locationInfo":{"city":"北京","district":null,"locationCode":null,"businessZone":null,"queryByGisCode":false},"queryAnalysisInfo":{"positionName":"android","companyName":null,"usefulCompany":false,"industryName":null},"strategyProperty":{"name":"dm-csearch-newSimScorer","id":1},"result":[{"companyId":91,"formatCreateTime":"2016-07-14","score":0,"positionId":1196979,"positionName":"安卓资深工程师/架构师（SDK）","createTime":"2016-07-14 10:18:47","positionAdvantage":"优秀候选人有股票","salary":"25k-50k","approve":1,"workYear":"5-10年","education":"本科","city":"北京","companyLogo":"i/image/M00/01/92/CgqKkVZv9oyAebyDAACpLbec-1E022.jpg","jobNature":"全职","industryField":"移动互联网","companyShortName":"阿里巴巴移动事业群-高德","financeStage":"上市公司","companySize":"2000人以上","companyLabelList":["弹性工作","帅哥多","美女多","五险一金"],"district":"朝阳区","businessZones":["望京","花家地","大山子"],"imState":"today","lastLogin":1472549442000,"publisherId":60678,"explain":null,"plus":null,"pcShow":0,"appShow":0,"deliver":0,"gradeDescription":null,"companyFullName":"高德软件有限公司","adWord":0},{"companyId":53,"formatCreateTime":"2016-07-12","score":0,"positionId":1863676,"positionName":"高级Android工程师","createTime":"2016-07-12 15:26:29","positionAdvantage":"晋升空间大，福利待遇好","salary":"15k-25k","approve":1,"workYear":"3-5年","education":"本科","city":"北京","companyLogo":"image1/M00/00/01/CgYXBlTUV_OABaFeAABtGUbQoLE148.png","jobNature":"全职","industryField":"电子商务","companyShortName":"聚美优品","financeStage":"上市公司","companySize":"2000人以上","companyLabelList":["技能培训","节日礼物","季度奖金","岗位晋升"],"district":"东城区","businessZones":["东直门","海运仓","东四"],"imState":"today","lastLogin":1472546174000,"publisherId":3736724,"explain":null,"plus":null,"pcShow":0,"appShow":0,"deliver":0,"gradeDescription":null,"companyFullName":"北京创锐文化传媒有限公司","adWord":0},{"companyId":81176,"formatCreateTime":"2016-07-11","score":0,"positionId":1425372,"positionName":"Android","createTime":"2016-07-11 16:57:19","positionAdvantage":"安卓系统高级工程师","salary":"10k-20k","approve":1,"workYear":"3-5年","education":"本科","city":"北京","companyLogo":"i/image/M00/12/98/Cgp3O1bmGIqAR-qEAABdiTaDkZM847.jpg","jobNature":"全职","industryField":"移动互联网,金融","companyShortName":"北京云汇天下","financeStage":"成长型(不需要融资)","companySize":"50-150人","companyLabelList":["股票期权","带薪年假","绩效奖金","扁平管理"],"district":"朝阳区","businessZones":["望京","大山子","花家地"],"imState":"disabled","lastLogin":1472522013000,"publisherId":3757333,"explain":null,"plus":null,"pcShow":0,"appShow":0,"deliver":0,"gradeDescription":null,"companyFullName":"北京云汇天下科技有限公司","adWord":0},{"companyId":96578,"formatCreateTime":"2016-07-11","score":0,"positionId":2079887,"positionName":"Android高级工程师-TV","createTime":"2016-07-11 16:26:26","positionAdvantage":"期权激励,带薪年假,扁平化管理,团队氛围好","salary":"20k-40k","approve":0,"workYear":"5-10年","education":"本科","city":"北京","companyLogo":"image2/M00/06/E2/CgpzWlX7qGGAUUprAAANiG0LMk8427.jpg?cc=0.15268818847835064","jobNature":"全职","industryField":"移动互联网","companyShortName":"小米","financeStage":"成熟型(D轮及以上)","companySize":"2000人以上","companyLabelList":["节日礼物","年底双薪","免费班车","带薪年假"],"district":"海淀区","businessZones":["清河","上地"],"imState":"disabled","lastLogin":1469685784000,"publisherId":2995330,"explain":null,"plus":null,"pcShow":0,"appShow":0,"deliver":0,"gradeDescription":null,"companyFullName":"北京小米数码科技有限公司","adWord":0},{"companyId":7182,"formatCreateTime":"2016-07-08","score":0,"positionId":2073326,"positionName":"Android开发工程师","createTime":"2016-07-08 18:48:58","positionAdvantage":"五险一金 年终多薪 准上市公司","salary":"15k-30k","approve":1,"workYear":"3-5年","education":"本科","city":"北京","companyLogo":"image1/M00/00/0F/Cgo8PFTUWCqAIq8oAAB5MvmojGc956.jpg","jobNature":"全职","industryField":"电子商务,教育","companyShortName":"尚德机构","financeStage":"成熟型(C轮)","companySize":"2000人以上","companyLabelList":["绩效奖金","专项奖金","五险一金","带薪年假"],"district":"朝阳区","businessZones":["来广营","望京"],"imState":"today","lastLogin":1472552920000,"publisherId":2059957,"explain":null,"plus":null,"pcShow":0,"appShow":0,"deliver":0,"gradeDescription":null,"companyFullName":"北京尚佳崇业教育科技有限公司","adWord":0},{"companyId":19475,"formatCreateTime":"2016-07-07","score":0,"positionId":1600211,"positionName":"资深Android开发工程师","createTime":"2016-07-07 19:12:03","positionAdvantage":"大牛同事，福利待遇好，团队氛围融洽。","salary":"20k-35k","approve":1,"workYear":"5-10年","education":"本科","city":"北京","companyLogo":"image1/M00/31/5B/Cgo8PFWLdSuAPhV3AAAk_-Hgugs729.jpg","jobNature":"全职","industryField":"移动互联网","companyShortName":"疯狂老师","financeStage":"成熟型(C轮)","companySize":"150-500人","companyLabelList":["五险一金","股票期权","年终分红","绩效奖金"],"district":"朝阳区","businessZones":["大屯","奥运村","亚运村"],"imState":"today","lastLogin":1472529997000,"publisherId":4526968,"explain":null,"plus":null,"pcShow":0,"appShow":0,"deliver":0,"gradeDescription":null,"companyFullName":"上海享学网络科技有限公司","adWord":0},{"companyId":1994,"formatCreateTime":"2016-07-07","score":0,"positionId":2023415,"positionName":"Android","createTime":"2016-07-07 17:50:45","positionAdvantage":"带薪年假，五险一金，年底双薪","salary":"12k-20k","approve":1,"workYear":"3-5年","education":"大专","city":"北京","companyLogo":"image1/M00/33/DE/Cgo8PFWU9fqAdBOmAAANW2uA2R4743.jpg","jobNature":"全职","industryField":"电子商务,O2O","companyShortName":"指点无限","financeStage":"成熟型(C轮)","companySize":"150-500人","companyLabelList":["节日礼物","免费班车","岗位晋升","十四薪"],"district":"朝阳区","businessZones":["四惠","十里堡","百子湾"],"imState":"disabled","lastLogin":1471590466000,"publisherId":2021366,"explain":null,"plus":null,"pcShow":0,"appShow":0,"deliver":0,"gradeDescription":null,"companyFullName":"指点无限（北京）科技有限公司","adWord":0},{"companyId":95414,"formatCreateTime":"2016-07-07","score":0,"positionId":1581758,"positionName":"Android研发工程师","createTime":"2016-07-07 12:50:38","positionAdvantage":"弹性工作、季度绩效、年度旅游、美女众多","salary":"10k-15k","approve":1,"workYear":"1-3年","education":"本科","city":"北京","companyLogo":"i/image/M00/4B/43/CgqKkVee3RqAfGZ9AAATcZfALho342.jpg","jobNature":"全职","industryField":"移动互联网,企业服务","companyShortName":"明德创智","financeStage":"初创型(未融资)","companySize":"少于15人","companyLabelList":["年底双薪","股票期权","带薪年假","绩效奖金"],"district":"房山区","businessZones":["良乡"],"imState":"disabled","lastLogin":1471486184000,"publisherId":2088109,"explain":null,"plus":null,"pcShow":0,"appShow":0,"deliver":0,"gradeDescription":null,"companyFullName":"北京明德创智科技有限公司","adWord":0},{"companyId":124977,"formatCreateTime":"2016-07-07","score":0,"positionId":2064183,"positionName":"Android","createTime":"2016-07-07 11:26:55","positionAdvantage":"环境优雅，弹性时间，带薪年假，公费旅游","salary":"10k-20k","approve":0,"workYear":"3-5年","education":"本科","city":"北京","companyLogo":"i/image/M00/2A/18/Cgp3O1cxZGSAPLiJAAAjvPPaUqs753.jpg","jobNature":"全职","industryField":"移动互联网,文化娱乐","companyShortName":"大脸科技","financeStage":"初创型(天使轮)","companySize":"50-150人","companyLabelList":["股票期权","年底双薪","节日礼物","五险一金"],"district":null,"businessZones":null,"imState":"threeDays","lastLogin":1472444733000,"publisherId":5232721,"explain":null,"plus":null,"pcShow":0,"appShow":0,"deliver":0,"gradeDescription":null,"companyFullName":"上海嘉皓信息科技有限公司","adWord":0},{"companyId":15417,"formatCreateTime":"2016-07-07","score":0,"positionId":1187593,"positionName":"Android","createTime":"2016-07-07 10:59:00","positionAdvantage":"五险一金 交通便利 生日福利","salary":"8k-15k","approve":0,"workYear":"1-3年","education":"大专","city":"北京","companyLogo":"image1/M00/00/1D/Cgo8PFTUWGOAP30HAACWBFdVM8Q628.jpg","jobNature":"全职","industryField":"金融","companyShortName":"矩阵东方","financeStage":"初创型(天使轮)","companySize":"15-50人","companyLabelList":["绩效奖金","五险一金","带薪年假","节日礼物"],"district":"朝阳区","businessZones":["建外大街","CBD","国贸"],"imState":"overSevenDays","lastLogin":1467963372000,"publisherId":180355,"explain":null,"plus":null,"pcShow":0,"appShow":0,"deliver":0,"gradeDescription":null,"companyFullName":"矩阵东方（北京）科技有限公司","adWord":0},{"companyId":47129,"formatCreateTime":"2016-07-07","score":0,"positionId":1518344,"positionName":"Android","createTime":"2016-07-07 10:27:06","positionAdvantage":"领导nice 精英战队 弹性工作 福利齐全","salary":"18k-35k","approve":0,"workYear":"1-3年","education":"不限","city":"北京","companyLogo":"image1/M00/00/79/Cgo8PFTUXbeAPVdfAAA3w06ll-E524.png","jobNature":"全职","industryField":"移动互联网","companyShortName":"费米子","financeStage":"成长型(B轮)","companySize":"50-150人","companyLabelList":["年底双薪","股票期权","带薪年假","绩效奖金"],"district":"海淀区","businessZones":["中关村","魏公村","皂君庙"],"imState":"disabled","lastLogin":1468920675000,"publisherId":2906087,"explain":null,"plus":null,"pcShow":0,"appShow":0,"deliver":0,"gradeDescription":null,"companyFullName":"北京费米子信息技术有限公司","adWord":0},{"companyId":11509,"formatCreateTime":"2016-07-07","score":0,"positionId":2013719,"positionName":"Android","createTime":"2016-07-07 09:58:02","positionAdvantage":"五险一金 双休 年假 补充医疗","salary":"12k-16k","approve":0,"workYear":"3-5年","education":"本科","city":"北京","companyLogo":"i/image/M00/02/1B/CgqKkVaCQ8mABuQJAAAJ_XUF-Ks897.png","jobNature":"全职","industryField":"移动互联网","companyShortName":"纬创软件","financeStage":"上市公司","companySize":"2000人以上","companyLabelList":["节日礼物","年底双薪","带薪年假","年度旅游"],"district":"朝阳区","businessZones":["亮马桥","三元桥","左家庄"],"imState":"disabled","lastLogin":1472528041000,"publisherId":3651610,"explain":null,"plus":null,"pcShow":0,"appShow":0,"deliver":0,"gradeDescription":null,"companyFullName":"纬创软件（北京）有限公司","adWord":0},{"companyId":57796,"formatCreateTime":"2016-07-06","score":0,"positionId":1908529,"positionName":"Android","createTime":"2016-07-06 17:11:42","positionAdvantage":"社会五险","salary":"5k-10k","approve":1,"workYear":"1-3年","education":"大专","city":"北京","companyLogo":"image1/M00/41/B3/CgYXBlXJbB6AZJFzAAA0Mq1uyf8742.jpg","jobNature":"全职","industryField":"广告营销","companyShortName":"维圣传媒","financeStage":"初创型(未融资)","companySize":"15-50人","companyLabelList":["带薪年假","绩效奖金","通讯津贴","交通补助"],"district":"朝阳区","businessZones":["豆各庄"],"imState":"overSevenDays","lastLogin":1469518830000,"publisherId":1459512,"explain":null,"plus":null,"pcShow":0,"appShow":0,"deliver":0,"gradeDescription":null,"companyFullName":"北京维圣文化传媒有限责任公司","adWord":0},{"companyId":133,"formatCreateTime":"2016-07-06","score":0,"positionId":1065682,"positionName":"高级Android开发工程师（北京）","createTime":"2016-07-06 16:05:00","positionAdvantage":"15天年假，免费健身房，牛逼团队！","salary":"16k-32k","approve":1,"workYear":"3-5年","education":"不限","city":"北京","companyLogo":"image1/M00/39/70/CgYXBlWo3nqABJTsAADJ3hn5gmE062.jpg","jobNature":"全职","industryField":"移动互联网,信息安全","companyShortName":"猎豹移动","financeStage":"上市公司","companySize":"500-2000人","companyLabelList":["带薪年假","美女前台","超赞年终奖","一公里工作圈"],"district":"朝阳区","businessZones":["朝外","京广桥","呼家楼"],"imState":"overSevenDays","lastLogin":1470037675000,"publisherId":2160639,"explain":null,"plus":null,"pcShow":0,"appShow":0,"deliver":0,"gradeDescription":null,"companyFullName":"北京金山网络科技有限公司","adWord":0},{"companyId":1650,"formatCreateTime":"2016-07-06","score":0,"positionId":1337536,"positionName":"Android开发实习生","createTime":"2016-07-06 15:29:27","positionAdvantage":"联想研究院，移动互联创新","salary":"3k-4k","approve":1,"workYear":"应届毕业生","education":"硕士","city":"北京","companyLogo":"i/image/M00/01/59/Cgp3O1Zn9kCAAW4jAABX8W4A-fw360.jpg","jobNature":"实习","industryField":"移动互联网,数据服务","companyShortName":"联想集团","financeStage":"上市公司","companySize":"2000人以上","companyLabelList":["技能培训","待遇优厚","晋升空间","五险一金"],"district":"海淀区","businessZones":["上地","西二旗","马连洼"],"imState":"disabled","lastLogin":1472552056000,"publisherId":3079995,"explain":null,"plus":null,"pcShow":0,"appShow":0,"deliver":0,"gradeDescription":null,"companyFullName":"联想（北京）有限公司","adWord":0}]}},"code":0}