{"success":true,"requestId":null,"msg":null,"resubmitToken":null,"content":{"pageNo":22,"pageSize":15,"positionResult":{"totalCount":8899,"resultSize":15,"locationInfo":{"queryByGisCode":false,"businessZone":null,"locationCode":null,"city":"北京","district":null},"queryAnalysisInfo":{"industryName":null,"usefulCompany":false,"positionName":"android","companyName":null},"strategyProperty":{"name":"dm-csearch-newSimScorer","id":1},"result":[{"companyId":67891,"positionName":"Android工程师","workYear":"3-5年","education":"本科","jobNature":"全职","financeStage":"成长型(A轮)","companyLogo":"image1/M00/24/1D/Cgo8PFVK7ZOAV-XqAAB01ow0B70745.jpg","industryField":"金融","companyShortName":"创投圈","city":"北京","salary":"18k-30k","positionId":2130915,"positionAdvantage":"弹性时间,午餐福利,年终双薪","district":"海淀区","createTime":"2016-08-29 10:09:06","companyLabelList":["技能培训","节日礼物","股票期权","绩效奖金"],"approve":0,"companySize":"15-50人","score":0,"companyFullName":"创投圈","adWord":0,"formatCreateTime":"1天前发布","publisherId":5299643,"explain":null,"plus":null,"pcShow":0,"appShow":0,"deliver":0,"gradeDescription":null,"businessZones":["苏州街","北京大学","颐和园"],"imState":"today","lastLogin":1472552522000},{"companyId":70076,"positionName":"Android工程师","workYear":"1-3年","education":"不限","jobNature":"全职","financeStage":"成长型(A轮)","companyLogo":"image1/M00/26/8D/Cgo8PFVVv-CAWDaTAADOif8Y0os502.jpg","industryField":"移动互联网,电子商务","companyShortName":"味觉大师","city":"北京","salary":"11k-15k","positionId":2104919,"positionAdvantage":"五险一金 定期体检 岗位晋升 团队聚餐","district":"朝阳区","createTime":"2016-08-29 10:03:59","companyLabelList":["专项奖金","岗位晋升","管理规范","领导好"],"approve":1,"companySize":"15-50人","score":0,"companyFullName":"丽正（北京）网络科技有限公司","adWord":0,"formatCreateTime":"1天前发布","publisherId":5658836,"explain":null,"plus":null,"pcShow":0,"appShow":0,"deliver":0,"gradeDescription":null,"businessZones":["十里堡","八里庄","四惠"],"imState":"today","lastLogin":1472549004000},{"companyId":3954,"positionName":"Android高级开发工程师","workYear":"3-5年","education":"本科","jobNature":"全职","financeStage":"成熟型(C轮)","companyLogo":"image1/M00/00/0A/Cgo8PFTUWBWAX1ArAAANIkxTsRU046.png","industryField":"移动互联网,医疗健康","companyShortName":"杏树林","city":"北京","salary":"15k-30k","positionId":242497,"positionAdvantage":"移动医疗、高素质团队、五险一金、免费午餐","district":"东城区","createTime":"2016-08-29 10:03:30","companyLabelList":["A类人才","股票期权","带薪年假","年度旅游"],"approve":1,"companySize":"150-500人","score":0,"companyFullName":"杏树林信息技术（北京）有限公司","adWord":0,"formatCreateTime":"1天前发布","publisherId":38272,"explain":null,"plus":null,"pcShow":0,"appShow":0,"deliver":0,"gradeDescription":null,"businessZones":["广渠门","花市","光明楼"],"imState":"today","lastLogin":1472552438000},{"companyId":55391,"positionName":"高级Android工程师","workYear":"3-5年","education":"本科","jobNature":"全职","financeStage":"成长型(A轮)","companyLogo":"i/image/M00/30/74/CgqKkVdGkaeAUNgKAAAktR1bF0Y582.jpg","industryField":"移动互联网","companyShortName":"野狗","city":"北京","salary":"15k-30k","positionId":748483,"positionAdvantage":"五险一金、弹性工时、免费咖啡饮料","district":"朝阳区","createTime":"2016-08-29 09:59:57","companyLabelList":["技能培训","股票期权","扁平管理","领导好"],"approve":1,"companySize":"15-50人","score":0,"companyFullName":"野狗科技（北京）有限公司","adWord":0,"formatCreateTime":"1天前发布","publisherId":1708318,"explain":null,"plus":null,"pcShow":0,"appShow":0,"deliver":0,"gradeDescription":null,"businessZones":["来广营","望京"],"imState":"today","lastLogin":1472524749000},{"companyId":7368,"positionName":"Android 中级","workYear":"1-3年","education":"本科","jobNature":"全职","financeStage":"初创型(未融资)","companyLogo":"i/image/M00/0C/BF/CgqKkVbX4j6ACp_5AABDat0t95k660.jpg","industryField":"移动互联网,教育","companyShortName":"中教美育","city":"北京","salary":"10k-20k","positionId":1545888,"positionAdvantage":"开放式工作环境；弹性工作；福利待遇好","district":"海淀区","createTime":"2016-08-29 09:58:19","companyLabelList":["专项奖金","年终分红","年度旅游","弹性工作"],"approve":1,"companySize":"50-150人","score":0,"companyFullName":"北京中教美育科技有限公司","adWord":0,"formatCreateTime":"1天前发布","publisherId":4339225,"explain":null,"plus":null,"pcShow":0,"appShow":0,"deliver":0,"gradeDescription":null,"businessZones":["香山"],"imState":"threeDays","lastLogin":1472452205000},{"companyId":131394,"positionName":"Android","workYear":"3-5年","education":"本科","jobNature":"全职","financeStage":"初创型(不需要融资)","companyLogo":"i/image/M00/30/04/CgqKkVdFOgqAD6kvAAAMjCnk3K8760.jpg","industryField":"游戏,移动互联网","companyShortName":"乐视游戏","city":"北京","salary":"10k-18k","positionId":2265126,"positionAdvantage":"技术牛人团队 技术交流分享会","district":"朝阳区","createTime":"2016-08-29 09:53:15","companyLabelList":["年底双薪","带薪年假","绩效奖金","专项奖金"],"approve":0,"companySize":"15-50人","score":0,"companyFullName":"乐视游戏科技（北京）有限公司","adWord":0,"formatCreateTime":"1天前发布","publisherId":1569113,"explain":null,"plus":null,"pcShow":0,"appShow":0,"deliver":0,"gradeDescription":null,"businessZones":["石佛营","姚家园","十里堡"],"imState":"disabled","lastLogin":1472435509000},{"companyId":7001,"positionName":"高级 Android 应用开发工程师","workYear":"5-10年","education":"本科","jobNature":"全职","financeStage":"成长型(A轮)","companyLogo":"i/image/M00/31/F0/Cgp3O1dM9j-AFqkXAAA4fknnR5k098.jpg","industryField":"移动互联网","companyShortName":"指掌易","city":"北京","salary":"15k-30k","positionId":2130496,"positionAdvantage":"弹性工作、五险一金、补充医疗、股票期权","district":"朝阳区","createTime":"2016-08-29 09:44:21","companyLabelList":["绩效奖金","股票期权","专项奖金","定期体检"],"approve":1,"companySize":"50-150人","score":0,"companyFullName":"北京指掌易科技有限公司","adWord":0,"formatCreateTime":"1天前发布","publisherId":77408,"explain":null,"plus":null,"pcShow":0,"appShow":0,"deliver":0,"gradeDescription":null,"businessZones":["亚运村","奥运村","大屯"],"imState":"today","lastLogin":1472544128000},{"companyId":63211,"positionName":"Android开发工程师","workYear":"5-10年","education":"本科","jobNature":"全职","financeStage":"成长型(不需要融资)","companyLogo":"images/logo_default.png","industryField":"金融","companyShortName":"赛维智库","city":"北京","salary":"20k-25k","positionId":577768,"positionAdvantage":"五险一金，晚餐补助，发展快","district":"朝阳区","createTime":"2016-08-29 09:38:10","companyLabelList":["技能培训","绩效奖金","岗位晋升","扁平管理"],"approve":0,"companySize":"50-150人","score":0,"companyFullName":"赛维智库财务顾问（北京）有限公司","adWord":0,"formatCreateTime":"1天前发布","publisherId":1579295,"explain":null,"plus":null,"pcShow":0,"appShow":0,"deliver":0,"gradeDescription":null,"businessZones":["石佛营","姚家园","十里堡"],"imState":"disabled","lastLogin":1472540968000},{"companyId":73485,"positionName":"Android开发工程师","workYear":"1-3年","education":"大专","jobNature":"全职","financeStage":"初创型(不需要融资)","companyLogo":"image1/M00/3B/E5/Cgo8PFWyAJSAJVbTAADgf58oMsk896.jpg","industryField":"电子商务,金融","companyShortName":"途走家","city":"北京","salary":"6k-10k","positionId":985465,"positionAdvantage":"晋升空间大 周末双休 五险一金","district":"朝阳区","createTime":"2016-08-29 09:28:05","companyLabelList":["技能培训","绩效奖金","岗位晋升","年度旅游"],"approve":0,"companySize":"15-50人","score":0,"companyFullName":"途走家（北京）网络科技有限公司","adWord":0,"formatCreateTime":"1天前发布","publisherId":1745391,"explain":null,"plus":null,"pcShow":0,"appShow":0,"deliver":0,"gradeDescription":null,"businessZones":["建外大街","国贸","CBD"],"imState":"disabled","lastLogin":1472551246000},{"companyId":122355,"positionName":"高级Android（视频直播）","workYear":"5-10年","education":"本科","jobNature":"全职","financeStage":"成长型(不需要融资)","companyLogo":"i/image/M00/1A/FF/CgqKkVb7fleAUZUqAAArNrtvr-o795.png","industryField":"电子商务,移动互联网","companyShortName":"嘉琪科技","city":"北京","salary":"15k-25k","positionId":2297171,"positionAdvantage":"公司高大上福利好待遇高","district":null,"createTime":"2016-08-29 09:27:48","companyLabelList":null,"approve":0,"companySize":"50-150人","score":0,"companyFullName":"嘉琪科技（北京）有限公司","adWord":0,"formatCreateTime":"1天前发布","publisherId":4683622,"explain":null,"plus":null,"pcShow":0,"appShow":0,"deliver":0,"gradeDescription":null,"businessZones":null,"imState":"disabled","lastLogin":1472551528000},{"companyId":111933,"positionName":"Android","workYear":"1-3年","education":"本科","jobNature":"全职","financeStage":"成长型(不需要融资)","companyLogo":"i/image/M00/02/5A/Cgp3O1aMvx-AAuNmAAAgfEGFwrg625.jpg","industryField":"移动互联网,电子商务","companyShortName":"高富材料","city":"北京","salary":"15k-30k","positionId":1956085,"positionAdvantage":"股权激励，具有竞争力的福利待遇","district":"大兴区","createTime":"2016-08-29 09:27:02","companyLabelList":null,"approve":0,"companySize":"150-500人","score":0,"companyFullName":"高富氮化硅材料有限公司","adWord":0,"formatCreateTime":"1天前发布","publisherId":3686109,"explain":null,"plus":null,"pcShow":0,"appShow":0,"deliver":0,"gradeDescription":null,"businessZones":["马驹桥"],"imState":"overSevenDays","lastLogin":1471481453000},{"companyId":114110,"positionName":"Android中高级工程师（乐视电视）","workYear":"3-5年","education":"硕士","jobNature":"全职","financeStage":"上市公司","companyLogo":"i/image/M00/04/2B/Cgp3O1bGwzWAEAB4AAAbnMQCudk783.jpg","industryField":"移动互联网","companyShortName":"乐视","city":"北京","salary":"15k-25k","positionId":1851362,"positionAdvantage":"五险一金，全员持股，带薪年假，16个月薪水","district":"朝阳区","createTime":"2016-08-29 09:12:51","companyLabelList":["股票期权","交通补助","通讯津贴","带薪年假"],"approve":1,"companySize":"2000人以上","score":0,"companyFullName":"乐视网信息技术（北京）股份有限公司","adWord":0,"formatCreateTime":"1天前发布","publisherId":3959,"explain":null,"plus":null,"pcShow":0,"appShow":0,"deliver":0,"gradeDescription":null,"businessZones":["石佛营","姚家园","十里堡"],"imState":"disabled","lastLogin":1472438833000},{"companyId":22490,"positionName":"Android","workYear":"3-5年","education":"本科","jobNature":"全职","financeStage":"成熟型(D轮及以上)","companyLogo":"image1/M00/00/2B/Cgo8PFTUXG6AEcS9AAA6BlS58zc270.jpg","industryField":"移动互联网","companyShortName":"华图网校","city":"北京","salary":"25k-35k","positionId":2262333,"positionAdvantage":"美女如云 在线教育 快速晋升 地铁周边","district":"海淀区","createTime":"2016-08-29 09:07:05","companyLabelList":["绩效奖金","五险一金","通讯津贴","带薪年假"],"approve":0,"companySize":"150-500人","score":0,"companyFullName":"北京华图宏阳网络科技有限公司","adWord":0,"formatCreateTime":"1天前发布","publisherId":3953645,"explain":null,"plus":null,"pcShow":0,"appShow":0,"deliver":0,"gradeDescription":null,"businessZones":["中关村","人民大学","当代"],"imState":"today","lastLogin":1472576721000},{"companyId":84656,"positionName":"Android高级开发工程师","workYear":"3-5年","education":"本科","jobNature":"全职","financeStage":"成长型(A轮)","companyLogo":"i/image/M00/2D/85/CgqKkVc8I--Ab6w5AAANGqggxQI883.jpg","industryField":"移动互联网,O2O","companyShortName":"皇包车","city":"北京","salary":"25k-30k","positionId":1839298,"positionAdvantage":"五险一金 团队技术实力强 福利待遇优厚","district":"朝阳区","createTime":"2016-08-29 09:05:58","companyLabelList":["带薪年假","绩效奖金","岗位晋升","年度旅游"],"approve":1,"companySize":"150-500人","score":0,"companyFullName":"北京纯粹旅行有限公司","adWord":0,"formatCreateTime":"1天前发布","publisherId":2528190,"explain":null,"plus":null,"pcShow":0,"appShow":0,"deliver":0,"gradeDescription":null,"businessZones":["大望路","百子湾","四惠"],"imState":"today","lastLogin":1472548453000},{"companyId":5026,"positionName":"Android开发工程师/架构师","workYear":"5-10年","education":"本科","jobNature":"全职","financeStage":"成熟型(D轮及以上)","companyLogo":"image1/M00/0F/32/CgYXBlT8_rWAFbTEAAByn5Iy17c699.png","industryField":"移动互联网,游戏","companyShortName":"唱吧-最时尚的手机KTV","city":"北京","salary":"30k-40k","positionId":815771,"positionAdvantage":"弹性时间 技术氛围 年终奖金","district":"朝阳区","createTime":"2016-08-28 23:51:06","companyLabelList":["节日礼物","股票期权","带薪年假","员工海外游"],"approve":1,"companySize":"150-500人","score":0,"companyFullName":"北京最淘科技有限公司","adWord":0,"formatCreateTime":"2天前发布","publisherId":49542,"explain":null,"plus":null,"pcShow":0,"appShow":0,"deliver":0,"gradeDescription":null,"businessZones":["太阳宫","西坝河","国展"],"imState":"today","lastLogin":1472555410000}]}},"code":0}