{"success":true,"requestId":null,"msg":null,"resubmitToken":null,"content":{"pageNo":92,"pageSize":15,"positionResult":{"totalCount":8899,"resultSize":15,"locationInfo":{"city":"北京","district":null,"queryByGisCode":false,"businessZone":null,"locationCode":null},"queryAnalysisInfo":{"positionName":"android","companyName":null,"usefulCompany":false,"industryName":null},"strategyProperty":{"name":"dm-csearch-newSimScorer","id":1},"result":[{"companyId":62514,"companyShortName":"盛孚达人","createTime":"2016-07-06 11:22:13","positionId":1937919,"positionAdvantage":"零食福利 弹性工作制 创业团队 优质平台","salary":"10k-20k","score":0,"workYear":"3-5年","education":"本科","city":"北京","positionName":"Android","companyLogo":"i/image/M00/00/CE/CgqKkVZWdWSAYX_SAAEggRNIF1c760.jpg","financeStage":"初创型(天使轮)","industryField":"移动互联网","jobNature":"全职","approve":1,"companySize":"少于15人","district":"海淀区","companyLabelList":["带薪年假","绩效奖金","扁平管理","午餐补助"],"adWord":0,"appShow":0,"deliver":0,"formatCreateTime":"2016-07-06","gradeDescription":null,"companyFullName":"北京盛孚达人科技有限公司","businessZones":["颐和园","苏州街","万泉河"],"imState":"disabled","lastLogin":1469174812000,"publisherId":433048,"explain":null,"plus":null,"pcShow":0},{"companyId":90996,"companyShortName":"有道理","createTime":"2016-07-06 10:57:00","positionId":1894510,"positionAdvantage":"工作环境舒适 发展空间大 福利嗨到爆","salary":"20k-30k","score":0,"workYear":"3-5年","education":"不限","city":"北京","positionName":"Android开发工程师","companyLogo":"image1/M00/44/5C/Cgo8PFXVWbeAZC7XAABn-fqssL8694.jpg?cc=0.9902268927544355","financeStage":"初创型(不需要融资)","industryField":"移动互联网,O2O","jobNature":"全职","approve":0,"companySize":"15-50人","district":null,"companyLabelList":["专项奖金","股票期权","绩效奖金","领导好"],"adWord":0,"appShow":0,"deliver":0,"formatCreateTime":"2016-07-06","gradeDescription":null,"companyFullName":"北京有道理科技传媒有限公司","businessZones":null,"imState":"overSevenDays","lastLogin":1470035245000,"publisherId":5218206,"explain":null,"plus":null,"pcShow":0},{"companyId":110962,"companyShortName":"多杰财富","createTime":"2016-07-05 21:10:26","positionId":2055680,"positionAdvantage":"薪资待遇高，六险一金，加班少。","salary":"15k-30k","score":0,"workYear":"3-5年","education":"本科","city":"北京","positionName":"Android","companyLogo":"i/image/M00/01/E4/CgqKkVZ6Vr2Aesc3AAAGO04xN0I876.jpg","financeStage":"上市公司","industryField":"金融","jobNature":"全职","approve":0,"companySize":"50-150人","district":"朝阳区","companyLabelList":null,"adWord":0,"appShow":0,"deliver":0,"formatCreateTime":"2016-07-05","gradeDescription":null,"companyFullName":"多杰财富投资管理（北京）有限公司","businessZones":["望京","大山子","花家地"],"imState":"disabled","lastLogin":1472190500000,"publisherId":5510734,"explain":null,"plus":null,"pcShow":0},{"companyId":122963,"companyShortName":"奇树有鱼","createTime":"2016-07-05 20:42:28","positionId":1666648,"positionAdvantage":"有钱任性+有颜任性+有实力任性","salary":"15k-25k","score":0,"workYear":"3-5年","education":"本科","city":"北京","positionName":"Android","companyLogo":"i/image/M00/1B/FA/CgqKkVb-WeSAKU4wAAAQYfwSBBc734.jpg","financeStage":"成长型(A轮)","industryField":"文化娱乐","jobNature":"全职","approve":0,"companySize":"15-50人","district":"朝阳区","companyLabelList":null,"adWord":0,"appShow":0,"deliver":0,"formatCreateTime":"2016-07-05","gradeDescription":null,"companyFullName":"北京奇树有鱼文化传媒有限公司","businessZones":["定福庄","管庄"],"imState":"disabled","lastLogin":1469519094000,"publisherId":4708332,"explain":null,"plus":null,"pcShow":0},{"companyId":94249,"companyShortName":"纳恩博","createTime":"2016-07-05 19:58:51","positionId":1817312,"positionAdvantage":"五险一金、车补、饭补、话补、全勤奖","salary":"15k-20k","score":0,"workYear":"3-5年","education":"本科","city":"北京","positionName":"移动端开发工程师（Android）","companyLogo":"image2/M00/03/19/CgqLKVXtMjaAE0L3AACKUEd-GyM658.jpg?cc=0.6594478548504412","financeStage":"成长型(B轮)","industryField":"硬件,其他","jobNature":"全职","approve":1,"companySize":"500-2000人","district":"海淀区","companyLabelList":["节日礼物","带薪年假","定期体检","通讯津贴"],"adWord":0,"appShow":0,"deliver":0,"formatCreateTime":"2016-07-05","gradeDescription":null,"companyFullName":"纳恩博（北京）科技有限公司","businessZones":["西三旗","清河","小营"],"imState":"today","lastLogin":1472529116000,"publisherId":2915389,"explain":null,"plus":null,"pcShow":0},{"companyId":4836,"companyShortName":"京东商城","createTime":"2016-07-05 18:14:56","positionId":2055089,"positionAdvantage":"多条线路班车，舒适的办公环境，丰富的餐饮","salary":"15k-25k","score":0,"workYear":"不限","education":"本科","city":"北京","positionName":"Android高级开发工程师","companyLogo":"image2/M00/07/C8/CgpzWlYAsfGATpk7AAAJkGWG2kk774.png?cc=0.19381895544938743","financeStage":"上市公司","industryField":"电子商务","jobNature":"全职","approve":1,"companySize":"2000人以上","district":"大兴区","companyLabelList":["技能培训","年底双薪","节日礼物","绩效奖金"],"adWord":0,"appShow":0,"deliver":0,"formatCreateTime":"2016-07-05","gradeDescription":null,"companyFullName":"北京京东尚科信息技术有限公司","businessZones":null,"imState":"disabled","lastLogin":1468229351000,"publisherId":5560384,"explain":null,"plus":null,"pcShow":0},{"companyId":106922,"companyShortName":"巴巴阿里","createTime":"2016-07-05 17:06:28","positionId":2054220,"positionAdvantage":"五险一金，房补，公司旅游","salary":"6k-10k","score":0,"workYear":"1-3年","education":"大专","city":"北京","positionName":"Android","companyLogo":"image2/M00/17/66/CgqLKVZK3KeAPnXvAAAL1pYxSLc784.jpg?cc=0.17393734492361546","financeStage":"成长型(不需要融资)","industryField":"移动互联网","jobNature":"全职","approve":0,"companySize":"50-150人","district":"朝阳区","companyLabelList":["积分福利","领导好","美女多","帅哥多"],"adWord":0,"appShow":0,"deliver":0,"formatCreateTime":"2016-07-05","gradeDescription":null,"companyFullName":"北京巴巴阿里科技股份有限公司","businessZones":["团结湖","三里屯","工体"],"imState":"overSevenDays","lastLogin":1467709224000,"publisherId":2911807,"explain":null,"plus":null,"pcShow":0},{"companyId":84653,"companyShortName":"东方视界","createTime":"2016-07-05 15:00:13","positionId":1851792,"positionAdvantage":"年底双薪 绩效奖金 五险一金 通用补贴","salary":"10k-20k","score":0,"workYear":"5-10年","education":"本科","city":"北京","positionName":"Android开发经理","companyLogo":"image2/M00/0C/8C/CgqLKVYcpDaAbumZAAB0c56WWws594.png","financeStage":"成长型(A轮)","industryField":"移动互联网","jobNature":"全职","approve":1,"companySize":"50-150人","district":"海淀区","companyLabelList":["节日礼物","年底双薪","带薪年假","绩效奖金"],"adWord":0,"appShow":0,"deliver":0,"formatCreateTime":"2016-07-05","gradeDescription":null,"companyFullName":"东方视界科技(北京)有限公司","businessZones":["中关村","知春路","双榆树"],"imState":"today","lastLogin":1472539220000,"publisherId":2167008,"explain":null,"plus":null,"pcShow":0},{"companyId":100001,"companyShortName":"阿里移动事业群","createTime":"2016-07-05 11:23:58","positionId":1409606,"positionAdvantage":"阿里福利你懂的","salary":"15k-30k","score":0,"workYear":"3-5年","education":"本科","city":"北京","positionName":"Android","companyLogo":"image2/M00/0C/22/CgpzWlYbZFqAVL0lAAAwSDIz3Vo993.png?cc=0.8666771126445383","financeStage":"上市公司","industryField":"移动互联网,生活服务","jobNature":"全职","approve":0,"companySize":"2000人以上","district":"朝阳区","companyLabelList":["年底双薪","弹性工作","午餐补助","定期体检"],"adWord":0,"appShow":0,"deliver":0,"formatCreateTime":"2016-07-05","gradeDescription":null,"companyFullName":"阿里移动事业群","businessZones":["姚家园"],"imState":"disabled","lastLogin":1471331277000,"publisherId":806428,"explain":null,"plus":null,"pcShow":0},{"companyId":25854,"companyShortName":"河狸家","createTime":"2016-07-05 11:23:01","positionId":2051341,"positionAdvantage":"阿里 京东 技术大拿 成长机会","salary":"20k-30k","score":0,"workYear":"3-5年","education":"本科","city":"北京","positionName":"资深Android工程师","companyLogo":"i/image/M00/1E/47/CgqKkVcHH7CAaT2IAADLS_P-K8U935.jpg","financeStage":"成熟型(C轮)","industryField":"移动互联网","jobNature":"全职","approve":1,"companySize":"500-2000人","district":"朝阳区","companyLabelList":["高配福利","干货沙龙","弹性时间","BAT￥"],"adWord":0,"appShow":0,"deliver":0,"formatCreateTime":"2016-07-05","gradeDescription":null,"companyFullName":"北京河狸家信息技术有限公司","businessZones":["国展","左家庄","三元桥"],"imState":"disabled","lastLogin":1468203970000,"publisherId":64946,"explain":null,"plus":null,"pcShow":0},{"companyId":111824,"companyShortName":"锋尚科技","createTime":"2016-07-05 10:44:12","positionId":1400455,"positionAdvantage":"发展前景、企业文化","salary":"15k-30k","score":0,"workYear":"3-5年","education":"本科","city":"北京","positionName":"Android高级工程师","companyLogo":"i/image/M00/02/66/CgqKkVaOGQGAW6AzAAARiZkTDLY723.jpg","financeStage":"初创型(未融资)","industryField":"移动互联网,O2O","jobNature":"全职","approve":0,"companySize":"150-500人","district":"朝阳区","companyLabelList":null,"adWord":0,"appShow":0,"deliver":0,"formatCreateTime":"2016-07-05","gradeDescription":null,"companyFullName":"锋尚科技（北京）有限公司","businessZones":["建外大街","CBD","国贸"],"imState":"disabled","lastLogin":1467686616000,"publisherId":3682795,"explain":null,"plus":null,"pcShow":0},{"companyId":1537,"companyShortName":"搜狗","createTime":"2016-07-05 09:42:40","positionId":1633247,"positionAdvantage":"技术大牛多，鼓励创新，团队氛围好","salary":"15k-25k","score":0,"workYear":"3-5年","education":"本科","city":"北京","positionName":"搜狗地图-Android开发工程师","companyLogo":"image2/M00/04/33/CgpzWlXw72aAb7sYAAAL-t8ysD4816.jpg","financeStage":"成熟型(C轮)","industryField":"移动互联网,数据服务","jobNature":"全职","approve":1,"companySize":"2000人以上","district":"海淀区","companyLabelList":["五险一金","带薪年假","午餐补助","定期体检"],"adWord":0,"appShow":0,"deliver":0,"formatCreateTime":"2016-07-05","gradeDescription":null,"companyFullName":"北京搜狗科技发展有限公司","businessZones":["五道口","清华大学","中关村"],"imState":"today","lastLogin":1472557518000,"publisherId":73392,"explain":null,"plus":null,"pcShow":0},{"companyId":105991,"companyShortName":"智享科技（超级讲师）","createTime":"2016-07-05 09:36:40","positionId":1976563,"positionAdvantage":"人有前途，事有意思！","salary":"10k-20k","score":0,"workYear":"1-3年","education":"本科","city":"北京","positionName":"安卓高级软件工程师","companyLogo":"i/image/M00/03/1E/Cgp3O1ap6tmAeLx5AABX78Gk8BY922.png","financeStage":"成长型(A轮)","industryField":"移动互联网,教育","jobNature":"全职","approve":1,"companySize":"15-50人","district":null,"companyLabelList":["股票期权","带薪年假","绩效奖金","定期体检"],"adWord":0,"appShow":0,"deliver":0,"formatCreateTime":"2016-07-05","gradeDescription":null,"companyFullName":"北京易智享科技有限公司","businessZones":null,"imState":"overSevenDays","lastLogin":1467682588000,"publisherId":3139847,"explain":null,"plus":null,"pcShow":0},{"companyId":5954,"companyShortName":"磨铁中文网","createTime":"2016-07-04 17:47:51","positionId":2048362,"positionAdvantage":"扁平化管理 年轻团队 贴心福利","salary":"20k-30k","score":0,"workYear":"5-10年","education":"本科","city":"北京","positionName":"Android","companyLogo":"image1/M00/00/0D/Cgo8PFTUWCGAGEbYAACmSv73Pg4026.jpg","financeStage":"初创型(未融资)","industryField":"移动互联网,文化娱乐","jobNature":"全职","approve":0,"companySize":"15-50人","district":"朝阳区","companyLabelList":["年底双薪","五险一金","通讯津贴","交通补助"],"adWord":0,"appShow":0,"deliver":0,"formatCreateTime":"2016-07-04","gradeDescription":null,"companyFullName":"北京磨铁数盟信息技术有限公司","businessZones":["安贞","安华","安定门"],"imState":"threeDays","lastLogin":1472432133000,"publisherId":1545574,"explain":null,"plus":null,"pcShow":0},{"companyId":82955,"companyShortName":"恒宝","createTime":"2016-07-04 15:16:46","positionId":1814762,"positionAdvantage":"扁平管理，薪资优厚，职业发展前景良好","salary":"30k-60k","score":0,"workYear":"5-10年","education":"本科","city":"北京","positionName":"高级Android开发工程师","companyLogo":"image1/M00/3C/F2/Cgo8PFW3CPCAKPvOAABIAVFcYbE306.jpg?cc=0.4258448804474297","financeStage":"上市公司","industryField":"移动互联网","jobNature":"全职","approve":0,"companySize":"500-2000人","district":"西城区","companyLabelList":["带薪年假","绩效奖金","年度旅游","管理规范"],"adWord":0,"appShow":0,"deliver":0,"formatCreateTime":"2016-07-04","gradeDescription":null,"companyFullName":"恒宝股份有限公司","businessZones":["西直门","交通大学"],"imState":"disabled","lastLogin":1470212236000,"publisherId":4044724,"explain":null,"plus":null,"pcShow":0}]}},"code":0}