{"success":true,"requestId":null,"resubmitToken":null,"msg":null,"content":{"pageNo":68,"pageSize":15,"positionResult":{"resultSize":15,"totalCount":8899,"locationInfo":{"businessZone":null,"queryByGisCode":false,"locationCode":null,"city":"北京","district":null},"queryAnalysisInfo":{"industryName":null,"usefulCompany":false,"positionName":"android","companyName":null},"strategyProperty":{"name":"dm-csearch-newSimScorer","id":1},"result":[{"formatCreateTime":"2016-08-15","createTime":"2016-08-15 09:46:30","companyId":2474,"positionName":"Android高级工程师","education":"本科","city":"北京","positionId":625027,"financeStage":"成熟型(D轮及以上)","companyShortName":"滴滴出行","companyLogo":"i/image/M00/00/20/Cgp3O1YtmkSAZjX1AAA78knErXc273.jpg","salary":"20k-30k","industryField":"移动互联网","district":"海淀区","companyLabelList":["弹性工作","节日礼物","岗位晋升","技能培训"],"positionAdvantage":"待遇福利前景好好好 新业务空间大大大","jobNature":"全职","workYear":"3-5年","approve":0,"score":0,"companySize":"500-2000人","businessZones":["龙泽","回龙观"],"imState":"today","lastLogin":1472552883000,"publisherId":1430417,"explain":null,"plus":null,"pcShow":0,"appShow":0,"deliver":0,"gradeDescription":null,"companyFullName":"北京小桔科技有限公司","adWord":0},{"formatCreateTime":"2016-08-13","createTime":"2016-08-13 08:25:27","companyId":142976,"positionName":"Android","education":"大专","city":"北京","positionId":2233788,"financeStage":"初创型(未融资)","companyShortName":"北京医来伸手健康管理有限公司","companyLogo":"i/image/M00/4D/9E/CgqKkVeoIKWASexXAAByYIwomuU453.png","salary":"10k-12k","industryField":"医疗健康","district":"昌平区","companyLabelList":null,"positionAdvantage":"前景好,包吃住,气氛好,管理者股份","jobNature":"全职","workYear":"3-5年","approve":0,"score":0,"companySize":"150-500人","businessZones":["天通苑","东小口","立水桥"],"imState":"sevenDays","lastLogin":1472107341000,"publisherId":2822737,"explain":null,"plus":null,"pcShow":0,"appShow":0,"deliver":0,"gradeDescription":null,"companyFullName":"北京医来伸手健康管理有限公司","adWord":0},{"formatCreateTime":"2016-08-12","createTime":"2016-08-12 18:12:38","companyId":52918,"positionName":"Android高级开发工程师","education":"本科","city":"北京","positionId":2034911,"financeStage":"成长型(不需要融资)","companyShortName":"泰岳智桥","companyLogo":"image1/M00/0A/30/CgYXBlTuhf2ALZUiAABoxjrenr8468.jpg","salary":"10k-20k","industryField":"移动互联网,社交网络","district":"朝阳区","companyLabelList":["通讯津贴","五险一金","弹性工作","股票期权"],"positionAdvantage":"发展空间大，团队好","jobNature":"全职","workYear":"3-5年","approve":1,"score":0,"companySize":"150-500人","businessZones":["北苑","立水桥"],"imState":"overSevenDays","lastLogin":1470997864000,"publisherId":1326426,"explain":null,"plus":null,"pcShow":0,"appShow":0,"deliver":0,"gradeDescription":null,"companyFullName":"北京泰岳智桥信息技术有限公司","adWord":0},{"formatCreateTime":"2016-08-12","createTime":"2016-08-12 18:12:00","companyId":16549,"positionName":"高级Android开发工程师","education":"本科","city":"北京","positionId":1927448,"financeStage":"成长型(B轮)","companyShortName":"空空狐","companyLogo":"i/image/M00/05/7A/CgqKkVbK2-eAFYerAABDGMt3xpQ029.jpg","salary":"18k-30k","industryField":"移动互联网","district":null,"companyLabelList":["带薪年假","年度旅游","五险一金","定期体检"],"positionAdvantage":"12+3薪 弹性工作 管理扁平化","jobNature":"全职","workYear":"3-5年","approve":1,"score":0,"companySize":"50-150人","businessZones":null,"imState":"sevenDays","lastLogin":1472120637000,"publisherId":188907,"explain":null,"plus":null,"pcShow":0,"appShow":0,"deliver":0,"gradeDescription":null,"companyFullName":"北京一丢丢科技有限公司","adWord":0},{"formatCreateTime":"2016-08-12","createTime":"2016-08-12 18:04:28","companyId":75863,"positionName":"Android","education":"本科","city":"北京","positionId":2022382,"financeStage":"成长型(A轮)","companyShortName":"石墨","companyLogo":"image1/M00/2D/4C/Cgo8PFV4PYSABIVjAAARC_mpaqQ052.jpg?cc=0.09259048639796674","salary":"15k-30k","industryField":"移动互联网","district":"东城区","companyLabelList":["股票期权","带薪年假","绩效奖金","年度旅游"],"positionAdvantage":"高速成长、薪资高、时间自由、福利、零食","jobNature":"全职","workYear":"3-5年","approve":1,"score":0,"companySize":"15-50人","businessZones":["左家庄","柳芳","东直门"],"imState":"today","lastLogin":1472526511000,"publisherId":319658,"explain":null,"plus":null,"pcShow":0,"appShow":0,"deliver":0,"gradeDescription":null,"companyFullName":"武汉初心科技有限公司","adWord":0},{"formatCreateTime":"2016-08-12","createTime":"2016-08-12 16:56:36","companyId":39800,"positionName":"中级Android开发工程师","education":"本科","city":"北京","positionId":2232588,"financeStage":"成长型(不需要融资)","companyShortName":"春播","companyLogo":"image2/M00/00/92/CgpzWlXeuWGAYLE9AAAamxsQ8fU958.jpg","salary":"15k-20k","industryField":"电子商务","district":"海淀区","companyLabelList":["技能培训","专项奖金","绩效奖金","岗位晋升"],"positionAdvantage":"晋升空间大、团队氛围好、薪酬福利好","jobNature":"全职","workYear":"1-3年","approve":0,"score":0,"companySize":"150-500人","businessZones":["北京大学","中关村","苏州街"],"imState":"disabled","lastLogin":1472553785000,"publisherId":5886427,"explain":null,"plus":null,"pcShow":0,"appShow":0,"deliver":0,"gradeDescription":null,"companyFullName":"北京春播科技有限公司","adWord":0},{"formatCreateTime":"2016-08-12","createTime":"2016-08-12 16:49:58","companyId":100302,"positionName":"Android","education":"大专","city":"北京","positionId":2232540,"financeStage":"初创型(未融资)","companyShortName":"北京音乐无界","companyLogo":"i/image/M00/0C/B7/CgqKkVbX2z2AYjI2AAAoVS3CtNg581.png","salary":"10k-18k","industryField":"移动互联网","district":"朝阳区","companyLabelList":["带薪年假","扁平管理","美女多","领导好"],"positionAdvantage":"有趣味的工作方式","jobNature":"全职","workYear":"3-5年","approve":1,"score":0,"companySize":"15-50人","businessZones":null,"imState":"sevenDays","lastLogin":1472174187000,"publisherId":2812120,"explain":null,"plus":null,"pcShow":0,"appShow":0,"deliver":0,"gradeDescription":null,"companyFullName":"北京音乐无界文化科技有限公司","adWord":0},{"formatCreateTime":"2016-08-12","createTime":"2016-08-12 16:48:11","companyId":329,"positionName":"Android/iOS开发工程师","education":"本科","city":"北京","positionId":2175750,"financeStage":"上市公司","companyShortName":"网易","companyLogo":"image1/M00/1C/DB/Cgo8PFUnbyyAOmwZAABKPABIzv8461.png","salary":"18k-35k","industryField":"数据服务,文化娱乐","district":"海淀区","companyLabelList":["节日礼物","技能培训","免费班车","带薪年假"],"positionAdvantage":"晋升空间，团队活跃，业务成熟，年薪16月+","jobNature":"全职","workYear":"1-3年","approve":1,"score":0,"companySize":"2000人以上","businessZones":["西北旺","马连洼","上地"],"imState":"threeDays","lastLogin":1472435728000,"publisherId":385317,"explain":null,"plus":null,"pcShow":0,"appShow":0,"deliver":0,"gradeDescription":null,"companyFullName":"网之易信息技术（北京）有限公司","adWord":0},{"formatCreateTime":"2016-08-12","createTime":"2016-08-12 16:34:30","companyId":4828,"positionName":"Android高级开发工程师","education":"本科","city":"北京","positionId":1769279,"financeStage":"上市公司","companyShortName":"当当网","companyLogo":"image1/M00/30/A7/Cgo8PFWJMWqAAbUwAACiJnZtkZA602.png","salary":"20k-40k","industryField":"移动互联网,电子商务","district":"朝阳区","companyLabelList":["年底双薪","节日礼物","技能培训","绩效奖金"],"positionAdvantage":"平台稳健、业务前景好、团队氛围好","jobNature":"全职","workYear":"5-10年","approve":1,"score":0,"companySize":"2000人以上","businessZones":["左家庄","国展","西坝河"],"imState":"today","lastLogin":1472536194000,"publisherId":284405,"explain":null,"plus":null,"pcShow":0,"appShow":0,"deliver":0,"gradeDescription":null,"companyFullName":"北京当当网信息技术有限公司","adWord":0},{"formatCreateTime":"2016-08-12","createTime":"2016-08-12 15:06:14","companyId":28279,"positionName":"Android","education":"本科","city":"北京","positionId":2231633,"financeStage":"成熟型(不需要融资)","companyShortName":"火星时代","companyLogo":"image2/M00/15/6E/CgpzWlZC7cuAAFszAAB16IBQHzU818.JPG","salary":"15k-30k","industryField":"教育","district":"海淀区","companyLabelList":["五险一金","绩效奖金","交通补助","免费班车"],"positionAdvantage":"团队氛围好 发展空间大","jobNature":"全职","workYear":"3-5年","approve":1,"score":0,"companySize":"500-2000人","businessZones":["四季青"],"imState":"disabled","lastLogin":1472528937000,"publisherId":1535012,"explain":null,"plus":null,"pcShow":0,"appShow":0,"deliver":0,"gradeDescription":null,"companyFullName":"北京火星时代科技有限公司","adWord":0},{"formatCreateTime":"2016-08-12","createTime":"2016-08-12 14:50:26","companyId":31889,"positionName":"Android安卓开发工程师","education":"不限","city":"北京","positionId":959204,"financeStage":"初创型(未融资)","companyShortName":"越亮传奇","companyLogo":"image1/M00/00/49/Cgo8PFTUXOqAQdlfAACvqnBZT0E973.jpg","salary":"8k-16k","industryField":"移动互联网","district":"西城区","companyLabelList":["带薪年假","通讯津贴","定期体检","五险一金"],"positionAdvantage":"八险一金，双休不加班，公积金12%，年终奖","jobNature":"全职","workYear":"1-3年","approve":1,"score":0,"companySize":"500-2000人","businessZones":["宣武门","和平门","长椿街"],"imState":"disabled","lastLogin":1472439878000,"publisherId":2240741,"explain":null,"plus":null,"pcShow":0,"appShow":0,"deliver":0,"gradeDescription":null,"companyFullName":"越亮传奇科技股份有限公司","adWord":0},{"formatCreateTime":"2016-08-12","createTime":"2016-08-12 14:13:28","companyId":91,"positionName":"Android高级开发工程师","education":"本科","city":"北京","positionId":2231061,"financeStage":"上市公司","companyShortName":"阿里巴巴移动事业群-高德","companyLogo":"i/image/M00/01/92/CgqKkVZv9oyAebyDAACpLbec-1E022.jpg","salary":"17k-34k","industryField":"移动互联网","district":"朝阳区","companyLabelList":["弹性工作","帅哥多","美女多","五险一金"],"positionAdvantage":"优秀候选人有股票","jobNature":"全职","workYear":"3-5年","approve":1,"score":0,"companySize":"2000人以上","businessZones":["望京","花家地","大山子"],"imState":"disabled","lastLogin":1472023419000,"publisherId":5546787,"explain":null,"plus":null,"pcShow":0,"appShow":0,"deliver":0,"gradeDescription":null,"companyFullName":"高德软件有限公司","adWord":0},{"formatCreateTime":"2016-08-12","createTime":"2016-08-12 11:31:15","companyId":53731,"positionName":"Android","education":"本科","city":"北京","positionId":2230181,"financeStage":"初创型(不需要融资)","companyShortName":"康泰永信","companyLogo":"image1/M00/0B/9A/CgYXBlTzyoiAGNBJAAB2gWmiHDI211.jpg","salary":"10k-15k","industryField":"医疗健康,其他","district":"东城区","companyLabelList":["带薪年假","绩效奖金","岗位晋升","管理规范"],"positionAdvantage":"七险一金+带薪病假+带薪年假+节日礼物","jobNature":"全职","workYear":"3-5年","approve":0,"score":0,"companySize":"15-50人","businessZones":null,"imState":"disabled","lastLogin":1471310111000,"publisherId":5899298,"explain":null,"plus":null,"pcShow":0,"appShow":0,"deliver":0,"gradeDescription":null,"companyFullName":"康泰永信国际贸易（北京）有限公司","adWord":0},{"formatCreateTime":"2016-08-12","createTime":"2016-08-12 11:02:59","companyId":4836,"positionName":"高级Android工程师","education":"本科","city":"北京","positionId":1123549,"financeStage":"上市公司","companyShortName":"京东商城","companyLogo":"image2/M00/07/C8/CgpzWlYAsfGATpk7AAAJkGWG2kk774.png?cc=0.19381895544938743","salary":"22k-35k","industryField":"电子商务","district":"朝阳区","companyLabelList":["技能培训","年底双薪","节日礼物","绩效奖金"],"positionAdvantage":"公司平台好","jobNature":"全职","workYear":"3-5年","approve":1,"score":0,"companySize":"2000人以上","businessZones":["大屯","奥运村","亚运村"],"imState":"disabled","lastLogin":1472017718000,"publisherId":116907,"explain":null,"plus":null,"pcShow":0,"appShow":0,"deliver":0,"gradeDescription":null,"companyFullName":"北京京东尚科信息技术有限公司","adWord":0},{"formatCreateTime":"2016-08-12","createTime":"2016-08-12 10:04:54","companyId":34679,"positionName":"Android高级专家","education":"本科","city":"北京","positionId":2229158,"financeStage":"成长型(B轮)","companyShortName":"精真估","companyLogo":"i/image/M00/00/40/CgqKkVY5ddiAdgP-AABdN2iWJMc174.jpg","salary":"18k-25k","industryField":"移动互联网,广告营销","district":"海淀区","companyLabelList":["豪华创业","带薪年假","岗位晋升","扁平管理"],"positionAdvantage":"架构设计","jobNature":"全职","workYear":"3-5年","approve":1,"score":0,"companySize":"150-500人","businessZones":["苏州街","苏州桥","万泉河"],"imState":"today","lastLogin":1472565917000,"publisherId":4674410,"explain":null,"plus":null,"pcShow":0,"appShow":0,"deliver":0,"gradeDescription":null,"companyFullName":"北京精真估信息技术有限公司","adWord":0}]}},"code":0}