{"success":true,"requestId":null,"msg":null,"resubmitToken":null,"content":{"pageNo":98,"pageSize":15,"positionResult":{"resultSize":15,"totalCount":8899,"locationInfo":{"city":"北京","district":null,"queryByGisCode":false,"locationCode":null,"businessZone":null},"queryAnalysisInfo":{"positionName":"android","companyName":null,"usefulCompany":false,"industryName":null},"strategyProperty":{"name":"dm-csearch-newSimScorer","id":1},"result":[{"createTime":"2016-08-09 12:24:21","formatCreateTime":"2016-08-09","companyId":4158,"positionName":"Android开发","workYear":"1-3年","education":"本科","jobNature":"全职","companyShortName":"美秒科技","city":"北京","salary":"15k-20k","financeStage":"成长型(A轮)","positionId":227579,"companyLogo":"image1/M00/00/0A/CgYXBlTUWBaAX5ybAACq-EA7pSc619.jpg","positionAdvantage":"发展好、氛围棒、福利好、领导棒","approve":1,"district":"海淀区","score":0,"companyLabelList":["交通补助","股票期权","弹性工作","免费晚餐"],"industryField":"移动互联网,电子商务","companySize":"15-50人","imState":"today","lastLogin":1472551672000,"publisherId":71928,"explain":null,"plus":null,"pcShow":0,"appShow":0,"deliver":0,"gradeDescription":null,"businessZones":["西二旗","龙泽","回龙观"],"companyFullName":"北京美秒科技有限公司","adWord":0},{"createTime":"2016-08-08 18:09:38","formatCreateTime":"2016-08-08","companyId":114110,"positionName":"Android资深工程师","workYear":"3-5年","education":"本科","jobNature":"全职","companyShortName":"乐视","city":"北京","salary":"20k-35k","financeStage":"上市公司","positionId":1406971,"companyLogo":"i/image/M00/04/2B/Cgp3O1bGwzWAEAB4AAAbnMQCudk783.jpg","positionAdvantage":"股票期权，全员持股，成长空间大。","approve":1,"district":"朝阳区","score":0,"companyLabelList":["股票期权","交通补助","通讯津贴","带薪年假"],"industryField":"移动互联网","companySize":"2000人以上","imState":"disabled","lastLogin":1472104392000,"publisherId":1854964,"explain":null,"plus":null,"pcShow":0,"appShow":0,"deliver":0,"gradeDescription":null,"businessZones":["朝阳公园","团结湖","甜水园"],"companyFullName":"乐视网信息技术（北京）股份有限公司","adWord":0},{"createTime":"2016-08-08 18:09:36","formatCreateTime":"2016-08-08","companyId":114110,"positionName":"Android 高级开发工程师","workYear":"3-5年","education":"本科","jobNature":"全职","companyShortName":"乐视","city":"北京","salary":"15k-30k","financeStage":"上市公司","positionId":757177,"companyLogo":"i/image/M00/04/2B/Cgp3O1bGwzWAEAB4AAAbnMQCudk783.jpg","positionAdvantage":"挑战机遇，上升空间，有市场竞争力的薪资","approve":1,"district":"朝阳区","score":0,"companyLabelList":["股票期权","交通补助","通讯津贴","带薪年假"],"industryField":"移动互联网","companySize":"2000人以上","imState":"disabled","lastLogin":1472104392000,"publisherId":1854964,"explain":null,"plus":null,"pcShow":0,"appShow":0,"deliver":0,"gradeDescription":null,"businessZones":["朝阳公园","团结湖","甜水园"],"companyFullName":"乐视网信息技术（北京）股份有限公司","adWord":0},{"createTime":"2016-08-08 15:38:19","formatCreateTime":"2016-08-08","companyId":50702,"positionName":"高级测试工程师（Android/iOS应用测试开发）","workYear":"1-3年","education":"本科","jobNature":"全职","companyShortName":"美团点评","city":"北京","salary":"15k-25k","financeStage":"成熟型(D轮及以上)","positionId":2208427,"companyLogo":"i/image/M00/4B/6C/CgqKkVefHv-AFoRzAAAuALF7ZZ0419.png","positionAdvantage":"绩效奖金、带薪年假、快速成长、技术氛围","approve":1,"district":"朝阳区","score":0,"companyLabelList":["技能培训","绩效奖金","岗位晋升","领导好"],"industryField":"移动互联网,O2O","companySize":"2000人以上","imState":"today","lastLogin":1472537248000,"publisherId":5261209,"explain":null,"plus":null,"pcShow":0,"appShow":0,"deliver":0,"gradeDescription":null,"businessZones":["望京","大山子","花家地"],"companyFullName":"北京三快在线科技有限公司","adWord":0},{"createTime":"2016-08-07 12:03:17","formatCreateTime":"2016-08-07","companyId":114110,"positionName":"（资深）Android开发工程师/IOS开发工程师","workYear":"3-5年","education":"本科","jobNature":"全职","companyShortName":"乐视","city":"北京","salary":"15k-25k","financeStage":"上市公司","positionId":1941503,"companyLogo":"i/image/M00/04/2B/Cgp3O1bGwzWAEAB4AAAbnMQCudk783.jpg","positionAdvantage":"六险一金，福利待遇优厚","approve":1,"district":null,"score":0,"companyLabelList":["股票期权","交通补助","通讯津贴","带薪年假"],"industryField":"移动互联网","companySize":"2000人以上","imState":"today","lastLogin":1472522316000,"publisherId":1375495,"explain":null,"plus":null,"pcShow":0,"appShow":0,"deliver":0,"gradeDescription":null,"businessZones":null,"companyFullName":"乐视网信息技术（北京）股份有限公司","adWord":0},{"createTime":"2016-08-05 18:46:44","formatCreateTime":"2016-08-05","companyId":114110,"positionName":"Android CTS/GTS 分析工程师","workYear":"3-5年","education":"本科","jobNature":"全职","companyShortName":"乐视","city":"北京","salary":"13k-25k","financeStage":"上市公司","positionId":2201936,"companyLogo":"i/image/M00/04/2B/Cgp3O1bGwzWAEAB4AAAbnMQCudk783.jpg","positionAdvantage":"团队氛围好","approve":1,"district":"朝阳区","score":0,"companyLabelList":["股票期权","交通补助","通讯津贴","带薪年假"],"industryField":"移动互联网","companySize":"2000人以上","imState":"disabled","lastLogin":1472453698000,"publisherId":3623470,"explain":null,"plus":null,"pcShow":0,"appShow":0,"deliver":0,"gradeDescription":null,"businessZones":["石佛营","姚家园","十里堡"],"companyFullName":"乐视网信息技术（北京）股份有限公司","adWord":0},{"createTime":"2016-08-04 21:59:21","formatCreateTime":"2016-08-04","companyId":114110,"positionName":"android工程师","workYear":"不限","education":"本科","jobNature":"全职","companyShortName":"乐视","city":"北京","salary":"15k-25k","financeStage":"上市公司","positionId":2183233,"companyLogo":"i/image/M00/04/2B/Cgp3O1bGwzWAEAB4AAAbnMQCudk783.jpg","positionAdvantage":"弹性工作，福利待遇好，公司发展前景好","approve":1,"district":"朝阳区","score":0,"companyLabelList":["股票期权","交通补助","通讯津贴","带薪年假"],"industryField":"移动互联网","companySize":"2000人以上","imState":"sevenDays","lastLogin":1472273567000,"publisherId":5608622,"explain":null,"plus":null,"pcShow":0,"appShow":0,"deliver":0,"gradeDescription":null,"businessZones":["国贸","CBD","东大桥"],"companyFullName":"乐视网信息技术（北京）股份有限公司","adWord":0},{"createTime":"2016-08-02 13:53:09","formatCreateTime":"2016-08-02","companyId":114110,"positionName":"Android","workYear":"3-5年","education":"本科","jobNature":"全职","companyShortName":"乐视","city":"北京","salary":"13k-26k","financeStage":"上市公司","positionId":597026,"companyLogo":"i/image/M00/04/2B/Cgp3O1bGwzWAEAB4AAAbnMQCudk783.jpg","positionAdvantage":"产品有趣，团队有活力，妹子多，就差你了。","approve":1,"district":"朝阳区","score":0,"companyLabelList":["股票期权","交通补助","通讯津贴","带薪年假"],"industryField":"移动互联网","companySize":"2000人以上","imState":"today","lastLogin":1472565991000,"publisherId":433925,"explain":null,"plus":null,"pcShow":0,"appShow":0,"deliver":0,"gradeDescription":null,"businessZones":["石佛营","姚家园","十里堡"],"companyFullName":"乐视网信息技术（北京）股份有限公司","adWord":0},{"createTime":"2016-07-31 22:22:53","formatCreateTime":"2016-07-31","companyId":50702,"positionName":"Android","workYear":"1-3年","education":"本科","jobNature":"全职","companyShortName":"美团点评","city":"北京","salary":"15k-30k","financeStage":"成熟型(D轮及以上)","positionId":2171823,"companyLogo":"i/image/M00/4B/6C/CgqKkVefHv-AFoRzAAAuALF7ZZ0419.png","positionAdvantage":"核心部门，平台大，待遇优，发展空间大","approve":1,"district":"朝阳区","score":0,"companyLabelList":["技能培训","绩效奖金","岗位晋升","领导好"],"industryField":"移动互联网,O2O","companySize":"2000人以上","imState":"today","lastLogin":1472555393000,"publisherId":1504547,"explain":null,"plus":null,"pcShow":0,"appShow":0,"deliver":0,"gradeDescription":null,"businessZones":["望京","来广营"],"companyFullName":"北京三快在线科技有限公司","adWord":0},{"createTime":"2016-07-29 17:04:11","formatCreateTime":"2016-07-29","companyId":50702,"positionName":"高级QA工程师/测试主管（Android/iOS应用测试）","workYear":"3-5年","education":"本科","jobNature":"全职","companyShortName":"美团点评","city":"北京","salary":"15k-30k","financeStage":"成熟型(D轮及以上)","positionId":2079095,"companyLogo":"i/image/M00/4B/6C/CgqKkVefHv-AFoRzAAAuALF7ZZ0419.png","positionAdvantage":"福利待遇、公司前景","approve":1,"district":"朝阳区","score":0,"companyLabelList":["技能培训","绩效奖金","岗位晋升","领导好"],"industryField":"移动互联网,O2O","companySize":"2000人以上","imState":"overSevenDays","lastLogin":1471189053000,"publisherId":5042468,"explain":null,"plus":null,"pcShow":0,"appShow":0,"deliver":0,"gradeDescription":null,"businessZones":["望京","来广营"],"companyFullName":"北京三快在线科技有限公司","adWord":0},{"createTime":"2016-07-29 14:51:35","formatCreateTime":"2016-07-29","companyId":114110,"positionName":"Android","workYear":"3-5年","education":"本科","jobNature":"全职","companyShortName":"乐视","city":"北京","salary":"15k-25k","financeStage":"上市公司","positionId":2073242,"companyLogo":"i/image/M00/04/2B/Cgp3O1bGwzWAEAB4AAAbnMQCudk783.jpg","positionAdvantage":"核心研发岗，弹性工时，良好平台","approve":1,"district":"朝阳区","score":0,"companyLabelList":["股票期权","交通补助","通讯津贴","带薪年假"],"industryField":"移动互联网","companySize":"2000人以上","imState":"overSevenDays","lastLogin":1471852764000,"publisherId":5247572,"explain":null,"plus":null,"pcShow":0,"appShow":0,"deliver":0,"gradeDescription":null,"businessZones":["大山子","酒仙桥","将台路"],"companyFullName":"乐视网信息技术（北京）股份有限公司","adWord":0},{"createTime":"2016-07-29 14:51:33","formatCreateTime":"2016-07-29","companyId":114110,"positionName":"Android","workYear":"3-5年","education":"本科","jobNature":"全职","companyShortName":"乐视","city":"北京","salary":"15k-25k","financeStage":"上市公司","positionId":2073271,"companyLogo":"i/image/M00/04/2B/Cgp3O1bGwzWAEAB4AAAbnMQCudk783.jpg","positionAdvantage":"核心研发岗，弹性工时，大公司平台","approve":1,"district":"朝阳区","score":0,"companyLabelList":["股票期权","交通补助","通讯津贴","带薪年假"],"industryField":"移动互联网","companySize":"2000人以上","imState":"overSevenDays","lastLogin":1471852764000,"publisherId":5247572,"explain":null,"plus":null,"pcShow":0,"appShow":0,"deliver":0,"gradeDescription":null,"businessZones":["大山子","酒仙桥","将台路"],"companyFullName":"乐视网信息技术（北京）股份有限公司","adWord":0},{"createTime":"2016-07-28 14:04:22","formatCreateTime":"2016-07-28","companyId":114110,"positionName":"高级Android开发工程师","workYear":"3-5年","education":"本科","jobNature":"全职","companyShortName":"乐视","city":"北京","salary":"20k-30k","financeStage":"上市公司","positionId":992647,"companyLogo":"i/image/M00/04/2B/Cgp3O1bGwzWAEAB4AAAbnMQCudk783.jpg","positionAdvantage":"平台福利好，发展机会多，上升快。","approve":1,"district":"朝阳区","score":0,"companyLabelList":["股票期权","交通补助","通讯津贴","带薪年假"],"industryField":"移动互联网","companySize":"2000人以上","imState":"sevenDays","lastLogin":1472179251000,"publisherId":267835,"explain":null,"plus":null,"pcShow":0,"appShow":0,"deliver":0,"gradeDescription":null,"businessZones":["姚家园","石佛营","十里堡"],"companyFullName":"乐视网信息技术（北京）股份有限公司","adWord":0},{"createTime":"2016-07-28 09:40:56","formatCreateTime":"2016-07-28","companyId":114110,"positionName":"高级Android开发工程师-车载","workYear":"5-10年","education":"本科","jobNature":"全职","companyShortName":"乐视","city":"北京","salary":"20k-30k","financeStage":"上市公司","positionId":2054086,"companyLogo":"i/image/M00/04/2B/Cgp3O1bGwzWAEAB4AAAbnMQCudk783.jpg","positionAdvantage":"重点项目，机会多，成长发展空间大","approve":1,"district":null,"score":0,"companyLabelList":["股票期权","交通补助","通讯津贴","带薪年假"],"industryField":"移动互联网","companySize":"2000人以上","imState":"disabled","lastLogin":1471865272000,"publisherId":1665087,"explain":null,"plus":null,"pcShow":0,"appShow":0,"deliver":0,"gradeDescription":null,"businessZones":null,"companyFullName":"乐视网信息技术（北京）股份有限公司","adWord":0},{"createTime":"2016-07-28 09:40:55","formatCreateTime":"2016-07-28","companyId":114110,"positionName":"高级Android开发工程师-VR","workYear":"5-10年","education":"本科","jobNature":"全职","companyShortName":"乐视","city":"北京","salary":"20k-30k","financeStage":"上市公司","positionId":2048276,"companyLogo":"i/image/M00/04/2B/Cgp3O1bGwzWAEAB4AAAbnMQCudk783.jpg","positionAdvantage":"战略型重点业务，成长快，空间大","approve":1,"district":"朝阳区","score":0,"companyLabelList":["股票期权","交通补助","通讯津贴","带薪年假"],"industryField":"移动互联网","companySize":"2000人以上","imState":"disabled","lastLogin":1471865272000,"publisherId":1665087,"explain":null,"plus":null,"pcShow":0,"appShow":0,"deliver":0,"gradeDescription":null,"businessZones":["石佛营","姚家园","十里堡"],"companyFullName":"乐视网信息技术（北京）股份有限公司","adWord":0}]}},"code":0}