{"msg":null,"success":true,"requestId":null,"resubmitToken":null,"content":{"pageNo":29,"pageSize":15,"positionResult":{"queryAnalysisInfo":{"industryName":null,"usefulCompany":false,"positionName":"android","companyName":null},"strategyProperty":{"name":"dm-csearch-newSimScorer","id":1},"totalCount":8899,"resultSize":15,"locationInfo":{"businessZone":null,"locationCode":null,"queryByGisCode":false,"city":"北京","district":null},"result":[{"companyId":114110,"explain":null,"plus":null,"pcShow":0,"appShow":0,"deliver":0,"gradeDescription":null,"businessZones":["团结湖","朝阳公园","甜水园"],"imState":"disabled","lastLogin":1472555904000,"publisherId":3790156,"positionName":"Android开发","workYear":"1-3年","education":"本科","jobNature":"全职","positionId":1449422,"createTime":"2016-08-26 18:19:00","city":"北京","companyLogo":"i/image/M00/04/2B/Cgp3O1bGwzWAEAB4AAAbnMQCudk783.jpg","industryField":"移动互联网","positionAdvantage":"全员持股","salary":"15k-30k","companySize":"2000人以上","approve":1,"financeStage":"上市公司","companyLabelList":["股票期权","交通补助","通讯津贴","带薪年假"],"district":"朝阳区","companyShortName":"乐视","score":0,"formatCreateTime":"2016-08-26","companyFullName":"乐视网信息技术（北京）股份有限公司","adWord":0},{"companyId":7279,"explain":null,"plus":null,"pcShow":0,"appShow":0,"deliver":0,"gradeDescription":null,"businessZones":["和平里","雍和宫","和平街"],"imState":"today","lastLogin":1472541743000,"publisherId":43896,"positionName":"Android工程师（预装高级）","workYear":"3-5年","education":"本科","jobNature":"全职","positionId":2291669,"createTime":"2016-08-26 10:29:30","city":"北京","companyLogo":"i/image/M00/10/3F/CgqKkVbfkpuAWYVCAAAPa-AIRBE907.jpg","industryField":"移动互联网","positionAdvantage":"弹性工作，福利待遇好，公司发展前景好","salary":"20k-40k","companySize":"150-500人","approve":1,"financeStage":"成长型(B轮)","companyLabelList":["弹性工作任性","技术牛带你飞","高质量妹子多","环境舒适"],"district":"东城区","companyShortName":"Kika Tech(新美互通)","score":0,"formatCreateTime":"2016-08-26","companyFullName":"北京新美互通科技有限公司","adWord":0},{"companyId":17751,"explain":null,"plus":null,"pcShow":0,"appShow":0,"deliver":0,"gradeDescription":null,"businessZones":["北苑","来广营"],"imState":"today","lastLogin":1472564498000,"publisherId":189301,"positionName":"android开发工程师","workYear":"不限","education":"本科","jobNature":"全职","positionId":157429,"createTime":"2016-08-26 10:25:03","city":"北京","companyLogo":"image1/M00/00/21/Cgo8PFTUWHGAUTAcAABoeBHiSGQ931.jpg","industryField":"O2O","positionAdvantage":"激情团队，超快发展，和对的人做对的事情～","salary":"15k-30k","companySize":"2000人以上","approve":1,"financeStage":"成熟型(C轮)","companyLabelList":["岗位晋升","扁平管理","个人成长快","牛人多"],"district":"朝阳区","companyShortName":"人人车","score":0,"formatCreateTime":"2016-08-26","companyFullName":"北京善义善美网络技术有限公司","adWord":0},{"companyId":24989,"explain":null,"plus":null,"pcShow":0,"appShow":0,"deliver":0,"gradeDescription":null,"businessZones":["苏州街","中关村","苏州桥"],"imState":"sevenDays","lastLogin":1472177009000,"publisherId":1416029,"positionName":"Android高级技术经理","workYear":"1-3年","education":"本科","jobNature":"全职","positionId":1535132,"createTime":"2016-08-26 10:14:36","city":"北京","companyLogo":"image1/M00/11/19/Cgo8PFUAHUyAe_MMAAB-pZFOtGQ941.png","industryField":"移动互联网","positionAdvantage":"高额薪资+股份期权+能力提升+舒适氛围","salary":"15k-25k","companySize":"15-50人","approve":1,"financeStage":"成长型(A轮)","companyLabelList":["股票期权","年度旅游","领导好","交通补助"],"district":"海淀区","companyShortName":"电视家","score":0,"formatCreateTime":"2016-08-26","companyFullName":"北京奇果网络科技有限公司","adWord":0},{"companyId":28219,"explain":null,"plus":null,"pcShow":0,"appShow":0,"deliver":0,"gradeDescription":null,"businessZones":["小关","惠新里","对外经贸"],"imState":"today","lastLogin":1472550628000,"publisherId":369775,"positionName":"Android开发工程师","workYear":"1-3年","education":"大专","jobNature":"全职","positionId":1492763,"createTime":"2016-08-26 09:56:12","city":"北京","companyLogo":"image1/M00/00/3D/Cgo8PFTUXLqAcj2cAABfCAU9fzU193.png","industryField":"移动互联网","positionAdvantage":"齐全的员工福利，轻松的工作氛围","salary":"8k-14k","companySize":"15-50人","approve":1,"financeStage":"初创型(未融资)","companyLabelList":["绩效奖金","五险一金","交通补助","带薪年假"],"district":"朝阳区","companyShortName":"优亿市场","score":0,"formatCreateTime":"2016-08-26","companyFullName":"北京浩游网讯科技有限公司","adWord":0},{"companyId":132985,"explain":null,"plus":null,"pcShow":0,"appShow":0,"deliver":0,"gradeDescription":null,"businessZones":null,"imState":"disabled","lastLogin":1472520086000,"publisherId":5256225,"positionName":"Android开发工程师","workYear":"3-5年","education":"大专","jobNature":"全职","positionId":2200402,"createTime":"2016-08-26 09:36:22","city":"北京","companyLogo":"i/image/M00/33/4E/CgqKkVdRFdGALrADAABcoZWG_zo934.jpg","industryField":"企业服务,O2O","positionAdvantage":"高成长性跨国公司 ，创业活力团队","salary":"15k-20k","companySize":"150-500人","approve":0,"financeStage":"成长型(不需要融资)","companyLabelList":["定期体检","节日礼物","扁平管理","五险一金"],"district":null,"companyShortName":"全球创业者的国度","score":0,"formatCreateTime":"2016-08-26","companyFullName":"太库科技创业发展有限有限公司","adWord":0},{"companyId":50702,"explain":null,"plus":null,"pcShow":0,"appShow":0,"deliver":0,"gradeDescription":null,"businessZones":["大山子","望京","酒仙桥"],"imState":"disabled","lastLogin":1472525790000,"publisherId":751321,"positionName":"Android 开发工程师","workYear":"3-5年","education":"本科","jobNature":"全职","positionId":629538,"createTime":"2016-08-26 09:31:27","city":"北京","companyLogo":"i/image/M00/4B/6C/CgqKkVefHv-AFoRzAAAuALF7ZZ0419.png","industryField":"移动互联网,O2O","positionAdvantage":"期权","salary":"20k-30k","companySize":"2000人以上","approve":1,"financeStage":"成熟型(D轮及以上)","companyLabelList":["技能培训","绩效奖金","岗位晋升","领导好"],"district":"朝阳区","companyShortName":"美团点评","score":0,"formatCreateTime":"2016-08-26","companyFullName":"北京三快在线科技有限公司","adWord":0},{"companyId":250,"explain":null,"plus":null,"pcShow":0,"appShow":0,"deliver":0,"gradeDescription":null,"businessZones":["上地","马连洼","西二旗"],"imState":"today","lastLogin":1472562974000,"publisherId":1569243,"positionName":"Android实战教练（作业批改）","workYear":"1-3年","education":"不限","jobNature":"兼职","positionId":1206185,"createTime":"2016-08-26 09:26:23","city":"北京","companyLogo":"image1/M00/16/BE/Cgo8PFUPkIaAPwLBAABWOrJqLZ4007.jpg","industryField":"移动互联网","positionAdvantage":"工作灵活 待遇丰厚","salary":"4k-6k","companySize":"50-150人","approve":1,"financeStage":"成长型(B轮)","companyLabelList":["节日礼物","技能培训","MAC办公","免费体检"],"district":"海淀区","companyShortName":"极客学院","score":0,"formatCreateTime":"2016-08-26","companyFullName":"北京易联致远无线技术有限公司（EOE-最大的android社区）","adWord":0},{"companyId":119613,"explain":null,"plus":null,"pcShow":0,"appShow":0,"deliver":0,"gradeDescription":null,"businessZones":null,"imState":"threeDays","lastLogin":1472433140000,"publisherId":4973778,"positionName":"Android开发工程师","workYear":"3-5年","education":"不限","jobNature":"全职","positionId":2244490,"createTime":"2016-08-26 09:23:05","city":"北京","companyLogo":"i/image/M00/14/1D/CgqKkVbo1RCAAvpgAAB2Lrqj7ys207.jpg","industryField":"移动互联网,O2O","positionAdvantage":"六险一金,工作居住证,带薪年假,定期体检","salary":"18k-35k","companySize":"150-500人","approve":0,"financeStage":"成长型(A轮)","companyLabelList":["年底双薪","绩效奖金","带薪年假","定期体检"],"district":"朝阳区","companyShortName":"钱包生活","score":0,"formatCreateTime":"2016-08-26","companyFullName":"众智融金（北京）资产管理有限公司","adWord":0},{"companyId":1686,"explain":null,"plus":null,"pcShow":0,"appShow":0,"deliver":0,"gradeDescription":null,"businessZones":["中关村","北京大学","苏州街"],"imState":"today","lastLogin":1472540487000,"publisherId":2278796,"positionName":"Android架构师","workYear":"5-10年","education":"本科","jobNature":"全职","positionId":2175170,"createTime":"2016-08-26 09:20:12","city":"北京","companyLogo":"image1/M00/00/06/Cgo8PFTUWAaAbD7PAACAXTzCmiw113.jpg","industryField":"广告营销,文化娱乐","positionAdvantage":"发展空间大 重点项目 12天年假 六险一金","salary":"30k-45k","companySize":"2000人以上","approve":1,"financeStage":"成熟型(D轮及以上)","companyLabelList":["绩效奖金","五险一金","交通补助","带薪年假"],"district":"海淀区","companyShortName":"爱奇艺","score":0,"formatCreateTime":"2016-08-26","companyFullName":"北京爱奇艺科技有限公司","adWord":0},{"companyId":3024,"explain":null,"plus":null,"pcShow":0,"appShow":0,"deliver":0,"gradeDescription":null,"businessZones":null,"imState":"threeDays","lastLogin":1472432997000,"publisherId":4955688,"positionName":"Android高级研发工程师","workYear":"3-5年","education":"本科","jobNature":"全职","positionId":2150168,"createTime":"2016-08-26 09:15:20","city":"北京","companyLogo":"image1/M00/00/08/Cgo8PFTUWA-AYcnUAABB_gnb7AE964.jpg","industryField":"移动互联网,电子商务","positionAdvantage":"办公环境好,待遇佳,核心业务,工会福利","salary":"15k-30k","companySize":"150-500人","approve":1,"financeStage":"成长型(B轮)","companyLabelList":["技能培训","自由空间","带薪年假","岗位晋升"],"district":"东城区","companyShortName":"第一车网","score":0,"formatCreateTime":"2016-08-26","companyFullName":"北京爱车科技有限公司","adWord":0},{"companyId":92258,"explain":null,"plus":null,"pcShow":0,"appShow":0,"deliver":0,"gradeDescription":null,"businessZones":["朝外","东四"],"imState":"disabled","lastLogin":1472549272000,"publisherId":2380358,"positionName":"Android","workYear":"3-5年","education":"本科","jobNature":"全职","positionId":1498329,"createTime":"2016-08-26 09:12:33","city":"北京","companyLogo":"image2/M00/00/2E/CgpzWlXdUt-AX7KdAAAMR_uZuBw112.jpg?cc=0.5878222670871764","industryField":"移动互联网,O2O","positionAdvantage":"公司福利待遇好","salary":"20k-40k","companySize":"150-500人","approve":0,"financeStage":"上市公司","companyLabelList":["年底双薪","股票期权","专项奖金","带薪年假"],"district":"朝阳区","companyShortName":"百年爱贝","score":0,"formatCreateTime":"2016-08-26","companyFullName":"北京百年爱贝科技有限公司","adWord":0},{"companyId":28818,"explain":null,"plus":null,"pcShow":0,"appShow":0,"deliver":0,"gradeDescription":null,"businessZones":["西北旺"],"imState":"threeDays","lastLogin":1472470990000,"publisherId":5523219,"positionName":"Android开发高级工程师","workYear":"5-10年","education":"本科","jobNature":"全职","positionId":2081505,"createTime":"2016-08-26 08:55:34","city":"北京","companyLogo":"image1/M00/00/3F/CgYXBlTUXMOADN_rAADQYzTeBQE385.jpg","industryField":"移动互联网,企业服务","positionAdvantage":"班车、绩效奖金、节日福利、餐补、股权激励","salary":"25k-35k","companySize":"500-2000人","approve":1,"financeStage":"上市公司","companyLabelList":["技能培训","节日礼物","绩效奖金","岗位晋升"],"district":"海淀区","companyShortName":"畅捷通","score":0,"formatCreateTime":"2016-08-26","companyFullName":"畅捷通信息技术股份有限公司","adWord":0},{"companyId":57455,"explain":null,"plus":null,"pcShow":0,"appShow":0,"deliver":0,"gradeDescription":null,"businessZones":["望京","花家地","来广营"],"imState":"today","lastLogin":1472546886000,"publisherId":1447573,"positionName":"Android SDK研发工程师","workYear":"3-5年","education":"本科","jobNature":"全职","positionId":1797115,"createTime":"2016-08-26 08:54:26","city":"北京","companyLogo":"i/image/M00/03/46/CgqKkVayscOAOKODAAGw-YcGT0Y311.png","industryField":"移动互联网","positionAdvantage":"期权激励、偏平管理、简单、阳光","salary":"30k-60k","companySize":"50-150人","approve":0,"financeStage":"成长型(A轮)","companyLabelList":["绩效奖金","弹性工作","帅哥多","美女多"],"district":"朝阳区","companyShortName":"云聚汇","score":0,"formatCreateTime":"2016-08-26","companyFullName":"深圳云聚汇数码有限公司","adWord":0},{"companyId":141202,"explain":null,"plus":null,"pcShow":0,"appShow":0,"deliver":0,"gradeDescription":null,"businessZones":null,"imState":"disabled","lastLogin":1472517828000,"publisherId":5756240,"positionName":"Android高级工程师","workYear":"3-5年","education":"不限","jobNature":"全职","positionId":2156950,"createTime":"2016-08-26 08:41:44","city":"北京","companyLogo":"i/image/M00/49/D4/Cgp3O1eYawWAPtyOAAEfENa8WO0172.jpg","industryField":"移动互联网,电子商务","positionAdvantage":"弹性工作制，班车接送","salary":"20k-40k","companySize":"2000人以上","approve":0,"financeStage":"上市公司","companyLabelList":["年底双薪","免费班车","带薪年假","绩效奖金"],"district":"大兴区","companyShortName":"京东商城","score":0,"formatCreateTime":"2016-08-26","companyFullName":"郑州蜜淘电子商务有限公司","adWord":0}]}},"code":0}