{"success":true,"requestId":null,"msg":null,"resubmitToken":null,"content":{"pageNo":94,"pageSize":15,"positionResult":{"totalCount":8899,"resultSize":15,"locationInfo":{"queryByGisCode":false,"businessZone":null,"locationCode":null,"city":"北京","district":null},"queryAnalysisInfo":{"industryName":null,"usefulCompany":false,"positionName":"android","companyName":null},"strategyProperty":{"name":"dm-csearch-newSimScorer","id":1},"result":[{"companyId":131530,"positionName":"Android BSP研发经理","workYear":"5-10年","education":"本科","jobNature":"全职","financeStage":"上市公司","companyLogo":"i/image/M00/30/4A/CgqKkVdF5ZqASMJdAAAVhkMvQXY933.jpg","industryField":"硬件,电子商务","companyShortName":"乐视致新电子商务有限公司","city":"北京","salary":"20k-40k","positionId":1990806,"positionAdvantage":"股权激励，高层汇报，升职机会，海外工作","district":null,"createTime":"2016-07-03 11:43:25","companyLabelList":["股票期权","带薪年假","通讯津贴","午餐补助"],"approve":0,"companySize":"2000人以上","score":0,"companyFullName":"乐视致新电子商务有限公司","adWord":0,"formatCreateTime":"2016-07-03","publisherId":5292293,"explain":null,"plus":null,"pcShow":0,"appShow":0,"deliver":0,"gradeDescription":null,"businessZones":null,"imState":"overSevenDays","lastLogin":1471585514000},{"companyId":36215,"positionName":"Android工程师","workYear":"3-5年","education":"不限","jobNature":"全职","financeStage":"成熟型(C轮)","companyLogo":"image1/M00/00/56/Cgo8PFTUXSWALm7LAACam4PcWxk094.png","industryField":"移动互联网,医疗健康","companyShortName":"心医国际","city":"北京","salary":"10k-20k","positionId":2037679,"positionAdvantage":"五险一金、补充医疗、弹性作业、带薪年假","district":"朝阳区","createTime":"2016-07-01 10:23:30","companyLabelList":["节日礼物","技能培训","岗位晋升","管理规范"],"approve":1,"companySize":"500-2000人","score":0,"companyFullName":"心医国际健康科技（北京）有限公司","adWord":0,"formatCreateTime":"2016-07-01","publisherId":855381,"explain":null,"plus":null,"pcShow":0,"appShow":0,"deliver":0,"gradeDescription":null,"businessZones":["大望路","华贸","红庙"],"imState":"disabled","lastLogin":1467704906000},{"companyId":125661,"positionName":"Android开发工程师","workYear":"3-5年","education":"本科","jobNature":"全职","financeStage":"初创型(天使轮)","companyLogo":"i/image/M00/23/6D/Cgp3O1cXW_eAZcDjAABCFGC8rtk385.png","industryField":"移动互联网","companyShortName":"绿橙无忧","city":"北京","salary":"10k-20k","positionId":2037555,"positionAdvantage":"扁平化管理,免费出国游,美女如云,免费零食","district":"朝阳区","createTime":"2016-07-01 10:11:39","companyLabelList":["带薪年假","专项奖金","午餐补助"],"approve":0,"companySize":"15-50人","score":0,"companyFullName":"绿橙无忧（北京）科技有限公司","adWord":0,"formatCreateTime":"2016-07-01","publisherId":4974853,"explain":null,"plus":null,"pcShow":0,"appShow":0,"deliver":0,"gradeDescription":null,"businessZones":["呼家楼","京广桥","朝外"],"imState":"overSevenDays","lastLogin":1468218522000},{"companyId":62428,"positionName":"Android开发工程师","workYear":"1-3年","education":"本科","jobNature":"全职","financeStage":"初创型(天使轮)","companyLogo":"image1/M00/43/6C/CgYXBlXReKmAJOyeAAAfIoH9bLY423.jpg","industryField":"移动互联网","companyShortName":"北京超卓科技有限公司","city":"北京","salary":"13k-25k","positionId":817429,"positionAdvantage":"早期员工，更好的上升空间和培训，全员持股","district":"朝阳区","createTime":"2016-07-01 10:07:57","companyLabelList":["年底双薪","技能培训","股票期权","带薪年假"],"approve":1,"companySize":"15-50人","score":0,"companyFullName":"北京超卓科技有限公司","adWord":0,"formatCreateTime":"2016-07-01","publisherId":1560323,"explain":null,"plus":null,"pcShow":0,"appShow":0,"deliver":0,"gradeDescription":null,"businessZones":["望京","花家地","来广营"],"imState":"sevenDays","lastLogin":1472207268000},{"companyId":50889,"positionName":"Android","workYear":"3-5年","education":"本科","jobNature":"全职","financeStage":"上市公司","companyLogo":"i/image/M00/03/44/Cgp3O1ax7JWAOSzUAABS3OF0A7w289.jpg","industryField":"移动互联网,企业服务","companyShortName":"和创科技（红圈营销）","city":"北京","salary":"20k-35k","positionId":2304228,"positionAdvantage":"上市公司，持续股权激励政策，技术极客云集","district":null,"createTime":"2016-08-30 11:19:49","companyLabelList":["弹性工作","敏捷研发","股票期权","年底双薪"],"approve":1,"companySize":"2000人以上","score":0,"companyFullName":"和创（北京）科技股份有限公司","adWord":0,"formatCreateTime":"11:19发布","publisherId":994817,"explain":null,"plus":null,"pcShow":0,"appShow":0,"deliver":0,"gradeDescription":null,"businessZones":null,"imState":"today","lastLogin":1472550012000},{"companyId":50889,"positionName":"Android高级开发工程师","workYear":"3-5年","education":"本科","jobNature":"全职","financeStage":"上市公司","companyLogo":"i/image/M00/03/44/Cgp3O1ax7JWAOSzUAABS3OF0A7w289.jpg","industryField":"移动互联网,企业服务","companyShortName":"和创科技（红圈营销）","city":"北京","salary":"20k-35k","positionId":1908299,"positionAdvantage":"上市公司，持续股权激励政策，技术极客云集","district":null,"createTime":"2016-08-30 11:18:57","companyLabelList":["弹性工作","敏捷研发","股票期权","年底双薪"],"approve":1,"companySize":"2000人以上","score":0,"companyFullName":"和创（北京）科技股份有限公司","adWord":0,"formatCreateTime":"11:18发布","publisherId":994817,"explain":null,"plus":null,"pcShow":0,"appShow":0,"deliver":0,"gradeDescription":null,"businessZones":null,"imState":"today","lastLogin":1472550012000},{"companyId":50889,"positionName":"Android高级工程师","workYear":"3-5年","education":"本科","jobNature":"全职","financeStage":"上市公司","companyLogo":"i/image/M00/03/44/Cgp3O1ax7JWAOSzUAABS3OF0A7w289.jpg","industryField":"移动互联网,企业服务","companyShortName":"和创科技（红圈营销）","city":"北京","salary":"20k-35k","positionId":2304203,"positionAdvantage":"上市公司，持续股权激励政策，技术极客云集","district":null,"createTime":"2016-08-30 11:18:15","companyLabelList":["弹性工作","敏捷研发","股票期权","年底双薪"],"approve":1,"companySize":"2000人以上","score":0,"companyFullName":"和创（北京）科技股份有限公司","adWord":0,"formatCreateTime":"11:18发布","publisherId":994817,"explain":null,"plus":null,"pcShow":0,"appShow":0,"deliver":0,"gradeDescription":null,"businessZones":null,"imState":"today","lastLogin":1472550012000},{"companyId":994,"positionName":"Android工程师","workYear":"3-5年","education":"本科","jobNature":"全职","financeStage":"成长型(B轮)","companyLogo":"image1/M00/00/05/CgYXBlTUWACAMEo4AACGADT5Usw013.png","industryField":"移动互联网,文化娱乐","companyShortName":"国广东方网络（北京）有限公司","city":"北京","salary":"6k-12k","positionId":1854661,"positionAdvantage":"牌照方，各种补助，OTT、","district":"石景山区","createTime":"2016-08-30 09:10:47","companyLabelList":["节日礼物","国家背景","带薪年假","绩效奖金"],"approve":1,"companySize":"150-500人","score":0,"companyFullName":"国广东方网络（北京）有限公司","adWord":0,"formatCreateTime":"09:10发布","publisherId":1576478,"explain":null,"plus":null,"pcShow":0,"appShow":0,"deliver":0,"gradeDescription":null,"businessZones":["鲁谷","八宝山","老山"],"imState":"today","lastLogin":1472529785000},{"companyId":994,"positionName":"手机端android开发工程师","workYear":"3-5年","education":"大专","jobNature":"全职","financeStage":"成长型(B轮)","companyLogo":"image1/M00/00/05/CgYXBlTUWACAMEo4AACGADT5Usw013.png","industryField":"移动互联网,文化娱乐","companyShortName":"国广东方网络（北京）有限公司","city":"北京","salary":"10k-16k","positionId":1431917,"positionAdvantage":"牌照方，过节费，餐补交补通话补","district":"石景山区","createTime":"2016-08-30 09:10:47","companyLabelList":["节日礼物","国家背景","带薪年假","绩效奖金"],"approve":1,"companySize":"150-500人","score":0,"companyFullName":"国广东方网络（北京）有限公司","adWord":0,"formatCreateTime":"09:10发布","publisherId":1576478,"explain":null,"plus":null,"pcShow":0,"appShow":0,"deliver":0,"gradeDescription":null,"businessZones":["鲁谷","八宝山","老山"],"imState":"today","lastLogin":1472529785000},{"companyId":42899,"positionName":"直播Android开发工程师","workYear":"3-5年","education":"本科","jobNature":"全职","financeStage":"成熟型(C轮)","companyLogo":"image2/M00/11/69/CgqLKVYx6mCAEWmWAAA8Uo7yHIc510.jpg?cc=0.24744720198214054","industryField":"移动互联网,硬件","companyShortName":"小蚁","city":"北京","salary":"15k-30k","positionId":1930873,"positionAdvantage":"生态链公司，六险一金，期权激励","district":"海淀区","createTime":"2016-08-29 18:24:09","companyLabelList":["年底双薪","节日礼物","技能培训","年度旅游"],"approve":1,"companySize":"150-500人","score":0,"companyFullName":"上海小蚁科技有限公司","adWord":0,"formatCreateTime":"1天前发布","publisherId":808170,"explain":null,"plus":null,"pcShow":0,"appShow":0,"deliver":0,"gradeDescription":null,"businessZones":["上地","清河","小营"],"imState":"today","lastLogin":1472523108000},{"companyId":67891,"positionName":"Android","workYear":"3-5年","education":"本科","jobNature":"全职","financeStage":"成长型(A轮)","companyLogo":"image1/M00/24/1D/Cgo8PFVK7ZOAV-XqAAB01ow0B70745.jpg","industryField":"金融","companyShortName":"创投圈","city":"北京","salary":"18k-30k","positionId":2130827,"positionAdvantage":"弹性时间,午餐福利,年底双薪","district":"海淀区","createTime":"2016-08-29 10:08:12","companyLabelList":["技能培训","节日礼物","股票期权","绩效奖金"],"approve":0,"companySize":"15-50人","score":0,"companyFullName":"创投圈","adWord":0,"formatCreateTime":"1天前发布","publisherId":5299643,"explain":null,"plus":null,"pcShow":0,"appShow":0,"deliver":0,"gradeDescription":null,"businessZones":["苏州街","北京大学","颐和园"],"imState":"today","lastLogin":1472552522000},{"companyId":67891,"positionName":"Android Leader","workYear":"5-10年","education":"本科","jobNature":"全职","financeStage":"成长型(A轮)","companyLogo":"image1/M00/24/1D/Cgo8PFVK7ZOAV-XqAAB01ow0B70745.jpg","industryField":"金融","companyShortName":"创投圈","city":"北京","salary":"25k-35k","positionId":2038759,"positionAdvantage":"期权鼓励 年底双薪 午餐福利 弹性时间","district":"海淀区","createTime":"2016-08-29 10:08:08","companyLabelList":["技能培训","节日礼物","股票期权","绩效奖金"],"approve":0,"companySize":"15-50人","score":0,"companyFullName":"创投圈","adWord":0,"formatCreateTime":"1天前发布","publisherId":5299643,"explain":null,"plus":null,"pcShow":0,"appShow":0,"deliver":0,"gradeDescription":null,"businessZones":["苏州街","北京大学","颐和园"],"imState":"today","lastLogin":1472552522000},{"companyId":67891,"positionName":"Android工程师","workYear":"3-5年","education":"本科","jobNature":"全职","financeStage":"成长型(A轮)","companyLogo":"image1/M00/24/1D/Cgo8PFVK7ZOAV-XqAAB01ow0B70745.jpg","industryField":"金融","companyShortName":"创投圈","city":"北京","salary":"15k-25k","positionId":1946254,"positionAdvantage":"年底双薪 弹性工作 午餐福利","district":"海淀区","createTime":"2016-08-29 10:07:30","companyLabelList":["技能培训","节日礼物","股票期权","绩效奖金"],"approve":0,"companySize":"15-50人","score":0,"companyFullName":"创投圈","adWord":0,"formatCreateTime":"1天前发布","publisherId":5299643,"explain":null,"plus":null,"pcShow":0,"appShow":0,"deliver":0,"gradeDescription":null,"businessZones":["苏州街","北京大学","颐和园"],"imState":"today","lastLogin":1472552522000},{"companyId":67891,"positionName":"Android Leader","workYear":"3-5年","education":"本科","jobNature":"全职","financeStage":"成长型(A轮)","companyLogo":"image1/M00/24/1D/Cgo8PFVK7ZOAV-XqAAB01ow0B70745.jpg","industryField":"金融","companyShortName":"创投圈","city":"北京","salary":"25k-35k","positionId":2038773,"positionAdvantage":"期权 双薪 午餐 弹性时间","district":"海淀区","createTime":"2016-08-29 10:07:23","companyLabelList":["技能培训","节日礼物","股票期权","绩效奖金"],"approve":0,"companySize":"15-50人","score":0,"companyFullName":"创投圈","adWord":0,"formatCreateTime":"1天前发布","publisherId":5299643,"explain":null,"plus":null,"pcShow":0,"appShow":0,"deliver":0,"gradeDescription":null,"businessZones":["苏州街","北京大学","颐和园"],"imState":"today","lastLogin":1472552522000},{"companyId":67891,"positionName":"Android Leader","workYear":"3-5年","education":"本科","jobNature":"全职","financeStage":"成长型(A轮)","companyLogo":"image1/M00/24/1D/Cgo8PFVK7ZOAV-XqAAB01ow0B70745.jpg","industryField":"金融","companyShortName":"创投圈","city":"北京","salary":"15k-25k","positionId":2048381,"positionAdvantage":"期权激励,年底双薪,午餐福利,弹性时间","district":"海淀区","createTime":"2016-08-29 10:07:21","companyLabelList":["技能培训","节日礼物","股票期权","绩效奖金"],"approve":0,"companySize":"15-50人","score":0,"companyFullName":"创投圈","adWord":0,"formatCreateTime":"1天前发布","publisherId":5299643,"explain":null,"plus":null,"pcShow":0,"appShow":0,"deliver":0,"gradeDescription":null,"businessZones":["苏州街","北京大学","颐和园"],"imState":"today","lastLogin":1472552522000}]}},"code":0}