{"resubmitToken":null,"success":true,"requestId":null,"msg":null,"content":{"pageNo":37,"pageSize":15,"positionResult":{"totalCount":8899,"resultSize":15,"locationInfo":{"city":"北京","district":null,"queryByGisCode":false,"businessZone":null,"locationCode":null},"queryAnalysisInfo":{"positionName":"android","companyName":null,"industryName":null,"usefulCompany":false},"strategyProperty":{"name":"dm-csearch-newSimScorer","id":1},"result":[{"companyFullName":"北京小桔科技有限公司","adWord":0,"companyId":2474,"formatCreateTime":"2016-08-25","businessZones":["上地","西二旗","马连洼","上地","西二旗","马连洼"],"imState":"today","lastLogin":1472556596000,"positionId":1806027,"industryField":"移动互联网","education":"本科","workYear":"3-5年","city":"北京","positionAdvantage":"发展前进好","createTime":"2016-08-25 12:49:01","salary":"25k-35k","positionName":"Android开发工程师/架构师","companySize":"500-2000人","companyShortName":"滴滴出行","companyLogo":"i/image/M00/00/20/Cgp3O1YtmkSAZjX1AAA78knErXc273.jpg","financeStage":"成熟型(D轮及以上)","approve":0,"jobNature":"全职","companyLabelList":["弹性工作","节日礼物","岗位晋升","技能培训"],"district":"海淀区","score":0,"publisherId":1837136,"explain":null,"plus":null,"pcShow":0,"appShow":0,"deliver":0,"gradeDescription":null},{"companyFullName":"乐视网信息技术（北京）股份有限公司","adWord":0,"companyId":114110,"formatCreateTime":"2016-08-25","businessZones":["石佛营","姚家园","十里堡"],"imState":"disabled","lastLogin":1472543966000,"positionId":597602,"industryField":"移动互联网","education":"本科","workYear":"3-5年","city":"北京","positionAdvantage":"有班车，重视技术交流与分享，海外出差","createTime":"2016-08-25 10:56:30","salary":"15k以上","positionName":"Android","companySize":"2000人以上","companyShortName":"乐视","companyLogo":"i/image/M00/04/2B/Cgp3O1bGwzWAEAB4AAAbnMQCudk783.jpg","financeStage":"上市公司","approve":1,"jobNature":"全职","companyLabelList":["股票期权","交通补助","通讯津贴","带薪年假"],"district":"朝阳区","score":0,"publisherId":987253,"explain":null,"plus":null,"pcShow":0,"appShow":0,"deliver":0,"gradeDescription":null},{"companyFullName":"零度智控（北京）智能科技有限公司","adWord":0,"companyId":35677,"formatCreateTime":"2016-08-25","businessZones":["上地","马连洼","西二旗"],"imState":"today","lastLogin":1472547876000,"positionId":1589102,"industryField":"硬件","education":"本科","workYear":"3-5年","city":"北京","positionAdvantage":"福利齐全、年终奖丰厚、职位上升空间大","createTime":"2016-08-25 10:30:26","salary":"15k-30k","positionName":"Android开发","companySize":"50-150人","companyShortName":"零度智控","companyLogo":"i/image/M00/00/15/Cgp3O1YoY4KAfVadAAARBzxVAZw109.jpg","financeStage":"成长型(A轮)","approve":1,"jobNature":"全职","companyLabelList":["技能培训","年底分红","岗位晋升","年度旅游"],"district":"海淀区","score":0,"publisherId":621091,"explain":null,"plus":null,"pcShow":0,"appShow":0,"deliver":0,"gradeDescription":null},{"companyFullName":"乐视致新电子科技(天津)有限公司","adWord":0,"companyId":135593,"formatCreateTime":"2016-08-25","businessZones":["石佛营","姚家园","十里堡"],"imState":"overSevenDays","lastLogin":1471538858000,"positionId":2212409,"industryField":"移动互联网,社交网络","education":"本科","workYear":"5-10年","city":"北京","positionAdvantage":"股票期权,额外保险,交通餐补,定期团建","createTime":"2016-08-25 10:18:18","salary":"20k-30k","positionName":"乐视 Android高级软件开发工程师","companySize":"2000人以上","companyShortName":"乐视致新","companyLogo":"i/image/M00/3A/B8/Cgp3O1dqHgOABFNrAAAVfH87648732.jpg","financeStage":"成长型(B轮)","approve":0,"jobNature":"全职","companyLabelList":null,"district":"朝阳区","score":0,"publisherId":42666,"explain":null,"plus":null,"pcShow":0,"appShow":0,"deliver":0,"gradeDescription":null},{"companyFullName":"北京零零无限科技有限公司","adWord":0,"companyId":77306,"formatCreateTime":"2016-08-25","businessZones":["北太平庄","马甸","蓟门桥"],"imState":"today","lastLogin":1472552302000,"positionId":1819880,"industryField":"硬件","education":"本科","workYear":"3-5年","city":"北京","positionAdvantage":"嵌入式人工智能，核心软件","createTime":"2016-08-25 10:13:58","salary":"20k-30k","positionName":"Android 高级研发工程师","companySize":"50-150人","companyShortName":"零零无限","companyLogo":"i/image/M00/26/0F/CgqKkVcgU1aABK_iAAAV-LXFris985.png","financeStage":"成长型(A轮)","approve":1,"jobNature":"全职","companyLabelList":null,"district":"海淀区","score":0,"publisherId":5056206,"explain":null,"plus":null,"pcShow":0,"appShow":0,"deliver":0,"gradeDescription":null},{"companyFullName":"上海七牛信息技术有限公司","adWord":0,"companyId":4832,"formatCreateTime":"2016-08-25","businessZones":["太阳宫","西坝河","国展"],"imState":"today","lastLogin":1472568435000,"positionId":2032519,"industryField":"移动互联网,数据服务","education":"不限","workYear":"不限","city":"北京","positionAdvantage":"弹性办公，固定16薪，绩效奖金，免费健身","createTime":"2016-08-25 10:07:03","salary":"15k-30k","positionName":"Android多媒体SDK开发工程师","companySize":"150-500人","companyShortName":"七牛云存储","companyLogo":"i/image/M00/3C/9E/Cgp3O1dwiUeACcOvAAAWhkHEu2M989.png","financeStage":"成熟型(D轮及以上)","approve":1,"jobNature":"全职","companyLabelList":["年底双薪","节日礼物","技能培训","年度旅游"],"district":"朝阳区","score":0,"publisherId":89086,"explain":null,"plus":null,"pcShow":0,"appShow":0,"deliver":0,"gradeDescription":null},{"companyFullName":"北京小米移动软件有限公司","adWord":0,"companyId":62707,"formatCreateTime":"2016-08-25","businessZones":["清河","小营","上地"],"imState":"today","lastLogin":1472520943000,"positionId":2285948,"industryField":"移动互联网","education":"本科","workYear":"3-5年","city":"北京","positionAdvantage":"14薪以上，期权。福 利：五险一金","createTime":"2016-08-25 10:06:21","salary":"18k以上","positionName":"【小米MIUI】-Android","companySize":"2000人以上","companyShortName":"小米","companyLogo":"image1/M00/1C/DB/CgYXBlUncCGAcZB0AAA8ki7Odb8158.jpg","financeStage":"成熟型(D轮及以上)","approve":0,"jobNature":"全职","companyLabelList":["免费班车","带薪年假","绩效奖金","扁平管理"],"district":"海淀区","score":0,"publisherId":1480877,"explain":null,"plus":null,"pcShow":0,"appShow":0,"deliver":0,"gradeDescription":null},{"companyFullName":"北京多点在线科技有限公司","adWord":0,"companyId":56498,"formatCreateTime":"2016-08-25","businessZones":null,"imState":"today","lastLogin":1472572860000,"positionId":2285935,"industryField":"移动互联网","education":"本科","workYear":"3-5年","city":"北京","positionAdvantage":"前沿行业 靠谱团队 工程师文化 14.6薪","createTime":"2016-08-25 10:05:01","salary":"13k-25k","positionName":"Android高级研发","companySize":"50-150人","companyShortName":"多点","companyLogo":"i/image/M00/02/66/CgqKkVaOH92AS-P3AAAR2xmagUE151.jpg","financeStage":"成长型(B轮)","approve":1,"jobNature":"全职","companyLabelList":["前沿行业","顶级团队","温暖氛围","弹性工作"],"district":null,"score":0,"publisherId":1420258,"explain":null,"plus":null,"pcShow":0,"appShow":0,"deliver":0,"gradeDescription":null},{"companyFullName":"北京搜狐新动力科技有限公司","adWord":0,"companyId":49715,"formatCreateTime":"2016-08-25","businessZones":null,"imState":"disabled","lastLogin":1472537658000,"positionId":1962735,"industryField":"文化娱乐","education":"本科","workYear":"不限","city":"北京","positionAdvantage":"福利待遇好 发展空间大","createTime":"2016-08-25 10:01:29","salary":"10k-20k","positionName":"视频-多屏互动云平台中心-Android开发工程师","companySize":"500-2000人","companyShortName":"搜狐视频","companyLogo":"image1/M00/00/82/CgYXBlTUXdmATGNGAAC8uuh0i-8683.png","financeStage":"上市公司","approve":1,"jobNature":"全职","companyLabelList":["技能培训","节日礼物","免费班车","带薪年假"],"district":"海淀区","score":0,"publisherId":3154306,"explain":null,"plus":null,"pcShow":0,"appShow":0,"deliver":0,"gradeDescription":null},{"companyFullName":"深圳市有信网络技术有限公司","adWord":0,"companyId":14563,"formatCreateTime":"2016-08-25","businessZones":["望京","大山子","花家地"],"imState":"today","lastLogin":1472551211000,"positionId":1929978,"industryField":"移动互联网","education":"本科","workYear":"3-5年","city":"北京","positionAdvantage":"微博控股－高薪－广阔发展前景－弹性工时","createTime":"2016-08-25 09:55:00","salary":"15k-30k","positionName":"Android开发工程师","companySize":"50-150人","companyShortName":"有信网络","companyLogo":"i/image/M00/04/2A/CgqKkVbGveiASi_fAADWw0UFHpY358.png","financeStage":"成长型(B轮)","approve":1,"jobNature":"全职","companyLabelList":["绩效奖金","股票期权","年底双薪","年终分红"],"district":"朝阳区","score":0,"publisherId":169945,"explain":null,"plus":null,"pcShow":0,"appShow":0,"deliver":0,"gradeDescription":null},{"companyFullName":"人教数字出版有限公司","adWord":0,"companyId":55979,"formatCreateTime":"2016-08-25","businessZones":["白石桥","魏公村","北下关"],"imState":"disabled","lastLogin":1472536630000,"positionId":2136755,"industryField":"教育","education":"本科","workYear":"5-10年","city":"北京","positionAdvantage":"行业背景、企业文化、补充保险","createTime":"2016-08-25 09:44:52","salary":"20k-25k","positionName":"Android开发工程师","companySize":"50-150人","companyShortName":"人教数字公司","companyLogo":"image1/M00/26/36/Cgo8PFVUTRmAJDUfAABMfb6ywJc260.jpg","financeStage":"成长型(不需要融资)","approve":1,"jobNature":"全职","companyLabelList":["带薪年假","岗位晋升","管理规范","定期体检"],"district":"海淀区","score":0,"publisherId":1408099,"explain":null,"plus":null,"pcShow":0,"appShow":0,"deliver":0,"gradeDescription":null},{"companyFullName":"成都品果科技有限公司","adWord":0,"companyId":28422,"formatCreateTime":"2016-08-25","businessZones":["知春路","双榆树","大钟寺"],"imState":"today","lastLogin":1472540739000,"positionId":290875,"industryField":"移动互联网","education":"本科","workYear":"3-5年","city":"北京","positionAdvantage":"高大上的福利待遇、发展前景等着你哦！","createTime":"2016-08-25 09:42:06","salary":"18k-30k","positionName":"Android","companySize":"15-50人","companyShortName":"camera360","companyLogo":"i/image/M00/02/F3/Cgp3O1ah7FuAbSnkAACMlcPiWXk393.png","financeStage":"成长型(B轮)","approve":1,"jobNature":"全职","companyLabelList":["年终分红","绩效奖金","年底双薪","五险一金"],"district":"海淀区","score":0,"publisherId":389753,"explain":null,"plus":null,"pcShow":0,"appShow":0,"deliver":0,"gradeDescription":null},{"companyFullName":"北京娜迦信息科技发展有限公司","adWord":0,"companyId":71616,"formatCreateTime":"2016-08-25","businessZones":["上地","西二旗","马连洼"],"imState":"disabled","lastLogin":1472538508000,"positionId":1902343,"industryField":"信息安全","education":"大专","workYear":"1-3年","city":"北京","positionAdvantage":"五险一金，福利待遇好，发展空间大","createTime":"2016-08-25 09:41:26","salary":"10k-15k","positionName":"Android逆向工程师","companySize":"50-150人","companyShortName":"娜迦信息","companyLogo":"image1/M00/28/48/CgYXBlVe2KmAWmxmAADLggMLBuQ642.png","financeStage":"成长型(A轮)","approve":1,"jobNature":"全职","companyLabelList":["节日礼物","帅哥多","美女多","弹性工作"],"district":"海淀区","score":0,"publisherId":569819,"explain":null,"plus":null,"pcShow":0,"appShow":0,"deliver":0,"gradeDescription":null},{"companyFullName":"上海览海在线健康管理有限公司","adWord":0,"companyId":109150,"formatCreateTime":"2016-08-25","businessZones":["望京","大山子","花家地"],"imState":"disabled","lastLogin":1472542038000,"positionId":1912583,"industryField":"移动互联网,电子商务","education":"大专","workYear":"1-3年","city":"北京","positionAdvantage":"14薪+五险一金+团队大牛+福利丰厚","createTime":"2016-08-25 09:41:15","salary":"15k-20k","positionName":"Android工程师","companySize":"15-50人","companyShortName":"上海览海在线健康管理有限公司","companyLogo":"i/image/M00/3A/9D/CgqKkVdp9d2AK05EAABHG2QGF0E704.jpg","financeStage":"初创型(不需要融资)","approve":0,"jobNature":"全职","companyLabelList":["股票期权","年终分红","定期体检"],"district":"朝阳区","score":0,"publisherId":3435369,"explain":null,"plus":null,"pcShow":0,"appShow":0,"deliver":0,"gradeDescription":null},{"companyFullName":"北京中广创思文化传播有限公司","adWord":0,"companyId":122130,"formatCreateTime":"2016-08-25","businessZones":null,"imState":"disabled","lastLogin":1472459002000,"positionId":2182905,"industryField":"移动互联网,社交网络","education":"本科","workYear":"3-5年","city":"北京","positionAdvantage":"高福利、年轻团队、拼搏进取、成就自己","createTime":"2016-08-25 09:34:18","salary":"10k-20k","positionName":"高级Android工程师","companySize":"50-150人","companyShortName":"中广创思","companyLogo":"i/image/M00/1A/6B/Cgp3O1b6JMCAH7JjAAAjeBHAIqw311.jpg","financeStage":"成长型(不需要融资)","approve":0,"jobNature":"全职","companyLabelList":["专项奖金","绩效奖金","带薪年假","扁平管理"],"district":null,"score":0,"publisherId":4662248,"explain":null,"plus":null,"pcShow":0,"appShow":0,"deliver":0,"gradeDescription":null}]}},"code":0}