{"msg":null,"success":true,"requestId":null,"resubmitToken":null,"content":{"pageNo":35,"pageSize":15,"positionResult":{"queryAnalysisInfo":{"industryName":null,"usefulCompany":false,"positionName":"android","companyName":null},"strategyProperty":{"name":"dm-csearch-newSimScorer","id":1},"totalCount":8899,"resultSize":15,"locationInfo":{"businessZone":null,"locationCode":null,"queryByGisCode":false,"city":"北京","district":null},"result":[{"companyId":1686,"explain":null,"plus":null,"pcShow":0,"appShow":0,"deliver":0,"gradeDescription":null,"businessZones":["中关村","北京大学","苏州街"],"imState":"disabled","lastLogin":1472555139000,"publisherId":1363581,"positionName":"Android","workYear":"不限","education":"本科","jobNature":"全职","positionId":867354,"createTime":"2016-08-25 13:41:57","city":"北京","companyLogo":"image1/M00/00/06/Cgo8PFTUWAaAbD7PAACAXTzCmiw113.jpg","industryField":"广告营销,文化娱乐","positionAdvantage":"行业领先技术 技术氛围良好 业务快速增长","salary":"15k-25k","companySize":"2000人以上","approve":1,"financeStage":"成熟型(D轮及以上)","companyLabelList":["绩效奖金","五险一金","交通补助","带薪年假"],"district":"海淀区","companyShortName":"爱奇艺","score":0,"formatCreateTime":"2016-08-25","companyFullName":"北京爱奇艺科技有限公司","adWord":0},{"companyId":106474,"explain":null,"plus":null,"pcShow":0,"appShow":0,"deliver":0,"gradeDescription":null,"businessZones":null,"imState":"today","lastLogin":1472539560000,"publisherId":4043469,"positionName":"Android高级工程师","workYear":"不限","education":"本科","jobNature":"全职","positionId":1831407,"createTime":"2016-08-25 13:15:09","city":"北京","companyLogo":"i/image/M00/3E/B7/CgqKkVd1D0yATHrBAAC2ODu0Rw8849.png","industryField":"移动互联网,社交网络","positionAdvantage":"股票激励，五险一金，包吃，千万级用户开发","salary":"15k-30k","companySize":"15-50人","approve":1,"financeStage":"初创型(天使轮)","companyLabelList":["股票期权","五险一金","弹性工作","免费健身"],"district":"海淀区","companyShortName":"谱思","score":0,"formatCreateTime":"2016-08-25","companyFullName":"北京谱思科技有限公司","adWord":0},{"companyId":2474,"explain":null,"plus":null,"pcShow":0,"appShow":0,"deliver":0,"gradeDescription":null,"businessZones":["上地","西二旗","马连洼"],"imState":"today","lastLogin":1472556596000,"publisherId":1837136,"positionName":"高级Android开发工程师","workYear":"1-3年","education":"本科","jobNature":"全职","positionId":746268,"createTime":"2016-08-25 12:49:02","city":"北京","companyLogo":"i/image/M00/00/20/Cgp3O1YtmkSAZjX1AAA78knErXc273.jpg","industryField":"移动互联网","positionAdvantage":"秒杀一切互联网公司的医疗补充福利。","salary":"20k-40k","companySize":"500-2000人","approve":0,"financeStage":"成熟型(D轮及以上)","companyLabelList":["弹性工作","节日礼物","岗位晋升","技能培训"],"district":"海淀区","companyShortName":"滴滴出行","score":0,"formatCreateTime":"2016-08-25","companyFullName":"北京小桔科技有限公司","adWord":0},{"companyId":124574,"explain":null,"plus":null,"pcShow":0,"appShow":0,"deliver":0,"gradeDescription":null,"businessZones":null,"imState":"today","lastLogin":1472550289000,"publisherId":4798929,"positionName":"Android工程师","workYear":"应届毕业生","education":"本科","jobNature":"实习","positionId":2222069,"createTime":"2016-08-25 11:36:44","city":"北京","companyLogo":"i/image/M00/20/D1/CgqKkVcPK6yAV4egAANxEy2K_z4757.jpg","industryField":"数据服务,硬件","positionAdvantage":"待遇好 升职快 气氛好 伙伴牛","salary":"2k-4k","companySize":"15-50人","approve":1,"financeStage":"初创型(天使轮)","companyLabelList":["年底双薪","股票期权","午餐补助","弹性工作"],"district":null,"companyShortName":"声智科技","score":0,"formatCreateTime":"2016-08-25","companyFullName":"北京声智科技有限公司","adWord":0},{"companyId":54802,"explain":null,"plus":null,"pcShow":0,"appShow":0,"deliver":0,"gradeDescription":null,"businessZones":["紫竹桥","花园桥","航天桥"],"imState":"disabled","lastLogin":1472456344000,"publisherId":4909345,"positionName":"Android开发工程师","workYear":"1-3年","education":"本科","jobNature":"全职","positionId":2227621,"createTime":"2016-08-25 11:32:00","city":"北京","companyLogo":"image1/M00/0D/8D/CgYXBlT4CuOAeQf6AABhZwQZTRc372.png","industryField":"移动互联网,文化娱乐","positionAdvantage":"五险一金、带薪年假、绩效奖金、食堂","salary":"8k-10k","companySize":"150-500人","approve":1,"financeStage":"成长型(不需要融资)","companyLabelList":["年底双薪","专项奖金","带薪年假","演唱会门票"],"district":"海淀区","companyShortName":"中投视讯","score":0,"formatCreateTime":"2016-08-25","companyFullName":"北京中投视讯文化传媒股份有限公司","adWord":0},{"companyId":15111,"explain":null,"plus":null,"pcShow":0,"appShow":0,"deliver":0,"gradeDescription":null,"businessZones":null,"imState":"today","lastLogin":1472552392000,"publisherId":1595082,"positionName":"Android","workYear":"3-5年","education":"本科","jobNature":"全职","positionId":2286975,"createTime":"2016-08-25 11:30:53","city":"北京","companyLogo":"image1/M00/00/1D/Cgo8PFTUWGGAZQdjAADRNZVO9fc470.jpg","industryField":"电子商务","positionAdvantage":"弹性工作，福利年假，欢乐氛围，大平台","salary":"15k-20k","companySize":"500-2000人","approve":1,"financeStage":"成熟型(不需要融资)","companyLabelList":["五险一金","午餐补助","定期体检","技能培训"],"district":null,"companyShortName":"联拓天际","score":0,"formatCreateTime":"2016-08-25","companyFullName":"北京联拓天际电子商务有限公司","adWord":0},{"companyId":62014,"explain":null,"plus":null,"pcShow":0,"appShow":0,"deliver":0,"gradeDescription":null,"businessZones":["西北旺","马连洼","上地"],"imState":"disabled","lastLogin":1472436313000,"publisherId":612182,"positionName":"Android高级开发工程师","workYear":"5-10年","education":"本科","jobNature":"全职","positionId":2286829,"createTime":"2016-08-25 11:19:13","city":"北京","companyLogo":"i/image/M00/02/55/Cgp3O1aMctaASxbmAAB84PhsBy4435.png","industryField":"移动互联网","positionAdvantage":"领导nice，团队氛围好，福利好","salary":"15k-25k","companySize":"2000人以上","approve":0,"financeStage":"上市公司","companyLabelList":["技能培训","绩效奖金","岗位晋升","管理规范"],"district":"海淀区","companyShortName":"新浪网技术中国有限公司","score":0,"formatCreateTime":"2016-08-25","companyFullName":"新浪网技术中国有限公司","adWord":0},{"companyId":114110,"explain":null,"plus":null,"pcShow":0,"appShow":0,"deliver":0,"gradeDescription":null,"businessZones":null,"imState":"disabled","lastLogin":1472547909000,"publisherId":5372318,"positionName":"Android开发工程师","workYear":"3-5年","education":"本科","jobNature":"全职","positionId":1979297,"createTime":"2016-08-25 11:17:44","city":"北京","companyLogo":"i/image/M00/04/2B/Cgp3O1bGwzWAEAB4AAAbnMQCudk783.jpg","industryField":"移动互联网","positionAdvantage":"6险一金，乐视控股全员持股，工作环境好","salary":"15k-24k","companySize":"2000人以上","approve":1,"financeStage":"上市公司","companyLabelList":["股票期权","交通补助","通讯津贴","带薪年假"],"district":null,"companyShortName":"乐视","score":0,"formatCreateTime":"2016-08-25","companyFullName":"乐视网信息技术（北京）股份有限公司","adWord":0},{"companyId":436,"explain":null,"plus":null,"pcShow":0,"appShow":0,"deliver":0,"gradeDescription":null,"businessZones":["酒仙桥","大山子","将台路"],"imState":"sevenDays","lastLogin":1472094588000,"publisherId":2650023,"positionName":"Android研发工程师","workYear":"3-5年","education":"本科","jobNature":"全职","positionId":1115812,"createTime":"2016-08-25 11:15:34","city":"北京","companyLogo":"image1/M00/26/1E/Cgo8PFVUDROAf7zrAABr5cEcbGQ572.jpg","industryField":"移动互联网,游戏","positionAdvantage":"年底双薪，弹性工作，午餐补助，五险一金","salary":"10k-20k","companySize":"50-150人","approve":1,"financeStage":"上市公司","companyLabelList":null,"district":"朝阳区","companyShortName":"360","score":0,"formatCreateTime":"2016-08-25","companyFullName":"奇虎360科技有限公司","adWord":0},{"companyId":8414,"explain":null,"plus":null,"pcShow":0,"appShow":0,"deliver":0,"gradeDescription":null,"businessZones":null,"imState":"today","lastLogin":1472548798000,"publisherId":731558,"positionName":"安卓高级开发工程师","workYear":"1-3年","education":"本科","jobNature":"全职","positionId":2215628,"createTime":"2016-08-25 11:12:06","city":"北京","companyLogo":"image1/M00/00/11/CgYXBlTUWDOAeZQdAABbV0qQVPE716.jpg","industryField":"移动互联网","positionAdvantage":"期权 七险一金 每日餐补 灵活工作制","salary":"15k-25k","companySize":"500-2000人","approve":1,"financeStage":"成熟型(D轮及以上)","companyLabelList":["带薪年假","午餐补助","扁平管理","弹性工作"],"district":"海淀区","companyShortName":"一点资讯","score":0,"formatCreateTime":"2016-08-25","companyFullName":"一点网聚科技有限公司","adWord":0},{"companyId":104996,"explain":null,"plus":null,"pcShow":0,"appShow":0,"deliver":0,"gradeDescription":null,"businessZones":["大望路","华贸","百子湾"],"imState":"today","lastLogin":1472520170000,"publisherId":3097516,"positionName":"Android高级开发工程师","workYear":"3-5年","education":"大专","jobNature":"全职","positionId":1240335,"createTime":"2016-08-25 11:11:51","city":"北京","companyLogo":"i/image/M00/0F/46/CgqKkVbdhoiAcu2cAABM_CtwOPI911.png","industryField":"移动互联网,生活服务","positionAdvantage":"股票期权，扁平化管理，各种补助，大牛多","salary":"20k-30k","companySize":"50-150人","approve":1,"financeStage":"初创型(天使轮)","companyLabelList":["年底双薪","节日礼物","股票期权","扁平管理"],"district":"朝阳区","companyShortName":"厨品秀","score":0,"formatCreateTime":"2016-08-25","companyFullName":"北京厨品秀网络科技有限公司","adWord":0},{"companyId":98620,"explain":null,"plus":null,"pcShow":0,"appShow":0,"deliver":0,"gradeDescription":null,"businessZones":["望京","大山子","花家地"],"imState":"threeDays","lastLogin":1472434591000,"publisherId":2752197,"positionName":"高级Android工程师","workYear":"3-5年","education":"不限","jobNature":"全职","positionId":2286732,"createTime":"2016-08-25 11:09:02","city":"北京","companyLogo":"image2/M00/09/C2/CgqLKVYLPjWAb0UGAAAVsB0P-IE066.jpg?cc=0.5010317601263523","industryField":"移动互联网,金融","positionAdvantage":"大平台,无线一金,绩效奖金","salary":"10k-20k","companySize":"2000人以上","approve":1,"financeStage":"成长型(A轮)","companyLabelList":["节日礼物","免费班车","带薪年假","绩效奖金"],"district":"朝阳区","companyShortName":"玖富","score":0,"formatCreateTime":"2016-08-25","companyFullName":"北京玖富时代投资顾问有限公司","adWord":0},{"companyId":91,"explain":null,"plus":null,"pcShow":0,"appShow":0,"deliver":0,"gradeDescription":null,"businessZones":["望京","大山子","酒仙桥"],"imState":"disabled","lastLogin":1472536677000,"publisherId":697488,"positionName":"Android架构师","workYear":"不限","education":"不限","jobNature":"全职","positionId":540246,"createTime":"2016-08-25 11:00:52","city":"北京","companyLogo":"i/image/M00/01/92/CgqKkVZv9oyAebyDAACpLbec-1E022.jpg","industryField":"移动互联网","positionAdvantage":"有发展空间","salary":"25k-50k","companySize":"2000人以上","approve":1,"financeStage":"上市公司","companyLabelList":["弹性工作","帅哥多","美女多","五险一金"],"district":"朝阳区","companyShortName":"阿里巴巴移动事业群-高德","score":0,"formatCreateTime":"2016-08-25","companyFullName":"高德软件有限公司","adWord":0},{"companyId":22824,"explain":null,"plus":null,"pcShow":0,"appShow":0,"deliver":0,"gradeDescription":null,"businessZones":["亮马桥","三元桥","燕莎"],"imState":"disabled","lastLogin":1472541350000,"publisherId":263628,"positionName":"Android工程师","workYear":"3-5年","education":"本科","jobNature":"全职","positionId":379326,"createTime":"2016-08-25 10:54:09","city":"北京","companyLogo":"image1/M00/28/77/Cgo8PFVgYkOABOJNAABT8fE8HUQ035.jpg","industryField":"电子商务","positionAdvantage":"五险一金；年底双薪；带薪年假；股票期权","salary":"20k-30k","companySize":"50-150人","approve":1,"financeStage":"成长型(A轮)","companyLabelList":["年底双薪","股票期权","带薪年假","硅谷文化"],"district":"朝阳区","companyShortName":"优定制","score":0,"formatCreateTime":"2016-08-25","companyFullName":"定制风科技（北京）有限公司","adWord":0},{"companyId":48424,"explain":null,"plus":null,"pcShow":0,"appShow":0,"deliver":0,"gradeDescription":null,"businessZones":null,"imState":"today","lastLogin":1472520967000,"publisherId":945274,"positionName":"安卓内核工程师","workYear":"1-3年","education":"不限","jobNature":"全职","positionId":2154676,"createTime":"2016-08-25 10:52:17","city":"北京","companyLogo":"i/image/M00/1D/82/CgqKkVcE1xuAKhG6AAAItGSel5s778.png","industryField":"移动互联网","positionAdvantage":"一流技术团,五险一金,带薪假,零食咖啡","salary":"15k-30k","companySize":"150-500人","approve":1,"financeStage":"成长型(不需要融资)","companyLabelList":["年底双薪","节日礼物","带薪年假","岗位晋升"],"district":"海淀区","companyShortName":"乐泾达","score":0,"formatCreateTime":"2016-08-25","companyFullName":"上海乐泾达科技有限公司","adWord":0}]}},"code":0}