{"msg":null,"success":true,"requestId":null,"resubmitToken":null,"content":{"pageNo":87,"pageSize":15,"positionResult":{"queryAnalysisInfo":{"industryName":null,"usefulCompany":false,"positionName":"android","companyName":null},"strategyProperty":{"name":"dm-csearch-newSimScorer","id":1},"totalCount":8899,"resultSize":15,"locationInfo":{"businessZone":null,"locationCode":null,"queryByGisCode":false,"city":"北京","district":null},"result":[{"companyId":126780,"explain":null,"plus":null,"pcShow":0,"appShow":0,"deliver":0,"gradeDescription":null,"businessZones":["知春路","蓟门桥","大钟寺"],"imState":"overSevenDays","lastLogin":1471414491000,"publisherId":5149141,"positionName":"Android ROM开发工程师","workYear":"1-3年","education":"本科","jobNature":"全职","positionId":1923929,"createTime":"2016-07-22 17:44:48","city":"北京","companyLogo":"i/image/M00/28/0F/Cgp3O1cpuQ6AEjg2AAAaD5_cOrQ957.jpg","industryField":"移动互联网","positionAdvantage":"基本薪资 + 奖金/提成","salary":"15k-25k","companySize":"15-50人","approve":0,"financeStage":"初创型(天使轮)","companyLabelList":null,"district":"海淀区","companyShortName":"奥瑞","score":0,"formatCreateTime":"2016-07-22","companyFullName":"北京奥瑞创想科技有限公司","adWord":0},{"companyId":83416,"explain":null,"plus":null,"pcShow":0,"appShow":0,"deliver":0,"gradeDescription":null,"businessZones":["和平里","雍和宫","安定门"],"imState":"disabled","lastLogin":1472517467000,"publisherId":174745,"positionName":"Android Framework","workYear":"5-10年","education":"本科","jobNature":"全职","positionId":1477240,"createTime":"2016-07-20 09:36:14","city":"北京","companyLogo":"image1/M00/39/3E/Cgo8PFWodXmAUw38AAAhxaYQA7s719.JPG?cc=0.1519465318415314","industryField":"移动互联网,信息安全","positionAdvantage":"绩效奖金 股票期权 五险一金 补充医疗","salary":"18k-25k","companySize":"150-500人","approve":1,"financeStage":"成长型(B轮)","companyLabelList":["技能培训","年底双薪","股票期权","带薪年假"],"district":"东城区","companyShortName":"元心科技","score":0,"formatCreateTime":"2016-07-20","companyFullName":"北京元心科技有限公司","adWord":0},{"companyId":77105,"explain":null,"plus":null,"pcShow":0,"appShow":0,"deliver":0,"gradeDescription":null,"businessZones":["上地","马连洼","西二旗"],"imState":"overSevenDays","lastLogin":1470277842000,"publisherId":5402251,"positionName":"Android","workYear":"1-3年","education":"本科","jobNature":"全职","positionId":2116062,"createTime":"2016-07-19 12:02:18","city":"北京","companyLogo":"image1/M00/2E/F1/CgYXBlV_8uOAG-lhAAAI1SDn90A808.png?cc=0.7755555979997883","industryField":"游戏","positionAdvantage":"过节费、员工旅游、春节红包、健身房","salary":"10k-20k","companySize":"500-2000人","approve":0,"financeStage":"上市公司","companyLabelList":["技能培训","节日礼物","带薪年假","绩效奖金"],"district":"海淀区","companyShortName":"竞技世界","score":0,"formatCreateTime":"2016-07-19","companyFullName":"竞技世界（北京）网络技术有限公司","adWord":0},{"companyId":37446,"explain":null,"plus":null,"pcShow":0,"appShow":0,"deliver":0,"gradeDescription":null,"businessZones":["望京","大山子","花家地"],"imState":"threeDays","lastLogin":1472437039000,"publisherId":665090,"positionName":"Android开发工程师","workYear":"3-5年","education":"本科","jobNature":"全职","positionId":958107,"createTime":"2016-07-18 22:47:54","city":"北京","companyLogo":"i/image/M00/07/29/Cgp3O1bNqgmAYsxmAAAbczUqngM394.png","industryField":"移动互联网","positionAdvantage":"股票期权、扁平管理、环境舒适、氛围轻松","salary":"15k-30k","companySize":"50-150人","approve":1,"financeStage":"成长型(B轮)","companyLabelList":["技能培训","节日礼物","丰富的团建","扁平管理"],"district":"朝阳区","companyShortName":"APUS Group","score":0,"formatCreateTime":"2016-07-18","companyFullName":"北京麒麟合盛科技有限公司","adWord":0},{"companyId":96589,"explain":null,"plus":null,"pcShow":0,"appShow":0,"deliver":0,"gradeDescription":null,"businessZones":["东大桥","CBD","朝外"],"imState":"overSevenDays","lastLogin":1471847421000,"publisherId":2615831,"positionName":"Android高级开发工程师","workYear":"1-3年","education":"大专","jobNature":"全职","positionId":2109918,"createTime":"2016-07-18 13:47:41","city":"北京","companyLogo":"image2/M00/06/CF/CgpzWlX7eyaAWAzFAADM1ssLY9k392.jpg?cc=0.5295753655955195","industryField":"文化娱乐","positionAdvantage":"五险一金 交补饭补 弹性 发展空间大 美女多","salary":"10k-20k","companySize":"15-50人","approve":1,"financeStage":"成长型(A轮)","companyLabelList":["领导好","美女多","交通补助","五险一金"],"district":"朝阳区","companyShortName":"时尚星秀","score":0,"formatCreateTime":"2016-07-18","companyFullName":"北京时尚星秀影视文化传媒有限公司","adWord":0},{"companyId":60312,"explain":null,"plus":null,"pcShow":0,"appShow":0,"deliver":0,"gradeDescription":null,"businessZones":["建外大街","国贸","CBD"],"imState":"today","lastLogin":1472516864000,"publisherId":1516695,"positionName":"Android工程师","workYear":"1-3年","education":"本科","jobNature":"全职","positionId":538347,"createTime":"2016-07-18 13:44:01","city":"北京","companyLogo":"images/logo_default.png","industryField":"移动互联网,金融","positionAdvantage":"项目奖金、年底双薪","salary":"3k-6k","companySize":"15-50人","approve":0,"financeStage":"初创型(未融资)","companyLabelList":["技能培训","年底双薪","岗位晋升","定期体检"],"district":"朝阳区","companyShortName":"掌智在线","score":0,"formatCreateTime":"2016-07-18","companyFullName":"掌智在线科技(北京)有限公司","adWord":0},{"companyId":102796,"explain":null,"plus":null,"pcShow":0,"appShow":0,"deliver":0,"gradeDescription":null,"businessZones":["西北旺","马连洼","上地"],"imState":"disabled","lastLogin":1472520517000,"publisherId":5498814,"positionName":"Android","workYear":"3-5年","education":"本科","jobNature":"全职","positionId":2108682,"createTime":"2016-07-18 11:03:25","city":"北京","companyLogo":"image2/M00/10/51/CgqLKVYt3X6AM3jeAAA7ivNTiPg788.jpg?cc=0.486460896441713","industryField":"移动互联网","positionAdvantage":"平台好，牛人多，奖金多，有期权","salary":"20k-35k","companySize":"2000人以上","approve":0,"financeStage":"成熟型(D轮及以上)","companyLabelList":["节日礼物","专项奖金","带薪年假","绩效奖金"],"district":"海淀区","companyShortName":"滴滴出行","score":0,"formatCreateTime":"2016-07-18","companyFullName":"滴滴出行","adWord":0},{"companyId":12107,"explain":null,"plus":null,"pcShow":0,"appShow":0,"deliver":0,"gradeDescription":null,"businessZones":["建外大街","CBD","国贸","建外大街","CBD","国贸"],"imState":"disabled","lastLogin":1470638978000,"publisherId":410586,"positionName":"Android","workYear":"3-5年","education":"本科","jobNature":"全职","positionId":1783400,"createTime":"2016-07-18 10:01:26","city":"北京","companyLogo":"image1/M00/00/18/CgYXBlTUWE2AOyOoAABkLYeXZgM980.jpg","industryField":"移动互联网,医疗健康","positionAdvantage":"六险一金，员工旅游，弹性工作，零食水果","salary":"10k-16k","companySize":"15-50人","approve":1,"financeStage":"成长型(B轮)","companyLabelList":["节日礼物","技能培训","股票期权","绩效奖金"],"district":"朝阳区","companyShortName":"朱李叶集团","score":0,"formatCreateTime":"2016-07-18","companyFullName":"北京朱李叶健康科技有限公司","adWord":0},{"companyId":4612,"explain":null,"plus":null,"pcShow":0,"appShow":0,"deliver":0,"gradeDescription":null,"businessZones":["五道口","中关村","清华大学"],"imState":"overSevenDays","lastLogin":1470118932000,"publisherId":4079496,"positionName":"安卓开发工程师","workYear":"3-5年","education":"本科","jobNature":"全职","positionId":1959338,"createTime":"2016-07-18 09:10:00","city":"北京","companyLogo":"image1/M00/1B/BD/CgYXBlUjhpiAAPK4AAAzvDmtz64194.jpg","industryField":"移动互联网,教育","positionAdvantage":"年底双薪、职业发展、五险一金、专业培训","salary":"12k-20k","companySize":"2000人以上","approve":1,"financeStage":"上市公司","companyLabelList":["年底双薪","股票期权","免费班车","带薪年假"],"district":"海淀区","companyShortName":"拓维信息","score":0,"formatCreateTime":"2016-07-18","companyFullName":"拓维信息系统股份有限公司","adWord":0},{"companyId":28421,"explain":null,"plus":null,"pcShow":0,"appShow":0,"deliver":0,"gradeDescription":null,"businessZones":["左家庄","柳芳","西坝河"],"imState":"overSevenDays","lastLogin":1471570002000,"publisherId":5040429,"positionName":"Android 软件工程师","workYear":"1-3年","education":"本科","jobNature":"全职","positionId":1843734,"createTime":"2016-07-18 09:01:30","city":"北京","companyLogo":"i/image/M00/2A/88/CgqKkVcynJWAKw_pAAAUrJr-_2I190.jpg","industryField":"游戏","positionAdvantage":"前沿技术 晋升空间","salary":"18k-35k","companySize":"15-50人","approve":1,"financeStage":"上市公司","companyLabelList":["五险一金","年底双薪","节日礼物","午餐补助"],"district":"朝阳区","companyShortName":"SG","score":0,"formatCreateTime":"2016-07-18","companyFullName":"美彩科技（中国）有限公司","adWord":0},{"companyId":15457,"explain":null,"plus":null,"pcShow":0,"appShow":0,"deliver":0,"gradeDescription":null,"businessZones":["展览路","阜成门","官园"],"imState":"today","lastLogin":1472526977000,"publisherId":1679736,"positionName":"Android高级开发工程师","workYear":"3-5年","education":"本科","jobNature":"全职","positionId":653191,"createTime":"2016-07-18 08:59:45","city":"北京","companyLogo":"image1/M00/00/1D/CgYXBlTUWGOAN1QOAACtzDpGLoA864.jpg","industryField":"旅游","positionAdvantage":"上市公司，绩效奖，六险二金，餐补，旅游券","salary":"18k-23k","companySize":"500-2000人","approve":1,"financeStage":"上市公司","companyLabelList":["岗位晋升","年度旅游","扁平管理","管理规范"],"district":"西城区","companyShortName":"中青旅遨游网","score":0,"formatCreateTime":"2016-07-18","companyFullName":"中青旅控股股份有限公司","adWord":0},{"companyId":139417,"explain":null,"plus":null,"pcShow":0,"appShow":0,"deliver":0,"gradeDescription":null,"businessZones":["四季青","世纪城","远大路"],"imState":"threeDays","lastLogin":1472433456000,"publisherId":3429510,"positionName":"Android高级开发工程师","workYear":"1-3年","education":"不限","jobNature":"全职","positionId":2107247,"createTime":"2016-07-18 02:43:11","city":"北京","companyLogo":"i/image/M00/45/FA/Cgp3O1eLWTuAKDW6AAAKlBiiTIE717.png","industryField":"移动互联网,企业服务","positionAdvantage":"独立研发,核心团队,住建部扶持，2000万融资","salary":"8k-10k","companySize":"50-150人","approve":1,"financeStage":"成长型(不需要融资)","companyLabelList":null,"district":"海淀区","companyShortName":"南京海跃尚科技","score":0,"formatCreateTime":"2016-07-18","companyFullName":"南京海跃尚信息科技有限公司","adWord":0},{"companyId":135593,"explain":null,"plus":null,"pcShow":0,"appShow":0,"deliver":0,"gradeDescription":null,"businessZones":null,"imState":"disabled","lastLogin":1472522406000,"publisherId":5540094,"positionName":"Android系统工程师","workYear":"不限","education":"本科","jobNature":"全职","positionId":2107183,"createTime":"2016-07-17 22:41:12","city":"北京","companyLogo":"i/image/M00/3A/B8/Cgp3O1dqHgOABFNrAAAVfH87648732.jpg","industryField":"移动互联网,社交网络","positionAdvantage":"公司目前发展迅猛，待遇优厚","salary":"15k-30k","companySize":"2000人以上","approve":0,"financeStage":"成长型(B轮)","companyLabelList":null,"district":null,"companyShortName":"乐视致新","score":0,"formatCreateTime":"2016-07-17","companyFullName":"乐视致新电子科技(天津)有限公司","adWord":0},{"companyId":95350,"explain":null,"plus":null,"pcShow":0,"appShow":0,"deliver":0,"gradeDescription":null,"businessZones":null,"imState":"overSevenDays","lastLogin":1468678184000,"publisherId":3218575,"positionName":"Android高级开发工程师","workYear":"3-5年","education":"本科","jobNature":"全职","positionId":1982168,"createTime":"2016-07-16 22:10:37","city":"北京","companyLogo":"image2/M00/04/DC/CgpzWlX0KK6Ac1TgAAAiwLStMxI063.png?cc=0.4661047693837771","industryField":"移动互联网,生活服务","positionAdvantage":"五险加班补助午餐补助员工旅游全勤奖","salary":"15k-20k","companySize":"15-50人","approve":1,"financeStage":"初创型(天使轮)","companyLabelList":["绩效奖金","岗位晋升","扁平管理","管理规范"],"district":null,"companyShortName":"巴士互联","score":0,"formatCreateTime":"2016-07-16","companyFullName":"北京巴士互联科技有限公司","adWord":0},{"companyId":125803,"explain":null,"plus":null,"pcShow":0,"appShow":0,"deliver":0,"gradeDescription":null,"businessZones":null,"imState":"overSevenDays","lastLogin":1471918978000,"publisherId":4860411,"positionName":"ios/Android","workYear":"3-5年","education":"本科","jobNature":"全职","positionId":2106090,"createTime":"2016-07-16 12:01:26","city":"北京","companyLogo":"i/image/M00/24/1C/Cgp3O1cZkVWAO8O6AAANoNEoxR4138.jpg","industryField":"移动互联网,教育","positionAdvantage":"国际化视野、顶级资本平台、初创股权","salary":"20k-40k","companySize":"15-50人","approve":1,"financeStage":"成长型(A轮)","companyLabelList":["股票期权","弹性工作","扁平管理","五险一金"],"district":null,"companyShortName":"思清音乐","score":0,"formatCreateTime":"2016-07-16","companyFullName":"思清音乐教育科技（北京）有限公司","adWord":0}]}},"code":0}