{"success":true,"requestId":null,"msg":null,"resubmitToken":null,"code":0,"content":{"pageNo":69,"pageSize":15,"positionResult":{"resultSize":15,"totalCount":8899,"locationInfo":{"queryByGisCode":false,"businessZone":null,"locationCode":null,"city":"北京","district":null},"queryAnalysisInfo":{"industryName":null,"usefulCompany":false,"positionName":"android","companyName":null},"strategyProperty":{"name":"dm-csearch-newSimScorer","id":1},"result":[{"companyId":4828,"businessZones":["左家庄","国展","西坝河"],"imState":"today","lastLogin":1472536194000,"publisherId":284405,"explain":null,"plus":null,"pcShow":0,"appShow":0,"deliver":0,"gradeDescription":null,"companyFullName":"北京当当网信息技术有限公司","formatCreateTime":"2016-08-12","positionName":"Android开发经理","workYear":"5-10年","education":"本科","jobNature":"全职","companyLogo":"image1/M00/30/A7/Cgo8PFWJMWqAAbUwAACiJnZtkZA602.png","salary":"30k-50k","city":"北京","financeStage":"上市公司","industryField":"移动互联网,电子商务","positionId":1802483,"approve":1,"createTime":"2016-08-12 16:34:30","positionAdvantage":"领导好、团队好、能力提升快、业务前景好","district":"朝阳区","companyShortName":"当当网","companyLabelList":["年底双薪","节日礼物","技能培训","绩效奖金"],"score":0,"companySize":"2000人以上","adWord":0},{"companyId":57434,"businessZones":["知春路","中关村","双榆树"],"imState":"disabled","lastLogin":1471401628000,"publisherId":763487,"explain":null,"plus":null,"pcShow":0,"appShow":0,"deliver":0,"gradeDescription":null,"companyFullName":"北京泰博互联科技有限公司","formatCreateTime":"2016-08-12","positionName":"Android","workYear":"应届毕业生","education":"本科","jobNature":"全职","companyLogo":"images/logo_default.png","salary":"4k-7k","city":"北京","financeStage":"成长型(不需要融资)","industryField":"移动互联网","positionId":831154,"approve":0,"createTime":"2016-08-12 09:40:37","positionAdvantage":"吹着海风，让劳累的心可以得到刹那的安宁","district":"海淀区","companyShortName":"泰博互联","companyLabelList":["技能培训","节日礼物","专项奖金","股票期权"],"score":0,"companySize":"50-150人","adWord":0},{"companyId":141318,"businessZones":["望京","大山子","花家地"],"imState":"disabled","lastLogin":1472528044000,"publisherId":5858312,"explain":null,"plus":null,"pcShow":0,"appShow":0,"deliver":0,"gradeDescription":null,"companyFullName":"云厚科技（北京）有限公司","formatCreateTime":"2016-08-12","positionName":"Android","workYear":"5-10年","education":"本科","jobNature":"全职","companyLogo":"i/image/M00/4A/17/CgqKkVeZcMWAH-paAAAKDs9cdKA893.jpg","salary":"20k-30k","city":"北京","financeStage":"初创型(未融资)","industryField":"移动互联网,数据服务","positionId":2228768,"approve":0,"createTime":"2016-08-12 09:32:21","positionAdvantage":"五险一金，年终福利","district":"朝阳区","companyShortName":"云厚科技（北京）有限公司","companyLabelList":null,"score":0,"companySize":"50-150人","adWord":0},{"companyId":73876,"businessZones":["北京站","建国门","东单"],"imState":"today","lastLogin":1472567978000,"publisherId":1828038,"explain":null,"plus":null,"pcShow":0,"appShow":0,"deliver":0,"gradeDescription":null,"companyFullName":"摩比神奇（北京）信息技术有限公司","formatCreateTime":"2016-08-12","positionName":"Android","workYear":"3-5年","education":"本科","jobNature":"全职","companyLogo":"images/logo_default.png","salary":"25k-50k","city":"北京","financeStage":"成长型(不需要融资)","industryField":"移动互联网","positionId":2228501,"approve":0,"createTime":"2016-08-12 06:38:17","positionAdvantage":"与ex-(fb/google/twitter)组成顶尖团队一起","district":"东城区","companyShortName":"摩比神奇","companyLabelList":["技能培训","节日礼物","年底双薪","带薪年假"],"score":0,"companySize":"150-500人","adWord":0},{"companyId":131530,"businessZones":["酒仙桥","大山子","将台路"],"imState":"today","lastLogin":1472569444000,"publisherId":5259641,"explain":null,"plus":null,"pcShow":0,"appShow":0,"deliver":0,"gradeDescription":null,"companyFullName":"乐视致新电子商务有限公司","formatCreateTime":"2016-08-11","positionName":"Android应用开发工程师","workYear":"1-3年","education":"本科","jobNature":"全职","companyLogo":"i/image/M00/30/4A/CgqKkVdF5ZqASMJdAAAVhkMvQXY933.jpg","salary":"10k-20k","city":"北京","financeStage":"上市公司","industryField":"硬件,电子商务","positionId":1919678,"approve":0,"createTime":"2016-08-11 23:24:10","positionAdvantage":"16薪/全员持股/Android系统研发/全城班车","district":"朝阳区","companyShortName":"乐视致新电子商务有限公司","companyLabelList":["股票期权","带薪年假","通讯津贴","午餐补助"],"score":0,"companySize":"2000人以上","adWord":0},{"companyId":143327,"businessZones":["望京","大山子","花家地"],"imState":"disabled","lastLogin":1472554244000,"publisherId":5883296,"explain":null,"plus":null,"pcShow":0,"appShow":0,"deliver":0,"gradeDescription":null,"companyFullName":"威马汽车技术有限公司","formatCreateTime":"2016-08-11","positionName":"资深Android系统架构师","workYear":"3-5年","education":"本科","jobNature":"全职","companyLogo":"i/image/M00/4E/C6/Cgp3O1esUPqAbeGDAAATEMxe9do887.jpg","salary":"8k-15k","city":"北京","financeStage":"成长型(A轮)","industryField":"移动互联网,其他","positionId":2228267,"approve":0,"createTime":"2016-08-11 19:35:59","positionAdvantage":"年底双薪 五险一金 绩效奖金 管理规范","district":"朝阳区","companyShortName":"威马汽车","companyLabelList":null,"score":0,"companySize":"150-500人","adWord":0},{"companyId":1856,"businessZones":null,"imState":"sevenDays","lastLogin":1472115224000,"publisherId":129795,"explain":null,"plus":null,"pcShow":0,"appShow":0,"deliver":0,"gradeDescription":null,"companyFullName":"北京海蓝创景投资咨询有限公司","formatCreateTime":"2016-08-11","positionName":"高级Android开发工程师","workYear":"3-5年","education":"大专","jobNature":"全职","companyLogo":"i/image/M00/47/D9/Cgp3O1eQqmeATzNOAACOd2PMZCw003.png","salary":"20k-30k","city":"北京","financeStage":"成长型(A轮)","industryField":"金融","positionId":1956811,"approve":1,"createTime":"2016-08-11 18:24:00","positionAdvantage":"福利优越 发展前景","district":null,"companyShortName":"创投圈","companyLabelList":["互联网","金融","创投","天使投资"],"score":0,"companySize":"15-50人","adWord":0},{"companyId":14301,"businessZones":["白石桥","魏公村","北下关"],"imState":"overSevenDays","lastLogin":1471401422000,"publisherId":172743,"explain":null,"plus":null,"pcShow":0,"appShow":0,"deliver":0,"gradeDescription":null,"companyFullName":"北京悦优博迈科技有限公司","formatCreateTime":"2016-08-11","positionName":"Android高级开发工程师","workYear":"3-5年","education":"本科","jobNature":"全职","companyLogo":"i/image/M00/02/B3/CgqKkVaYf4uANdlQAAA0lCoZm_I836.jpg","salary":"15k-25k","city":"北京","financeStage":"成长型(A轮)","industryField":"移动互联网","positionId":89791,"approve":1,"createTime":"2016-08-11 18:06:39","positionAdvantage":"高薪期权，五险一金，风口行业任发挥无上限","district":"海淀区","companyShortName":"悦优博迈","companyLabelList":["股票期权","绩效奖金","带薪年假","午餐补助"],"score":0,"companySize":"15-50人","adWord":0},{"companyId":70932,"businessZones":["望京","大山子","花家地"],"imState":"today","lastLogin":1472554551000,"publisherId":1708539,"explain":null,"plus":null,"pcShow":0,"appShow":0,"deliver":0,"gradeDescription":null,"companyFullName":"北京房总管网络技术有限公司","formatCreateTime":"2016-08-11","positionName":"Android开发工程师","workYear":"1-3年","education":"本科","jobNature":"全职","companyLogo":"i/image/M00/00/AF/CgqKkVZS1JqAX0nlAAAM4WdO2o4525.png","salary":"10k-20k","city":"北京","financeStage":"成长型(B轮)","industryField":"O2O","positionId":1277000,"approve":1,"createTime":"2016-08-11 17:18:56","positionAdvantage":"a轮融资顺利发展空间大","district":"朝阳区","companyShortName":"房总管","companyLabelList":["年底双薪","节日礼物","绩效奖金","岗位晋升"],"score":0,"companySize":"50-150人","adWord":0},{"companyId":134316,"businessZones":["朝阳门","朝外","东四"],"imState":"disabled","lastLogin":1470906335000,"publisherId":5893794,"explain":null,"plus":null,"pcShow":0,"appShow":0,"deliver":0,"gradeDescription":null,"companyFullName":"北京康源汇行科技有限公司","formatCreateTime":"2016-08-11","positionName":"Android","workYear":"不限","education":"大专","jobNature":"全职","companyLogo":"i/image/M00/37/26/Cgp3O1dfo56Ado7_AAAvnTQYyNY897.png","salary":"15k-25k","city":"北京","financeStage":"成长型(不需要融资)","industryField":"电子商务,O2O","positionId":2226676,"approve":1,"createTime":"2016-08-11 16:05:45","positionAdvantage":"五险一金,员工福利,补助","district":"东城区","companyShortName":"洋窝儿","companyLabelList":null,"score":0,"companySize":"50-150人","adWord":0},{"companyId":101456,"businessZones":null,"imState":"today","lastLogin":1472549157000,"publisherId":4932768,"explain":null,"plus":null,"pcShow":0,"appShow":0,"deliver":0,"gradeDescription":null,"companyFullName":"北京启明智创科技有限公司","formatCreateTime":"2016-08-11","positionName":"Android开发工程师","workYear":"1-3年","education":"本科","jobNature":"全职","companyLogo":"i/image/M00/54/72/CgqKkVfD5AuAGaWkAABI37mh4CQ342.png","salary":"10k-20k","city":"北京","financeStage":"成长型(A轮)","industryField":"移动互联网,广告营销","positionId":1835237,"approve":1,"createTime":"2016-08-11 15:59:52","positionAdvantage":"国际市场,移动互联网,中关村,股票期权","district":null,"companyShortName":"启明智创","companyLabelList":["国际市场","股票期权","中关村","专项奖金"],"score":0,"companySize":"少于15人","adWord":0},{"companyId":31686,"businessZones":["上地","西二旗","马连洼"],"imState":"overSevenDays","lastLogin":1471420190000,"publisherId":2070132,"explain":null,"plus":null,"pcShow":0,"appShow":0,"deliver":0,"gradeDescription":null,"companyFullName":"浙江吉利汽车","formatCreateTime":"2016-08-11","positionName":"Android系统开发工程师","workYear":"不限","education":"不限","jobNature":"全职","companyLogo":"image1/M00/1F/C5/CgYXBlU0v52AAahOAABa9C0bmdE444.jpg","salary":"20k-35k","city":"北京","financeStage":"成熟型(不需要融资)","industryField":"生活服务","positionId":2092010,"approve":0,"createTime":"2016-08-11 15:36:32","positionAdvantage":"高薪 前景广阔","district":"海淀区","companyShortName":"浙江易停控股有限公司","companyLabelList":["技能培训","节日礼物","绩效奖金","岗位晋升"],"score":0,"companySize":"2000人以上","adWord":0},{"companyId":4836,"businessZones":null,"imState":"disabled","lastLogin":1472532133000,"publisherId":3923976,"explain":null,"plus":null,"pcShow":0,"appShow":0,"deliver":0,"gradeDescription":null,"companyFullName":"北京京东尚科信息技术有限公司","formatCreateTime":"2016-08-11","positionName":"Android或者ios(测试开发职位)","workYear":"3-5年","education":"本科","jobNature":"全职","companyLogo":"image2/M00/07/C8/CgpzWlYAsfGATpk7AAAJkGWG2kk774.png?cc=0.19381895544938743","salary":"15k-30k","city":"北京","financeStage":"上市公司","industryField":"电子商务","positionId":1982588,"approve":1,"createTime":"2016-08-11 15:27:17","positionAdvantage":"年底双薪,餐补，全勤奖，五险一金","district":null,"companyShortName":"京东商城","companyLabelList":["技能培训","年底双薪","节日礼物","绩效奖金"],"score":0,"companySize":"2000人以上","adWord":0},{"companyId":43735,"businessZones":["四惠","十里堡","甘露园"],"imState":"today","lastLogin":1472547615000,"publisherId":827292,"explain":null,"plus":null,"pcShow":0,"appShow":0,"deliver":0,"gradeDescription":null,"companyFullName":"北京晓明筑梦数据服务有限公司","formatCreateTime":"2016-08-11","positionName":"Android工程师","workYear":"3-5年","education":"本科","jobNature":"全职","companyLogo":"image1/M00/00/6E/CgYXBlTUXYeAO_xPAABavMsZeXM410.jpg","salary":"15k-30k","city":"北京","financeStage":"成长型(B轮)","industryField":"移动互联网,文化娱乐","positionId":334824,"approve":1,"createTime":"2016-08-11 15:19:48","positionAdvantage":"年底双薪、带薪年假、体检、旅游、补贴","district":"朝阳区","companyShortName":"虚拟院线","companyLabelList":["年底双薪","节日礼物","绩效奖金","年度旅游"],"score":0,"companySize":"15-50人","adWord":0},{"companyId":141198,"businessZones":["来广营","望京"],"imState":"disabled","lastLogin":1470966032000,"publisherId":5769906,"explain":null,"plus":null,"pcShow":0,"appShow":0,"deliver":0,"gradeDescription":null,"companyFullName":"场景云（北京）信息技术有限公司","formatCreateTime":"2016-08-11","positionName":"Android","workYear":"3-5年","education":"本科","jobNature":"全职","companyLogo":"i/image/M00/49/CD/CgqKkVeYX0mACgPWAAAWIpnCv78669.jpg","salary":"10k-20k","city":"北京","financeStage":"成长型(A轮)","industryField":"移动互联网","positionId":2226150,"approve":0,"createTime":"2016-08-11 15:12:04","positionAdvantage":"一分耕耘一分收获","district":"朝阳区","companyShortName":"场景云","companyLabelList":null,"score":0,"companySize":"15-50人","adWord":0}]}}}