{"resubmitToken":null,"success":true,"requestId":null,"msg":null,"content":{"pageNo":47,"pageSize":15,"positionResult":{"totalCount":8899,"resultSize":15,"locationInfo":{"city":"北京","district":null,"businessZone":null,"queryByGisCode":false,"locationCode":null},"queryAnalysisInfo":{"positionName":"android","companyName":null,"industryName":null,"usefulCompany":false},"strategyProperty":{"name":"dm-csearch-newSimScorer","id":1},"result":[{"companyId":4286,"positionName":"Android","workYear":"3-5年","education":"本科","jobNature":"全职","createTime":"2016-08-24 09:56:42","companyShortName":"竞技世界","positionId":1984001,"salary":"15k-30k","approve":1,"city":"北京","positionAdvantage":"五险一金、餐补交补等，薪资福利行业最牛！","companyLogo":"image1/M00/00/0A/Cgo8PFTUWBeAP0x-AABLzvA2eJ0892.png","industryField":"移动互联网,游戏","companyLabelList":["节日礼物","技能培训","年底双薪","年度旅游"],"financeStage":"成熟型(不需要融资)","district":"海淀区","score":0,"companySize":"500-2000人","companyFullName":"竞技世界（北京）网络技术有限公司","adWord":0,"formatCreateTime":"2016-08-24","imState":"today","lastLogin":1472520970000,"publisherId":5196876,"explain":null,"plus":null,"pcShow":0,"appShow":0,"deliver":0,"gradeDescription":null,"businessZones":["上地","马连洼","西二旗"]},{"companyId":50702,"positionName":"高级 Android 开发工程师 Android技术专家","workYear":"3-5年","education":"本科","jobNature":"全职","createTime":"2016-08-24 09:32:40","companyShortName":"美团点评","positionId":2154713,"salary":"20k-40k","approve":1,"city":"北京","positionAdvantage":"福利好，有发展前景","companyLogo":"i/image/M00/4B/6C/CgqKkVefHv-AFoRzAAAuALF7ZZ0419.png","industryField":"移动互联网,O2O","companyLabelList":["技能培训","绩效奖金","岗位晋升","领导好"],"financeStage":"成熟型(D轮及以上)","district":null,"score":0,"companySize":"2000人以上","companyFullName":"北京三快在线科技有限公司","adWord":0,"formatCreateTime":"2016-08-24","imState":"disabled","lastLogin":1472543091000,"publisherId":5748821,"explain":null,"plus":null,"pcShow":0,"appShow":0,"deliver":0,"gradeDescription":null,"businessZones":null},{"companyId":26557,"positionName":"Android Framework开发工程师","workYear":"3-5年","education":"不限","jobNature":"全职","createTime":"2016-08-23 19:14:24","companyShortName":"锤子科技","positionId":1917915,"salary":"15k-30k","approve":1,"city":"北京","positionAdvantage":"机会多，发展空间好","companyLogo":"image1/M00/00/38/Cgo8PFTUXKOAawFOAABP7S6RhTs199.png","industryField":"移动互联网,硬件","companyLabelList":["绩效奖金","年底双薪","五险一金","带薪年假"],"financeStage":"成长型(B轮)","district":"朝阳区","score":0,"companySize":"500-2000人","companyFullName":"锤子科技（北京）有限公司","adWord":0,"formatCreateTime":"2016-08-23","imState":"disabled","lastLogin":1472466981000,"publisherId":430141,"explain":null,"plus":null,"pcShow":0,"appShow":0,"deliver":0,"gradeDescription":null,"businessZones":["大山子","酒仙桥"]},{"companyId":25440,"positionName":"Android开发（ffmpeg）","workYear":"1-3年","education":"本科","jobNature":"全职","createTime":"2016-08-23 18:55:58","companyShortName":"北京云图微动科技有限公司","positionId":1916983,"salary":"10k-20k","approve":1,"city":"北京","positionAdvantage":"餐补！14薪！旅行！水果零食牛奶咖啡管够！","companyLogo":"image1/M00/00/35/CgYXBlTUXJWAd5rjAACUoTxxHWg339.png","industryField":"移动互联网,广告营销","companyLabelList":["带薪年假","定期体检","水果零食","年终奖"],"financeStage":"成长型(A轮)","district":null,"score":0,"companySize":"50-150人","companyFullName":"北京云图微动科技有限公司","adWord":0,"formatCreateTime":"2016-08-23","imState":"today","lastLogin":1472538088000,"publisherId":2437196,"explain":null,"plus":null,"pcShow":0,"appShow":0,"deliver":0,"gradeDescription":null,"businessZones":null},{"companyId":52659,"positionName":"Android 开发工程师","workYear":"1-3年","education":"本科","jobNature":"全职","createTime":"2016-08-23 18:47:40","companyShortName":"歪果仁科技","positionId":2206842,"salary":"15k-25k","approve":1,"city":"北京","positionAdvantage":"牛人带 五险一金 免费健身 海外市场","companyLogo":"image1/M00/09/8B/Cgo8PFTgm4-AQOTDAABzJgf-Iyc162.png","industryField":"移动互联网,教育","companyLabelList":["股票期权","扁平管理","领导好","五险一金"],"financeStage":"初创型(天使轮)","district":null,"score":0,"companySize":"少于15人","companyFullName":"北京歪果仁科技有限公司","adWord":0,"formatCreateTime":"2016-08-23","imState":"today","lastLogin":1472563521000,"publisherId":340309,"explain":null,"plus":null,"pcShow":0,"appShow":0,"deliver":0,"gradeDescription":null,"businessZones":null},{"companyId":1537,"positionName":"搜狗问问-Android开发工程师","workYear":"3-5年","education":"本科","jobNature":"全职","createTime":"2016-08-23 18:18:51","companyShortName":"搜狗","positionId":1672426,"salary":"15k-30k","approve":1,"city":"北京","positionAdvantage":"大牛领队，扁平管理，自由氛围，高效团队","companyLogo":"image2/M00/04/33/CgpzWlXw72aAb7sYAAAL-t8ysD4816.jpg","industryField":"移动互联网,数据服务","companyLabelList":["五险一金","带薪年假","午餐补助","定期体检"],"financeStage":"成熟型(C轮)","district":"海淀区","score":0,"companySize":"2000人以上","companyFullName":"北京搜狗科技发展有限公司","adWord":0,"formatCreateTime":"2016-08-23","imState":"disabled","lastLogin":1472542739000,"publisherId":1776531,"explain":null,"plus":null,"pcShow":0,"appShow":0,"deliver":0,"gradeDescription":null,"businessZones":["五道口","清华大学","中关村"]},{"companyId":1686,"positionName":"Android开发高级/资深工程师","workYear":"3-5年","education":"本科","jobNature":"全职","createTime":"2016-08-23 18:09:06","companyShortName":"爱奇艺","positionId":1227358,"salary":"17k-27k","approve":1,"city":"北京","positionAdvantage":"全新业务 新团队搭建 技术氛围好","companyLogo":"image1/M00/00/06/Cgo8PFTUWAaAbD7PAACAXTzCmiw113.jpg","industryField":"广告营销,文化娱乐","companyLabelList":["绩效奖金","五险一金","交通补助","带薪年假"],"financeStage":"成熟型(D轮及以上)","district":"海淀区","score":0,"companySize":"2000人以上","companyFullName":"北京爱奇艺科技有限公司","adWord":0,"formatCreateTime":"2016-08-23","imState":"disabled","lastLogin":1472555139000,"publisherId":1363581,"explain":null,"plus":null,"pcShow":0,"appShow":0,"deliver":0,"gradeDescription":null,"businessZones":["中关村","北京大学","苏州街"]},{"companyId":71434,"positionName":"Android开发工程师","workYear":"1-3年","education":"本科","jobNature":"全职","createTime":"2016-08-23 18:06:30","companyShortName":"质心教育","positionId":1599879,"salary":"8k-15k","approve":1,"city":"北京","positionAdvantage":"技术大牛 扁平化管理 轻松氛围","companyLogo":"i/image/M00/19/9B/Cgp3O1b4kOWAA_K3AAA23TuxWzs854.png","industryField":"移动互联网,教育","companyLabelList":["节日礼物","股票期权","带薪年假","年度旅游"],"financeStage":"初创型(未融资)","district":"海淀区","score":0,"companySize":"15-50人","companyFullName":"北京质心教育科技有限公司","adWord":0,"formatCreateTime":"2016-08-23","imState":"today","lastLogin":1472544877000,"publisherId":1691097,"explain":null,"plus":null,"pcShow":0,"appShow":0,"deliver":0,"gradeDescription":null,"businessZones":["知春路","学院路","北航","知春路","学院路","北航"]},{"companyId":3786,"positionName":"高级Android研发工程师","workYear":"3-5年","education":"本科","jobNature":"全职","createTime":"2016-08-23 17:38:31","companyShortName":"宜信","positionId":1958240,"salary":"20k-35k","approve":1,"city":"北京","positionAdvantage":"工程师文化，技术导向，大牛多，不打卡","companyLogo":"i/image/M00/01/C8/Cgp3O1Z3lASAVbZHAABCha8eqHY645.jpg","industryField":"移动互联网,金融","companyLabelList":["管理规范","技能培训","扁平管理","弹性工作"],"financeStage":"成熟型(不需要融资)","district":"朝阳区","score":0,"companySize":"2000人以上","companyFullName":"普信恒业科技发展（北京）有限公司","adWord":0,"formatCreateTime":"2016-08-23","imState":"today","lastLogin":1472553852000,"publisherId":4957434,"explain":null,"plus":null,"pcShow":0,"appShow":0,"deliver":0,"gradeDescription":null,"businessZones":["大望路","华贸","红庙"]},{"companyId":43254,"positionName":"高级Android工程师","workYear":"3-5年","education":"本科","jobNature":"全职","createTime":"2016-08-23 17:29:33","companyShortName":"七维科技","positionId":2278189,"salary":"15k-30k","approve":1,"city":"北京","positionAdvantage":"扁平；自由度大；期权；餐补；","companyLogo":"i/image/M00/40/3A/CgqKkVd6IZaAIrD3AAA25SwbQEc909.jpg","industryField":"游戏,文化娱乐","companyLabelList":["技能培训","带薪年假","绩效奖金","岗位晋升"],"financeStage":"初创型(天使轮)","district":null,"score":0,"companySize":"50-150人","companyFullName":"北京七维视觉科技有限公司","adWord":0,"formatCreateTime":"2016-08-23","imState":"today","lastLogin":1472556936000,"publisherId":367062,"explain":null,"plus":null,"pcShow":0,"appShow":0,"deliver":0,"gradeDescription":null,"businessZones":null},{"companyId":413,"positionName":"Android开发工程师","workYear":"1-3年","education":"本科","jobNature":"全职","createTime":"2016-08-23 17:08:48","companyShortName":"微车","positionId":370522,"salary":"15k-20k","approve":1,"city":"北京","positionAdvantage":"三餐+水果+团建+五险一金","companyLogo":"i/image/M00/00/EF/Cgp3O1Zb3t2AHJckAAAax19YMZQ486.png","industryField":"移动互联网,O2O","companyLabelList":null,"financeStage":"成长型(B轮)","district":"海淀区","score":0,"companySize":"50-150人","companyFullName":"北京步鼎方舟科技有限公司","adWord":0,"formatCreateTime":"2016-08-23","imState":"today","lastLogin":1472554837000,"publisherId":890316,"explain":null,"plus":null,"pcShow":0,"appShow":0,"deliver":0,"gradeDescription":null,"businessZones":["万柳","苏州桥","万泉河"]},{"companyId":95651,"positionName":"Android开发工程师","workYear":"1-3年","education":"本科","jobNature":"全职","createTime":"2016-08-23 17:01:06","companyShortName":"玩吧","positionId":2277901,"salary":"25k-35k","approve":1,"city":"北京","positionAdvantage":"技术型公司 资深mentor 大量股权","companyLogo":"i/image/M00/43/EE/CgqKkVeEeraAGMVkAAA2SU8YmMQ843.png","industryField":"移动互联网,社交网络","companyLabelList":["去他的考勤","Mentor","高手云集","年终分红"],"financeStage":"成长型(A轮)","district":null,"score":0,"companySize":"15-50人","companyFullName":"北京默契破冰科技有限公司","adWord":0,"formatCreateTime":"2016-08-23","imState":"sevenDays","lastLogin":1472121899000,"publisherId":3249193,"explain":null,"plus":null,"pcShow":0,"appShow":0,"deliver":0,"gradeDescription":null,"businessZones":null},{"companyId":70860,"positionName":"移动开发其它（ios／安卓）","workYear":"1-3年","education":"大专","jobNature":"全职","createTime":"2016-08-23 16:55:57","companyShortName":"安心投","positionId":2098674,"salary":"14k-25k","approve":1,"city":"北京","positionAdvantage":"竞争力薪酬，有期权，年终奖，五险一金!","companyLogo":"image1/M00/27/A4/Cgo8PFVbdA6AVLI8AABXx2FYTPs306.png","industryField":"移动互联网,金融","companyLabelList":["技能培训","年底双薪","股票期权","岗位晋升"],"financeStage":"初创型(天使轮)","district":"东城区","score":0,"companySize":"15-50人","companyFullName":"北京放心科技服务有限公司","adWord":0,"formatCreateTime":"2016-08-23","imState":"disabled","lastLogin":1472463443000,"publisherId":1710871,"explain":null,"plus":null,"pcShow":0,"appShow":0,"deliver":0,"gradeDescription":null,"businessZones":["工体","三里屯","东直门"]},{"companyId":9895,"positionName":"Android工程师","workYear":"1-3年","education":"本科","jobNature":"全职","createTime":"2016-08-23 16:55:32","companyShortName":"动动","positionId":2243781,"salary":"15k-25k","approve":1,"city":"北京","positionAdvantage":"牛人带，成长快","companyLogo":"image1/M00/0F/98/CgYXBlT9VTyAPrkpAABxT0Jk37g742.png","industryField":"移动互联网,医疗健康","companyLabelList":["节日礼物","股票期权","世界顶级团队","扁平管理"],"financeStage":"成长型(A轮)","district":null,"score":0,"companySize":"15-50人","companyFullName":"北京慢点生活科技有限公司","adWord":0,"formatCreateTime":"2016-08-23","imState":"today","lastLogin":1472555922000,"publisherId":115803,"explain":null,"plus":null,"pcShow":0,"appShow":0,"deliver":0,"gradeDescription":null,"businessZones":null},{"companyId":114824,"positionName":"Android工程师","workYear":"3-5年","education":"本科","jobNature":"全职","createTime":"2016-08-23 16:42:08","companyShortName":"MENA MOBILE","positionId":2271607,"salary":"15k-25k","approve":1,"city":"北京","positionAdvantage":"蓝海市场、领导nice、技术帝国、期权激励","companyLogo":"i/image/M00/03/E8/CgqKkVbESpuABTwwAAAIT4yEjiM744.jpg","industryField":"移动互联网,电子商务","companyLabelList":null,"financeStage":"成长型(A轮)","district":"朝阳区","score":0,"companySize":"15-50人","companyFullName":"北京米纳科技有限公司","adWord":0,"formatCreateTime":"2016-08-23","imState":"today","lastLogin":1472545249000,"publisherId":3927746,"explain":null,"plus":null,"pcShow":0,"appShow":0,"deliver":0,"gradeDescription":null,"businessZones":["望京","大山子","花家地"]}]}},"code":0}