{"resubmitToken":null,"success":true,"requestId":null,"msg":null,"content":{"pageNo":43,"pageSize":15,"positionResult":{"totalCount":8899,"resultSize":15,"locationInfo":{"city":"北京","district":null,"businessZone":null,"queryByGisCode":false,"locationCode":null},"queryAnalysisInfo":{"positionName":"android","companyName":null,"industryName":null,"usefulCompany":false},"strategyProperty":{"name":"dm-csearch-newSimScorer","id":1},"result":[{"companyId":50702,"positionName":"Android技术经理","workYear":"3-5年","education":"本科","jobNature":"全职","createTime":"2016-08-24 14:38:39","companyShortName":"美团点评","positionId":1498944,"salary":"30k-40k","approve":1,"city":"北京","positionAdvantage":"期待您加入美团","companyLogo":"i/image/M00/4B/6C/CgqKkVefHv-AFoRzAAAuALF7ZZ0419.png","industryField":"移动互联网,O2O","companyLabelList":["技能培训","绩效奖金","岗位晋升","领导好"],"financeStage":"成熟型(D轮及以上)","district":"朝阳区","score":0,"companySize":"2000人以上","companyFullName":"北京三快在线科技有限公司","adWord":0,"formatCreateTime":"2016-08-24","imState":"today","lastLogin":1472555046000,"publisherId":1311051,"explain":null,"plus":null,"pcShow":0,"appShow":0,"deliver":0,"gradeDescription":null,"businessZones":["望京","来广营"]},{"companyId":133,"positionName":"高级Android开发","workYear":"3-5年","education":"本科","jobNature":"全职","createTime":"2016-08-24 11:22:27","companyShortName":"猎豹移动","positionId":1365497,"salary":"20k-30k","approve":1,"city":"北京","positionAdvantage":"上市公司 优秀平台","companyLogo":"image1/M00/39/70/CgYXBlWo3nqABJTsAADJ3hn5gmE062.jpg","industryField":"移动互联网,信息安全","companyLabelList":["带薪年假","美女前台","超赞年终奖","一公里工作圈"],"financeStage":"上市公司","district":"朝阳区","score":0,"companySize":"500-2000人","companyFullName":"北京金山网络科技有限公司","adWord":0,"formatCreateTime":"2016-08-24","imState":"today","lastLogin":1472526253000,"publisherId":3342647,"explain":null,"plus":null,"pcShow":0,"appShow":0,"deliver":0,"gradeDescription":null,"businessZones":["大望路","四惠","华贸"]},{"companyId":114110,"positionName":"高级 Android 研发工程师","workYear":"1-3年","education":"本科","jobNature":"全职","createTime":"2016-08-24 11:18:21","companyShortName":"乐视","positionId":558053,"salary":"15k-25k","approve":1,"city":"北京","positionAdvantage":"创业板市值第一 颠覆基因 生态系统","companyLogo":"i/image/M00/04/2B/Cgp3O1bGwzWAEAB4AAAbnMQCudk783.jpg","industryField":"移动互联网","companyLabelList":["股票期权","交通补助","通讯津贴","带薪年假"],"financeStage":"上市公司","district":"朝阳区","score":0,"companySize":"2000人以上","companyFullName":"乐视网信息技术（北京）股份有限公司","adWord":0,"formatCreateTime":"2016-08-24","imState":"today","lastLogin":1472553797000,"publisherId":719051,"explain":null,"plus":null,"pcShow":0,"appShow":0,"deliver":0,"gradeDescription":null,"businessZones":["朝阳公园","团结湖","甜水园"]},{"companyId":1249,"positionName":"Android BSP -中国-00086","workYear":"3-5年","education":"本科","jobNature":"全职","createTime":"2016-08-24 11:14:38","companyShortName":"出门问问","positionId":1643802,"salary":"20k-30k","approve":1,"city":"北京","positionAdvantage":"免费午餐，行业大牛带队，谷歌技术氛围","companyLogo":"image1/M00/40/3A/CgYXBlXC_4OASRgsAAAislBu0uU808.jpg","industryField":"移动互联网,O2O","companyLabelList":["帅哥多","美女多","绩效奖金","股票期权"],"financeStage":"成熟型(C轮)","district":"海淀区","score":0,"companySize":"150-500人","companyFullName":"北京羽扇智信息科技有限公司","adWord":0,"formatCreateTime":"2016-08-24","imState":"disabled","lastLogin":1472549255000,"publisherId":7931,"explain":null,"plus":null,"pcShow":0,"appShow":0,"deliver":0,"gradeDescription":null,"businessZones":["苏州街","万泉河","颐和园"]},{"companyId":100399,"positionName":"Android","workYear":"3-5年","education":"大专","jobNature":"全职","createTime":"2016-08-24 11:14:13","companyShortName":"优易云","positionId":1880740,"salary":"15k-25k","approve":0,"city":"北京","positionAdvantage":"有能力高薪酬绝对不是问题","companyLogo":"i/image/M00/20/47/CgqKkVcNwGOATn7YAAFutdF11ko382.jpg","industryField":"移动互联网,企业服务","companyLabelList":["专项奖金","股票期权","带薪年假","绩效奖金"],"financeStage":"初创型(天使轮)","district":"朝阳区","score":0,"companySize":"15-50人","companyFullName":"北京优易云科技股份有限公司","adWord":0,"formatCreateTime":"2016-08-24","imState":"sevenDays","lastLogin":1472008433000,"publisherId":1510492,"explain":null,"plus":null,"pcShow":0,"appShow":0,"deliver":0,"gradeDescription":null,"businessZones":["望京","大山子","酒仙桥"]},{"companyId":6983,"positionName":"Android开发工程师","workYear":"3-5年","education":"本科","jobNature":"全职","createTime":"2016-08-24 11:09:34","companyShortName":"雷尚科技","positionId":1560058,"salary":"8k-14k","approve":1,"city":"北京","positionAdvantage":"领导nice、13薪、高额绩效奖、临近地铁口","companyLogo":"image1/M00/13/B8/CgYXBlUG4uqAMQ5aAAA3jaJFPuU738.png","industryField":"移动互联网,电子商务","companyLabelList":["节日礼物","年度旅游","扁平管理","高额项目奖金"],"financeStage":"成长型(A轮)","district":"海淀区","score":0,"companySize":"150-500人","companyFullName":"雷尚（北京）科技有限公司","adWord":0,"formatCreateTime":"2016-08-24","imState":"disabled","lastLogin":1472455016000,"publisherId":201229,"explain":null,"plus":null,"pcShow":0,"appShow":0,"deliver":0,"gradeDescription":null,"businessZones":["学院路","北航","知春路"]},{"companyId":41374,"positionName":"Android工程师","workYear":"3-5年","education":"本科","jobNature":"全职","createTime":"2016-08-24 11:08:38","companyShortName":"大姨吗","positionId":2281004,"salary":"15k-23k","approve":1,"city":"北京","positionAdvantage":"轻松氛围,带薪假期,无限零食,发展前景","companyLogo":"i/image/M00/00/F9/CgqKkVZdBrqANeWhAAEH3Xk3bWk506.png","industryField":"移动互联网,医疗健康","companyLabelList":["带薪年假","扁平管理","美女多","五险一金"],"financeStage":"成熟型(D轮及以上)","district":"朝阳区","score":0,"companySize":"150-500人","companyFullName":"友乐活（北京）网络科技有限公司","adWord":0,"formatCreateTime":"2016-08-24","imState":"today","lastLogin":1472525724000,"publisherId":4926162,"explain":null,"plus":null,"pcShow":0,"appShow":0,"deliver":0,"gradeDescription":null,"businessZones":["酒仙桥","大山子","将台路"]},{"companyId":144395,"positionName":"Android","workYear":"3-5年","education":"本科","jobNature":"全职","createTime":"2016-08-24 11:05:03","companyShortName":"技术推广及基础软件服务","positionId":2280931,"salary":"25k-35k","approve":0,"city":"北京","positionAdvantage":"股票期权,五险一金,带薪年假,员工旅游","companyLogo":"i/image/M00/50/57/CgqKkVez0M6ARnKCAABMTBRdVpk780.png","industryField":"移动互联网,企业服务","companyLabelList":null,"financeStage":"成长型(不需要融资)","district":"朝阳区","score":0,"companySize":"50-150人","companyFullName":"北京猎盟天下企业管理咨询有限公司","adWord":0,"formatCreateTime":"2016-08-24","imState":"today","lastLogin":1472572349000,"publisherId":5957272,"explain":null,"plus":null,"pcShow":0,"appShow":0,"deliver":0,"gradeDescription":null,"businessZones":["团结湖","朝阳公园","甜水园"]},{"companyId":22490,"positionName":"Android","workYear":"3-5年","education":"大专","jobNature":"全职","createTime":"2016-08-24 11:01:08","companyShortName":"华图网校","positionId":1251697,"salary":"20k-40k","approve":0,"city":"北京","positionAdvantage":"位置好、平台大、有期权、薪资无上限","companyLogo":"image1/M00/00/2B/Cgo8PFTUXG6AEcS9AAA6BlS58zc270.jpg","industryField":"移动互联网","companyLabelList":["绩效奖金","五险一金","通讯津贴","带薪年假"],"financeStage":"成熟型(D轮及以上)","district":"海淀区","score":0,"companySize":"150-500人","companyFullName":"北京华图宏阳网络科技有限公司","adWord":0,"formatCreateTime":"2016-08-24","imState":"disabled","lastLogin":1472438493000,"publisherId":257934,"explain":null,"plus":null,"pcShow":0,"appShow":0,"deliver":0,"gradeDescription":null,"businessZones":["中关村","人民大学"]},{"companyId":47956,"positionName":"Android工程师","workYear":"3-5年","education":"本科","jobNature":"全职","createTime":"2016-08-24 10:57:23","companyShortName":"厚本金融","positionId":2280822,"salary":"15k-30k","approve":1,"city":"北京","positionAdvantage":"六险一金 弹性工作制 薪资福利","companyLogo":"image1/M00/00/7C/Cgo8PFTUXcKANunHAACGYOw9eWQ207.jpg","industryField":"金融","companyLabelList":["技能培训","年底双薪","股票期权","带薪年假"],"financeStage":"成长型(A轮)","district":"朝阳区","score":0,"companySize":"2000人以上","companyFullName":"上海厚本金融信息服务有限公司","adWord":0,"formatCreateTime":"2016-08-24","imState":"disabled","lastLogin":1472558417000,"publisherId":5718725,"explain":null,"plus":null,"pcShow":0,"appShow":0,"deliver":0,"gradeDescription":null,"businessZones":["太阳宫","西坝河","国展"]},{"companyId":41280,"positionName":"Android开发工程师","workYear":"5-10年","education":"本科","jobNature":"全职","createTime":"2016-08-24 10:55:30","companyShortName":"爱特米北京","positionId":2208052,"salary":"18k-32k","approve":0,"city":"北京","positionAdvantage":"五险一金 补充医疗 晋升空间","companyLogo":"image1/M00/0C/45/Cgo8PFT1J8qAB4esAACqxnaH_qo575.jpg","industryField":"移动互联网","companyLabelList":["节日礼物","技能培训","年度旅游","岗位晋升"],"financeStage":"初创型(未融资)","district":"朝阳区","score":0,"companySize":"50-150人","companyFullName":"上海爱特米科技有限公司","adWord":0,"formatCreateTime":"2016-08-24","imState":"disabled","lastLogin":1472529259000,"publisherId":1315749,"explain":null,"plus":null,"pcShow":0,"appShow":0,"deliver":0,"gradeDescription":null,"businessZones":["八里庄","大望路","红庙"]},{"companyId":24742,"positionName":"Android架构师","workYear":"3-5年","education":"本科","jobNature":"全职","createTime":"2016-08-24 10:48:21","companyShortName":"赢销通","positionId":2058511,"salary":"25k-35k","approve":1,"city":"北京","positionAdvantage":"14薪 晋升空间 弹性工作","companyLogo":"image1/M00/00/32/CgYXBlTUXIyADb_SAAA3INGPgzk062.jpg","industryField":"移动互联网,电子商务","companyLabelList":["节日礼物","年底双薪","带薪年假","五险一金"],"financeStage":"成熟型(D轮及以上)","district":"海淀区","score":0,"companySize":"500-2000人","companyFullName":"北京赢销通软件技术有限公司","adWord":0,"formatCreateTime":"2016-08-24","imState":"disabled","lastLogin":1472523914000,"publisherId":2890477,"explain":null,"plus":null,"pcShow":0,"appShow":0,"deliver":0,"gradeDescription":null,"businessZones":["西三旗","清河","小营"]},{"companyId":118560,"positionName":"高级android开发工程师(无线研发）","workYear":"5-10年","education":"大专","jobNature":"全职","createTime":"2016-08-24 10:44:29","companyShortName":"国美美信","positionId":2133178,"salary":"20k-30k","approve":1,"city":"北京","positionAdvantage":"弹性工作制,年底双薪,五险一金,团队背景牛","companyLogo":"i/image/M00/1B/15/Cgp3O1b7njKAftNAAAD8iO8nAcQ533.jpg","industryField":"社交网络,电子商务","companyLabelList":null,"financeStage":"成熟型(不需要融资)","district":"朝阳区","score":0,"companySize":"500-2000人","companyFullName":"美信网络技术有限公司","adWord":0,"formatCreateTime":"2016-08-24","imState":"today","lastLogin":1472528711000,"publisherId":5723700,"explain":null,"plus":null,"pcShow":0,"appShow":0,"deliver":0,"gradeDescription":null,"businessZones":null},{"companyId":116093,"positionName":"Android","workYear":"1-3年","education":"本科","jobNature":"全职","createTime":"2016-08-24 10:35:49","companyShortName":"克鲁网络","positionId":1545675,"salary":"15k-30k","approve":0,"city":"北京","positionAdvantage":"超级团队 股票期权 前景无限 福利待遇","companyLogo":"i/image/M00/08/9E/Cgp3O1bQL0WAL5q1AAArbnaneaw507.png","industryField":"移动互联网,文化娱乐","companyLabelList":["股票期权","午餐补助","美女多","弹性工作"],"financeStage":"初创型(天使轮)","district":"朝阳区","score":0,"companySize":"少于15人","companyFullName":"克鲁（北京）网络科技有限公司","adWord":0,"formatCreateTime":"2016-08-24","imState":"disabled","lastLogin":1472529687000,"publisherId":4087065,"explain":null,"plus":null,"pcShow":0,"appShow":0,"deliver":0,"gradeDescription":null,"businessZones":["望京","大山子","花家地"]},{"companyId":520,"positionName":"Android","workYear":"不限","education":"本科","jobNature":"全职","createTime":"2016-08-24 10:28:09","companyShortName":"小米","positionId":2280427,"salary":"15k-30k","approve":1,"city":"北京","positionAdvantage":"提供很好的发展平台，广阔的发展空间","companyLogo":"image1/M00/00/03/CgYXBlTUV_uAY85GAAAVtFKXIv8322.jpg","industryField":"移动互联网","companyLabelList":["快速成长","免费班车","扁平管理","技能培训"],"financeStage":"成熟型(D轮及以上)","district":"海淀区","score":0,"companySize":"2000人以上","companyFullName":"北京小米科技有限责任公司","adWord":0,"formatCreateTime":"2016-08-24","imState":"today","lastLogin":1472519887000,"publisherId":5941391,"explain":null,"plus":null,"pcShow":0,"appShow":0,"deliver":0,"gradeDescription":null,"businessZones":null}]}},"code":0}