{"success":true,"requestId":null,"msg":null,"resubmitToken":null,"content":{"pageNo":24,"pageSize":15,"positionResult":{"resultSize":15,"totalCount":8899,"locationInfo":{"city":"北京","district":null,"queryByGisCode":false,"locationCode":null,"businessZone":null},"queryAnalysisInfo":{"positionName":"android","companyName":null,"usefulCompany":false,"industryName":null},"strategyProperty":{"name":"dm-csearch-newSimScorer","id":1},"result":[{"createTime":"2016-08-29 10:08:15","formatCreateTime":"1天前发布","companyId":67891,"positionName":"Android","workYear":"3-5年","education":"本科","jobNature":"全职","companyShortName":"创投圈","city":"北京","salary":"18k-30k","financeStage":"成长型(A轮)","positionId":2130817,"companyLogo":"image1/M00/24/1D/Cgo8PFVK7ZOAV-XqAAB01ow0B70745.jpg","positionAdvantage":"年终双薪,弹性时间,午餐福利","approve":0,"district":"海淀区","score":0,"companyLabelList":["技能培训","节日礼物","股票期权","绩效奖金"],"industryField":"金融","companySize":"15-50人","imState":"today","lastLogin":1472552522000,"publisherId":5299643,"explain":null,"plus":null,"pcShow":0,"appShow":0,"deliver":0,"gradeDescription":null,"businessZones":["苏州街","北京大学","颐和园"],"companyFullName":"创投圈","adWord":0},{"createTime":"2016-08-29 09:02:14","formatCreateTime":"1天前发布","companyId":114110,"positionName":"资深安卓系统开发工程师","workYear":"不限","education":"本科","jobNature":"全职","companyShortName":"乐视","city":"北京","salary":"15k-25k","financeStage":"上市公司","positionId":1108207,"companyLogo":"i/image/M00/04/2B/Cgp3O1bGwzWAEAB4AAAbnMQCudk783.jpg","positionAdvantage":"餐补、交通补、通讯补、意外保险等","approve":1,"district":"朝阳区","score":0,"companyLabelList":["股票期权","交通补助","通讯津贴","带薪年假"],"industryField":"移动互联网","companySize":"2000人以上","imState":"disabled","lastLogin":1472448725000,"publisherId":2132266,"explain":null,"plus":null,"pcShow":0,"appShow":0,"deliver":0,"gradeDescription":null,"businessZones":["石佛营","姚家园","十里堡"],"companyFullName":"乐视网信息技术（北京）股份有限公司","adWord":0},{"createTime":"2016-08-27 17:30:32","formatCreateTime":"3天前发布","companyId":24186,"positionName":"Android开发工程师","workYear":"3-5年","education":"本科","jobNature":"全职","companyShortName":"名厨","city":"北京","salary":"10k-18k","financeStage":"初创型(不需要融资)","positionId":1375280,"companyLogo":"i/image/M00/3A/53/CgqKkVdpAoyAFaSTAAHcX4hheIU903.png","positionAdvantage":"六险一金，弹性工作，期待爱美食的你","approve":1,"district":"朝阳区","score":0,"companyLabelList":["六险一金","扁平管理","弹性工作","管理规范"],"industryField":"移动互联网,广告营销","companySize":"15-50人","imState":"today","lastLogin":1472561248000,"publisherId":285619,"explain":null,"plus":null,"pcShow":0,"appShow":0,"deliver":0,"gradeDescription":null,"businessZones":["将台路","酒仙桥","大山子"],"companyFullName":"北京早耕田国际广告有限公司","adWord":0},{"createTime":"2016-08-27 15:46:37","formatCreateTime":"3天前发布","companyId":50702,"positionName":"Android技术专家","workYear":"5-10年","education":"本科","jobNature":"全职","companyShortName":"美团点评","city":"北京","salary":"15k-30k","financeStage":"成熟型(D轮及以上)","positionId":2167400,"companyLogo":"i/image/M00/4B/6C/CgqKkVefHv-AFoRzAAAuALF7ZZ0419.png","positionAdvantage":"股票期权","approve":1,"district":"朝阳区","score":0,"companyLabelList":["技能培训","绩效奖金","岗位晋升","领导好"],"industryField":"移动互联网,O2O","companySize":"2000人以上","imState":"today","lastLogin":1472575129000,"publisherId":1524021,"explain":null,"plus":null,"pcShow":0,"appShow":0,"deliver":0,"gradeDescription":null,"businessZones":["望京","大山子","花家地"],"companyFullName":"北京三快在线科技有限公司","adWord":0},{"createTime":"2016-08-27 14:07:26","formatCreateTime":"3天前发布","companyId":1249,"positionName":"Android Lead-中国-00094","workYear":"1-3年","education":"本科","jobNature":"全职","companyShortName":"出门问问","city":"北京","salary":"20k-40k","financeStage":"成熟型(C轮)","positionId":2040370,"companyLogo":"image1/M00/40/3A/CgYXBlXC_4OASRgsAAAislBu0uU808.jpg","positionAdvantage":"餐饮全包 健身补助 弹性时间 海外团建","approve":1,"district":"海淀区","score":0,"companyLabelList":["帅哥多","美女多","绩效奖金","股票期权"],"industryField":"移动互联网,O2O","companySize":"150-500人","imState":"disabled","lastLogin":1472549255000,"publisherId":7931,"explain":null,"plus":null,"pcShow":0,"appShow":0,"deliver":0,"gradeDescription":null,"businessZones":["苏州街","万泉河","颐和园"],"companyFullName":"北京羽扇智信息科技有限公司","adWord":0},{"createTime":"2016-08-26 19:22:17","formatCreateTime":"2016-08-26","companyId":65858,"positionName":"Android工程师","workYear":"3-5年","education":"本科","jobNature":"全职","companyShortName":"趣读趣写","city":"北京","salary":"15k-25k","financeStage":"初创型(天使轮)","positionId":2032737,"companyLogo":"i/image/M00/34/CD/CgqKkVdWlyOAVT2FAABLxI6FuS8796.jpg","positionAdvantage":"福利好，待遇高，大牛团队等你来","approve":0,"district":"海淀区","score":0,"companyLabelList":["技能培训","年底双薪","节日礼物","绩效奖金"],"industryField":"移动互联网","companySize":"15-50人","imState":"disabled","lastLogin":1472553941000,"publisherId":1623518,"explain":null,"plus":null,"pcShow":0,"appShow":0,"deliver":0,"gradeDescription":null,"businessZones":["中关村","苏州街","苏州桥"],"companyFullName":"北京趣读趣写科技发展有限公司","adWord":0},{"createTime":"2016-08-26 18:56:34","formatCreateTime":"2016-08-26","companyId":119153,"positionName":"Android开发工程师","workYear":"3-5年","education":"本科","jobNature":"全职","companyShortName":"51Talk 无忧英语","city":"北京","salary":"15k-30k","financeStage":"上市公司","positionId":1395391,"companyLogo":"i/image/M00/12/D3/Cgp3O1bmVr-AOGHYAABsWK_3bSI050.JPG","positionAdvantage":"弹性工作、带薪年假、年终奖多多","approve":0,"district":"海淀区","score":0,"companyLabelList":["交通补助","带薪年假","股票期权"],"industryField":"移动互联网,教育","companySize":"2000人以上","imState":"today","lastLogin":1472575142000,"publisherId":602053,"explain":null,"plus":null,"pcShow":0,"appShow":0,"deliver":0,"gradeDescription":null,"businessZones":["上地","西二旗","马连洼"],"companyFullName":"北京大生在线科技有限公司","adWord":0},{"createTime":"2016-08-26 18:35:35","formatCreateTime":"2016-08-26","companyId":143957,"positionName":"Android","workYear":"1-3年","education":"大专","jobNature":"全职","companyShortName":"大艺圈","city":"北京","salary":"10k-15k","financeStage":"初创型(未融资)","positionId":2295181,"companyLogo":"i/image/M00/4F/4C/CgqKkVev91CAbr4iAAAJwFlGxus569.jpg","positionAdvantage":"新产品新团队，发挥空间大，工作氛围好","approve":1,"district":"通州区","score":0,"companyLabelList":null,"industryField":"移动互联网,文化娱乐","companySize":"少于15人","imState":"today","lastLogin":1472552038000,"publisherId":4028875,"explain":null,"plus":null,"pcShow":0,"appShow":0,"deliver":0,"gradeDescription":null,"businessZones":null,"companyFullName":"大艺圈文化传播有限公司","adWord":0},{"createTime":"2016-08-26 18:26:18","formatCreateTime":"2016-08-26","companyId":32979,"positionName":"高级Android开发工程师","workYear":"5-10年","education":"大专","jobNature":"全职","companyShortName":"小源科技","city":"北京","salary":"18k-25k","financeStage":"成长型(A轮)","positionId":2255458,"companyLogo":"image1/M00/00/4C/Cgo8PFTUXPiABrJjAABqq60qElQ756.jpg","positionAdvantage":"五险一金 爆发式增长空间","approve":1,"district":"朝阳区","score":0,"companyLabelList":["带薪年假","岗位晋升","帅哥多","美女多"],"industryField":"移动互联网","companySize":"50-150人","imState":"today","lastLogin":1472541627000,"publisherId":5157158,"explain":null,"plus":null,"pcShow":0,"appShow":0,"deliver":0,"gradeDescription":null,"businessZones":["建外大街","CBD","国贸"],"companyFullName":"珠海市小源科技有限公司","adWord":0},{"createTime":"2016-08-26 18:21:47","formatCreateTime":"2016-08-26","companyId":49611,"positionName":"安卓工程师","workYear":"3-5年","education":"本科","jobNature":"全职","companyShortName":"优胜教育集团","city":"北京","salary":"15k-30k","financeStage":"成熟型(不需要融资)","positionId":610370,"companyLogo":"image1/M00/00/81/Cgo8PFTUXdiAcPkZAADCfmzCHEU176.jpg","positionAdvantage":"美女 宽松的时间 丰厚的薪资","approve":1,"district":"朝阳区","score":0,"companyLabelList":["节日礼物","技能培训","绩效奖金","岗位晋升"],"industryField":"O2O,教育","companySize":"2000人以上","imState":"disabled","lastLogin":1472546657000,"publisherId":979838,"explain":null,"plus":null,"pcShow":0,"appShow":0,"deliver":0,"gradeDescription":null,"businessZones":["国贸","CBD","东大桥"],"companyFullName":"北京优胜辉煌教育科技有限公司","adWord":0},{"createTime":"2016-08-26 18:19:08","formatCreateTime":"2016-08-26","companyId":87977,"positionName":"Android高级开发工程师","workYear":"3-5年","education":"本科","jobNature":"全职","companyShortName":"车和家","city":"北京","salary":"20k-30k","financeStage":"成长型(A轮)","positionId":1546313,"companyLogo":"i/image/M00/18/EC/Cgp3O1b1B46AKAeSAAAOhGoGl4M128.png","positionAdvantage":"知名创始人 实力雄厚 补充医疗保险","approve":1,"district":"朝阳区","score":0,"companyLabelList":["年底双薪","股票期权","午餐补助"],"industryField":"其他","companySize":"150-500人","imState":"sevenDays","lastLogin":1472206742000,"publisherId":2256415,"explain":null,"plus":null,"pcShow":0,"appShow":0,"deliver":0,"gradeDescription":null,"businessZones":["大山子","酒仙桥"],"companyFullName":"北京车和家信息技术有限责任公司","adWord":0},{"createTime":"2016-08-26 18:16:13","formatCreateTime":"2016-08-26","companyId":5832,"positionName":"新浪微博Android客户端研发工程师","workYear":"1-3年","education":"本科","jobNature":"全职","companyShortName":"新浪微博","city":"北京","salary":"20k-40k","financeStage":"上市公司","positionId":55963,"companyLogo":"image1/M00/00/0D/CgYXBlTUWCCAdkhOAABNgyvZQag818.jpg","positionAdvantage":"水平越高月薪越高，微博手机用户量超出想象","approve":0,"district":"海淀区","score":0,"companyLabelList":["年底双薪","专项奖金","股票期权","五险一金"],"industryField":"移动互联网","companySize":"2000人以上","imState":"disabled","lastLogin":1472556226000,"publisherId":92641,"explain":null,"plus":null,"pcShow":0,"appShow":0,"deliver":0,"gradeDescription":null,"businessZones":["西北旺","马连洼","上地"],"companyFullName":"微梦创科网络科技（中国）有限公司","adWord":0},{"createTime":"2016-08-26 18:14:59","formatCreateTime":"2016-08-26","companyId":37099,"positionName":"FSG质量部_客户端（Android/iOS）测试开发工程师","workYear":"3-5年","education":"本科","jobNature":"全职","companyShortName":"百度","city":"北京","salary":"18k-30k","financeStage":"上市公司","positionId":2220965,"companyLogo":"i/image/M00/03/3B/Cgp3O1awdYKAaopbAABFI3RQsu4671.png","positionAdvantage":"广阔平台 优厚福利 强大技术团队","approve":0,"district":"海淀区","score":0,"companyLabelList":["弹性工作","五险一金","节日礼物","带薪年假"],"industryField":"移动互联网","companySize":"2000人以上","imState":"today","lastLogin":1472563513000,"publisherId":4815173,"explain":null,"plus":null,"pcShow":0,"appShow":0,"deliver":0,"gradeDescription":null,"businessZones":["西二旗","龙泽","回龙观"],"companyFullName":"百度时代网络技术(北京)有限公司","adWord":0},{"createTime":"2016-08-26 18:09:31","formatCreateTime":"2016-08-26","companyId":43402,"positionName":"高级安卓开发工程师（SDK/NDK方向）","workYear":"不限","education":"本科","jobNature":"全职","companyShortName":"微赢互动","city":"北京","salary":"10k-15k","financeStage":"上市公司","positionId":2295028,"companyLogo":"image1/M00/00/6D/CgYXBlTUXYOAZeliAABglqg5dMo519.jpg","positionAdvantage":"福利多多，想啥有啥~~","approve":1,"district":"朝阳区","score":0,"companyLabelList":["年底双薪","节日礼物","技能培训","绩效奖金"],"industryField":"移动互联网,广告营销","companySize":"150-500人","imState":"disabled","lastLogin":1472551263000,"publisherId":5983323,"explain":null,"plus":null,"pcShow":0,"appShow":0,"deliver":0,"gradeDescription":null,"businessZones":["亚运村","奥运村","大屯"],"companyFullName":"北京微赢互动科技有限公司","adWord":0},{"createTime":"2016-08-26 18:03:09","formatCreateTime":"2016-08-26","companyId":54024,"positionName":"Android","workYear":"1-3年","education":"本科","jobNature":"全职","companyShortName":"一起写","city":"北京","salary":"15k-30k","financeStage":"初创型(天使轮)","positionId":2214200,"companyLogo":"image1/M00/38/2E/Cgo8PFWk1g2AUm9_AAAPvgGQuRg262.jpg","positionAdvantage":"硅谷视野,不断挑战,丰厚的福利,自由的氛围","approve":1,"district":"海淀区","score":0,"companyLabelList":["技能培训","股票期权","弹性工作","午餐补助"],"industryField":"移动互联网,企业服务","companySize":"少于15人","imState":"threeDays","lastLogin":1472459598000,"publisherId":5549308,"explain":null,"plus":null,"pcShow":0,"appShow":0,"deliver":0,"gradeDescription":null,"businessZones":["北京大学","中关村","苏州街"],"companyFullName":"晴云科技有限公司","adWord":0}]}},"code":0}