{"resubmitToken":null,"success":true,"requestId":null,"msg":null,"content":{"pageNo":71,"pageSize":15,"positionResult":{"totalCount":8899,"resultSize":15,"locationInfo":{"city":"北京","district":null,"businessZone":null,"queryByGisCode":false,"locationCode":null},"queryAnalysisInfo":{"positionName":"android","companyName":null,"industryName":null,"usefulCompany":false},"strategyProperty":{"name":"dm-csearch-newSimScorer","id":1},"result":[{"companyId":1856,"positionName":"高级Android开发","workYear":"3-5年","education":"大专","jobNature":"全职","createTime":"2016-08-11 18:24:00","companyShortName":"创投圈","positionId":2003105,"salary":"20k-35k","approve":1,"city":"北京","positionAdvantage":"福利优越","companyLogo":"i/image/M00/47/D9/Cgp3O1eQqmeATzNOAACOd2PMZCw003.png","industryField":"金融","companyLabelList":["互联网","金融","创投","天使投资"],"financeStage":"成长型(A轮)","district":null,"score":0,"companySize":"15-50人","companyFullName":"北京海蓝创景投资咨询有限公司","adWord":0,"formatCreateTime":"2016-08-11","imState":"sevenDays","lastLogin":1472115224000,"publisherId":129795,"explain":null,"plus":null,"pcShow":0,"appShow":0,"deliver":0,"gradeDescription":null,"businessZones":null},{"companyId":25589,"positionName":"Android","workYear":"1-3年","education":"本科","jobNature":"全职","createTime":"2016-08-11 12:39:54","companyShortName":"好利58","positionId":2149311,"salary":"15k-25k","approve":1,"city":"北京","positionAdvantage":"五险一金，季度旅游","companyLogo":"image1/M00/3B/75/Cgo8PFWwi8mAfAekAAAJSvYLoNE741.png","industryField":"金融","companyLabelList":["绩效奖金","五险一金","午餐补助","领导好"],"financeStage":"成长型(A轮)","district":"朝阳区","score":0,"companySize":"50-150人","companyFullName":"中文好利（北京）科技有限公司","adWord":0,"formatCreateTime":"2016-08-11","imState":"disabled","lastLogin":1472116621000,"publisherId":307600,"explain":null,"plus":null,"pcShow":0,"appShow":0,"deliver":0,"gradeDescription":null,"businessZones":["京广桥","朝外","东大桥"]},{"companyId":3890,"positionName":"Android高级开发/架构/经理/高级经理","workYear":"5-10年","education":"本科","jobNature":"全职","createTime":"2016-08-10 18:11:39","companyShortName":"蔚蓝科技","positionId":2018402,"salary":"30k-60k","approve":1,"city":"北京","positionAdvantage":"薪金待遇好 工作氛围好","companyLogo":"image1/M00/00/0A/Cgo8PFTUWBSARp5kAABhMgOli_M128.JPG","industryField":"移动互联网,电子商务","companyLabelList":["年底双薪","绩效奖金","股票期权","五险一金"],"financeStage":"初创型(未融资)","district":null,"score":0,"companySize":"15-50人","companyFullName":"天津蔚蓝科技有限公司","adWord":0,"formatCreateTime":"2016-08-10","imState":"today","lastLogin":1472570935000,"publisherId":5480944,"explain":null,"plus":null,"pcShow":0,"appShow":0,"deliver":0,"gradeDescription":null,"businessZones":null},{"companyId":7351,"positionName":"Android","workYear":"3-5年","education":"本科","jobNature":"全职","createTime":"2016-08-10 17:40:50","companyShortName":"诚迈科技","positionId":2221763,"salary":"10k-15k","approve":0,"city":"北京","positionAdvantage":"发展空间,团队和谐，独立交付","companyLogo":"image1/M00/00/0F/Cgo8PFTUWCuAIDA6AABvYzUfOMI420.JPG","industryField":"移动互联网","companyLabelList":["绩效奖金","五险一金","带薪年假","定期体检"],"financeStage":"成长型(B轮)","district":"海淀区","score":0,"companySize":"2000人以上","companyFullName":"北京诚迈科技有限公司","adWord":0,"formatCreateTime":"2016-08-10","imState":"today","lastLogin":1472556952000,"publisherId":3742947,"explain":null,"plus":null,"pcShow":0,"appShow":0,"deliver":0,"gradeDescription":null,"businessZones":null},{"companyId":129768,"positionName":"Android","workYear":"3-5年","education":"本科","jobNature":"全职","createTime":"2016-08-10 16:52:53","companyShortName":"球炮儿APP","positionId":2221190,"salary":"15k-25k","approve":0,"city":"北京","positionAdvantage":"足球公司核心部门，待遇优，发展空间大。","companyLogo":"i/image/M00/50/08/Cgp3O1eywWSASX3kAAAbxqZzjfY558.jpg","industryField":"移动互联网,数据服务","companyLabelList":["股票期权","帅哥多","领导好","技能培训"],"financeStage":"成长型(A轮)","district":"朝阳区","score":0,"companySize":"15-50人","companyFullName":"北京同道伟业体育科技有限公司","adWord":0,"formatCreateTime":"2016-08-10","imState":"disabled","lastLogin":1472340807000,"publisherId":5723217,"explain":null,"plus":null,"pcShow":0,"appShow":0,"deliver":0,"gradeDescription":null,"businessZones":["来广营","北苑"]},{"companyId":35264,"positionName":"Android","workYear":"3-5年","education":"本科","jobNature":"全职","createTime":"2016-08-10 16:52:14","companyShortName":"GumpTech Co.,Limited","positionId":230726,"salary":"10k-15k","approve":0,"city":"北京","positionAdvantage":"五险一金,餐补","companyLogo":"image1/M00/00/53/Cgo8PFTUXRiAEyhKAACCJoLGr_s693.png","industryField":"移动互联网","companyLabelList":["技能培训","岗位晋升","13薪","管理规范"],"financeStage":"初创型(未融资)","district":"朝阳区","score":0,"companySize":"15-50人","companyFullName":"甘普科技有限公司","adWord":0,"formatCreateTime":"2016-08-10","imState":"disabled","lastLogin":1472523419000,"publisherId":611528,"explain":null,"plus":null,"pcShow":0,"appShow":0,"deliver":0,"gradeDescription":null,"businessZones":["来广营","望京"]},{"companyId":76696,"positionName":"Android工程师","workYear":"3-5年","education":"本科","jobNature":"全职","createTime":"2016-08-10 14:55:15","companyShortName":"旅信顺捷","positionId":1967983,"salary":"15k-20k","approve":1,"city":"北京","positionAdvantage":"具有良好发展前景，丰富的市场职位晋升空间","companyLogo":"image1/M00/2E/6E/Cgo8PFV-Y3eALCXZAAANh6K4dJQ554.jpg?cc=0.8436089679598808","industryField":"移动互联网","companyLabelList":["专项奖金","带薪年假","领导好","定期体检"],"financeStage":"成长型(A轮)","district":"东城区","score":0,"companySize":"50-150人","companyFullName":"北京旅信顺捷软件科技有限公司","adWord":0,"formatCreateTime":"2016-08-10","imState":"disabled","lastLogin":1472549431000,"publisherId":1929682,"explain":null,"plus":null,"pcShow":0,"appShow":0,"deliver":0,"gradeDescription":null,"businessZones":["王府井","东单","灯市口"]},{"companyId":1914,"positionName":"Android高级开发","workYear":"3-5年","education":"本科","jobNature":"全职","createTime":"2016-08-10 14:49:35","companyShortName":"优酷土豆","positionId":2158130,"salary":"15k-25k","approve":1,"city":"北京","positionAdvantage":"五险一金、商业保险、带薪年假、试用全薪","companyLogo":"i/image/M00/01/39/Cgp3O1Zk9luAeL0jAAAO0FvOuQE553.png","industryField":"数据服务,文化娱乐","companyLabelList":["带薪年假","岗位晋升","五险一金","弹性工作"],"financeStage":"上市公司","district":"海淀区","score":0,"companySize":"2000人以上","companyFullName":"合一网络技术（北京）有限公司","adWord":0,"formatCreateTime":"2016-08-10","imState":"overSevenDays","lastLogin":1471429642000,"publisherId":5771258,"explain":null,"plus":null,"pcShow":0,"appShow":0,"deliver":0,"gradeDescription":null,"businessZones":["中关村","北京大学","苏州街"]},{"companyId":81931,"positionName":"Android","workYear":"3-5年","education":"大专","jobNature":"全职","createTime":"2016-08-10 14:37:40","companyShortName":"创世乐游","positionId":1584198,"salary":"8k以上","approve":0,"city":"北京","positionAdvantage":"发展前景好，福利待遇好","companyLogo":"image1/M00/36/62/CgYXBlWeMF-AbNcDAABq0BrUkXM163.png?cc=0.6788022748660296","industryField":"游戏","companyLabelList":["节日礼物","带薪年假","绩效奖金","定期体检"],"financeStage":"初创型(未融资)","district":"海淀区","score":0,"companySize":"少于15人","companyFullName":"北京创世乐游科技有限公司","adWord":0,"formatCreateTime":"2016-08-10","imState":"disabled","lastLogin":1472559030000,"publisherId":2074493,"explain":null,"plus":null,"pcShow":0,"appShow":0,"deliver":0,"gradeDescription":null,"businessZones":["四季青"]},{"companyId":1650,"positionName":"Android framework层 开发","workYear":"5-10年","education":"本科","jobNature":"全职","createTime":"2016-08-10 13:31:56","companyShortName":"联想集团","positionId":2219120,"salary":"15k-30k","approve":1,"city":"北京","positionAdvantage":"OS组负责framework层开发，可接触BSP的东西","companyLogo":"i/image/M00/01/59/Cgp3O1Zn9kCAAW4jAABX8W4A-fw360.jpg","industryField":"移动互联网,数据服务","companyLabelList":["技能培训","待遇优厚","晋升空间","五险一金"],"financeStage":"上市公司","district":"海淀区","score":0,"companySize":"2000人以上","companyFullName":"联想（北京）有限公司","adWord":0,"formatCreateTime":"2016-08-10","imState":"today","lastLogin":1472541703000,"publisherId":2321704,"explain":null,"plus":null,"pcShow":0,"appShow":0,"deliver":0,"gradeDescription":null,"businessZones":["西北旺"]},{"companyId":37446,"positionName":"Android高级开发工程师","workYear":"3-5年","education":"本科","jobNature":"全职","createTime":"2016-08-10 12:11:15","companyShortName":"APUS Group","positionId":2218837,"salary":"20k-30k","approve":1,"city":"北京","positionAdvantage":"快速发展","companyLogo":"i/image/M00/07/29/Cgp3O1bNqgmAYsxmAAAbczUqngM394.png","industryField":"移动互联网","companyLabelList":["技能培训","节日礼物","丰富的团建","扁平管理"],"financeStage":"成长型(B轮)","district":"朝阳区","score":0,"companySize":"50-150人","companyFullName":"北京麒麟合盛科技有限公司","adWord":0,"formatCreateTime":"2016-08-10","imState":"disabled","lastLogin":1472525658000,"publisherId":5879223,"explain":null,"plus":null,"pcShow":0,"appShow":0,"deliver":0,"gradeDescription":null,"businessZones":["望京","大山子","花家地"]},{"companyId":138376,"positionName":"Android开发工程师","workYear":"3-5年","education":"不限","jobNature":"全职","createTime":"2016-08-10 11:43:45","companyShortName":"央视网商城","positionId":2162466,"salary":"15k-20k","approve":0,"city":"北京","positionAdvantage":"平台高level，领导超nice","companyLogo":"i/image/M00/43/66/CgqKkVeDP0aARZdaAAAM3FQd4MI456.png","industryField":"电子商务","companyLabelList":null,"financeStage":"成长型(不需要融资)","district":"海淀区","score":0,"companySize":"50-150人","companyFullName":"北京中视万豪广告有限公司","adWord":0,"formatCreateTime":"2016-08-10","imState":"today","lastLogin":1472524024000,"publisherId":758750,"explain":null,"plus":null,"pcShow":0,"appShow":0,"deliver":0,"gradeDescription":null,"businessZones":["北下关","北太平庄","小西天"]},{"companyId":39915,"positionName":"Android（某知名一线互联网公司)","workYear":"5-10年","education":"本科","jobNature":"全职","createTime":"2016-08-10 11:30:28","companyShortName":"成林天下","positionId":1762005,"salary":"25k-40k","approve":0,"city":"北京","positionAdvantage":"股票期权 带薪休假","companyLogo":"image1/M00/00/62/CgYXBlTUXVOADRUUAAClBZeBZj8274.jpg","industryField":"电子商务,O2O","companyLabelList":["技能培训","节日礼物","带薪年假","绩效奖金"],"financeStage":"成长型(A轮)","district":"朝阳区","score":0,"companySize":"15-50人","companyFullName":"成显网","adWord":0,"formatCreateTime":"2016-08-10","imState":"disabled","lastLogin":1472547107000,"publisherId":733796,"explain":null,"plus":null,"pcShow":0,"appShow":0,"deliver":0,"gradeDescription":null,"businessZones":["大望路","华贸","红庙"]},{"companyId":87664,"positionName":"Android","workYear":"3-5年","education":"本科","jobNature":"全职","createTime":"2016-08-10 10:49:17","companyShortName":"为偶","positionId":974745,"salary":"18k-35k","approve":0,"city":"北京","positionAdvantage":"硅谷高管团队，有技术，有资金，机会多。","companyLogo":"image1/M00/40/5E/Cgo8PFXDPreAA7zyAAAJrVi08Ag293.gif?cc=0.9841633592732251","industryField":"移动互联网","companyLabelList":["股票期权","带薪年假","年度旅游","定期体检"],"financeStage":"初创型(天使轮)","district":"海淀区","score":0,"companySize":"少于15人","companyFullName":"Weiou, Inc.","adWord":0,"formatCreateTime":"2016-08-10","imState":"disabled","lastLogin":1472579222000,"publisherId":2247081,"explain":null,"plus":null,"pcShow":0,"appShow":0,"deliver":0,"gradeDescription":null,"businessZones":["清河"]},{"companyId":128099,"positionName":"Android","workYear":"3-5年","education":"本科","jobNature":"全职","createTime":"2016-08-10 10:42:55","companyShortName":"烽鸟出行","positionId":2112447,"salary":"15k-25k","approve":0,"city":"北京","positionAdvantage":"便利交通 弹性工作 个性化福利","companyLogo":"i/image/M00/28/52/CgqKkVcquWqANubXAABdQLfiA3w649.jpg","industryField":"电子商务,移动互联网","companyLabelList":null,"financeStage":"初创型(天使轮)","district":"海淀区","score":0,"companySize":"15-50人","companyFullName":"烽鸟出行科技（北京）有限公司","adWord":0,"formatCreateTime":"2016-08-10","imState":"disabled","lastLogin":1472455167000,"publisherId":4986059,"explain":null,"plus":null,"pcShow":0,"appShow":0,"deliver":0,"gradeDescription":null,"businessZones":["北太平庄","牡丹园","健翔桥"]}]}},"code":0}