{"success":true,"requestId":null,"msg":null,"resubmitToken":null,"content":{"pageNo":49,"pageSize":15,"positionResult":{"totalCount":8899,"resultSize":15,"locationInfo":{"city":"北京","district":null,"queryByGisCode":false,"businessZone":null,"locationCode":null},"queryAnalysisInfo":{"positionName":"android","companyName":null,"usefulCompany":false,"industryName":null},"strategyProperty":{"name":"dm-csearch-newSimScorer","id":1},"result":[{"companyId":26557,"companyShortName":"锤子科技","createTime":"2016-08-23 19:14:22","positionId":1917947,"positionAdvantage":"机会多，发展空间好","salary":"15k-30k","score":0,"workYear":"3-5年","education":"不限","city":"北京","positionName":"Android多媒体开发工程师","companyLogo":"image1/M00/00/38/Cgo8PFTUXKOAawFOAABP7S6RhTs199.png","financeStage":"成长型(B轮)","industryField":"移动互联网,硬件","jobNature":"全职","approve":1,"companySize":"500-2000人","district":null,"companyLabelList":["绩效奖金","年底双薪","五险一金","带薪年假"],"adWord":0,"appShow":0,"deliver":0,"formatCreateTime":"2016-08-23","gradeDescription":null,"companyFullName":"锤子科技（北京）有限公司","businessZones":null,"imState":"disabled","lastLogin":1472466981000,"publisherId":430141,"explain":null,"plus":null,"pcShow":0},{"companyId":25440,"companyShortName":"北京云图微动科技有限公司","createTime":"2016-08-23 18:55:57","positionId":1976080,"positionAdvantage":"14薪+餐补+试用期全薪+国外旅行+水果管够","salary":"15k-28k","score":0,"workYear":"3-5年","education":"本科","city":"北京","positionName":"Android开发工程师","companyLogo":"image1/M00/00/35/CgYXBlTUXJWAd5rjAACUoTxxHWg339.png","financeStage":"成长型(A轮)","industryField":"移动互联网,广告营销","jobNature":"全职","approve":1,"companySize":"50-150人","district":null,"companyLabelList":["带薪年假","定期体检","水果零食","年终奖"],"adWord":0,"appShow":0,"deliver":0,"formatCreateTime":"2016-08-23","gradeDescription":null,"companyFullName":"北京云图微动科技有限公司","businessZones":null,"imState":"today","lastLogin":1472538088000,"publisherId":2437196,"explain":null,"plus":null,"pcShow":0},{"companyId":50604,"companyShortName":"roobo","createTime":"2016-08-23 15:19:43","positionId":1287239,"positionAdvantage":"优秀团队，弹性上班，福利好团队，期权奖励","salary":"20k-35k","score":0,"workYear":"3-5年","education":"本科","city":"北京","positionName":"Android Framework","companyLogo":"image1/M00/15/5F/Cgo8PFUKWS-AX_i9AAAzuotizOM181.png","financeStage":"成长型(A轮)","industryField":"硬件","jobNature":"全职","approve":1,"companySize":"150-500人","district":"朝阳区","companyLabelList":["年底双薪","节日礼物","技能培训","年度旅游"],"adWord":0,"appShow":0,"deliver":0,"formatCreateTime":"2016-08-23","gradeDescription":null,"companyFullName":"北京智能管家科技有限公司","businessZones":["立水桥"],"imState":"today","lastLogin":1472549584000,"publisherId":989716,"explain":null,"plus":null,"pcShow":0},{"companyId":128686,"companyShortName":"聚娱","createTime":"2016-08-23 14:58:21","positionId":1862352,"positionAdvantage":"良好的工作团队，舒适的办公环境！","salary":"18k-20k","score":0,"workYear":"3-5年","education":"本科","city":"北京","positionName":"安卓工程师","companyLogo":"i/image/M00/29/95/Cgp3O1cwIA2AUrRoAAA-hMfSZ64890.jpg","financeStage":"初创型(天使轮)","industryField":"移动互联网,社交网络","jobNature":"全职","approve":0,"companySize":"少于15人","district":"朝阳区","companyLabelList":null,"adWord":0,"appShow":0,"deliver":0,"formatCreateTime":"2016-08-23","gradeDescription":null,"companyFullName":"北京聚娱科技有限公司","businessZones":["芍药居","太阳宫","对外经贸"],"imState":"sevenDays","lastLogin":1472205952000,"publisherId":4956152,"explain":null,"plus":null,"pcShow":0},{"companyId":24134,"companyShortName":"数派金融","createTime":"2016-08-23 13:57:52","positionId":966223,"positionAdvantage":"晋升空间，高薪，轻松的工作氛围，期权激励","salary":"11k-22k","score":0,"workYear":"1-3年","education":"本科","city":"北京","positionName":"Android","companyLogo":"image1/M00/00/30/Cgo8PFTUXISAe_3TAACTZm8jCvw411.jpg","financeStage":"成长型(不需要融资)","industryField":"金融,分类信息","jobNature":"全职","approve":1,"companySize":"50-150人","district":"朝阳区","companyLabelList":["技能培训","节日礼物","专项奖金","带薪年假"],"adWord":0,"appShow":0,"deliver":0,"formatCreateTime":"2016-08-23","gradeDescription":null,"companyFullName":"北京少数派信息科技有限公司","businessZones":["团结湖","朝阳公园","三里屯"],"imState":"disabled","lastLogin":1472525743000,"publisherId":2257375,"explain":null,"plus":null,"pcShow":0},{"companyId":70,"companyShortName":"宝宝树","createTime":"2016-08-23 13:56:58","positionId":1284948,"positionAdvantage":"全球最大母婴服务平台 D轮融资 扁平化","salary":"20k-30k","score":0,"workYear":"3-5年","education":"不限","city":"北京","positionName":"高级Android开发工程师","companyLogo":"i/image/M00/01/A2/CgqKkVZyGeyAUPeJAAAIURCZrmM626.png","financeStage":"成熟型(D轮及以上)","industryField":"社交网络","jobNature":"全职","approve":1,"companySize":"500-2000人","district":"朝阳区","companyLabelList":["商业医疗保险","股票期权","带薪年假","扁平管理"],"adWord":0,"appShow":0,"deliver":0,"formatCreateTime":"2016-08-23","gradeDescription":null,"companyFullName":"宝宝树（北京）信息技术有限公司","businessZones":["团结湖","朝阳公园","三里屯"],"imState":"today","lastLogin":1472542866000,"publisherId":198,"explain":null,"plus":null,"pcShow":0},{"companyId":21318,"companyShortName":"盒子鱼英语","createTime":"2016-08-23 13:37:31","positionId":1555952,"positionAdvantage":"李开复投资, 林书豪代言，颠覆英语教学","salary":"18k-35k","score":0,"workYear":"3-5年","education":"不限","city":"北京","positionName":"Android","companyLogo":"i/image/M00/53/18/Cgp3O1e9hq-AFKBmAABo26TrzMs867.png","financeStage":"成长型(B轮)","industryField":"移动互联网,教育","jobNature":"全职","approve":1,"companySize":"150-500人","district":"海淀区","companyLabelList":["股票期权","绩效奖金","扁平管理","林书豪代言"],"adWord":0,"appShow":0,"deliver":0,"formatCreateTime":"2016-08-23","gradeDescription":null,"companyFullName":"北京盒子鱼教育科技有限公司","businessZones":["五道口","清华大学","中关村"],"imState":"today","lastLogin":1472556139000,"publisherId":1625472,"explain":null,"plus":null,"pcShow":0},{"companyId":133656,"companyShortName":"现代金控","createTime":"2016-08-23 13:23:47","positionId":2060597,"positionAdvantage":"不加班","salary":"18k-25k","score":0,"workYear":"不限","education":"不限","city":"北京","positionName":"Android工程师","companyLogo":"i/image/M00/45/8C/CgqKkVeIoveASieWAACelppWPVI981.png","financeStage":"成熟型(不需要融资)","industryField":"移动互联网,金融","jobNature":"全职","approve":0,"companySize":"2000人以上","district":"朝阳区","companyLabelList":null,"adWord":0,"appShow":0,"deliver":0,"formatCreateTime":"2016-08-23","gradeDescription":null,"companyFullName":"中国国际能源控股有限公司","businessZones":["朝外","朝阳门","东大桥"],"imState":"today","lastLogin":1472550521000,"publisherId":5297531,"explain":null,"plus":null,"pcShow":0},{"companyId":47270,"companyShortName":"儒思北京","createTime":"2016-08-23 13:19:13","positionId":2275677,"positionAdvantage":"BAT团队,A轮融资,环境好,老板好","salary":"15k-20k","score":0,"workYear":"3-5年","education":"大专","city":"北京","positionName":"Android","companyLogo":"image1/M00/00/7A/Cgo8PFTUXbmAdxWMAABoQf8XKEI462.png","financeStage":"成长型(A轮)","industryField":"O2O","jobNature":"全职","approve":0,"companySize":"15-50人","district":"朝阳区","companyLabelList":["带薪年假","绩效奖金","岗位晋升","年度旅游"],"adWord":0,"appShow":0,"deliver":0,"formatCreateTime":"2016-08-23","gradeDescription":null,"companyFullName":"儒思（北京）教育科技有限公司","businessZones":["双井","广渠门","劲松"],"imState":"disabled","lastLogin":1472523594000,"publisherId":5964175,"explain":null,"plus":null,"pcShow":0},{"companyId":50702,"companyShortName":"美团点评","createTime":"2016-08-23 12:58:11","positionId":2016682,"positionAdvantage":"免费班车股票期权带薪年假绩效奖金五险一金","salary":"15k-30k","score":0,"workYear":"3-5年","education":"本科","city":"北京","positionName":"Android高级工程师","companyLogo":"i/image/M00/4B/6C/CgqKkVefHv-AFoRzAAAuALF7ZZ0419.png","financeStage":"成熟型(D轮及以上)","industryField":"移动互联网,O2O","jobNature":"全职","approve":1,"companySize":"2000人以上","district":"朝阳区","companyLabelList":["技能培训","绩效奖金","岗位晋升","领导好"],"adWord":0,"appShow":0,"deliver":0,"formatCreateTime":"2016-08-23","gradeDescription":null,"companyFullName":"北京三快在线科技有限公司","businessZones":["望京","来广营"],"imState":"today","lastLogin":1472575129000,"publisherId":1524021,"explain":null,"plus":null,"pcShow":0},{"companyId":2298,"companyShortName":"汇中财富","createTime":"2016-08-23 12:37:34","positionId":2275593,"positionAdvantage":"五险一金，早九晚六","salary":"15k-30k","score":0,"workYear":"3-5年","education":"大专","city":"北京","positionName":"Android工程师","companyLogo":"image1/M00/00/07/CgYXBlTUWAqAM4a7AABqVHJkFQo020.png","financeStage":"成熟型(不需要融资)","industryField":"金融","jobNature":"全职","approve":1,"companySize":"2000人以上","district":"通州区","companyLabelList":["节日礼物","股票期权","带薪年假","岗位晋升"],"adWord":0,"appShow":0,"deliver":0,"formatCreateTime":"2016-08-23","gradeDescription":null,"companyFullName":"汇中普惠财富投资管理（北京）有限公司","businessZones":null,"imState":"disabled","lastLogin":1472552270000,"publisherId":2031809,"explain":null,"plus":null,"pcShow":0},{"companyId":4140,"companyShortName":"北京鲜柚科技有限公司","createTime":"2016-08-23 12:12:37","positionId":1837463,"positionAdvantage":"逗比团队，靠谱产品，温馨福利，年终分红~","salary":"15k-30k","score":0,"workYear":"3-5年","education":"大专","city":"北京","positionName":"Android Leader","companyLogo":"image1/M00/00/0A/CgYXBlTUWBaARuO2AACZo5tRlTw164.png","financeStage":"成长型(不需要融资)","industryField":"移动互联网,游戏","jobNature":"全职","approve":1,"companySize":"50-150人","district":"朝阳区","companyLabelList":["五险一金","年底双薪","节日礼物","年度旅游"],"adWord":0,"appShow":0,"deliver":0,"formatCreateTime":"2016-08-23","gradeDescription":null,"companyFullName":"北京鲜柚科技有限公司","businessZones":["北苑","来广营"],"imState":"today","lastLogin":1472547596000,"publisherId":40210,"explain":null,"plus":null,"pcShow":0},{"companyId":24561,"companyShortName":"国美在线","createTime":"2016-08-23 11:44:38","positionId":1843931,"positionAdvantage":"知名电商 五险一金","salary":"15k-30k","score":0,"workYear":"3-5年","education":"本科","city":"北京","positionName":"Android开发工程师","companyLogo":"image1/M00/00/32/CgYXBlTUXIqAYCE1AABbkDS4YJQ606.jpg","financeStage":"上市公司","industryField":"电子商务","jobNature":"全职","approve":1,"companySize":"2000人以上","district":"朝阳区","companyLabelList":["节日礼物","年底双薪","绩效奖金","岗位晋升"],"adWord":0,"appShow":0,"deliver":0,"formatCreateTime":"2016-08-23","gradeDescription":null,"companyFullName":"国美在线电子商务有限公司","businessZones":["亮马桥","三元桥","燕莎"],"imState":"threeDays","lastLogin":1472463084000,"publisherId":3899919,"explain":null,"plus":null,"pcShow":0},{"companyId":37236,"companyShortName":"斗鱼TV","createTime":"2016-08-23 11:44:00","positionId":2275317,"positionAdvantage":"优厚的薪酬和绩效激励","salary":"3k-4k","score":0,"workYear":"应届毕业生","education":"本科","city":"北京","positionName":"Android开发实习生","companyLogo":"image1/M00/1E/66/Cgo8PFUuJ7SAcErwAACtNjsgHHk099.jpg","financeStage":"成长型(B轮)","industryField":"移动互联网","jobNature":"实习","approve":1,"companySize":"500-2000人","district":"海淀区","companyLabelList":["技能培训","绩效奖金","年度旅游","管理规范"],"adWord":0,"appShow":0,"deliver":0,"formatCreateTime":"2016-08-23","gradeDescription":null,"companyFullName":"武汉斗鱼网络科技有限公司","businessZones":["五道口","学院路","北航"],"imState":"today","lastLogin":1472553248000,"publisherId":1544460,"explain":null,"plus":null,"pcShow":0},{"companyId":40459,"companyShortName":"SenseTime","createTime":"2016-08-23 11:39:39","positionId":1689454,"positionAdvantage":"发展空间 技术大牛 弹性工作 休闲餐点","salary":"20k-40k","score":0,"workYear":"5-10年","education":"本科","city":"北京","positionName":"Android高级开发工程师（移动端开发）","companyLogo":"image1/M00/09/16/CgYXBlTZ3NWAf2r4AABF8mR1rac247.jpg","financeStage":"成长型(A轮)","industryField":"移动互联网","jobNature":"全职","approve":1,"companySize":"500-2000人","district":"海淀区","companyLabelList":["五险一金","弹性工作","丰盛三餐","发展空间大"],"adWord":0,"appShow":0,"deliver":0,"formatCreateTime":"2016-08-23","gradeDescription":null,"companyFullName":"北京市商汤科技开发有限公司","businessZones":["五道口","清华大学","中关村"],"imState":"today","lastLogin":1472551452000,"publisherId":742249,"explain":null,"plus":null,"pcShow":0}]}},"code":0}