{"success":true,"requestId":null,"msg":null,"resubmitToken":null,"content":{"pageNo":70,"pageSize":15,"positionResult":{"resultSize":15,"totalCount":8899,"locationInfo":{"city":"北京","district":null,"queryByGisCode":false,"locationCode":null,"businessZone":null},"queryAnalysisInfo":{"positionName":"android","companyName":null,"usefulCompany":false,"industryName":null},"strategyProperty":{"name":"dm-csearch-newSimScorer","id":1},"result":[{"createTime":"2016-08-11 19:32:28","formatCreateTime":"2016-08-11","companyId":143327,"positionName":"Android开发工程师","workYear":"3-5年","education":"本科","jobNature":"全职","companyShortName":"威马汽车","city":"北京","salary":"8k-15k","financeStage":"成长型(A轮)","positionId":2228259,"companyLogo":"i/image/M00/4E/C6/Cgp3O1esUPqAbeGDAAATEMxe9do887.jpg","positionAdvantage":"年底双薪 五险一金 绩效奖金 管理规范","approve":0,"district":"朝阳区","score":0,"companyLabelList":null,"industryField":"移动互联网,其他","companySize":"150-500人","imState":"disabled","lastLogin":1472554244000,"publisherId":5883296,"explain":null,"plus":null,"pcShow":0,"appShow":0,"deliver":0,"gradeDescription":null,"businessZones":["望京","大山子","花家地"],"companyFullName":"威马汽车技术有限公司","adWord":0},{"createTime":"2016-08-11 18:24:00","formatCreateTime":"2016-08-11","companyId":1856,"positionName":"Android 高级开发工程师","workYear":"3-5年","education":"大专","jobNature":"全职","companyShortName":"创投圈","city":"北京","salary":"15k-30k","financeStage":"成长型(A轮)","positionId":1939513,"companyLogo":"i/image/M00/47/D9/Cgp3O1eQqmeATzNOAACOd2PMZCw003.png","positionAdvantage":"福利优越 前景行业","approve":1,"district":"海淀区","score":0,"companyLabelList":["互联网","金融","创投","天使投资"],"industryField":"金融","companySize":"15-50人","imState":"sevenDays","lastLogin":1472115224000,"publisherId":129795,"explain":null,"plus":null,"pcShow":0,"appShow":0,"deliver":0,"gradeDescription":null,"businessZones":["中关村","北京大学","五道口"],"companyFullName":"北京海蓝创景投资咨询有限公司","adWord":0},{"createTime":"2016-08-11 15:09:05","formatCreateTime":"2016-08-11","companyId":118474,"positionName":"Android开发","workYear":"3-5年","education":"本科","jobNature":"全职","companyShortName":"微服机器人","city":"北京","salary":"15k-20k","financeStage":"初创型(未融资)","positionId":2148623,"companyLogo":"i/image/M00/0F/E3/Cgp3O1bepC6AV086AAA-S538qVg991.jpg","positionAdvantage":"五险一金带薪年假节假日双休定期体检","approve":1,"district":"朝阳区","score":0,"companyLabelList":["年底双薪","午餐补助","带薪年假","定期体检"],"industryField":"硬件,企业服务","companySize":"15-50人","imState":"today","lastLogin":1472561384000,"publisherId":4342954,"explain":null,"plus":null,"pcShow":0,"appShow":0,"deliver":0,"gradeDescription":null,"businessZones":["望京","大山子","花家地"],"companyFullName":"深圳微服机器人科技有限公司","adWord":0},{"createTime":"2016-08-11 14:49:06","formatCreateTime":"2016-08-11","companyId":102657,"positionName":"Android开发工程师","workYear":"3-5年","education":"本科","jobNature":"全职","companyShortName":"号码生活","city":"北京","salary":"10k-20k","financeStage":"初创型(天使轮)","positionId":2039060,"companyLogo":"image2/M00/10/1B/CgpzWlYth8eAX0EgAAAFGbHCL2c094.jpg?cc=0.6049298215017694","positionAdvantage":"五险一金，餐补，团队氛围nice","approve":1,"district":null,"score":0,"companyLabelList":["年底双薪","股票期权","带薪年假","扁平管理"],"industryField":"移动互联网,硬件","companySize":"15-50人","imState":"overSevenDays","lastLogin":1471927758000,"publisherId":3928095,"explain":null,"plus":null,"pcShow":0,"appShow":0,"deliver":0,"gradeDescription":null,"businessZones":null,"companyFullName":"北京号码生活网络科技有限公司","adWord":0},{"createTime":"2016-08-11 13:27:53","formatCreateTime":"2016-08-11","companyId":115341,"positionName":"Android","workYear":"3-5年","education":"大专","jobNature":"全职","companyShortName":"北京雷石集团","city":"北京","salary":"10k-15k","financeStage":"成长型(A轮)","positionId":2206905,"companyLogo":"i/image/M00/0A/D6/CgqKkVbVJz-AZxMVAAAkIqChSNo047.jpg","positionAdvantage":"团队融洽，领导nice","approve":0,"district":"朝阳区","score":0,"companyLabelList":null,"industryField":"移动互联网","companySize":"150-500人","imState":"today","lastLogin":1472568068000,"publisherId":2846316,"explain":null,"plus":null,"pcShow":0,"appShow":0,"deliver":0,"gradeDescription":null,"businessZones":["北苑","立水桥"],"companyFullName":"北京雷石天地电子技术有限公司","adWord":0},{"createTime":"2016-08-11 13:18:02","formatCreateTime":"2016-08-11","companyId":41823,"positionName":"Android开发工程师","workYear":"3-5年","education":"本科","jobNature":"全职","companyShortName":"58到家","city":"北京","salary":"15k-30k","financeStage":"成长型(A轮)","positionId":799523,"companyLogo":"i/image/M00/01/CC/Cgp3O1Z3ydqAGMD9AAAZzkx2ztQ555.png","positionAdvantage":"O2O领域的龙头潜力巨大，服务业崛起领航者","approve":1,"district":"朝阳区","score":0,"companyLabelList":["节日礼物","技能培训","股票期权","免费班车"],"industryField":"O2O,生活服务","companySize":"2000人以上","imState":"overSevenDays","lastLogin":1471614059000,"publisherId":1623797,"explain":null,"plus":null,"pcShow":0,"appShow":0,"deliver":0,"gradeDescription":null,"businessZones":["小营","对外经贸","芍药居"],"companyFullName":"天津五八到家生活服务有限公司","adWord":0},{"createTime":"2016-08-11 12:39:55","formatCreateTime":"2016-08-11","companyId":25589,"positionName":"Android开发维护","workYear":"1-3年","education":"本科","jobNature":"全职","companyShortName":"好利58","city":"北京","salary":"10k-15k","financeStage":"成长型(A轮)","positionId":2104214,"companyLogo":"image1/M00/3B/75/Cgo8PFWwi8mAfAekAAAJSvYLoNE741.png","positionAdvantage":"六险一金","approve":1,"district":"朝阳区","score":0,"companyLabelList":["绩效奖金","五险一金","午餐补助","领导好"],"industryField":"金融","companySize":"50-150人","imState":"disabled","lastLogin":1472116621000,"publisherId":307600,"explain":null,"plus":null,"pcShow":0,"appShow":0,"deliver":0,"gradeDescription":null,"businessZones":["京广桥","朝外","东大桥"],"companyFullName":"中文好利（北京）科技有限公司","adWord":0},{"createTime":"2016-08-11 11:36:51","formatCreateTime":"2016-08-11","companyId":76267,"positionName":"Android","workYear":"1-3年","education":"本科","jobNature":"全职","companyShortName":"腾升科技","city":"北京","salary":"8k-15k","financeStage":"初创型(天使轮)","positionId":2101547,"companyLogo":"image1/M00/2F/20/Cgo8PFWA4liANtO6AABD_PWvw_c893.png?cc=0.8668517703190446","positionAdvantage":"五险一金 定期体检 定期团建 带薪年假 等","approve":0,"district":"海淀区","score":0,"companyLabelList":["节日礼物","专项奖金","带薪年假","绩效奖金"],"industryField":"游戏","companySize":"15-50人","imState":"overSevenDays","lastLogin":1471328301000,"publisherId":1918541,"explain":null,"plus":null,"pcShow":0,"appShow":0,"deliver":0,"gradeDescription":null,"businessZones":["五道口","中关村","清华大学"],"companyFullName":"北京腾升科技有限公司","adWord":0},{"createTime":"2016-08-11 11:26:27","formatCreateTime":"2016-08-11","companyId":136961,"positionName":"Android","workYear":"1-3年","education":"大专","jobNature":"全职","companyShortName":"程诺互联网金融","city":"北京","salary":"10k-20k","financeStage":"初创型(未融资)","positionId":2191998,"companyLogo":"i/image/M00/3F/14/Cgp3O1d2I5SAMnNMAAAdFLHJi60992.jpg","positionAdvantage":"平台好 美女多 领导nice","approve":0,"district":"朝阳区","score":0,"companyLabelList":null,"industryField":"电子商务,金融","companySize":"150-500人","imState":"disabled","lastLogin":1472521110000,"publisherId":5501116,"explain":null,"plus":null,"pcShow":0,"appShow":0,"deliver":0,"gradeDescription":null,"businessZones":["建外大街","国贸","CBD"],"companyFullName":"程诺（上海）互联网金融信息服务有限公司","adWord":0},{"createTime":"2016-08-11 11:12:56","formatCreateTime":"2016-08-11","companyId":31781,"positionName":"安卓Android开发工程师","workYear":"3-5年","education":"大专","jobNature":"全职","companyShortName":"陌游","city":"北京","salary":"10k-15k","financeStage":"成长型(B轮)","positionId":2224297,"companyLogo":"i/image/M00/11/41/Cgp3O1bhVmCAWDrXAAAOdGf5Qdc770.jpg","positionAdvantage":"五险一金 绩效奖金 年底分红 股票期权","approve":0,"district":"海淀区","score":0,"companyLabelList":["技能培训","岗位晋升","扁平管理","帅哥多"],"industryField":"移动互联网,游戏","companySize":"15-50人","imState":"disabled","lastLogin":1471484874000,"publisherId":4429240,"explain":null,"plus":null,"pcShow":0,"appShow":0,"deliver":0,"gradeDescription":null,"businessZones":["大钟寺","皂君庙","蓟门桥"],"companyFullName":"北京陌游科技有限公司","adWord":0},{"createTime":"2016-08-11 10:54:31","formatCreateTime":"2016-08-11","companyId":121,"positionName":"Android高级开发工程师","workYear":"3-5年","education":"本科","jobNature":"全职","companyShortName":"墨迹天气","city":"北京","salary":"20k-30k","financeStage":"成熟型(C轮)","positionId":19426,"companyLogo":"image1/M00/00/02/CgYXBlTUV_SAC4JmAABlUkwC7D0180.png","positionAdvantage":"福利体系佳，晋升空间大","approve":1,"district":"朝阳区","score":0,"companyLabelList":["五险一金","弹性工作","岗位晋升","帅哥多"],"industryField":"移动互联网,生活服务","companySize":"150-500人","imState":"today","lastLogin":1472555439000,"publisherId":25324,"explain":null,"plus":null,"pcShow":0,"appShow":0,"deliver":0,"gradeDescription":null,"businessZones":["将台路","酒仙桥","大山子"],"companyFullName":"北京墨迹风云科技股份有限公司","adWord":0},{"createTime":"2016-08-11 10:08:53","formatCreateTime":"2016-08-11","companyId":436,"positionName":"Android","workYear":"3-5年","education":"本科","jobNature":"全职","companyShortName":"360","city":"北京","salary":"18k-35k","financeStage":"上市公司","positionId":1769647,"companyLogo":"image1/M00/26/1E/Cgo8PFVUDROAf7zrAABr5cEcbGQ572.jpg","positionAdvantage":"奖金，班车，食堂，体检，年假","approve":1,"district":"朝阳区","score":0,"companyLabelList":null,"industryField":"移动互联网,游戏","companySize":"50-150人","imState":"disabled","lastLogin":1470898991000,"publisherId":184217,"explain":null,"plus":null,"pcShow":0,"appShow":0,"deliver":0,"gradeDescription":null,"businessZones":["酒仙桥","大山子","将台路"],"companyFullName":"奇虎360科技有限公司","adWord":0},{"createTime":"2016-08-11 09:45:26","formatCreateTime":"2016-08-11","companyId":60816,"positionName":"高级Android工程师","workYear":"3-5年","education":"大专","jobNature":"全职","companyShortName":"网票网","city":"北京","salary":"15k-20k","financeStage":"成长型(不需要融资)","positionId":2173864,"companyLogo":"i/image/M00/50/0D/CgqKkVeyyfOAE3M8AAAF9bQaEXg482.jpg","positionAdvantage":"六险一金 弹性工作 带薪年假 餐补交补话补","approve":0,"district":"朝阳区","score":0,"companyLabelList":["带薪年假","绩效奖金","岗位晋升","领导好"],"industryField":"移动互联网,电子商务","companySize":"150-500人","imState":"today","lastLogin":1472550363000,"publisherId":1530121,"explain":null,"plus":null,"pcShow":0,"appShow":0,"deliver":0,"gradeDescription":null,"businessZones":["常营","管庄"],"companyFullName":"北京捷通无限科技有限公司","adWord":0},{"createTime":"2016-08-11 09:04:19","formatCreateTime":"2016-08-11","companyId":129930,"positionName":"Android","workYear":"3-5年","education":"大专","jobNature":"全职","companyShortName":"冷蜘蛛供应链","city":"北京","salary":"8k-12k","financeStage":"初创型(未融资)","positionId":1960778,"companyLogo":"i/image/M00/2C/C8/Cgp3O1c6b4aAKkY2AABqRqpELCk147.png","positionAdvantage":"只要踏实肯努力，一切都会实现的。","approve":0,"district":"西城区","score":0,"companyLabelList":["绩效奖金","年底双薪","交通补助","带薪年假"],"industryField":"移动互联网,O2O","companySize":"15-50人","imState":"disabled","lastLogin":1470877448000,"publisherId":3575713,"explain":null,"plus":null,"pcShow":0,"appShow":0,"deliver":0,"gradeDescription":null,"businessZones":["西客站","广外大街","马连道"],"companyFullName":"冷蜘蛛供应链管理（北京）有限公司","adWord":0},{"createTime":"2016-08-10 19:24:20","formatCreateTime":"2016-08-10","companyId":91825,"positionName":"Android高级工程师","workYear":"1-3年","education":"本科","jobNature":"全职","companyShortName":"爱学慧思","city":"北京","salary":"15k-30k","financeStage":"初创型(不需要融资)","positionId":1855847,"companyLogo":"image2/M00/0E/20/CgpzWlYkSCmALg99AAA9gUN8P10302.jpg?cc=0.1433505543973297","positionAdvantage":"公司期权，跟大牛一起工作，14薪","approve":1,"district":"海淀区","score":0,"companyLabelList":["股票期权","带薪年假","绩效奖金","岗位晋升"],"industryField":"移动互联网,教育","companySize":"15-50人","imState":"today","lastLogin":1472527240000,"publisherId":2605551,"explain":null,"plus":null,"pcShow":0,"appShow":0,"deliver":0,"gradeDescription":null,"businessZones":["中关村","北京大学","苏州街"],"companyFullName":"北京爱学慧思教育科技有限公司","adWord":0}]}},"code":0}