{"success":true,"requestId":null,"msg":null,"resubmitToken":null,"content":{"pageNo":59,"pageSize":15,"positionResult":{"resultSize":15,"totalCount":8899,"locationInfo":{"city":"北京","district":null,"queryByGisCode":false,"locationCode":null,"businessZone":null},"queryAnalysisInfo":{"positionName":"android","companyName":null,"usefulCompany":false,"industryName":null},"strategyProperty":{"name":"dm-csearch-newSimScorer","id":1},"result":[{"createTime":"2016-08-19 14:19:16","formatCreateTime":"2016-08-19","companyId":130604,"positionName":"Android开发工程师","workYear":"1-3年","education":"不限","jobNature":"全职","companyShortName":"新媒科创","city":"北京","salary":"10k-20k","financeStage":"初创型(天使轮)","positionId":1895951,"companyLogo":"i/image/M00/2E/2F/CgqKkVc-dYOAJlXdAAHsOBTDCN8397.jpg","positionAdvantage":"自学能力强,年终奖,学习","approve":1,"district":"海淀区","score":0,"companyLabelList":null,"industryField":"移动互联网,企业服务","companySize":"50-150人","imState":"overSevenDays","lastLogin":1471944912000,"publisherId":5128418,"explain":null,"plus":null,"pcShow":0,"appShow":0,"deliver":0,"gradeDescription":null,"businessZones":["上地","马连洼","西二旗"],"companyFullName":"北京新媒科创网络技术有限公司","adWord":0},{"createTime":"2016-08-19 14:07:18","formatCreateTime":"2016-08-19","companyId":37099,"positionName":"国际化产品部_高级Android研发工程师","workYear":"1-3年","education":"本科","jobNature":"全职","companyShortName":"百度","city":"北京","salary":"15k-30k","financeStage":"上市公司","positionId":1899678,"companyLogo":"i/image/M00/03/3B/Cgp3O1awdYKAaopbAABFI3RQsu4671.png","positionAdvantage":"发展前景大 ，良好的团队氛围，待遇优厚","approve":0,"district":"海淀区","score":0,"companyLabelList":["弹性工作","五险一金","节日礼物","带薪年假"],"industryField":"移动互联网","companySize":"2000人以上","imState":"disabled","lastLogin":1472547365000,"publisherId":3181335,"explain":null,"plus":null,"pcShow":0,"appShow":0,"deliver":0,"gradeDescription":null,"businessZones":["西二旗","龙泽","回龙观"],"companyFullName":"百度时代网络技术(北京)有限公司","adWord":0},{"createTime":"2016-08-19 10:57:12","formatCreateTime":"2016-08-19","companyId":4158,"positionName":"Android开发工程师 急聘","workYear":"1-3年","education":"本科","jobNature":"全职","companyShortName":"美秒科技","city":"北京","salary":"10k-15k","financeStage":"成长型(A轮)","positionId":394060,"companyLogo":"image1/M00/00/0A/CgYXBlTUWBaAX5ybAACq-EA7pSc619.jpg","positionAdvantage":"发展好、氛围棒、福利好、领导棒","approve":1,"district":"海淀区","score":0,"companyLabelList":["交通补助","股票期权","弹性工作","免费晚餐"],"industryField":"移动互联网,电子商务","companySize":"15-50人","imState":"today","lastLogin":1472551672000,"publisherId":71928,"explain":null,"plus":null,"pcShow":0,"appShow":0,"deliver":0,"gradeDescription":null,"businessZones":["西二旗","龙泽","回龙观"],"companyFullName":"北京美秒科技有限公司","adWord":0},{"createTime":"2016-08-18 19:37:38","formatCreateTime":"2016-08-18","companyId":929,"positionName":"Android","workYear":"3-5年","education":"本科","jobNature":"全职","companyShortName":"最右","city":"北京","salary":"15k-30k","financeStage":"成长型(A轮)","positionId":1717743,"companyLogo":"i/image/M00/3A/44/Cgp3O1do7rGARXTWAAAafqvhijU465.jpg","positionAdvantage":"一流技术团队、高薪高股、地铁周边","approve":1,"district":"海淀区","score":0,"companyLabelList":["技能培训","连续创业团队","年度旅游","扁平管理"],"industryField":"移动互联网","companySize":"15-50人","imState":"today","lastLogin":1472570686000,"publisherId":55512,"explain":null,"plus":null,"pcShow":0,"appShow":0,"deliver":0,"gradeDescription":null,"businessZones":["北太平庄","牡丹园","健翔桥"],"companyFullName":"北京小川在线网络技术有限公司","adWord":0},{"createTime":"2016-08-18 19:00:24","formatCreateTime":"2016-08-18","companyId":520,"positionName":"Android开发工程师","workYear":"1-3年","education":"本科","jobNature":"全职","companyShortName":"小米","city":"北京","salary":"13k-26k","financeStage":"成熟型(D轮及以上)","positionId":2259630,"companyLogo":"image1/M00/00/03/CgYXBlTUV_uAY85GAAAVtFKXIv8322.jpg","positionAdvantage":"六险一金,技术氛围,年底双薪","approve":1,"district":"海淀区","score":0,"companyLabelList":["快速成长","免费班车","扁平管理","技能培训"],"industryField":"移动互联网","companySize":"2000人以上","imState":"sevenDays","lastLogin":1472209589000,"publisherId":5418088,"explain":null,"plus":null,"pcShow":0,"appShow":0,"deliver":0,"gradeDescription":null,"businessZones":["清河","小营","上地"],"companyFullName":"北京小米科技有限责任公司","adWord":0},{"createTime":"2016-08-18 18:36:15","formatCreateTime":"2016-08-18","companyId":129110,"positionName":"安卓软件研发工程师","workYear":"3-5年","education":"本科","jobNature":"全职","companyShortName":"云袭网络","city":"北京","salary":"20k-40k","financeStage":"成长型(不需要融资)","positionId":1919074,"companyLogo":"i/image/M00/2A/B1/Cgp3O1cy32mAYZXDAADC44aRYwo050.png","positionAdvantage":"施展空间大,自主范围大,团队协作好,待遇丰厚","approve":0,"district":"朝阳区","score":0,"companyLabelList":["绩效奖金","节日礼物","弹性工作","领导好"],"industryField":"移动互联网,广告营销","companySize":"50-150人","imState":"threeDays","lastLogin":1472455561000,"publisherId":5026914,"explain":null,"plus":null,"pcShow":0,"appShow":0,"deliver":0,"gradeDescription":null,"businessZones":["大屯","奥运村","亚运村"],"companyFullName":"云袭网络发展（北京）有限公司","adWord":0},{"createTime":"2016-08-18 17:05:18","formatCreateTime":"2016-08-18","companyId":329,"positionName":"Android高级开发工程师","workYear":"1-3年","education":"硕士","jobNature":"全职","companyShortName":"网易","city":"北京","salary":"15k-25k","financeStage":"上市公司","positionId":2258627,"companyLogo":"image1/M00/1C/DB/Cgo8PFUnbyyAOmwZAABKPABIzv8461.png","positionAdvantage":"年底双薪、年度体检、年度旅行、免费班车等","approve":1,"district":"海淀区","score":0,"companyLabelList":["节日礼物","技能培训","免费班车","带薪年假"],"industryField":"数据服务,文化娱乐","companySize":"2000人以上","imState":"disabled","lastLogin":1472435097000,"publisherId":5681392,"explain":null,"plus":null,"pcShow":0,"appShow":0,"deliver":0,"gradeDescription":null,"businessZones":["西北旺","马连洼","上地"],"companyFullName":"网之易信息技术（北京）有限公司","adWord":0},{"createTime":"2016-08-18 16:59:12","formatCreateTime":"2016-08-18","companyId":3706,"positionName":"Android驱动开发","workYear":"1-3年","education":"本科","jobNature":"全职","companyShortName":"雷石集团","city":"北京","salary":"15k-20k","financeStage":"成长型(B轮)","positionId":2161371,"companyLogo":"image1/M00/00/09/Cgo8PFTUWBOAWjbEAABAlNu_6oo602.png","positionAdvantage":"7小时工作制 六险一金 感恩基金 感恩母亲游","approve":0,"district":"朝阳区","score":0,"companyLabelList":["节日礼物","专项奖金","带薪年假","绩效奖金"],"industryField":"移动互联网,企业服务","companySize":"150-500人","imState":"disabled","lastLogin":1472432689000,"publisherId":295785,"explain":null,"plus":null,"pcShow":0,"appShow":0,"deliver":0,"gradeDescription":null,"businessZones":["北苑","立水桥"],"companyFullName":"北京雷石世纪科技有限公司","adWord":0},{"createTime":"2016-08-18 16:56:08","formatCreateTime":"2016-08-18","companyId":40378,"positionName":"Android开发工程师","workYear":"3-5年","education":"大专","jobNature":"全职","companyShortName":"北京桃花坞","city":"北京","salary":"15k-20k","financeStage":"成长型(A轮)","positionId":2258531,"companyLogo":"image1/M00/00/63/Cgo8PFTUXVqATxVqAABUqJx0EY8373.jpg","positionAdvantage":"五险一金绩效奖金年终分红股票期权带薪年假","approve":0,"district":"朝阳区","score":0,"companyLabelList":["节日礼物","带薪年假","绩效奖金","岗位晋升"],"industryField":"电子商务","companySize":"50-150人","imState":"disabled","lastLogin":1472198294000,"publisherId":5938932,"explain":null,"plus":null,"pcShow":0,"appShow":0,"deliver":0,"gradeDescription":null,"businessZones":["常营","管庄"],"companyFullName":"北京桃花坞科技发展有限公司","adWord":0},{"createTime":"2016-08-18 16:56:07","formatCreateTime":"2016-08-18","companyId":45202,"positionName":"Android","workYear":"5-10年","education":"本科","jobNature":"全职","companyShortName":"宜信财富","city":"北京","salary":"15k-30k","financeStage":"成熟型(不需要融资)","positionId":1026751,"companyLogo":"i/image/M00/4F/8A/CgqKkVexW5SAI0TWAABa5QIlfZI425.JPG","positionAdvantage":"6险1金，15天带薪年假，知名互联网金融平台","approve":1,"district":"朝阳区","score":0,"companyLabelList":null,"industryField":"分类信息","companySize":"2000人以上","imState":"disabled","lastLogin":1472438812000,"publisherId":361442,"explain":null,"plus":null,"pcShow":0,"appShow":0,"deliver":0,"gradeDescription":null,"businessZones":["建外大街","CBD","国贸"],"companyFullName":"宜信卓越财富投资管理（北京）有限公司","adWord":0},{"createTime":"2016-08-18 16:09:43","formatCreateTime":"2016-08-18","companyId":41823,"positionName":"资深android开发工程师/架构师","workYear":"3-5年","education":"不限","jobNature":"全职","companyShortName":"58到家","city":"北京","salary":"25k-50k","financeStage":"成长型(A轮)","positionId":1505934,"companyLogo":"i/image/M00/01/CC/Cgp3O1Z3ydqAGMD9AAAZzkx2ztQ555.png","positionAdvantage":"O2O领域的龙头潜力巨大，A轮融资3亿美金","approve":1,"district":"朝阳区","score":0,"companyLabelList":["节日礼物","技能培训","股票期权","免费班车"],"industryField":"O2O,生活服务","companySize":"2000人以上","imState":"overSevenDays","lastLogin":1471614059000,"publisherId":1623797,"explain":null,"plus":null,"pcShow":0,"appShow":0,"deliver":0,"gradeDescription":null,"businessZones":["小营","对外经贸","芍药居"],"companyFullName":"天津五八到家生活服务有限公司","adWord":0},{"createTime":"2016-08-18 16:09:43","formatCreateTime":"2016-08-18","companyId":43863,"positionName":"Android","workYear":"1-3年","education":"本科","jobNature":"全职","companyShortName":"美时美刻","city":"北京","salary":"15k-25k","financeStage":"成长型(A轮)","positionId":2073633,"companyLogo":"i/image/M00/50/ED/CgqKkVe1bPSAQoENAAC9y27U3mc279.jpg","positionAdvantage":"弹性工作、成长空间大、环境高端","approve":1,"district":"朝阳区","score":0,"companyLabelList":["年底双薪","节日礼物","技能培训","绩效奖金"],"industryField":"移动互联网","companySize":"50-150人","imState":"sevenDays","lastLogin":1472057232000,"publisherId":5595228,"explain":null,"plus":null,"pcShow":0,"appShow":0,"deliver":0,"gradeDescription":null,"businessZones":["大山子","酒仙桥"],"companyFullName":"北京美好时刻信息技术有限公司","adWord":0},{"createTime":"2016-08-18 16:09:25","formatCreateTime":"2016-08-18","companyId":111628,"positionName":"资深android开发工程师/架构师","workYear":"3-5年","education":"不限","jobNature":"全职","companyShortName":"58到家","city":"北京","salary":"25k-50k","financeStage":"成长型(A轮)","positionId":2226596,"companyLogo":"i/image/M00/02/2B/CgqKkVaEm66APrrKAABZ_H1Ve2I591.jpg","positionAdvantage":"O2O领域的龙头潜力巨大，A轮融资3亿美金","approve":1,"district":"朝阳区","score":0,"companyLabelList":["午餐补助","扁平管理","绩效奖金","定期体检"],"industryField":"O2O","companySize":"2000人以上","imState":"disabled","lastLogin":1471608441000,"publisherId":5893086,"explain":null,"plus":null,"pcShow":0,"appShow":0,"deliver":0,"gradeDescription":null,"businessZones":["北苑","立水桥"],"companyFullName":"北京五八到家信息技术有限公司","adWord":0},{"createTime":"2016-08-18 15:35:35","formatCreateTime":"2016-08-18","companyId":4616,"positionName":"Android","workYear":"3-5年","education":"大专","jobNature":"全职","companyShortName":"魔方旅游","city":"北京","salary":"20k-40k","financeStage":"成长型(B轮)","positionId":2124527,"companyLogo":"image1/M00/43/6D/CgYXBlXRe4iAMRo5AAAqQjOgz9s951.png","positionAdvantage":"地铁旁 互联网 扁平型管理","approve":0,"district":"海淀区","score":0,"companyLabelList":["五险一金","带薪年假","节日礼物","午餐补助"],"industryField":"O2O","companySize":"50-150人","imState":"disabled","lastLogin":1471597551000,"publisherId":314331,"explain":null,"plus":null,"pcShow":0,"appShow":0,"deliver":0,"gradeDescription":null,"businessZones":["中关村","人民大学","知春路"],"companyFullName":"北京超舒适国际家居销售有限公司","adWord":0},{"createTime":"2016-08-18 15:22:43","formatCreateTime":"2016-08-18","companyId":51672,"positionName":"Android中级工程师","workYear":"3-5年","education":"本科","jobNature":"全职","companyShortName":"健康护航","city":"北京","salary":"10k-15k","financeStage":"初创型(天使轮)","positionId":1913868,"companyLogo":"image1/M00/00/88/CgYXBlTUXfSACoiiAACsxo2x800933.png","positionAdvantage":"年轻有活力 发展空间大","approve":1,"district":"朝阳区","score":0,"companyLabelList":["技能培训","股票期权","带薪年假","扁平管理"],"industryField":"移动互联网,O2O","companySize":"15-50人","imState":"disabled","lastLogin":1471504958000,"publisherId":1309447,"explain":null,"plus":null,"pcShow":0,"appShow":0,"deliver":0,"gradeDescription":null,"businessZones":["北太平庄","牡丹园"],"companyFullName":"北京健康护航科技有限公司","adWord":0}]}},"code":0}