{"resubmitToken":null,"success":true,"requestId":null,"msg":null,"content":{"pageNo":13,"pageSize":15,"positionResult":{"totalCount":8899,"resultSize":15,"locationInfo":{"city":"北京","district":null,"queryByGisCode":false,"businessZone":null,"locationCode":null},"queryAnalysisInfo":{"positionName":"android","companyName":null,"industryName":null,"usefulCompany":false},"strategyProperty":{"name":"dm-csearch-newSimScorer","id":1},"result":[{"companyFullName":"乐视网信息技术（北京）股份有限公司","adWord":0,"companyId":114110,"formatCreateTime":"09:21发布","businessZones":["朝阳公园","团结湖","甜水园"],"imState":"today","lastLogin":1472559351000,"positionId":2302687,"industryField":"移动互联网","education":"本科","workYear":"3-5年","city":"北京","positionAdvantage":"本部门专注于VR行业领先技术研发","createTime":"2016-08-30 09:21:15","salary":"30k-35k","positionName":"Android C++ 资深/专家软件开发工程师","companySize":"2000人以上","companyShortName":"乐视","companyLogo":"i/image/M00/04/2B/Cgp3O1bGwzWAEAB4AAAbnMQCudk783.jpg","financeStage":"上市公司","approve":1,"jobNature":"全职","companyLabelList":["股票期权","交通补助","通讯津贴","带薪年假"],"district":"朝阳区","score":0,"publisherId":5287378,"explain":null,"plus":null,"pcShow":0,"appShow":0,"deliver":0,"gradeDescription":null},{"companyFullName":"国广东方网络（北京）有限公司","adWord":0,"companyId":994,"formatCreateTime":"09:10发布","businessZones":["鲁谷","八宝山","老山"],"imState":"today","lastLogin":1472529785000,"positionId":1804050,"industryField":"移动互联网,文化娱乐","education":"大专","workYear":"3-5年","city":"北京","positionAdvantage":"牌照方，各种补助，气氛好。","createTime":"2016-08-30 09:10:48","salary":"8k-15k","positionName":"Android工程师","companySize":"150-500人","companyShortName":"国广东方网络（北京）有限公司","companyLogo":"image1/M00/00/05/CgYXBlTUWACAMEo4AACGADT5Usw013.png","financeStage":"成长型(B轮)","approve":1,"jobNature":"全职","companyLabelList":["节日礼物","国家背景","带薪年假","绩效奖金"],"district":"石景山区","score":0,"publisherId":1576478,"explain":null,"plus":null,"pcShow":0,"appShow":0,"deliver":0,"gradeDescription":null},{"companyFullName":"爱迪德技术（北京）有限公司","adWord":0,"companyId":13523,"formatCreateTime":"1天前发布","businessZones":["亮马桥"],"imState":"today","lastLogin":1472551205000,"positionId":1921112,"industryField":"文化娱乐","education":"本科","workYear":"5-10年","city":"北京","positionAdvantage":"全额五险一金/15天年假/饭/房补助","createTime":"2016-08-29 22:51:01","salary":"23k-46k","positionName":"Principal Software Engineer (Android+C+++Software Security)","companySize":"500-2000人","companyShortName":"爱迪德","companyLogo":"i/image/M00/27/41/Cgp3O1cnQGKAa9AsAABVwx-D75s709.png","financeStage":"初创型(未融资)","approve":1,"jobNature":"全职","companyLabelList":["技能培训","年底双薪","股票期权","带薪年假"],"district":"朝阳区","score":0,"publisherId":4603616,"explain":null,"plus":null,"pcShow":0,"appShow":0,"deliver":0,"gradeDescription":null},{"companyFullName":"伙伴聚力（北京）科技有限公司","adWord":0,"companyId":587,"formatCreateTime":"1天前发布","businessZones":null,"imState":"today","lastLogin":1472562162000,"positionId":1900688,"industryField":"企业服务","education":"本科","workYear":"3-5年","city":"北京","positionAdvantage":"老板很nice 弹性工作制","createTime":"2016-08-29 19:11:17","salary":"15k-25k","positionName":"Android工程师","companySize":"50-150人","companyShortName":"伙伴网","companyLogo":"image1/M00/30/5F/CgYXBlWIQJGAFhr9AAHsORnjH_E334.png","financeStage":"成长型(A轮)","approve":1,"jobNature":"全职","companyLabelList":["Geek","超爽协作","有愿景有落地","六险一金"],"district":null,"score":0,"publisherId":1930104,"explain":null,"plus":null,"pcShow":0,"appShow":0,"deliver":0,"gradeDescription":null},{"companyFullName":"北京汉迪世纪科技有限公司","adWord":0,"companyId":26508,"formatCreateTime":"1天前发布","businessZones":null,"imState":"today","lastLogin":1472557976000,"positionId":2017938,"industryField":"移动互联网","education":"本科","workYear":"3-5年","city":"北京","positionAdvantage":"六险一金 定期体检 节假日福利 发展空间大","createTime":"2016-08-29 18:34:45","salary":"15k-30k","positionName":"android开发工程师","companySize":"150-500人","companyShortName":"iHandy","companyLogo":"i/image/M00/13/A6/Cgp3O1bnxKGAT_c6AAAWrOvgp1A992.jpg","financeStage":"成长型(不需要融资)","approve":1,"jobNature":"全职","companyLabelList":["节日礼物","年度旅游","定期体检","六险一金"],"district":null,"score":0,"publisherId":1368080,"explain":null,"plus":null,"pcShow":0,"appShow":0,"deliver":0,"gradeDescription":null},{"companyFullName":"北京康创联盛科技有限公司","adWord":0,"companyId":116065,"formatCreateTime":"1天前发布","businessZones":["上地","马连洼","西二旗"],"imState":"overSevenDays","lastLogin":1468476896000,"positionId":1503897,"industryField":"移动互联网,企业服务","education":"本科","workYear":"3-5年","city":"北京","positionAdvantage":"给你一片天空 让你自由翱翔","createTime":"2016-08-29 18:29:02","salary":"15k-30k","positionName":"Android","companySize":"50-150人","companyShortName":"康创联盛","companyLogo":"i/image/M00/06/44/CgqKkVbMNiCAYRCxAAAmJyv5sig797.png","financeStage":"成长型(不需要融资)","approve":1,"jobNature":"全职","companyLabelList":["老板nice","弹性工作制","舒适办公区","带薪年假"],"district":"海淀区","score":0,"publisherId":4085199,"explain":null,"plus":null,"pcShow":0,"appShow":0,"deliver":0,"gradeDescription":null},{"companyFullName":"北京爱生活科技有限公司","adWord":0,"companyId":70470,"formatCreateTime":"1天前发布","businessZones":["来广营","望京"],"imState":"today","lastLogin":1472549552000,"positionId":951358,"industryField":"移动互联网","education":"本科","workYear":"3-5年","city":"北京","positionAdvantage":"六险一金，年假，水果，美女一样也不少","createTime":"2016-08-29 18:25:10","salary":"15k-30k","positionName":"Android","companySize":"150-500人","companyShortName":"维他命","companyLogo":"image1/M00/27/2B/Cgo8PFVZsV2AMCqtAABhFoKYY0g902.png","financeStage":"初创型(天使轮)","approve":0,"jobNature":"全职","companyLabelList":["节日礼物","年底双薪","股票期权","带薪年假"],"district":"朝阳区","score":0,"publisherId":1703296,"explain":null,"plus":null,"pcShow":0,"appShow":0,"deliver":0,"gradeDescription":null},{"companyFullName":"上海小蚁科技有限公司","adWord":0,"companyId":42899,"formatCreateTime":"1天前发布","businessZones":["清河","小营","上地"],"imState":"today","lastLogin":1472523108000,"positionId":1520841,"industryField":"移动互联网,硬件","education":"本科","workYear":"3-5年","city":"北京","positionAdvantage":"小米生态链公司，年底双薪，股票期权","createTime":"2016-08-29 18:24:13","salary":"15k-30k","positionName":"Android Framework系统工程师","companySize":"150-500人","companyShortName":"小蚁","companyLogo":"image2/M00/11/69/CgqLKVYx6mCAEWmWAAA8Uo7yHIc510.jpg?cc=0.24744720198214054","financeStage":"成熟型(C轮)","approve":1,"jobNature":"全职","companyLabelList":["年底双薪","节日礼物","技能培训","年度旅游"],"district":"海淀区","score":0,"publisherId":808170,"explain":null,"plus":null,"pcShow":0,"appShow":0,"deliver":0,"gradeDescription":null},{"companyFullName":"微梦创科网络科技（中国）有限公司","adWord":0,"companyId":67674,"formatCreateTime":"1天前发布","businessZones":null,"imState":"disabled","lastLogin":1472551960000,"positionId":2270979,"industryField":"移动互联网,社交网络","education":"本科","workYear":"1-3年","city":"北京","positionAdvantage":"福利待遇好、带薪年假","createTime":"2016-08-29 18:22:47","salary":"8k-16k","positionName":"(Android/IOS)移动端测试工程师","companySize":"2000人以上","companyShortName":"新浪微博","companyLogo":"image1/M00/23/B4/Cgo8PFVJfWGAHGwpAABPtAXVXWg767.jpg","financeStage":"上市公司","approve":0,"jobNature":"全职","companyLabelList":["年底双薪","带薪年假","绩效奖金","岗位晋升"],"district":null,"score":0,"publisherId":829707,"explain":null,"plus":null,"pcShow":0,"appShow":0,"deliver":0,"gradeDescription":null},{"companyFullName":"小船出海教育科技（北京）有限公司","adWord":0,"companyId":113856,"formatCreateTime":"1天前发布","businessZones":["上地","西二旗","马连洼"],"imState":"sevenDays","lastLogin":1472054016000,"positionId":2183180,"industryField":"移动互联网,教育","education":"本科","workYear":"1-3年","city":"北京","positionAdvantage":"技术氛围,免费三餐,租房补贴","createTime":"2016-08-29 18:19:10","salary":"15k-30k","positionName":"Android开发工程师","companySize":"150-500人","companyShortName":"作业帮","companyLogo":"i/image/M00/4E/40/CgqKkVeqlb2AF8JlAAAktQnnu8U850.png","financeStage":"成长型(B轮)","approve":0,"jobNature":"全职","companyLabelList":["股票期权","免费三餐","打车报销","14薪"],"district":"海淀区","score":0,"publisherId":4768675,"explain":null,"plus":null,"pcShow":0,"appShow":0,"deliver":0,"gradeDescription":null},{"companyFullName":"乐视致新电子商务有限公司","adWord":0,"companyId":131530,"formatCreateTime":"1天前发布","businessZones":["酒仙桥","大山子","将台路"],"imState":"today","lastLogin":1472569444000,"positionId":1919656,"industryField":"硬件,电子商务","education":"本科","workYear":"3-5年","city":"北京","positionAdvantage":"16薪/全员持股/Android系统研发/全城班车","createTime":"2016-08-29 18:18:36","salary":"15k-25k","positionName":"Android Framework系统工程师","companySize":"2000人以上","companyShortName":"乐视致新电子商务有限公司","companyLogo":"i/image/M00/30/4A/CgqKkVdF5ZqASMJdAAAVhkMvQXY933.jpg","financeStage":"上市公司","approve":0,"jobNature":"全职","companyLabelList":["股票期权","带薪年假","通讯津贴","午餐补助"],"district":"朝阳区","score":0,"publisherId":5259641,"explain":null,"plus":null,"pcShow":0,"appShow":0,"deliver":0,"gradeDescription":null},{"companyFullName":"北京沃丰时代数据科技有限公司","adWord":0,"companyId":25439,"formatCreateTime":"1天前发布","businessZones":["西直门","动物园","官园"],"imState":"today","lastLogin":1472569483000,"positionId":2206785,"industryField":"企业服务,数据服务","education":"本科","workYear":"3-5年","city":"北京","positionAdvantage":"待遇丰厚，团队强悍","createTime":"2016-08-29 18:16:18","salary":"20k-30k","positionName":"Android工程师","companySize":"150-500人","companyShortName":"Udesk－企业级智能客服平台","companyLogo":"i/image/M00/3D/F6/Cgp3O1dzZCuAUcW4AAA8ceAZVDQ330.png","financeStage":"成长型(B轮)","approve":1,"jobNature":"全职","companyLabelList":["股票期权","团队强悍","高成长高回报","企业爆发前期"],"district":"西城区","score":0,"publisherId":2674637,"explain":null,"plus":null,"pcShow":0,"appShow":0,"deliver":0,"gradeDescription":null},{"companyFullName":"北京金山云网络技术有限公司","adWord":0,"companyId":956,"formatCreateTime":"1天前发布","businessZones":["上地","清河","小营"],"imState":"today","lastLogin":1472546941000,"positionId":2268178,"industryField":"移动互联网,数据服务","education":"本科","workYear":"不限","city":"北京","positionAdvantage":"福利待遇丰厚 晋升快","createTime":"2016-08-29 18:12:36","salary":"15k-30k","positionName":"多媒体开发工程师（android）","companySize":"500-2000人","companyShortName":"金山云","companyLogo":"image1/M00/00/04/Cgo8PFTUWACAWautAAAh6gMfsB0502.jpg","financeStage":"成熟型(C轮)","approve":1,"jobNature":"全职","companyLabelList":["技能培训","节日礼物","瑜伽房","免费班车"],"district":"海淀区","score":0,"publisherId":5528,"explain":null,"plus":null,"pcShow":0,"appShow":0,"deliver":0,"gradeDescription":null},{"companyFullName":"北京朗动科技有限公司","adWord":0,"companyId":51665,"formatCreateTime":"1天前发布","businessZones":["五道口","学院路","北航"],"imState":"disabled","lastLogin":1472471729000,"positionId":1533298,"industryField":"移动互联网","education":"本科","workYear":"1-3年","city":"北京","positionAdvantage":"13薪期权奖金，十天年假，工程师文化","createTime":"2016-08-29 18:02:21","salary":"18k-25k","positionName":"Android","companySize":"15-50人","companyShortName":"乐动力","companyLogo":"image1/M00/3A/9F/Cgo8PFWt-HGAZhiDAAAb-JIwkf4960.jpg","financeStage":"成长型(A轮)","approve":1,"jobNature":"全职","companyLabelList":["工程师文化","股票期权","年度旅游","扁平管理"],"district":"海淀区","score":0,"publisherId":1301949,"explain":null,"plus":null,"pcShow":0,"appShow":0,"deliver":0,"gradeDescription":null},{"companyFullName":"北京易联致远无线技术有限公司（EOE-最大的android社区）","adWord":0,"companyId":250,"formatCreateTime":"1天前发布","businessZones":null,"imState":"today","lastLogin":1472562974000,"positionId":1978055,"industryField":"移动互联网","education":"本科","workYear":"3-5年","city":"北京","positionAdvantage":"技术极客 丰厚报酬","createTime":"2016-08-29 17:59:26","salary":"16k-30k","positionName":"Android主管布道师","companySize":"50-150人","companyShortName":"极客学院","companyLogo":"image1/M00/16/BE/Cgo8PFUPkIaAPwLBAABWOrJqLZ4007.jpg","financeStage":"成长型(B轮)","approve":1,"jobNature":"全职","companyLabelList":["节日礼物","技能培训","MAC办公","免费体检"],"district":null,"score":0,"publisherId":1569243,"explain":null,"plus":null,"pcShow":0,"appShow":0,"deliver":0,"gradeDescription":null}]}},"code":0}