{"success":true,"requestId":null,"msg":null,"resubmitToken":null,"content":{"pageNo":80,"pageSize":15,"positionResult":{"totalCount":8899,"resultSize":15,"locationInfo":{"city":"北京","district":null,"queryByGisCode":false,"businessZone":null,"locationCode":null},"queryAnalysisInfo":{"positionName":"android","companyName":null,"usefulCompany":false,"industryName":null},"strategyProperty":{"name":"dm-csearch-newSimScorer","id":1},"result":[{"companyId":1914,"companyShortName":"优酷土豆","createTime":"2016-07-29 17:53:38","positionId":238757,"positionAdvantage":"奖金多多，技术氛围浓厚","salary":"15k-30k","score":0,"workYear":"3-5年","education":"本科","city":"北京","positionName":"Android高级工程师","companyLogo":"i/image/M00/01/39/Cgp3O1Zk9luAeL0jAAAO0FvOuQE553.png","financeStage":"上市公司","industryField":"数据服务,文化娱乐","jobNature":"全职","approve":1,"companySize":"2000人以上","district":"海淀区","companyLabelList":["带薪年假","岗位晋升","五险一金","弹性工作"],"adWord":0,"appShow":0,"deliver":0,"formatCreateTime":"2016-07-29","gradeDescription":null,"companyFullName":"合一网络技术（北京）有限公司","businessZones":["中关村","北京大学","苏州街"],"imState":"disabled","lastLogin":1471938041000,"publisherId":610400,"explain":null,"plus":null,"pcShow":0},{"companyId":1686,"companyShortName":"爱奇艺","createTime":"2016-07-29 10:07:11","positionId":2165535,"positionAdvantage":"VR方向 成长型团队","salary":"25k-40k","score":0,"workYear":"3-5年","education":"本科","city":"北京","positionName":"Android","companyLogo":"image1/M00/00/06/Cgo8PFTUWAaAbD7PAACAXTzCmiw113.jpg","financeStage":"成熟型(D轮及以上)","industryField":"广告营销,文化娱乐","jobNature":"全职","approve":1,"companySize":"2000人以上","district":"海淀区","companyLabelList":["绩效奖金","五险一金","交通补助","带薪年假"],"adWord":0,"appShow":0,"deliver":0,"formatCreateTime":"2016-07-29","gradeDescription":null,"companyFullName":"北京爱奇艺科技有限公司","businessZones":["中关村","北京大学","苏州街"],"imState":"disabled","lastLogin":1472543659000,"publisherId":5323604,"explain":null,"plus":null,"pcShow":0},{"companyId":8062,"companyShortName":"闻康","createTime":"2016-07-29 09:00:14","positionId":1758191,"positionAdvantage":"五险一金、带薪年假、工龄工资、餐补、交补","salary":"15k-30k","score":0,"workYear":"1-3年","education":"本科","city":"北京","positionName":"Android开发工程师","companyLogo":"i/image/M00/17/19/CgqKkVbw8xGASJ7yAAASGiMnk84579.jpg","financeStage":"成长型(A轮)","industryField":"移动互联网","jobNature":"全职","approve":1,"companySize":"500-2000人","district":"海淀区","companyLabelList":["技能培训","节日礼物","带薪年假","绩效奖金"],"adWord":0,"appShow":0,"deliver":0,"formatCreateTime":"2016-07-29","gradeDescription":null,"companyFullName":"世纪闻康（北京）科技发展有限公司","businessZones":["学院路","北航","五道口"],"imState":"sevenDays","lastLogin":1472027915000,"publisherId":1745874,"explain":null,"plus":null,"pcShow":0},{"companyId":6126,"companyShortName":"包商银行","createTime":"2016-07-28 17:09:08","positionId":2163504,"positionAdvantage":"发展前景 发展平台","salary":"15k-30k","score":0,"workYear":"3-5年","education":"本科","city":"北京","positionName":"Android 高级开发工程师","companyLogo":"i/image/M00/05/68/Cgp3O1bKyy2AW34wAAATEfPo5mY193.png","financeStage":"初创型(未融资)","industryField":"金融","jobNature":"全职","approve":1,"companySize":"2000人以上","district":null,"companyLabelList":["节日礼物","绩效奖金","管理规范","定期体检"],"adWord":0,"appShow":0,"deliver":0,"formatCreateTime":"2016-07-28","gradeDescription":null,"companyFullName":"包商银行股份有限公司","businessZones":null,"imState":"today","lastLogin":1472541648000,"publisherId":4053608,"explain":null,"plus":null,"pcShow":0},{"companyId":89079,"companyShortName":"北京拎克","createTime":"2016-07-28 16:47:47","positionId":2163305,"positionAdvantage":"周末双休 午餐补助 加班打车补助","salary":"10k-20k","score":0,"workYear":"3-5年","education":"不限","city":"北京","positionName":"安卓","companyLogo":"image1/M00/42/48/Cgo8PFXLA6GALIlCAAAu9_YZg70641.png?cc=0.7746919777709991","financeStage":"成长型(A轮)","industryField":"移动互联网,O2O","jobNature":"全职","approve":0,"companySize":"15-50人","district":null,"companyLabelList":["技能培训","股票期权","岗位晋升","领导好"],"adWord":0,"appShow":0,"deliver":0,"formatCreateTime":"2016-07-28","gradeDescription":null,"companyFullName":"北京拎克网络科技有限责任公司","businessZones":null,"imState":"overSevenDays","lastLogin":1471398645000,"publisherId":4323412,"explain":null,"plus":null,"pcShow":0},{"companyId":17849,"companyShortName":"汇智博纳","createTime":"2016-07-28 16:17:36","positionId":2028687,"positionAdvantage":"双休，法定假日休息，体检，奖金","salary":"8k-15k","score":0,"workYear":"3-5年","education":"本科","city":"北京","positionName":"高级Android工程师","companyLogo":"image1/M00/00/21/Cgo8PFTUWHKAJnGGAABHcqp1Fao120.png","financeStage":"初创型(未融资)","industryField":"移动互联网,教育","jobNature":"全职","approve":1,"companySize":"15-50人","district":"海淀区","companyLabelList":["绩效奖金","年度旅游","美女多","领导好"],"adWord":0,"appShow":0,"deliver":0,"formatCreateTime":"2016-07-28","gradeDescription":null,"companyFullName":"北京汇智博纳教育科技有限公司","businessZones":["中关村","人民大学","知春路"],"imState":"today","lastLogin":1472553614000,"publisherId":2349598,"explain":null,"plus":null,"pcShow":0},{"companyId":22499,"companyShortName":"旅行派","createTime":"2016-07-28 14:44:52","positionId":2162068,"positionAdvantage":"创业氛围，年轻逗比，扁平管理，期权激励","salary":"7k-14k","score":0,"workYear":"1-3年","education":"本科","city":"北京","positionName":"Android工程","companyLogo":"image1/M00/42/D6/Cgo8PFXNYK2AQSh3AAAbhsVbuoo488.png","financeStage":"成长型(A轮)","industryField":"移动互联网","jobNature":"全职","approve":1,"companySize":"15-50人","district":"海淀区","companyLabelList":["节日礼物","技能培训","股票期权","扁平管理"],"adWord":0,"appShow":0,"deliver":0,"formatCreateTime":"2016-07-28","gradeDescription":null,"companyFullName":"北京雪见科技有限公司","businessZones":["中关村","人民大学","知春路"],"imState":"overSevenDays","lastLogin":1470144279000,"publisherId":260561,"explain":null,"plus":null,"pcShow":0},{"companyId":3194,"companyShortName":"搜狐","createTime":"2016-07-28 14:43:35","positionId":2076752,"positionAdvantage":"15天年假 小狐有礼","salary":"15k-20k","score":0,"workYear":"1-3年","education":"本科","city":"北京","positionName":"Android","companyLogo":"image1/M00/00/08/CgYXBlTUWBCARg09AACo4K_cFeU807.png","financeStage":"上市公司","industryField":"移动互联网,文化娱乐","jobNature":"全职","approve":1,"companySize":"2000人以上","district":"海淀区","companyLabelList":["节日礼物","技能培训","绩效奖金","年度旅游"],"adWord":0,"appShow":0,"deliver":0,"formatCreateTime":"2016-07-28","gradeDescription":null,"companyFullName":"北京搜狐新媒体信息技术有限公司","businessZones":["中关村","知春路","双榆树"],"imState":"disabled","lastLogin":1470968436000,"publisherId":4059223,"explain":null,"plus":null,"pcShow":0},{"companyId":48717,"companyShortName":"PMCAFF产品经理社区","createTime":"2016-07-28 14:38:47","positionId":2161956,"positionAdvantage":"丰厚的股票期权；良好的职位发展","salary":"15k-30k","score":0,"workYear":"3-5年","education":"不限","city":"北京","positionName":"资深Android开发","companyLogo":"image1/M00/36/5C/CgYXBlWeKHaAcoVUAAAdqotfb84508.jpg","financeStage":"初创型(未融资)","industryField":"社交网络,教育","jobNature":"全职","approve":1,"companySize":"15-50人","district":"朝阳区","companyLabelList":["节日礼物","技能培训","绩效奖金","年度旅游"],"adWord":0,"appShow":0,"deliver":0,"formatCreateTime":"2016-07-28","gradeDescription":null,"companyFullName":"爱赛因斯（北京）科技有限公司","businessZones":null,"imState":"disabled","lastLogin":1472194296000,"publisherId":5570130,"explain":null,"plus":null,"pcShow":0},{"companyId":134359,"companyShortName":"易建科技","createTime":"2016-07-28 14:03:18","positionId":2161559,"positionAdvantage":"上级nice 弹性时间 年终奖金","salary":"18k-30k","score":0,"workYear":"5-10年","education":"本科","city":"北京","positionName":"高级Android开发工程师","companyLogo":"i/image/M00/37/3F/Cgp3O1dfxL6Afw5cAAAjP-8McSM516.jpg","financeStage":"成长型(不需要融资)","industryField":"移动互联网","jobNature":"全职","approve":0,"companySize":"50-150人","district":"海淀区","companyLabelList":["年底双薪","带薪年假","绩效奖金","午餐补助"],"adWord":0,"appShow":0,"deliver":0,"formatCreateTime":"2016-07-28","gradeDescription":null,"companyFullName":"宁波易健网络科技有限公司北京分公司","businessZones":["大钟寺","蓟门桥","皂君庙"],"imState":"sevenDays","lastLogin":1472176328000,"publisherId":5112395,"explain":null,"plus":null,"pcShow":0},{"companyId":82423,"companyShortName":"中组智库","createTime":"2016-07-28 13:59:54","positionId":1852375,"positionAdvantage":"五险一金、带薪年假、工作餐","salary":"8k-14k","score":0,"workYear":"1-3年","education":"不限","city":"北京","positionName":"Android","companyLogo":"image2/M00/08/9B/CgpzWlYDdFqAIDwcAAAXZoOO3kw990.jpg","financeStage":"初创型(不需要融资)","industryField":"移动互联网,数据服务","jobNature":"全职","approve":1,"companySize":"15-50人","district":"朝阳区","companyLabelList":["专项奖金","带薪年假","绩效奖金","年度旅游"],"adWord":0,"appShow":0,"deliver":0,"formatCreateTime":"2016-07-28","gradeDescription":null,"companyFullName":"中组智库（北京）信息技术研究有限公司","businessZones":["大屯","亚运村","小营"],"imState":"overSevenDays","lastLogin":1471331370000,"publisherId":5054847,"explain":null,"plus":null,"pcShow":0},{"companyId":61737,"companyShortName":"微迅","createTime":"2016-07-28 12:17:00","positionId":1387076,"positionAdvantage":"带薪年假、年度旅游、免费零食、公司氛围好","salary":"10k-20k","score":0,"workYear":"3-5年","education":"不限","city":"北京","positionName":"Android","companyLogo":"i/image/M00/00/AB/Cgp3O1ZSktSAJPqjAAAcrIXbQjs953.png","financeStage":"成长型(A轮)","industryField":"移动互联网,企业服务","jobNature":"全职","approve":1,"companySize":"50-150人","district":"朝阳区","companyLabelList":["节日礼物","技能培训","年度旅游","岗位晋升"],"adWord":0,"appShow":0,"deliver":0,"formatCreateTime":"2016-07-28","gradeDescription":null,"companyFullName":"北京微迅联创科技有限公司","businessZones":["酒仙桥","将台路","大山子"],"imState":"threeDays","lastLogin":1472486774000,"publisherId":3643509,"explain":null,"plus":null,"pcShow":0},{"companyId":129068,"companyShortName":"阿博茨","createTime":"2016-07-28 11:17:00","positionId":2118803,"positionAdvantage":"技术大牛+极客团队+弹性时间+午餐下午茶","salary":"16k-32k","score":0,"workYear":"3-5年","education":"本科","city":"北京","positionName":"Android高级开发工程师","companyLogo":"i/image/M00/43/D4/CgqKkVeEWTmAKL8tAAAn-KmJkBg721.png","financeStage":"成长型(A轮)","industryField":"移动互联网","jobNature":"全职","approve":1,"companySize":"15-50人","district":"海淀区","companyLabelList":["五天工作制","带薪假期","健康午餐","体育课"],"adWord":0,"appShow":0,"deliver":0,"formatCreateTime":"2016-07-28","gradeDescription":null,"companyFullName":"北京阿博茨科技有限公司","businessZones":null,"imState":"threeDays","lastLogin":1472462011000,"publisherId":5688195,"explain":null,"plus":null,"pcShow":0},{"companyId":329,"companyShortName":"网易","createTime":"2016-07-28 10:40:52","positionId":2160077,"positionAdvantage":"base*16+年终奖+项目奖+每年旅游一次+班车","salary":"15k-30k","score":0,"workYear":"1-3年","education":"硕士","city":"北京","positionName":"资深Android研发工程师","companyLogo":"image1/M00/1C/DB/Cgo8PFUnbyyAOmwZAABKPABIzv8461.png","financeStage":"上市公司","industryField":"数据服务,文化娱乐","jobNature":"全职","approve":1,"companySize":"2000人以上","district":null,"companyLabelList":["节日礼物","技能培训","免费班车","带薪年假"],"adWord":0,"appShow":0,"deliver":0,"formatCreateTime":"2016-07-28","gradeDescription":null,"companyFullName":"网之易信息技术（北京）有限公司","businessZones":null,"imState":"disabled","lastLogin":1472092070000,"publisherId":4601927,"explain":null,"plus":null,"pcShow":0},{"companyId":124240,"companyShortName":"易买吧","createTime":"2016-07-28 08:08:43","positionId":1737828,"positionAdvantage":"股权激励","salary":"4k-8k","score":0,"workYear":"1-3年","education":"大专","city":"北京","positionName":"Android","companyLogo":"i/image/M00/21/A1/Cgp3O1cR_xOAWK_6AAAGoI-svjI580.png","financeStage":"初创型(未融资)","industryField":"电子商务,移动互联网","jobNature":"全职","approve":0,"companySize":"50-150人","district":"朝阳区","companyLabelList":["年底双薪","带薪年假","交通便利"],"adWord":0,"appShow":0,"deliver":0,"formatCreateTime":"2016-07-28","gradeDescription":null,"companyFullName":"民环科技（北京）有限公司","businessZones":["太阳宫","对外经贸","芍药居","太阳宫","对外经贸","芍药居"],"imState":"disabled","lastLogin":1472553665000,"publisherId":4781674,"explain":null,"plus":null,"pcShow":0}]}},"code":0}