{"success":true,"requestId":null,"resubmitToken":null,"msg":null,"content":{"pageNo":8,"pageSize":15,"positionResult":{"resultSize":15,"totalCount":8899,"locationInfo":{"businessZone":null,"queryByGisCode":false,"locationCode":null,"city":"北京","district":null},"queryAnalysisInfo":{"industryName":null,"usefulCompany":false,"positionName":"android","companyName":null},"strategyProperty":{"name":"dm-csearch-newSimScorer","id":1},"result":[{"formatCreateTime":"13:18发布","createTime":"2016-08-30 13:18:09","companyId":23004,"positionName":"Android白盒测试工程师","education":"本科","city":"北京","positionId":2290598,"financeStage":"成长型(B轮)","companyShortName":"图灵机器人","companyLogo":"i/image/M00/11/9A/Cgp3O1biWaKABjiEAASTrSzDg0Y979.png","salary":"15k-25k","industryField":"移动互联网","district":"海淀区","companyLabelList":["年底双薪","节日礼物","No考勤","绩效奖金"],"positionAdvantage":"五险一金、年终奖、每年两次调薪、绩效奖金","jobNature":"全职","workYear":"3-5年","approve":1,"score":0,"companySize":"50-150人","businessZones":["上地"],"imState":"today","lastLogin":1472570576000,"publisherId":268233,"explain":null,"plus":null,"pcShow":0,"appShow":0,"deliver":0,"gradeDescription":null,"companyFullName":"北京光年无限科技有限公司","adWord":0},{"formatCreateTime":"11:45发布","createTime":"2016-08-30 11:45:25","companyId":4128,"positionName":"Android 开发工程师（实习生）","education":"不限","city":"北京","positionId":1150885,"financeStage":"成熟型(C轮)","companyShortName":"知乎","companyLogo":"i/image/M00/00/ED/CgqKkVZbw3eAS5NKAAAptNglgQY659.jpg","salary":"3k-5k","industryField":"移动互联网,社交网络","district":"海淀区","companyLabelList":["年底双薪","股票期权","五险一金","带薪年假"],"positionAdvantage":"早午餐、弹性工作、零食饮料、 团建活动","jobNature":"实习","workYear":"不限","approve":1,"score":0,"companySize":"150-500人","businessZones":["清河"],"imState":"today","lastLogin":1472572208000,"publisherId":294625,"explain":null,"plus":null,"pcShow":0,"appShow":0,"deliver":0,"gradeDescription":null,"companyFullName":"北京智者天下科技有限公司","adWord":0},{"formatCreateTime":"11:36发布","createTime":"2016-08-30 11:36:07","companyId":50889,"positionName":"Android工程师","education":"本科","city":"北京","positionId":1469055,"financeStage":"上市公司","companyShortName":"和创科技（红圈营销）","companyLogo":"i/image/M00/03/44/Cgp3O1ax7JWAOSzUAABS3OF0A7w289.jpg","salary":"20k-35k","industryField":"移动互联网,企业服务","district":"西城区","companyLabelList":["弹性工作","敏捷研发","股票期权","年底双薪"],"positionAdvantage":"上市公司，持续股权激励，技术极客云集！","jobNature":"全职","workYear":"3-5年","approve":1,"score":0,"companySize":"2000人以上","businessZones":null,"imState":"today","lastLogin":1472559909000,"publisherId":2488880,"explain":null,"plus":null,"pcShow":0,"appShow":0,"deliver":0,"gradeDescription":null,"companyFullName":"和创（北京）科技股份有限公司","adWord":0},{"formatCreateTime":"11:33发布","createTime":"2016-08-30 11:33:54","companyId":114494,"positionName":"Android开发组长","education":"本科","city":"北京","positionId":1738548,"financeStage":"成长型(A轮)","companyShortName":"trustdata","companyLogo":"i/image/M00/03/B9/Cgp3O1bC1J-AOWIqAACOEUDAfD0722.jpg","salary":"20k-40k","industryField":"数据服务,移动互联网","district":"朝阳区","companyLabelList":["年底双薪","绩效奖金","股票期权","带薪年假"],"positionAdvantage":"6险一金 弹性工作时间 5A级办公区","jobNature":"全职","workYear":"3-5年","approve":0,"score":0,"companySize":"15-50人","businessZones":["大山子","望京","酒仙桥"],"imState":"disabled","lastLogin":1472527716000,"publisherId":4857047,"explain":null,"plus":null,"pcShow":0,"appShow":0,"deliver":0,"gradeDescription":null,"companyFullName":"北京麒麟心通网络技术有限公司","adWord":0},{"formatCreateTime":"11:26发布","createTime":"2016-08-30 11:26:23","companyId":134666,"positionName":"Android leader","education":"本科","city":"北京","positionId":1983703,"financeStage":"初创型(不需要融资)","companyShortName":"iAPPEASE","companyLogo":"i/image/M00/38/20/CgqKkVdiI5OABj-EAAAF74yFVZQ737.png","salary":"20k-30k","industryField":"移动互联网,企业服务","district":"朝阳区","companyLabelList":["绩效奖金","专项奖金","年终分红","带薪年假"],"positionAdvantage":"15薪 免费班车 5A写字楼 工作居住证","jobNature":"全职","workYear":"3-5年","approve":0,"score":0,"companySize":"15-50人","businessZones":["大山子","望京","酒仙桥"],"imState":"disabled","lastLogin":1472527131000,"publisherId":5372585,"explain":null,"plus":null,"pcShow":0,"appShow":0,"deliver":0,"gradeDescription":null,"companyFullName":"天津麒麟天创网络技术有限公司","adWord":0},{"formatCreateTime":"11:25发布","createTime":"2016-08-30 11:25:43","companyId":145060,"positionName":"Android","education":"本科","city":"北京","positionId":2304297,"financeStage":"初创型(天使轮)","companyShortName":"爱卡怡康","companyLogo":"i/image/M00/52/0B/CgqKkVe6mTOAFFZ8AAAbNU1EKG4452.png","salary":"12k-24k","industryField":"移动互联网","district":"海淀区","companyLabelList":null,"positionAdvantage":"扁平化管理 午餐下午茶 13-15薪","jobNature":"实习","workYear":"1-3年","approve":0,"score":0,"companySize":"少于15人","businessZones":["中关村","人民大学","知春路"],"imState":"disabled","lastLogin":1472568133000,"publisherId":5962277,"explain":null,"plus":null,"pcShow":0,"appShow":0,"deliver":0,"gradeDescription":null,"companyFullName":"北京爱卡怡康科技有限公司","adWord":0},{"formatCreateTime":"11:24发布","createTime":"2016-08-30 11:24:45","companyId":17289,"positionName":"Android","education":"本科","city":"北京","positionId":2162733,"financeStage":"上市公司","companyShortName":"浪潮","companyLogo":"image1/M00/00/20/Cgo8PFTUWG6AXyv1AAB5t05bhwM557.jpg","salary":"10k-20k","industryField":"电子商务,数据服务","district":"海淀区","companyLabelList":["绩效奖金","五险一金","弹性工作","岗位晋升"],"positionAdvantage":"16薪+七险一金+带薪年假+团建+发展好","jobNature":"全职","workYear":"3-5年","approve":0,"score":0,"companySize":"2000人以上","businessZones":["西二旗","龙泽","回龙观"],"imState":"disabled","lastLogin":1472551954000,"publisherId":248702,"explain":null,"plus":null,"pcShow":0,"appShow":0,"deliver":0,"gradeDescription":null,"companyFullName":"浪潮(北京)信息有限公司","adWord":0},{"formatCreateTime":"11:10发布","createTime":"2016-08-30 11:10:57","companyId":123291,"positionName":"高级Android开发工程师 （技术leader）","education":"本科","city":"北京","positionId":2304122,"financeStage":"初创型(天使轮)","companyShortName":"农田管家","companyLogo":"i/image/M00/1C/F1/Cgp3O1cDibiAeaVlAAAMrKVH_hw34.jpeg","salary":"20k-35k","industryField":"O2O,其他","district":"朝阳区","companyLabelList":null,"positionAdvantage":"发展前景大/福利待遇好/弹性工作时间","jobNature":"全职","workYear":"5-10年","approve":0,"score":0,"companySize":"15-50人","businessZones":["望京","花家地","大山子"],"imState":"today","lastLogin":1472526506000,"publisherId":1611592,"explain":null,"plus":null,"pcShow":0,"appShow":0,"deliver":0,"gradeDescription":null,"companyFullName":"北京农田管家科技有限责任公司","adWord":0},{"formatCreateTime":"11:09发布","createTime":"2016-08-30 11:09:08","companyId":73463,"positionName":"Android应用工程师（中高级）","education":"本科","city":"北京","positionId":2304094,"financeStage":"初创型(未融资)","companyShortName":"北京乐驾科技有限公司","companyLogo":"image1/M00/2B/23/Cgo8PFVurXuAAMn0AAAi7JnL7xc671.jpg","salary":"15k-20k","industryField":"移动互联网","district":"昌平区","companyLabelList":["节日礼物","技能培训","年度旅游","岗位晋升"],"positionAdvantage":"行业领先薪酬待遇、内部培训、带薪年假","jobNature":"全职","workYear":"3-5年","approve":1,"score":0,"companySize":"50-150人","businessZones":["霍营","回龙观"],"imState":"disabled","lastLogin":1472539652000,"publisherId":1776782,"explain":null,"plus":null,"pcShow":0,"appShow":0,"deliver":0,"gradeDescription":null,"companyFullName":"北京乐驾科技有限公司","adWord":0},{"formatCreateTime":"11:06发布","createTime":"2016-08-30 11:06:13","companyId":37525,"positionName":"Android 工程师","education":"大专","city":"北京","positionId":2304064,"financeStage":"初创型(天使轮)","companyShortName":"Oracleen","companyLogo":"i/image/M00/22/24/CgqKkVcUXC-AEANtAAB-8AqEWEI754.png","salary":"6k-10k","industryField":"移动互联网,硬件","district":null,"companyLabelList":["股票期权","弹性工作","节日礼物","领导好"],"positionAdvantage":"创业环境、团队氛围好、成长空间大","jobNature":"全职","workYear":"1-3年","approve":1,"score":0,"companySize":"15-50人","businessZones":null,"imState":"today","lastLogin":1472549910000,"publisherId":1755467,"explain":null,"plus":null,"pcShow":0,"appShow":0,"deliver":0,"gradeDescription":null,"companyFullName":"爱芽（北京）科技有限公司","adWord":0},{"formatCreateTime":"10:55发布","createTime":"2016-08-30 10:55:57","companyId":119153,"positionName":"Android开发工程师","education":"本科","city":"北京","positionId":1659595,"financeStage":"上市公司","companyShortName":"51Talk 无忧英语","companyLogo":"i/image/M00/12/D3/Cgp3O1bmVr-AOGHYAABsWK_3bSI050.JPG","salary":"15k-30k","industryField":"移动互联网,教育","district":"海淀区","companyLabelList":["交通补助","带薪年假","股票期权"],"positionAdvantage":"免费早餐晚餐，各种福利，惊喜不断","jobNature":"全职","workYear":"3-5年","approve":0,"score":0,"companySize":"2000人以上","businessZones":["上地","西二旗","马连洼"],"imState":"today","lastLogin":1472542665000,"publisherId":4505716,"explain":null,"plus":null,"pcShow":0,"appShow":0,"deliver":0,"gradeDescription":null,"companyFullName":"北京大生在线科技有限公司","adWord":0},{"formatCreateTime":"10:54发布","createTime":"2016-08-30 10:54:13","companyId":62707,"positionName":"Android开发实习","education":"本科","city":"北京","positionId":2303930,"financeStage":"成熟型(D轮及以上)","companyShortName":"小米","companyLogo":"image1/M00/1C/DB/CgYXBlUncCGAcZB0AAA8ki7Odb8158.jpg","salary":"3k-6k","industryField":"移动互联网","district":null,"companyLabelList":["免费班车","带薪年假","绩效奖金","扁平管理"],"positionAdvantage":"让我们一起打造最佳的阅读产品","jobNature":"实习","workYear":"不限","approve":0,"score":0,"companySize":"2000人以上","businessZones":null,"imState":"today","lastLogin":1472554155000,"publisherId":3600825,"explain":null,"plus":null,"pcShow":0,"appShow":0,"deliver":0,"gradeDescription":null,"companyFullName":"北京小米移动软件有限公司","adWord":0},{"formatCreateTime":"10:52发布","createTime":"2016-08-30 10:52:32","companyId":80771,"positionName":"高级Android","education":"本科","city":"北京","positionId":2303906,"financeStage":"上市公司","companyShortName":"乐天创研","companyLogo":"image1/M00/34/31/Cgo8PFWWNh2AHeOqAAATQPbTv9Q118.jpg?cc=0.08387353224679828","salary":"21k-26k","industryField":"电子商务,旅游","district":"朝阳区","companyLabelList":["技能培训","节日礼物","带薪年假","绩效奖金"],"positionAdvantage":"出国培训,跨境电商,不加班,14薪","jobNature":"全职","workYear":"5-10年","approve":1,"score":0,"companySize":"2000人以上","businessZones":null,"imState":"today","lastLogin":1472524863000,"publisherId":2047702,"explain":null,"plus":null,"pcShow":0,"appShow":0,"deliver":0,"gradeDescription":null,"companyFullName":"乐天创研（北京）科技有限公司","adWord":0},{"formatCreateTime":"10:47发布","createTime":"2016-08-30 10:47:12","companyId":141762,"positionName":"Android","education":"大专","city":"北京","positionId":2303836,"financeStage":"初创型(天使轮)","companyShortName":"天行健网络","companyLogo":"i/image/M00/4B/B8/CgqKkVegRz-AF39TAAAGWtzpmjo177.jpg","salary":"16k-32k","industryField":"移动互联网,电子商务","district":"朝阳区","companyLabelList":["牛人！","牛人！！","牛人！！！","年终分红"],"positionAdvantage":"周末双休 弹性工作时间 五险一金 各种福利","jobNature":"全职","workYear":"3-5年","approve":0,"score":0,"companySize":"150-500人","businessZones":["望京","大山子","花家地"],"imState":"today","lastLogin":1472553751000,"publisherId":5789034,"explain":null,"plus":null,"pcShow":0,"appShow":0,"deliver":0,"gradeDescription":null,"companyFullName":"北京天行健网络技术有限公司","adWord":0},{"formatCreateTime":"10:44发布","createTime":"2016-08-30 10:44:56","companyId":143459,"positionName":"Android","education":"大专","city":"北京","positionId":2303815,"financeStage":"成熟型(不需要融资)","companyShortName":"瑞泰阳光","companyLogo":"i/image/M00/4E/69/CgqKkVeq7SWAHDyfAAB4LdQxjzk950.png","salary":"15k-30k","industryField":"医疗健康,企业服务","district":"朝阳区","companyLabelList":["年底双薪","专项奖金","绩效奖金","带薪年假"],"positionAdvantage":"周末双休 弹性工作时间 五险一金 各种福利","jobNature":"全职","workYear":"1-3年","approve":0,"score":0,"companySize":"500-2000人","businessZones":["大山子","酒仙桥","望京"],"imState":"disabled","lastLogin":1472545610000,"publisherId":5886908,"explain":null,"plus":null,"pcShow":0,"appShow":0,"deliver":0,"gradeDescription":null,"companyFullName":"北京瑞泰阳光科技有限公司","adWord":0}]}},"code":0}