{"msg":null,"success":true,"requestId":null,"resubmitToken":null,"content":{"pageNo":86,"pageSize":15,"positionResult":{"queryAnalysisInfo":{"industryName":null,"usefulCompany":false,"positionName":"android","companyName":null},"strategyProperty":{"name":"dm-csearch-newSimScorer","id":1},"totalCount":8899,"resultSize":15,"locationInfo":{"businessZone":null,"locationCode":null,"queryByGisCode":false,"city":"北京","district":null},"result":[{"companyId":126780,"explain":null,"plus":null,"pcShow":0,"appShow":0,"deliver":0,"gradeDescription":null,"businessZones":["知春路","蓟门桥","大钟寺"],"imState":"overSevenDays","lastLogin":1471414491000,"publisherId":5149141,"positionName":"Android framework","workYear":"1-3年","education":"大专","jobNature":"全职","positionId":1902414,"createTime":"2016-07-22 17:44:49","city":"北京","companyLogo":"i/image/M00/28/0F/Cgp3O1cpuQ6AEjg2AAAaD5_cOrQ957.jpg","industryField":"移动互联网","positionAdvantage":"弹性工作制 自由工作环境 福利好","salary":"10k-20k","companySize":"15-50人","approve":0,"financeStage":"初创型(天使轮)","companyLabelList":null,"district":"海淀区","companyShortName":"奥瑞","score":0,"formatCreateTime":"2016-07-22","companyFullName":"北京奥瑞创想科技有限公司","adWord":0},{"companyId":329,"explain":null,"plus":null,"pcShow":0,"appShow":0,"deliver":0,"gradeDescription":null,"businessZones":["西北旺","马连洼"],"imState":"disabled","lastLogin":1472093679000,"publisherId":4235843,"positionName":"Android、ios开发工程师","workYear":"不限","education":"硕士","jobNature":"全职","positionId":1698576,"createTime":"2016-07-21 18:18:43","city":"北京","companyLogo":"image1/M00/1C/DB/Cgo8PFUnbyyAOmwZAABKPABIzv8461.png","industryField":"数据服务,文化娱乐","positionAdvantage":"14薪+季度奖+年终奖+年度旅游+免费餐饮","salary":"15k-30k","companySize":"2000人以上","approve":1,"financeStage":"上市公司","companyLabelList":["节日礼物","技能培训","免费班车","带薪年假"],"district":"海淀区","companyShortName":"网易","score":0,"formatCreateTime":"2016-07-21","companyFullName":"网之易信息技术（北京）有限公司","adWord":0},{"companyId":32590,"explain":null,"plus":null,"pcShow":0,"appShow":0,"deliver":0,"gradeDescription":null,"businessZones":["东直门","海运仓","东四"],"imState":"disabled","lastLogin":1472459287000,"publisherId":2890436,"positionName":"Android开发","workYear":"1-3年","education":"大专","jobNature":"全职","positionId":1550977,"createTime":"2016-07-21 12:01:04","city":"北京","companyLogo":"image1/M00/00/4B/Cgo8PFTUXPOAYWSAAABp0cLe-X8504.jpg","industryField":"金融","positionAdvantage":"入职即全额五险一金","salary":"10k-15k","companySize":"150-500人","approve":1,"financeStage":"成长型(不需要融资)","companyLabelList":["年底双薪","节日礼物","技能培训","绩效奖金"],"district":"东城区","companyShortName":"融宝支付","score":0,"formatCreateTime":"2016-07-21","companyFullName":"天津融宝支付网络有限公司","adWord":0},{"companyId":83416,"explain":null,"plus":null,"pcShow":0,"appShow":0,"deliver":0,"gradeDescription":null,"businessZones":["和平里","雍和宫","安定门"],"imState":"disabled","lastLogin":1472517467000,"publisherId":174745,"positionName":"Android","workYear":"3-5年","education":"本科","jobNature":"全职","positionId":1502466,"createTime":"2016-07-20 09:36:15","city":"北京","companyLogo":"image1/M00/39/3E/Cgo8PFWodXmAUw38AAAhxaYQA7s719.JPG?cc=0.1519465318415314","industryField":"移动互联网,信息安全","positionAdvantage":"绩效奖金 股票期权 五险一金 补充医疗","salary":"15k-22k","companySize":"150-500人","approve":1,"financeStage":"成长型(B轮)","companyLabelList":["技能培训","年底双薪","股票期权","带薪年假"],"district":"东城区","companyShortName":"元心科技","score":0,"formatCreateTime":"2016-07-20","companyFullName":"北京元心科技有限公司","adWord":0},{"companyId":42242,"explain":null,"plus":null,"pcShow":0,"appShow":0,"deliver":0,"gradeDescription":null,"businessZones":["望京","大山子","花家地"],"imState":"disabled","lastLogin":1471833371000,"publisherId":2813198,"positionName":"Android","workYear":"3-5年","education":"大专","jobNature":"全职","positionId":1193450,"createTime":"2016-07-19 18:38:39","city":"北京","companyLogo":"image1/M00/00/69/CgYXBlTUXXOADfRiAACyhNg0LgY628.png","industryField":"移动互联网","positionAdvantage":"“五险一金 带薪年假 福利多多”","salary":"15k-22k","companySize":"500-2000人","approve":1,"financeStage":"上市公司","companyLabelList":["节日礼物","带薪年假","岗位晋升","扁平管理"],"district":"朝阳区","companyShortName":"元征科技北京研究院","score":0,"formatCreateTime":"2016-07-19","companyFullName":"深圳市元征科技股份有限公司北京研发中心","adWord":0},{"companyId":64053,"explain":null,"plus":null,"pcShow":0,"appShow":0,"deliver":0,"gradeDescription":null,"businessZones":["柳芳","和平里","左家庄"],"imState":"today","lastLogin":1472550495000,"publisherId":2246157,"positionName":"Android技术主管/开发经理","workYear":"3-5年","education":"本科","jobNature":"全职","positionId":1591290,"createTime":"2016-07-19 17:22:02","city":"北京","companyLogo":"i/image/M00/03/1C/CgqKkVapxr-AAyYaAAJmBVh2BxY822.jpg","industryField":"其他","positionAdvantage":"上市公司，绩效奖，五险一金，补充医疗","salary":"18k-25k","companySize":"2000人以上","approve":1,"financeStage":"上市公司","companyLabelList":["节日礼物","技能培训","绩效奖金","岗位晋升"],"district":"朝阳区","companyShortName":"众信旅游","score":0,"formatCreateTime":"2016-07-19","companyFullName":"北京众信国际旅行社股份有限公司","adWord":0},{"companyId":457,"explain":null,"plus":null,"pcShow":0,"appShow":0,"deliver":0,"gradeDescription":null,"businessZones":null,"imState":"overSevenDays","lastLogin":1469418772000,"publisherId":1655360,"positionName":"Android","workYear":"5-10年","education":"本科","jobNature":"全职","positionId":1569444,"createTime":"2016-07-19 17:12:28","city":"北京","companyLogo":"image1/M00/28/BE/Cgo8PFViommAay7KAACCE4CpqVc811.jpg","industryField":"移动互联网","positionAdvantage":"加入华为，大有可为","salary":"15k-30k","companySize":"2000人以上","approve":0,"financeStage":"成熟型(D轮及以上)","companyLabelList":["年终分红","绩效奖金","五险一金","弹性工作"],"district":"海淀区","companyShortName":"华为终端","score":0,"formatCreateTime":"2016-07-19","companyFullName":"华为终端有限公司","adWord":0},{"companyId":86294,"explain":null,"plus":null,"pcShow":0,"appShow":0,"deliver":0,"gradeDescription":null,"businessZones":["望京","大山子","酒仙桥"],"imState":"disabled","lastLogin":1472386033000,"publisherId":5696121,"positionName":"Android高级系统工程师","workYear":"5-10年","education":"本科","jobNature":"全职","positionId":2118419,"createTime":"2016-07-19 16:43:10","city":"北京","companyLogo":"i/image/M00/46/CD/Cgp3O1eNtkaAQ2rvAAAmHzL6IUE350.PNG","industryField":"移动互联网","positionAdvantage":"发展前景，优秀同事，全新业务，大平台","salary":"20k-40k","companySize":"2000人以上","approve":0,"financeStage":"上市公司","companyLabelList":["年底双薪","专项奖金","带薪年假","绩效奖金"],"district":"朝阳区","companyShortName":"阿里巴巴YunOS事业部","score":0,"formatCreateTime":"2016-07-19","companyFullName":"阿里巴巴YunOS事业部","adWord":0},{"companyId":122081,"explain":null,"plus":null,"pcShow":0,"appShow":0,"deliver":0,"gradeDescription":null,"businessZones":["亮马桥","三元桥","燕莎"],"imState":"overSevenDays","lastLogin":1469167643000,"publisherId":4670713,"positionName":"Android","workYear":"1-3年","education":"本科","jobNature":"全职","positionId":1654099,"createTime":"2016-07-19 12:46:30","city":"北京","companyLogo":"i/image/M00/1A/96/CgqKkVb6Ye2AFVePAABdTfMKawM532.JPG","industryField":"移动互联网,O2O","positionAdvantage":"股票期权 年底双薪 五险一金 饭补","salary":"10k-20k","companySize":"15-50人","approve":0,"financeStage":"初创型(天使轮)","companyLabelList":["年底双薪","股票期权","定期体检","午餐补助"],"district":"朝阳区","companyShortName":"北京观唐皕榷网络科技","score":0,"formatCreateTime":"2016-07-19","companyFullName":"北京观唐皕榷网络科技有限公司","adWord":0},{"companyId":77105,"explain":null,"plus":null,"pcShow":0,"appShow":0,"deliver":0,"gradeDescription":null,"businessZones":["上地","马连洼","西二旗"],"imState":"overSevenDays","lastLogin":1470277842000,"publisherId":5402251,"positionName":"Android","workYear":"3-5年","education":"本科","jobNature":"全职","positionId":2116089,"createTime":"2016-07-19 12:06:12","city":"北京","companyLogo":"image1/M00/2E/F1/CgYXBlV_8uOAG-lhAAAI1SDn90A808.png?cc=0.7755555979997883","industryField":"游戏","positionAdvantage":"过节费、员工旅游、春节红包、健身房","salary":"20k-40k","companySize":"500-2000人","approve":0,"financeStage":"上市公司","companyLabelList":["技能培训","节日礼物","带薪年假","绩效奖金"],"district":"海淀区","companyShortName":"竞技世界","score":0,"formatCreateTime":"2016-07-19","companyFullName":"竞技世界（北京）网络技术有限公司","adWord":0},{"companyId":91869,"explain":null,"plus":null,"pcShow":0,"appShow":0,"deliver":0,"gradeDescription":null,"businessZones":["来广营","望京"],"imState":"today","lastLogin":1472576363000,"publisherId":5567534,"positionName":"Android开发工程师-北京","workYear":"3-5年","education":"本科","jobNature":"全职","positionId":2065926,"createTime":"2016-07-19 11:25:38","city":"北京","companyLogo":"image1/M00/45/8D/CgYXBlXbyZSAHaX6AABXEfDsD3Y220.jpg?cc=0.8865930845495313","industryField":"移动互联网,社交网络","positionAdvantage":"极佳的发展,风口产业,氛围轻松","salary":"15k-30k","companySize":"150-500人","approve":1,"financeStage":"成长型(B轮)","companyLabelList":["五险一金","房补","五星级大厨","弹性不打卡"],"district":"朝阳区","companyShortName":"立方网","score":0,"formatCreateTime":"2016-07-19","companyFullName":"北京立方网信息技术有限公司","adWord":0},{"companyId":137001,"explain":null,"plus":null,"pcShow":0,"appShow":0,"deliver":0,"gradeDescription":null,"businessZones":["刘家窑","东铁匠营","方庄"],"imState":"disabled","lastLogin":1472438231000,"publisherId":5298488,"positionName":"Android","workYear":"3-5年","education":"本科","jobNature":"全职","positionId":2081685,"createTime":"2016-07-19 10:58:57","city":"北京","companyLogo":"i/image/M00/3F/20/CgqKkVd2OLOAC93RAACbNgX1F7k927.jpg","industryField":"移动互联网,电子商务","positionAdvantage":"五险一金，周末双休，交通便利，","salary":"13k-20k","companySize":"15-50人","approve":1,"financeStage":"初创型(未融资)","companyLabelList":null,"district":"丰台区","companyShortName":"洋草全球购","score":0,"formatCreateTime":"2016-07-19","companyFullName":"北京洋草网络科技有限公司","adWord":0},{"companyId":138194,"explain":null,"plus":null,"pcShow":0,"appShow":0,"deliver":0,"gradeDescription":null,"businessZones":["西北旺"],"imState":"threeDays","lastLogin":1472434336000,"publisherId":5589812,"positionName":"Android","workYear":"1-3年","education":"本科","jobNature":"全职","positionId":2115170,"createTime":"2016-07-19 10:54:53","city":"北京","companyLogo":"i/image/M00/42/7A/Cgp3O1d_b5eAH6x1AAA6Tfb6Aec625.png","industryField":"企业服务","positionAdvantage":"发展前景大,薪酬待遇好,团队有激情","salary":"7k-12k","companySize":"少于15人","approve":1,"financeStage":"初创型(未融资)","companyLabelList":["弹性工作","岗位晋升","绩效奖金"],"district":"海淀区","companyShortName":"回款管家","score":0,"formatCreateTime":"2016-07-19","companyFullName":"北京数云互联科技有限公司","adWord":0},{"companyId":86148,"explain":null,"plus":null,"pcShow":0,"appShow":0,"deliver":0,"gradeDescription":null,"businessZones":["龙泽","回龙观"],"imState":"today","lastLogin":1472527522000,"publisherId":5498840,"positionName":"Android","workYear":"1-3年","education":"本科","jobNature":"全职","positionId":2043604,"createTime":"2016-07-19 10:18:00","city":"北京","companyLogo":"image2/M00/0B/04/CgpzWlYXN8WAY7r1AAD06S1J2tE407.jpg","industryField":"移动互联网,教育","positionAdvantage":"不加班","salary":"10k-20k","companySize":"少于15人","approve":1,"financeStage":"初创型(天使轮)","companyLabelList":["节日礼物","股票期权","绩效奖金","岗位晋升"],"district":"昌平区","companyShortName":"北京拓学技术有限公司","score":0,"formatCreateTime":"2016-07-19","companyFullName":"北京拓学技术有限公司","adWord":0},{"companyId":21946,"explain":null,"plus":null,"pcShow":0,"appShow":0,"deliver":0,"gradeDescription":null,"businessZones":["管庄","双桥","定福庄"],"imState":"disabled","lastLogin":1469519695000,"publisherId":5043824,"positionName":"Android程序员","workYear":"3-5年","education":"本科","jobNature":"全职","positionId":2113731,"createTime":"2016-07-19 09:02:39","city":"北京","companyLogo":"image1/M00/00/29/CgYXBlTUWJGAVRXyAAB9NT8FhCk429.jpg","industryField":"O2O","positionAdvantage":"平台好，家政020 ，双休，保险","salary":"15k-30k","companySize":"500-2000人","approve":1,"financeStage":"初创型(未融资)","companyLabelList":["岗位晋升","五险一金","午餐补助"],"district":"朝阳区","companyShortName":"来人到家","score":0,"formatCreateTime":"2016-07-19","companyFullName":"北京来人网络科技有限公司","adWord":0}]}},"code":0}