{"success":true,"requestId":null,"resubmitToken":null,"msg":null,"content":{"pageNo":18,"pageSize":15,"positionResult":{"resultSize":15,"totalCount":8899,"locationInfo":{"businessZone":null,"queryByGisCode":false,"locationCode":null,"city":"北京","district":null},"queryAnalysisInfo":{"industryName":null,"usefulCompany":false,"positionName":"android","companyName":null},"strategyProperty":{"name":"dm-csearch-newSimScorer","id":1},"result":[{"formatCreateTime":"1天前发布","createTime":"2016-08-29 14:17:22","companyId":46279,"positionName":"Android技术专家","education":"本科","city":"北京","positionId":2148217,"financeStage":"成长型(不需要融资)","companyShortName":"九休旅行","companyLogo":"i/image/M00/2B/90/CgqKkVc1TzKAO3QFAAALHF4s-cc811.png","salary":"20k-35k","industryField":"移动互联网,电子商务","district":"朝阳区","companyLabelList":["技能培训","年底双薪","带薪年假","岗位晋升"],"positionAdvantage":"平台大，机会多","jobNature":"全职","workYear":"5-10年","approve":1,"score":0,"companySize":"150-500人","businessZones":["望京","大山子","花家地"],"imState":"today","lastLogin":1472552511000,"publisherId":893813,"explain":null,"plus":null,"pcShow":0,"appShow":0,"deliver":0,"gradeDescription":null,"companyFullName":"北京九休信息科技有限公司","adWord":0},{"formatCreateTime":"1天前发布","createTime":"2016-08-29 14:08:57","companyId":129,"positionName":"高级android开发工程师（视频）","education":"本科","city":"北京","positionId":1264090,"financeStage":"上市公司","companyShortName":"陌陌","companyLogo":"upload/logo/ff8080814bcef7c9014bda8adac101a4.png","salary":"20k-30k","industryField":"社交网络","district":"朝阳区","companyLabelList":["岗位晋升","帅哥多","管理规范","技能培训"],"positionAdvantage":"有竞争力的薪酬 完善的福利 广阔发展平台","jobNature":"全职","workYear":"3-5年","approve":1,"score":0,"companySize":"150-500人","businessZones":["望京","大山子","花家地"],"imState":"today","lastLogin":1472555535000,"publisherId":15724,"explain":null,"plus":null,"pcShow":0,"appShow":0,"deliver":0,"gradeDescription":null,"companyFullName":"北京陌陌科技有限公司","adWord":0},{"formatCreateTime":"1天前发布","createTime":"2016-08-29 13:42:01","companyId":11317,"positionName":"Android开发工程师","education":"本科","city":"北京","positionId":2110206,"financeStage":"成熟型(不需要融资)","companyShortName":"恒昌利通","companyLogo":"image1/M00/3E/18/Cgo8PFW6zMuAUtu4AAA02B-6fVE006.png","salary":"15k-30k","industryField":"金融","district":"东城区","companyLabelList":["技能培训","年底双薪","带薪年假","绩效奖金"],"positionAdvantage":"公司规模大,技术水平高,阵容豪华,发展空间大","jobNature":"全职","workYear":"3-5年","approve":1,"score":0,"companySize":"2000人以上","businessZones":["北京站","建国门","花市"],"imState":"today","lastLogin":1472545052000,"publisherId":2148817,"explain":null,"plus":null,"pcShow":0,"appShow":0,"deliver":0,"gradeDescription":null,"companyFullName":"北京恒昌利通投资管理有限公司","adWord":0},{"formatCreateTime":"1天前发布","createTime":"2016-08-29 13:27:54","companyId":35641,"positionName":"Android","education":"本科","city":"北京","positionId":2019370,"financeStage":"上市公司","companyShortName":"第一视频","companyLogo":"image1/M00/00/54/Cgo8PFTUXR6APKASAACqZ37feIU469.jpg","salary":"15k-20k","industryField":"文化娱乐","district":"朝阳区","companyLabelList":["技能培训","节日礼物","免费班车","带薪年假"],"positionAdvantage":"五险一金 餐补 免费班车 节日福利","jobNature":"全职","workYear":"3-5年","approve":0,"score":0,"companySize":"500-2000人","businessZones":["望京","来广营"],"imState":"disabled","lastLogin":1472543033000,"publisherId":1674532,"explain":null,"plus":null,"pcShow":0,"appShow":0,"deliver":0,"gradeDescription":null,"companyFullName":"第一视频（北京）网络技术有限公司","adWord":0},{"formatCreateTime":"1天前发布","createTime":"2016-08-29 13:20:29","companyId":50837,"positionName":"IOS 安卓 移动CRM开发工程师","education":"不限","city":"北京","positionId":2188346,"financeStage":"上市公司","companyShortName":"伊美尔","companyLogo":"image1/M00/00/86/CgYXBlTUXeiAc_CBAABbJ8JnSRI643.jpg","salary":"15k-30k","industryField":"医疗健康","district":"海淀区","companyLabelList":["技能培训","节日礼物","带薪年假","美女多"],"positionAdvantage":"五险一金 商业医疗 朝阳产业 待遇优厚","jobNature":"全职","workYear":"3-5年","approve":0,"score":0,"companySize":"500-2000人","businessZones":["牡丹园","北太平庄","马甸"],"imState":"sevenDays","lastLogin":1472090888000,"publisherId":5813002,"explain":null,"plus":null,"pcShow":0,"appShow":0,"deliver":0,"gradeDescription":null,"companyFullName":"伊美尔（北京）控股集团有限公司","adWord":0},{"formatCreateTime":"1天前发布","createTime":"2016-08-29 13:18:36","companyId":36162,"positionName":"Android架构","education":"本科","city":"北京","positionId":2022960,"financeStage":"成长型(A轮)","companyShortName":"作业盒子","companyLogo":"i/image/M00/29/C7/Cgp3O1cwXzWAPpvjAAAYnaMmScM575.png","salary":"20k-40k","industryField":"移动互联网,教育","district":"朝阳区","companyLabelList":["技能培训","年底双薪","节日礼物","年度旅游"],"positionAdvantage":"期权,技术氛围,上升空间","jobNature":"全职","workYear":"3-5年","approve":1,"score":0,"companySize":"50-150人","businessZones":["望京","大山子","花家地"],"imState":"today","lastLogin":1472543757000,"publisherId":5481616,"explain":null,"plus":null,"pcShow":0,"appShow":0,"deliver":0,"gradeDescription":null,"companyFullName":"北京知识印象科技有限公司","adWord":0},{"formatCreateTime":"1天前发布","createTime":"2016-08-29 13:06:37","companyId":69870,"positionName":"高级Android研发工程师","education":"大专","city":"北京","positionId":2298967,"financeStage":"初创型(天使轮)","companyShortName":"GG助手","companyLogo":"i/image/M00/00/C7/CgqKkVZVa--AT6QqAACU4S5SBGw418.jpg","salary":"25k-30k","industryField":"移动互联网,游戏","district":"朝阳区","companyLabelList":["节日礼物","年度旅游","扁平管理","管理规范"],"positionAdvantage":"绩效奖金+六险一金+年度境外游+福利津贴","jobNature":"全职","workYear":"5-10年","approve":1,"score":0,"companySize":"50-150人","businessZones":["四惠","十里堡","甘露园"],"imState":"today","lastLogin":1472535614000,"publisherId":1691107,"explain":null,"plus":null,"pcShow":0,"appShow":0,"deliver":0,"gradeDescription":null,"companyFullName":"北京悠扬互动科技有限公司","adWord":0},{"formatCreateTime":"1天前发布","createTime":"2016-08-29 13:04:22","companyId":66328,"positionName":"Android","education":"大专","city":"北京","positionId":2298961,"financeStage":"初创型(未融资)","companyShortName":"现代金控","companyLogo":"images/logo_default.png","salary":"10k-20k","industryField":"移动互联网,金融","district":"朝阳区","companyLabelList":["节日礼物","技能培训","绩效奖金","岗位晋升"],"positionAdvantage":"现代化办公场地，季度奖金+年度奖金","jobNature":"全职","workYear":"1-3年","approve":0,"score":0,"companySize":"150-500人","businessZones":["朝外","朝阳门","东大桥"],"imState":"disabled","lastLogin":1472545585000,"publisherId":5556135,"explain":null,"plus":null,"pcShow":0,"appShow":0,"deliver":0,"gradeDescription":null,"companyFullName":"全国现代金融控股有限公司","adWord":0},{"formatCreateTime":"1天前发布","createTime":"2016-08-29 13:00:35","companyId":114110,"positionName":"资深Android开发工程师/架构师","education":"本科","city":"北京","positionId":1258612,"financeStage":"上市公司","companyShortName":"乐视","companyLogo":"i/image/M00/04/2B/Cgp3O1bGwzWAEAB4AAAbnMQCudk783.jpg","salary":"25k-35k","industryField":"移动互联网","district":"朝阳区","companyLabelList":["股票期权","交通补助","通讯津贴","带薪年假"],"positionAdvantage":"乐视开启五屏合一新生态","jobNature":"全职","workYear":"5-10年","approve":1,"score":0,"companySize":"2000人以上","businessZones":["大山子","酒仙桥","将台路"],"imState":"threeDays","lastLogin":1472446802000,"publisherId":1930687,"explain":null,"plus":null,"pcShow":0,"appShow":0,"deliver":0,"gradeDescription":null,"companyFullName":"乐视网信息技术（北京）股份有限公司","adWord":0},{"formatCreateTime":"1天前发布","createTime":"2016-08-29 12:40:01","companyId":25117,"positionName":"Android开发工程师","education":"大专","city":"北京","positionId":192047,"financeStage":"成长型(A轮)","companyShortName":"信儿科技","companyLogo":"image1/M00/00/33/Cgo8PFTUXJGABwAeAABYjsLgOQQ959.png","salary":"10k-15k","industryField":"移动互联网,教育","district":"顺义区","companyLabelList":["技能培训","绩效奖金","岗位晋升","管理规范"],"positionAdvantage":"量化任务管理、超长假期、水果、牛奶","jobNature":"全职","workYear":"3-5年","approve":1,"score":0,"companySize":"50-150人","businessZones":["后沙峪"],"imState":"today","lastLogin":1472532520000,"publisherId":432270,"explain":null,"plus":null,"pcShow":0,"appShow":0,"deliver":0,"gradeDescription":null,"companyFullName":"北京万花童信儿科技有限公司","adWord":0},{"formatCreateTime":"1天前发布","createTime":"2016-08-29 12:36:30","companyId":62,"positionName":"Android（高级）开发工程师","education":"本科","city":"北京","positionId":2152313,"financeStage":"成熟型(C轮)","companyShortName":"今日头条","companyLogo":"image1/M00/00/01/Cgo8PFTUV_OAH8cPAACZoNxm1EI176.jpg","salary":"20k-40k","industryField":"移动互联网,数据服务","district":null,"companyLabelList":["扁平管理","弹性工作","大厨定制三餐","就近租房补贴"],"positionAdvantage":"过亿用户+优厚薪资期权+免费3餐+补贴","jobNature":"全职","workYear":"1-3年","approve":1,"score":0,"companySize":"2000人以上","businessZones":null,"imState":"today","lastLogin":1472565170000,"publisherId":38254,"explain":null,"plus":null,"pcShow":0,"appShow":0,"deliver":0,"gradeDescription":null,"companyFullName":"北京字节跳动科技有限公司","adWord":0},{"formatCreateTime":"1天前发布","createTime":"2016-08-29 12:01:47","companyId":121713,"positionName":"Android高级开发工程师","education":"不限","city":"北京","positionId":1691073,"financeStage":"初创型(不需要融资)","companyShortName":"绿色贝壳","companyLogo":"i/image/M00/1E/B8/Cgp3O1cI-dKAVNtOAABUCEGEvFI815.jpg","salary":"10k-20k","industryField":"移动互联网,企业服务","district":"海淀区","companyLabelList":null,"positionAdvantage":"晋升空间大、五险一金、股权激励","jobNature":"全职","workYear":"不限","approve":0,"score":0,"companySize":"15-50人","businessZones":["西二旗","龙泽","回龙观"],"imState":"today","lastLogin":1472539874000,"publisherId":4645960,"explain":null,"plus":null,"pcShow":0,"appShow":0,"deliver":0,"gradeDescription":null,"companyFullName":"绿色贝壳（北京）信息科技有限公司","adWord":0},{"formatCreateTime":"1天前发布","createTime":"2016-08-29 11:46:29","companyId":133,"positionName":"资深Android","education":"本科","city":"北京","positionId":2298634,"financeStage":"上市公司","companyShortName":"猎豹移动","companyLogo":"image1/M00/39/70/CgYXBlWo3nqABJTsAADJ3hn5gmE062.jpg","salary":"20k-35k","industryField":"移动互联网,信息安全","district":"朝阳区","companyLabelList":["带薪年假","美女前台","超赞年终奖","一公里工作圈"],"positionAdvantage":"核心产品、良好技术氛围，薪酬待遇领先。","jobNature":"全职","workYear":"3-5年","approve":1,"score":0,"companySize":"500-2000人","businessZones":["姚家园","十里堡","高碑店"],"imState":"today","lastLogin":1472550159000,"publisherId":741058,"explain":null,"plus":null,"pcShow":0,"appShow":0,"deliver":0,"gradeDescription":null,"companyFullName":"北京金山网络科技有限公司","adWord":0},{"formatCreateTime":"1天前发布","createTime":"2016-08-29 11:42:27","companyId":11651,"positionName":"Android开发实习生","education":"本科","city":"北京","positionId":2298594,"financeStage":"上市公司","companyShortName":"久邦数码（GO桌面 3G门户）","companyLogo":"image1/M00/00/17/Cgo8PFTUWEqAeiqzAAAxanrfOds769.jpg","salary":"3k-6k","industryField":"移动互联网","district":"朝阳区","companyLabelList":["绩效奖金","年底双薪","股票期权","五险一金"],"positionAdvantage":"实战学习知识 短期内提升自己的内力","jobNature":"实习","workYear":"应届毕业生","approve":1,"score":0,"companySize":"500-2000人","businessZones":["亚运村","大屯","小营"],"imState":"disabled","lastLogin":1472565438000,"publisherId":146679,"explain":null,"plus":null,"pcShow":0,"appShow":0,"deliver":0,"gradeDescription":null,"companyFullName":"广州市久邦数码科技有限公司北京科技分公司","adWord":0},{"formatCreateTime":"1天前发布","createTime":"2016-08-29 11:41:41","companyId":22112,"positionName":"Android开发工程师","education":"本科","city":"北京","positionId":2002384,"financeStage":"成熟型(C轮)","companyShortName":"英坦网络","companyLogo":"i/image/M00/02/D3/Cgp3O1ad6_iAYUBYAAALcNoDfFs820.png","salary":"15k-30k","industryField":"移动互联网","district":null,"companyLabelList":["股票期权","年底双薪","五险一金","带薪年假"],"positionAdvantage":"优秀的产品，牛逼的团队，轻松的工作氛围","jobNature":"全职","workYear":"3-5年","approve":1,"score":0,"companySize":"50-150人","businessZones":null,"imState":"threeDays","lastLogin":1472442045000,"publisherId":5426038,"explain":null,"plus":null,"pcShow":0,"appShow":0,"deliver":0,"gradeDescription":null,"companyFullName":"杭州英坦网络科技有限公司","adWord":0}]}},"code":0}