{"msg":null,"success":true,"requestId":null,"resubmitToken":null,"content":{"pageNo":77,"pageSize":15,"positionResult":{"queryAnalysisInfo":{"industryName":null,"usefulCompany":false,"positionName":"android","companyName":null},"strategyProperty":{"name":"dm-csearch-newSimScorer","id":1},"totalCount":8899,"resultSize":15,"locationInfo":{"businessZone":null,"locationCode":null,"queryByGisCode":false,"city":"北京","district":null},"result":[{"companyId":106183,"explain":null,"plus":null,"pcShow":0,"appShow":0,"deliver":0,"gradeDescription":null,"businessZones":null,"imState":"today","lastLogin":1472535093000,"publisherId":4043556,"positionName":"Android高级工程师","workYear":"3-5年","education":"本科","jobNature":"全职","positionId":2182486,"createTime":"2016-08-02 17:42:54","city":"北京","companyLogo":"i/image/M00/05/1B/Cgp3O1bKglqAN7jHAAAQl2wNnOE878.png","industryField":"移动互联网,生活服务","positionAdvantage":"发展前景好, 技术挑战大, 团队气氛佳","salary":"15k-25k","companySize":"50-150人","approve":1,"financeStage":"初创型(天使轮)","companyLabelList":["带薪年假","岗位晋升","扁平管理","领导好"],"district":null,"companyShortName":"小鸽科技","score":0,"formatCreateTime":"2016-08-02","companyFullName":"北京小鸽科技有限公司","adWord":0},{"companyId":69585,"explain":null,"plus":null,"pcShow":0,"appShow":0,"deliver":0,"gradeDescription":null,"businessZones":["大望路","百子湾","双井"],"imState":"disabled","lastLogin":1470361773000,"publisherId":4170085,"positionName":"Android开发工程师","workYear":"1-3年","education":"大专","jobNature":"全职","positionId":1985516,"createTime":"2016-08-02 17:30:13","city":"北京","companyLogo":"i/image/M00/32/15/Cgp3O1dNNhWAJCXYAAApir8duAg503.png","industryField":"O2O","positionAdvantage":"六险一金、悠闲下午茶、定期生日会","salary":"12k-15k","companySize":"50-150人","approve":0,"financeStage":"成长型(不需要融资)","companyLabelList":["办公环境","年底双薪","股票期权","带薪年假"],"district":"朝阳区","companyShortName":"棒棒达科技","score":0,"formatCreateTime":"2016-08-02","companyFullName":"北京棒棒达科技有限公司","adWord":0},{"companyId":93360,"explain":null,"plus":null,"pcShow":0,"appShow":0,"deliver":0,"gradeDescription":null,"businessZones":["北苑","立水桥"],"imState":"disabled","lastLogin":1472555428000,"publisherId":2436552,"positionName":"Android","workYear":"5-10年","education":"本科","jobNature":"全职","positionId":1647978,"createTime":"2016-08-02 16:56:51","city":"北京","companyLogo":"image2/M00/01/A8/CgqLKVXlHBCAIcv8AAAZ5Cvzp6k233.jpg?cc=0.5272955296095461","industryField":"移动互联网,其他","positionAdvantage":"带薪年假技术大牛年终奖十三薪员工旅游","salary":"15k-30k","companySize":"50-150人","approve":1,"financeStage":"成长型(B轮)","companyLabelList":["节日礼物","年底双薪","带薪年假","岗位晋升"],"district":"朝阳区","companyShortName":"汉时电子","score":0,"formatCreateTime":"2016-08-02","companyFullName":"北京汉时电子科技有限公司","adWord":0},{"companyId":8414,"explain":null,"plus":null,"pcShow":0,"appShow":0,"deliver":0,"gradeDescription":null,"businessZones":null,"imState":"disabled","lastLogin":1471599474000,"publisherId":5822647,"positionName":"Android开发工程师","workYear":"3-5年","education":"本科","jobNature":"全职","positionId":2181585,"createTime":"2016-08-02 16:14:17","city":"北京","companyLogo":"image1/M00/00/11/CgYXBlTUWDOAeZQdAABbV0qQVPE716.jpg","industryField":"移动互联网","positionAdvantage":"期权 七险一金 灵活工作制","salary":"20k-30k","companySize":"500-2000人","approve":1,"financeStage":"成熟型(D轮及以上)","companyLabelList":["带薪年假","午餐补助","扁平管理","弹性工作"],"district":"海淀区","companyShortName":"一点资讯","score":0,"formatCreateTime":"2016-08-02","companyFullName":"一点网聚科技有限公司","adWord":0},{"companyId":96898,"explain":null,"plus":null,"pcShow":0,"appShow":0,"deliver":0,"gradeDescription":null,"businessZones":["苏州桥","人民大学","苏州街"],"imState":"disabled","lastLogin":1472035976000,"publisherId":2712990,"positionName":"Android","workYear":"1-3年","education":"本科","jobNature":"全职","positionId":2003626,"createTime":"2016-08-02 14:34:12","city":"北京","companyLogo":"i/image/M00/38/1A/CgqKkVdiGsqAHluqAACnAL1FmgE849.png","industryField":"移动互联网,教育","positionAdvantage":"五险一金 双休 项目奖 弹性工作制","salary":"10k-20k","companySize":"2000人以上","approve":1,"financeStage":"成熟型(不需要融资)","companyLabelList":["年底双薪","带薪年假","绩效奖金","扁平管理"],"district":"海淀区","companyShortName":"天学网","score":0,"formatCreateTime":"2016-08-02","companyFullName":"北京百朗时代文化发展中心","adWord":0},{"companyId":23495,"explain":null,"plus":null,"pcShow":0,"appShow":0,"deliver":0,"gradeDescription":null,"businessZones":["高碑店","四惠","十里堡"],"imState":"today","lastLogin":1472546995000,"publisherId":275449,"positionName":"高级Android工程师","workYear":"3-5年","education":"本科","jobNature":"全职","positionId":1253966,"createTime":"2016-08-02 14:28:30","city":"北京","companyLogo":"image2/M00/0C/AD/CgqLKVYc00OAHKXWAAAV63JhV0Q103.jpg","industryField":"金融,移动互联网","positionAdvantage":"绩效奖金、年终奖、无息贷款、晋升空间","salary":"15k-25k","companySize":"500-2000人","approve":1,"financeStage":"成熟型(不需要融资)","companyLabelList":["专项奖金","绩效奖金","年度旅游","定期体检"],"district":"朝阳区","companyShortName":"乐富支付","score":0,"formatCreateTime":"2016-08-02","companyFullName":"乐富支付有限公司","adWord":0},{"companyId":10369,"explain":null,"plus":null,"pcShow":0,"appShow":0,"deliver":0,"gradeDescription":null,"businessZones":["大屯","北苑","亚运村"],"imState":"disabled","lastLogin":1472107961000,"publisherId":1630387,"positionName":"Android开发工程师","workYear":"3-5年","education":"本科","jobNature":"全职","positionId":2180165,"createTime":"2016-08-02 13:58:24","city":"北京","companyLogo":"image1/M00/00/15/CgYXBlTUWECAXAksAABGkmdtwig327.jpg","industryField":"移动互联网,游戏","positionAdvantage":"办公环境好 优秀团队 福利多多","salary":"20k-40k","companySize":"2000人以上","approve":1,"financeStage":"上市公司","companyLabelList":["绩效奖金","五险一金","带薪年假","年度旅游"],"district":"朝阳区","companyShortName":"完美世界","score":0,"formatCreateTime":"2016-08-02","companyFullName":"完美世界(北京)网络技术有限公司","adWord":0},{"companyId":128535,"explain":null,"plus":null,"pcShow":0,"appShow":0,"deliver":0,"gradeDescription":null,"businessZones":["大望路","华贸","红庙"],"imState":"threeDays","lastLogin":1472354177000,"publisherId":5335898,"positionName":"Android","workYear":"1-3年","education":"本科","jobNature":"全职","positionId":2179710,"createTime":"2016-08-02 12:12:49","city":"北京","companyLogo":"i/image/M00/2B/E3/Cgp3O1c27OmABsMHAAA9KYW0IXE916.png","industryField":"移动互联网,文化娱乐","positionAdvantage":"团队好,已融资,空间大","salary":"12k-20k","companySize":"15-50人","approve":0,"financeStage":"初创型(天使轮)","companyLabelList":["五险一金","交通补助","通讯津贴","午餐补助"],"district":"朝阳区","companyShortName":"大圣互动","score":0,"formatCreateTime":"2016-08-02","companyFullName":"北京大圣互动科技有限公司","adWord":0},{"companyId":96368,"explain":null,"plus":null,"pcShow":0,"appShow":0,"deliver":0,"gradeDescription":null,"businessZones":["常营","管庄"],"imState":"disabled","lastLogin":1470106802000,"publisherId":2597830,"positionName":"Android","workYear":"5-10年","education":"本科","jobNature":"全职","positionId":2179031,"createTime":"2016-08-02 11:05:56","city":"北京","companyLogo":"image2/M00/06/7F/CgpzWlX6TWeASIAAAACDugbzl3Q632.jpg?cc=0.5882589507382363","industryField":"移动互联网,电子商务","positionAdvantage":"资深安卓","salary":"25k-30k","companySize":"500-2000人","approve":0,"financeStage":"初创型(未融资)","companyLabelList":["免费班车","绩效奖金","年度旅游","领导好"],"district":"朝阳区","companyShortName":"中海天霖","score":0,"formatCreateTime":"2016-08-02","companyFullName":"北京中海天霖创新科技有限公司","adWord":0},{"companyId":1854,"explain":null,"plus":null,"pcShow":0,"appShow":0,"deliver":0,"gradeDescription":null,"businessZones":["学院路","北航","五道口"],"imState":"overSevenDays","lastLogin":1470654058000,"publisherId":5256390,"positionName":"Android系统专家","workYear":"3-5年","education":"本科","jobNature":"全职","positionId":2052544,"createTime":"2016-08-02 10:30:06","city":"北京","companyLogo":"i/image/M00/33/2B/Cgp3O1dQ9PaAR1LDAAAXBBGSkm8704.jpg","industryField":"硬件","positionAdvantage":"上市公司 智能穿戴 弹性工作 餐补","salary":"10k-20k","companySize":"2000人以上","approve":1,"financeStage":"上市公司","companyLabelList":["年终分红","绩效奖金","股票期权","专项奖金"],"district":"海淀区","companyShortName":"歌尔声学北京公司","score":0,"formatCreateTime":"2016-08-02","companyFullName":"北京歌尔泰克科技有限公司","adWord":0},{"companyId":1650,"explain":null,"plus":null,"pcShow":0,"appShow":0,"deliver":0,"gradeDescription":null,"businessZones":["西北旺"],"imState":"disabled","lastLogin":1472521139000,"publisherId":2109614,"positionName":"Android","workYear":"1-3年","education":"不限","jobNature":"全职","positionId":2178251,"createTime":"2016-08-02 09:53:34","city":"北京","companyLogo":"i/image/M00/01/59/Cgp3O1Zn9kCAAW4jAABX8W4A-fw360.jpg","industryField":"移动互联网,数据服务","positionAdvantage":"带薪休假、补充医疗、培训、晋升、体检等","salary":"15k-25k","companySize":"2000人以上","approve":1,"financeStage":"上市公司","companyLabelList":["技能培训","待遇优厚","晋升空间","五险一金"],"district":"海淀区","companyShortName":"联想集团","score":0,"formatCreateTime":"2016-08-02","companyFullName":"联想（北京）有限公司","adWord":0},{"companyId":126223,"explain":null,"plus":null,"pcShow":0,"appShow":0,"deliver":0,"gradeDescription":null,"businessZones":["高碑店","定福庄","管庄"],"imState":"disabled","lastLogin":1472528057000,"publisherId":4878090,"positionName":"Android","workYear":"1年以下","education":"不限","jobNature":"全职","positionId":2061976,"createTime":"2016-08-01 22:33:06","city":"北京","companyLogo":"i/image/M00/23/DA/CgqKkVcYisaAQqkHAAAQMjlR3c8584.png","industryField":"移动互联网,电子商务","positionAdvantage":"成为公会的一员吧！","salary":"5k-10k","companySize":"15-50人","approve":1,"financeStage":"初创型(未融资)","companyLabelList":null,"district":"朝阳区","companyShortName":"北京我在彼岸科技有限公司","score":0,"formatCreateTime":"2016-08-01","companyFullName":"北京我在彼岸科技有限公司","adWord":0},{"companyId":1575,"explain":null,"plus":null,"pcShow":0,"appShow":0,"deliver":0,"gradeDescription":null,"businessZones":["西北旺","马连洼"],"imState":"disabled","lastLogin":1470058097000,"publisherId":5811563,"positionName":"Android","workYear":"3-5年","education":"本科","jobNature":"全职","positionId":2177644,"createTime":"2016-08-01 21:32:32","city":"北京","companyLogo":"image1/M00/00/06/CgYXBlTUWAWAOBXrAABGHHFb0q8748.jpg","industryField":"移动互联网,数据服务","positionAdvantage":"互联网金融创新的战场上寻找并肩前行的伙伴","salary":"20k-35k","companySize":"2000人以上","approve":1,"financeStage":"上市公司","companyLabelList":["股票期权","弹性工作","五险一金","免费班车"],"district":"海淀区","companyShortName":"百度","score":0,"formatCreateTime":"2016-08-01","companyFullName":"百度在线网络技术（北京）有限公司","adWord":0},{"companyId":133,"explain":null,"plus":null,"pcShow":0,"appShow":0,"deliver":0,"gradeDescription":null,"businessZones":["姚家园","十里堡","高碑店"],"imState":"today","lastLogin":1472559415000,"publisherId":4927163,"positionName":"高级Android工程师","workYear":"5-10年","education":"本科","jobNature":"全职","positionId":1911166,"createTime":"2016-08-01 21:29:51","city":"北京","companyLogo":"image1/M00/39/70/CgYXBlWo3nqABJTsAADJ3hn5gmE062.jpg","industryField":"移动互联网,信息安全","positionAdvantage":"薪酬福利、发展空间、办公环境","salary":"15k-30k","companySize":"500-2000人","approve":1,"financeStage":"上市公司","companyLabelList":["带薪年假","美女前台","超赞年终奖","一公里工作圈"],"district":"朝阳区","companyShortName":"猎豹移动","score":0,"formatCreateTime":"2016-08-01","companyFullName":"北京金山网络科技有限公司","adWord":0},{"companyId":27196,"explain":null,"plus":null,"pcShow":0,"appShow":0,"deliver":0,"gradeDescription":null,"businessZones":["三元桥","左家庄","国展"],"imState":"overSevenDays","lastLogin":1471917057000,"publisherId":344071,"positionName":"Android开发工程师","workYear":"1-3年","education":"大专","jobNature":"全职","positionId":2080387,"createTime":"2016-08-01 18:18:15","city":"北京","companyLogo":"image1/M00/00/3A/CgYXBlTUXKyAETK1AACXDPoWtrc645.png","industryField":"移动互联网","positionAdvantage":"做你最愿意做、最乐于做、最爽的事情","salary":"12k-16k","companySize":"15-50人","approve":0,"financeStage":"成长型(A轮)","companyLabelList":["绩效奖金","年度旅游","团建活动","定期体检"],"district":"朝阳区","companyShortName":"小美科技","score":0,"formatCreateTime":"2016-08-01","companyFullName":"北京小美科技有限公司","adWord":0}]}},"code":0}