{"success":true,"requestId":null,"msg":null,"resubmitToken":null,"content":{"pageNo":9,"pageSize":15,"positionResult":{"totalCount":8899,"resultSize":15,"locationInfo":{"city":"北京","district":null,"queryByGisCode":false,"businessZone":null,"locationCode":null},"queryAnalysisInfo":{"positionName":"android","companyName":null,"usefulCompany":false,"industryName":null},"strategyProperty":{"name":"dm-csearch-newSimScorer","id":1},"result":[{"companyId":4128,"companyShortName":"知乎","createTime":"2016-08-30 11:45:19","positionId":163263,"positionAdvantage":"免费早午餐 弹性工作 工程师氛围","salary":"15k-30k","score":0,"workYear":"不限","education":"不限","city":"北京","positionName":"Android开发工程师","companyLogo":"i/image/M00/00/ED/CgqKkVZbw3eAS5NKAAAptNglgQY659.jpg","financeStage":"成熟型(C轮)","industryField":"移动互联网,社交网络","jobNature":"全职","approve":1,"companySize":"150-500人","district":"海淀区","companyLabelList":["年底双薪","股票期权","五险一金","带薪年假"],"adWord":0,"appShow":0,"deliver":0,"formatCreateTime":"11:45发布","gradeDescription":null,"companyFullName":"北京智者天下科技有限公司","businessZones":["清河"],"imState":"today","lastLogin":1472572208000,"publisherId":294625,"explain":null,"plus":null,"pcShow":0},{"companyId":50889,"companyShortName":"和创科技（红圈营销）","createTime":"2016-08-30 11:36:03","positionId":1440644,"positionAdvantage":"上市公司，持续的股权激励政策！","salary":"20k-35k","score":0,"workYear":"3-5年","education":"本科","city":"北京","positionName":"Android","companyLogo":"i/image/M00/03/44/Cgp3O1ax7JWAOSzUAABS3OF0A7w289.jpg","financeStage":"上市公司","industryField":"移动互联网,企业服务","jobNature":"全职","approve":1,"companySize":"2000人以上","district":"西城区","companyLabelList":["弹性工作","敏捷研发","股票期权","年底双薪"],"adWord":0,"appShow":0,"deliver":0,"formatCreateTime":"11:36发布","gradeDescription":null,"companyFullName":"和创（北京）科技股份有限公司","businessZones":["新街口","德胜门","小西天"],"imState":"today","lastLogin":1472550012000,"publisherId":994817,"explain":null,"plus":null,"pcShow":0},{"companyId":134666,"companyShortName":"iAPPEASE","createTime":"2016-08-30 11:26:20","positionId":1983714,"positionAdvantage":"6险一金 弹性工作时间 5A级办公区","salary":"20k-30k","score":0,"workYear":"3-5年","education":"本科","city":"北京","positionName":"Android架构师","companyLogo":"i/image/M00/38/20/CgqKkVdiI5OABj-EAAAF74yFVZQ737.png","financeStage":"初创型(不需要融资)","industryField":"移动互联网,企业服务","jobNature":"全职","approve":0,"companySize":"15-50人","district":"朝阳区","companyLabelList":["绩效奖金","专项奖金","年终分红","带薪年假"],"adWord":0,"appShow":0,"deliver":0,"formatCreateTime":"11:26发布","gradeDescription":null,"companyFullName":"天津麒麟天创网络技术有限公司","businessZones":["大山子","望京","酒仙桥"],"imState":"disabled","lastLogin":1472527131000,"publisherId":5372585,"explain":null,"plus":null,"pcShow":0},{"companyId":62707,"companyShortName":"小米","createTime":"2016-08-30 10:53:10","positionId":2303914,"positionAdvantage":"让我们一起打造最佳的阅读产品","salary":"16k-25k","score":0,"workYear":"1-3年","education":"本科","city":"北京","positionName":"Android","companyLogo":"image1/M00/1C/DB/CgYXBlUncCGAcZB0AAA8ki7Odb8158.jpg","financeStage":"成熟型(D轮及以上)","industryField":"移动互联网","jobNature":"全职","approve":0,"companySize":"2000人以上","district":"海淀区","companyLabelList":["免费班车","带薪年假","绩效奖金","扁平管理"],"adWord":0,"appShow":0,"deliver":0,"formatCreateTime":"10:53发布","gradeDescription":null,"companyFullName":"北京小米移动软件有限公司","businessZones":["清河","小营","上地"],"imState":"today","lastLogin":1472554155000,"publisherId":3600825,"explain":null,"plus":null,"pcShow":0},{"companyId":141762,"companyShortName":"天行健网络","createTime":"2016-08-30 10:46:43","positionId":2303831,"positionAdvantage":"周末双休 弹性工作时间 五险一金 各种福利","salary":"14k-28k","score":0,"workYear":"不限","education":"大专","city":"北京","positionName":"Android","companyLogo":"i/image/M00/4B/B8/CgqKkVegRz-AF39TAAAGWtzpmjo177.jpg","financeStage":"初创型(天使轮)","industryField":"移动互联网,电子商务","jobNature":"全职","approve":0,"companySize":"150-500人","district":"朝阳区","companyLabelList":["牛人！","牛人！！","牛人！！！","年终分红"],"adWord":0,"appShow":0,"deliver":0,"formatCreateTime":"10:46发布","gradeDescription":null,"companyFullName":"北京天行健网络技术有限公司","businessZones":["望京","大山子","花家地"],"imState":"today","lastLogin":1472553751000,"publisherId":5789034,"explain":null,"plus":null,"pcShow":0},{"companyId":121017,"companyShortName":"毒物","createTime":"2016-08-30 10:44:24","positionId":2303809,"positionAdvantage":"福利待遇好，氛围好，领导好","salary":"14k-18k","score":0,"workYear":"3-5年","education":"大专","city":"北京","positionName":"安卓开发工程师","companyLogo":"i/image/M00/1B/F3/Cgp3O1b-Q22AZghEAABUy_jIPEI712.png","financeStage":"成长型(A轮)","industryField":"移动互联网,电子商务","jobNature":"全职","approve":0,"companySize":"15-50人","district":"东城区","companyLabelList":null,"adWord":0,"appShow":0,"deliver":0,"formatCreateTime":"10:44发布","gradeDescription":null,"companyFullName":"格物致诚（北京）信息技术有限公司","businessZones":["东四","海运仓","东直门"],"imState":"disabled","lastLogin":1472524988000,"publisherId":4615344,"explain":null,"plus":null,"pcShow":0},{"companyId":5832,"companyShortName":"新浪微博","createTime":"2016-08-30 10:43:46","positionId":2225866,"positionAdvantage":"大平台，多媒体相关重点产品，大视野","salary":"3k-6k","score":0,"workYear":"应届毕业生","education":"本科","city":"北京","positionName":"Android","companyLogo":"image1/M00/00/0D/CgYXBlTUWCCAdkhOAABNgyvZQag818.jpg","financeStage":"上市公司","industryField":"移动互联网","jobNature":"实习","approve":0,"companySize":"2000人以上","district":"海淀区","companyLabelList":["年底双薪","专项奖金","股票期权","五险一金"],"adWord":0,"appShow":0,"deliver":0,"formatCreateTime":"10:43发布","gradeDescription":null,"companyFullName":"微梦创科网络科技（中国）有限公司","businessZones":["北京大学","中关村","苏州街"],"imState":"disabled","lastLogin":1472540062000,"publisherId":83015,"explain":null,"plus":null,"pcShow":0},{"companyId":28243,"companyShortName":"阅文集团","createTime":"2016-08-30 10:41:03","positionId":1520264,"positionAdvantage":"氛围好，发展快，福利全","salary":"15k-30k","score":0,"workYear":"3-5年","education":"本科","city":"北京","positionName":"QQ阅读-Android开发工程师","companyLogo":"i/image/M00/01/0D/CgqKkVZeoh2ANGyLAADFU9Dl0oQ296.png","financeStage":"成熟型(不需要融资)","industryField":"移动互联网","jobNature":"全职","approve":1,"companySize":"500-2000人","district":"海淀区","companyLabelList":["年终分红","年底双薪","五险一金","交通补助"],"adWord":0,"appShow":0,"deliver":0,"formatCreateTime":"10:41发布","gradeDescription":null,"companyFullName":"上海阅闻信息技术有限公司","businessZones":["西北旺","马连洼","上地"],"imState":"today","lastLogin":1472550309000,"publisherId":370271,"explain":null,"plus":null,"pcShow":0},{"companyId":76491,"companyShortName":"枭龙","createTime":"2016-08-30 10:35:03","positionId":2147798,"positionAdvantage":"五险一金 年底双薪 绩效奖金 带薪年假","salary":"20k-25k","score":0,"workYear":"3-5年","education":"本科","city":"北京","positionName":"高级Android工程师","companyLogo":"i/image/M00/2B/2E/CgqKkVc0HMCAZaPBAAEDYnDR0ck826.png","financeStage":"成长型(B轮)","industryField":"移动互联网,硬件","jobNature":"全职","approve":1,"companySize":"15-50人","district":"海淀区","companyLabelList":["年底双薪","技能培训","股票期权","绩效奖金"],"adWord":0,"appShow":0,"deliver":0,"formatCreateTime":"10:35发布","gradeDescription":null,"companyFullName":"北京枭龙科技有限公司","businessZones":["中关村","双榆树","双安"],"imState":"today","lastLogin":1472554760000,"publisherId":1920539,"explain":null,"plus":null,"pcShow":0},{"companyId":57043,"companyShortName":"阳光兔","createTime":"2016-08-30 10:26:11","positionId":1143096,"positionAdvantage":"五险一金，弹性工作时间","salary":"15k-30k","score":0,"workYear":"3-5年","education":"本科","city":"北京","positionName":"高级Android开发","companyLogo":"i/image/M00/35/17/CgqKkVdXzK-AQAX-AAD137T90wc470.jpg","financeStage":"初创型(天使轮)","industryField":"移动互联网,教育","jobNature":"全职","approve":0,"companySize":"50-150人","district":"朝阳区","companyLabelList":["技能培训","年底双薪","节日礼物","绩效奖金"],"adWord":0,"appShow":0,"deliver":0,"formatCreateTime":"10:26发布","gradeDescription":null,"companyFullName":"阳光兔（北京）科技有限公司","businessZones":["大望路","华贸","百子湾"],"imState":"disabled","lastLogin":1472548151000,"publisherId":2170494,"explain":null,"plus":null,"pcShow":0},{"companyId":24482,"companyShortName":"北京清软时代科技有限公司","createTime":"2016-08-30 10:26:09","positionId":2266617,"positionAdvantage":"福利完善","salary":"8k-12k","score":0,"workYear":"1-3年","education":"本科","city":"北京","positionName":"Android","companyLogo":"image1/M00/00/31/Cgo8PFTUXImAN_ESAACWA0ZLNH8400.png","financeStage":"初创型(不需要融资)","industryField":"移动互联网,社交网络","jobNature":"全职","approve":1,"companySize":"15-50人","district":"海淀区","companyLabelList":["节日礼物","技能培训","专项奖金","岗位晋升"],"adWord":0,"appShow":0,"deliver":0,"formatCreateTime":"10:26发布","gradeDescription":null,"companyFullName":"北京清软时代科技有限公司","businessZones":["中关村","北京大学","苏州街"],"imState":"today","lastLogin":1472533603000,"publisherId":291193,"explain":null,"plus":null,"pcShow":0},{"companyId":7001,"companyShortName":"指掌易","createTime":"2016-08-30 10:23:49","positionId":2303578,"positionAdvantage":"弹性工作、五险一金、补充医疗、股票期权","salary":"15k-30k","score":0,"workYear":"5-10年","education":"本科","city":"北京","positionName":"高级 Android 应用开发","companyLogo":"i/image/M00/31/F0/Cgp3O1dM9j-AFqkXAAA4fknnR5k098.jpg","financeStage":"成长型(A轮)","industryField":"移动互联网","jobNature":"全职","approve":1,"companySize":"50-150人","district":null,"companyLabelList":["绩效奖金","股票期权","专项奖金","定期体检"],"adWord":0,"appShow":0,"deliver":0,"formatCreateTime":"10:23发布","gradeDescription":null,"companyFullName":"北京指掌易科技有限公司","businessZones":null,"imState":"today","lastLogin":1472544128000,"publisherId":77408,"explain":null,"plus":null,"pcShow":0},{"companyId":3786,"companyShortName":"宜信","createTime":"2016-08-30 10:23:13","positionId":1919922,"positionAdvantage":"六险 春节两周假 弹性 标配mac 北京居住证","salary":"20k-30k","score":0,"workYear":"不限","education":"本科","city":"北京","positionName":"Android逆向工程师(资深)","companyLogo":"i/image/M00/01/C8/Cgp3O1Z3lASAVbZHAABCha8eqHY645.jpg","financeStage":"成熟型(不需要融资)","industryField":"移动互联网,金融","jobNature":"全职","approve":1,"companySize":"2000人以上","district":null,"companyLabelList":["管理规范","技能培训","扁平管理","弹性工作"],"adWord":0,"appShow":0,"deliver":0,"formatCreateTime":"10:23发布","gradeDescription":null,"companyFullName":"普信恒业科技发展（北京）有限公司","businessZones":null,"imState":"disabled","lastLogin":1472446379000,"publisherId":1630934,"explain":null,"plus":null,"pcShow":0},{"companyId":42975,"companyShortName":"小鱼在家","createTime":"2016-08-30 10:22:27","positionId":2303555,"positionAdvantage":"提供午餐 工间水果 健身会员 团建活动","salary":"15k-25k","score":0,"workYear":"1-3年","education":"本科","city":"北京","positionName":"Android","companyLogo":"image1/M00/40/26/CgYXBlXC1HWAUkfiAAA8xEpkqto288.jpg","financeStage":"成长型(B轮)","industryField":"移动互联网","jobNature":"全职","approve":1,"companySize":"50-150人","district":"朝阳区","companyLabelList":["股票期权","岗位晋升","扁平管理","定期体检"],"adWord":0,"appShow":0,"deliver":0,"formatCreateTime":"10:22发布","gradeDescription":null,"companyFullName":"北京小鱼儿科技有限公司","businessZones":["来广营"],"imState":"today","lastLogin":1472526050000,"publisherId":5065924,"explain":null,"plus":null,"pcShow":0},{"companyId":89541,"companyShortName":"滴滴出行（小桔科技）","createTime":"2016-08-30 10:19:24","positionId":2231785,"positionAdvantage":"发展空间大","salary":"30k-50k","score":0,"workYear":"5-10年","education":"本科","city":"北京","positionName":"移动端技术专家(iOS+Android)","companyLogo":"image1/M00/42/DC/Cgo8PFXNdImAA0hiAACBD0dX7Ds225.png?cc=0.6919486154416709","financeStage":"成熟型(D轮及以上)","industryField":"移动互联网,电子商务","jobNature":"全职","approve":0,"companySize":"2000人以上","district":null,"companyLabelList":["节日礼物","绩效奖金","年度旅游","美女多"],"adWord":0,"appShow":0,"deliver":0,"formatCreateTime":"10:19发布","gradeDescription":null,"companyFullName":"滴滴打车（小桔科技）","businessZones":null,"imState":"today","lastLogin":1472547986000,"publisherId":2660027,"explain":null,"plus":null,"pcShow":0}]}},"code":0}