{"success":true,"requestId":null,"resubmitToken":null,"msg":null,"content":{"pageNo":65,"pageSize":15,"positionResult":{"resultSize":15,"totalCount":8899,"locationInfo":{"businessZone":null,"queryByGisCode":false,"locationCode":null,"city":"北京","district":null},"queryAnalysisInfo":{"industryName":null,"usefulCompany":false,"positionName":"android","companyName":null},"strategyProperty":{"name":"dm-csearch-newSimScorer","id":1},"result":[{"formatCreateTime":"2016-08-17","createTime":"2016-08-17 09:27:55","companyId":80287,"positionName":"Android系统开发工程师","education":"本科","city":"北京","positionId":1860942,"financeStage":"成熟型(C轮)","companyShortName":"环球智达","companyLogo":"image1/M00/33/7E/Cgo8PFWTr5WAV6CTAAAb1qxWAVg966.jpg?cc=0.7354893281590194","salary":"15k-30k","industryField":"移动互联网,电子商务","district":"朝阳区","companyLabelList":["年底双薪","股票期权","带薪年假","年度旅游"],"positionAdvantage":"7险一金、弹性工作、餐补、话补、交通补","jobNature":"全职","workYear":"3-5年","approve":1,"score":0,"companySize":"150-500人","businessZones":["小关","惠新里","对外经贸"],"imState":"overSevenDays","lastLogin":1471595691000,"publisherId":2203659,"explain":null,"plus":null,"pcShow":0,"appShow":0,"deliver":0,"gradeDescription":null,"companyFullName":"环球智达科技（北京）有限公司","adWord":0},{"formatCreateTime":"2016-08-16","createTime":"2016-08-16 13:33:50","companyId":126702,"positionName":"Android","education":"本科","city":"北京","positionId":2057480,"financeStage":"初创型(未融资)","companyShortName":"e田科技","companyLogo":"i/image/M00/25/1C/Cgp3O1cdxlmAMae0AABXqZa9Iuw292.jpg","salary":"11k-15k","industryField":"移动互联网,电子商务","district":"海淀区","companyLabelList":["绩效奖金","专项奖金","通讯津贴","扁平管理"],"positionAdvantage":"五险一金 绩效奖金 弹性工作","jobNature":"全职","workYear":"1-3年","approve":0,"score":0,"companySize":"150-500人","businessZones":["上地","马连洼","西二旗"],"imState":"today","lastLogin":1472554816000,"publisherId":4910822,"explain":null,"plus":null,"pcShow":0,"appShow":0,"deliver":0,"gradeDescription":null,"companyFullName":"天津易田网络科技有限公司","adWord":0},{"formatCreateTime":"2016-08-16","createTime":"2016-08-16 11:39:42","companyId":1331,"positionName":"安卓商务","education":"大专","city":"北京","positionId":2023072,"financeStage":"成长型(不需要融资)","companyShortName":"多盟","companyLogo":"image1/M00/00/05/Cgo8PFTUWAOAYJkXAAC-mLoSPQk193.jpg","salary":"8k-15k","industryField":"移动互联网,广告营销","district":"朝阳区","companyLabelList":["年底双薪","专项奖金","带薪年假","绩效奖金"],"positionAdvantage":"六险一金、绩效奖金、年底双薪、带薪年假","jobNature":"全职","workYear":"1-3年","approve":1,"score":0,"companySize":"150-500人","businessZones":["大山子","酒仙桥"],"imState":"today","lastLogin":1472537293000,"publisherId":8455,"explain":null,"plus":null,"pcShow":0,"appShow":0,"deliver":0,"gradeDescription":null,"companyFullName":"多盟睿达科技（中国）有限公司","adWord":0},{"formatCreateTime":"2016-08-16","createTime":"2016-08-16 11:12:33","companyId":2634,"positionName":"Android 开发工程师","education":"本科","city":"北京","positionId":2243063,"financeStage":"成长型(不需要融资)","companyShortName":"IvyMobi","companyLogo":"image1/M00/26/69/CgYXBlVVVZ6AJi2AAAAmbLKqjwQ768.jpg","salary":"10k-20k","industryField":"移动互联网,企业服务","district":"朝阳区","companyLabelList":["节日礼物","技能培训","项目奖金","绩效奖金"],"positionAdvantage":"业务扎实,团队靠谱,已盈利,不苦逼","jobNature":"全职","workYear":"3-5年","approve":1,"score":0,"companySize":"50-150人","businessZones":["望京","大山子","花家地"],"imState":"today","lastLogin":1472551344000,"publisherId":151143,"explain":null,"plus":null,"pcShow":0,"appShow":0,"deliver":0,"gradeDescription":null,"companyFullName":"北京品冠天成科技有限公司","adWord":0},{"formatCreateTime":"2016-08-16","createTime":"2016-08-16 10:58:56","companyId":545,"positionName":"Android","education":"大专","city":"北京","positionId":2242880,"financeStage":"成长型(B轮)","companyShortName":"魔方网","companyLogo":"i/image/M00/32/84/Cgp3O1dOkYiAbJj8AAAIRq_e27w229.png","salary":"15k-30k","industryField":"移动互联网,游戏","district":null,"companyLabelList":["年底双薪","股票期权","绩效奖金","年终分红"],"positionAdvantage":"五险一金，高薪，下午茶等","jobNature":"全职","workYear":"3-5年","approve":1,"score":0,"companySize":"150-500人","businessZones":null,"imState":"disabled","lastLogin":1471329325000,"publisherId":2301,"explain":null,"plus":null,"pcShow":0,"appShow":0,"deliver":0,"gradeDescription":null,"companyFullName":"芜湖魔方网络信息服务有限公司北京技术分公司","adWord":0},{"formatCreateTime":"2016-08-16","createTime":"2016-08-16 00:30:49","companyId":143949,"positionName":"Android高级开发工程师","education":"本科","city":"北京","positionId":2241318,"financeStage":"成熟型(不需要融资)","companyShortName":"七彩世界集团子公司","companyLogo":"i/image/M00/4F/B5/Cgp3O1exqvWASSq1AAAW_lWSZmU294.jpg","salary":"15k-25k","industryField":"O2O,移动互联网","district":"海淀区","companyLabelList":null,"positionAdvantage":"领导好,前景好","jobNature":"全职","workYear":"3-5年","approve":0,"score":0,"companySize":"500-2000人","businessZones":["中关村","苏州街","苏州桥"],"imState":"overSevenDays","lastLogin":1471844167000,"publisherId":4982011,"explain":null,"plus":null,"pcShow":0,"appShow":0,"deliver":0,"gradeDescription":null,"companyFullName":"北京未来九点零科技有限责任公司","adWord":0},{"formatCreateTime":"2016-08-15","createTime":"2016-08-15 18:48:05","companyId":10369,"positionName":"Android高级研发工程师","education":"本科","city":"北京","positionId":2157111,"financeStage":"上市公司","companyShortName":"完美世界","companyLogo":"image1/M00/00/15/CgYXBlTUWECAXAksAABGkmdtwig327.jpg","salary":"10k-20k","industryField":"移动互联网,游戏","district":"朝阳区","companyLabelList":["绩效奖金","五险一金","带薪年假","年度旅游"],"positionAdvantage":"餐补食堂,五险一金","jobNature":"全职","workYear":"3-5年","approve":1,"score":0,"companySize":"2000人以上","businessZones":["大屯","北苑","亚运村"],"imState":"today","lastLogin":1472545859000,"publisherId":3617688,"explain":null,"plus":null,"pcShow":0,"appShow":0,"deliver":0,"gradeDescription":null,"companyFullName":"完美世界(北京)网络技术有限公司","adWord":0},{"formatCreateTime":"2016-08-15","createTime":"2016-08-15 17:55:47","companyId":1575,"positionName":"Android","education":"本科","city":"北京","positionId":2036934,"financeStage":"上市公司","companyShortName":"百度","companyLogo":"image1/M00/00/06/CgYXBlTUWAWAOBXrAABGHHFb0q8748.jpg","salary":"20k-40k","industryField":"移动互联网,数据服务","district":"海淀区","companyLabelList":["股票期权","弹性工作","五险一金","免费班车"],"positionAdvantage":"平台高，学习机会多","jobNature":"全职","workYear":"3-5年","approve":1,"score":0,"companySize":"2000人以上","businessZones":["西北旺","马连洼","上地"],"imState":"sevenDays","lastLogin":1472178687000,"publisherId":5517919,"explain":null,"plus":null,"pcShow":0,"appShow":0,"deliver":0,"gradeDescription":null,"companyFullName":"百度在线网络技术（北京）有限公司","adWord":0},{"formatCreateTime":"2016-08-15","createTime":"2016-08-15 17:40:31","companyId":143375,"positionName":"安卓工程师","education":"大专","city":"北京","positionId":2240297,"financeStage":"初创型(天使轮)","companyShortName":"元银国际","companyLogo":"i/image/M00/4F/A8/Cgp3O1exip2AFWUlAACE3INzkAc809.jpg","salary":"8k-10k","industryField":"移动互联网,金融","district":"朝阳区","companyLabelList":null,"positionAdvantage":"朝九晚六，双休","jobNature":"全职","workYear":"1-3年","approve":0,"score":0,"companySize":"15-50人","businessZones":["四惠","百子湾","八里庄"],"imState":"overSevenDays","lastLogin":1471517450000,"publisherId":5840069,"explain":null,"plus":null,"pcShow":0,"appShow":0,"deliver":0,"gradeDescription":null,"companyFullName":"元银国际科技（北京）有限公司","adWord":0},{"formatCreateTime":"2016-08-15","createTime":"2016-08-15 17:31:23","companyId":133,"positionName":"高级安卓开发工程师","education":"本科","city":"北京","positionId":2171494,"financeStage":"上市公司","companyShortName":"猎豹移动","companyLogo":"image1/M00/39/70/CgYXBlWo3nqABJTsAADJ3hn5gmE062.jpg","salary":"20k-30k","industryField":"移动互联网,信息安全","district":"朝阳区","companyLabelList":["带薪年假","美女前台","超赞年终奖","一公里工作圈"],"positionAdvantage":"核心团队，发展空间大","jobNature":"全职","workYear":"5-10年","approve":1,"score":0,"companySize":"500-2000人","businessZones":["姚家园","十里堡","高碑店"],"imState":"sevenDays","lastLogin":1472022539000,"publisherId":4688009,"explain":null,"plus":null,"pcShow":0,"appShow":0,"deliver":0,"gradeDescription":null,"companyFullName":"北京金山网络科技有限公司","adWord":0},{"formatCreateTime":"2016-08-15","createTime":"2016-08-15 17:01:24","companyId":25592,"positionName":"Android开发工程师","education":"本科","city":"北京","positionId":1082948,"financeStage":"上市公司","companyShortName":"新浪网","companyLogo":"image1/M00/00/35/Cgo8PFTUXJeAJhm5AAAyDX2QCwc674.jpg","salary":"12k-15k","industryField":"文化娱乐","district":"海淀区","companyLabelList":["免费班车","岗位晋升","五险一金","定期体检"],"positionAdvantage":"新浪体育招贤纳士~福利多多~快到碗里来！","jobNature":"全职","workYear":"1-3年","approve":1,"score":0,"companySize":"2000人以上","businessZones":null,"imState":"sevenDays","lastLogin":1472020893000,"publisherId":1841744,"explain":null,"plus":null,"pcShow":0,"appShow":0,"deliver":0,"gradeDescription":null,"companyFullName":"新浪网技术（中国）有限公司","adWord":0},{"formatCreateTime":"2016-08-15","createTime":"2016-08-15 16:40:44","companyId":108300,"positionName":"Android开发主管","education":"本科","city":"北京","positionId":2017277,"financeStage":"初创型(未融资)","companyShortName":"新锐格","companyLogo":"i/image/M00/01/60/Cgp3O1Zo-hOAIPu6AAFIpo6p1zk475.jpg","salary":"25k-50k","industryField":"其他","district":"朝阳区","companyLabelList":null,"positionAdvantage":"年终奖、项目补助、五险一金、带薪年假","jobNature":"全职","workYear":"5-10年","approve":0,"score":0,"companySize":"15-50人","businessZones":["大望路","华贸","百子湾"],"imState":"today","lastLogin":1472539427000,"publisherId":3343622,"explain":null,"plus":null,"pcShow":0,"appShow":0,"deliver":0,"gradeDescription":null,"companyFullName":"北京新锐格视频技术服务有限公司","adWord":0},{"formatCreateTime":"2016-08-15","createTime":"2016-08-15 16:16:48","companyId":47753,"positionName":"（2017校招）android开发实习生","education":"本科","city":"北京","positionId":2239407,"financeStage":"成长型(A轮)","companyShortName":"北京青牛风科技有限公司","companyLogo":"image1/M00/00/7C/CgYXBlTUXb-AMI4UAABYX773wMk086.png","salary":"6k-9k","industryField":"O2O,数据服务","district":"海淀区","companyLabelList":["节日礼物","技能培训","绩效奖金","岗位晋升"],"positionAdvantage":"自主产品；六险一金；氛围好；机会多","jobNature":"全职","workYear":"应届毕业生","approve":1,"score":0,"companySize":"150-500人","businessZones":["航天桥","八里庄","北洼路"],"imState":"disabled","lastLogin":1471281989000,"publisherId":1661874,"explain":null,"plus":null,"pcShow":0,"appShow":0,"deliver":0,"gradeDescription":null,"companyFullName":"北京青牛风科技有限公司","adWord":0},{"formatCreateTime":"2016-08-15","createTime":"2016-08-15 15:58:27","companyId":93562,"positionName":"Android","education":"本科","city":"北京","positionId":1053701,"financeStage":"成长型(不需要融资)","companyShortName":"北京佰利亚","companyLogo":"image2/M00/01/EE/CgpzWlXmWjSAUwi3AAARen2NVew081.jpg?cc=0.9775304738215873","salary":"4k-8k","industryField":"移动互联网,医疗健康","district":"朝阳区","companyLabelList":["技能培训","专项奖金","带薪年假","岗位晋升"],"positionAdvantage":"互联网+医疗 有钱途","jobNature":"全职","workYear":"不限","approve":1,"score":0,"companySize":"50-150人","businessZones":["奥运村","北沙滩","健翔桥"],"imState":"overSevenDays","lastLogin":1471315956000,"publisherId":2446204,"explain":null,"plus":null,"pcShow":0,"appShow":0,"deliver":0,"gradeDescription":null,"companyFullName":"北京佰利亚软件技术有限公司","adWord":0},{"formatCreateTime":"2016-08-15","createTime":"2016-08-15 15:52:59","companyId":956,"positionName":"Android\\IOS开发工程师","education":"本科","city":"北京","positionId":2239189,"financeStage":"成熟型(C轮)","companyShortName":"金山云","companyLogo":"image1/M00/00/04/Cgo8PFTUWACAWautAAAh6gMfsB0502.jpg","salary":"12k-24k","industryField":"移动互联网,数据服务","district":"海淀区","companyLabelList":["技能培训","节日礼物","瑜伽房","免费班车"],"positionAdvantage":"绩效奖金 带薪年假 年度旅游 节日礼物","jobNature":"全职","workYear":"3-5年","approve":1,"score":0,"companySize":"500-2000人","businessZones":["上地","清河","小营"],"imState":"today","lastLogin":1472535450000,"publisherId":5894751,"explain":null,"plus":null,"pcShow":0,"appShow":0,"deliver":0,"gradeDescription":null,"companyFullName":"北京金山云网络技术有限公司","adWord":0}]}},"code":0}