{"msg":null,"resubmitToken":null,"success":true,"requestId":null,"content":{"pageNo":56,"pageSize":15,"positionResult":{"totalCount":8899,"resultSize":15,"locationInfo":{"city":"北京","district":null,"locationCode":null,"businessZone":null,"queryByGisCode":false},"queryAnalysisInfo":{"positionName":"android","companyName":null,"usefulCompany":false,"industryName":null},"strategyProperty":{"name":"dm-csearch-newSimScorer","id":1},"result":[{"companyId":1914,"formatCreateTime":"2016-08-22","score":0,"positionId":1673385,"positionName":"Android高级开发工程师","createTime":"2016-08-22 09:41:48","positionAdvantage":"五险一金、商业保险、带薪年假、试用全薪","salary":"15k-25k","approve":1,"workYear":"3-5年","education":"本科","city":"北京","companyLogo":"i/image/M00/01/39/Cgp3O1Zk9luAeL0jAAAO0FvOuQE553.png","jobNature":"全职","industryField":"数据服务,文化娱乐","companyShortName":"优酷土豆","financeStage":"上市公司","companySize":"2000人以上","companyLabelList":["带薪年假","岗位晋升","五险一金","弹性工作"],"district":"海淀区","businessZones":["中关村","北京大学","苏州街"],"imState":"today","lastLogin":1472549525000,"publisherId":4679250,"explain":null,"plus":null,"pcShow":0,"appShow":0,"deliver":0,"gradeDescription":null,"companyFullName":"合一网络技术（北京）有限公司","adWord":0},{"companyId":25592,"formatCreateTime":"2016-08-22","score":0,"positionId":2010240,"positionName":"［高级］Android开发工程师","createTime":"2016-08-22 09:35:34","positionAdvantage":"快速成长期，目前福利多多，未来更可期待","salary":"15k-25k","approve":1,"workYear":"3-5年","education":"本科","city":"北京","companyLogo":"image1/M00/00/35/Cgo8PFTUXJeAJhm5AAAyDX2QCwc674.jpg","jobNature":"全职","industryField":"文化娱乐","companyShortName":"新浪网","financeStage":"上市公司","companySize":"2000人以上","companyLabelList":["免费班车","岗位晋升","五险一金","定期体检"],"district":"海淀区","businessZones":["北京大学","中关村","苏州街"],"imState":"disabled","lastLogin":1472181497000,"publisherId":5413718,"explain":null,"plus":null,"pcShow":0,"appShow":0,"deliver":0,"gradeDescription":null,"companyFullName":"新浪网技术（中国）有限公司","adWord":0},{"companyId":57256,"formatCreateTime":"2016-08-21","score":0,"positionId":2266367,"positionName":"Android","createTime":"2016-08-21 09:24:18","positionAdvantage":"解决困扰职场年轻人的健康问题，创始期权","salary":"7k-10k","approve":1,"workYear":"1-3年","education":"本科","city":"北京","companyLogo":"i/image/M00/51/9F/Cgp3O1e5Az-Aeuf4AAArKgRpjRs434.png","jobNature":"全职","industryField":"移动互联网,医疗健康","companyShortName":"Up","financeStage":"初创型(天使轮)","companySize":"少于15人","companyLabelList":["技能培训","股票期权","带薪年假","领导好"],"district":"海淀区","businessZones":["田村","五棵松","永定路"],"imState":"sevenDays","lastLogin":1472266983000,"publisherId":1443224,"explain":null,"plus":null,"pcShow":0,"appShow":0,"deliver":0,"gradeDescription":null,"companyFullName":"北京引力波信息技术有限公司","adWord":0},{"companyId":50702,"formatCreateTime":"2016-08-20","score":0,"positionId":1056937,"positionName":"高级Android开发","createTime":"2016-08-20 23:51:09","positionAdvantage":"股票期权年底双薪免费班车","salary":"15k-30k","approve":1,"workYear":"3-5年","education":"本科","city":"北京","companyLogo":"i/image/M00/4B/6C/CgqKkVefHv-AFoRzAAAuALF7ZZ0419.png","jobNature":"全职","industryField":"移动互联网,O2O","companyShortName":"美团点评","financeStage":"成熟型(D轮及以上)","companySize":"2000人以上","companyLabelList":["技能培训","绩效奖金","岗位晋升","领导好"],"district":"朝阳区","businessZones":["望京","来广营"],"imState":"today","lastLogin":1472575129000,"publisherId":1524021,"explain":null,"plus":null,"pcShow":0,"appShow":0,"deliver":0,"gradeDescription":null,"companyFullName":"北京三快在线科技有限公司","adWord":0},{"companyId":142163,"formatCreateTime":"2016-08-20","score":0,"positionId":2266286,"positionName":"Android/iOS平台移动端开发工程师实习","createTime":"2016-08-20 22:00:29","positionAdvantage":"发展空间 技术大牛 弹性工作","salary":"5k-10k","approve":0,"workYear":"不限","education":"本科","city":"北京","companyLogo":"i/image/M00/4D/5D/CgqKkVenM46AHi4JAAMBXrFVTvA924.png","jobNature":"实习","industryField":"企业服务,移动互联网","companyShortName":"冰立方","financeStage":"初创型(天使轮)","companySize":"少于15人","companyLabelList":null,"district":"海淀区","businessZones":["天安门","前门","大栅栏"],"imState":"disabled","lastLogin":1472571887000,"publisherId":5826916,"explain":null,"plus":null,"pcShow":0,"appShow":0,"deliver":0,"gradeDescription":null,"companyFullName":"北京冰立方科技有限公司","adWord":0},{"companyId":106303,"formatCreateTime":"2016-08-20","score":0,"positionId":1694075,"positionName":"搜狐媒体-汽车总部-Android高级开发工程师","createTime":"2016-08-20 16:54:06","positionAdvantage":"一年15天年假，弹性工作时间，文化灵活","salary":"20k-25k","approve":1,"workYear":"不限","education":"不限","city":"北京","companyLogo":"i/image/M00/00/60/CgqKkVZFhiKAe07DAAAMN2gO144456.jpg","jobNature":"全职","industryField":"移动互联网,广告营销","companyShortName":"搜狐媒体","financeStage":"上市公司","companySize":"2000人以上","companyLabelList":["节日礼物","项目奖金","弹性工作时间","15天年假"],"district":"海淀区","businessZones":["中关村","知春路","双榆树"],"imState":"today","lastLogin":1472590826000,"publisherId":2819690,"explain":null,"plus":null,"pcShow":0,"appShow":0,"deliver":0,"gradeDescription":null,"companyFullName":"搜狐媒体","adWord":0},{"companyId":131354,"formatCreateTime":"2016-08-20","score":0,"positionId":2066870,"positionName":"Android&amp;IOS开发组长","createTime":"2016-08-20 16:34:27","positionAdvantage":"五险一金、十三薪、团队建设、下午茶等","salary":"18k-30k","approve":0,"workYear":"5-10年","education":"本科","city":"北京","companyLogo":"i/image/M00/30/0D/Cgp3O1dFSMeAL71zAAAXwcmReVk994.png","jobNature":"全职","industryField":"教育","companyShortName":"心意答北京研发中心","financeStage":"成长型(不需要融资)","companySize":"150-500人","companyLabelList":null,"district":"海淀区","businessZones":["西三旗","清河","小营"],"imState":"disabled","lastLogin":1472527841000,"publisherId":2957521,"explain":null,"plus":null,"pcShow":0,"appShow":0,"deliver":0,"gradeDescription":null,"companyFullName":"上海心意答融讯电子股份有限公司北京分公司","adWord":0},{"companyId":718,"formatCreateTime":"2016-08-20","score":0,"positionId":916720,"positionName":"Android","createTime":"2016-08-20 15:46:59","positionAdvantage":"核心业务，上升空间大，技术氛围超好哦","salary":"18k-30k","approve":1,"workYear":"3-5年","education":"本科","city":"北京","companyLogo":"image1/M00/10/F6/Cgo8PFT_8gyAHE_VAACEHkeY0jo769.jpg","jobNature":"全职","industryField":"移动互联网","companyShortName":"腾讯","financeStage":"上市公司","companySize":"2000人以上","companyLabelList":["节日礼物","技能培训","免费娱乐设施","岗位晋升"],"district":"海淀区","businessZones":["苏州街","北京大学","颐和园"],"imState":"disabled","lastLogin":1472546337000,"publisherId":2066043,"explain":null,"plus":null,"pcShow":0,"appShow":0,"deliver":0,"gradeDescription":null,"companyFullName":"腾讯科技(北京)有限公司","adWord":0},{"companyId":74609,"formatCreateTime":"2016-08-20","score":0,"positionId":1987185,"positionName":"Android开发工程师","createTime":"2016-08-20 14:14:55","positionAdvantage":"轻松办公环境，谷歌系！~","salary":"15k-25k","approve":1,"workYear":"1-3年","education":"本科","city":"北京","companyLogo":"i/image/M00/03/1C/CgqKkVapyM-AYuW4AAA0MInQYm0160.png","jobNature":"全职","industryField":"移动互联网,企业服务","companyShortName":"小班会","financeStage":"成长型(A轮)","companySize":"15-50人","companyLabelList":["节日礼物","专项奖金","带薪年假","年度旅游"],"district":null,"businessZones":null,"imState":"threeDays","lastLogin":1472469210000,"publisherId":3569483,"explain":null,"plus":null,"pcShow":0,"appShow":0,"deliver":0,"gradeDescription":null,"companyFullName":"北京心橙互联信息技术有限公司","adWord":0},{"companyId":19601,"formatCreateTime":"2016-08-20","score":0,"positionId":2265639,"positionName":"Android工程师","createTime":"2016-08-20 10:42:09","positionAdvantage":"五险一金 绩效奖金 带薪年假 员工旅游","salary":"8k-15k","approve":0,"workYear":"3-5年","education":"本科","city":"北京","companyLogo":"image1/M00/00/24/Cgo8PFTUWH2AR2raAAB2RwimjlY119.jpg","jobNature":"全职","industryField":"移动互联网,硬件","companyShortName":"雅乐美森","financeStage":"初创型(天使轮)","companySize":"15-50人","companyLabelList":["绩效奖金","五险一金","交通补助","弹性工作"],"district":null,"businessZones":null,"imState":"today","lastLogin":1472545046000,"publisherId":223339,"explain":null,"plus":null,"pcShow":0,"appShow":0,"deliver":0,"gradeDescription":null,"companyFullName":"北京雅乐美森科技有限公司","adWord":0},{"companyId":139,"formatCreateTime":"2016-08-20","score":0,"positionId":2150088,"positionName":"研发实习生（Android / Java）","createTime":"2016-08-20 09:11:07","positionAdvantage":"实习生宿舍,弹性工作制,免费工作餐,水果零食","salary":"4k-6k","approve":1,"workYear":"不限","education":"本科","city":"北京","companyLogo":"image1/M00/00/02/Cgo8PFTUV_WAD7hfAABXYsAPI8k943.png","jobNature":"实习","industryField":"移动互联网","companyShortName":"九玉","financeStage":"成长型(A轮)","companySize":"15-50人","companyLabelList":["技能培训","股票期权","带薪年假","岗位晋升"],"district":"海淀区","businessZones":["知春路","中关村","双榆树"],"imState":"threeDays","lastLogin":1472448807000,"publisherId":208,"explain":null,"plus":null,"pcShow":0,"appShow":0,"deliver":0,"gradeDescription":null,"companyFullName":"九玉（北京）科技有限公司","adWord":0},{"companyId":8279,"formatCreateTime":"2016-08-19","score":0,"positionId":113074,"positionName":"高级Android工程师","createTime":"2016-08-19 19:02:32","positionAdvantage":"扁平化，注重个人素质提高，做你最爱做的事","salary":"18k-30k","approve":1,"workYear":"3-5年","education":"本科","city":"北京","companyLogo":"image1/M00/3E/44/CgYXBlW7NPOADJCmAAAINPEuAM0503.jpg","jobNature":"全职","industryField":"移动互联网,数据服务","companyShortName":"渡鸦科技","financeStage":"成长型(A轮)","companySize":"50-150人","companyLabelList":["技能培训","节日礼物","岗位晋升","年度旅游"],"district":"朝阳区","businessZones":["朝阳门","朝外","建外大街"],"imState":"today","lastLogin":1472554812000,"publisherId":99695,"explain":null,"plus":null,"pcShow":0,"appShow":0,"deliver":0,"gradeDescription":null,"companyFullName":"北京瑞酷创新科技有限公司","adWord":0},{"companyId":55446,"formatCreateTime":"2016-08-19","score":0,"positionId":2265025,"positionName":"Android研发工程师/高级Android研发工程师","createTime":"2016-08-19 18:31:40","positionAdvantage":"优秀团队；免费三餐；能力提升大","salary":"15k-30k","approve":1,"workYear":"1-3年","education":"本科","city":"北京","companyLogo":"i/image/M00/03/92/Cgp3O1bBZp6ANvoaAAAb17EHQMc096.png","jobNature":"全职","industryField":"移动互联网,O2O","companyShortName":"链家网","financeStage":"初创型(未融资)","companySize":"500-2000人","companyLabelList":["股票期权","带薪年假","绩效奖金","扁平管理"],"district":"海淀区","businessZones":null,"imState":"disabled","lastLogin":1472551964000,"publisherId":6133,"explain":null,"plus":null,"pcShow":0,"appShow":0,"deliver":0,"gradeDescription":null,"companyFullName":"链家网（北京）科技有限公司","adWord":0},{"companyId":137510,"formatCreateTime":"2016-08-19","score":0,"positionId":2264879,"positionName":"Android","createTime":"2016-08-19 18:12:33","positionAdvantage":"餐饮补贴 领导nice","salary":"15k-30k","approve":0,"workYear":"1-3年","education":"本科","city":"北京","companyLogo":"i/image/M00/40/CC/CgqKkVd7YMyAfbneAAAHymuOL_g188.jpg","jobNature":"全职","industryField":"移动互联网,金融","companyShortName":"人人贷","financeStage":"成长型(A轮)","companySize":"150-500人","companyLabelList":null,"district":"海淀区","businessZones":["五道口","清华大学","中关村"],"imState":"disabled","lastLogin":1472548283000,"publisherId":5927703,"explain":null,"plus":null,"pcShow":0,"appShow":0,"deliver":0,"gradeDescription":null,"companyFullName":"人人贷商务顾问（北京）有限公司","adWord":0},{"companyId":82837,"formatCreateTime":"2016-08-19","score":0,"positionId":1194318,"positionName":"Android开发工程师","createTime":"2016-08-19 18:08:17","positionAdvantage":"无需融资创业公司，致力于做真正有用的产品","salary":"15k-30k","approve":0,"workYear":"1-3年","education":"不限","city":"北京","companyLogo":"image1/M00/38/4F/Cgo8PFWlJTqANKKDAAAkQa1G6eU891.png?cc=0.1817166288383305","jobNature":"全职","industryField":"移动互联网,O2O","companyShortName":"古点 (dotcom)","financeStage":"初创型(未融资)","companySize":"15-50人","companyLabelList":["技能培训","节日礼物","年度旅游","管理规范"],"district":"海淀区","businessZones":["学院路","北航","五道口"],"imState":"overSevenDays","lastLogin":1471839939000,"publisherId":2843880,"explain":null,"plus":null,"pcShow":0,"appShow":0,"deliver":0,"gradeDescription":null,"companyFullName":"古点投资有限公司","adWord":0}]}},"code":0}