{"msg":null,"resubmitToken":null,"success":true,"requestId":null,"content":{"pageNo":97,"pageSize":15,"positionResult":{"totalCount":8899,"resultSize":15,"locationInfo":{"city":"北京","district":null,"locationCode":null,"businessZone":null,"queryByGisCode":false},"queryAnalysisInfo":{"positionName":"android","companyName":null,"usefulCompany":false,"industryName":null},"strategyProperty":{"name":"dm-csearch-newSimScorer","id":1},"result":[{"companyId":7279,"formatCreateTime":"2016-08-12","score":0,"positionId":2229660,"positionName":"高级Android开发工程师","createTime":"2016-08-12 10:48:23","positionAdvantage":"弹性工作，福利待遇好，公司发展前景好","salary":"30k-55k","approve":1,"workYear":"3-5年","education":"本科","city":"北京","companyLogo":"i/image/M00/10/3F/CgqKkVbfkpuAWYVCAAAPa-AIRBE907.jpg","jobNature":"全职","industryField":"移动互联网","companyShortName":"Kika Tech(新美互通)","financeStage":"成长型(B轮)","companySize":"150-500人","companyLabelList":["弹性工作任性","技术牛带你飞","高质量妹子多","环境舒适"],"district":"东城区","businessZones":["和平里","雍和宫","和平街"],"imState":"today","lastLogin":1472541743000,"publisherId":43896,"explain":null,"plus":null,"pcShow":0,"appShow":0,"deliver":0,"gradeDescription":null,"companyFullName":"北京新美互通科技有限公司","adWord":0},{"companyId":50702,"formatCreateTime":"2016-08-12","score":0,"positionId":2123027,"positionName":"Android技术专家","createTime":"2016-08-12 10:11:04","positionAdvantage":"免费班车股票期权带薪年假绩效奖金五险一金","salary":"20k-40k","approve":1,"workYear":"5-10年","education":"本科","city":"北京","companyLogo":"i/image/M00/4B/6C/CgqKkVefHv-AFoRzAAAuALF7ZZ0419.png","jobNature":"全职","industryField":"移动互联网,O2O","companyShortName":"美团点评","financeStage":"成熟型(D轮及以上)","companySize":"2000人以上","companyLabelList":["技能培训","绩效奖金","岗位晋升","领导好"],"district":"朝阳区","businessZones":["望京","来广营"],"imState":"today","lastLogin":1472575129000,"publisherId":1524021,"explain":null,"plus":null,"pcShow":0,"appShow":0,"deliver":0,"gradeDescription":null,"companyFullName":"北京三快在线科技有限公司","adWord":0},{"companyId":114110,"formatCreateTime":"2016-08-11","score":0,"positionId":1059219,"positionName":"高级/资深安卓研发工程师","createTime":"2016-08-11 15:27:05","positionAdvantage":"有公司期权，13薪起，各种福利也都非常好","salary":"18k-25k","approve":1,"workYear":"3-5年","education":"本科","city":"北京","companyLogo":"i/image/M00/04/2B/Cgp3O1bGwzWAEAB4AAAbnMQCudk783.jpg","jobNature":"全职","industryField":"移动互联网","companyShortName":"乐视","financeStage":"上市公司","companySize":"2000人以上","companyLabelList":["股票期权","交通补助","通讯津贴","带薪年假"],"district":"朝阳区","businessZones":["石佛营","姚家园","十里堡"],"imState":"disabled","lastLogin":1472436155000,"publisherId":1705326,"explain":null,"plus":null,"pcShow":0,"appShow":0,"deliver":0,"gradeDescription":null,"companyFullName":"乐视网信息技术（北京）股份有限公司","adWord":0},{"companyId":50702,"formatCreateTime":"2016-08-11","score":0,"positionId":2182972,"positionName":"美团外卖配送-Android技术专家","createTime":"2016-08-11 14:15:31","positionAdvantage":"重点部门，核心业务，最佳发展平台","salary":"25k-45k","approve":1,"workYear":"不限","education":"不限","city":"北京","companyLogo":"i/image/M00/4B/6C/CgqKkVefHv-AFoRzAAAuALF7ZZ0419.png","jobNature":"全职","industryField":"移动互联网,O2O","companyShortName":"美团点评","financeStage":"成熟型(D轮及以上)","companySize":"2000人以上","companyLabelList":["技能培训","绩效奖金","岗位晋升","领导好"],"district":"朝阳区","businessZones":null,"imState":"today","lastLogin":1472553536000,"publisherId":4699364,"explain":null,"plus":null,"pcShow":0,"appShow":0,"deliver":0,"gradeDescription":null,"companyFullName":"北京三快在线科技有限公司","adWord":0},{"companyId":61488,"formatCreateTime":"2016-08-10","score":0,"positionId":1607709,"positionName":"安卓开发工程师","createTime":"2016-08-10 11:07:09","positionAdvantage":"有竞争力的薪酬","salary":"15k-25k","approve":1,"workYear":"3-5年","education":"本科","city":"北京","companyLogo":"image1/M00/1A/E1/CgYXBlUd7k-AAGqpAAAljq6bCv4669.png","jobNature":"全职","industryField":"文化娱乐,硬件","companyShortName":"四达时代集团","financeStage":"上市公司","companySize":"2000人以上","companyLabelList":["年底双薪","专项奖金","绩效奖金","交通补助"],"district":"大兴区","businessZones":null,"imState":"today","lastLogin":1472548940000,"publisherId":965544,"explain":null,"plus":null,"pcShow":0,"appShow":0,"deliver":0,"gradeDescription":null,"companyFullName":"北京四达时代软件技术股份有限公司","adWord":0},{"companyId":4158,"formatCreateTime":"2016-08-10","score":0,"positionId":64231,"positionName":"Android 急聘","createTime":"2016-08-10 10:45:30","positionAdvantage":"发展好、氛围棒、福利好、领导棒","salary":"10k-15k","approve":1,"workYear":"不限","education":"本科","city":"北京","companyLogo":"image1/M00/00/0A/CgYXBlTUWBaAX5ybAACq-EA7pSc619.jpg","jobNature":"全职","industryField":"移动互联网,电子商务","companyShortName":"美秒科技","financeStage":"成长型(A轮)","companySize":"15-50人","companyLabelList":["交通补助","股票期权","弹性工作","免费晚餐"],"district":"海淀区","businessZones":["西二旗","龙泽","回龙观"],"imState":"today","lastLogin":1472551672000,"publisherId":71928,"explain":null,"plus":null,"pcShow":0,"appShow":0,"deliver":0,"gradeDescription":null,"companyFullName":"北京美秒科技有限公司","adWord":0},{"companyId":1856,"formatCreateTime":"2016-08-11","score":0,"positionId":1939447,"positionName":"Android leader","createTime":"2016-08-11 18:24:00","positionAdvantage":"福利优越 发展前景","salary":"20k-30k","approve":1,"workYear":"3-5年","education":"大专","city":"北京","companyLogo":"i/image/M00/47/D9/Cgp3O1eQqmeATzNOAACOd2PMZCw003.png","jobNature":"全职","industryField":"金融","companyShortName":"创投圈","financeStage":"成长型(A轮)","companySize":"15-50人","companyLabelList":["互联网","金融","创投","天使投资"],"district":"海淀区","businessZones":["中关村","北京大学","五道口"],"imState":"sevenDays","lastLogin":1472115224000,"publisherId":129795,"explain":null,"plus":null,"pcShow":0,"appShow":0,"deliver":0,"gradeDescription":null,"companyFullName":"北京海蓝创景投资咨询有限公司","adWord":0},{"companyId":1856,"formatCreateTime":"2016-08-11","score":0,"positionId":2127760,"positionName":"Android高级开发工程师","createTime":"2016-08-11 18:23:59","positionAdvantage":"创投圈,福利优越","salary":"18k-30k","approve":1,"workYear":"3-5年","education":"不限","city":"北京","companyLogo":"i/image/M00/47/D9/Cgp3O1eQqmeATzNOAACOd2PMZCw003.png","jobNature":"全职","industryField":"金融","companyShortName":"创投圈","financeStage":"成长型(A轮)","companySize":"15-50人","companyLabelList":["互联网","金融","创投","天使投资"],"district":"海淀区","businessZones":["中关村","北京大学","五道口"],"imState":"sevenDays","lastLogin":1472115224000,"publisherId":129795,"explain":null,"plus":null,"pcShow":0,"appShow":0,"deliver":0,"gradeDescription":null,"companyFullName":"北京海蓝创景投资咨询有限公司","adWord":0},{"companyId":1856,"formatCreateTime":"2016-08-11","score":0,"positionId":2127776,"positionName":"Android高级开发工程师","createTime":"2016-08-11 18:23:59","positionAdvantage":"福利优越,创业者服务,投资人","salary":"18k-30k","approve":1,"workYear":"3-5年","education":"大专","city":"北京","companyLogo":"i/image/M00/47/D9/Cgp3O1eQqmeATzNOAACOd2PMZCw003.png","jobNature":"全职","industryField":"金融","companyShortName":"创投圈","financeStage":"成长型(A轮)","companySize":"15-50人","companyLabelList":["互联网","金融","创投","天使投资"],"district":"海淀区","businessZones":["中关村","北京大学","五道口"],"imState":"sevenDays","lastLogin":1472115224000,"publisherId":129795,"explain":null,"plus":null,"pcShow":0,"appShow":0,"deliver":0,"gradeDescription":null,"companyFullName":"北京海蓝创景投资咨询有限公司","adWord":0},{"companyId":1856,"formatCreateTime":"2016-08-11","score":0,"positionId":2130837,"positionName":"Android","createTime":"2016-08-11 18:23:59","positionAdvantage":"福利优越,前景行业","salary":"18k-30k","approve":1,"workYear":"3-5年","education":"大专","city":"北京","companyLogo":"i/image/M00/47/D9/Cgp3O1eQqmeATzNOAACOd2PMZCw003.png","jobNature":"全职","industryField":"金融","companyShortName":"创投圈","financeStage":"成长型(A轮)","companySize":"15-50人","companyLabelList":["互联网","金融","创投","天使投资"],"district":"海淀区","businessZones":["中关村","北京大学","五道口"],"imState":"sevenDays","lastLogin":1472115224000,"publisherId":129795,"explain":null,"plus":null,"pcShow":0,"appShow":0,"deliver":0,"gradeDescription":null,"companyFullName":"北京海蓝创景投资咨询有限公司","adWord":0},{"companyId":1856,"formatCreateTime":"2016-08-11","score":0,"positionId":1914581,"positionName":"高级Android工程师/研发经理","createTime":"2016-08-11 18:23:53","positionAdvantage":"期权、股权、风口行业，主导android开发","salary":"25k-50k","approve":1,"workYear":"5-10年","education":"本科","city":"北京","companyLogo":"i/image/M00/47/D9/Cgp3O1eQqmeATzNOAACOd2PMZCw003.png","jobNature":"全职","industryField":"金融","companyShortName":"创投圈","financeStage":"成长型(A轮)","companySize":"15-50人","companyLabelList":["互联网","金融","创投","天使投资"],"district":null,"businessZones":null,"imState":"sevenDays","lastLogin":1472115224000,"publisherId":129795,"explain":null,"plus":null,"pcShow":0,"appShow":0,"deliver":0,"gradeDescription":null,"companyFullName":"北京海蓝创景投资咨询有限公司","adWord":0},{"companyId":50702,"formatCreateTime":"2016-08-09","score":0,"positionId":2216225,"positionName":"Android","createTime":"2016-08-09 18:35:46","positionAdvantage":"核心部门，平台大，待遇优，发展空间大","salary":"15k-30k","approve":1,"workYear":"1-3年","education":"本科","city":"北京","companyLogo":"i/image/M00/4B/6C/CgqKkVefHv-AFoRzAAAuALF7ZZ0419.png","jobNature":"全职","industryField":"移动互联网,O2O","companyShortName":"美团点评","financeStage":"成熟型(D轮及以上)","companySize":"2000人以上","companyLabelList":["技能培训","绩效奖金","岗位晋升","领导好"],"district":"朝阳区","businessZones":["望京","来广营"],"imState":"today","lastLogin":1472555393000,"publisherId":1504547,"explain":null,"plus":null,"pcShow":0,"appShow":0,"deliver":0,"gradeDescription":null,"companyFullName":"北京三快在线科技有限公司","adWord":0},{"companyId":4158,"formatCreateTime":"2016-08-09","score":0,"positionId":225633,"positionName":"Android","createTime":"2016-08-09 12:25:58","positionAdvantage":"发展好、氛围棒、福利好、领导棒","salary":"15k-20k","approve":1,"workYear":"3-5年","education":"本科","city":"北京","companyLogo":"image1/M00/00/0A/CgYXBlTUWBaAX5ybAACq-EA7pSc619.jpg","jobNature":"全职","industryField":"移动互联网,电子商务","companyShortName":"美秒科技","financeStage":"成长型(A轮)","companySize":"15-50人","companyLabelList":["交通补助","股票期权","弹性工作","免费晚餐"],"district":"海淀区","businessZones":["西二旗","龙泽","回龙观"],"imState":"today","lastLogin":1472551672000,"publisherId":71928,"explain":null,"plus":null,"pcShow":0,"appShow":0,"deliver":0,"gradeDescription":null,"companyFullName":"北京美秒科技有限公司","adWord":0},{"companyId":4158,"formatCreateTime":"2016-08-09","score":0,"positionId":226313,"positionName":"Android高级","createTime":"2016-08-09 12:25:02","positionAdvantage":"发展空间大，有期权，弹性工作，交通便利","salary":"15k-20k","approve":1,"workYear":"1-3年","education":"本科","city":"北京","companyLogo":"image1/M00/00/0A/CgYXBlTUWBaAX5ybAACq-EA7pSc619.jpg","jobNature":"全职","industryField":"移动互联网,电子商务","companyShortName":"美秒科技","financeStage":"成长型(A轮)","companySize":"15-50人","companyLabelList":["交通补助","股票期权","弹性工作","免费晚餐"],"district":"海淀区","businessZones":["西二旗","龙泽","回龙观"],"imState":"today","lastLogin":1472551672000,"publisherId":71928,"explain":null,"plus":null,"pcShow":0,"appShow":0,"deliver":0,"gradeDescription":null,"companyFullName":"北京美秒科技有限公司","adWord":0},{"companyId":4158,"formatCreateTime":"2016-08-09","score":0,"positionId":125216,"positionName":"Android","createTime":"2016-08-09 12:24:35","positionAdvantage":"发展好、氛围棒、福利好、领导棒","salary":"10k-15k","approve":1,"workYear":"1-3年","education":"本科","city":"北京","companyLogo":"image1/M00/00/0A/CgYXBlTUWBaAX5ybAACq-EA7pSc619.jpg","jobNature":"全职","industryField":"移动互联网,电子商务","companyShortName":"美秒科技","financeStage":"成长型(A轮)","companySize":"15-50人","companyLabelList":["交通补助","股票期权","弹性工作","免费晚餐"],"district":"海淀区","businessZones":["西二旗","龙泽","回龙观"],"imState":"today","lastLogin":1472551672000,"publisherId":71928,"explain":null,"plus":null,"pcShow":0,"appShow":0,"deliver":0,"gradeDescription":null,"companyFullName":"北京美秒科技有限公司","adWord":0}]}},"code":0}