{"msg":null,"success":true,"requestId":null,"resubmitToken":null,"content":{"pageNo":58,"pageSize":15,"positionResult":{"queryAnalysisInfo":{"industryName":null,"usefulCompany":false,"positionName":"android","companyName":null},"strategyProperty":{"name":"dm-csearch-newSimScorer","id":1},"totalCount":8899,"resultSize":15,"locationInfo":{"businessZone":null,"locationCode":null,"queryByGisCode":false,"city":"北京","district":null},"result":[{"companyId":4838,"explain":null,"plus":null,"pcShow":0,"appShow":0,"deliver":0,"gradeDescription":null,"businessZones":["建国门","CBD","国贸"],"imState":"disabled","lastLogin":1471850370000,"publisherId":1570004,"positionName":"Android 开发经理","workYear":"3-5年","education":"本科","jobNature":"全职","positionId":1808976,"createTime":"2016-08-19 17:22:08","city":"北京","companyLogo":"image1/M00/00/0B/CgYXBlTUWBuAUJAkAAB6cj6qvIk863.jpg","industryField":"移动互联网,金融","positionAdvantage":"15天年假，13~15薪","salary":"25k-35k","companySize":"2000人以上","approve":1,"financeStage":"成熟型(不需要融资)","companyLabelList":["绩效奖金","专项奖金","五险一金","通讯津贴"],"district":"朝阳区","companyShortName":"安邦保险集团","score":0,"formatCreateTime":"2016-08-19","companyFullName":"安邦保险集团股份有限公司","adWord":0},{"companyId":50702,"explain":null,"plus":null,"pcShow":0,"appShow":0,"deliver":0,"gradeDescription":null,"businessZones":["大山子","望京","酒仙桥"],"imState":"disabled","lastLogin":1472521334000,"publisherId":3461205,"positionName":"高级 Android 开发工程师","workYear":"3-5年","education":"本科","jobNature":"全职","positionId":1322168,"createTime":"2016-08-19 16:42:26","city":"北京","companyLogo":"i/image/M00/4B/6C/CgqKkVefHv-AFoRzAAAuALF7ZZ0419.png","industryField":"移动互联网,O2O","positionAdvantage":"福利待遇好 晋升空间大","salary":"15k以上","companySize":"2000人以上","approve":1,"financeStage":"成熟型(D轮及以上)","companyLabelList":["技能培训","绩效奖金","岗位晋升","领导好"],"district":"朝阳区","companyShortName":"美团点评","score":0,"formatCreateTime":"2016-08-19","companyFullName":"北京三快在线科技有限公司","adWord":0},{"companyId":130604,"explain":null,"plus":null,"pcShow":0,"appShow":0,"deliver":0,"gradeDescription":null,"businessZones":["上地","马连洼","西二旗"],"imState":"overSevenDays","lastLogin":1471944912000,"publisherId":5128418,"positionName":"Android高级研发工程师","workYear":"1-3年","education":"本科","jobNature":"全职","positionId":1997630,"createTime":"2016-08-19 14:19:16","city":"北京","companyLogo":"i/image/M00/2E/2F/CgqKkVc-dYOAJlXdAAHsOBTDCN8397.jpg","industryField":"移动互联网,企业服务","positionAdvantage":"自学能力强,年终奖,学习,沟通","salary":"10k-20k","companySize":"50-150人","approve":1,"financeStage":"初创型(天使轮)","companyLabelList":null,"district":"海淀区","companyShortName":"新媒科创","score":0,"formatCreateTime":"2016-08-19","companyFullName":"北京新媒科创网络技术有限公司","adWord":0},{"companyId":131978,"explain":null,"plus":null,"pcShow":0,"appShow":0,"deliver":0,"gradeDescription":null,"businessZones":["中关村","北京大学","苏州街"],"imState":"sevenDays","lastLogin":1472188768000,"publisherId":5200257,"positionName":"Android","workYear":"1-3年","education":"大专","jobNature":"全职","positionId":1890279,"createTime":"2016-08-19 14:07:46","city":"北京","companyLogo":"i/image/M00/53/B3/CgqKkVe_02OAXbbZAAIbB5WOjuU719.jpg","industryField":"移动互联网,生活服务","positionAdvantage":"五险一金 弹性工作","salary":"10k-20k","companySize":"50-150人","approve":0,"financeStage":"成长型(A轮)","companyLabelList":null,"district":"海淀区","companyShortName":"北京棠果科技","score":0,"formatCreateTime":"2016-08-19","companyFullName":"北京棠果科技有限公司","adWord":0},{"companyId":37099,"explain":null,"plus":null,"pcShow":0,"appShow":0,"deliver":0,"gradeDescription":null,"businessZones":null,"imState":"disabled","lastLogin":1472547365000,"publisherId":3181335,"positionName":"国际化产品部_android实习生","workYear":"不限","education":"本科","jobNature":"实习","positionId":2098815,"createTime":"2016-08-19 14:07:22","city":"北京","companyLogo":"i/image/M00/03/3B/Cgp3O1awdYKAaopbAABFI3RQsu4671.png","industryField":"移动互联网","positionAdvantage":"发展前景大，良好的团队氛围，待遇优厚","salary":"3k-4k","companySize":"2000人以上","approve":0,"financeStage":"上市公司","companyLabelList":["弹性工作","五险一金","节日礼物","带薪年假"],"district":null,"companyShortName":"百度","score":0,"formatCreateTime":"2016-08-19","companyFullName":"百度时代网络技术(北京)有限公司","adWord":0},{"companyId":128744,"explain":null,"plus":null,"pcShow":0,"appShow":0,"deliver":0,"gradeDescription":null,"businessZones":["建外大街","CBD","建国门"],"imState":"sevenDays","lastLogin":1472183621000,"publisherId":5019620,"positionName":"机器视觉移动端工程师（Android and iOS）","workYear":"不限","education":"本科","jobNature":"全职","positionId":2262126,"createTime":"2016-08-19 12:48:47","city":"北京","companyLogo":"i/image/M00/29/BA/Cgp3O1cwSrmAC188AAAQq4PCrWw096.png","industryField":"移动互联网,文化娱乐","positionAdvantage":"高薪、五险一金、国际AI公司、弹性工作制","salary":"15k-30k","companySize":"15-50人","approve":0,"financeStage":"成长型(A轮)","companyLabelList":null,"district":"朝阳区","companyShortName":"ULSee","score":0,"formatCreateTime":"2016-08-19","companyFullName":"杭州保新科技有限公司","adWord":0},{"companyId":67118,"explain":null,"plus":null,"pcShow":0,"appShow":0,"deliver":0,"gradeDescription":null,"businessZones":["望京","大山子","花家地"],"imState":"disabled","lastLogin":1472009689000,"publisherId":1683999,"positionName":"Android","workYear":"3-5年","education":"本科","jobNature":"全职","positionId":2018704,"createTime":"2016-08-19 11:41:10","city":"北京","companyLogo":"image1/M00/3C/F2/CgYXBlW3B-GAH_QyAAAPBAVi4W0817.jpg","industryField":"移动互联网","positionAdvantage":"六险一金 14薪 餐补 通讯费补 环境好","salary":"15k-25k","companySize":"50-150人","approve":1,"financeStage":"成长型(A轮)","companyLabelList":["年底双薪","技能培训","绩效奖金","岗位晋升"],"district":"朝阳区","companyShortName":"达闼科技","score":0,"formatCreateTime":"2016-08-19","companyFullName":"达闼科技（北京）有限公司","adWord":0},{"companyId":9815,"explain":null,"plus":null,"pcShow":0,"appShow":0,"deliver":0,"gradeDescription":null,"businessZones":["东四","朝阳门","美术馆"],"imState":"today","lastLogin":1472547171000,"publisherId":325697,"positionName":"Android开发工程师","workYear":"3-5年","education":"本科","jobNature":"全职","positionId":408836,"createTime":"2016-08-19 11:37:44","city":"北京","companyLogo":"i/image/M00/21/54/Cgp3O1cQkYuAc9Z-AAAIXuRa7Rw809.png","industryField":"移动互联网,O2O","positionAdvantage":"公司发展潜力大，充分尊重员工，提成高","salary":"13k-26k","companySize":"50-150人","approve":1,"financeStage":"成长型(A轮)","companyLabelList":["年终分红","绩效奖金","五险一金","带薪年假"],"district":"东城区","companyShortName":"美宅","score":0,"formatCreateTime":"2016-08-19","companyFullName":"北京盛泰华夏科技有限公司","adWord":0},{"companyId":11293,"explain":null,"plus":null,"pcShow":0,"appShow":0,"deliver":0,"gradeDescription":null,"businessZones":["上地"],"imState":"sevenDays","lastLogin":1472122968000,"publisherId":143561,"positionName":"Android","workYear":"1-3年","education":"本科","jobNature":"全职","positionId":509073,"createTime":"2016-08-19 11:29:25","city":"北京","companyLogo":"image1/M00/00/16/Cgo8PFTUWEiAbNc7AABv6f9E_XQ071.jpg","industryField":"移动互联网","positionAdvantage":"在线教育、技术实力强","salary":"15k-30k","companySize":"2000人以上","approve":0,"financeStage":"上市公司","companyLabelList":["技能培训","岗位晋升","管理规范","弹性工作"],"district":"海淀区","companyShortName":"百度","score":0,"formatCreateTime":"2016-08-19","companyFullName":"北京百度网讯科技有限公司","adWord":0},{"companyId":38919,"explain":null,"plus":null,"pcShow":0,"appShow":0,"deliver":0,"gradeDescription":null,"businessZones":["雍和宫","北新桥","和平里"],"imState":"disabled","lastLogin":1472541312000,"publisherId":3773333,"positionName":"Android开发工程师","workYear":"1-3年","education":"本科","jobNature":"全职","positionId":2141420,"createTime":"2016-08-19 11:12:23","city":"北京","companyLogo":"i/image/M00/44/A3/CgqKkVeF_-eAGvnkAAGUnNCQXBk166.png","industryField":"移动互联网,分类信息","positionAdvantage":"五险一金,弹性工作,各种补助,节日福利","salary":"10k-15k","companySize":"50-150人","approve":1,"financeStage":"上市公司","companyLabelList":["节日礼物","带薪年假","绩效奖金","年度旅游"],"district":"东城区","companyShortName":"中通网络","score":0,"formatCreateTime":"2016-08-19","companyFullName":"北京中通网络通信股份有限公司","adWord":0},{"companyId":4158,"explain":null,"plus":null,"pcShow":0,"appShow":0,"deliver":0,"gradeDescription":null,"businessZones":["西二旗","龙泽","回龙观"],"imState":"today","lastLogin":1472551672000,"publisherId":71928,"positionName":"高级Android开发工程师","workYear":"3-5年","education":"本科","jobNature":"全职","positionId":64523,"createTime":"2016-08-19 10:57:13","city":"北京","companyLogo":"image1/M00/00/0A/CgYXBlTUWBaAX5ybAACq-EA7pSc619.jpg","industryField":"移动互联网,电子商务","positionAdvantage":"发展好、氛围棒、福利好、领导棒","salary":"15k-20k","companySize":"15-50人","approve":1,"financeStage":"成长型(A轮)","companyLabelList":["交通补助","股票期权","弹性工作","免费晚餐"],"district":"海淀区","companyShortName":"美秒科技","score":0,"formatCreateTime":"2016-08-19","companyFullName":"北京美秒科技有限公司","adWord":0},{"companyId":53225,"explain":null,"plus":null,"pcShow":0,"appShow":0,"deliver":0,"gradeDescription":null,"businessZones":["北七家","新街口","西直门","德胜门"],"imState":"today","lastLogin":1472536008000,"publisherId":1331066,"positionName":"Android开发","workYear":"3-5年","education":"本科","jobNature":"全职","positionId":1617192,"createTime":"2016-08-19 10:14:23","city":"北京","companyLogo":"image1/M00/23/7F/CgYXBlVIgWmAfuU6AACgY-s3Suc796.jpg","industryField":"移动互联网","positionAdvantage":"大型央企、平台广泛、福利优厚、人才聚集","salary":"12k-20k","companySize":"2000人以上","approve":0,"financeStage":"成熟型(不需要融资)","companyLabelList":["节日礼物","技能培训","免费班车","绩效奖金"],"district":"昌平区","companyShortName":"中国电信北京研究院","score":0,"formatCreateTime":"2016-08-19","companyFullName":"中国电信股份有限公司北京研究院","adWord":0},{"companyId":63088,"explain":null,"plus":null,"pcShow":0,"appShow":0,"deliver":0,"gradeDescription":null,"businessZones":null,"imState":"disabled","lastLogin":1472101653000,"publisherId":1577585,"positionName":"Android开发工程师","workYear":"3-5年","education":"本科","jobNature":"全职","positionId":2141466,"createTime":"2016-08-19 10:11:27","city":"北京","companyLogo":"image1/M00/44/B7/CgYXBlXW3S6AN0FMAAAhSEwSANE200.png","industryField":"移动互联网,数据服务","positionAdvantage":"我们想与你一起成就物联网时代缔造极致精品","salary":"8k-16k","companySize":"150-500人","approve":1,"financeStage":"上市公司","companyLabelList":["技能培训","年底双薪","带薪年假","岗位晋升"],"district":null,"companyShortName":"车网互联","score":0,"formatCreateTime":"2016-08-19","companyFullName":"北京车网互联科技有限公司","adWord":0},{"companyId":121879,"explain":null,"plus":null,"pcShow":0,"appShow":0,"deliver":0,"gradeDescription":null,"businessZones":["万泉河","苏州街","苏州桥"],"imState":"disabled","lastLogin":1472554073000,"publisherId":3205837,"positionName":"Android工程师","workYear":"3-5年","education":"本科","jobNature":"全职","positionId":2260747,"createTime":"2016-08-19 10:08:47","city":"北京","companyLogo":"i/image/M00/19/CF/Cgp3O1b4z9-AAAIlAAA5Pb_pEpA750.png","industryField":"移动互联网,电子商务","positionAdvantage":"五险一金 年底双 项目奖金 BAT大牛带你飞","salary":"15k-30k","companySize":"150-500人","approve":1,"financeStage":"成长型(不需要融资)","companyLabelList":null,"district":"海淀区","companyShortName":"讯铭","score":0,"formatCreateTime":"2016-08-19","companyFullName":"天津讯铭科技发展股份有限公司","adWord":0},{"companyId":118069,"explain":null,"plus":null,"pcShow":0,"appShow":0,"deliver":0,"gradeDescription":null,"businessZones":["中关村","北京大学","苏州街"],"imState":"overSevenDays","lastLogin":1471567954000,"publisherId":4544498,"positionName":"Android","workYear":"1-3年","education":"本科","jobNature":"全职","positionId":2037972,"createTime":"2016-08-19 08:54:20","city":"北京","companyLogo":"i/image/M00/25/D8/Cgp3O1cffYOAaC26AAHdnH8e2nQ843.jpg","industryField":"移动互联网,企业服务","positionAdvantage":"高薪 五险一金 福利 奖金","salary":"10k-20k","companySize":"500-2000人","approve":1,"financeStage":"成熟型(不需要融资)","companyLabelList":["发展空间","嗨皮嗨皮","多多多多"],"district":"海淀区","companyShortName":"北京极致驾服科技有限公司","score":0,"formatCreateTime":"2016-08-19","companyFullName":"北京极致驾服科技有限公司","adWord":0}]}},"code":0}