{"resubmitToken":null,"success":true,"requestId":null,"msg":null,"content":{"pageNo":72,"pageSize":15,"positionResult":{"totalCount":8899,"resultSize":15,"locationInfo":{"city":"北京","district":null,"businessZone":null,"queryByGisCode":false,"locationCode":null},"queryAnalysisInfo":{"positionName":"android","companyName":null,"industryName":null,"usefulCompany":false},"strategyProperty":{"name":"dm-csearch-newSimScorer","id":1},"result":[{"companyId":1856,"positionName":"Android高级工程师","workYear":"3-5年","education":"不限","jobNature":"全职","createTime":"2016-08-11 18:24:00","companyShortName":"创投圈","positionId":2029127,"salary":"20k-40k","approve":1,"city":"北京","positionAdvantage":"福利优越","companyLogo":"i/image/M00/47/D9/Cgp3O1eQqmeATzNOAACOd2PMZCw003.png","industryField":"金融","companyLabelList":["互联网","金融","创投","天使投资"],"financeStage":"成长型(A轮)","district":"海淀区","score":0,"companySize":"15-50人","companyFullName":"北京海蓝创景投资咨询有限公司","adWord":0,"formatCreateTime":"2016-08-11","imState":"sevenDays","lastLogin":1472115224000,"publisherId":129795,"explain":null,"plus":null,"pcShow":0,"appShow":0,"deliver":0,"gradeDescription":null,"businessZones":["中关村","北京大学","五道口"]},{"companyId":25589,"positionName":"Android开发维护","workYear":"1-3年","education":"本科","jobNature":"全职","createTime":"2016-08-11 12:39:51","companyShortName":"好利58","positionId":2117475,"salary":"10k-18k","approve":1,"city":"北京","positionAdvantage":"六险一金，弹性工作制","companyLogo":"image1/M00/3B/75/Cgo8PFWwi8mAfAekAAAJSvYLoNE741.png","industryField":"金融","companyLabelList":["绩效奖金","五险一金","午餐补助","领导好"],"financeStage":"成长型(A轮)","district":"朝阳区","score":0,"companySize":"50-150人","companyFullName":"中文好利（北京）科技有限公司","adWord":0,"formatCreateTime":"2016-08-11","imState":"disabled","lastLogin":1472116621000,"publisherId":307600,"explain":null,"plus":null,"pcShow":0,"appShow":0,"deliver":0,"gradeDescription":null,"businessZones":["京广桥","朝外","东大桥"]},{"companyId":7351,"positionName":"Android","workYear":"3-5年","education":"本科","jobNature":"全职","createTime":"2016-08-10 17:22:32","companyShortName":"诚迈科技","positionId":2221527,"salary":"8k-16k","approve":0,"city":"北京","positionAdvantage":"五险一金,晋升空间大,交通便利","companyLogo":"image1/M00/00/0F/Cgo8PFTUWCuAIDA6AABvYzUfOMI420.JPG","industryField":"移动互联网","companyLabelList":["绩效奖金","五险一金","带薪年假","定期体检"],"financeStage":"成长型(B轮)","district":"海淀区","score":0,"companySize":"2000人以上","companyFullName":"北京诚迈科技有限公司","adWord":0,"formatCreateTime":"2016-08-10","imState":"today","lastLogin":1472550118000,"publisherId":4554898,"explain":null,"plus":null,"pcShow":0,"appShow":0,"deliver":0,"gradeDescription":null,"businessZones":["上地"]},{"companyId":30792,"positionName":"Android安卓开发工程师","workYear":"1-3年","education":"本科","jobNature":"全职","createTime":"2016-08-10 10:20:25","companyShortName":"三人行","positionId":2150433,"salary":"10k-20k","approve":0,"city":"北京","positionAdvantage":"五险一金，年底奖金，带薪年假","companyLogo":"image1/M00/00/46/CgYXBlTUXNyAeRtUAABnreespWc446.png","industryField":"O2O,教育","companyLabelList":["技能培训","带薪年假","岗位晋升","定期体检"],"financeStage":"初创型(天使轮)","district":"海淀区","score":0,"companySize":"15-50人","companyFullName":"江苏三人行信息科技有限公司","adWord":0,"formatCreateTime":"2016-08-10","imState":"disabled","lastLogin":1470985867000,"publisherId":449668,"explain":null,"plus":null,"pcShow":0,"appShow":0,"deliver":0,"gradeDescription":null,"businessZones":["紫竹桥","四季青","世纪城"]},{"companyId":21643,"positionName":"Android研发工程师","workYear":"3-5年","education":"本科","jobNature":"全职","createTime":"2016-08-10 10:01:15","companyShortName":"融360","positionId":2217306,"salary":"15k-30k","approve":1,"city":"北京","positionAdvantage":"六险一金、六日双休、免费午餐","companyLogo":"image1/M00/00/28/CgYXBlTUWI2AOCUhAAA64ogYonU334.png","industryField":"移动互联网,金融","companyLabelList":["股票期权","专项奖金","通讯津贴","带薪年假"],"financeStage":"成熟型(D轮及以上)","district":"海淀区","score":0,"companySize":"500-2000人","companyFullName":"北京融联世纪信息技术有限公司","adWord":0,"formatCreateTime":"2016-08-10","imState":"today","lastLogin":1472564191000,"publisherId":247704,"explain":null,"plus":null,"pcShow":0,"appShow":0,"deliver":0,"gradeDescription":null,"businessZones":["中关村","苏州街","苏州桥"]},{"companyId":681,"positionName":"Android - 高级研发工程师 / 技术架构师","workYear":"3-5年","education":"本科","jobNature":"全职","createTime":"2016-08-10 09:49:17","companyShortName":"央视网（中国网络电视台）","positionId":1469648,"salary":"15k-30k","approve":1,"city":"北京","positionAdvantage":"极具诱惑的职位","companyLogo":"image1/M00/00/04/CgYXBlTUV_2AWpGdAAAcFJzgUDo471.png","industryField":"移动互联网,文化娱乐","companyLabelList":["节日礼物","技能培训","绩效奖金","岗位晋升"],"financeStage":"成熟型(D轮及以上)","district":"海淀区","score":0,"companySize":"500-2000人","companyFullName":"央视国际网络有限公司","adWord":0,"formatCreateTime":"2016-08-10","imState":"disabled","lastLogin":1472017102000,"publisherId":2386112,"explain":null,"plus":null,"pcShow":0,"appShow":0,"deliver":0,"gradeDescription":null,"businessZones":["航天桥","八里庄","花园桥"]},{"companyId":141459,"positionName":"Android","workYear":"1-3年","education":"不限","jobNature":"全职","createTime":"2016-08-09 19:20:06","companyShortName":"奥龙博康科技","positionId":2216364,"salary":"7k-14k","approve":0,"city":"北京","positionAdvantage":"年底奖金 过节费 绩效奖金 通讯补助 餐补","companyLogo":"i/image/M00/4A/99/Cgp3O1ebEOGAXsyjAAAgW2h0Hio587.JPG","industryField":"移动互联网,广告营销","companyLabelList":null,"financeStage":"成长型(A轮)","district":"海淀区","score":0,"companySize":"50-150人","companyFullName":"北京奥龙博康科技发展有限公司","adWord":0,"formatCreateTime":"2016-08-09","imState":"disabled","lastLogin":1472438849000,"publisherId":5766229,"explain":null,"plus":null,"pcShow":0,"appShow":0,"deliver":0,"gradeDescription":null,"businessZones":["龙泽","回龙观"]},{"companyId":22162,"positionName":"Android","workYear":"3-5年","education":"本科","jobNature":"全职","createTime":"2016-08-09 18:48:54","companyShortName":"北京橙鑫数据科技","positionId":2216279,"salary":"15k-25k","approve":0,"city":"北京","positionAdvantage":"创业团队+公司环境好+六险一金","companyLogo":"image1/M00/00/2A/CgYXBlTUXGqARVqmAABn_XGUKJk779.jpg","industryField":"硬件,数据服务","companyLabelList":["技能培训","节日礼物","岗位晋升","通讯津贴"],"financeStage":"初创型(未融资)","district":"朝阳区","score":0,"companySize":"150-500人","companyFullName":"北京橙鑫数据科技有限公司","adWord":0,"formatCreateTime":"2016-08-09","imState":"disabled","lastLogin":1472524776000,"publisherId":683950,"explain":null,"plus":null,"pcShow":0,"appShow":0,"deliver":0,"gradeDescription":null,"businessZones":["亮马桥","燕莎","三元桥"]},{"companyId":108376,"positionName":"安卓开发工程师","workYear":"1-3年","education":"本科","jobNature":"全职","createTime":"2016-08-09 18:14:20","companyShortName":"滴滴出行","positionId":2216071,"salary":"20k-40k","approve":0,"city":"北京","positionAdvantage":"无限一金 各种福利","companyLogo":"i/image/M00/01/CC/CgqKkVZ3z4KAEKKmAAAO9hXzkkg424.jpg","industryField":"其他","companyLabelList":null,"financeStage":"成熟型(D轮及以上)","district":"海淀区","score":0,"companySize":"2000人以上","companyFullName":"北京嘀嘀无限科技发展有限公司","adWord":0,"formatCreateTime":"2016-08-09","imState":"disabled","lastLogin":1472521637000,"publisherId":5544036,"explain":null,"plus":null,"pcShow":0,"appShow":0,"deliver":0,"gradeDescription":null,"businessZones":["马连洼","上地","西北旺"]},{"companyId":142773,"positionName":"Android","workYear":"1-3年","education":"本科","jobNature":"全职","createTime":"2016-08-09 17:30:03","companyShortName":"云驾","positionId":2215706,"salary":"8k-15k","approve":0,"city":"北京","positionAdvantage":"七险一金、弹性工作时间、开放扁平化管理","companyLogo":"i/image/M00/4E/18/Cgp3O1epoHKAC8KYAAAL-E52ffk932.png","industryField":"数据服务,硬件","companyLabelList":null,"financeStage":"初创型(天使轮)","district":"西城区","score":0,"companySize":"少于15人","companyFullName":"北京云驾科技有限公司","adWord":0,"formatCreateTime":"2016-08-09","imState":"disabled","lastLogin":1472449592000,"publisherId":5852316,"explain":null,"plus":null,"pcShow":0,"appShow":0,"deliver":0,"gradeDescription":null,"businessZones":["西直门","展览路"]},{"companyId":40999,"positionName":"Android架构师","workYear":"5-10年","education":"本科","jobNature":"全职","createTime":"2016-08-09 15:53:30","companyShortName":"Alten China","positionId":2214648,"salary":"30k-40k","approve":0,"city":"北京","positionAdvantage":"发展前景 年终奖 旅游","companyLogo":"image1/M00/3A/23/Cgo8PFWsnqyAcPwqAABKAYa00C8448.jpg","industryField":"硬件","companyLabelList":["绩效奖金","年度旅游","管理规范","通讯津贴"],"financeStage":"上市公司","district":"朝阳区","score":0,"companySize":"2000人以上","companyFullName":"Alten Group","adWord":0,"formatCreateTime":"2016-08-09","imState":"today","lastLogin":1472545159000,"publisherId":761709,"explain":null,"plus":null,"pcShow":0,"appShow":0,"deliver":0,"gradeDescription":null,"businessZones":["望京","大山子","花家地"]},{"companyId":126927,"positionName":"Android","workYear":"1-3年","education":"大专","jobNature":"全职","createTime":"2016-08-09 15:20:17","companyShortName":"嘀一巴士","positionId":1757258,"salary":"10k-15k","approve":0,"city":"北京","positionAdvantage":"公司福利好，项目佳，领导NICE，团队逗逼","companyLogo":"i/image/M00/3A/55/CgqKkVdpBYiAVxdGAAAnweb5KvU231.png","industryField":"移动互联网,数据服务","companyLabelList":["专项奖金","带薪年假","交通补助","午餐补助"],"financeStage":"成长型(不需要融资)","district":"朝阳区","score":0,"companySize":"50-150人","companyFullName":"嘀一科技（北京）有限公司","adWord":0,"formatCreateTime":"2016-08-09","imState":"overSevenDays","lastLogin":1471256976000,"publisherId":2006293,"explain":null,"plus":null,"pcShow":0,"appShow":0,"deliver":0,"gradeDescription":null,"businessZones":["来广营","望京"]},{"companyId":115349,"positionName":"Android","workYear":"1-3年","education":"不限","jobNature":"全职","createTime":"2016-08-09 14:24:29","companyShortName":"东海论坛（北京研发中心）","positionId":1735333,"salary":"9k-18k","approve":0,"city":"北京","positionAdvantage":"团队氛围好，成长空间大，年底双薪绩效奖金","companyLogo":"i/image/M00/05/0F/CgqKkVbKdy-AdLuAAAALjmH41oA506.png","industryField":"移动互联网,分类信息","companyLabelList":null,"financeStage":"初创型(不需要融资)","district":"海淀区","score":0,"companySize":"15-50人","companyFullName":"北京新安信息技术有限公司","adWord":0,"formatCreateTime":"2016-08-09","imState":"today","lastLogin":1472529454000,"publisherId":3946614,"explain":null,"plus":null,"pcShow":0,"appShow":0,"deliver":0,"gradeDescription":null,"businessZones":["上地","马连洼","西二旗"]},{"companyId":886,"positionName":"Android","workYear":"5-10年","education":"本科","jobNature":"全职","createTime":"2016-08-09 14:14:43","companyShortName":"美丽说","positionId":2136310,"salary":"30k-40k","approve":1,"city":"北京","positionAdvantage":"福利待遇好，发展空间大","companyLogo":"image1/M00/00/04/Cgo8PFTUWACAdXxyAAAZaJCNo0E256.png","industryField":"电子商务,移动互联网","companyLabelList":["技能培训","节日礼物","年底双薪","年度旅游"],"financeStage":"成熟型(D轮及以上)","district":"朝阳区","score":0,"companySize":"500-2000人","companyFullName":"美丽说（北京）网络科技有限公司","adWord":0,"formatCreateTime":"2016-08-09","imState":"disabled","lastLogin":1472006870000,"publisherId":1853395,"explain":null,"plus":null,"pcShow":0,"appShow":0,"deliver":0,"gradeDescription":null,"businessZones":["望京","大山子","花家地"]},{"companyId":123777,"positionName":"Android开发工程师","workYear":"1-3年","education":"本科","jobNature":"全职","createTime":"2016-08-09 11:32:04","companyShortName":"通力互联","positionId":2122557,"salary":"8k-15k","approve":0,"city":"北京","positionAdvantage":"上市公司 平台发展好 免费班车 带薪年假","companyLogo":"i/image/M00/2E/03/CgqKkVc9jmCAI8DpAAD09YLPnBk157.png","industryField":"电子商务,企业服务","companyLabelList":["绩效奖金","交通补助","定期体检","通讯津贴"],"financeStage":"成熟型(不需要融资)","district":"海淀区","score":0,"companySize":"2000人以上","companyFullName":"北京通力互联技术服务有限公司","adWord":0,"formatCreateTime":"2016-08-09","imState":"disabled","lastLogin":1470811613000,"publisherId":5080075,"explain":null,"plus":null,"pcShow":0,"appShow":0,"deliver":0,"gradeDescription":null,"businessZones":["西北旺","马连洼","上地"]}]}},"code":0}