{"success":true,"requestId":null,"msg":null,"resubmitToken":null,"content":{"pageNo":16,"pageSize":15,"positionResult":{"totalCount":8899,"resultSize":15,"locationInfo":{"queryByGisCode":false,"businessZone":null,"locationCode":null,"city":"北京","district":null},"queryAnalysisInfo":{"industryName":null,"usefulCompany":false,"positionName":"android","companyName":null},"strategyProperty":{"name":"dm-csearch-newSimScorer","id":1},"result":[{"companyId":114110,"positionName":"Android开发工程师","workYear":"1-3年","education":"本科","jobNature":"全职","financeStage":"上市公司","companyLogo":"i/image/M00/04/2B/Cgp3O1bGwzWAEAB4AAAbnMQCudk783.jpg","industryField":"移动互联网","companyShortName":"乐视","city":"北京","salary":"10k-20k","positionId":1421959,"positionAdvantage":"全员持股，研发豪车，技术大牛，发展空间大","district":"朝阳区","createTime":"2016-08-29 18:29:59","companyLabelList":["股票期权","交通补助","通讯津贴","带薪年假"],"approve":1,"companySize":"2000人以上","score":0,"companyFullName":"乐视网信息技术（北京）股份有限公司","adWord":0,"formatCreateTime":"1天前发布","publisherId":3751647,"explain":null,"plus":null,"pcShow":0,"appShow":0,"deliver":0,"gradeDescription":null,"businessZones":["石佛营","姚家园","十里堡"],"imState":"disabled","lastLogin":1472552389000},{"companyId":42899,"positionName":"Android底层工程师","workYear":"3-5年","education":"本科","jobNature":"全职","financeStage":"成熟型(C轮)","companyLogo":"image2/M00/11/69/CgqLKVYx6mCAEWmWAAA8Uo7yHIc510.jpg?cc=0.24744720198214054","industryField":"移动互联网,硬件","companyShortName":"小蚁","city":"北京","salary":"15k-30k","positionId":1520853,"positionAdvantage":"小米生态链公司，年底双薪，股票期权","district":"海淀区","createTime":"2016-08-29 18:24:09","companyLabelList":["年底双薪","节日礼物","技能培训","年度旅游"],"approve":1,"companySize":"150-500人","score":0,"companyFullName":"上海小蚁科技有限公司","adWord":0,"formatCreateTime":"1天前发布","publisherId":808170,"explain":null,"plus":null,"pcShow":0,"appShow":0,"deliver":0,"gradeDescription":null,"businessZones":["清河","小营","上地"],"imState":"today","lastLogin":1472523108000},{"companyId":133,"positionName":"Android高级工程师（直播）","workYear":"3-5年","education":"本科","jobNature":"全职","financeStage":"上市公司","companyLogo":"image1/M00/39/70/CgYXBlWo3nqABJTsAADJ3hn5gmE062.jpg","industryField":"移动互联网,信息安全","companyShortName":"猎豹移动","city":"北京","salary":"20k-30k","positionId":2211527,"positionAdvantage":"15天带薪年假、七险一金、GEEK办公区","district":"朝阳区","createTime":"2016-08-29 16:07:44","companyLabelList":["带薪年假","美女前台","超赞年终奖","一公里工作圈"],"approve":1,"companySize":"500-2000人","score":0,"companyFullName":"北京金山网络科技有限公司","adWord":0,"formatCreateTime":"1天前发布","publisherId":1683905,"explain":null,"plus":null,"pcShow":0,"appShow":0,"deliver":0,"gradeDescription":null,"businessZones":["姚家园","十里堡","高碑店"],"imState":"today","lastLogin":1472557018000},{"companyId":28362,"positionName":"Android工程师","workYear":"应届毕业生","education":"本科","jobNature":"全职","financeStage":"初创型(未融资)","companyLogo":"image1/M00/00/3E/CgYXBlTUXLyAJ9gFAABMZe-vDQA848.jpg","industryField":"移动互联网","companyShortName":"北京海顿中科技术有限公司","city":"北京","salary":"6k-9k","positionId":1037435,"positionAdvantage":"六险一金、餐补、早餐、团建、年度出游","district":"海淀区","createTime":"2016-08-29 16:04:52","companyLabelList":["绩效奖金","午餐补助","提供早餐","高额公积金"],"approve":1,"companySize":"50-150人","score":0,"companyFullName":"北京海顿新科技术股份有限公司","adWord":0,"formatCreateTime":"1天前发布","publisherId":373109,"explain":null,"plus":null,"pcShow":0,"appShow":0,"deliver":0,"gradeDescription":null,"businessZones":["马甸","北太平庄","牡丹园"],"imState":"disabled","lastLogin":1470379160000},{"companyId":37099,"positionName":"Android","workYear":"5-10年","education":"本科","jobNature":"全职","financeStage":"上市公司","companyLogo":"i/image/M00/03/3B/Cgp3O1awdYKAaopbAABFI3RQsu4671.png","industryField":"移动互联网","companyShortName":"百度","city":"北京","salary":"20k-40k","positionId":1940046,"positionAdvantage":"一线互联网公司","district":"海淀区","createTime":"2016-08-29 16:03:34","companyLabelList":["弹性工作","五险一金","节日礼物","带薪年假"],"approve":0,"companySize":"2000人以上","score":0,"companyFullName":"百度时代网络技术(北京)有限公司","adWord":0,"formatCreateTime":"1天前发布","publisherId":5253239,"explain":null,"plus":null,"pcShow":0,"appShow":0,"deliver":0,"gradeDescription":null,"businessZones":["西北旺","马连洼","上地"],"imState":"today","lastLogin":1472543900000},{"companyId":5832,"positionName":"微博Android客户端研发工程师","workYear":"1-3年","education":"大专","jobNature":"全职","financeStage":"上市公司","companyLogo":"image1/M00/00/0D/CgYXBlTUWCCAdkhOAABNgyvZQag818.jpg","industryField":"移动互联网","companyShortName":"新浪微博","city":"北京","salary":"20k-40k","positionId":1087775,"positionAdvantage":"亿级用户，每年涨薪升职级！福利多多！","district":"海淀区","createTime":"2016-08-29 15:52:20","companyLabelList":["年底双薪","专项奖金","股票期权","五险一金"],"approve":0,"companySize":"2000人以上","score":0,"companyFullName":"微梦创科网络科技（中国）有限公司","adWord":0,"formatCreateTime":"1天前发布","publisherId":92641,"explain":null,"plus":null,"pcShow":0,"appShow":0,"deliver":0,"gradeDescription":null,"businessZones":["西北旺","马连洼","上地"],"imState":"disabled","lastLogin":1472556226000},{"companyId":70824,"positionName":"Android","workYear":"1-3年","education":"本科","jobNature":"全职","financeStage":"初创型(天使轮)","companyLogo":"i/image/M00/30/8E/CgqKkVdGvL6AdcnbAAAQZs58UU0506.jpg","industryField":"移动互联网,其他","companyShortName":"东方波尔公司","city":"北京","salary":"6k-12k","positionId":1878766,"positionAdvantage":"五险一金、弹性工作；环境优美；人性化管理","district":"海淀区","createTime":"2016-08-29 15:52:09","companyLabelList":["技能培训","免费班车","专项奖金","股票期权"],"approve":1,"companySize":"15-50人","score":0,"companyFullName":"北京东方波尔科技有限公司","adWord":0,"formatCreateTime":"1天前发布","publisherId":5126862,"explain":null,"plus":null,"pcShow":0,"appShow":0,"deliver":0,"gradeDescription":null,"businessZones":["西北旺"],"imState":"disabled","lastLogin":1472540763000},{"companyId":47893,"positionName":"高级Android开发工程师","workYear":"3-5年","education":"本科","jobNature":"全职","financeStage":"初创型(未融资)","companyLogo":"image1/M00/09/08/CgYXBlTZo0WAWSFcAABQ9yAIRqY085.png","industryField":"移动互联网","companyShortName":"极视","city":"北京","salary":"15k-18k","positionId":1838340,"positionAdvantage":"绩效奖金、年终奖、晋升空间","district":null,"createTime":"2016-08-29 15:49:10","companyLabelList":["技能培训","年底双薪","节日礼物","绩效奖金"],"approve":0,"companySize":"少于15人","score":0,"companyFullName":"北京极视科技有限公司","adWord":0,"formatCreateTime":"1天前发布","publisherId":1312797,"explain":null,"plus":null,"pcShow":0,"appShow":0,"deliver":0,"gradeDescription":null,"businessZones":null,"imState":"disabled","lastLogin":1472519148000},{"companyId":135909,"positionName":"Android开发工程师","workYear":"3-5年","education":"大专","jobNature":"全职","financeStage":"成长型(B轮)","companyLogo":"i/image/M00/3B/B4/CgqKkVdspSmAcX_UAAA7H3WTQug690.png","industryField":"电子商务,O2O","companyShortName":"亿蜂网","city":"北京","salary":"8k-10k","positionId":2300305,"positionAdvantage":"领导好,工作环境好,节日礼品,妹子多","district":"海淀区","createTime":"2016-08-29 15:43:53","companyLabelList":["带薪年假","领导好","五险一金","绩效奖金"],"approve":0,"companySize":"50-150人","score":0,"companyFullName":"北京瑞克博云科技有限公司","adWord":0,"formatCreateTime":"1天前发布","publisherId":5763858,"explain":null,"plus":null,"pcShow":0,"appShow":0,"deliver":0,"gradeDescription":null,"businessZones":["上地","西北旺","马连洼"],"imState":"today","lastLogin":1472534747000},{"companyId":1662,"positionName":"高级Android开发工程师","workYear":"3-5年","education":"本科","jobNature":"全职","financeStage":"成熟型(C轮)","companyLogo":"image1/M00/00/06/Cgo8PFTUWAWAITvVAAAniYBJ4Lc269.jpg","industryField":"移动互联网,电子商务","companyShortName":"大麦网","city":"北京","salary":"18k-28k","positionId":2196175,"positionAdvantage":"绩效奖金 五险一金 演出票福利","district":"东城区","createTime":"2016-08-29 15:41:39","companyLabelList":["绩效奖金","年底双薪","五险一金","带薪年假"],"approve":1,"companySize":"500-2000人","score":0,"companyFullName":"北京红马传媒文化发展有限公司","adWord":0,"formatCreateTime":"1天前发布","publisherId":3046212,"explain":null,"plus":null,"pcShow":0,"appShow":0,"deliver":0,"gradeDescription":null,"businessZones":["东直门","海运仓","三里屯"],"imState":"today","lastLogin":1472542169000},{"companyId":142659,"positionName":"Android","workYear":"1-3年","education":"大专","jobNature":"全职","financeStage":"初创型(天使轮)","companyLogo":"i/image/M00/4C/E0/Cgp3O1ekGZaAKGYDAAARVLQt_qg659.jpg","industryField":"移动互联网,O2O","companyShortName":"骑待","city":"北京","salary":"9k-12k","positionId":2300241,"positionAdvantage":"高速发展移动电商","district":"海淀区","createTime":"2016-08-29 15:36:56","companyLabelList":null,"approve":0,"companySize":"少于15人","score":0,"companyFullName":"北京趣骑科技有限公司","adWord":0,"formatCreateTime":"1天前发布","publisherId":1586923,"explain":null,"plus":null,"pcShow":0,"appShow":0,"deliver":0,"gradeDescription":null,"businessZones":["清河"],"imState":"today","lastLogin":1472564875000},{"companyId":60123,"positionName":"Android 系统研发工程师","workYear":"5-10年","education":"本科","jobNature":"全职","financeStage":"成长型(B轮)","companyLogo":"image1/M00/3E/36/Cgo8PFW7F9KAQG3wAAAfjJyZUjM451.jpg","industryField":"移动互联网","companyShortName":"暴风魔镜","city":"北京","salary":"18k-35k","positionId":894155,"positionAdvantage":"井喷式爆发行业等你挑战","district":"海淀区","createTime":"2016-08-29 15:36:31","companyLabelList":["股票期权","季度奖金","美女如云","扁平管理"],"approve":1,"companySize":"500-2000人","score":0,"companyFullName":"北京暴风魔镜科技有限公司","adWord":0,"formatCreateTime":"1天前发布","publisherId":275425,"explain":null,"plus":null,"pcShow":0,"appShow":0,"deliver":0,"gradeDescription":null,"businessZones":["学院路","五道口","北航"],"imState":"today","lastLogin":1472525033000},{"companyId":117160,"positionName":"Android中级开发工程师","workYear":"3-5年","education":"本科","jobNature":"全职","financeStage":"初创型(未融资)","companyLogo":"i/image/M00/0B/16/Cgp3O1bVYG-AcP8WAAAnOzfQaDY635.jpg","industryField":"移动互联网,文化娱乐","companyShortName":"嗨球科技","city":"北京","salary":"15k-25k","positionId":2142789,"positionAdvantage":"五险一金,贴心福利,工作氛围好,有前途","district":"朝阳区","createTime":"2016-08-29 15:32:14","companyLabelList":["股票期权","绩效奖金","年终分红","体育APP"],"approve":0,"companySize":"50-150人","score":0,"companyFullName":"北京嗨球科技有限公司","adWord":0,"formatCreateTime":"1天前发布","publisherId":4266300,"explain":null,"plus":null,"pcShow":0,"appShow":0,"deliver":0,"gradeDescription":null,"businessZones":["大望路","红庙","华贸"],"imState":"sevenDays","lastLogin":1472200044000},{"companyId":141955,"positionName":"Android开发高级工程师","workYear":"1-3年","education":"本科","jobNature":"全职","financeStage":"成熟型(C轮)","companyLogo":"i/image/M00/4B/D2/CgqKkVegeLWAAIn7AAAJM5vZ2ts950.png","industryField":"移动互联网,O2O","companyShortName":"嘀嗒拼车","city":"北京","salary":"20k-30k","positionId":2189474,"positionAdvantage":"团推一流 福利够好","district":"朝阳区","createTime":"2016-08-29 15:26:42","companyLabelList":["绩效奖金","年底双薪","交通补助","管理规范"],"approve":1,"companySize":"50-150人","score":0,"companyFullName":"拼途（北京）信息技术有限公司","adWord":0,"formatCreateTime":"1天前发布","publisherId":5814504,"explain":null,"plus":null,"pcShow":0,"appShow":0,"deliver":0,"gradeDescription":null,"businessZones":["望京","大山子","花家地"],"imState":"today","lastLogin":1472560033000},{"companyId":28818,"positionName":"Android","workYear":"3-5年","education":"本科","jobNature":"全职","financeStage":"上市公司","companyLogo":"image1/M00/00/3F/CgYXBlTUXMOADN_rAADQYzTeBQE385.jpg","industryField":"移动互联网,企业服务","companyShortName":"畅捷通","city":"北京","salary":"14k-24k","positionId":2281377,"positionAdvantage":"免费班车、节日福利、奖金、餐补、股权","district":"海淀区","createTime":"2016-08-29 15:06:26","companyLabelList":["技能培训","节日礼物","绩效奖金","岗位晋升"],"approve":1,"companySize":"500-2000人","score":0,"companyFullName":"畅捷通信息技术股份有限公司","adWord":0,"formatCreateTime":"1天前发布","publisherId":4868129,"explain":null,"plus":null,"pcShow":0,"appShow":0,"deliver":0,"gradeDescription":null,"businessZones":["西北旺"],"imState":"threeDays","lastLogin":1472460919000}]}},"code":0}