{"resubmitToken":null,"success":true,"requestId":null,"msg":null,"content":{"pageNo":88,"pageSize":15,"positionResult":{"totalCount":8899,"resultSize":15,"locationInfo":{"city":"北京","district":null,"businessZone":null,"queryByGisCode":false,"locationCode":null},"queryAnalysisInfo":{"positionName":"android","companyName":null,"industryName":null,"usefulCompany":false},"strategyProperty":{"name":"dm-csearch-newSimScorer","id":1},"result":[{"companyId":37446,"positionName":"Android 技术Leader/Android高级开发工程师","workYear":"3-5年","education":"本科","jobNature":"全职","createTime":"2016-07-18 22:45:52","companyShortName":"APUS Group","positionId":264681,"salary":"20k-40k","approve":1,"city":"北京","positionAdvantage":"晋升机会、培训机会、扁平管理、团建丰富","companyLogo":"i/image/M00/07/29/Cgp3O1bNqgmAYsxmAAAbczUqngM394.png","industryField":"移动互联网","companyLabelList":["技能培训","节日礼物","丰富的团建","扁平管理"],"financeStage":"成长型(B轮)","district":"朝阳区","score":0,"companySize":"50-150人","companyFullName":"北京麒麟合盛科技有限公司","adWord":0,"formatCreateTime":"2016-07-18","imState":"threeDays","lastLogin":1472437039000,"publisherId":665090,"explain":null,"plus":null,"pcShow":0,"appShow":0,"deliver":0,"gradeDescription":null,"businessZones":["望京","大山子","花家地"]},{"companyId":60312,"positionName":"Android","workYear":"1-3年","education":"本科","jobNature":"全职","createTime":"2016-07-18 13:43:59","companyShortName":"掌智在线","positionId":1922266,"salary":"7k-14k","approve":0,"city":"北京","positionAdvantage":"广阔的发展空间，移动金融行业","companyLogo":"images/logo_default.png","industryField":"移动互联网,金融","companyLabelList":["技能培训","年底双薪","岗位晋升","定期体检"],"financeStage":"初创型(未融资)","district":"朝阳区","score":0,"companySize":"15-50人","companyFullName":"掌智在线科技(北京)有限公司","adWord":0,"formatCreateTime":"2016-07-18","imState":"today","lastLogin":1472516864000,"publisherId":1516695,"explain":null,"plus":null,"pcShow":0,"appShow":0,"deliver":0,"gradeDescription":null,"businessZones":["建外大街","国贸","CBD"]},{"companyId":9261,"positionName":"Android研发工程师","workYear":"3-5年","education":"本科","jobNature":"全职","createTime":"2016-07-15 17:51:14","companyShortName":"百度","positionId":2104912,"salary":"20k-40k","approve":0,"city":"北京","positionAdvantage":"平台大 大牛多 弹性工作制","companyLogo":"image1/M00/3D/D2/CgYXBlW5q4qASA_KAAAMXmcC_Zk290.jpg?cc=0.2853215398595885","industryField":"移动互联网","companyLabelList":["年假","技能培训","节日礼物","岗位晋升"],"financeStage":"上市公司","district":null,"score":0,"companySize":"2000人以上","companyFullName":"百度（中国）有限公司","adWord":0,"formatCreateTime":"2016-07-15","imState":"disabled","lastLogin":1468894363000,"publisherId":5117993,"explain":null,"plus":null,"pcShow":0,"appShow":0,"deliver":0,"gradeDescription":null,"businessZones":null},{"companyId":15455,"positionName":"高级Android开发工程师","workYear":"1-3年","education":"不限","jobNature":"全职","createTime":"2016-07-15 17:19:47","companyShortName":"eBest","positionId":236346,"salary":"8k-10k","approve":0,"city":"北京","positionAdvantage":"云销售产品 大数据","companyLogo":"image1/M00/00/1D/Cgo8PFTUWGOACOS2AACcr4EH85k624.png","industryField":"移动互联网,数据服务","companyLabelList":["移动终端","移动互联网"],"financeStage":"成熟型(D轮及以上)","district":"朝阳区","score":0,"companySize":"150-500人","companyFullName":"上海意贝斯特信息技术有限公司","adWord":0,"formatCreateTime":"2016-07-15","imState":"overSevenDays","lastLogin":1471947649000,"publisherId":180795,"explain":null,"plus":null,"pcShow":0,"appShow":0,"deliver":0,"gradeDescription":null,"businessZones":["大望路","华贸","红庙"]},{"companyId":4836,"positionName":"Android","workYear":"5-10年","education":"本科","jobNature":"全职","createTime":"2016-07-15 16:35:56","companyShortName":"京东商城","positionId":1939679,"salary":"18k-30k","approve":1,"city":"北京","positionAdvantage":"期权奖励，弹性工作、班车","companyLogo":"image2/M00/07/C8/CgpzWlYAsfGATpk7AAAJkGWG2kk774.png?cc=0.19381895544938743","industryField":"电子商务","companyLabelList":["技能培训","年底双薪","节日礼物","绩效奖金"],"financeStage":"上市公司","district":"大兴区","score":0,"companySize":"2000人以上","companyFullName":"北京京东尚科信息技术有限公司","adWord":0,"formatCreateTime":"2016-07-15","imState":"overSevenDays","lastLogin":1471831847000,"publisherId":3579579,"explain":null,"plus":null,"pcShow":0,"appShow":0,"deliver":0,"gradeDescription":null,"businessZones":null},{"companyId":139260,"positionName":"Android","workYear":"3-5年","education":"本科","jobNature":"全职","createTime":"2016-07-15 16:04:58","companyShortName":"飞域科技","positionId":2103889,"salary":"10k-15k","approve":0,"city":"北京","positionAdvantage":"带薪年假.领导nice.公司氛围好.福利待遇好","companyLogo":"i/image/M00/45/86/Cgp3O1eIlfGABWAAAAEpeQ_wr00329.jpg","industryField":"移动互联网","companyLabelList":null,"financeStage":"初创型(天使轮)","district":"海淀区","score":0,"companySize":"15-50人","companyFullName":"北京飞域科技有限公司","adWord":0,"formatCreateTime":"2016-07-15","imState":"disabled","lastLogin":1472026023000,"publisherId":5636641,"explain":null,"plus":null,"pcShow":0,"appShow":0,"deliver":0,"gradeDescription":null,"businessZones":["公主坟","万寿路"]},{"companyId":1870,"positionName":"Android工程师","workYear":"3-5年","education":"本科","jobNature":"全职","createTime":"2016-07-15 10:45:15","companyShortName":"umeng","positionId":877122,"salary":"20k-25k","approve":1,"city":"北京","positionAdvantage":"最专业最有数据凝聚力的移动开发者服务平台","companyLogo":"i/image/M00/25/AF/CgqKkVcfLMKAcgUhAAB28bgGWpQ747.jpg","industryField":"移动互联网,社交网络","companyLabelList":["绩效奖金","股票期权","五险一金","带薪年假"],"financeStage":"成长型(不需要融资)","district":"海淀区","score":0,"companySize":"150-500人","companyFullName":"友盟同欣(北京)科技有限公司","adWord":0,"formatCreateTime":"2016-07-15","imState":"disabled","lastLogin":1472106413000,"publisherId":2002233,"explain":null,"plus":null,"pcShow":0,"appShow":0,"deliver":0,"gradeDescription":null,"businessZones":["北太平庄","健翔桥"]},{"companyId":1101,"positionName":"Android开发经理","workYear":"3-5年","education":"本科","jobNature":"全职","createTime":"2016-07-14 15:49:23","companyShortName":"暴风影音","positionId":2098179,"salary":"15k-30k","approve":1,"city":"北京","positionAdvantage":"上市公司","companyLogo":"image2/M00/02/0C/CgqLKVXmqjiAaeEZAAAeKXFs1hs950.jpg","industryField":"文化娱乐","companyLabelList":["绩效奖金","股票期权","专项奖金","年底双薪"],"financeStage":"上市公司","district":"海淀区","score":0,"companySize":"2000人以上","companyFullName":"暴风影音","adWord":0,"formatCreateTime":"2016-07-14","imState":"disabled","lastLogin":1468554094000,"publisherId":3814319,"explain":null,"plus":null,"pcShow":0,"appShow":0,"deliver":0,"gradeDescription":null,"businessZones":["学院路","北航","知春路"]},{"companyId":65398,"positionName":"Android开发工程师","workYear":"3-5年","education":"大专","jobNature":"全职","createTime":"2016-07-14 13:45:45","companyShortName":"嘉运通成","positionId":970702,"salary":"7k-14k","approve":0,"city":"北京","positionAdvantage":"五险一金、带薪年假、绩效奖金、加班补助","companyLogo":"image1/M00/41/CC/CgYXBlXJmoeAZhBIAAB1QqKIjoA774.jpg","industryField":"移动互联网","companyLabelList":["技能培训","节日礼物","绩效奖金","领导好"],"financeStage":"初创型(不需要融资)","district":"东城区","score":0,"companySize":"15-50人","companyFullName":"北京嘉运通成科技有限公司","adWord":0,"formatCreateTime":"2016-07-14","imState":"overSevenDays","lastLogin":1468475120000,"publisherId":2231654,"explain":null,"plus":null,"pcShow":0,"appShow":0,"deliver":0,"gradeDescription":null,"businessZones":["朝阳门","朝外","东四"]},{"companyId":71553,"positionName":"Android","workYear":"5-10年","education":"本科","jobNature":"全职","createTime":"2016-07-14 13:31:03","companyShortName":"东方联星","positionId":1920009,"salary":"15k-30k","approve":1,"city":"北京","positionAdvantage":"竞争力的薪酬 上升空间","companyLogo":"image1/M00/28/3D/CgYXBlVetGaAFm9zAABRMG7J3ns859.png","industryField":"硬件,其他","companyLabelList":["节日礼物","年度旅游","五险一金","交通补助"],"financeStage":"成长型(不需要融资)","district":"海淀区","score":0,"companySize":"150-500人","companyFullName":"北京东方联星科技有限公司","adWord":0,"formatCreateTime":"2016-07-14","imState":"overSevenDays","lastLogin":1468818668000,"publisherId":5259063,"explain":null,"plus":null,"pcShow":0,"appShow":0,"deliver":0,"gradeDescription":null,"businessZones":["西二旗","上地","马连洼"]},{"companyId":381,"positionName":"Android开发工程师","workYear":"1-3年","education":"本科","jobNature":"全职","createTime":"2016-07-14 12:00:04","companyShortName":"豆瓣网","positionId":433716,"salary":"15k-30k","approve":1,"city":"北京","positionAdvantage":"五险一金、带薪年假、补充医疗","companyLogo":"image1/M00/00/03/Cgo8PFTUV_mAInGTAACKXnkybp0557.png","industryField":"移动互联网","companyLabelList":["年底双薪","节日礼物","股票期权","带薪年假"],"financeStage":"成熟型(C轮)","district":"朝阳区","score":0,"companySize":"150-500人","companyFullName":"北京豆网科技有限公司","adWord":0,"formatCreateTime":"2016-07-14","imState":"today","lastLogin":1472537667000,"publisherId":97692,"explain":null,"plus":null,"pcShow":0,"appShow":0,"deliver":0,"gradeDescription":null,"businessZones":["将台路","大山子"]},{"companyId":131530,"positionName":"Android开发工程师","workYear":"1-3年","education":"本科","jobNature":"全职","createTime":"2016-07-14 11:39:03","companyShortName":"乐视致新电子商务有限公司","positionId":2096234,"salary":"10k-15k","approve":0,"city":"北京","positionAdvantage":"全员持股，技术大牛，轻松优美的办公环境","companyLogo":"i/image/M00/30/4A/CgqKkVdF5ZqASMJdAAAVhkMvQXY933.jpg","industryField":"硬件,电子商务","companyLabelList":["股票期权","带薪年假","通讯津贴","午餐补助"],"financeStage":"上市公司","district":"朝阳区","score":0,"companySize":"2000人以上","companyFullName":"乐视致新电子商务有限公司","adWord":0,"formatCreateTime":"2016-07-14","imState":"overSevenDays","lastLogin":1470116680000,"publisherId":5621189,"explain":null,"plus":null,"pcShow":0,"appShow":0,"deliver":0,"gradeDescription":null,"businessZones":["国贸","CBD","东大桥"]},{"companyId":25190,"positionName":"Android","workYear":"1-3年","education":"本科","jobNature":"全职","createTime":"2016-07-14 11:21:13","companyShortName":"蓝色轨迹","positionId":1008462,"salary":"15k-25k","approve":1,"city":"北京","positionAdvantage":"团队靠谱 产品靠谱","companyLogo":"image1/M00/43/C4/CgYXBlXS0E2AVoCWAACIqxtvnw4076.png","industryField":"移动互联网,社交网络","companyLabelList":null,"financeStage":"成长型(A轮)","district":"海淀区","score":0,"companySize":"15-50人","companyFullName":"北京蓝色轨迹科技有限公司","adWord":0,"formatCreateTime":"2016-07-14","imState":"disabled","lastLogin":1469078990000,"publisherId":301458,"explain":null,"plus":null,"pcShow":0,"appShow":0,"deliver":0,"gradeDescription":null,"businessZones":["北京大学","中关村","苏州街"]},{"companyId":125908,"positionName":"Android中高级开发","workYear":"3-5年","education":"大专","jobNature":"全职","createTime":"2016-07-14 11:17:44","companyShortName":"追求极致功能和交互体验的产品","positionId":1734401,"salary":"10k-20k","approve":0,"city":"北京","positionAdvantage":"产品强大，你和产品一起成长优秀卓越。","companyLogo":"i/image/M00/23/37/CgqKkVcXA0OAKDrjAACxNgEM-Zk901.png","industryField":"移动互联网,社交网络","companyLabelList":null,"financeStage":"初创型(未融资)","district":"朝阳区","score":0,"companySize":"15-50人","companyFullName":"北京通博树软件开发有限公司","adWord":0,"formatCreateTime":"2016-07-14","imState":"overSevenDays","lastLogin":1469174775000,"publisherId":4862289,"explain":null,"plus":null,"pcShow":0,"appShow":0,"deliver":0,"gradeDescription":null,"businessZones":["酒仙桥","大山子","将台路"]},{"companyId":83756,"positionName":"Android开发经理","workYear":"3-5年","education":"本科","jobNature":"全职","createTime":"2016-07-14 11:15:46","companyShortName":"海象世纪","positionId":901398,"salary":"20k-30k","approve":1,"city":"北京","positionAdvantage":"扁平管理氛围好，下午茶、团建，13~18薪","companyLogo":"i/image/M00/39/97/Cgp3O1dngLiAbdyYAAAKz9-A98g308.jpg","industryField":"移动互联网,金融","companyLabelList":null,"financeStage":"成熟型(不需要融资)","district":"朝阳区","score":0,"companySize":"2000人以上","companyFullName":"北京海象世纪信息服务有限公司","adWord":0,"formatCreateTime":"2016-07-14","imState":"today","lastLogin":1472556132000,"publisherId":2144998,"explain":null,"plus":null,"pcShow":0,"appShow":0,"deliver":0,"gradeDescription":null,"businessZones":["双井","劲松","广渠门"]}]}},"code":0}