{"success":true,"requestId":null,"resubmitToken":null,"msg":null,"content":{"pageNo":66,"pageSize":15,"positionResult":{"resultSize":15,"totalCount":8899,"locationInfo":{"businessZone":null,"queryByGisCode":false,"locationCode":null,"city":"北京","district":null},"queryAnalysisInfo":{"industryName":null,"usefulCompany":false,"positionName":"android","companyName":null},"strategyProperty":{"name":"dm-csearch-newSimScorer","id":1},"result":[{"formatCreateTime":"2016-08-15","createTime":"2016-08-15 15:32:14","companyId":6492,"positionName":"Android资深研发工程师","education":"本科","city":"北京","positionId":208845,"financeStage":"成长型(不需要融资)","companyShortName":"我在找你","companyLogo":"i/image/M00/02/E9/CgqKkVaglV6Aa0pLAAAY72Z0r1E154.png","salary":"15k-25k","industryField":"移动互联网,社交网络","district":"海淀区","companyLabelList":["绩效奖金","专项奖金","五险一金","通讯津贴"],"positionAdvantage":"法定假期 五险一金 尊重技术 靠近地铁","jobNature":"全职","workYear":"3-5年","approve":1,"score":0,"companySize":"150-500人","businessZones":["中关村","双榆树","人民大学"],"imState":"overSevenDays","lastLogin":1471591322000,"publisherId":67166,"explain":null,"plus":null,"pcShow":0,"appShow":0,"deliver":0,"gradeDescription":null,"companyFullName":"北京我在找你信息服务有限公司","adWord":0},{"formatCreateTime":"2016-08-15","createTime":"2016-08-15 14:52:11","companyId":126923,"positionName":"Android工程师","education":"大专","city":"北京","positionId":2238694,"financeStage":"成长型(不需要融资)","companyShortName":"汇金行","companyLogo":"i/image/M00/25/8A/CgqKkVce_mOAdPjwAAEmwpZzeaY985.png","salary":"10k-15k","industryField":"移动互联网,电子商务","district":null,"companyLabelList":null,"positionAdvantage":"晋升空间 氛围轻松 美女如云 年终奖金","jobNature":"全职","workYear":"1-3年","approve":1,"score":0,"companySize":"150-500人","businessZones":null,"imState":"disabled","lastLogin":1472464368000,"publisherId":4812003,"explain":null,"plus":null,"pcShow":0,"appShow":0,"deliver":0,"gradeDescription":null,"companyFullName":"北京汇金行信息科技有限公司","adWord":0},{"formatCreateTime":"2016-08-15","createTime":"2016-08-15 14:51:13","companyId":71838,"positionName":"Android开发工程师","education":"本科","city":"北京","positionId":2077052,"financeStage":"初创型(不需要融资)","companyShortName":"网信通新融","companyLogo":"images/logo_default.png","salary":"15k-25k","industryField":"移动互联网,其他","district":null,"companyLabelList":["餐补交补","年底三薪","弹性工作"],"positionAdvantage":"十四薪 弹性工作 餐补交通补 气氛活跃","jobNature":"全职","workYear":"3-5年","approve":0,"score":0,"companySize":"15-50人","businessZones":null,"imState":"today","lastLogin":1472518801000,"publisherId":1729676,"explain":null,"plus":null,"pcShow":0,"appShow":0,"deliver":0,"gradeDescription":null,"companyFullName":"北京网信通新融技术服务有限公司","adWord":0},{"formatCreateTime":"2016-08-15","createTime":"2016-08-15 14:11:02","companyId":8103,"positionName":"Android","education":"本科","city":"北京","positionId":2238206,"financeStage":"上市公司","companyShortName":"汽车之家","companyLogo":"i/image/M00/01/80/CgqKkVZuPraAN3O6AACFeBgN7dY620.jpg","salary":"15k-25k","industryField":"移动互联网,文化娱乐","district":"海淀区","companyLabelList":["技能培训","节日礼物","带薪年假","绩效奖金"],"positionAdvantage":"足够强大的团队！","jobNature":"全职","workYear":"3-5年","approve":1,"score":0,"companySize":"2000人以上","businessZones":["中关村","苏州街","苏州桥"],"imState":"today","lastLogin":1472549320000,"publisherId":4391955,"explain":null,"plus":null,"pcShow":0,"appShow":0,"deliver":0,"gradeDescription":null,"companyFullName":"北京车之家信息技术有限公司","adWord":0},{"formatCreateTime":"2016-08-15","createTime":"2016-08-15 13:24:56","companyId":21672,"positionName":"Android","education":"大专","city":"北京","positionId":2237858,"financeStage":"初创型(未融资)","companyShortName":"华泰","companyLogo":"image1/M00/00/28/CgYXBlTUWI2AA-AlAABfzyfpyFk103.jpg","salary":"15k-25k","industryField":"电子商务","district":"朝阳区","companyLabelList":["年终分红","五险一金","午餐补助","岗位晋升"],"positionAdvantage":"弹性时间制、云集技术大牛 、平台稳定上升","jobNature":"全职","workYear":"3-5年","approve":0,"score":0,"companySize":"2000人以上","businessZones":["东小口","立水桥","天通苑"],"imState":"today","lastLogin":1472522264000,"publisherId":5117961,"explain":null,"plus":null,"pcShow":0,"appShow":0,"deliver":0,"gradeDescription":null,"companyFullName":"华泰汽车","adWord":0},{"formatCreateTime":"2016-08-15","createTime":"2016-08-15 13:18:44","companyId":20951,"positionName":"Android开发工程师","education":"本科","city":"北京","positionId":2088513,"financeStage":"上市公司","companyShortName":"NeuLion中国","companyLogo":"image1/M00/00/26/CgYXBlTUWIaAAF2mAACDhCf38o0864.jpg","salary":"10k-20k","industryField":"移动互联网,文化娱乐","district":"朝阳区","companyLabelList":["股票期权","年底双薪","五险一金","带薪年假"],"positionAdvantage":"五险一金，年底双薪，饭补，带薪年假","jobNature":"全职","workYear":"1-3年","approve":1,"score":0,"companySize":"50-150人","businessZones":["安慧桥","亚运村","奥运村"],"imState":"today","lastLogin":1472530439000,"publisherId":240601,"explain":null,"plus":null,"pcShow":0,"appShow":0,"deliver":0,"gradeDescription":null,"companyFullName":"新诗信息科技（上海）有限公司","adWord":0},{"formatCreateTime":"2016-08-15","createTime":"2016-08-15 13:05:39","companyId":8514,"positionName":"Android工程师（实习生）","education":"本科","city":"北京","positionId":2237776,"financeStage":"成长型(B轮)","companyShortName":"优朋普乐","companyLogo":"image1/M00/2B/38/Cgo8PFVu6h2AT4TIAAB2Ss9czr4284.jpg","salary":"3k-4k","industryField":"文化娱乐","district":"朝阳区","companyLabelList":["五险一金","带薪年假","节日礼物","弹性工作"],"positionAdvantage":"一对一带教 带薪实习","jobNature":"实习","workYear":"不限","approve":1,"score":0,"companySize":"500-2000人","businessZones":["高碑店","定福庄","管庄"],"imState":"today","lastLogin":1472548522000,"publisherId":5156900,"explain":null,"plus":null,"pcShow":0,"appShow":0,"deliver":0,"gradeDescription":null,"companyFullName":"北京优朋普乐科技有限公司","adWord":0},{"formatCreateTime":"2016-08-15","createTime":"2016-08-15 12:34:30","companyId":119601,"positionName":"Android","education":"本科","city":"北京","positionId":1601761,"financeStage":"成熟型(不需要融资)","companyShortName":"九州证券","companyLogo":"i/image/M00/14/31/CgqKkVbo8ViACCrGAAAUtDbP7rg990.jpg","salary":"20k-25k","industryField":"金融","district":"朝阳区","companyLabelList":["交通补助","通讯津贴","定期体检","带薪年假"],"positionAdvantage":"七险一金 年度体检 免费健身房 有氧办公等","jobNature":"全职","workYear":"不限","approve":0,"score":0,"companySize":"500-2000人","businessZones":["奥运村","北苑","大屯"],"imState":"today","lastLogin":1472518084000,"publisherId":4538843,"explain":null,"plus":null,"pcShow":0,"appShow":0,"deliver":0,"gradeDescription":null,"companyFullName":"九州证券股份有限公司","adWord":0},{"formatCreateTime":"2016-08-15","createTime":"2016-08-15 11:59:59","companyId":46264,"positionName":"Android开发高级工程师","education":"本科","city":"北京","positionId":1989625,"financeStage":"成长型(A轮)","companyShortName":"校内外","companyLogo":"image1/M00/2A/70/Cgo8PFVr78qAJ6yRAACBKIrHW3c844.png","salary":"15k-25k","industryField":"移动互联网,教育","district":null,"companyLabelList":["带薪年假","定期体检","五险一金","午餐补助"],"positionAdvantage":"六险一金 弹性工作 领导好","jobNature":"全职","workYear":"3-5年","approve":1,"score":0,"companySize":"150-500人","businessZones":null,"imState":"threeDays","lastLogin":1472457520000,"publisherId":1435402,"explain":null,"plus":null,"pcShow":0,"appShow":0,"deliver":0,"gradeDescription":null,"companyFullName":"北京易连忆生科技有限公司","adWord":0},{"formatCreateTime":"2016-08-15","createTime":"2016-08-15 11:43:21","companyId":62394,"positionName":"Android","education":"不限","city":"北京","positionId":2171850,"financeStage":"成长型(A轮)","companyShortName":"插坐学院","companyLogo":"i/image/M00/31/D9/CgqKkVdMWiGAUtw-AABfTDmwpJ0312.jpg","salary":"15k-25k","industryField":"移动互联网","district":"朝阳区","companyLabelList":["扁平管理","领导好","交通补助","弹性工作"],"positionAdvantage":"核心岗位,办公环境好,节日福利,发展空间大","jobNature":"全职","workYear":"不限","approve":1,"score":0,"companySize":"15-50人","businessZones":["CBD","国贸"],"imState":"today","lastLogin":1472542672000,"publisherId":5805393,"explain":null,"plus":null,"pcShow":0,"appShow":0,"deliver":0,"gradeDescription":null,"companyFullName":"插坐科技（北京）有限公司","adWord":0},{"formatCreateTime":"2016-08-15","createTime":"2016-08-15 11:06:51","companyId":66692,"positionName":"Android开发工程师","education":"大专","city":"北京","positionId":2018100,"financeStage":"初创型(天使轮)","companyShortName":"东行盛世","companyLogo":"image1/M00/22/47/Cgo8PFVAgymAP45XAAC1P8GMY38832.jpg","salary":"5k-8k","industryField":"移动互联网","district":"海淀区","companyLabelList":["股票期权","带薪年假","岗位晋升","年度旅游"],"positionAdvantage":"年轻人，我们一起来做点有意义的事情吧","jobNature":"全职","workYear":"1-3年","approve":1,"score":0,"companySize":"15-50人","businessZones":["北下关","交通大学","西直门"],"imState":"disabled","lastLogin":1471230399000,"publisherId":1638001,"explain":null,"plus":null,"pcShow":0,"appShow":0,"deliver":0,"gradeDescription":null,"companyFullName":"北京东行盛世科技发展有限公司","adWord":0},{"formatCreateTime":"2016-08-15","createTime":"2016-08-15 10:50:26","companyId":8332,"positionName":"安卓恶意代码分析师","education":"本科","city":"北京","positionId":2003549,"financeStage":"上市公司","companyShortName":"任子行","companyLogo":"image1/M00/38/6F/CgYXBlWl0HSAFVzWAABLcPjLxCc226.jpg","salary":"8k-15k","industryField":"移动互联网","district":"朝阳区","companyLabelList":["年终奖金","绩效奖金","年度旅游","美女多"],"positionAdvantage":"上市公司 股权激励 年终奖","jobNature":"全职","workYear":"1-3年","approve":1,"score":0,"companySize":"500-2000人","businessZones":["马甸","北太平庄","健翔桥"],"imState":"disabled","lastLogin":1472460803000,"publisherId":5177327,"explain":null,"plus":null,"pcShow":0,"appShow":0,"deliver":0,"gradeDescription":null,"companyFullName":"任子行网络技术股份有限公司","adWord":0},{"formatCreateTime":"2016-08-15","createTime":"2016-08-15 10:35:23","companyId":24190,"positionName":"Android 工程师","education":"本科","city":"北京","positionId":134873,"financeStage":"成长型(A轮)","companyShortName":"最美应用","companyLogo":"image1/M00/00/30/Cgo8PFTUXIWAT1OTAABtFxk0LPw233.png","salary":"12k-24k","industryField":"移动互联网,社交网络","district":"朝阳区","companyLabelList":["股票期权","五险一金","弹性工作","扁平管理"],"positionAdvantage":"高薪+期权+出国TB","jobNature":"全职","workYear":"1-3年","approve":1,"score":0,"companySize":"15-50人","businessZones":["望京","大山子","花家地"],"imState":"today","lastLogin":1472542882000,"publisherId":285594,"explain":null,"plus":null,"pcShow":0,"appShow":0,"deliver":0,"gradeDescription":null,"companyFullName":"北京美易科技有限公司","adWord":0},{"formatCreateTime":"2016-08-15","createTime":"2016-08-15 10:26:40","companyId":82344,"positionName":"Android高级研发工程师","education":"本科","city":"北京","positionId":2236385,"financeStage":"成长型(B轮)","companyShortName":"抱财网","companyLogo":"image2/M00/09/5A/CgpzWlYI4J-ABf6bAAASenngV8s630.jpg","salary":"25k-35k","industryField":"移动互联网","district":"海淀区","companyLabelList":["节日礼物","专项奖金","绩效奖金","年度旅游"],"positionAdvantage":"稳健平台、快速成长、薪资福利完善","jobNature":"全职","workYear":"5-10年","approve":1,"score":0,"companySize":"50-150人","businessZones":["苏州街","万泉河","中关村"],"imState":"today","lastLogin":1472539397000,"publisherId":4660342,"explain":null,"plus":null,"pcShow":0,"appShow":0,"deliver":0,"gradeDescription":null,"companyFullName":"北京抱财金融信息服务有限公司","adWord":0},{"formatCreateTime":"2016-08-15","createTime":"2016-08-15 10:00:27","companyId":52410,"positionName":"高级Android开发工程师","education":"大专","city":"北京","positionId":1813975,"financeStage":"成熟型(D轮及以上)","companyShortName":"OneAPM 蓝海讯通","companyLogo":"image1/M00/09/36/Cgo8PFTbDlaAfXikAACDQCtRzwU003.png","salary":"15k-30k","industryField":"企业服务,数据服务","district":"海淀区","companyLabelList":["技能培训","绩效奖金","岗位晋升","帅哥多"],"positionAdvantage":"高薪 人性化 扁平化","jobNature":"全职","workYear":"3-5年","approve":1,"score":0,"companySize":"150-500人","businessZones":["西三旗"],"imState":"today","lastLogin":1472559028000,"publisherId":75056,"explain":null,"plus":null,"pcShow":0,"appShow":0,"deliver":0,"gradeDescription":null,"companyFullName":"北京蓝海讯通科技有限公司","adWord":0}]}},"code":0}