{"resubmitToken":null,"success":true,"requestId":null,"msg":null,"content":{"pageNo":81,"pageSize":15,"positionResult":{"totalCount":8899,"resultSize":15,"locationInfo":{"city":"北京","district":null,"businessZone":null,"queryByGisCode":false,"locationCode":null},"queryAnalysisInfo":{"positionName":"android","companyName":null,"industryName":null,"usefulCompany":false},"strategyProperty":{"name":"dm-csearch-newSimScorer","id":1},"result":[{"companyId":329,"positionName":"资深Android开发工程师","workYear":"3-5年","education":"本科","jobNature":"全职","createTime":"2016-07-28 10:37:38","companyShortName":"网易","positionId":2014206,"salary":"18k-35k","approve":1,"city":"北京","positionAdvantage":"业务成熟、部门旅游、晋升空间、奖金丰厚","companyLogo":"image1/M00/1C/DB/Cgo8PFUnbyyAOmwZAABKPABIzv8461.png","industryField":"数据服务,文化娱乐","companyLabelList":["节日礼物","技能培训","免费班车","带薪年假"],"financeStage":"上市公司","district":null,"score":0,"companySize":"2000人以上","companyFullName":"网之易信息技术（北京）有限公司","adWord":0,"formatCreateTime":"2016-07-28","imState":"today","lastLogin":1472550869000,"publisherId":118683,"explain":null,"plus":null,"pcShow":0,"appShow":0,"deliver":0,"gradeDescription":null,"businessZones":null},{"companyId":89541,"positionName":"Android工程师／架构师","workYear":"3-5年","education":"本科","jobNature":"全职","createTime":"2016-07-27 20:55:55","companyShortName":"滴滴出行（小桔科技）","positionId":1051334,"salary":"18k-36k","approve":0,"city":"北京","positionAdvantage":"期权、晋升空间大","companyLogo":"image1/M00/42/DC/Cgo8PFXNdImAA0hiAACBD0dX7Ds225.png?cc=0.6919486154416709","industryField":"移动互联网,电子商务","companyLabelList":["节日礼物","绩效奖金","年度旅游","美女多"],"financeStage":"成熟型(D轮及以上)","district":"海淀区","score":0,"companySize":"2000人以上","companyFullName":"滴滴打车（小桔科技）","adWord":0,"formatCreateTime":"2016-07-27","imState":"disabled","lastLogin":1472558580000,"publisherId":2429345,"explain":null,"plus":null,"pcShow":0,"appShow":0,"deliver":0,"gradeDescription":null,"businessZones":["上地","西二旗","马连洼"]},{"companyId":93709,"positionName":"Android开发工程师","workYear":"3-5年","education":"本科","jobNature":"全职","createTime":"2016-07-27 18:29:38","companyShortName":"闪萌","positionId":2158129,"salary":"15k-30k","approve":1,"city":"北京","positionAdvantage":"前景好,氛围好","companyLogo":"i/image/M00/45/2D/CgqKkVeHVvWAcO35AAAKq6uejmM653.png","industryField":"移动互联网,文化娱乐","companyLabelList":["弹性工作","美女多","帅哥多","扁平管理"],"financeStage":"初创型(天使轮)","district":null,"score":0,"companySize":"15-50人","companyFullName":"北京市艾享科技有限责任公司","adWord":0,"formatCreateTime":"2016-07-27","imState":"threeDays","lastLogin":1472459700000,"publisherId":2883959,"explain":null,"plus":null,"pcShow":0,"appShow":0,"deliver":0,"gradeDescription":null,"businessZones":null},{"companyId":22936,"positionName":"Android","workYear":"不限","education":"大专","jobNature":"全职","createTime":"2016-07-27 18:10:45","companyShortName":"拇指玩","positionId":2158013,"salary":"15k-30k","approve":1,"city":"北京","positionAdvantage":"五险一金，高薪，高大上办公环境","companyLogo":"image1/M00/00/2C/CgYXBlTUXHSAFdxBAABjSBxO5Fc651.png","industryField":"移动互联网","companyLabelList":["绩效奖金","年终分红","专项奖金","年底双薪"],"financeStage":"成长型(不需要融资)","district":"朝阳区","score":0,"companySize":"50-150人","companyFullName":"北京拇指玩科技有限公司","adWord":0,"formatCreateTime":"2016-07-27","imState":"disabled","lastLogin":1472455759000,"publisherId":5591904,"explain":null,"plus":null,"pcShow":0,"appShow":0,"deliver":0,"gradeDescription":null,"businessZones":["CBD","双井","国贸"]},{"companyId":35587,"positionName":"Android开发工程师","workYear":"3-5年","education":"本科","jobNature":"全职","createTime":"2016-07-27 17:37:52","companyShortName":"进击科技","positionId":2002915,"salary":"15k-30k","approve":1,"city":"北京","positionAdvantage":"创业公司,期权奖励,弹性工作,美女多","companyLogo":"i/image/M00/3A/22/Cgp3O1dovtOAB4pmAAAolPZgdZE377.png","industryField":"移动互联网","companyLabelList":["扁平管理","气氛轻松活泼","五险一金","绩效奖金"],"financeStage":"初创型(天使轮)","district":"朝阳区","score":0,"companySize":"15-50人","companyFullName":"北京进击科技有限公司","adWord":0,"formatCreateTime":"2016-07-27","imState":"today","lastLogin":1472535458000,"publisherId":5426013,"explain":null,"plus":null,"pcShow":0,"appShow":0,"deliver":0,"gradeDescription":null,"businessZones":["建外大街","国贸","CBD"]},{"companyId":33272,"positionName":"Android","workYear":"不限","education":"大专","jobNature":"全职","createTime":"2016-07-27 16:22:44","companyShortName":"摩博（北京）科技有限公司","positionId":308639,"salary":"6k-12k","approve":1,"city":"北京","positionAdvantage":"期权奖励","companyLogo":"image1/M00/00/4D/Cgo8PFTUXPyAQ6kfAABWZzzEW4o579.png","industryField":"移动互联网","companyLabelList":["年底双薪","股票期权","带薪年假","绩效奖金"],"financeStage":"成长型(A轮)","district":"海淀区","score":0,"companySize":"50-150人","companyFullName":"摩博（北京）科技有限公司","adWord":0,"formatCreateTime":"2016-07-27","imState":"overSevenDays","lastLogin":1470280349000,"publisherId":563959,"explain":null,"plus":null,"pcShow":0,"appShow":0,"deliver":0,"gradeDescription":null,"businessZones":["魏公村","白石桥","中关村"]},{"companyId":140537,"positionName":"Android","workYear":"3-5年","education":"本科","jobNature":"全职","createTime":"2016-07-27 15:11:37","companyShortName":"小板凳APP","positionId":2156140,"salary":"20k-30k","approve":0,"city":"北京","positionAdvantage":"早期成员期权＋与Google/Uber大牛合作","companyLogo":"i/image/M00/49/78/Cgp3O1eXPsuAUb5QAABdivWFDAc021.png","industryField":"移动互联网,教育","companyLabelList":["早期成员期权","技术设计导向","硅谷公司文化","工作时间弹性"],"financeStage":"初创型(天使轮)","district":"海淀区","score":0,"companySize":"少于15人","companyFullName":"北京君临谷中科技有限公司","adWord":0,"formatCreateTime":"2016-07-27","imState":"today","lastLogin":1472555498000,"publisherId":5622044,"explain":null,"plus":null,"pcShow":0,"appShow":0,"deliver":0,"gradeDescription":null,"businessZones":["中关村","苏州街","苏州桥"]},{"companyId":42831,"positionName":"Android开发工程师","workYear":"1-3年","education":"本科","jobNature":"全职","createTime":"2016-07-27 15:02:17","companyShortName":"小逗网络","positionId":323051,"salary":"10k-20k","approve":1,"city":"北京","positionAdvantage":"定期团建、带薪年假，零食水果不间断供应","companyLogo":"image1/M00/1C/41/CgYXBlUlHeGAOKXNAACKJ5DRqmk111.png","industryField":"移动互联网,教育","companyLabelList":["年底双薪","技能培训","专项奖金","股票期权"],"financeStage":"成长型(A轮)","district":"朝阳区","score":0,"companySize":"15-50人","companyFullName":"北京小逗网络科技有限公司","adWord":0,"formatCreateTime":"2016-07-27","imState":"sevenDays","lastLogin":1472182273000,"publisherId":805492,"explain":null,"plus":null,"pcShow":0,"appShow":0,"deliver":0,"gradeDescription":null,"businessZones":["安贞","和平街","对外经贸"]},{"companyId":1537,"positionName":"个性化阅读-Android开发工程师","workYear":"3-5年","education":"本科","jobNature":"全职","createTime":"2016-07-27 13:52:58","companyShortName":"搜狗","positionId":1534188,"salary":"15k-26k","approve":1,"city":"北京","positionAdvantage":"核心新业务，技术实力顶尖，从0到1的空间","companyLogo":"image2/M00/04/33/CgpzWlXw72aAb7sYAAAL-t8ysD4816.jpg","industryField":"移动互联网,数据服务","companyLabelList":["五险一金","带薪年假","午餐补助","定期体检"],"financeStage":"成熟型(C轮)","district":"海淀区","score":0,"companySize":"2000人以上","companyFullName":"北京搜狗科技发展有限公司","adWord":0,"formatCreateTime":"2016-07-27","imState":"overSevenDays","lastLogin":1471251847000,"publisherId":4252218,"explain":null,"plus":null,"pcShow":0,"appShow":0,"deliver":0,"gradeDescription":null,"businessZones":["五道口","清华大学","中关村"]},{"companyId":24780,"positionName":"android测试工程师","workYear":"1-3年","education":"本科","jobNature":"全职","createTime":"2016-07-27 11:39:56","companyShortName":"诚迈科技","positionId":145734,"salary":"8k-11k","approve":1,"city":"北京","positionAdvantage":"五险一金，待遇优厚，隐形福利超多……","companyLogo":"image1/M00/00/32/CgYXBlTUXI2ALb5AAABZYslWMW0884.jpg","industryField":"移动互联网","companyLabelList":["年底双薪","专项奖金","交通补助","午餐补助"],"financeStage":"成熟型(D轮及以上)","district":"海淀区","score":0,"companySize":"2000人以上","companyFullName":"诚迈科技（南京）股份有限公司","adWord":0,"formatCreateTime":"2016-07-27","imState":"disabled","lastLogin":1472526147000,"publisherId":295334,"explain":null,"plus":null,"pcShow":0,"appShow":0,"deliver":0,"gradeDescription":null,"businessZones":["上地","西二旗","马连洼"]},{"companyId":113148,"positionName":"Android高级工程师","workYear":"3-5年","education":"不限","jobNature":"全职","createTime":"2016-07-27 11:19:39","companyShortName":"微籽","positionId":1436658,"salary":"15k-25k","approve":0,"city":"北京","positionAdvantage":"已盈利公司 全员持股 极客文化","companyLogo":"i/image/M00/54/E3/CgqKkVfFQF6AFJ9FAAQCDjIGajg861.png","industryField":"移动互联网,社交网络","companyLabelList":null,"financeStage":"初创型(天使轮)","district":"朝阳区","score":0,"companySize":"50-150人","companyFullName":"北京悦阳互动科技文化有限公司","adWord":0,"formatCreateTime":"2016-07-27","imState":"today","lastLogin":1472563876000,"publisherId":3762513,"explain":null,"plus":null,"pcShow":0,"appShow":0,"deliver":0,"gradeDescription":null,"businessZones":["高碑店","十里堡","甘露园"]},{"companyId":80535,"positionName":"Android开发工程师","workYear":"1-3年","education":"本科","jobNature":"全职","createTime":"2016-07-27 10:15:02","companyShortName":"富嘉健康","positionId":2110108,"salary":"10k-15k","approve":0,"city":"北京","positionAdvantage":"你想要的这里全都有","companyLogo":"image1/M00/33/DE/CgYXBlWU9aaAeyX_AACzxqZmA_c509.jpg?cc=0.8458226972725242","industryField":"医疗健康","companyLabelList":["股票期权","岗位晋升","绩效奖金","全勤奖"],"financeStage":"初创型(未融资)","district":"东城区","score":0,"companySize":"15-50人","companyFullName":"富嘉（北京）咨询服务有限公司","adWord":0,"formatCreateTime":"2016-07-27","imState":"disabled","lastLogin":1469596754000,"publisherId":1397944,"explain":null,"plus":null,"pcShow":0,"appShow":0,"deliver":0,"gradeDescription":null,"businessZones":["崇文门","磁器口","新世界"]},{"companyId":795,"positionName":"Android开发实习生（零基础）","workYear":"应届毕业生","education":"大专","jobNature":"全职","createTime":"2016-07-27 09:59:25","companyShortName":"优才网","positionId":1882187,"salary":"5k-8k","approve":1,"city":"北京","positionAdvantage":"互联网公司","companyLogo":"i/image/M00/11/AB/CgqKkVbicnCALTKRAABfrswbhRs465.png","industryField":"教育","companyLabelList":["股票期权","五险一金","岗位晋升","节日礼物"],"financeStage":"成长型(A轮)","district":"石景山区","score":0,"companySize":"150-500人","companyFullName":"北京优才创智科技有限公司","adWord":0,"formatCreateTime":"2016-07-27","imState":"disabled","lastLogin":1471829463000,"publisherId":5187898,"explain":null,"plus":null,"pcShow":0,"appShow":0,"deliver":0,"gradeDescription":null,"businessZones":["八大处","苹果园","杨庄"]},{"companyId":138751,"positionName":"Android工程师","workYear":"1-3年","education":"本科","jobNature":"全职","createTime":"2016-07-27 09:38:12","companyShortName":"新华互联","positionId":2093005,"salary":"9k-17k","approve":0,"city":"北京","positionAdvantage":"五险二金 绩效奖金 提供早午工作餐等","companyLogo":"i/image/M00/44/81/CgqKkVeF0fiATTPCAAARjBDwoYQ879.jpg","industryField":"电子商务,O2O","companyLabelList":null,"financeStage":"初创型(未融资)","district":"西城区","score":0,"companySize":"50-150人","companyFullName":"新华互联电子商务有限责任公司","adWord":0,"formatCreateTime":"2016-07-27","imState":"disabled","lastLogin":1471253114000,"publisherId":5614825,"explain":null,"plus":null,"pcShow":0,"appShow":0,"deliver":0,"gradeDescription":null,"businessZones":["阜成门","官园","展览路"]},{"companyId":64053,"positionName":"移动端Android高级开发工程师","workYear":"3-5年","education":"本科","jobNature":"全职","createTime":"2016-07-27 09:20:04","companyShortName":"众信旅游","positionId":1444355,"salary":"15k-25k","approve":1,"city":"北京","positionAdvantage":"上市公司，绩效奖，五险一金，补充医疗","companyLogo":"i/image/M00/03/1C/CgqKkVapxr-AAyYaAAJmBVh2BxY822.jpg","industryField":"其他","companyLabelList":["节日礼物","技能培训","绩效奖金","岗位晋升"],"financeStage":"上市公司","district":"朝阳区","score":0,"companySize":"2000人以上","companyFullName":"北京众信国际旅行社股份有限公司","adWord":0,"formatCreateTime":"2016-07-27","imState":"today","lastLogin":1472550495000,"publisherId":2246157,"explain":null,"plus":null,"pcShow":0,"appShow":0,"deliver":0,"gradeDescription":null,"businessZones":["柳芳","左家庄","和平里"]}]}},"code":0}