{"msg":null,"success":true,"requestId":null,"resubmitToken":null,"content":{"pageNo":95,"pageSize":15,"positionResult":{"queryAnalysisInfo":{"industryName":null,"usefulCompany":false,"positionName":"android","companyName":null},"strategyProperty":{"name":"dm-csearch-newSimScorer","id":1},"totalCount":8899,"resultSize":15,"locationInfo":{"businessZone":null,"locationCode":null,"queryByGisCode":false,"city":"北京","district":null},"result":[{"companyId":67891,"explain":null,"plus":null,"pcShow":0,"appShow":0,"deliver":0,"gradeDescription":null,"businessZones":["苏州街","北京大学","颐和园"],"imState":"today","lastLogin":1472552522000,"publisherId":5299643,"positionName":"Android","workYear":"5-10年","education":"本科","jobNature":"全职","positionId":2030213,"createTime":"2016-08-29 10:07:14","city":"北京","companyLogo":"image1/M00/24/1D/Cgo8PFVK7ZOAV-XqAAB01ow0B70745.jpg","industryField":"金融","positionAdvantage":"午餐福利,年底双薪,弹性时间","salary":"25k-30k","companySize":"15-50人","approve":0,"financeStage":"成长型(A轮)","companyLabelList":["技能培训","节日礼物","股票期权","绩效奖金"],"district":"海淀区","companyShortName":"创投圈","score":0,"formatCreateTime":"1天前发布","companyFullName":"创投圈","adWord":0},{"companyId":67891,"explain":null,"plus":null,"pcShow":0,"appShow":0,"deliver":0,"gradeDescription":null,"businessZones":["苏州街","北京大学","颐和园"],"imState":"today","lastLogin":1472552522000,"publisherId":5299643,"positionName":"Android工程师","workYear":"3-5年","education":"本科","jobNature":"全职","positionId":2130903,"createTime":"2016-08-29 10:07:12","city":"北京","companyLogo":"image1/M00/24/1D/Cgo8PFVK7ZOAV-XqAAB01ow0B70745.jpg","industryField":"金融","positionAdvantage":"弹性时间,午餐福利,年终双薪","salary":"18k-30k","companySize":"15-50人","approve":0,"financeStage":"成长型(A轮)","companyLabelList":["技能培训","节日礼物","股票期权","绩效奖金"],"district":"海淀区","companyShortName":"创投圈","score":0,"formatCreateTime":"1天前发布","companyFullName":"创投圈","adWord":0},{"companyId":67891,"explain":null,"plus":null,"pcShow":0,"appShow":0,"deliver":0,"gradeDescription":null,"businessZones":["苏州街","北京大学","颐和园"],"imState":"today","lastLogin":1472552522000,"publisherId":5299643,"positionName":"Android工程师","workYear":"3-5年","education":"本科","jobNature":"全职","positionId":2130897,"createTime":"2016-08-29 10:07:10","city":"北京","companyLogo":"image1/M00/24/1D/Cgo8PFVK7ZOAV-XqAAB01ow0B70745.jpg","industryField":"金融","positionAdvantage":"弹性时间,午餐福利,年终双薪","salary":"18k-30k","companySize":"15-50人","approve":0,"financeStage":"成长型(A轮)","companyLabelList":["技能培训","节日礼物","股票期权","绩效奖金"],"district":"海淀区","companyShortName":"创投圈","score":0,"formatCreateTime":"1天前发布","companyFullName":"创投圈","adWord":0},{"companyId":50889,"explain":null,"plus":null,"pcShow":0,"appShow":0,"deliver":0,"gradeDescription":null,"businessZones":["新街口","德胜门","小西天"],"imState":"today","lastLogin":1472559909000,"publisherId":2488880,"positionName":"Android","workYear":"3-5年","education":"本科","jobNature":"全职","positionId":2255693,"createTime":"2016-08-25 16:10:57","city":"北京","companyLogo":"i/image/M00/03/44/Cgp3O1ax7JWAOSzUAABS3OF0A7w289.jpg","industryField":"移动互联网,企业服务","positionAdvantage":"上市公司，极牛汇集，持续的股权激励政策！","salary":"20k-35k","companySize":"2000人以上","approve":1,"financeStage":"上市公司","companyLabelList":["弹性工作","敏捷研发","股票期权","年底双薪"],"district":"西城区","companyShortName":"和创科技（红圈营销）","score":0,"formatCreateTime":"2016-08-25","companyFullName":"和创（北京）科技股份有限公司","adWord":0},{"companyId":59251,"explain":null,"plus":null,"pcShow":0,"appShow":0,"deliver":0,"gradeDescription":null,"businessZones":["望京","大山子","花家地"],"imState":"today","lastLogin":1472559160000,"publisherId":1467174,"positionName":"Android高级开发工程师","workYear":"3-5年","education":"本科","jobNature":"全职","positionId":2237564,"createTime":"2016-08-25 13:40:09","city":"北京","companyLogo":"i/image/M00/08/49/Cgp3O1bPycGAMj0hAAAgshBCvv4840.jpg","industryField":"移动互联网,文化娱乐","positionAdvantage":"福利完善,年底奖金,环境优美,帅哥美女","salary":"20k-30k","companySize":"500-2000人","approve":1,"financeStage":"成长型(B轮)","companyLabelList":["年底双薪","专项奖金","股票期权","带薪年假"],"district":"朝阳区","companyShortName":"映客直播","score":0,"formatCreateTime":"2016-08-25","companyFullName":"北京蜜莱坞网络科技有限公司","adWord":0},{"companyId":994,"explain":null,"plus":null,"pcShow":0,"appShow":0,"deliver":0,"gradeDescription":null,"businessZones":["中关村","知春路","双榆树"],"imState":"today","lastLogin":1472529785000,"publisherId":1576478,"positionName":"Android开发工程师","workYear":"5-10年","education":"大专","jobNature":"全职","positionId":2133626,"createTime":"2016-08-25 10:21:57","city":"北京","companyLogo":"image1/M00/00/05/CgYXBlTUWACAMEo4AACGADT5Usw013.png","industryField":"移动互联网,文化娱乐","positionAdvantage":"牌照方 各种补助 CIBN","salary":"8k-15k","companySize":"150-500人","approve":1,"financeStage":"成长型(B轮)","companyLabelList":["节日礼物","国家背景","带薪年假","绩效奖金"],"district":"海淀区","companyShortName":"国广东方网络（北京）有限公司","score":0,"formatCreateTime":"2016-08-25","companyFullName":"国广东方网络（北京）有限公司","adWord":0},{"companyId":50889,"explain":null,"plus":null,"pcShow":0,"appShow":0,"deliver":0,"gradeDescription":null,"businessZones":["新街口","德胜门","小西天"],"imState":"today","lastLogin":1472559909000,"publisherId":2488880,"positionName":"Android","workYear":"3-5年","education":"本科","jobNature":"全职","positionId":1455020,"createTime":"2016-08-24 15:10:00","city":"北京","companyLogo":"i/image/M00/03/44/Cgp3O1ax7JWAOSzUAABS3OF0A7w289.jpg","industryField":"移动互联网,企业服务","positionAdvantage":"上市公司，持续股权激励政策，技术爆棚！","salary":"20k-35k","companySize":"2000人以上","approve":1,"financeStage":"上市公司","companyLabelList":["弹性工作","敏捷研发","股票期权","年底双薪"],"district":"西城区","companyShortName":"和创科技（红圈营销）","score":0,"formatCreateTime":"2016-08-24","companyFullName":"和创（北京）科技股份有限公司","adWord":0},{"companyId":1686,"explain":null,"plus":null,"pcShow":0,"appShow":0,"deliver":0,"gradeDescription":null,"businessZones":null,"imState":"today","lastLogin":1472540487000,"publisherId":2278796,"positionName":"Android技术主管","workYear":"3-5年","education":"本科","jobNature":"全职","positionId":2175746,"createTime":"2016-08-24 14:47:41","city":"北京","companyLogo":"image1/M00/00/06/Cgo8PFTUWAaAbD7PAACAXTzCmiw113.jpg","industryField":"广告营销,文化娱乐","positionAdvantage":"12天年假 六险一金 团队氛围好","salary":"25k-35k","companySize":"2000人以上","approve":1,"financeStage":"成熟型(D轮及以上)","companyLabelList":["绩效奖金","五险一金","交通补助","带薪年假"],"district":null,"companyShortName":"爱奇艺","score":0,"formatCreateTime":"2016-08-24","companyFullName":"北京爱奇艺科技有限公司","adWord":0},{"companyId":35677,"explain":null,"plus":null,"pcShow":0,"appShow":0,"deliver":0,"gradeDescription":null,"businessZones":["上地","马连洼","西二旗"],"imState":"today","lastLogin":1472547876000,"publisherId":621091,"positionName":"Android开发工程师","workYear":"3-5年","education":"大专","jobNature":"全职","positionId":2115743,"createTime":"2016-08-24 11:26:15","city":"北京","companyLogo":"i/image/M00/00/15/Cgp3O1YoY4KAfVadAAARBzxVAZw109.jpg","industryField":"硬件","positionAdvantage":"朝阳企业，超长带薪春节假","salary":"25k-30k","companySize":"50-150人","approve":1,"financeStage":"成长型(A轮)","companyLabelList":["技能培训","年底分红","岗位晋升","年度旅游"],"district":"海淀区","companyShortName":"零度智控","score":0,"formatCreateTime":"2016-08-24","companyFullName":"零度智控（北京）智能科技有限公司","adWord":0},{"companyId":1249,"explain":null,"plus":null,"pcShow":0,"appShow":0,"deliver":0,"gradeDescription":null,"businessZones":["中关村","北京大学","苏州街"],"imState":"disabled","lastLogin":1472549255000,"publisherId":7931,"positionName":"Android应用软件工程师","workYear":"1-3年","education":"本科","jobNature":"全职","positionId":1296692,"createTime":"2016-08-24 11:14:06","city":"北京","companyLogo":"image1/M00/40/3A/CgYXBlXC_4OASRgsAAAislBu0uU808.jpg","industryField":"移动互联网,O2O","positionAdvantage":"免费午餐，行业大牛带队，谷歌技术氛围","salary":"15k-20k","companySize":"150-500人","approve":1,"financeStage":"成熟型(C轮)","companyLabelList":["帅哥多","美女多","绩效奖金","股票期权"],"district":"海淀区","companyShortName":"出门问问","score":0,"formatCreateTime":"2016-08-24","companyFullName":"北京羽扇智信息科技有限公司","adWord":0},{"companyId":1249,"explain":null,"plus":null,"pcShow":0,"appShow":0,"deliver":0,"gradeDescription":null,"businessZones":null,"imState":"disabled","lastLogin":1472549255000,"publisherId":7931,"positionName":"Android驱动测试工程师-北京-00130","workYear":"1-3年","education":"本科","jobNature":"全职","positionId":2050643,"createTime":"2016-08-24 11:14:01","city":"北京","companyLogo":"image1/M00/40/3A/CgYXBlXC_4OASRgsAAAislBu0uU808.jpg","industryField":"移动互联网,O2O","positionAdvantage":"餐饮全包 健身补助 弹性时间 海外团建","salary":"10k-20k","companySize":"150-500人","approve":1,"financeStage":"成熟型(C轮)","companyLabelList":["帅哥多","美女多","绩效奖金","股票期权"],"district":null,"companyShortName":"出门问问","score":0,"formatCreateTime":"2016-08-24","companyFullName":"北京羽扇智信息科技有限公司","adWord":0},{"companyId":1686,"explain":null,"plus":null,"pcShow":0,"appShow":0,"deliver":0,"gradeDescription":null,"businessZones":["中关村","北京大学","苏州街"],"imState":"today","lastLogin":1472540487000,"publisherId":2278796,"positionName":"Android开发工程师","workYear":"5-10年","education":"本科","jobNature":"全职","positionId":2278765,"createTime":"2016-08-23 18:44:54","city":"北京","companyLogo":"image1/M00/00/06/Cgo8PFTUWAaAbD7PAACAXTzCmiw113.jpg","industryField":"广告营销,文化娱乐","positionAdvantage":"12天年假 六险一金","salary":"20k-30k","companySize":"2000人以上","approve":1,"financeStage":"成熟型(D轮及以上)","companyLabelList":["绩效奖金","五险一金","交通补助","带薪年假"],"district":"海淀区","companyShortName":"爱奇艺","score":0,"formatCreateTime":"2016-08-23","companyFullName":"北京爱奇艺科技有限公司","adWord":0},{"companyId":25440,"explain":null,"plus":null,"pcShow":0,"appShow":0,"deliver":0,"gradeDescription":null,"businessZones":null,"imState":"today","lastLogin":1472538088000,"publisherId":2437196,"positionName":"Android开发工程师","workYear":"3-5年","education":"本科","jobNature":"全职","positionId":1833191,"createTime":"2016-08-23 18:55:56","city":"北京","companyLogo":"image1/M00/00/35/CgYXBlTUXJWAd5rjAACUoTxxHWg339.png","industryField":"移动互联网,广告营销","positionAdvantage":"14薪；餐补；体检；水果零食；国外旅行","salary":"15k-28k","companySize":"50-150人","approve":1,"financeStage":"成长型(A轮)","companyLabelList":["带薪年假","定期体检","水果零食","年终奖"],"district":null,"companyShortName":"北京云图微动科技有限公司","score":0,"formatCreateTime":"2016-08-23","companyFullName":"北京云图微动科技有限公司","adWord":0},{"companyId":4140,"explain":null,"plus":null,"pcShow":0,"appShow":0,"deliver":0,"gradeDescription":null,"businessZones":["北苑","来广营"],"imState":"today","lastLogin":1472547596000,"publisherId":40210,"positionName":"高级Android工程师","workYear":"3-5年","education":"大专","jobNature":"全职","positionId":1718545,"createTime":"2016-08-22 14:42:29","city":"北京","companyLogo":"image1/M00/00/0A/CgYXBlTUWBaARuO2AACZo5tRlTw164.png","industryField":"移动互联网,游戏","positionAdvantage":"逗比团队、温馨环境、贴心福利","salary":"15k-25k","companySize":"50-150人","approve":1,"financeStage":"成长型(不需要融资)","companyLabelList":["五险一金","年底双薪","节日礼物","年度旅游"],"district":"朝阳区","companyShortName":"北京鲜柚科技有限公司","score":0,"formatCreateTime":"2016-08-22","companyFullName":"北京鲜柚科技有限公司","adWord":0},{"companyId":4158,"explain":null,"plus":null,"pcShow":0,"appShow":0,"deliver":0,"gradeDescription":null,"businessZones":["西二旗","龙泽","回龙观"],"imState":"today","lastLogin":1472551672000,"publisherId":71928,"positionName":"Android安卓开发工程师","workYear":"1-3年","education":"本科","jobNature":"全职","positionId":119434,"createTime":"2016-08-19 10:56:52","city":"北京","companyLogo":"image1/M00/00/0A/CgYXBlTUWBaAX5ybAACq-EA7pSc619.jpg","industryField":"移动互联网,电子商务","positionAdvantage":"发展好、氛围棒、福利好、领导棒","salary":"10k-15k","companySize":"15-50人","approve":1,"financeStage":"成长型(A轮)","companyLabelList":["交通补助","股票期权","弹性工作","免费晚餐"],"district":"海淀区","companyShortName":"美秒科技","score":0,"formatCreateTime":"2016-08-19","companyFullName":"北京美秒科技有限公司","adWord":0}]}},"code":0}