{"success":true,"requestId":null,"msg":null,"resubmitToken":null,"content":{"pageNo":15,"pageSize":15,"positionResult":{"totalCount":8899,"resultSize":15,"locationInfo":{"queryByGisCode":false,"businessZone":null,"locationCode":null,"city":"北京","district":null},"queryAnalysisInfo":{"industryName":null,"usefulCompany":false,"positionName":"android","companyName":null},"strategyProperty":{"name":"dm-csearch-newSimScorer","id":1},"result":[{"companyId":994,"positionName":"android开发技术总监","workYear":"3-5年","education":"大专","jobNature":"全职","financeStage":"成长型(B轮)","companyLogo":"image1/M00/00/05/CgYXBlTUWACAMEo4AACGADT5Usw013.png","industryField":"移动互联网,文化娱乐","companyShortName":"国广东方网络（北京）有限公司","city":"北京","salary":"10k-20k","positionId":1120975,"positionAdvantage":"平台好，饭补、交通补、通话补、过节费。","district":"海淀区","createTime":"2016-08-30 09:10:47","companyLabelList":["节日礼物","国家背景","带薪年假","绩效奖金"],"approve":1,"companySize":"150-500人","score":0,"companyFullName":"国广东方网络（北京）有限公司","adWord":0,"formatCreateTime":"09:10发布","publisherId":1576478,"explain":null,"plus":null,"pcShow":0,"appShow":0,"deliver":0,"gradeDescription":null,"businessZones":["中关村","知春路","双榆树"],"imState":"today","lastLogin":1472529785000},{"companyId":114110,"positionName":"Android开发高级工程师","workYear":"3-5年","education":"本科","jobNature":"全职","financeStage":"上市公司","companyLogo":"i/image/M00/04/2B/Cgp3O1bGwzWAEAB4AAAbnMQCudk783.jpg","industryField":"移动互联网","companyShortName":"乐视","city":"北京","salary":"20k-30k","positionId":1450599,"positionAdvantage":"全员持股，研发豪车，技术大牛，发展空间大","district":"朝阳区","createTime":"2016-08-29 18:43:07","companyLabelList":["股票期权","交通补助","通讯津贴","带薪年假"],"approve":1,"companySize":"2000人以上","score":0,"companyFullName":"乐视网信息技术（北京）股份有限公司","adWord":0,"formatCreateTime":"1天前发布","publisherId":3751647,"explain":null,"plus":null,"pcShow":0,"appShow":0,"deliver":0,"gradeDescription":null,"businessZones":["石佛营","姚家园","十里堡"],"imState":"disabled","lastLogin":1472552389000},{"companyId":42899,"positionName":"Android内核和驱动开发工程","workYear":"3-5年","education":"本科","jobNature":"全职","financeStage":"成熟型(C轮)","companyLogo":"image2/M00/11/69/CgqLKVYx6mCAEWmWAAA8Uo7yHIc510.jpg?cc=0.24744720198214054","industryField":"移动互联网,硬件","companyShortName":"小蚁","city":"北京","salary":"15k-30k","positionId":1520864,"positionAdvantage":"小米生态链公司，年底双薪，股票期权","district":"海淀区","createTime":"2016-08-29 18:24:12","companyLabelList":["年底双薪","节日礼物","技能培训","年度旅游"],"approve":1,"companySize":"150-500人","score":0,"companyFullName":"上海小蚁科技有限公司","adWord":0,"formatCreateTime":"1天前发布","publisherId":808170,"explain":null,"plus":null,"pcShow":0,"appShow":0,"deliver":0,"gradeDescription":null,"businessZones":["清河","小营","上地"],"imState":"today","lastLogin":1472523108000},{"companyId":3786,"positionName":"高级Android开发工程师","workYear":"3-5年","education":"本科","jobNature":"全职","financeStage":"成熟型(不需要融资)","companyLogo":"i/image/M00/01/C8/Cgp3O1Z3lASAVbZHAABCha8eqHY645.jpg","industryField":"移动互联网,金融","companyShortName":"宜信","city":"北京","salary":"25k-35k","positionId":2258962,"positionAdvantage":"工程师文化 团队小而精 百万级用户","district":null,"createTime":"2016-08-29 17:46:15","companyLabelList":["管理规范","技能培训","扁平管理","弹性工作"],"approve":1,"companySize":"2000人以上","score":0,"companyFullName":"普信恒业科技发展（北京）有限公司","adWord":0,"formatCreateTime":"1天前发布","publisherId":4610977,"explain":null,"plus":null,"pcShow":0,"appShow":0,"deliver":0,"gradeDescription":null,"businessZones":null,"imState":"today","lastLogin":1472535218000},{"companyId":10369,"positionName":"Android高级开发工程师","workYear":"3-5年","education":"本科","jobNature":"全职","financeStage":"上市公司","companyLogo":"image1/M00/00/15/CgYXBlTUWECAXAksAABGkmdtwig327.jpg","industryField":"移动互联网,游戏","companyShortName":"完美世界","city":"北京","salary":"18k-36k","positionId":2251588,"positionAdvantage":"核心项目、免费健身房、员工餐厅、出国旅游","district":"朝阳区","createTime":"2016-08-29 17:01:06","companyLabelList":["绩效奖金","五险一金","带薪年假","年度旅游"],"approve":1,"companySize":"2000人以上","score":0,"companyFullName":"完美世界(北京)网络技术有限公司","adWord":0,"formatCreateTime":"1天前发布","publisherId":1837147,"explain":null,"plus":null,"pcShow":0,"appShow":0,"deliver":0,"gradeDescription":null,"businessZones":["大屯","北苑","亚运村"],"imState":"disabled","lastLogin":1472525210000},{"companyId":120275,"positionName":"Android","workYear":"1-3年","education":"不限","jobNature":"全职","financeStage":"成长型(A轮)","companyLogo":"i/image/M00/1F/9F/Cgp3O1cL46uAeMnqAABAFduMjgs066.jpg","industryField":"金融","companyShortName":"云杉领金","city":"北京","salary":"15k-25k","positionId":2105384,"positionAdvantage":"股权期权丰厚、方向好、有技术氛围","district":"海淀区","createTime":"2016-08-29 16:56:33","companyLabelList":["弹性工作","扁平管理","五险一金","岗位晋升"],"approve":0,"companySize":"15-50人","score":0,"companyFullName":"北京云杉领金信息科技有限公司","adWord":0,"formatCreateTime":"1天前发布","publisherId":2604958,"explain":null,"plus":null,"pcShow":0,"appShow":0,"deliver":0,"gradeDescription":null,"businessZones":["上地","马连洼","西二旗"],"imState":"today","lastLogin":1472540980000},{"companyId":2900,"positionName":"Android开发专家-Q002","workYear":"3-5年","education":"本科","jobNature":"全职","financeStage":"成熟型(C轮)","companyLogo":"image1/M00/0F/B0/Cgo8PFT9bUuAFYmqAABKRDf-Ah0371.jpg","industryField":"移动互联网 ,电子商务","companyShortName":"微店","city":"北京","salary":"18k-35k","positionId":242923,"positionAdvantage":"有竞争力薪资+完善福利+丰厚期权+靠谱团队","district":"朝阳区","createTime":"2016-08-29 16:53:35","companyLabelList":["扁平化管理","技术驱动","14薪","六险一金"],"approve":1,"companySize":"500-2000人","score":0,"companyFullName":"北京口袋时尚科技有限公司","adWord":0,"formatCreateTime":"1天前发布","publisherId":636493,"explain":null,"plus":null,"pcShow":0,"appShow":0,"deliver":0,"gradeDescription":null,"businessZones":["酒仙桥","大山子","将台路"],"imState":"today","lastLogin":1472527678000},{"companyId":145731,"positionName":"高级android开发工程师","workYear":"3-5年","education":"本科","jobNature":"全职","financeStage":"上市公司","companyLogo":"i/image/M00/53/BD/CgqKkVe_6uaAenXDAACjYJ8QWS4545.JPG","industryField":"生活服务,其他","companyShortName":"北京天天顺","city":"北京","salary":"15k-25k","positionId":2297889,"positionAdvantage":"福利待遇好，管吃住，年终奖，薪资面议。","district":null,"createTime":"2016-08-29 16:47:18","companyLabelList":null,"approve":0,"companySize":"15-50人","score":0,"companyFullName":"北京天天顺科技发展有限公司","adWord":0,"formatCreateTime":"1天前发布","publisherId":5952722,"explain":null,"plus":null,"pcShow":0,"appShow":0,"deliver":0,"gradeDescription":null,"businessZones":null,"imState":"today","lastLogin":1472518756000},{"companyId":451,"positionName":"MIG08-Android开发高级工程师（北京）","workYear":"3-5年","education":"本科","jobNature":"全职","financeStage":"上市公司","companyLogo":"image1/M00/00/03/CgYXBlTUV_qALGv0AABEuOJDipU378.jpg","industryField":"移动互联网 ,游戏","companyShortName":"腾讯","city":"北京","salary":"15k-30k","positionId":2300869,"positionAdvantage":"我们提供广阔的发展空间，寻找有实力的你","district":"海淀区","createTime":"2016-08-29 16:44:19","companyLabelList":["免费班车","成长空间","年度旅游","岗位晋升"],"approve":1,"companySize":"2000人以上","score":0,"companyFullName":"腾讯科技(深圳)有限公司","adWord":0,"formatCreateTime":"1天前发布","publisherId":1542401,"explain":null,"plus":null,"pcShow":0,"appShow":0,"deliver":0,"gradeDescription":null,"businessZones":null,"imState":"disabled","lastLogin":1472549536000},{"companyId":29946,"positionName":"android高级开发工程师","workYear":"3-5年","education":"本科","jobNature":"全职","financeStage":"上市公司","companyLogo":"i/image/M00/28/C2/Cgp3O1csFWWAQov1AABooUv6v_4174.jpg","industryField":"电子商务","companyShortName":"酒仙网","city":"北京","salary":"15k-25k","positionId":1231560,"positionAdvantage":"免费班车 弹性工作 上市公司+15薪","district":"大兴区","createTime":"2016-08-29 16:43:11","companyLabelList":["免费班车","五险一金","上市公司","技术15薪"],"approve":1,"companySize":"2000人以上","score":0,"companyFullName":"酒仙网电子商务股份有限公司","adWord":0,"formatCreateTime":"1天前发布","publisherId":425586,"explain":null,"plus":null,"pcShow":0,"appShow":0,"deliver":0,"gradeDescription":null,"businessZones":null,"imState":"today","lastLogin":1472551339000},{"companyId":109412,"positionName":"Android","workYear":"3-5年","education":"本科","jobNature":"全职","financeStage":"上市公司","companyLogo":"i/image/M00/4E/ED/Cgp3O1etPWqALMeqAAG43ec5BDs476.jpg","industryField":"文化娱乐,移动互联网","companyShortName":"非凡领越体育","city":"北京","salary":"20k-30k","positionId":1791712,"positionAdvantage":"免费送Mac 免费三餐 免费游泳健身房","district":"通州区","createTime":"2016-08-29 16:39:25","companyLabelList":["带薪年假","通讯津贴","交通补助","午餐补助"],"approve":0,"companySize":"500-2000人","score":0,"companyFullName":"非凡领越体育发展（北京）有限公司","adWord":0,"formatCreateTime":"1天前发布","publisherId":3472935,"explain":null,"plus":null,"pcShow":0,"appShow":0,"deliver":0,"gradeDescription":null,"businessZones":null,"imState":"disabled","lastLogin":1472547029000},{"companyId":143365,"positionName":"Android","workYear":"1-3年","education":"本科","jobNature":"全职","financeStage":"初创型(天使轮)","companyLogo":"i/image/M00/4E/5B/CgqKkVeq1XiAFOguAAAcG5GxISs133.jpg","industryField":"移动互联网,电子商务","companyShortName":"哈哈尼","city":"北京","salary":"10k-15k","positionId":2300763,"positionAdvantage":"平台大 前景广阔 后海边上","district":"西城区","createTime":"2016-08-29 16:33:39","companyLabelList":["午餐补助","弹性工作","美女多","扁平管理"],"approve":0,"companySize":"15-50人","score":0,"companyFullName":"北京哈哈尼创意互动科技有限公司","adWord":0,"formatCreateTime":"1天前发布","publisherId":5841659,"explain":null,"plus":null,"pcShow":0,"appShow":0,"deliver":0,"gradeDescription":null,"businessZones":["地安门","什刹海","后海"],"imState":"disabled","lastLogin":1472544025000},{"companyId":301,"positionName":"Android开发工程师","workYear":"1-3年","education":"本科","jobNature":"全职","financeStage":"成长型(A轮)","companyLogo":"image1/M00/0B/AD/CgYXBlTz3miAck4gAAA0c5cSPM0813.png","industryField":"移动互联网,教育","companyShortName":"课程格子","city":"北京","salary":"12k-22k","positionId":2300693,"positionAdvantage":"五险一金+租房补贴+定制三餐+弹性工作时间","district":"东城区","createTime":"2016-08-29 16:26:57","companyLabelList":["年底双薪","岗位晋升","定期体检","五险一金"],"approve":1,"companySize":"15-50人","score":0,"companyFullName":"北京亿维科睿科技有限公司","adWord":0,"formatCreateTime":"1天前发布","publisherId":870,"explain":null,"plus":null,"pcShow":0,"appShow":0,"deliver":0,"gradeDescription":null,"businessZones":["左家庄","柳芳","东直门"],"imState":"today","lastLogin":1472566544000},{"companyId":17407,"positionName":"Android","workYear":"3-5年","education":"本科","jobNature":"全职","financeStage":"上市公司","companyLogo":"image1/M00/18/F2/CgYXBlUXUX6AVVIjAACH7siyo5M824.JPG","industryField":"金融","companyShortName":"中科软","city":"北京","salary":"15k-22k","positionId":1882602,"positionAdvantage":"稳定平台、团队氛围好，16薪，七险一金，","district":"昌平区","createTime":"2016-08-29 16:23:56","companyLabelList":["节日礼物","绩效奖金","定期体检","五险一金"],"approve":1,"companySize":"2000人以上","score":0,"companyFullName":"中科软科技股份有限公司","adWord":0,"formatCreateTime":"1天前发布","publisherId":2698895,"explain":null,"plus":null,"pcShow":0,"appShow":0,"deliver":0,"gradeDescription":null,"businessZones":["西二旗","龙泽","回龙观"],"imState":"disabled","lastLogin":1472546682000},{"companyId":113074,"positionName":"Android研发工程师","workYear":"3-5年","education":"本科","jobNature":"全职","financeStage":"成长型(不需要融资)","companyLogo":"i/image/M00/02/D3/CgqKkVad63qAFTesAAI40314caU296.png","industryField":"金融,移动互联网","companyShortName":"合众国金","city":"北京","salary":"15k-25k","positionId":1956444,"positionAdvantage":"发展空间大，福利待遇好","district":"海淀区","createTime":"2016-08-29 16:18:40","companyLabelList":["绩效奖金","带薪年假","通讯津贴","午餐补助"],"approve":0,"companySize":"50-150人","score":0,"companyFullName":"吉林北方国际金融资产交易市场股份有限公司","adWord":0,"formatCreateTime":"1天前发布","publisherId":5340017,"explain":null,"plus":null,"pcShow":0,"appShow":0,"deliver":0,"gradeDescription":null,"businessZones":["四季青"],"imState":"today","lastLogin":1472525504000}]}},"code":0}