{"resubmitToken":null,"success":true,"requestId":null,"msg":null,"content":{"pageNo":27,"pageSize":15,"positionResult":{"totalCount":8899,"resultSize":15,"locationInfo":{"city":"北京","district":null,"queryByGisCode":false,"businessZone":null,"locationCode":null},"queryAnalysisInfo":{"positionName":"android","companyName":null,"industryName":null,"usefulCompany":false},"strategyProperty":{"name":"dm-csearch-newSimScorer","id":1},"result":[{"companyFullName":"乐视网信息技术（北京）股份有限公司","adWord":0,"companyId":114110,"formatCreateTime":"3天前发布","businessZones":["石佛营","姚家园","十里堡"],"imState":"disabled","lastLogin":1472573307000,"positionId":2206007,"industryField":"移动互联网","education":"本科","workYear":"1-3年","city":"北京","positionAdvantage":"有诱惑力的薪水，期权，上升空间。","createTime":"2016-08-27 18:31:04","salary":"17k-34k","positionName":"Android开发工程师-Android高级开发工程师","companySize":"2000人以上","companyShortName":"乐视","companyLogo":"i/image/M00/04/2B/Cgp3O1bGwzWAEAB4AAAbnMQCudk783.jpg","financeStage":"上市公司","approve":1,"jobNature":"全职","companyLabelList":["股票期权","交通补助","通讯津贴","带薪年假"],"district":"朝阳区","score":0,"publisherId":5858776,"explain":null,"plus":null,"pcShow":0,"appShow":0,"deliver":0,"gradeDescription":null},{"companyFullName":"北京黑米世纪网络科技有限公司","adWord":0,"companyId":118032,"formatCreateTime":"2016-08-26","businessZones":["万泉河","苏州桥","苏州街"],"imState":"today","lastLogin":1472547592000,"positionId":2254627,"industryField":"移动互联网,硬件","education":"大专","workYear":"3-5年","city":"北京","positionAdvantage":"有发展，有钱赚","createTime":"2016-08-26 13:30:46","salary":"10k-16k","positionName":"Android","companySize":"50-150人","companyShortName":"黑米科技","companyLogo":"i/image/M00/0E/B2/Cgp3O1bc7Z2AAhdFAABYZtk0O-Q952.png","financeStage":"成长型(A轮)","approve":0,"jobNature":"全职","companyLabelList":["带薪年假","午餐补助","交通补助","股票期权"],"district":"海淀区","score":0,"publisherId":4176892,"explain":null,"plus":null,"pcShow":0,"appShow":0,"deliver":0,"gradeDescription":null},{"companyFullName":"北京云中融信网络科技有限公司","adWord":0,"companyId":59949,"formatCreateTime":"2016-08-26","businessZones":["北苑","立水桥"],"imState":"sevenDays","lastLogin":1472186419000,"positionId":836793,"industryField":"移动互联网,数据服务","education":"本科","workYear":"3-5年","city":"北京","positionAdvantage":"产品市场前景极佳，福利好，领导赞","createTime":"2016-08-26 12:45:50","salary":"18k-36k","positionName":"高级Android开发工程师","companySize":"50-150人","companyShortName":"融云","companyLogo":"image1/M00/34/19/Cgo8PFWV_TyABkj0AAAgFevtc6Q192.png","financeStage":"初创型(天使轮)","approve":1,"jobNature":"全职","companyLabelList":["节日礼物","期权机会","带薪年假","岗位晋升"],"district":"朝阳区","score":0,"publisherId":1510436,"explain":null,"plus":null,"pcShow":0,"appShow":0,"deliver":0,"gradeDescription":null},{"companyFullName":"北京蜜莱坞网络科技有限公司","adWord":0,"companyId":59251,"formatCreateTime":"2016-08-26","businessZones":["望京","大山子","花家地"],"imState":"today","lastLogin":1472559160000,"positionId":2249936,"industryField":"移动互联网,文化娱乐","education":"本科","workYear":"3-5年","city":"北京","positionAdvantage":"福利完善,年底奖金,环境优美,帅哥美女","createTime":"2016-08-26 12:43:48","salary":"20k-30k","positionName":"Android高级开发工程师","companySize":"500-2000人","companyShortName":"映客直播","companyLogo":"i/image/M00/08/49/Cgp3O1bPycGAMj0hAAAgshBCvv4840.jpg","financeStage":"成长型(B轮)","approve":1,"jobNature":"全职","companyLabelList":["年底双薪","专项奖金","股票期权","带薪年假"],"district":"朝阳区","score":0,"publisherId":1467174,"explain":null,"plus":null,"pcShow":0,"appShow":0,"deliver":0,"gradeDescription":null},{"companyFullName":"国美金控投资有限公司","adWord":0,"companyId":98285,"formatCreateTime":"2016-08-26","businessZones":["亮马桥","三元桥","燕莎"],"imState":"disabled","lastLogin":1472191388000,"positionId":1371294,"industryField":"金融","education":"本科","workYear":"3-5年","city":"北京","positionAdvantage":"发展前景","createTime":"2016-08-26 12:34:40","salary":"15k-25k","positionName":"Android开发工程师","companySize":"50-150人","companyShortName":"国美金控","companyLogo":"image2/M00/09/5C/CgqLKVYI5uGAPmQtAAARsmUtKn0654.jpg?cc=0.5094771874137223","financeStage":"初创型(未融资)","approve":0,"jobNature":"全职","companyLabelList":["岗位晋升","扁平管理","五险一金"],"district":"朝阳区","score":0,"publisherId":2649994,"explain":null,"plus":null,"pcShow":0,"appShow":0,"deliver":0,"gradeDescription":null},{"companyFullName":"广州山立信息技术有限公司","adWord":0,"companyId":5926,"formatCreateTime":"2016-08-26","businessZones":["亦庄"],"imState":"disabled","lastLogin":1472559342000,"positionId":894401,"industryField":"移动互联网,企业服务","education":"不限","workYear":"3-5年","city":"北京","positionAdvantage":"五险一金 年底双薪","createTime":"2016-08-26 12:29:59","salary":"15k-25k","positionName":"Android软件开发工程师","companySize":"15-50人","companyShortName":"山立信息","companyLogo":"images/logo_default.png","financeStage":"初创型(未融资)","approve":0,"jobNature":"全职","companyLabelList":["五险一金","带薪年假","节日礼物","岗位晋升"],"district":"大兴区","score":0,"publisherId":60450,"explain":null,"plus":null,"pcShow":0,"appShow":0,"deliver":0,"gradeDescription":null},{"companyFullName":"众巢医药咨询（上海）有限公司","adWord":0,"companyId":107548,"formatCreateTime":"2016-08-26","businessZones":["建外大街","CBD","国贸"],"imState":"today","lastLogin":1472540981000,"positionId":1337818,"industryField":"教育,医疗健康","education":"本科","workYear":"3-5年","city":"北京","positionAdvantage":"五险一金，奖金丰厚，交通便利，弹性工作","createTime":"2016-08-26 11:59:03","salary":"10k-15k","positionName":"android 开发工程师","companySize":"50-150人","companyShortName":"众巢医学","companyLogo":"i/image/M00/00/C6/CgqKkVZVX7GAcnVIAAAN16ZtxSg464.jpg","financeStage":"成长型(不需要融资)","approve":0,"jobNature":"全职","companyLabelList":null,"district":"朝阳区","score":0,"publisherId":3220546,"explain":null,"plus":null,"pcShow":0,"appShow":0,"deliver":0,"gradeDescription":null},{"companyFullName":"北京热源网络文化传媒有限公司","adWord":0,"companyId":20315,"formatCreateTime":"2016-08-26","businessZones":["双桥","管庄","定福庄"],"imState":"today","lastLogin":1472547027000,"positionId":2085865,"industryField":"移动互联网,数据服务","education":"不限","workYear":"1-3年","city":"北京","positionAdvantage":"高薪 办公环境佳 福利好 交通便利","createTime":"2016-08-26 11:41:14","salary":"10k-15k","positionName":"Android开发","companySize":"150-500人","companyShortName":"热源传媒","companyLogo":"i/image/M00/41/F6/CgqKkVd-CBiAdG5IAABLBrsN_eE749.jpg","financeStage":"成长型(A轮)","approve":0,"jobNature":"全职","companyLabelList":["绩效奖金","带薪年假","节日礼物","年度旅游"],"district":"朝阳区","score":0,"publisherId":233325,"explain":null,"plus":null,"pcShow":0,"appShow":0,"deliver":0,"gradeDescription":null},{"companyFullName":"深圳市迅雷网络技术有限公司","adWord":0,"companyId":101,"formatCreateTime":"2016-08-26","businessZones":["北京大学","中关村","苏州街","北京大学","中关村","苏州街"],"imState":"today","lastLogin":1472555729000,"positionId":1468430,"industryField":"移动互联网","education":"本科","workYear":"3-5年","city":"北京","positionAdvantage":"早餐，下午茶，水果无限量，有竞争力的薪酬","createTime":"2016-08-26 11:22:52","salary":"15k-25k","positionName":"Android","companySize":"500-2000人","companyShortName":"迅雷","companyLogo":"image1/M00/00/01/Cgo8PFTUV_SADj9rAABrXBj73Q8580.jpg","financeStage":"上市公司","approve":1,"jobNature":"全职","companyLabelList":["年底双薪","节日礼物","技能培训","免费班车"],"district":"海淀区","score":0,"publisherId":3003531,"explain":null,"plus":null,"pcShow":0,"appShow":0,"deliver":0,"gradeDescription":null},{"companyFullName":"新浪微博","adWord":0,"companyId":25021,"formatCreateTime":"2016-08-26","businessZones":["北京大学","中关村","苏州街"],"imState":"today","lastLogin":1472525947000,"positionId":474952,"industryField":"移动互联网,社交网络","education":"本科","workYear":"3-5年","city":"北京","positionAdvantage":"亿级用户量APP，平台好","createTime":"2016-08-26 11:12:03","salary":"16k-30k","positionName":"Android高级工程师","companySize":"2000人以上","companyShortName":"新浪微博","companyLogo":"image1/M00/2A/10/Cgo8PFVpRQWAIyMQAABwOlPdDJ4570.png","financeStage":"上市公司","approve":0,"jobNature":"全职","companyLabelList":["技能培训","股票期权","带薪年假","绩效奖金"],"district":"海淀区","score":0,"publisherId":1347334,"explain":null,"plus":null,"pcShow":0,"appShow":0,"deliver":0,"gradeDescription":null},{"companyFullName":"北京快乐智慧科技有限责任公司","adWord":0,"companyId":145360,"formatCreateTime":"2016-08-26","businessZones":["中关村","人民大学"],"imState":"disabled","lastLogin":1472440248000,"positionId":2291992,"industryField":"移动互联网,教育","education":"本科","workYear":"3-5年","city":"北京","positionAdvantage":"技术氛围浓厚、弹性工作制、无限量水果零食","createTime":"2016-08-26 10:58:12","salary":"10k-15k","positionName":"安卓软件测试工程师","companySize":"50-150人","companyShortName":"快乐智慧","companyLogo":"i/image/M00/53/A4/CgqKkVe_rneAU-POAAANP7cBltM068.png","financeStage":"初创型(未融资)","approve":0,"jobNature":"全职","companyLabelList":null,"district":"海淀区","score":0,"publisherId":3758061,"explain":null,"plus":null,"pcShow":0,"appShow":0,"deliver":0,"gradeDescription":null},{"companyFullName":"北京车之家信息技术有限公司","adWord":0,"companyId":8103,"formatCreateTime":"2016-08-26","businessZones":["中关村","双榆树","双安"],"imState":"disabled","lastLogin":1472547263000,"positionId":1924501,"industryField":"移动互联网,文化娱乐","education":"大专","workYear":"1-3年","city":"北京","positionAdvantage":"发展前景好，工作氛围好","createTime":"2016-08-26 10:53:34","salary":"10k-20k","positionName":"Android","companySize":"2000人以上","companyShortName":"汽车之家","companyLogo":"i/image/M00/01/80/CgqKkVZuPraAN3O6AACFeBgN7dY620.jpg","financeStage":"上市公司","approve":1,"jobNature":"全职","companyLabelList":["技能培训","节日礼物","带薪年假","绩效奖金"],"district":"海淀区","score":0,"publisherId":4556316,"explain":null,"plus":null,"pcShow":0,"appShow":0,"deliver":0,"gradeDescription":null},{"companyFullName":"北京每日优鲜电子商务有限公司","adWord":0,"companyId":39934,"formatCreateTime":"2016-08-26","businessZones":null,"imState":"today","lastLogin":1472555740000,"positionId":2291770,"industryField":"移动互联网,电子商务","education":"本科","workYear":"3-5年","city":"北京","positionAdvantage":"腾讯投资电商创业公司 牛人巨多 氛围超好","createTime":"2016-08-26 10:41:29","salary":"15k-30k","positionName":"Android","companySize":"150-500人","companyShortName":"每日优鲜","companyLogo":"image1/M00/33/F0/CgYXBlWVHo2AJ2kfAADcOU-43sg621.jpg","financeStage":"成长型(B轮)","approve":1,"jobNature":"全职","companyLabelList":["节日礼物","年度旅游","岗位晋升","管理规范"],"district":null,"score":0,"publisherId":785866,"explain":null,"plus":null,"pcShow":0,"appShow":0,"deliver":0,"gradeDescription":null},{"companyFullName":"上海中科软科技有限公司","adWord":0,"companyId":122195,"formatCreateTime":"2016-08-26","businessZones":["广渠门","花市","光明楼"],"imState":"disabled","lastLogin":1472537314000,"positionId":2291727,"industryField":"其他","education":"本科","workYear":"1-3年","city":"北京","positionAdvantage":"高新挖掘潜质人才，福利待遇佳","createTime":"2016-08-26 10:36:24","salary":"6k-10k","positionName":"WAP网站开发及手机应用程序开发（如安卓手机开发）","companySize":"2000人以上","companyShortName":"上海中科软","companyLogo":"i/image/M00/1A/75/Cgp3O1b6MaOAZXLtAACTPQ-sFus748.png","financeStage":"成熟型(不需要融资)","approve":0,"jobNature":"全职","companyLabelList":null,"district":"东城区","score":0,"publisherId":4672776,"explain":null,"plus":null,"pcShow":0,"appShow":0,"deliver":0,"gradeDescription":null},{"companyFullName":"北京一猫汽车科技有限公司","adWord":0,"companyId":4282,"formatCreateTime":"2016-08-26","businessZones":null,"imState":"today","lastLogin":1472554859000,"positionId":1642343,"industryField":"电子商务,O2O","education":"不限","workYear":"1-3年","city":"北京","positionAdvantage":"给钱给发展，自主空间，买车优惠，猫女郎","createTime":"2016-08-26 10:36:20","salary":"12k-18k","positionName":"Android","companySize":"150-500人","companyShortName":"一猫汽车网","companyLogo":"i/image/M00/48/B0/CgqKkVeVbgOAYVgEAADoJGLfBJM143.png","financeStage":"成长型(A轮)","approve":1,"jobNature":"全职","companyLabelList":["懂车爱车","肯干会玩","敢想敢做","猫女郎"],"district":"海淀区","score":0,"publisherId":41192,"explain":null,"plus":null,"pcShow":0,"appShow":0,"deliver":0,"gradeDescription":null}]}},"code":0}