{"success":true,"requestId":null,"msg":null,"resubmitToken":null,"content":{"pageNo":23,"pageSize":15,"positionResult":{"resultSize":15,"totalCount":8899,"locationInfo":{"city":"北京","district":null,"queryByGisCode":false,"locationCode":null,"businessZone":null},"queryAnalysisInfo":{"positionName":"android","companyName":null,"usefulCompany":false,"industryName":null},"strategyProperty":{"name":"dm-csearch-newSimScorer","id":1},"result":[{"createTime":"2016-08-29 10:08:17","formatCreateTime":"1天前发布","companyId":67891,"positionName":"Android Leader","workYear":"5-10年","education":"本科","jobNature":"全职","companyShortName":"创投圈","city":"北京","salary":"25k-30k","financeStage":"成长型(A轮)","positionId":1946204,"companyLogo":"image1/M00/24/1D/Cgo8PFVK7ZOAV-XqAAB01ow0B70745.jpg","positionAdvantage":"年底双薪 弹性工作 午餐福利","approve":0,"district":"海淀区","score":0,"companyLabelList":["技能培训","节日礼物","股票期权","绩效奖金"],"industryField":"金融","companySize":"15-50人","imState":"today","lastLogin":1472552522000,"publisherId":5299643,"explain":null,"plus":null,"pcShow":0,"appShow":0,"deliver":0,"gradeDescription":null,"businessZones":["苏州街","北京大学","颐和园"],"companyFullName":"创投圈","adWord":0},{"createTime":"2016-08-29 09:57:43","formatCreateTime":"1天前发布","companyId":7368,"positionName":"Android 高级","workYear":"5-10年","education":"本科","jobNature":"全职","companyShortName":"中教美育","city":"北京","salary":"20k-40k","financeStage":"初创型(未融资)","positionId":1658609,"companyLogo":"i/image/M00/0C/BF/CgqKkVbX4j6ACp_5AABDat0t95k660.jpg","positionAdvantage":"开放式工作环境；弹性工作；福利待遇好","approve":1,"district":"海淀区","score":0,"companyLabelList":["专项奖金","年终分红","年度旅游","弹性工作"],"industryField":"移动互联网,教育","companySize":"50-150人","imState":"threeDays","lastLogin":1472452205000,"publisherId":4339225,"explain":null,"plus":null,"pcShow":0,"appShow":0,"deliver":0,"gradeDescription":null,"businessZones":["香山"],"companyFullName":"北京中教美育科技有限公司","adWord":0},{"createTime":"2016-08-29 09:12:50","formatCreateTime":"1天前发布","companyId":114110,"positionName":"Android高级开发工程师（手机方向）","workYear":"3-5年","education":"本科","jobNature":"全职","companyShortName":"乐视","city":"北京","salary":"15k-25k","financeStage":"上市公司","positionId":1999158,"companyLogo":"i/image/M00/04/2B/Cgp3O1bGwzWAEAB4AAAbnMQCudk783.jpg","positionAdvantage":"全员持股，16薪，班车等","approve":1,"district":"朝阳区","score":0,"companyLabelList":["股票期权","交通补助","通讯津贴","带薪年假"],"industryField":"移动互联网","companySize":"2000人以上","imState":"disabled","lastLogin":1472438833000,"publisherId":3959,"explain":null,"plus":null,"pcShow":0,"appShow":0,"deliver":0,"gradeDescription":null,"businessZones":["石佛营","姚家园","十里堡"],"companyFullName":"乐视网信息技术（北京）股份有限公司","adWord":0},{"createTime":"2016-08-28 23:12:39","formatCreateTime":"2天前发布","companyId":110097,"positionName":"Android开发工程师","workYear":"1-3年","education":"不限","jobNature":"全职","companyShortName":"百联力创","city":"北京","salary":"10k-20k","financeStage":"初创型(不需要融资)","positionId":1343603,"companyLogo":"i/image/M00/01/81/CgqKkVZuWtSAUzeDAAAQ4cxDsD8804.jpg","positionAdvantage":"团队氛围 上升空间","approve":0,"district":"海淀区","score":0,"companyLabelList":null,"industryField":"移动互联网","companySize":"15-50人","imState":"threeDays","lastLogin":1472399643000,"publisherId":3545820,"explain":null,"plus":null,"pcShow":0,"appShow":0,"deliver":0,"gradeDescription":null,"businessZones":["颐和园","苏州街","万泉河"],"companyFullName":"北京百联力创信息技术有限公司","adWord":0},{"createTime":"2016-08-28 18:31:24","formatCreateTime":"2天前发布","companyId":118252,"positionName":"Android高级开发工程师","workYear":"3-5年","education":"本科","jobNature":"全职","companyShortName":"酷迈盟科技","city":"北京","salary":"25k-35k","financeStage":"成长型(A轮)","positionId":2296791,"companyLogo":"i/image/M00/0F/73/CgqKkVbeKzWAUSPLAAAydcgKXFE418.png","positionAdvantage":"45万左右","approve":0,"district":"海淀区","score":0,"companyLabelList":["年底双薪","股票期权","午餐补助","通讯津贴"],"industryField":"O2O,移动互联网","companySize":"50-150人","imState":"today","lastLogin":1472573344000,"publisherId":4411736,"explain":null,"plus":null,"pcShow":0,"appShow":0,"deliver":0,"gradeDescription":null,"businessZones":["蓟门桥","知春路","学院路"],"companyFullName":"深圳酷迈盟科技有限公司","adWord":0},{"createTime":"2016-08-28 11:36:08","formatCreateTime":"2天前发布","companyId":50702,"positionName":"Android","workYear":"3-5年","education":"本科","jobNature":"全职","companyShortName":"美团点评","city":"北京","salary":"15k-30k","financeStage":"成熟型(D轮及以上)","positionId":2296497,"companyLogo":"i/image/M00/4B/6C/CgqKkVefHv-AFoRzAAAuALF7ZZ0419.png","positionAdvantage":"核心部门，平台大，待遇优，发展空间大","approve":1,"district":"朝阳区","score":0,"companyLabelList":["技能培训","绩效奖金","岗位晋升","领导好"],"industryField":"移动互联网,O2O","companySize":"2000人以上","imState":"today","lastLogin":1472555393000,"publisherId":1504547,"explain":null,"plus":null,"pcShow":0,"appShow":0,"deliver":0,"gradeDescription":null,"businessZones":["望京","来广营"],"companyFullName":"北京三快在线科技有限公司","adWord":0},{"createTime":"2016-08-27 18:43:47","formatCreateTime":"3天前发布","companyId":24186,"positionName":"高级Android开发工程师","workYear":"3-5年","education":"本科","jobNature":"全职","companyShortName":"名厨","city":"北京","salary":"15k-30k","financeStage":"初创型(不需要融资)","positionId":2296245,"companyLogo":"i/image/M00/3A/53/CgqKkVdpAoyAFaSTAAHcX4hheIU903.png","positionAdvantage":"六险一金,弹性工作,零食下午茶,团队活动","approve":1,"district":"朝阳区","score":0,"companyLabelList":["六险一金","扁平管理","弹性工作","管理规范"],"industryField":"移动互联网,广告营销","companySize":"15-50人","imState":"today","lastLogin":1472561248000,"publisherId":285619,"explain":null,"plus":null,"pcShow":0,"appShow":0,"deliver":0,"gradeDescription":null,"businessZones":null,"companyFullName":"北京早耕田国际广告有限公司","adWord":0},{"createTime":"2016-08-27 17:58:15","formatCreateTime":"3天前发布","companyId":104249,"positionName":"Android","workYear":"不限","education":"本科","jobNature":"全职","companyShortName":"住范儿","city":"北京","salary":"12k-24k","financeStage":"初创型(天使轮)","positionId":2296206,"companyLogo":"i/image/M00/22/35/Cgp3O1cUdqiAXPk3AACmIzz-pv0928.jpg","positionAdvantage":"蓬勃发展的互联网家装公司，融资、营收充足","approve":0,"district":"海淀区","score":0,"companyLabelList":["技能培训","节日礼物","股票期权","扁平管理"],"industryField":"移动互联网,电子商务","companySize":"15-50人","imState":"today","lastLogin":1472577194000,"publisherId":3036269,"explain":null,"plus":null,"pcShow":0,"appShow":0,"deliver":0,"gradeDescription":null,"businessZones":["西直门","交通大学"],"companyFullName":"北京水木优品科技有限公司","adWord":0},{"createTime":"2016-08-27 14:07:44","formatCreateTime":"3天前发布","companyId":1249,"positionName":"Android framework工程师","workYear":"3-5年","education":"本科","jobNature":"全职","companyShortName":"出门问问","city":"北京","salary":"15k-30k","financeStage":"成熟型(C轮)","positionId":643287,"companyLogo":"image1/M00/40/3A/CgYXBlXC_4OASRgsAAAislBu0uU808.jpg","positionAdvantage":"免费午餐，行业大牛带队，谷歌技术氛围","approve":1,"district":"海淀区","score":0,"companyLabelList":["帅哥多","美女多","绩效奖金","股票期权"],"industryField":"移动互联网,O2O","companySize":"150-500人","imState":"disabled","lastLogin":1472549255000,"publisherId":7931,"explain":null,"plus":null,"pcShow":0,"appShow":0,"deliver":0,"gradeDescription":null,"businessZones":["中关村","北京大学","苏州街"],"companyFullName":"北京羽扇智信息科技有限公司","adWord":0},{"createTime":"2016-08-27 13:33:16","formatCreateTime":"3天前发布","companyId":48567,"positionName":"Android开发（应届硕士）","workYear":"应届毕业生","education":"硕士","jobNature":"全职","companyShortName":"图简","city":"北京","salary":"8k-12k","financeStage":"成长型(A轮)","positionId":2229756,"companyLogo":"i/image/M00/02/F3/Cgp3O1ah5-OAM8hoAAB2pfCG4cU694.png","positionAdvantage":"博士带队 团队积极向上充满活力 福利待遇好","approve":1,"district":"海淀区","score":0,"companyLabelList":["五险一金","午餐补助","节日礼物","技能培训"],"industryField":"移动互联网,社交网络","companySize":"15-50人","imState":"today","lastLogin":1472558020000,"publisherId":947192,"explain":null,"plus":null,"pcShow":0,"appShow":0,"deliver":0,"gradeDescription":null,"businessZones":["中关村"],"companyFullName":"北京时序易简科技有限公司","adWord":0},{"createTime":"2016-08-27 12:15:36","formatCreateTime":"3天前发布","companyId":114259,"positionName":"Android培训讲师","workYear":"3-5年","education":"大专","jobNature":"全职","companyShortName":"北京八维研修学院","city":"北京","salary":"15k-25k","financeStage":"初创型(未融资)","positionId":1552679,"companyLogo":"i/image/M00/03/9A/CgqKkVbBkYyAV_3AAAAYK2bvgTg524.png","positionAdvantage":"五险一金 带薪年假","approve":1,"district":"海淀区","score":0,"companyLabelList":null,"industryField":"教育","companySize":"2000人以上","imState":"today","lastLogin":1472573934000,"publisherId":4325920,"explain":null,"plus":null,"pcShow":0,"appShow":0,"deliver":0,"gradeDescription":null,"businessZones":["上地","马连洼","西二旗"],"companyFullName":"北京八维研修学院","adWord":0},{"createTime":"2016-08-27 11:48:37","formatCreateTime":"3天前发布","companyId":123003,"positionName":"Android工程师","workYear":"1-3年","education":"本科","jobNature":"全职","companyShortName":"Instreet","city":"北京","salary":"10k-20k","financeStage":"初创型(天使轮)","positionId":2043451,"companyLogo":"i/image/M00/1F/E8/Cgp3O1cMqqKANl75AAJOV_w8ZvE144.jpg","positionAdvantage":"独立负责一个项目、期权激励、免费午餐","approve":0,"district":"朝阳区","score":0,"companyLabelList":["领导好","年轻有为","年底奖金","弹性工作"],"industryField":"社交网络,移动互联网","companySize":"15-50人","imState":"today","lastLogin":1472564938000,"publisherId":69424,"explain":null,"plus":null,"pcShow":0,"appShow":0,"deliver":0,"gradeDescription":null,"businessZones":["南磨房","大望路","百子湾"],"companyFullName":"九十九街区（北京）科技责任有限公司","adWord":0},{"createTime":"2016-08-26 20:17:32","formatCreateTime":"2016-08-26","companyId":22666,"positionName":"高级安卓开发工程师","workYear":"3-5年","education":"本科","jobNature":"全职","companyShortName":"会小二网","city":"北京","salary":"15k-30k","financeStage":"成长型(B轮)","positionId":2295379,"companyLogo":"image1/M00/00/2B/CgYXBlTUXHCAT83lAABvfj5-5FQ245.jpg","positionAdvantage":"行业领先，顶级VC投资，精英团队，股票期权","approve":1,"district":"朝阳区","score":0,"companyLabelList":["和牛人工作","高颜值团队","学习型组织","成事的决心"],"industryField":"移动互联网,O2O","companySize":"50-150人","imState":"today","lastLogin":1472560967000,"publisherId":263482,"explain":null,"plus":null,"pcShow":0,"appShow":0,"deliver":0,"gradeDescription":null,"businessZones":["石佛营","姚家园","十里堡"],"companyFullName":"北京云动数字媒体技术有限公司","adWord":0},{"createTime":"2016-08-26 19:52:13","formatCreateTime":"2016-08-26","companyId":46591,"positionName":"Android研发工程师","workYear":"3-5年","education":"不限","jobNature":"全职","companyShortName":"车互帮","city":"北京","salary":"15k-20k","financeStage":"初创型(不需要融资)","positionId":2295353,"companyLogo":"image1/M00/35/D8/Cgo8PFWcyV2AQ06zAAAaoqD8PCU998.png","positionAdvantage":"上市公司,工资,奖金,旅游","approve":0,"district":"海淀区","score":0,"companyLabelList":["年底双薪","股票期权","专项奖金","带薪年假"],"industryField":"移动互联网","companySize":"15-50人","imState":"today","lastLogin":1472519107000,"publisherId":899926,"explain":null,"plus":null,"pcShow":0,"appShow":0,"deliver":0,"gradeDescription":null,"businessZones":["上地","马连洼","西二旗"],"companyFullName":"车互帮北京科技有限公司","adWord":0},{"createTime":"2016-08-26 19:50:58","formatCreateTime":"2016-08-26","companyId":104601,"positionName":"android","workYear":"3-5年","education":"本科","jobNature":"全职","companyShortName":"百度外卖","city":"北京","salary":"15k-30k","financeStage":"成长型(B轮)","positionId":1368027,"companyLogo":"image2/M00/13/09/CgpzWlY5nAyATp-rAABoQyerlBE060.jpg?cc=0.10944942501373589","positionAdvantage":"技术氛围佳，靠谱领导","approve":0,"district":"海淀区","score":0,"companyLabelList":["带薪年假","岗位晋升","领导好","通讯津贴"],"industryField":"O2O,生活服务","companySize":"500-2000人","imState":"disabled","lastLogin":1472540635000,"publisherId":3610125,"explain":null,"plus":null,"pcShow":0,"appShow":0,"deliver":0,"gradeDescription":null,"businessZones":["上地","马连洼","西二旗"],"companyFullName":"百度外卖","adWord":0}]}},"code":0}