{"success":true,"requestId":null,"msg":null,"resubmitToken":null,"content":{"pageNo":42,"pageSize":15,"positionResult":{"totalCount":8899,"resultSize":15,"locationInfo":{"queryByGisCode":false,"businessZone":null,"locationCode":null,"city":"北京","district":null},"queryAnalysisInfo":{"industryName":null,"usefulCompany":false,"positionName":"android","companyName":null},"strategyProperty":{"name":"dm-csearch-newSimScorer","id":1},"result":[{"companyId":103197,"positionName":"Android Framework工程师","workYear":"1-3年","education":"本科","jobNature":"全职","financeStage":"成长型(A轮)","companyLogo":"image2/M00/10/DB/CgqLKVYwIdCACOyQAAAdCH55mfo746.jpg?cc=0.559415721334517","industryField":"移动互联网","companyShortName":"达闼科技","city":"北京","salary":"20k-40k","positionId":1206800,"positionAdvantage":"有期权，待遇优厚，技术发展前景广阔","district":"朝阳区","createTime":"2016-08-24 15:46:46","companyLabelList":["年底双薪","股票期权","带薪年假","扁平管理"],"approve":1,"companySize":"150-500人","score":0,"companyFullName":"达闼科技（北京）有限公司","adWord":0,"formatCreateTime":"2016-08-24","publisherId":1688294,"explain":null,"plus":null,"pcShow":0,"appShow":0,"deliver":0,"gradeDescription":null,"businessZones":null,"imState":"threeDays","lastLogin":1472460279000},{"companyId":50702,"positionName":"Android","workYear":"3-5年","education":"本科","jobNature":"全职","financeStage":"成熟型(D轮及以上)","companyLogo":"i/image/M00/4B/6C/CgqKkVefHv-AFoRzAAAuALF7ZZ0419.png","industryField":"移动互联网,O2O","companyShortName":"美团点评","city":"北京","salary":"20k-40k","positionId":683383,"positionAdvantage":"五险一金,班车服务,期权激励","district":"朝阳区","createTime":"2016-08-24 15:38:16","companyLabelList":["技能培训","绩效奖金","岗位晋升","领导好"],"approve":1,"companySize":"2000人以上","score":0,"companyFullName":"北京三快在线科技有限公司","adWord":0,"formatCreateTime":"2016-08-24","publisherId":1717874,"explain":null,"plus":null,"pcShow":0,"appShow":0,"deliver":0,"gradeDescription":null,"businessZones":["望京","来广营"],"imState":"disabled","lastLogin":1472531752000},{"companyId":19687,"positionName":"Android工程师","workYear":"3-5年","education":"大专","jobNature":"全职","financeStage":"成长型(不需要融资)","companyLogo":"image1/M00/35/49/Cgo8PFWbbwCAbQaDAAA7FpTU5cE193.png","industryField":"移动互联网,电子商务","companyShortName":"神州数码品众","city":"北京","salary":"9k-15k","positionId":1463187,"positionAdvantage":"六险一金，午餐补助，年度体检等","district":"海淀区","createTime":"2016-08-24 13:55:10","companyLabelList":["五险一金","带薪年假","午餐补助","定期体检"],"approve":0,"companySize":"150-500人","score":0,"companyFullName":"北京神州数码品众科技有限公司","adWord":0,"formatCreateTime":"2016-08-24","publisherId":224313,"explain":null,"plus":null,"pcShow":0,"appShow":0,"deliver":0,"gradeDescription":null,"businessZones":["西二旗","龙泽","回龙观"],"imState":"today","lastLogin":1472549024000},{"companyId":89918,"positionName":"Android Architect","workYear":"5-10年","education":"本科","jobNature":"全职","financeStage":"成熟型(不需要融资)","companyLogo":"image1/M00/43/69/Cgo8PFXRc02AdHyJAAAZ3Ey9DvI764.jpg?cc=0.6724678159225732","industryField":"移动互联网,其他","companyShortName":"Symphony Teleca","city":"北京","salary":"12k-24k","positionId":2213503,"positionAdvantage":"外资 福利待遇完善 出国机会","district":"朝阳区","createTime":"2016-08-24 13:23:04","companyLabelList":["节日礼物","年底双薪","带薪年假","年度旅游"],"approve":1,"companySize":"2000人以上","score":0,"companyFullName":"泰立嘉（成都）科技有限公司","adWord":0,"formatCreateTime":"2016-08-24","publisherId":2323211,"explain":null,"plus":null,"pcShow":0,"appShow":0,"deliver":0,"gradeDescription":null,"businessZones":["呼家楼","京广桥","朝外"],"imState":"disabled","lastLogin":1472461534000},{"companyId":85678,"positionName":"Android研发工程师","workYear":"5-10年","education":"本科","jobNature":"全职","financeStage":"成熟型(不需要融资)","companyLogo":"image2/M00/0B/B9/CgqLKVYZ_pSAFSJQAAAfywp4sd0270.png?cc=0.602028943862259","industryField":"企业服务","companyShortName":"中电普华","city":"北京","salary":"8k-15k","positionId":1235003,"positionAdvantage":"大平台、快速成长、成就事业的地方","district":"海淀区","createTime":"2016-08-24 12:44:22","companyLabelList":null,"approve":0,"companySize":"500-2000人","score":0,"companyFullName":"北京中电普华信息技术有限公司","adWord":0,"formatCreateTime":"2016-08-24","publisherId":3078654,"explain":null,"plus":null,"pcShow":0,"appShow":0,"deliver":0,"gradeDescription":null,"businessZones":["上地","马连洼","西二旗"],"imState":"disabled","lastLogin":1472519267000},{"companyId":7600,"positionName":"Android SDK开发工程师","workYear":"不限","education":"不限","jobNature":"全职","financeStage":"成熟型(C轮)","companyLogo":"image1/M00/00/10/CgYXBlTUWC2ASYrnAABuwzfgc6w122.jpg","industryField":"移动互联网","companyShortName":"TalkingData","city":"北京","salary":"15k-30k","positionId":852472,"positionAdvantage":"创新方向；高于同行薪资；东直门便利交通","district":"东城区","createTime":"2016-08-24 11:55:05","companyLabelList":["股票期权","精英团队","扁平管理","海量数据"],"approve":1,"companySize":"150-500人","score":0,"companyFullName":"北京腾云天下科技有限公司","adWord":0,"formatCreateTime":"2016-08-24","publisherId":88072,"explain":null,"plus":null,"pcShow":0,"appShow":0,"deliver":0,"gradeDescription":null,"businessZones":["东直门","三里屯","左家庄"],"imState":"today","lastLogin":1472569439000},{"companyId":3786,"positionName":"Android开发工程师","workYear":"3-5年","education":"本科","jobNature":"全职","financeStage":"成熟型(不需要融资)","companyLogo":"i/image/M00/01/C8/Cgp3O1Z3lASAVbZHAABCha8eqHY645.jpg","industryField":"移动互联网,金融","companyShortName":"宜信","city":"北京","salary":"15k-30k","positionId":2281489,"positionAdvantage":"牛人团队公司平台大福利待遇好升值空间大","district":"朝阳区","createTime":"2016-08-24 11:49:30","companyLabelList":["管理规范","技能培训","扁平管理","弹性工作"],"approve":1,"companySize":"2000人以上","score":0,"companyFullName":"普信恒业科技发展（北京）有限公司","adWord":0,"formatCreateTime":"2016-08-24","publisherId":5769086,"explain":null,"plus":null,"pcShow":0,"appShow":0,"deliver":0,"gradeDescription":null,"businessZones":["大望路"],"imState":"today","lastLogin":1472549383000},{"companyId":3950,"positionName":"Android","workYear":"1-3年","education":"本科","jobNature":"全职","financeStage":"成熟型(C轮)","companyLogo":"image1/M00/00/0A/CgYXBlTUWBWAUFOSAABYoBOBvGM636.jpg","industryField":"移动互联网,数据服务","companyShortName":"销售易","city":"北京","salary":"15k-25k","positionId":2281440,"positionAdvantage":"周末双休 五险一金 年底双薪 发展空间大","district":"朝阳区","createTime":"2016-08-24 11:44:48","companyLabelList":["技能培训","节日礼物","年底双薪","绩效奖金"],"approve":1,"companySize":"150-500人","score":0,"companyFullName":"仁科互动（北京）信息科技有限公司","adWord":0,"formatCreateTime":"2016-08-24","publisherId":2977440,"explain":null,"plus":null,"pcShow":0,"appShow":0,"deliver":0,"gradeDescription":null,"businessZones":["朝外","京广桥","东大桥"],"imState":"today","lastLogin":1472564887000},{"companyId":122158,"positionName":"Android","workYear":"1-3年","education":"本科","jobNature":"全职","financeStage":"初创型(天使轮)","companyLogo":"i/image/M00/1A/68/Cgp3O1b6H_eAfUPpAAAIKkq_o1g594.png","industryField":"其他,分类信息","companyShortName":"北京百米站信息技术有限公司","city":"北京","salary":"9k-12k","positionId":2281414,"positionAdvantage":"新兴行业,五险一金","district":"朝阳区","createTime":"2016-08-24 11:43:25","companyLabelList":null,"approve":0,"companySize":"50-150人","score":0,"companyFullName":"北京百米站信息技术有限公司","adWord":0,"formatCreateTime":"2016-08-24","publisherId":4567321,"explain":null,"plus":null,"pcShow":0,"appShow":0,"deliver":0,"gradeDescription":null,"businessZones":["百子湾","四惠","八里庄"],"imState":"disabled","lastLogin":1472454079000},{"companyId":6774,"positionName":"Android","workYear":"1-3年","education":"本科","jobNature":"全职","financeStage":"成熟型(不需要融资)","companyLogo":"image1/M00/00/0E/CgYXBlTUWCaAd9kEAAC6HJLNsY8968.png","industryField":"移动互联网,文化娱乐","companyShortName":"酷我音乐","city":"北京","salary":"15k-25k","positionId":503798,"positionAdvantage":"薪资高，平台好","district":"海淀区","createTime":"2016-08-24 11:39:46","companyLabelList":["绩效奖金","五险一金","带薪年假","午餐补助"],"approve":0,"companySize":"500-2000人","score":0,"companyFullName":"北京酷我科技有限公司","adWord":0,"formatCreateTime":"2016-08-24","publisherId":1450439,"explain":null,"plus":null,"pcShow":0,"appShow":0,"deliver":0,"gradeDescription":null,"businessZones":["双榆树","中关村","大钟寺"],"imState":"today","lastLogin":1472552414000},{"companyId":114110,"positionName":"Android高级工程师","workYear":"1-3年","education":"本科","jobNature":"全职","financeStage":"上市公司","companyLogo":"i/image/M00/04/2B/Cgp3O1bGwzWAEAB4AAAbnMQCudk783.jpg","industryField":"移动互联网","companyShortName":"乐视","city":"北京","salary":"15k-25k","positionId":2278431,"positionAdvantage":"TV端app开发","district":null,"createTime":"2016-08-24 11:31:34","companyLabelList":["股票期权","交通补助","通讯津贴","带薪年假"],"approve":1,"companySize":"2000人以上","score":0,"companyFullName":"乐视网信息技术（北京）股份有限公司","adWord":0,"formatCreateTime":"2016-08-24","publisherId":3676193,"explain":null,"plus":null,"pcShow":0,"appShow":0,"deliver":0,"gradeDescription":null,"businessZones":null,"imState":"disabled","lastLogin":1472552311000},{"companyId":134097,"positionName":"Android开发工程师","workYear":"3-5年","education":"本科","jobNature":"全职","financeStage":"上市公司","companyLogo":"i/image/M00/36/FC/CgqKkVdfYMmALslEAABg5ekYUEo290.png","industryField":"移动互联网,游戏","companyShortName":"着迷","city":"北京","salary":"15k-30k","positionId":2129798,"positionAdvantage":"优秀团队，发展空间大，六险一金，带薪年假","district":"海淀区","createTime":"2016-08-24 11:29:35","companyLabelList":["股票期权","绩效奖金","年底双薪","定期体检"],"approve":1,"companySize":"150-500人","score":0,"companyFullName":"北京乐享方登网络科技股份有限公司","adWord":0,"formatCreateTime":"2016-08-24","publisherId":5329660,"explain":null,"plus":null,"pcShow":0,"appShow":0,"deliver":0,"gradeDescription":null,"businessZones":["知春路","北航","学院路"],"imState":"disabled","lastLogin":1472525061000},{"companyId":68968,"positionName":"Android 工程师","workYear":"应届毕业生","education":"大专","jobNature":"兼职","financeStage":"初创型(天使轮)","companyLogo":"image1/M00/25/4F/CgYXBlVQvGGAfJT7AAByGHyunI8788.png","industryField":"O2O,硬件","companyShortName":"溯联信息","city":"北京","salary":"2k-4k","positionId":1129663,"positionAdvantage":"团队氛围浓，发展空间大，产品创新强","district":"海淀区","createTime":"2016-08-24 11:24:09","companyLabelList":["股票期权","弹性工作","敏捷协作","三餐补助"],"approve":1,"companySize":"15-50人","score":0,"companyFullName":"北京溯联信息技术有限公司","adWord":0,"formatCreateTime":"2016-08-24","publisherId":1678171,"explain":null,"plus":null,"pcShow":0,"appShow":0,"deliver":0,"gradeDescription":null,"businessZones":["上地","马连洼","西二旗"],"imState":"today","lastLogin":1472554460000},{"companyId":133,"positionName":"Android研发经理","workYear":"3-5年","education":"本科","jobNature":"全职","financeStage":"上市公司","companyLogo":"image1/M00/39/70/CgYXBlWo3nqABJTsAADJ3hn5gmE062.jpg","industryField":"移动互联网,信息安全","companyShortName":"猎豹移动","city":"北京","salary":"20k-35k","positionId":1381259,"positionAdvantage":"上市公司 专业团队 优秀平台","district":"朝阳区","createTime":"2016-08-24 11:22:30","companyLabelList":["带薪年假","美女前台","超赞年终奖","一公里工作圈"],"approve":1,"companySize":"500-2000人","score":0,"companyFullName":"北京金山网络科技有限公司","adWord":0,"formatCreateTime":"2016-08-24","publisherId":3342647,"explain":null,"plus":null,"pcShow":0,"appShow":0,"deliver":0,"gradeDescription":null,"businessZones":["大望路","四惠","华贸"],"imState":"today","lastLogin":1472526253000},{"companyId":47270,"positionName":"Android 开发工程师","workYear":"3-5年","education":"大专","jobNature":"全职","financeStage":"成长型(A轮)","companyLogo":"image1/M00/00/7A/Cgo8PFTUXbmAdxWMAABoQf8XKEI462.png","industryField":"O2O","companyShortName":"儒思北京","city":"北京","salary":"12k-15k","positionId":2281093,"positionAdvantage":"发展前景好，技术大牛可以单独培训","district":"朝阳区","createTime":"2016-08-24 11:14:42","companyLabelList":["带薪年假","绩效奖金","岗位晋升","年度旅游"],"approve":0,"companySize":"15-50人","score":0,"companyFullName":"儒思（北京）教育科技有限公司","adWord":0,"formatCreateTime":"2016-08-24","publisherId":5748788,"explain":null,"plus":null,"pcShow":0,"appShow":0,"deliver":0,"gradeDescription":null,"businessZones":["CBD","广渠门","双井"],"imState":"disabled","lastLogin":1472449469000}]}},"code":0}