{"success":true,"requestId":null,"resubmitToken":null,"msg":null,"content":{"pageNo":90,"pageSize":15,"positionResult":{"resultSize":15,"totalCount":8899,"locationInfo":{"businessZone":null,"queryByGisCode":false,"locationCode":null,"city":"北京","district":null},"queryAnalysisInfo":{"industryName":null,"usefulCompany":false,"positionName":"android","companyName":null},"strategyProperty":{"name":"dm-csearch-newSimScorer","id":1},"result":[{"formatCreateTime":"2016-07-14","createTime":"2016-07-14 10:18:51","companyId":91,"positionName":"Android安卓资深工程师/架构师","education":"本科","city":"北京","positionId":1196978,"financeStage":"上市公司","companyShortName":"阿里巴巴移动事业群-高德","companyLogo":"i/image/M00/01/92/CgqKkVZv9oyAebyDAACpLbec-1E022.jpg","salary":"25k-50k","industryField":"移动互联网","district":"朝阳区","companyLabelList":["弹性工作","帅哥多","美女多","五险一金"],"positionAdvantage":"优秀候选人有股票","jobNature":"全职","workYear":"5-10年","approve":1,"score":0,"companySize":"2000人以上","businessZones":["望京","花家地","大山子"],"imState":"today","lastLogin":1472549442000,"publisherId":60678,"explain":null,"plus":null,"pcShow":0,"appShow":0,"deliver":0,"gradeDescription":null,"companyFullName":"高德软件有限公司","adWord":0},{"formatCreateTime":"2016-07-13","createTime":"2016-07-13 09:44:40","companyId":34780,"positionName":"Android工程师","education":"本科","city":"北京","positionId":1997233,"financeStage":"成长型(B轮)","companyShortName":"微心百源","companyLogo":"i/image/M00/3A/AD/Cgp3O1dqCcyAATwIAAALo0sQGxI079.png","salary":"8k-12k","industryField":"移动互联网","district":"海淀区","companyLabelList":["技能培训","股票期权","岗位晋升","管理规范"],"positionAdvantage":"五险一金、公司旅游、定期体检","jobNature":"全职","workYear":"1-3年","approve":1,"score":0,"companySize":"15-50人","businessZones":["中关村","北京大学","苏州街"],"imState":"overSevenDays","lastLogin":1468481439000,"publisherId":5425627,"explain":null,"plus":null,"pcShow":0,"appShow":0,"deliver":0,"gradeDescription":null,"companyFullName":"北京微心百源科技发展有限公司","adWord":0},{"formatCreateTime":"2016-07-12","createTime":"2016-07-12 16:51:51","companyId":5946,"positionName":"Android开发高级工程师","education":"本科","city":"北京","positionId":1886690,"financeStage":"成熟型(C轮)","companyShortName":"赤子城","companyLogo":"i/image/M00/1D/42/CgqKkVcEfVKAahS6AABDLCfK3K4304.JPG","salary":"15k-25k","industryField":"移动互联网,游戏","district":null,"companyLabelList":["股票期权","学习氛围好","扁平管理","交通方便"],"positionAdvantage":"旅游、美食、牛逼团队、有爱伙伴","jobNature":"全职","workYear":"3-5年","approve":1,"score":0,"companySize":"150-500人","businessZones":null,"imState":"sevenDays","lastLogin":1472194020000,"publisherId":11354,"explain":null,"plus":null,"pcShow":0,"appShow":0,"deliver":0,"gradeDescription":null,"companyFullName":"赤子城网络技术（北京）有限公司","adWord":0},{"formatCreateTime":"2016-07-12","createTime":"2016-07-12 15:28:27","companyId":795,"positionName":"Android开发实习生","education":"不限","city":"北京","positionId":1917862,"financeStage":"成长型(A轮)","companyShortName":"优才网","companyLogo":"i/image/M00/11/AB/CgqKkVbicnCALTKRAABfrswbhRs465.png","salary":"5k-10k","industryField":"教育","district":"石景山区","companyLabelList":["股票期权","五险一金","岗位晋升","节日礼物"],"positionAdvantage":"互联网公司，五险一金，双休早九晚五","jobNature":"实习","workYear":"不限","approve":1,"score":0,"companySize":"150-500人","businessZones":["苹果园","八大处","杨庄"],"imState":"disabled","lastLogin":1469768717000,"publisherId":5256919,"explain":null,"plus":null,"pcShow":0,"appShow":0,"deliver":0,"gradeDescription":null,"companyFullName":"北京优才创智科技有限公司","adWord":0},{"formatCreateTime":"2016-07-12","createTime":"2016-07-12 15:26:32","companyId":53,"positionName":"Android","education":"本科","city":"北京","positionId":1957332,"financeStage":"上市公司","companyShortName":"聚美优品","companyLogo":"image1/M00/00/01/CgYXBlTUV_OABaFeAABtGUbQoLE148.png","salary":"25k-40k","industryField":"电子商务","district":"东城区","companyLabelList":["技能培训","节日礼物","季度奖金","岗位晋升"],"positionAdvantage":"晋升空间大，待遇好","jobNature":"全职","workYear":"5-10年","approve":1,"score":0,"companySize":"2000人以上","businessZones":["东直门","海运仓","东四"],"imState":"today","lastLogin":1472546174000,"publisherId":3736724,"explain":null,"plus":null,"pcShow":0,"appShow":0,"deliver":0,"gradeDescription":null,"companyFullName":"北京创锐文化传媒有限公司","adWord":0},{"formatCreateTime":"2016-07-12","createTime":"2016-07-12 15:25:53","companyId":135593,"positionName":"Android","education":"本科","city":"北京","positionId":2085468,"financeStage":"成长型(B轮)","companyShortName":"乐视致新","companyLogo":"i/image/M00/3A/B8/Cgp3O1dqHgOABFNrAAAVfH87648732.jpg","salary":"15k-30k","industryField":"移动互联网,社交网络","district":"朝阳区","companyLabelList":null,"positionAdvantage":"高于业内的工资待遇，股票期权等福利","jobNature":"全职","workYear":"3-5年","approve":0,"score":0,"companySize":"2000人以上","businessZones":["酒仙桥","大山子","将台路"],"imState":"disabled","lastLogin":1472112489000,"publisherId":5627602,"explain":null,"plus":null,"pcShow":0,"appShow":0,"deliver":0,"gradeDescription":null,"companyFullName":"乐视致新电子科技(天津)有限公司","adWord":0},{"formatCreateTime":"2016-07-11","createTime":"2016-07-11 23:55:55","companyId":131530,"positionName":"高级Android研发工程师","education":"本科","city":"北京","positionId":2081712,"financeStage":"上市公司","companyShortName":"乐视致新电子商务有限公司","companyLogo":"i/image/M00/30/4A/CgqKkVdF5ZqASMJdAAAVhkMvQXY933.jpg","salary":"15k-25k","industryField":"硬件,电子商务","district":"朝阳区","companyLabelList":["股票期权","带薪年假","通讯津贴","午餐补助"],"positionAdvantage":"全员持股，技术大牛，轻松优美的办公环境","jobNature":"全职","workYear":"不限","approve":0,"score":0,"companySize":"2000人以上","businessZones":["国贸","CBD","东大桥"],"imState":"overSevenDays","lastLogin":1470116680000,"publisherId":5621189,"explain":null,"plus":null,"pcShow":0,"appShow":0,"deliver":0,"gradeDescription":null,"companyFullName":"乐视致新电子商务有限公司","adWord":0},{"formatCreateTime":"2016-07-11","createTime":"2016-07-11 18:35:33","companyId":9261,"positionName":"Android高级开发工程师","education":"本科","city":"北京","positionId":2081172,"financeStage":"上市公司","companyShortName":"百度","companyLogo":"image1/M00/3D/D2/CgYXBlW5q4qASA_KAAAMXmcC_Zk290.jpg?cc=0.2853215398595885","salary":"15k-30k","industryField":"移动互联网","district":null,"companyLabelList":["年假","技能培训","节日礼物","岗位晋升"],"positionAdvantage":"公司平台大 发展前景好 健身房","jobNature":"全职","workYear":"1-3年","approve":0,"score":0,"companySize":"2000人以上","businessZones":null,"imState":"disabled","lastLogin":1468894363000,"publisherId":5117993,"explain":null,"plus":null,"pcShow":0,"appShow":0,"deliver":0,"gradeDescription":null,"companyFullName":"百度（中国）有限公司","adWord":0},{"formatCreateTime":"2016-07-11","createTime":"2016-07-11 17:00:47","companyId":73666,"positionName":"Android","education":"大专","city":"北京","positionId":2027080,"financeStage":"成长型(A轮)","companyShortName":"开天创世","companyLogo":"image1/M00/2A/B0/Cgo8PFVtElqAYWk9AAA6Fsc6EW8428.jpg","salary":"15k-25k","industryField":"移动互联网,游戏","district":null,"companyLabelList":["技能培训","节日礼物","专项奖金","带薪年假"],"positionAdvantage":"高薪工资+五险一金+项目分红+餐补+交通补","jobNature":"全职","workYear":"3-5年","approve":0,"score":0,"companySize":"50-150人","businessZones":null,"imState":"disabled","lastLogin":1468314107000,"publisherId":1928247,"explain":null,"plus":null,"pcShow":0,"appShow":0,"deliver":0,"gradeDescription":null,"companyFullName":"北京开天创世科技有限公司","adWord":0},{"formatCreateTime":"2016-07-11","createTime":"2016-07-11 16:57:20","companyId":81176,"positionName":"Android","education":"本科","city":"北京","positionId":1541030,"financeStage":"成长型(不需要融资)","companyShortName":"北京云汇天下","companyLogo":"i/image/M00/12/98/Cgp3O1bmGIqAR-qEAABdiTaDkZM847.jpg","salary":"6k-10k","industryField":"移动互联网,金融","district":"朝阳区","companyLabelList":["股票期权","带薪年假","绩效奖金","扁平管理"],"positionAdvantage":"上升空间大 五险一金 弹性工作","jobNature":"全职","workYear":"1-3年","approve":1,"score":0,"companySize":"50-150人","businessZones":["望京","大山子","花家地"],"imState":"disabled","lastLogin":1472522013000,"publisherId":3757333,"explain":null,"plus":null,"pcShow":0,"appShow":0,"deliver":0,"gradeDescription":null,"companyFullName":"北京云汇天下科技有限公司","adWord":0},{"formatCreateTime":"2016-07-11","createTime":"2016-07-11 16:28:13","companyId":96578,"positionName":"Android视频播放器开发工程师TV","education":"本科","city":"北京","positionId":2079898,"financeStage":"成熟型(D轮及以上)","companyShortName":"小米","companyLogo":"image2/M00/06/E2/CgpzWlX7qGGAUUprAAANiG0LMk8427.jpg?cc=0.15268818847835064","salary":"20k-40k","industryField":"移动互联网","district":"海淀区","companyLabelList":["节日礼物","年底双薪","免费班车","带薪年假"],"positionAdvantage":"期权激励,带薪年假,扁平化管理,团队氛围好","jobNature":"全职","workYear":"5-10年","approve":0,"score":0,"companySize":"2000人以上","businessZones":["清河","上地"],"imState":"disabled","lastLogin":1469685784000,"publisherId":2995330,"explain":null,"plus":null,"pcShow":0,"appShow":0,"deliver":0,"gradeDescription":null,"companyFullName":"北京小米数码科技有限公司","adWord":0},{"formatCreateTime":"2016-07-11","createTime":"2016-07-11 16:16:25","companyId":107423,"positionName":"诚聘Android大牛","education":"本科","city":"北京","positionId":2079792,"financeStage":"成长型(A轮)","companyShortName":"瓜子二手车直卖网","companyLogo":"i/image/M00/0B/AE/Cgp3O1bWYyOAQo96AAC1TQO-4Cg541.jpg","salary":"30k-50k","industryField":"O2O","district":"海淀区","companyLabelList":["带薪年假","弹性工作","免费班车","美女多"],"positionAdvantage":"广阔平台 无限可能","jobNature":"全职","workYear":"5-10年","approve":0,"score":0,"companySize":"2000人以上","businessZones":["上地","马连洼","西二旗"],"imState":"today","lastLogin":1472555599000,"publisherId":3548181,"explain":null,"plus":null,"pcShow":0,"appShow":0,"deliver":0,"gradeDescription":null,"companyFullName":"车好多旧机动车经纪(北京)有限公司","adWord":0},{"formatCreateTime":"2016-07-11","createTime":"2016-07-11 14:06:45","companyId":21784,"positionName":"Android高级开发工程师","education":"大专","city":"北京","positionId":2078415,"financeStage":"上市公司","companyShortName":"光线传媒","companyLogo":"image1/M00/00/29/Cgo8PFTUWI-AA5VIAACsnfVCMUk547.png","salary":"20k-30k","industryField":"文化娱乐","district":null,"companyLabelList":["绩效奖金","五险一金","带薪年假","午餐补助"],"positionAdvantage":"六险一金，餐补，节日福利，带薪年假","jobNature":"全职","workYear":"3-5年","approve":0,"score":0,"companySize":"500-2000人","businessZones":null,"imState":"disabled","lastLogin":1471492094000,"publisherId":249104,"explain":null,"plus":null,"pcShow":0,"appShow":0,"deliver":0,"gradeDescription":null,"companyFullName":"北京光线传媒股份有限公司","adWord":0},{"formatCreateTime":"2016-07-11","createTime":"2016-07-11 13:38:46","companyId":138325,"positionName":"Android高级工程师","education":"大专","city":"北京","positionId":2078161,"financeStage":"初创型(不需要融资)","companyShortName":"北京无花果科技","companyLogo":"i/image/M00/43/43/Cgp3O1eDDz6AVFZcAAAb7MsXguY363.png","salary":"15k-30k","industryField":"移动互联网","district":"朝阳区","companyLabelList":["带薪年假","午餐补助","美女多","帅哥多"],"positionAdvantage":"五险一金 带薪假 饭补 弹性工作 扁平管理","jobNature":"全职","workYear":"3-5年","approve":0,"score":0,"companySize":"15-50人","businessZones":["望京","来广营"],"imState":"disabled","lastLogin":1471247683000,"publisherId":5548081,"explain":null,"plus":null,"pcShow":0,"appShow":0,"deliver":0,"gradeDescription":null,"companyFullName":"北京无花果科技咨询有限公司","adWord":0},{"formatCreateTime":"2016-07-11","createTime":"2016-07-11 10:58:07","companyId":57590,"positionName":"高级Android开发工程师","education":"大专","city":"北京","positionId":2044909,"financeStage":"成长型(B轮)","companyShortName":"七乐康","companyLogo":"image1/M00/1D/B6/Cgo8PFUrvn6ACEJjAABUsdE5GUU730.png","salary":"20k-28k","industryField":"电子商务,医疗健康","district":null,"companyLabelList":["节日礼物","单身聚乐部","绩效奖金","岗位晋升"],"positionAdvantage":"弹性工作时间，技术大牛团队","jobNature":"全职","workYear":"1-3年","approve":1,"score":0,"companySize":"500-2000人","businessZones":null,"imState":"disabled","lastLogin":1468993555000,"publisherId":1453095,"explain":null,"plus":null,"pcShow":0,"appShow":0,"deliver":0,"gradeDescription":null,"companyFullName":"广州七乐康药业连锁有限公司","adWord":0}]}},"code":0}