{"success":true,"requestId":null,"msg":null,"resubmitToken":null,"code":0,"content":{"pageNo":83,"pageSize":15,"positionResult":{"resultSize":15,"totalCount":8899,"locationInfo":{"queryByGisCode":false,"businessZone":null,"locationCode":null,"city":"北京","district":null},"queryAnalysisInfo":{"industryName":null,"usefulCompany":false,"positionName":"android","companyName":null},"strategyProperty":{"name":"dm-csearch-newSimScorer","id":1},"result":[{"companyId":131530,"businessZones":["石佛营","姚家园","十里堡"],"imState":"threeDays","lastLogin":1472459697000,"publisherId":5646278,"explain":null,"plus":null,"pcShow":0,"appShow":0,"deliver":0,"gradeDescription":null,"companyFullName":"乐视致新电子商务有限公司","formatCreateTime":"2016-07-25","positionName":"Android应用研发工程师","workYear":"3-5年","education":"本科","jobNature":"全职","companyLogo":"i/image/M00/30/4A/CgqKkVdF5ZqASMJdAAAVhkMvQXY933.jpg","salary":"13k-25k","city":"北京","financeStage":"上市公司","industryField":"硬件,电子商务","positionId":2096048,"approve":0,"createTime":"2016-07-25 17:56:58","positionAdvantage":"全员持股，最具发展空间的从业方向","district":"朝阳区","companyShortName":"乐视致新电子商务有限公司","companyLabelList":["股票期权","带薪年假","通讯津贴","午餐补助"],"score":0,"companySize":"2000人以上","adWord":0},{"companyId":40163,"businessZones":["东大桥","CBD","建外大街"],"imState":"sevenDays","lastLogin":1472002660000,"publisherId":127275,"explain":null,"plus":null,"pcShow":0,"appShow":0,"deliver":0,"gradeDescription":null,"companyFullName":"北京礼物说科技有限公司","formatCreateTime":"2016-07-25","positionName":"Android","workYear":"3-5年","education":"本科","jobNature":"全职","companyLogo":"i/image/M00/0E/FE/Cgp3O1bdLnmAa6Q0AADZc6zYGS0762.png","salary":"15k-25k","city":"北京","financeStage":"成长型(B轮)","industryField":"移动互联网,电子商务","positionId":1834895,"approve":1,"createTime":"2016-07-25 16:24:59","positionAdvantage":"五险一金,节日福利,工作氛围好,发展空间大","district":"朝阳区","companyShortName":"礼物说","companyLabelList":["技能培训","节日礼物","绩效奖金","岗位晋升"],"score":0,"companySize":"50-150人","adWord":0},{"companyId":8414,"businessZones":["五道口","学院路","北航"],"imState":"disabled","lastLogin":1472435461000,"publisherId":1679123,"explain":null,"plus":null,"pcShow":0,"appShow":0,"deliver":0,"gradeDescription":null,"companyFullName":"一点网聚科技有限公司","formatCreateTime":"2016-07-25","positionName":"Android高级研发工程师","workYear":"1-3年","education":"本科","jobNature":"全职","companyLogo":"image1/M00/00/11/CgYXBlTUWDOAeZQdAABbV0qQVPE716.jpg","salary":"20k-30k","city":"北京","financeStage":"成熟型(D轮及以上)","industryField":"移动互联网","positionId":909425,"approve":1,"createTime":"2016-07-25 15:48:34","positionAdvantage":"五险一金 餐补 期权 弹性工作 补充医疗保险","district":"海淀区","companyShortName":"一点资讯","companyLabelList":["带薪年假","午餐补助","扁平管理","弹性工作"],"score":0,"companySize":"500-2000人","adWord":0},{"companyId":82344,"businessZones":["苏州街","万泉河","中关村"],"imState":"today","lastLogin":1472539397000,"publisherId":4660342,"explain":null,"plus":null,"pcShow":0,"appShow":0,"deliver":0,"gradeDescription":null,"companyFullName":"北京抱财金融信息服务有限公司","formatCreateTime":"2016-07-25","positionName":"Android","workYear":"5-10年","education":"本科","jobNature":"全职","companyLogo":"image2/M00/09/5A/CgpzWlYI4J-ABf6bAAASenngV8s630.jpg","salary":"25k-35k","city":"北京","financeStage":"成长型(B轮)","industryField":"移动互联网","positionId":1779409,"approve":1,"createTime":"2016-07-25 15:06:40","positionAdvantage":"稳健平台、快速成长、薪资福利完善","district":"海淀区","companyShortName":"抱财网","companyLabelList":["节日礼物","专项奖金","绩效奖金","年度旅游"],"score":0,"companySize":"50-150人","adWord":0},{"companyId":119024,"businessZones":["峪口"],"imState":"disabled","lastLogin":1471585399000,"publisherId":4478497,"explain":null,"plus":null,"pcShow":0,"appShow":0,"deliver":0,"gradeDescription":null,"companyFullName":"北京市华都峪口禽业有限责任公司","formatCreateTime":"2016-07-25","positionName":"Android","workYear":"1-3年","education":"本科","jobNature":"全职","companyLogo":"i/image/M00/42/43/CgqKkVd_EDaAXAbTAAAYG5u76BA329.jpg","salary":"15k-25k","city":"北京","financeStage":"初创型(不需要融资)","industryField":"移动互联网,企业服务","positionId":2069643,"approve":0,"createTime":"2016-07-25 14:58:31","positionAdvantage":"这里洋溢着爱和理想,来吧,来了你就是霸主！","district":"平谷区","companyShortName":"沃德博创公司","companyLabelList":null,"score":0,"companySize":"15-50人","adWord":0},{"companyId":72794,"businessZones":["华贸","红庙"],"imState":"disabled","lastLogin":1470719940000,"publisherId":5747315,"explain":null,"plus":null,"pcShow":0,"appShow":0,"deliver":0,"gradeDescription":null,"companyFullName":"超越科创投资（北京）有限公司","formatCreateTime":"2016-07-25","positionName":"Android","workYear":"1-3年","education":"大专","jobNature":"全职","companyLogo":"image1/M00/2E/71/Cgo8PFV-anmAdzTDAAAmhKcW9VE198.jpg","salary":"15k-25k","city":"北京","financeStage":"初创型(不需要融资)","industryField":"移动互联网,其他","positionId":2143105,"approve":1,"createTime":"2016-07-25 14:54:25","positionAdvantage":"福利待遇、发展空间、办公环境","district":"朝阳区","companyShortName":"超越科创","companyLabelList":["带薪年假","绩效奖金","岗位晋升","领导好"],"score":0,"companySize":"15-50人","adWord":0},{"companyId":8103,"businessZones":["中关村","苏州街","苏州桥"],"imState":"disabled","lastLogin":1469428455000,"publisherId":2232664,"explain":null,"plus":null,"pcShow":0,"appShow":0,"deliver":0,"gradeDescription":null,"companyFullName":"北京车之家信息技术有限公司","formatCreateTime":"2016-07-25","positionName":"高级Android开发工程师","workYear":"3-5年","education":"大专","jobNature":"全职","companyLogo":"i/image/M00/01/80/CgqKkVZuPraAN3O6AACFeBgN7dY620.jpg","salary":"15k-25k","city":"北京","financeStage":"上市公司","industryField":"移动互联网,文化娱乐","positionId":1058594,"approve":1,"createTime":"2016-07-25 14:34:29","positionAdvantage":"技术氛围，核心团队，靠谱年终，上升空间","district":"海淀区","companyShortName":"汽车之家","companyLabelList":["技能培训","节日礼物","带薪年假","绩效奖金"],"score":0,"companySize":"2000人以上","adWord":0},{"companyId":18139,"businessZones":["大屯","奥运村","亚运村"],"imState":"disabled","lastLogin":1469756803000,"publisherId":249481,"explain":null,"plus":null,"pcShow":0,"appShow":0,"deliver":0,"gradeDescription":null,"companyFullName":"京东集团","formatCreateTime":"2016-07-25","positionName":"Android","workYear":"1-3年","education":"本科","jobNature":"全职","companyLogo":"image1/M00/00/22/Cgo8PFTUWHSAE2QEAABEkCIe8D4591.jpg","salary":"15k-30k","city":"北京","financeStage":"上市公司","industryField":"电子商务","positionId":1019461,"approve":0,"createTime":"2016-07-25 13:48:50","positionAdvantage":"汽车O2O项目，万亿级的市场机会","district":"朝阳区","companyShortName":"京东","companyLabelList":["绩效奖金","五险一金","带薪年假","免费班车"],"score":0,"companySize":"2000人以上","adWord":0},{"companyId":114935,"businessZones":["酒仙桥","大山子","望京"],"imState":"overSevenDays","lastLogin":1471930523000,"publisherId":3945809,"explain":null,"plus":null,"pcShow":0,"appShow":0,"deliver":0,"gradeDescription":null,"companyFullName":"北京塞宾科技有限公司","formatCreateTime":"2016-07-25","positionName":"Android","workYear":"3-5年","education":"本科","jobNature":"全职","companyLogo":"i/image/M00/24/FB/Cgp3O1cdmaCAIYVWAAAu3nzR8eU094.png","salary":"8k-15k","city":"北京","financeStage":"成长型(A轮)","industryField":"移动互联网,硬件","positionId":1482795,"approve":0,"createTime":"2016-07-25 11:41:27","positionAdvantage":"有能力就高薪","district":"朝阳区","companyShortName":"塞宾科技","companyLabelList":["年底双薪","专项奖金","午餐补助","通讯津贴"],"score":0,"companySize":"15-50人","adWord":0},{"companyId":41483,"businessZones":["来广营","望京"],"imState":"today","lastLogin":1472551568000,"publisherId":1351786,"explain":null,"plus":null,"pcShow":0,"appShow":0,"deliver":0,"gradeDescription":null,"companyFullName":"北京凤凰理理它信息技术有限公司","formatCreateTime":"2016-07-25","positionName":"Android开发工程师","workYear":"3-5年","education":"本科","jobNature":"全职","companyLogo":"i/image/M00/47/A9/CgqKkVeQSJeAMwMiAAAmJeUuSvQ092.jpg","salary":"20k-25k","city":"北京","financeStage":"成长型(A轮)","industryField":"金融","positionId":989448,"approve":1,"createTime":"2016-07-25 11:31:40","positionAdvantage":"有竞争力的薪资待遇、五险一金","district":"朝阳区","companyShortName":"凤凰金融","companyLabelList":["节日礼物","技能培训","股票期权","带薪年假"],"score":0,"companySize":"150-500人","adWord":0},{"companyId":137920,"businessZones":["西客站","太平桥","六里桥"],"imState":"sevenDays","lastLogin":1472026025000,"publisherId":5578208,"explain":null,"plus":null,"pcShow":0,"appShow":0,"deliver":0,"gradeDescription":null,"companyFullName":"宜民普惠（北京）投资管理服务有限公司","formatCreateTime":"2016-07-25","positionName":"Android","workYear":"1-3年","education":"本科","jobNature":"全职","companyLogo":"i/image/M00/41/E2/CgqKkVd97iWAFWgwAAAX1bIV0NI104.png","salary":"8k-15k","city":"北京","financeStage":"初创型(不需要融资)","industryField":"金融","positionId":2066034,"approve":0,"createTime":"2016-07-25 11:26:32","positionAdvantage":"平台大 晋升空间广阔","district":"丰台区","companyShortName":"宜民普惠","companyLabelList":null,"score":0,"companySize":"15-50人","adWord":0},{"companyId":1575,"businessZones":["西北旺","马连洼","上地"],"imState":"disabled","lastLogin":1469594379000,"publisherId":4553347,"explain":null,"plus":null,"pcShow":0,"appShow":0,"deliver":0,"gradeDescription":null,"companyFullName":"百度在线网络技术（北京）有限公司","formatCreateTime":"2016-07-25","positionName":"Android","workYear":"3-5年","education":"本科","jobNature":"全职","companyLogo":"image1/M00/00/06/CgYXBlTUWAWAOBXrAABGHHFb0q8748.jpg","salary":"30k-45k","city":"北京","financeStage":"上市公司","industryField":"移动互联网,数据服务","positionId":1810826,"approve":1,"createTime":"2016-07-25 10:40:07","positionAdvantage":"技术平台强大","district":"海淀区","companyShortName":"百度","companyLabelList":["股票期权","弹性工作","五险一金","免费班车"],"score":0,"companySize":"2000人以上","adWord":0},{"companyId":85867,"businessZones":["龙泽","回龙观","西二旗"],"imState":"overSevenDays","lastLogin":1471311292000,"publisherId":2197837,"explain":null,"plus":null,"pcShow":0,"appShow":0,"deliver":0,"gradeDescription":null,"companyFullName":"北京时代乾和文化传媒有限公司","formatCreateTime":"2016-07-25","positionName":"高级Android开发工程师","workYear":"3-5年","education":"本科","jobNature":"全职","companyLogo":"image1/M00/3D/57/CgYXBlW4Ps2ACiVlAAAxxKDgyOU293.png?cc=0.47640119725838304","salary":"19k-20k","city":"北京","financeStage":"成长型(不需要融资)","industryField":"移动互联网,文化娱乐","positionId":1935776,"approve":0,"createTime":"2016-07-25 09:41:03","positionAdvantage":"发展前景好","district":"昌平区","companyShortName":"时代乾和","companyLabelList":["免费班车","带薪年假","绩效奖金","扁平管理"],"score":0,"companySize":"50-150人","adWord":0},{"companyId":110246,"businessZones":["苏州街","北京大学","颐和园"],"imState":"disabled","lastLogin":1470043421000,"publisherId":3374346,"explain":null,"plus":null,"pcShow":0,"appShow":0,"deliver":0,"gradeDescription":null,"companyFullName":"厦门十一街信息科技有限公司","formatCreateTime":"2016-07-24","positionName":"Android","workYear":"3-5年","education":"本科","jobNature":"全职","companyLogo":"i/image/M00/01/AF/CgqKkVZzfLmAAkAqAAAGQyYPubs561.jpg","salary":"8k-12k","city":"北京","financeStage":"初创型(未融资)","industryField":"移动互联网,O2O","positionId":2139320,"approve":0,"createTime":"2016-07-24 17:56:50","positionAdvantage":"发展好、氛围棒、福利好、领导棒","district":"海淀区","companyShortName":"厦门十一街信息科技有限公司","companyLabelList":null,"score":0,"companySize":"15-50人","adWord":0},{"companyId":52779,"businessZones":null,"imState":"overSevenDays","lastLogin":1471843431000,"publisherId":1323451,"explain":null,"plus":null,"pcShow":0,"appShow":0,"deliver":0,"gradeDescription":null,"companyFullName":"北京云艾科技有限公司","formatCreateTime":"2016-07-23","positionName":"Android开发工程师","workYear":"1-3年","education":"本科","jobNature":"全职","companyLogo":"image1/M00/09/F8/CgYXBlTtcA-AM7rRAADCJuvYRk8089.jpg","salary":"8k-15k","city":"北京","financeStage":"初创型(天使轮)","industryField":"移动互联网","positionId":1883234,"approve":1,"createTime":"2016-07-23 11:39:50","positionAdvantage":"富有激情的团队等你来！","district":null,"companyShortName":"北京云艾","companyLabelList":["股票期权","扁平管理","弹性工作"],"score":0,"companySize":"15-50人","adWord":0}]}}}