{"resubmitToken":null,"success":true,"requestId":null,"msg":null,"content":{"pageNo":6,"pageSize":15,"positionResult":{"totalCount":8899,"resultSize":15,"locationInfo":{"city":"北京","district":null,"businessZone":null,"queryByGisCode":false,"locationCode":null},"queryAnalysisInfo":{"positionName":"android","companyName":null,"industryName":null,"usefulCompany":false},"strategyProperty":{"name":"dm-csearch-newSimScorer","id":1},"result":[{"companyId":50889,"positionName":"高级Android工程师","workYear":"不限","education":"本科","jobNature":"全职","createTime":"2016-08-30 15:21:53","companyShortName":"和创科技（红圈营销）","positionId":1892795,"salary":"20k-35k","approve":1,"city":"北京","positionAdvantage":"上市公司，持续股权激励政策，技术爆棚！","companyLogo":"i/image/M00/03/44/Cgp3O1ax7JWAOSzUAABS3OF0A7w289.jpg","industryField":"移动互联网,企业服务","companyLabelList":["弹性工作","敏捷研发","股票期权","年底双薪"],"financeStage":"上市公司","district":null,"score":0,"companySize":"2000人以上","companyFullName":"和创（北京）科技股份有限公司","adWord":0,"formatCreateTime":"15:21发布","imState":"today","lastLogin":1472550012000,"publisherId":994817,"explain":null,"plus":null,"pcShow":0,"appShow":0,"deliver":0,"gradeDescription":null,"businessZones":null},{"companyId":25021,"positionName":"Android开发工程师","workYear":"3-5年","education":"本科","jobNature":"全职","createTime":"2016-08-30 15:08:52","companyShortName":"新浪微博","positionId":2305826,"salary":"15k-25k","approve":0,"city":"北京","positionAdvantage":"微博平台,上市公司,核心业务,发展空间大","companyLogo":"image1/M00/2A/10/Cgo8PFVpRQWAIyMQAABwOlPdDJ4570.png","industryField":"移动互联网,社交网络","companyLabelList":["技能培训","股票期权","带薪年假","绩效奖金"],"financeStage":"上市公司","district":"海淀区","score":0,"companySize":"2000人以上","companyFullName":"新浪微博","adWord":0,"formatCreateTime":"15:08发布","imState":"disabled","lastLogin":1472543623000,"publisherId":6023655,"explain":null,"plus":null,"pcShow":0,"appShow":0,"deliver":0,"gradeDescription":null,"businessZones":["马连洼"]},{"companyId":21946,"positionName":"Android","workYear":"3-5年","education":"本科","jobNature":"全职","createTime":"2016-08-30 14:34:08","companyShortName":"来人到家","positionId":2260015,"salary":"15k-30k","approve":1,"city":"北京","positionAdvantage":"平台好，双休，保险，领导nice","companyLogo":"image1/M00/00/29/CgYXBlTUWJGAVRXyAAB9NT8FhCk429.jpg","industryField":"O2O","companyLabelList":["岗位晋升","五险一金","午餐补助"],"financeStage":"初创型(未融资)","district":"朝阳区","score":0,"companySize":"500-2000人","companyFullName":"北京来人网络科技有限公司","adWord":0,"formatCreateTime":"14:34发布","imState":"disabled","lastLogin":1472550572000,"publisherId":2934603,"explain":null,"plus":null,"pcShow":0,"appShow":0,"deliver":0,"gradeDescription":null,"businessZones":["管庄","双桥","定福庄"]},{"companyId":329,"positionName":"Android","workYear":"3-5年","education":"本科","jobNature":"全职","createTime":"2016-08-30 14:23:53","companyShortName":"网易","positionId":1901074,"salary":"15k-25k","approve":1,"city":"北京","positionAdvantage":"免费午餐晚餐、班车、健身房","companyLogo":"image1/M00/1C/DB/Cgo8PFUnbyyAOmwZAABKPABIzv8461.png","industryField":"数据服务,文化娱乐","companyLabelList":["节日礼物","技能培训","免费班车","带薪年假"],"financeStage":"上市公司","district":"海淀区","score":0,"companySize":"2000人以上","companyFullName":"网之易信息技术（北京）有限公司","adWord":0,"formatCreateTime":"14:23发布","imState":"today","lastLogin":1472564751000,"publisherId":3756743,"explain":null,"plus":null,"pcShow":0,"appShow":0,"deliver":0,"gradeDescription":null,"businessZones":["西北旺"]},{"companyId":3866,"positionName":"高级Android开发工程师","workYear":"3-5年","education":"本科","jobNature":"全职","createTime":"2016-08-30 14:23:25","companyShortName":"联想利泰","positionId":2305370,"salary":"10k-20k","approve":1,"city":"北京","positionAdvantage":"平台广、项目含金量高、职位发展空间大","companyLogo":"i/image/M00/2B/98/Cgp3O1c1ZdaAIjU3AAA7TsArYD4046.PNG","industryField":"移动互联网,招聘","companyLabelList":["节日礼物","带薪年假","岗位晋升","领导好"],"financeStage":"初创型(未融资)","district":"海淀区","score":0,"companySize":"500-2000人","companyFullName":"北京联想利泰软件有限公司","adWord":0,"formatCreateTime":"14:23发布","imState":"today","lastLogin":1472548980000,"publisherId":1703290,"explain":null,"plus":null,"pcShow":0,"appShow":0,"deliver":0,"gradeDescription":null,"businessZones":["上地","西二旗","马连洼"]},{"companyId":94680,"positionName":"Android","workYear":"不限","education":"本科","jobNature":"实习","createTime":"2016-08-30 14:22:56","companyShortName":"艾莉科技","positionId":1469041,"salary":"2k-4k","approve":0,"city":"北京","positionAdvantage":"参与核心功能开发，快速成长","companyLogo":"image2/M00/03/D2/CgqLKVXvnuWAdFdPAAAUOZBWZ5c011.png?cc=0.10282203485257924","industryField":"电子商务","companyLabelList":["股票期权","岗位晋升"],"financeStage":"初创型(天使轮)","district":"海淀区","score":0,"companySize":"15-50人","companyFullName":"北京艾莉科技有限公司","adWord":0,"formatCreateTime":"14:22发布","imState":"disabled","lastLogin":1472538164000,"publisherId":2514157,"explain":null,"plus":null,"pcShow":0,"appShow":0,"deliver":0,"gradeDescription":null,"businessZones":["航天桥","八里庄","花园桥","航天桥","八里庄","花园桥"]},{"companyId":1575,"positionName":"Android客户端高级研发工程师","workYear":"1-3年","education":"本科","jobNature":"全职","createTime":"2016-08-30 14:22:08","companyShortName":"百度","positionId":2048272,"salary":"15k-30k","approve":1,"city":"北京","positionAdvantage":"百度金融服务事业群组核心技术部门","companyLogo":"image1/M00/00/06/CgYXBlTUWAWAOBXrAABGHHFb0q8748.jpg","industryField":"移动互联网,数据服务","companyLabelList":["股票期权","弹性工作","五险一金","免费班车"],"financeStage":"上市公司","district":"海淀区","score":0,"companySize":"2000人以上","companyFullName":"百度在线网络技术（北京）有限公司","adWord":0,"formatCreateTime":"14:22发布","imState":"today","lastLogin":1472553744000,"publisherId":2664226,"explain":null,"plus":null,"pcShow":0,"appShow":0,"deliver":0,"gradeDescription":null,"businessZones":["西北旺","马连洼","上地"]},{"companyId":28026,"positionName":"高级安卓工程师","workYear":"3-5年","education":"本科","jobNature":"全职","createTime":"2016-08-30 14:16:59","companyShortName":"亿维融智","positionId":1647935,"salary":"15k-20k","approve":0,"city":"北京","positionAdvantage":"五险一金 绩效奖金 加班补助 带薪年假","companyLogo":"image1/M00/00/3D/CgYXBlTUXLeAdYnRAABKxnMxhgg329.png","industryField":"移动互联网","companyLabelList":["年终分红","专项奖金","绩效奖金","股票期权"],"financeStage":"成长型(A轮)","district":"海淀区","score":0,"companySize":"15-50人","companyFullName":"亿维融智软件科技（北京）有限公司","adWord":0,"formatCreateTime":"14:16发布","imState":"disabled","lastLogin":1472541345000,"publisherId":3613629,"explain":null,"plus":null,"pcShow":0,"appShow":0,"deliver":0,"gradeDescription":null,"businessZones":["魏公村","白石桥","中关村"]},{"companyId":18089,"positionName":"Android开发工程师","workYear":"5-10年","education":"大专","jobNature":"全职","createTime":"2016-08-30 14:12:58","companyShortName":"到家美食会","positionId":2185425,"salary":"25k-40k","approve":1,"city":"北京","positionAdvantage":"弹性工作，良好的办公氛围","companyLogo":"i/image/M00/1D/35/CgqKkVcEbQaAOrM0AAAo8DBmqD4549.png","industryField":"电子商务,O2O","companyLabelList":["技能培训","年底双薪","带薪年假","年度旅游"],"financeStage":"成熟型(D轮及以上)","district":"朝阳区","score":0,"companySize":"2000人以上","companyFullName":"北京时尚人家网络科技有限公司","adWord":0,"formatCreateTime":"14:12发布","imState":"disabled","lastLogin":1472574177000,"publisherId":317234,"explain":null,"plus":null,"pcShow":0,"appShow":0,"deliver":0,"gradeDescription":null,"businessZones":["来广营","望京"]},{"companyId":86978,"positionName":"Android","workYear":"3-5年","education":"本科","jobNature":"全职","createTime":"2016-08-30 14:00:29","companyShortName":"百望","positionId":2305167,"salary":"10k-16k","approve":1,"city":"北京","positionAdvantage":"各类补贴,弹性工作制,节假日福利,花园式办公","companyLogo":"i/image/M00/01/CA/CgqKkVZ3roeAdgy7AAAXUpodkYQ203.jpg","industryField":"移动互联网,金融","companyLabelList":["技能培训","节日礼物","专项奖金","带薪年假"],"financeStage":"成长型(不需要融资)","district":"海淀区","score":0,"companySize":"150-500人","companyFullName":"百望股份有限公司","adWord":0,"formatCreateTime":"14:00发布","imState":"today","lastLogin":1472536624000,"publisherId":3584148,"explain":null,"plus":null,"pcShow":0,"appShow":0,"deliver":0,"gradeDescription":null,"businessZones":["上地","马连洼","西二旗"]},{"companyId":25592,"positionName":"Android开发工程师","workYear":"不限","education":"本科","jobNature":"全职","createTime":"2016-08-30 13:50:21","companyShortName":"新浪网","positionId":2305072,"salary":"10k-20k","approve":1,"city":"北京","positionAdvantage":"五险一金 带薪年假 餐补 接触项目种类多","companyLogo":"image1/M00/00/35/Cgo8PFTUXJeAJhm5AAAyDX2QCwc674.jpg","industryField":"文化娱乐","companyLabelList":["免费班车","岗位晋升","五险一金","定期体检"],"financeStage":"上市公司","district":null,"score":0,"companySize":"2000人以上","companyFullName":"新浪网技术（中国）有限公司","adWord":0,"formatCreateTime":"13:50发布","imState":"disabled","lastLogin":1472543176000,"publisherId":939267,"explain":null,"plus":null,"pcShow":0,"appShow":0,"deliver":0,"gradeDescription":null,"businessZones":null},{"companyId":121993,"positionName":"Android","workYear":"3-5年","education":"本科","jobNature":"全职","createTime":"2016-08-30 13:43:01","companyShortName":"DGI Network","positionId":2305014,"salary":"10k-20k","approve":0,"city":"北京","positionAdvantage":"弹性工作,高薪好福利,期权激励,学习发展","companyLogo":"i/image/M00/19/E9/CgqKkVb469OAG81eAA6PO_YavBk488.png","industryField":"移动互联网,社交网络","companyLabelList":null,"financeStage":"初创型(未融资)","district":"海淀区","score":0,"companySize":"15-50人","companyFullName":"德稻全球创新网络（北京）有限公司","adWord":0,"formatCreateTime":"13:43发布","imState":"disabled","lastLogin":1472545610000,"publisherId":2639477,"explain":null,"plus":null,"pcShow":0,"appShow":0,"deliver":0,"gradeDescription":null,"businessZones":["四季青"]},{"companyId":120566,"positionName":"Android","workYear":"3-5年","education":"大专","jobNature":"全职","createTime":"2016-08-30 13:40:41","companyShortName":"北京华蓝盾","positionId":1844173,"salary":"8k-15k","approve":0,"city":"北京","positionAdvantage":"领导nice，按期体检、零食不断","companyLogo":"i/image/M00/18/DE/Cgp3O1b08NyAY3THAADKTpH8oS8312.png","industryField":"游戏,社交网络","companyLabelList":null,"financeStage":"初创型(未融资)","district":"海淀区","score":0,"companySize":"50-150人","companyFullName":"北京华蓝盾科技有限公司","adWord":0,"formatCreateTime":"13:40发布","imState":"disabled","lastLogin":1472545910000,"publisherId":4592681,"explain":null,"plus":null,"pcShow":0,"appShow":0,"deliver":0,"gradeDescription":null,"businessZones":["紫竹桥","万寿寺","车道沟"]},{"companyId":114939,"positionName":"Android高级开发工程师","workYear":"1-3年","education":"本科","jobNature":"全职","createTime":"2016-08-30 13:36:00","companyShortName":"安邦电商","positionId":2304953,"salary":"13k-25k","approve":0,"city":"北京","positionAdvantage":"平台大，机会多","companyLogo":"i/image/M00/37/46/CgqKkVdfz2eAENPfAAFN2adQSJc034.png","industryField":"金融,电子商务","companyLabelList":null,"financeStage":"初创型(未融资)","district":"朝阳区","score":0,"companySize":"2000人以上","companyFullName":"安邦电子商务有限公司","adWord":0,"formatCreateTime":"13:36发布","imState":"disabled","lastLogin":1472545972000,"publisherId":6024354,"explain":null,"plus":null,"pcShow":0,"appShow":0,"deliver":0,"gradeDescription":null,"businessZones":["建外大街","国贸","CBD"]},{"companyId":53137,"positionName":"Android工程师","workYear":"3-5年","education":"本科","jobNature":"全职","createTime":"2016-08-30 13:24:30","companyShortName":"金色家园科技","positionId":558263,"salary":"15k-30k","approve":1,"city":"北京","positionAdvantage":"14薪，免费水果咖啡，各种补助","companyLogo":"image1/M00/26/84/CgYXBlVVpKmAT16vAAB-lRbYIa8041.jpg","industryField":"O2O","companyLabelList":["节日礼物","带薪年假","绩效奖金","管理规范"],"financeStage":"成熟型(不需要融资)","district":"东城区","score":0,"companySize":"500-2000人","companyFullName":"金色家园网络科技有限公司","adWord":0,"formatCreateTime":"13:24发布","imState":"today","lastLogin":1472537157000,"publisherId":1326958,"explain":null,"plus":null,"pcShow":0,"appShow":0,"deliver":0,"gradeDescription":null,"businessZones":["广渠门","光明楼","花市"]}]}},"code":0}