{"msg":null,"resubmitToken":null,"success":true,"requestId":null,"content":{"pageNo":4,"pageSize":15,"positionResult":{"totalCount":8899,"resultSize":15,"locationInfo":{"city":"北京","district":null,"locationCode":null,"businessZone":null,"queryByGisCode":false},"queryAnalysisInfo":{"positionName":"android","companyName":null,"usefulCompany":false,"industryName":null},"strategyProperty":{"name":"dm-csearch-newSimScorer","id":1},"result":[{"companyId":133,"formatCreateTime":"18:58发布","score":0,"positionId":1950227,"positionName":"高级Android开发","createTime":"2016-08-30 18:58:38","positionAdvantage":"公司明星产品、千万级用户量、优秀团队","salary":"20k-35k","approve":1,"workYear":"5-10年","education":"不限","city":"北京","companyLogo":"image1/M00/39/70/CgYXBlWo3nqABJTsAADJ3hn5gmE062.jpg","jobNature":"全职","industryField":"移动互联网,信息安全","companyShortName":"猎豹移动","financeStage":"上市公司","companySize":"500-2000人","companyLabelList":["带薪年假","美女前台","超赞年终奖","一公里工作圈"],"district":"朝阳区","businessZones":["姚家园","十里堡","高碑店"],"imState":"disabled","lastLogin":1472555973000,"publisherId":5330594,"explain":null,"plus":null,"pcShow":0,"appShow":0,"deliver":0,"gradeDescription":null,"companyFullName":"北京金山网络科技有限公司","adWord":0},{"companyId":7159,"formatCreateTime":"16:58发布","score":0,"positionId":138532,"positionName":"android资深开发工程师","createTime":"2016-08-30 16:58:06","positionAdvantage":"一个你说了算的平台，带团队","salary":"20k-30k","approve":1,"workYear":"5-10年","education":"本科","city":"北京","companyLogo":"image1/M00/1E/43/CgYXBlUt3R-AOn7XAAB39VlQqiw205.jpg","jobNature":"全职","industryField":"移动互联网,企业服务","companyShortName":"图吧","financeStage":"成熟型(D轮及以上)","companySize":"150-500人","companyLabelList":["年底双薪","五险一金","带薪年假","岗位晋升"],"district":"东城区","businessZones":["东直门","海运仓","三里屯"],"imState":"disabled","lastLogin":1472551498000,"publisherId":290506,"explain":null,"plus":null,"pcShow":0,"appShow":0,"deliver":0,"gradeDescription":null,"companyFullName":"北京图为先科技有限公司","adWord":0},{"companyId":76491,"formatCreateTime":"16:43发布","score":0,"positionId":2306700,"positionName":"Android","createTime":"2016-08-30 16:43:25","positionAdvantage":"五险一金，年底双薪，带薪年假，绩效奖金","salary":"15k-25k","approve":1,"workYear":"3-5年","education":"本科","city":"北京","companyLogo":"i/image/M00/2B/2E/CgqKkVc0HMCAZaPBAAEDYnDR0ck826.png","jobNature":"全职","industryField":"移动互联网,硬件","companyShortName":"枭龙","financeStage":"成长型(B轮)","companySize":"15-50人","companyLabelList":["年底双薪","技能培训","股票期权","绩效奖金"],"district":null,"businessZones":null,"imState":"today","lastLogin":1472554760000,"publisherId":1920539,"explain":null,"plus":null,"pcShow":0,"appShow":0,"deliver":0,"gradeDescription":null,"companyFullName":"北京枭龙科技有限公司","adWord":0},{"companyId":956,"formatCreateTime":"16:38发布","score":0,"positionId":2268050,"positionName":"多媒体开发工程师（android）","createTime":"2016-08-30 16:38:17","positionAdvantage":"福利待遇丰富 工作氛围好 提升空间大","salary":"15k-30k","approve":1,"workYear":"不限","education":"本科","city":"北京","companyLogo":"image1/M00/00/04/Cgo8PFTUWACAWautAAAh6gMfsB0502.jpg","jobNature":"全职","industryField":"移动互联网,数据服务","companyShortName":"金山云","financeStage":"成熟型(C轮)","companySize":"500-2000人","companyLabelList":["技能培训","节日礼物","瑜伽房","免费班车"],"district":"海淀区","businessZones":["上地","清河","小营"],"imState":"disabled","lastLogin":1472546091000,"publisherId":5779036,"explain":null,"plus":null,"pcShow":0,"appShow":0,"deliver":0,"gradeDescription":null,"companyFullName":"北京金山云网络技术有限公司","adWord":0},{"companyId":66873,"formatCreateTime":"16:37发布","score":0,"positionId":2276396,"positionName":"Android工程师","createTime":"2016-08-30 16:37:13","positionAdvantage":"扁平管理,岗位晋升,发展空间大,带薪年假","salary":"6k-10k","approve":1,"workYear":"1-3年","education":"本科","city":"北京","companyLogo":"image1/M00/3A/8C/CgYXBlWt24aAdxu-AACtssjRnyo817.jpg","jobNature":"全职","industryField":"移动互联网,生活服务","companyShortName":"发现周末","financeStage":"成长型(A轮)","companySize":"15-50人","companyLabelList":["股票期权","带薪年假","绩效奖金","岗位晋升"],"district":"朝阳区","businessZones":["姚家园","十里堡","甘露园"],"imState":"today","lastLogin":1472548086000,"publisherId":1640878,"explain":null,"plus":null,"pcShow":0,"appShow":0,"deliver":0,"gradeDescription":null,"companyFullName":"时代乐创信息技术（北京）有限公司","adWord":0},{"companyId":137967,"formatCreateTime":"16:29发布","score":0,"positionId":2306571,"positionName":"Android工程师","createTime":"2016-08-30 16:29:44","positionAdvantage":"晋升空间大,工作环境优,薪资待遇好","salary":"15k-25k","approve":0,"workYear":"3-5年","education":"不限","city":"北京","companyLogo":"i/image/M00/41/F5/CgqKkVd-ByaAU4XsAACkPT0T4LE635.jpg","jobNature":"全职","industryField":"教育,移动互联网","companyShortName":"金梦来","financeStage":"成长型(不需要融资)","companySize":"50-150人","companyLabelList":null,"district":"海淀区","businessZones":["苏州街","中关村","北京大学"],"imState":"today","lastLogin":1472551441000,"publisherId":5580670,"explain":null,"plus":null,"pcShow":0,"appShow":0,"deliver":0,"gradeDescription":null,"companyFullName":"北京金梦来网络科技有限公司","adWord":0},{"companyId":128728,"formatCreateTime":"16:16发布","score":0,"positionId":2306438,"positionName":"Android","createTime":"2016-08-30 16:16:28","positionAdvantage":"十三薪，技术大牛，七险一金","salary":"15k-25k","approve":0,"workYear":"1-3年","education":"本科","city":"北京","companyLogo":"i/image/M00/29/BD/CgqKkVcwT5GAIcMkAAAGR1Hckz0080.png","jobNature":"全职","industryField":"移动互联网,电子商务","companyShortName":"东方瓦力机器人","financeStage":"上市公司","companySize":"50-150人","companyLabelList":null,"district":null,"businessZones":null,"imState":"today","lastLogin":1472542158000,"publisherId":5891424,"explain":null,"plus":null,"pcShow":0,"appShow":0,"deliver":0,"gradeDescription":null,"companyFullName":"北京东方瓦力机器人科技有限公司","adWord":0},{"companyId":51158,"formatCreateTime":"16:07发布","score":0,"positionId":2306366,"positionName":"Android","createTime":"2016-08-30 16:07:15","positionAdvantage":"五险一金、年底双薪、定期体检、补充医疗","salary":"10k-20k","approve":1,"workYear":"3-5年","education":"本科","city":"北京","companyLogo":"i/image/M00/01/1B/CgqKkVZf9wSAdgoaAABrydFqegA445.png","jobNature":"全职","industryField":"移动互联网","companyShortName":"中金支付有限公司","financeStage":"成长型(不需要融资)","companySize":"150-500人","companyLabelList":["节日礼物","绩效奖金","年度旅游","跨境"],"district":"通州区","businessZones":null,"imState":"today","lastLogin":1472561206000,"publisherId":1000343,"explain":null,"plus":null,"pcShow":0,"appShow":0,"deliver":0,"gradeDescription":null,"companyFullName":"中金支付有限公司","adWord":0},{"companyId":36653,"formatCreateTime":"16:01发布","score":0,"positionId":1912177,"positionName":"Android内核开发工程师","createTime":"2016-08-30 16:01:59","positionAdvantage":"绩效奖金 五险一金 团队氛围轻松","salary":"15k-20k","approve":1,"workYear":"5-10年","education":"本科","city":"北京","companyLogo":"i/image/M00/00/DA/CgqKkVZX9vOAYWo0AABeOWNfumo988.jpg","jobNature":"全职","industryField":"企业服务,信息安全","companyShortName":"四维益友","financeStage":"初创型(未融资)","companySize":"150-500人","companyLabelList":["年底双薪","节日礼物","技能培训","绩效奖金"],"district":"海淀区","businessZones":["五棵松","万寿路","公主坟"],"imState":"disabled","lastLogin":1472544122000,"publisherId":642016,"explain":null,"plus":null,"pcShow":0,"appShow":0,"deliver":0,"gradeDescription":null,"companyFullName":"北京四维益友信息技术有限公司","adWord":0},{"companyId":51856,"formatCreateTime":"15:36发布","score":0,"positionId":949284,"positionName":"Android","createTime":"2016-08-30 15:36:29","positionAdvantage":"大牛团队 弹性工作 午餐补助 年底双薪","salary":"15k-25k","approve":1,"workYear":"1-3年","education":"本科","city":"北京","companyLogo":"image1/M00/3D/7E/CgYXBlW4gleABVxwAAARtZOjFHY372.png","jobNature":"全职","industryField":"移动互联网,O2O","companyShortName":"易易","financeStage":"初创型(天使轮)","companySize":"15-50人","companyLabelList":["股票期权","带薪年假","扁平管理","五险一金"],"district":"海淀区","businessZones":["知春路","中关村","双榆树"],"imState":"today","lastLogin":1472546662000,"publisherId":1306035,"explain":null,"plus":null,"pcShow":0,"appShow":0,"deliver":0,"gradeDescription":null,"companyFullName":"北京易易信息技术有限公司","adWord":0},{"companyId":40448,"formatCreateTime":"15:33发布","score":0,"positionId":1617826,"positionName":"高级Android开发工程师","createTime":"2016-08-30 15:33:52","positionAdvantage":"高速发展，五险一金， 股票期权，项目奖金","salary":"15k以上","approve":1,"workYear":"3-5年","education":"本科","city":"北京","companyLogo":"image1/M00/00/63/Cgo8PFTUXVuAKtsrAADomwfjhPw288.jpg","jobNature":"全职","industryField":"O2O","companyShortName":"绿小锄","financeStage":"初创型(不需要融资)","companySize":"少于15人","companyLabelList":["年底双薪","节日礼物","技能培训","股票期权"],"district":"大兴区","businessZones":["亦庄","亦庄"],"imState":"today","lastLogin":1472540439000,"publisherId":747014,"explain":null,"plus":null,"pcShow":0,"appShow":0,"deliver":0,"gradeDescription":null,"companyFullName":"绿小锄（北京）科技有限公司","adWord":0},{"companyId":107708,"formatCreateTime":"15:31发布","score":0,"positionId":2211185,"positionName":"Android","createTime":"2016-08-30 15:31:48","positionAdvantage":"发展前景好","salary":"10k-16k","approve":0,"workYear":"1-3年","education":"大专","city":"北京","companyLogo":"i/image/M00/00/CA/CgqKkVZVtEiALBJZAABjbs1-swY035.jpg","jobNature":"全职","industryField":"电子商务,O2O","companyShortName":"云商未来","financeStage":"初创型(未融资)","companySize":"50-150人","companyLabelList":["年底双薪","股票期权","年终分红","绩效奖金"],"district":"海淀区","businessZones":["上地","马连洼","西二旗"],"imState":"today","lastLogin":1472545734000,"publisherId":3273957,"explain":null,"plus":null,"pcShow":0,"appShow":0,"deliver":0,"gradeDescription":null,"companyFullName":"云商未来（北京）科技有限公司","adWord":0},{"companyId":70550,"formatCreateTime":"15:25发布","score":0,"positionId":672889,"positionName":"Android高级开发工程师","createTime":"2016-08-30 15:25:56","positionAdvantage":"极具竞争力的薪资福利","salary":"15k-25k","approve":1,"workYear":"3-5年","education":"本科","city":"北京","companyLogo":"image1/M00/28/17/Cgo8PFVdpJ6AY6YVAABUOC-gwew583.gif","jobNature":"全职","industryField":"移动互联网","companyShortName":"农信互联","financeStage":"成熟型(不需要融资)","companySize":"500-2000人","companyLabelList":["节日礼物","年底双薪","股票期权","带薪年假"],"district":"海淀区","businessZones":["中关村","人民大学","苏州街"],"imState":"today","lastLogin":1472550949000,"publisherId":1705675,"explain":null,"plus":null,"pcShow":0,"appShow":0,"deliver":0,"gradeDescription":null,"companyFullName":"北京农信互联科技有限公司","adWord":0},{"companyId":59251,"formatCreateTime":"15:23发布","score":0,"positionId":2305972,"positionName":"Android高级开发工程师","createTime":"2016-08-30 15:23:31","positionAdvantage":"福利完善,年底奖金,环境优美,帅哥美女","salary":"20k-30k","approve":1,"workYear":"3-5年","education":"本科","city":"北京","companyLogo":"i/image/M00/08/49/Cgp3O1bPycGAMj0hAAAgshBCvv4840.jpg","jobNature":"全职","industryField":"移动互联网,文化娱乐","companyShortName":"映客直播","financeStage":"成长型(B轮)","companySize":"500-2000人","companyLabelList":["年底双薪","专项奖金","股票期权","带薪年假"],"district":"朝阳区","businessZones":["望京","大山子","花家地"],"imState":"today","lastLogin":1472559160000,"publisherId":1467174,"explain":null,"plus":null,"pcShow":0,"appShow":0,"deliver":0,"gradeDescription":null,"companyFullName":"北京蜜莱坞网络科技有限公司","adWord":0},{"companyId":50889,"formatCreateTime":"15:22发布","score":0,"positionId":1282353,"positionName":"Android高级开发工程师","createTime":"2016-08-30 15:22:09","positionAdvantage":"上市公司，持续股权激励，技术极客云集！","salary":"20k-35k","approve":1,"workYear":"3-5年","education":"本科","city":"北京","companyLogo":"i/image/M00/03/44/Cgp3O1ax7JWAOSzUAABS3OF0A7w289.jpg","jobNature":"全职","industryField":"移动互联网,企业服务","companyShortName":"和创科技（红圈营销）","financeStage":"上市公司","companySize":"2000人以上","companyLabelList":["弹性工作","敏捷研发","股票期权","年底双薪"],"district":"西城区","businessZones":["新街口","德胜门","小西天"],"imState":"today","lastLogin":1472559909000,"publisherId":2488880,"explain":null,"plus":null,"pcShow":0,"appShow":0,"deliver":0,"gradeDescription":null,"companyFullName":"和创（北京）科技股份有限公司","adWord":0}]}},"code":0}