{"msg":null,"success":true,"requestId":null,"resubmitToken":null,"content":{"pageNo":44,"pageSize":15,"positionResult":{"queryAnalysisInfo":{"industryName":null,"usefulCompany":false,"positionName":"android","companyName":null},"strategyProperty":{"name":"dm-csearch-newSimScorer","id":1},"totalCount":8899,"resultSize":15,"locationInfo":{"businessZone":null,"locationCode":null,"queryByGisCode":false,"city":"北京","district":null},"result":[{"companyId":50702,"explain":null,"plus":null,"pcShow":0,"appShow":0,"deliver":0,"gradeDescription":null,"businessZones":["望京","来广营"],"imState":"threeDays","lastLogin":1472438804000,"publisherId":5556333,"positionName":"Android","workYear":"3-5年","education":"本科","jobNature":"全职","positionId":2051973,"createTime":"2016-08-24 13:23:54","city":"北京","companyLogo":"i/image/M00/4B/6C/CgqKkVefHv-AFoRzAAAuALF7ZZ0419.png","industryField":"移动互联网,O2O","positionAdvantage":"国内最大的O2O平台+期权股票","salary":"40k-60k","companySize":"2000人以上","approve":1,"financeStage":"成熟型(D轮及以上)","companyLabelList":["技能培训","绩效奖金","岗位晋升","领导好"],"district":"朝阳区","companyShortName":"美团点评","score":0,"formatCreateTime":"2016-08-24","companyFullName":"北京三快在线科技有限公司","adWord":0},{"companyId":6983,"explain":null,"plus":null,"pcShow":0,"appShow":0,"deliver":0,"gradeDescription":null,"businessZones":["学院路","知春路","北航"],"imState":"disabled","lastLogin":1472183369000,"publisherId":1675805,"positionName":"Android开发工程师","workYear":"3-5年","education":"本科","jobNature":"全职","positionId":1777925,"createTime":"2016-08-24 11:08:19","city":"北京","companyLogo":"image1/M00/13/B8/CgYXBlUG4uqAMQ5aAAA3jaJFPuU738.png","industryField":"移动互联网,电子商务","positionAdvantage":"项目奖金，临近地铁，13薪，领导nice","salary":"8k-14k","companySize":"150-500人","approve":1,"financeStage":"成长型(A轮)","companyLabelList":["节日礼物","年度旅游","扁平管理","高额项目奖金"],"district":"海淀区","companyShortName":"雷尚科技","score":0,"formatCreateTime":"2016-08-24","companyFullName":"雷尚（北京）科技有限公司","adWord":0},{"companyId":26782,"explain":null,"plus":null,"pcShow":0,"appShow":0,"deliver":0,"gradeDescription":null,"businessZones":["京广桥","朝外","东大桥"],"imState":"today","lastLogin":1472559090000,"publisherId":332798,"positionName":"Android","workYear":"3-5年","education":"本科","jobNature":"全职","positionId":975728,"createTime":"2016-08-24 10:25:44","city":"北京","companyLogo":"image2/M00/28/40/CgqLKVallAaACYowAACgQYuOO3g479.PNG","industryField":"移动互联网,文化娱乐","positionAdvantage":"2016最黑马的社交应用、最值钱的股权激励","salary":"20k-40k","companySize":"150-500人","approve":1,"financeStage":"成熟型(C轮)","companyLabelList":["股票期权","带薪年假","岗位晋升","扁平管理"],"district":"朝阳区","companyShortName":"探探","score":0,"formatCreateTime":"2016-08-24","companyFullName":"探探科技（北京）有限公司","adWord":0},{"companyId":2098,"explain":null,"plus":null,"pcShow":0,"appShow":0,"deliver":0,"gradeDescription":null,"businessZones":["四惠","十里堡","甘露园"],"imState":"sevenDays","lastLogin":1472005129000,"publisherId":2761369,"positionName":"Android","workYear":"3-5年","education":"本科","jobNature":"全职","positionId":1177452,"createTime":"2016-08-24 10:22:22","city":"北京","companyLogo":"i/image/M00/32/8D/Cgp3O1dOn7WATofaAAA5t9ehG08587.jpg","industryField":"移动互联网","positionAdvantage":"iReader 5亿手机用户的阅读选择，日活1500w","salary":"15k-25k","companySize":"500-2000人","approve":1,"financeStage":"成长型(A轮)","companyLabelList":["专项奖金","带薪年假","年度旅游","扁平管理"],"district":"朝阳区","companyShortName":"掌阅iReader","score":0,"formatCreateTime":"2016-08-24","companyFullName":"掌阅科技股份有限公司","adWord":0},{"companyId":520,"explain":null,"plus":null,"pcShow":0,"appShow":0,"deliver":0,"gradeDescription":null,"businessZones":["清河","小营","上地"],"imState":"disabled","lastLogin":1472563235000,"publisherId":4255209,"positionName":"Android开发工程师","workYear":"1-3年","education":"本科","jobNature":"全职","positionId":1528278,"createTime":"2016-08-24 10:21:33","city":"北京","companyLogo":"image1/M00/00/03/CgYXBlTUV_uAY85GAAAVtFKXIv8322.jpg","industryField":"移动互联网","positionAdvantage":"待遇优厚","salary":"15k-30k","companySize":"2000人以上","approve":1,"financeStage":"成熟型(D轮及以上)","companyLabelList":["快速成长","免费班车","扁平管理","技能培训"],"district":"海淀区","companyShortName":"小米","score":0,"formatCreateTime":"2016-08-24","companyFullName":"北京小米科技有限责任公司","adWord":0},{"companyId":3954,"explain":null,"plus":null,"pcShow":0,"appShow":0,"deliver":0,"gradeDescription":null,"businessZones":["广渠门","花市","光明楼"],"imState":"today","lastLogin":1472552438000,"publisherId":38272,"positionName":"Android开发（要求英文）","workYear":"3-5年","education":"本科","jobNature":"全职","positionId":1134986,"createTime":"2016-08-24 10:17:20","city":"北京","companyLogo":"image1/M00/00/0A/Cgo8PFTUWBWAX1ArAAANIkxTsRU046.png","industryField":"移动互联网,医疗健康","positionAdvantage":"一日三餐，弹性工作制，六险一金","salary":"15k-30k","companySize":"150-500人","approve":1,"financeStage":"成熟型(C轮)","companyLabelList":["A类人才","股票期权","带薪年假","年度旅游"],"district":"东城区","companyShortName":"杏树林","score":0,"formatCreateTime":"2016-08-24","companyFullName":"杏树林信息技术（北京）有限公司","adWord":0},{"companyId":22858,"explain":null,"plus":null,"pcShow":0,"appShow":0,"deliver":0,"gradeDescription":null,"businessZones":["中关村","苏州街","苏州桥"],"imState":"today","lastLogin":1472553055000,"publisherId":364189,"positionName":"Android中高级开发工程师","workYear":"3-5年","education":"不限","jobNature":"全职","positionId":2214494,"createTime":"2016-08-24 10:15:06","city":"北京","companyLogo":"image1/M00/00/2C/CgYXBlTUXHOATbMYAAA8_cACftM593.png","industryField":"金融,数据服务","positionAdvantage":"优质精英团队 华尔街海龟、福利优厚","salary":"16k-32k","companySize":"50-150人","approve":1,"financeStage":"成长型(B轮)","companyLabelList":["绩效奖金","股票期权","年底双薪","五险一金"],"district":"海淀区","companyShortName":"量化派","score":0,"formatCreateTime":"2016-08-24","companyFullName":"北京量科邦信息技术有限公司","adWord":0},{"companyId":1575,"explain":null,"plus":null,"pcShow":0,"appShow":0,"deliver":0,"gradeDescription":null,"businessZones":["西北旺","马连洼","上地"],"imState":"disabled","lastLogin":1472460509000,"publisherId":2748132,"positionName":"FSG质量部_客户端（Android/iOS）测试开发工程师","workYear":"3-5年","education":"本科","jobNature":"全职","positionId":2234397,"createTime":"2016-08-24 10:13:58","city":"北京","companyLogo":"image1/M00/00/06/CgYXBlTUWAWAOBXrAABGHHFb0q8748.jpg","industryField":"移动互联网,数据服务","positionAdvantage":"发展空间大，团队氛围好","salary":"18k-30k","companySize":"2000人以上","approve":1,"financeStage":"上市公司","companyLabelList":["股票期权","弹性工作","五险一金","免费班车"],"district":"海淀区","companyShortName":"百度","score":0,"formatCreateTime":"2016-08-24","companyFullName":"百度在线网络技术（北京）有限公司","adWord":0},{"companyId":22672,"explain":null,"plus":null,"pcShow":0,"appShow":0,"deliver":0,"gradeDescription":null,"businessZones":null,"imState":"today","lastLogin":1472550423000,"publisherId":2247368,"positionName":"资深Android工程师","workYear":"3-5年","education":"本科","jobNature":"全职","positionId":2135374,"createTime":"2016-08-24 10:10:58","city":"北京","companyLogo":"i/image/M00/00/14/CgqKkVYnss2ALJhNAACHZcB_nyA614.png","industryField":"移动互联网,文化娱乐","positionAdvantage":"Macbook Pro+丰厚期权+免费晚餐+超多团建","salary":"15k-30k","companySize":"15-50人","approve":1,"financeStage":"成长型(A轮)","companyLabelList":["年底双薪","绩效奖金","股票期权","五险一金"],"district":null,"companyShortName":"在直播","score":0,"formatCreateTime":"2016-08-24","companyFullName":"快乐迭代（北京）网络科技有限公司","adWord":0},{"companyId":114268,"explain":null,"plus":null,"pcShow":0,"appShow":0,"deliver":0,"gradeDescription":null,"businessZones":null,"imState":"today","lastLogin":1472529863000,"publisherId":5487722,"positionName":"AndroidSDK研发工程师","workYear":"1-3年","education":"本科","jobNature":"全职","positionId":2166883,"createTime":"2016-08-24 10:04:51","city":"北京","companyLogo":"i/image/M00/03/AC/CgqKkVbCj2OAC-c2AAAobfIUcc4893.png","industryField":"移动互联网","positionAdvantage":"五险一金，带薪年假，节日福利，年底双薪","salary":"15k-30k","companySize":"150-500人","approve":0,"financeStage":"成长型(不需要融资)","companyLabelList":null,"district":"海淀区","companyShortName":"TCL互联网事业本部","score":0,"formatCreateTime":"2016-08-24","companyFullName":"TCL集团股份有限公司","adWord":0},{"companyId":1970,"explain":null,"plus":null,"pcShow":0,"appShow":0,"deliver":0,"gradeDescription":null,"businessZones":["西三旗","清河","小营"],"imState":"today","lastLogin":1472556693000,"publisherId":4985209,"positionName":"Android逆向开发","workYear":"1-3年","education":"本科","jobNature":"全职","positionId":2028287,"createTime":"2016-08-24 10:03:39","city":"北京","companyLogo":"image1/M00/00/06/CgYXBlTUWAeANQBuAABHTL1SBa8889.jpg","industryField":"移动互联网","positionAdvantage":"六险一金","salary":"15k-25k","companySize":"2000人以上","approve":1,"financeStage":"上市公司","companyLabelList":["技能培训","节日礼物","带薪年假","无息住房贷款"],"district":"海淀区","companyShortName":"去哪儿网","score":0,"formatCreateTime":"2016-08-24","companyFullName":"北京趣拿软件科技有限公司","adWord":0},{"companyId":46220,"explain":null,"plus":null,"pcShow":0,"appShow":0,"deliver":0,"gradeDescription":null,"businessZones":["望京","大山子","酒仙桥","望京","大山子","酒仙桥"],"imState":"threeDays","lastLogin":1472438173000,"publisherId":938719,"positionName":"Android资深工程师","workYear":"3-5年","education":"本科","jobNature":"全职","positionId":1745131,"createTime":"2016-08-24 10:02:31","city":"北京","companyLogo":"image1/M00/0F/AB/Cgo8PFT9Z6OAAl5YAABDc41unW0092.png","industryField":"移动互联网","positionAdvantage":"年底双薪、免费中晚餐、游泳健身、年度旅游","salary":"16k-30k","companySize":"15-50人","approve":1,"financeStage":"成长型(A轮)","companyLabelList":["技能培训","闷骚同事","培训晋升旅游","有钱没空花"],"district":"朝阳区","companyShortName":"传世未来","score":0,"formatCreateTime":"2016-08-24","companyFullName":"传世未来（北京）信息科技有限公司","adWord":0},{"companyId":42833,"explain":null,"plus":null,"pcShow":0,"appShow":0,"deliver":0,"gradeDescription":null,"businessZones":null,"imState":"today","lastLogin":1472551517000,"publisherId":2283742,"positionName":"高级Android","workYear":"3-5年","education":"大专","jobNature":"全职","positionId":1992230,"createTime":"2016-08-24 10:01:40","city":"北京","companyLogo":"image1/M00/00/6B/CgYXBlTUXXyATxpRAABpdMi8zJM169.jpg","industryField":"金融","positionAdvantage":"福利好，免费工作餐，弹性工作制度。","salary":"25k-35k","companySize":"50-150人","approve":1,"financeStage":"成长型(B轮)","companyLabelList":["带薪年假","扁平管理","五险一金","股票期权"],"district":null,"companyShortName":"大特保","score":0,"formatCreateTime":"2016-08-24","companyFullName":"嘉兴汇保网络科技有限公司","adWord":0},{"companyId":104912,"explain":null,"plus":null,"pcShow":0,"appShow":0,"deliver":0,"gradeDescription":null,"businessZones":null,"imState":"disabled","lastLogin":1472526423000,"publisherId":5222737,"positionName":"Android","workYear":"3-5年","education":"本科","jobNature":"全职","positionId":2210518,"createTime":"2016-08-24 09:57:12","city":"北京","companyLogo":"image2/M00/13/92/CgpzWlY7FbCATWijAABPccH4is4802.png?cc=0.6958874103147537","industryField":"移动互联网,电子商务","positionAdvantage":"福利待遇优厚","salary":"15k-30k","companySize":"150-500人","approve":1,"financeStage":"成长型(不需要融资)","companyLabelList":["年底双薪","绩效奖金","岗位晋升","帅哥多"],"district":"海淀区","companyShortName":"北京零下科技有限公司","score":0,"formatCreateTime":"2016-08-24","companyFullName":"北京零下科技有限公司","adWord":0},{"companyId":13229,"explain":null,"plus":null,"pcShow":0,"appShow":0,"deliver":0,"gradeDescription":null,"businessZones":null,"imState":"today","lastLogin":1472521259000,"publisherId":158449,"positionName":"Android 工程师","workYear":"3-5年","education":"本科","jobNature":"全职","positionId":1087122,"createTime":"2016-08-24 09:56:54","city":"北京","companyLogo":"image1/M00/0D/00/Cgo8PFT2qcuALVNUAABCrVesuaU091.jpg","industryField":"移动互联网","positionAdvantage":"扁平化管理 大数据 各项补助 地铁周边","salary":"15k-25k","companySize":"50-150人","approve":1,"financeStage":"成长型(A轮)","companyLabelList":["SAAS","移动互联","大数据","商业智能"],"district":"大兴区","companyShortName":"魔利互通","score":0,"formatCreateTime":"2016-08-24","companyFullName":"魔利互通（北京）信息技术有限公司","adWord":0}]}},"code":0}