{"success":true,"requestId":null,"msg":null,"resubmitToken":null,"content":{"pageNo":60,"pageSize":15,"positionResult":{"totalCount":1236,"resultSize":15,"locationInfo":{"city":"北京","district":null,"queryByGisCode":false,"businessZone":null,"locationCode":null},"queryAnalysisInfo":{"positionName":"c","companyName":null,"usefulCompany":false,"industryName":null},"strategyProperty":{"name":"dm-csearch-newSimScorer","id":1},"result":[{"companyId":131914,"companyShortName":"办伴网络","createTime":"2016-08-10 17:12:38","positionId":2077767,"positionAdvantage":"六险一金，弹性工作， 年度体检，员工餐","salary":"18k-20k","score":0,"workYear":"3-5年","education":"不限","city":"北京","positionName":"C++高级工程师","companyLogo":"i/image/M00/32/0B/CgqKkVdNJt2ANMX0AAElcXpe8tk062.jpg","financeStage":"初创型(未融资)","industryField":"移动互联网,企业服务","jobNature":"全职","approve":0,"companySize":"15-50人","district":"海淀区","companyLabelList":null,"adWord":0,"appShow":0,"deliver":0,"formatCreateTime":"2016-08-10","gradeDescription":null,"companyFullName":"北京办伴网络科技有限公司","businessZones":["西二旗","龙泽","回龙观"],"imState":"today","lastLogin":1472525945000,"publisherId":5198650,"explain":null,"plus":null,"pcShow":0},{"companyId":30869,"companyShortName":"北京维盛","createTime":"2016-08-10 16:49:24","positionId":1479820,"positionAdvantage":"五险一金 年底双薪 补助 补充医疗 年终奖","salary":"10k-15k","score":0,"workYear":"3-5年","education":"本科","city":"北京","positionName":"C++软件开发工程师（linux 视频监控）","companyLogo":"image1/M00/00/46/CgYXBlTUXN2AK8ncAAAT1FljBmc391.png","financeStage":"成熟型(D轮及以上)","industryField":"移动互联网,文化娱乐","jobNature":"全职","approve":0,"companySize":"150-500人","district":"海淀区","companyLabelList":["技能培训","年底双薪","带薪年假","岗位晋升"],"adWord":0,"appShow":0,"deliver":0,"formatCreateTime":"2016-08-10","gradeDescription":null,"companyFullName":"北京维盛网域科技有限公司","businessZones":["清河"],"imState":"disabled","lastLogin":1471512685000,"publisherId":450632,"explain":null,"plus":null,"pcShow":0},{"companyId":87908,"companyShortName":"天睿空间","createTime":"2016-08-10 14:28:57","positionId":1255022,"positionAdvantage":"A轮融资完成 核心团队 上市公司","salary":"15k-20k","score":0,"workYear":"5-10年","education":"本科","city":"北京","positionName":"C++","companyLogo":"i/image/M00/31/8F/Cgp3O1dLt-qADKflAABr12XUUls510.jpg","financeStage":"初创型(天使轮)","industryField":"数据服务","jobNature":"全职","approve":0,"companySize":"50-150人","district":"朝阳区","companyLabelList":["免费班车","带薪年假","绩效奖金","定期体检"],"adWord":0,"appShow":0,"deliver":0,"formatCreateTime":"2016-08-10","gradeDescription":null,"companyFullName":"北京天睿空间科技股份有限公司","businessZones":["来广营","望京"],"imState":"today","lastLogin":1472553780000,"publisherId":2143562,"explain":null,"plus":null,"pcShow":0},{"companyId":6746,"companyShortName":"网康","createTime":"2016-08-09 20:37:59","positionId":1742213,"positionAdvantage":"七险一金 午餐补助 免费晚餐","salary":"15k-25k","score":0,"workYear":"5-10年","education":"本科","city":"北京","positionName":"高级Linux C/C++开发工程师","companyLogo":"image1/M00/00/0E/CgYXBlTUWCaAYFEDAAB5-GG3XtI752.png","financeStage":"成熟型(C轮)","industryField":"信息安全","jobNature":"全职","approve":1,"companySize":"500-2000人","district":"朝阳区","companyLabelList":["绩效奖金","五险一金","通讯津贴","带薪年假"],"adWord":0,"appShow":0,"deliver":0,"formatCreateTime":"2016-08-09","gradeDescription":null,"companyFullName":"北京网康科技有限公司","businessZones":["来广营","望京"],"imState":"disabled","lastLogin":1472465569000,"publisherId":2152408,"explain":null,"plus":null,"pcShow":0},{"companyId":81466,"companyShortName":"纳米维景","createTime":"2016-08-09 16:27:46","positionId":2214998,"positionAdvantage":"五险一金 绩效奖金 三项补贴 技术团队","salary":"13k-18k","score":0,"workYear":"1-3年","education":"大专","city":"北京","positionName":"C++","companyLogo":"image1/M00/35/A8/Cgo8PFWcfwGAGJXSAAAMZ_ibYm0840.jpg?cc=0.8939778178464621","financeStage":"成长型(A轮)","industryField":"硬件,其他","jobNature":"全职","approve":0,"companySize":"少于15人","district":"海淀区","companyLabelList":["带薪年假","扁平管理","领导好","定期体检"],"adWord":0,"appShow":0,"deliver":0,"formatCreateTime":"2016-08-09","gradeDescription":null,"companyFullName":"北京纳米维景科技有限公司","businessZones":null,"imState":"threeDays","lastLogin":1472450558000,"publisherId":2070225,"explain":null,"plus":null,"pcShow":0},{"companyId":138123,"companyShortName":"星起","createTime":"2016-08-09 16:23:45","positionId":2214947,"positionAdvantage":"成长快,移民福利","salary":"10k-20k","score":0,"workYear":"1-3年","education":"本科","city":"北京","positionName":"C++","companyLogo":"i/image/M00/42/B8/CgqKkVeAso2AceKFAAB_EldetAE917.jpg","financeStage":"初创型(未融资)","industryField":"硬件","jobNature":"全职","approve":1,"companySize":"少于15人","district":"海淀区","companyLabelList":null,"adWord":0,"appShow":0,"deliver":0,"formatCreateTime":"2016-08-09","gradeDescription":null,"companyFullName":"北京星起科技有限公司","businessZones":["交通大学","北下关","西直门"],"imState":"today","lastLogin":1472566654000,"publisherId":5590101,"explain":null,"plus":null,"pcShow":0},{"companyId":65645,"companyShortName":"德雅科技","createTime":"2016-08-09 16:20:31","positionId":818176,"positionAdvantage":"双休,五险一金,带薪年假.","salary":"4k-6k","score":0,"workYear":"1年以下","education":"本科","city":"北京","positionName":"C++","companyLogo":"image1/M00/20/FB/Cgo8PFU5pQWAAn7BAAAsb-whBh8157.jpg","financeStage":"初创型(未融资)","industryField":"数据服务","jobNature":"全职","approve":1,"companySize":"15-50人","district":"朝阳区","companyLabelList":["技能培训","带薪年假","年度旅游","岗位晋升"],"adWord":0,"appShow":0,"deliver":0,"formatCreateTime":"2016-08-09","gradeDescription":null,"companyFullName":"北京德雅枫桦信息技术有限公司","businessZones":["酒仙桥","大山子","将台路"],"imState":"disabled","lastLogin":1472193253000,"publisherId":1621226,"explain":null,"plus":null,"pcShow":0},{"companyId":114686,"companyShortName":"中世顺科技","createTime":"2016-08-09 16:03:43","positionId":2021043,"positionAdvantage":"领导好，五险一金，年度体检，餐补补助","salary":"8k-13k","score":0,"workYear":"1-3年","education":"本科","city":"北京","positionName":"C++中级工程师","companyLogo":"i/image/M00/03/D9/Cgp3O1bEBmGAJYgFAAAHuzhhT5Q951.jpg","financeStage":"成长型(不需要融资)","industryField":"金融,硬件","jobNature":"全职","approve":0,"companySize":"150-500人","district":null,"companyLabelList":["绩效奖金","带薪年假","定期体检"],"adWord":0,"appShow":0,"deliver":0,"formatCreateTime":"2016-08-09","gradeDescription":null,"companyFullName":"中世顺科技（北京）有限公司","businessZones":null,"imState":"overSevenDays","lastLogin":1471225201000,"publisherId":3890127,"explain":null,"plus":null,"pcShow":0},{"companyId":56757,"companyShortName":"中科智网","createTime":"2016-08-09 15:34:07","positionId":2214440,"positionAdvantage":"周末双休","salary":"3k-5k","score":0,"workYear":"不限","education":"硕士","city":"北京","positionName":"C/C++软件开发工程师（中关村）","companyLogo":"i/image/M00/4D/74/Cgp3O1en3WiAEV6KAAASAIcKZ30938.jpg","financeStage":"成长型(不需要融资)","industryField":"硬件","jobNature":"实习","approve":1,"companySize":"50-150人","district":"海淀区","companyLabelList":["绩效奖金","岗位晋升","管理规范","领导好"],"adWord":0,"appShow":0,"deliver":0,"formatCreateTime":"2016-08-09","gradeDescription":null,"companyFullName":"北京中科智网科技有限公司","businessZones":null,"imState":"disabled","lastLogin":1471912573000,"publisherId":5684490,"explain":null,"plus":null,"pcShow":0},{"companyId":1686,"companyShortName":"爱奇艺","createTime":"2016-08-09 14:00:38","positionId":1811727,"positionAdvantage":"轻松的开发环境，敏捷高效的开发流程","salary":"15k-25k","score":0,"workYear":"1-3年","education":"硕士","city":"北京","positionName":"linux c/c++ 后端系统研发工程师","companyLogo":"image1/M00/00/06/Cgo8PFTUWAaAbD7PAACAXTzCmiw113.jpg","financeStage":"成熟型(D轮及以上)","industryField":"广告营销,文化娱乐","jobNature":"全职","approve":1,"companySize":"2000人以上","district":"海淀区","companyLabelList":["绩效奖金","五险一金","交通补助","带薪年假"],"adWord":0,"appShow":0,"deliver":0,"formatCreateTime":"2016-08-09","gradeDescription":null,"companyFullName":"北京爱奇艺科技有限公司","businessZones":["中关村","北京大学","苏州街"],"imState":"disabled","lastLogin":1472466378000,"publisherId":2286658,"explain":null,"plus":null,"pcShow":0},{"companyId":123777,"companyShortName":"通力互联","createTime":"2016-08-09 13:25:01","positionId":2175754,"positionAdvantage":"带薪年假，项目稳定，世界500强","salary":"10k-15k","score":0,"workYear":"1-3年","education":"本科","city":"北京","positionName":"Windows端的C++开发工程师","companyLogo":"i/image/M00/2E/03/CgqKkVc9jmCAI8DpAAD09YLPnBk157.png","financeStage":"成熟型(不需要融资)","industryField":"电子商务,企业服务","jobNature":"全职","approve":0,"companySize":"2000人以上","district":"海淀区","companyLabelList":["绩效奖金","交通补助","定期体检","通讯津贴"],"adWord":0,"appShow":0,"deliver":0,"formatCreateTime":"2016-08-09","gradeDescription":null,"companyFullName":"北京通力互联技术服务有限公司","businessZones":["西二旗","龙泽","回龙观"],"imState":"disabled","lastLogin":1471851237000,"publisherId":5811873,"explain":null,"plus":null,"pcShow":0},{"companyId":111139,"companyShortName":"蔚来汽车","createTime":"2016-08-09 11:01:10","positionId":2212258,"positionAdvantage":"技术牛人，期权激励，福利优厚，全球团队","salary":"15k-30k","score":0,"workYear":"1-3年","education":"硕士","city":"北京","positionName":"Java/C++工程师","companyLogo":"i/image/M00/01/FA/CgqKkVZ9CxmAKEYiAABQmB13PvY817.jpg","financeStage":"成熟型(不需要融资)","industryField":"移动互联网,企业服务","jobNature":"全职","approve":0,"companySize":"500-2000人","district":"朝阳区","companyLabelList":["年底双薪","带薪年假","通讯津贴","交通补助"],"adWord":0,"appShow":0,"deliver":0,"formatCreateTime":"2016-08-09","gradeDescription":null,"companyFullName":"上海蔚来汽车有限公司","businessZones":["亮马桥","三元桥","燕莎"],"imState":"disabled","lastLogin":1471507195000,"publisherId":1352810,"explain":null,"plus":null,"pcShow":0},{"companyId":107423,"companyShortName":"瓜子二手车直卖网","createTime":"2016-08-09 10:45:13","positionId":1847789,"positionAdvantage":"大牛亲自带队 新兴业务 机会多多","salary":"12k-18k","score":0,"workYear":"1-3年","education":"本科","city":"北京","positionName":"PHP初级开发工程师C2B","companyLogo":"i/image/M00/0B/AE/Cgp3O1bWYyOAQo96AAC1TQO-4Cg541.jpg","financeStage":"成长型(A轮)","industryField":"O2O","jobNature":"全职","approve":0,"companySize":"2000人以上","district":null,"companyLabelList":["带薪年假","弹性工作","免费班车","美女多"],"adWord":0,"appShow":0,"deliver":0,"formatCreateTime":"2016-08-09","gradeDescription":null,"companyFullName":"车好多旧机动车经纪(北京)有限公司","businessZones":null,"imState":"today","lastLogin":1472555599000,"publisherId":3548181,"explain":null,"plus":null,"pcShow":0},{"companyId":7545,"companyShortName":"金融界网站（互联网证券）","createTime":"2016-08-09 10:30:51","positionId":2174541,"positionAdvantage":"上市公司,六险一金,互联网金融,各种餐补","salary":"20k-30k","score":0,"workYear":"3-5年","education":"本科","city":"北京","positionName":".net/c#开发工程师","companyLogo":"image1/M00/17/CF/CgYXBlUSdxeALohJAABMm3LY4to753.jpg","financeStage":"上市公司","industryField":"移动互联网,金融","jobNature":"全职","approve":1,"companySize":"500-2000人","district":"西城区","companyLabelList":["技能培训","节日礼物","过节费","带薪年假"],"adWord":0,"appShow":0,"deliver":0,"formatCreateTime":"2016-08-09","gradeDescription":null,"companyFullName":"北京富华创新科技发展有限责任公司","businessZones":["宣武门","和平门","菜市口"],"imState":"overSevenDays","lastLogin":1471251689000,"publisherId":665304,"explain":null,"plus":null,"pcShow":0},{"companyId":119421,"companyShortName":"盛开互动","createTime":"2016-08-09 09:58:23","positionId":2211284,"positionAdvantage":"五险一金、餐补、带薪年假、节日福利等","salary":"8k-10k","score":0,"workYear":"1-3年","education":"本科","city":"北京","positionName":"C++软件开发工程师","companyLogo":"i/image/M00/14/34/CgqKkVbo9dGANmSIAAAZYOGBUG4510.png","financeStage":"成长型(B轮)","industryField":"移动互联网","jobNature":"全职","approve":0,"companySize":"15-50人","district":"海淀区","companyLabelList":null,"adWord":0,"appShow":0,"deliver":0,"formatCreateTime":"2016-08-09","gradeDescription":null,"companyFullName":"北京盛开互动科技有限公司","businessZones":["北太平庄","牡丹园","健翔桥"],"imState":"disabled","lastLogin":1470708563000,"publisherId":4521228,"explain":null,"plus":null,"pcShow":0}]}},"code":0}