{"success":true,"requestId":null,"msg":null,"resubmitToken":null,"content":{"pageNo":68,"pageSize":15,"positionResult":{"totalCount":1236,"resultSize":15,"locationInfo":{"queryByGisCode":false,"businessZone":null,"locationCode":null,"city":"北京","district":null},"queryAnalysisInfo":{"industryName":null,"usefulCompany":false,"positionName":"c","companyName":null},"strategyProperty":{"name":"dm-csearch-newSimScorer","id":1},"result":[{"companyId":16059,"positionName":"C++","workYear":"1-3年","education":"大专","jobNature":"全职","financeStage":"初创型(未融资)","companyLogo":"image1/M00/35/B0/CgYXBlWcilSALGwcAAB-NfWGh88550.jpg","industryField":"企业服务","companyShortName":"瑞星","city":"北京","salary":"12k-18k","positionId":1820218,"positionAdvantage":"20年信息安全企业，年底双薪，长期带薪年假","district":"海淀区","createTime":"2016-08-02 09:42:48","companyLabelList":["年底双薪","五险一金","带薪年假","定期体检"],"approve":1,"companySize":"150-500人","score":0,"companyFullName":"北京瑞星信息技术有限公司","adWord":0,"formatCreateTime":"2016-08-02","publisherId":1981035,"explain":null,"plus":null,"pcShow":0,"appShow":0,"deliver":0,"gradeDescription":null,"businessZones":null,"imState":"disabled","lastLogin":1470706581000},{"companyId":5624,"positionName":"C++服务器开发","workYear":"3-5年","education":"不限","jobNature":"全职","financeStage":"初创型(未融资)","companyLogo":"i/image/M00/4B/CF/Cgp3O1egcuWARe1JAAARvCtSCcM252.jpg","industryField":"游戏","companyShortName":"卓越游戏（locojoy）","city":"北京","salary":"15k-30k","positionId":2178013,"positionAdvantage":"六险一金,年度旅游,弹性上班","district":"朝阳区","createTime":"2016-08-02 09:27:06","companyLabelList":["带薪年假","给力餐补","岗位晋升","扁平管理"],"approve":1,"companySize":"500-2000人","score":0,"companyFullName":"北京乐动卓越信息技术有限公司","adWord":0,"formatCreateTime":"2016-08-02","publisherId":56762,"explain":null,"plus":null,"pcShow":0,"appShow":0,"deliver":0,"gradeDescription":null,"businessZones":["北苑","立水桥"],"imState":"overSevenDays","lastLogin":1470886698000},{"companyId":6110,"positionName":"C# .net","workYear":"1年以下","education":"本科","jobNature":"全职","financeStage":"上市公司","companyLogo":"i/image/M00/30/EA/CgqKkVdIBY6ALxM_AACKdNN_NLs107.jpg","industryField":"移动互联网,金融","companyShortName":"北京搜房科技发展有限公司","city":"北京","salary":"7k-11k","positionId":406060,"positionAdvantage":"年中年底奖金","district":"丰台区","createTime":"2016-08-02 09:06:05","companyLabelList":["岗位晋升","扁平管理","管理规范","领导好"],"approve":1,"companySize":"2000人以上","score":0,"companyFullName":"北京搜房科技发展有限公司","adWord":0,"formatCreateTime":"2016-08-02","publisherId":966731,"explain":null,"plus":null,"pcShow":0,"appShow":0,"deliver":0,"gradeDescription":null,"businessZones":["花乡","看丹桥"],"imState":"disabled","lastLogin":1470121952000},{"companyId":132402,"positionName":"C#高级开发工程师","workYear":"1-3年","education":"本科","jobNature":"全职","financeStage":"上市公司","companyLogo":"i/image/M00/4B/36/CgqKkVeexVKAItbDAABppaSfynw110.PNG","industryField":"其他","companyShortName":"博源恒芯科技","city":"北京","salary":"8k-16k","positionId":2173892,"positionAdvantage":"WPF,C#,.NET","district":"海淀区","createTime":"2016-08-01 11:51:43","companyLabelList":null,"approve":0,"companySize":"50-150人","score":0,"companyFullName":"北京博源恒芯科技有限公司","adWord":0,"formatCreateTime":"2016-08-01","publisherId":5228649,"explain":null,"plus":null,"pcShow":0,"appShow":0,"deliver":0,"gradeDescription":null,"businessZones":["北太平庄","牡丹园","健翔桥"],"imState":"disabled","lastLogin":1470273629000},{"companyId":124866,"positionName":"C#","workYear":"1-3年","education":"本科","jobNature":"全职","financeStage":"初创型(未融资)","companyLogo":"i/image/M00/20/E4/Cgp3O1cPSdWAAE3AAACFE2f8ZdE504.jpg","industryField":"移动互联网,硬件","companyShortName":"北京领创","city":"北京","salary":"8k-16k","positionId":1712660,"positionAdvantage":"独立核算机制，项目利润分红，弹性工作制","district":"海淀区","createTime":"2016-08-01 11:47:05","companyLabelList":["年终分红","带薪年假","绩效奖金","弹性工作"],"approve":0,"companySize":"50-150人","score":0,"companyFullName":"北京领创拓展科技发展有限公司","adWord":0,"formatCreateTime":"2016-08-01","publisherId":4813068,"explain":null,"plus":null,"pcShow":0,"appShow":0,"deliver":0,"gradeDescription":null,"businessZones":["上地","西二旗","马连洼"],"imState":"overSevenDays","lastLogin":1471488242000},{"companyId":85035,"positionName":"C语言开发工程师","workYear":"1-3年","education":"本科","jobNature":"全职","financeStage":"初创型(未融资)","companyLogo":"image1/M00/3B/DB/CgYXBlWx6WGAAkmhAAAE17ENrMc930.png?cc=0.5556694569531828","industryField":"移动互联网,电子商务","companyShortName":"微赢家","city":"北京","salary":"10k-15k","positionId":1917887,"positionAdvantage":"办公环境好.五险一金.13薪.扁平管理.双休","district":"朝阳区","createTime":"2016-08-01 10:52:04","companyLabelList":["节日礼物","年底双薪","带薪年假","扁平管理"],"approve":0,"companySize":"50-150人","score":0,"companyFullName":"北京聚通达科技有限公司","adWord":0,"formatCreateTime":"2016-08-01","publisherId":2174727,"explain":null,"plus":null,"pcShow":0,"appShow":0,"deliver":0,"gradeDescription":null,"businessZones":null,"imState":"disabled","lastLogin":1472533546000},{"companyId":132649,"positionName":"C++软件工程师","workYear":"1-3年","education":"本科","jobNature":"全职","financeStage":"成长型(不需要融资)","companyLogo":"i/image/M00/32/88/Cgp3O1dOlwmAfnCzAABJUMepYJw116.jpg","industryField":"企业服务,其他","companyShortName":"国科恒通","city":"北京","salary":"10k-15k","positionId":1908839,"positionAdvantage":"团队氛围好，技术提升快","district":"海淀区","createTime":"2016-08-01 10:27:53","companyLabelList":null,"approve":0,"companySize":"150-500人","score":0,"companyFullName":"北京国科恒通电气自动化科技有限公司","adWord":0,"formatCreateTime":"2016-08-01","publisherId":5240321,"explain":null,"plus":null,"pcShow":0,"appShow":0,"deliver":0,"gradeDescription":null,"businessZones":["上地","马连洼","颐和园"],"imState":"overSevenDays","lastLogin":1469669298000},{"companyId":135242,"positionName":"C#工程师","workYear":"不限","education":"本科","jobNature":"全职","financeStage":"初创型(未融资)","companyLogo":"i/image/M00/39/BF/CgqKkVdnsCqAcdJIAABO1gG9h7A520.jpg","industryField":"企业服务,数据服务","companyShortName":"天工科仪","city":"北京","salary":"7k-10k","positionId":1986242,"positionAdvantage":"负责数据管理系统、航天场景软件界面开发。","district":"海淀区","createTime":"2016-08-01 10:21:43","companyLabelList":["节日礼物","帅哥多","扁平管理","领导好"],"approve":0,"companySize":"15-50人","score":0,"companyFullName":"北京天工科仪空间技术公司","adWord":0,"formatCreateTime":"2016-08-01","publisherId":5407623,"explain":null,"plus":null,"pcShow":0,"appShow":0,"deliver":0,"gradeDescription":null,"businessZones":["马连洼","颐和园"],"imState":"disabled","lastLogin":1472009235000},{"companyId":22805,"positionName":"Unix C软件工程师","workYear":"3-5年","education":"本科","jobNature":"全职","financeStage":"上市公司","companyLogo":"image1/M00/00/2C/Cgo8PFTUXHKAWfcnAABs0SMfqAs063.jpg","industryField":"移动互联网,金融","companyShortName":"恒生电子","city":"北京","salary":"10k-15k","positionId":1610475,"positionAdvantage":"年终奖金五险一金定期体检员工旅游节日福利","district":"西城区","createTime":"2016-08-01 09:55:31","companyLabelList":["绩效奖金","专项奖金","五险一金","通讯津贴"],"approve":1,"companySize":"2000人以上","score":0,"companyFullName":"恒生电子股份有限公司","adWord":0,"formatCreateTime":"2016-08-01","publisherId":4581060,"explain":null,"plus":null,"pcShow":0,"appShow":0,"deliver":0,"gradeDescription":null,"businessZones":["官园","车公庄","阜成门"],"imState":"disabled","lastLogin":1470106333000},{"companyId":42677,"positionName":"C#","workYear":"应届毕业生","education":"大专","jobNature":"全职","financeStage":"成长型(不需要融资)","companyLogo":"image1/M00/17/47/CgYXBlURFNeACGX7AABXr510tX0118.jpg","industryField":"教育","companyShortName":"华清远见教育集团","city":"北京","salary":"5k-8k","positionId":2170784,"positionAdvantage":"五险一金，旅游生日会，餐补","district":"昌平区","createTime":"2016-07-30 14:48:06","companyLabelList":["年底双薪","节日礼物","绩效奖金","创业机会"],"approve":1,"companySize":"150-500人","score":0,"companyFullName":"北京华清远见科技信息有限公司","adWord":0,"formatCreateTime":"2016-07-30","publisherId":2813342,"explain":null,"plus":null,"pcShow":0,"appShow":0,"deliver":0,"gradeDescription":null,"businessZones":["西三旗","清河","回龙观"],"imState":"overSevenDays","lastLogin":1470898501000},{"companyId":596,"positionName":"C/C++研发工程师","workYear":"1-3年","education":"本科","jobNature":"全职","financeStage":"成长型(A轮)","companyLogo":"image1/M00/00/03/Cgo8PFTUV_yAUojwAABORGifxf8198.png","industryField":"教育","companyShortName":"北京快乐学","city":"北京","salary":"15k-30k","positionId":1831214,"positionAdvantage":"顶级研发团队 待遇优厚 期权 上升行业机会","district":"海淀区","createTime":"2016-07-29 17:48:36","companyLabelList":["弹性工作","五险一金","带薪年假","年底双薪"],"approve":1,"companySize":"150-500人","score":0,"companyFullName":"北京快乐学网络科技有限公司","adWord":0,"formatCreateTime":"2016-07-29","publisherId":3719353,"explain":null,"plus":null,"pcShow":0,"appShow":0,"deliver":0,"gradeDescription":null,"businessZones":["苏州桥","万柳","万泉河"],"imState":"overSevenDays","lastLogin":1469616651000},{"companyId":50702,"positionName":"服务端高级研发工程师-酒店C端","workYear":"3-5年","education":"本科","jobNature":"全职","financeStage":"成熟型(D轮及以上)","companyLogo":"i/image/M00/4B/6C/CgqKkVefHv-AFoRzAAAuALF7ZZ0419.png","industryField":"移动互联网,O2O","companyShortName":"美团点评","city":"北京","salary":"20k-40k","positionId":1938316,"positionAdvantage":"福利待遇","district":"朝阳区","createTime":"2016-07-29 17:05:11","companyLabelList":["技能培训","绩效奖金","岗位晋升","领导好"],"approve":1,"companySize":"2000人以上","score":0,"companyFullName":"北京三快在线科技有限公司","adWord":0,"formatCreateTime":"2016-07-29","publisherId":5042468,"explain":null,"plus":null,"pcShow":0,"appShow":0,"deliver":0,"gradeDescription":null,"businessZones":["望京","来广营"],"imState":"overSevenDays","lastLogin":1471189053000},{"companyId":112075,"positionName":"C++","workYear":"1-3年","education":"本科","jobNature":"全职","financeStage":"上市公司","companyLogo":"i/image/M00/02/6C/Cgp3O1aPEkiAIMcUAAA8vIUAeXg966.png","industryField":"电子商务,数据服务","companyShortName":"同方泰德","city":"北京","salary":"6k-10k","positionId":1775164,"positionAdvantage":"全险、上市公司、巨大发展前景","district":"海淀区","createTime":"2016-07-29 16:17:28","companyLabelList":["同方","午餐补助","定期体检","集成"],"approve":1,"companySize":"500-2000人","score":0,"companyFullName":"同方泰德国际科技（北京）有限公司","adWord":0,"formatCreateTime":"2016-07-29","publisherId":3696732,"explain":null,"plus":null,"pcShow":0,"appShow":0,"deliver":0,"gradeDescription":null,"businessZones":["五道口","学院路","北航","五道口","学院路","北航"],"imState":"disabled","lastLogin":1471853637000},{"companyId":59316,"positionName":"产品经理- K12 C2C教育平台","workYear":"3-5年","education":"本科","jobNature":"全职","financeStage":"上市公司","companyLogo":"i/image/M00/11/74/CgqKkVbiIxeAe8aFAAALzAao6tw057.png","industryField":"移动互联网,教育","companyShortName":"优学习","city":"北京","salary":"15k-25k","positionId":2016937,"positionAdvantage":"五险一金，餐补，团建活动","district":null,"createTime":"2016-07-29 14:46:03","companyLabelList":["技能培训","节日礼物","股票期权","带薪年假"],"approve":1,"companySize":"150-500人","score":0,"companyFullName":"北京聚智未来科技股份有限公司","adWord":0,"formatCreateTime":"2016-07-29","publisherId":2359452,"explain":null,"plus":null,"pcShow":0,"appShow":0,"deliver":0,"gradeDescription":null,"businessZones":null,"imState":"today","lastLogin":1472536854000},{"companyId":25119,"positionName":"嵌入式C++开发","workYear":"应届毕业生","education":"本科","jobNature":"全职","financeStage":"上市公司","companyLogo":"images/logo_default.png","industryField":"移动互联网,数据服务","companyShortName":"北京信威通信技术股份有限公司","city":"北京","salary":"8k-12k","positionId":2167481,"positionAdvantage":"薪资福利好，发展平台大。","district":null,"createTime":"2016-07-29 14:13:05","companyLabelList":["年终分红","绩效奖金","五险一金","交通补助"],"approve":0,"companySize":"150-500人","score":0,"companyFullName":"北京信威通信技术股份有限公司","adWord":0,"formatCreateTime":"2016-07-29","publisherId":4746593,"explain":null,"plus":null,"pcShow":0,"appShow":0,"deliver":0,"gradeDescription":null,"businessZones":null,"imState":"disabled","lastLogin":1472432930000}]}},"code":0}