{"success":true,"requestId":null,"resubmitToken":null,"msg":null,"content":{"pageNo":39,"pageSize":15,"positionResult":{"resultSize":15,"totalCount":1236,"locationInfo":{"businessZone":null,"queryByGisCode":false,"locationCode":null,"city":"北京","district":null},"queryAnalysisInfo":{"industryName":null,"usefulCompany":false,"positionName":"c","companyName":null},"strategyProperty":{"name":"dm-csearch-newSimScorer","id":1},"result":[{"formatCreateTime":"2016-08-24","createTime":"2016-08-24 09:22:00","companyId":127068,"positionName":"C++/Linux服务器开发工程师","education":"本科","city":"北京","positionId":2186712,"financeStage":"初创型(天使轮)","companyShortName":"极限元","companyLogo":"i/image/M00/28/D5/CgqKkVcsQ_6AcCUaAAAQtNXau9Y736.png","salary":"15k-30k","industryField":"硬件","district":"海淀区","companyLabelList":["五险一金","水果软饮","加班晚餐","带薪年假"],"positionAdvantage":"年底双薪 节假日福利 五险一金 水果下午茶","jobNature":"全职","workYear":"3-5年","approve":0,"score":0,"companySize":"15-50人","businessZones":["上地","马连洼","西二旗"],"imState":"disabled","lastLogin":1470205724000,"publisherId":5830276,"explain":null,"plus":null,"pcShow":0,"appShow":0,"deliver":0,"gradeDescription":null,"companyFullName":"极限元（北京）智能科技有限公司","adWord":0},{"formatCreateTime":"2016-08-23","createTime":"2016-08-23 20:48:00","companyId":124192,"positionName":"C++","education":"本科","city":"北京","positionId":2195973,"financeStage":"成熟型(不需要融资)","companyShortName":"闲徕互娱","companyLogo":"i/image/M00/54/E5/Cgp3O1fFRZiAOthRAABUxt3Nnp8567.jpg","salary":"20k-30k","industryField":"游戏","district":"朝阳区","companyLabelList":["年底双薪","股票期权","带薪年假","午餐补助"],"positionAdvantage":"年底最低14薪资 节节千元红包","jobNature":"全职","workYear":"3-5年","approve":1,"score":0,"companySize":"500-2000人","businessZones":["北苑"],"imState":"today","lastLogin":1472545682000,"publisherId":4673764,"explain":null,"plus":null,"pcShow":0,"appShow":0,"deliver":0,"gradeDescription":null,"companyFullName":"北京闲徕互娱网络科技有限公司","adWord":0},{"formatCreateTime":"2016-08-23","createTime":"2016-08-23 17:07:26","companyId":140033,"positionName":"C","education":"本科","city":"北京","positionId":2277981,"financeStage":"上市公司","companyShortName":"北京联合永道软件股份有限公司","companyLogo":"i/image/M00/47/66/CgqKkVePQbKAAkBVAAA9bKilxpk300.png","salary":"5k-8k","industryField":"移动互联网","district":"海淀区","companyLabelList":null,"positionAdvantage":"五险一金、绩效奖金、午餐补贴、节日福利","jobNature":"全职","workYear":"不限","approve":0,"score":0,"companySize":"500-2000人","businessZones":["西二旗","龙泽","回龙观"],"imState":"disabled","lastLogin":1472544764000,"publisherId":5289898,"explain":null,"plus":null,"pcShow":0,"appShow":0,"deliver":0,"gradeDescription":null,"companyFullName":"北京联合永道软件股份有限公司","adWord":0},{"formatCreateTime":"2016-08-23","createTime":"2016-08-23 16:53:07","companyId":37099,"positionName":"自动驾驶事业部_C++仿真器开发工程师","education":"本科","city":"北京","positionId":2213030,"financeStage":"上市公司","companyShortName":"百度","companyLogo":"i/image/M00/03/3B/Cgp3O1awdYKAaopbAABFI3RQsu4671.png","salary":"15k-30k","industryField":"移动互联网","district":"海淀区","companyLabelList":["弹性工作","五险一金","节日礼物","带薪年假"],"positionAdvantage":"核心研发项目，五险一金，先进技术平台","jobNature":"全职","workYear":"3-5年","approve":0,"score":0,"companySize":"2000人以上","businessZones":["西北旺","马连洼","上地"],"imState":"disabled","lastLogin":1472552077000,"publisherId":5318940,"explain":null,"plus":null,"pcShow":0,"appShow":0,"deliver":0,"gradeDescription":null,"companyFullName":"百度时代网络技术(北京)有限公司","adWord":0},{"formatCreateTime":"2016-08-23","createTime":"2016-08-23 16:46:40","companyId":53088,"positionName":"C#开发工程师","education":"本科","city":"北京","positionId":1908323,"financeStage":"成长型(不需要融资)","companyShortName":"东舟","companyLogo":"image1/M00/1D/8D/Cgo8PFUrX2aAYieFAABRBrQlIP8569.jpg","salary":"8k-16k","industryField":"移动互联网,企业服务","district":"海淀区","companyLabelList":["绩效奖金","岗位晋升","年度旅游","扁平管理"],"positionAdvantage":"五险一金、节日福利、扁平化管理","jobNature":"全职","workYear":"1-3年","approve":1,"score":0,"companySize":"50-150人","businessZones":["上地","马连洼","西二旗"],"imState":"today","lastLogin":1472551612000,"publisherId":5070257,"explain":null,"plus":null,"pcShow":0,"appShow":0,"deliver":0,"gradeDescription":null,"companyFullName":"北京东舟软件有限公司","adWord":0},{"formatCreateTime":"2016-08-23","createTime":"2016-08-23 16:26:47","companyId":50702,"positionName":"高级开发工程师（Java/PHP/Python/C++)","education":"本科","city":"北京","positionId":2034383,"financeStage":"成熟型(D轮及以上)","companyShortName":"美团点评","companyLogo":"i/image/M00/4B/6C/CgqKkVefHv-AFoRzAAAuALF7ZZ0419.png","salary":"20k-40k","industryField":"移动互联网,O2O","district":"朝阳区","companyLabelList":["技能培训","绩效奖金","岗位晋升","领导好"],"positionAdvantage":"核心业务部门，数据量大","jobNature":"全职","workYear":"3-5年","approve":1,"score":0,"companySize":"2000人以上","businessZones":["大山子","望京","酒仙桥"],"imState":"disabled","lastLogin":1472547471000,"publisherId":1920734,"explain":null,"plus":null,"pcShow":0,"appShow":0,"deliver":0,"gradeDescription":null,"companyFullName":"北京三快在线科技有限公司","adWord":0},{"formatCreateTime":"2016-08-23","createTime":"2016-08-23 16:24:51","companyId":24406,"positionName":"YF-C++ &amp; Java 开发工程师","education":"本科","city":"北京","positionId":2050131,"financeStage":"上市公司","companyShortName":"方正电子","companyLogo":"image1/M00/0A/CF/CgYXBlTwPYqAeGHBAABJwkw8Z8I860.jpg","salary":"8k-12k","industryField":"移动互联网,数据服务","district":null,"companyLabelList":["技能培训","免费班车","岗位晋升","管理规范"],"positionAdvantage":"五险一金；补充医保；餐饮补贴；带薪年假","jobNature":"全职","workYear":"不限","approve":1,"score":0,"companySize":"500-2000人","businessZones":null,"imState":"sevenDays","lastLogin":1472092766000,"publisherId":5191026,"explain":null,"plus":null,"pcShow":0,"appShow":0,"deliver":0,"gradeDescription":null,"companyFullName":"北京北大方正电子有限公司","adWord":0},{"formatCreateTime":"2016-08-23","createTime":"2016-08-23 16:21:15","companyId":4158,"positionName":"C++/C工程师","education":"不限","city":"北京","positionId":306808,"financeStage":"成长型(A轮)","companyShortName":"美秒科技","companyLogo":"image1/M00/00/0A/CgYXBlTUWBaAX5ybAACq-EA7pSc619.jpg","salary":"12k-15k","industryField":"移动互联网,电子商务","district":"海淀区","companyLabelList":["交通补助","股票期权","弹性工作","免费晚餐"],"positionAdvantage":"住宿补贴、五险一金、交通便利、发展好","jobNature":"全职","workYear":"1-3年","approve":1,"score":0,"companySize":"15-50人","businessZones":["西二旗","龙泽","回龙观"],"imState":"today","lastLogin":1472551672000,"publisherId":71928,"explain":null,"plus":null,"pcShow":0,"appShow":0,"deliver":0,"gradeDescription":null,"companyFullName":"北京美秒科技有限公司","adWord":0},{"formatCreateTime":"2016-08-23","createTime":"2016-08-23 16:18:43","companyId":125525,"positionName":"C# web开发工程师","education":"大专","city":"北京","positionId":1820070,"financeStage":"成长型(A轮)","companyShortName":"文脉互动","companyLogo":"i/image/M00/48/E4/Cgp3O1eVu3KAdSeVAAAO5JRhRJ0582.jpg","salary":"10k-20k","industryField":"移动互联网,游戏","district":"朝阳区","companyLabelList":null,"positionAdvantage":"拥有5000w月流水项目，职位晋升空间大","jobNature":"全职","workYear":"1-3年","approve":1,"score":0,"companySize":"50-150人","businessZones":["大山子","酒仙桥"],"imState":"today","lastLogin":1472529317000,"publisherId":4849875,"explain":null,"plus":null,"pcShow":0,"appShow":0,"deliver":0,"gradeDescription":null,"companyFullName":"北京文脉互动科技有限公司","adWord":0},{"formatCreateTime":"2016-08-23","createTime":"2016-08-23 15:49:21","companyId":76795,"positionName":"C++开发工程师","education":"本科","city":"北京","positionId":2207744,"financeStage":"成长型(不需要融资)","companyShortName":"爱朗格瑞","companyLogo":"image2/M00/06/E2/CgpzWlX7qH2AJZhWAAAMzQ8Crs8109.jpg","salary":"5k-10k","industryField":"企业服务,其他","district":"海淀区","companyLabelList":["年底双薪","带薪年假","绩效奖金","扁平管理"],"positionAdvantage":"五险一金 带薪年假 节日福利","jobNature":"全职","workYear":"1-3年","approve":1,"score":0,"companySize":"150-500人","businessZones":["小营","清河","西三旗"],"imState":"today","lastLogin":1472532311000,"publisherId":1554668,"explain":null,"plus":null,"pcShow":0,"appShow":0,"deliver":0,"gradeDescription":null,"companyFullName":"北京爱朗格瑞科技有限公司","adWord":0},{"formatCreateTime":"2016-08-23","createTime":"2016-08-23 15:44:41","companyId":23727,"positionName":"C++","education":"本科","city":"北京","positionId":737664,"financeStage":"上市公司","companyShortName":"知网","companyLogo":"i/image/M00/00/6D/CgqKkVZJj_qAIz4tAAAZsDXnarY482.jpg","salary":"9k-15k","industryField":"移动互联网,电子商务","district":"海淀区","companyLabelList":["美女多多","带薪年假","绩效奖金","岗位晋升"],"positionAdvantage":"五险二金、年假、免费早午餐、住宿、班车","jobNature":"全职","workYear":"不限","approve":1,"score":0,"companySize":"2000人以上","businessZones":["西三旗","清河","小营"],"imState":"today","lastLogin":1472534050000,"publisherId":1701044,"explain":null,"plus":null,"pcShow":0,"appShow":0,"deliver":0,"gradeDescription":null,"companyFullName":"同方知网（北京）技术有限公司","adWord":0},{"formatCreateTime":"2016-08-23","createTime":"2016-08-23 15:21:57","companyId":95008,"positionName":"C","education":"本科","city":"北京","positionId":2008336,"financeStage":"成熟型(不需要融资)","companyShortName":"宇信科技","companyLogo":"i/image/M00/4A/98/CgqKkVebDjSAayrdAAASoTqM9io393.jpg","salary":"12k-15k","industryField":"移动互联网,金融","district":"海淀区","companyLabelList":["技能培训","带薪年假","绩效奖金","岗位晋升"],"positionAdvantage":"项目稳定 六险一金 年底奖金","jobNature":"全职","workYear":"3-5年","approve":0,"score":0,"companySize":"2000人以上","businessZones":["西二旗","龙泽","回龙观"],"imState":"disabled","lastLogin":1472546008000,"publisherId":5102559,"explain":null,"plus":null,"pcShow":0,"appShow":0,"deliver":0,"gradeDescription":null,"companyFullName":"北京宇信科技集团股份有限公司","adWord":0},{"formatCreateTime":"2016-08-23","createTime":"2016-08-23 15:09:47","companyId":113856,"positionName":"流媒体研发工程师（C++）","education":"本科","city":"北京","positionId":2149095,"financeStage":"成长型(B轮)","companyShortName":"作业帮","companyLogo":"i/image/M00/4E/40/CgqKkVeqlb2AF8JlAAAktQnnu8U850.png","salary":"15k-30k","industryField":"移动互联网,教育","district":"海淀区","companyLabelList":["股票期权","免费三餐","打车报销","14薪"],"positionAdvantage":"扁平化管理，技术氛围，免费三餐，租房补贴","jobNature":"全职","workYear":"3-5年","approve":0,"score":0,"companySize":"150-500人","businessZones":["上地","西二旗","马连洼"],"imState":"today","lastLogin":1472563430000,"publisherId":5504534,"explain":null,"plus":null,"pcShow":0,"appShow":0,"deliver":0,"gradeDescription":null,"companyFullName":"小船出海教育科技（北京）有限公司","adWord":0},{"formatCreateTime":"2016-08-23","createTime":"2016-08-23 14:46:04","companyId":71471,"positionName":"C","education":"本科","city":"北京","positionId":684005,"financeStage":"成长型(不需要融资)","companyShortName":"北京华电天益信息科技有限公司","companyLogo":"image1/M00/28/30/CgYXBlVehVOAbW1fAABvZqDIz78145.jpg","salary":"5k-10k","industryField":"信息安全","district":"昌平区","companyLabelList":["技能培训","绩效奖金","领导好","交通补助"],"positionAdvantage":"依托大学研究中心，氛围好，轻松，假期多","jobNature":"全职","workYear":"不限","approve":0,"score":0,"companySize":"50-150人","businessZones":["回龙观","龙泽"],"imState":"disabled","lastLogin":1472520199000,"publisherId":1720869,"explain":null,"plus":null,"pcShow":0,"appShow":0,"deliver":0,"gradeDescription":null,"companyFullName":"北京华电天益信息科技有限公司","adWord":0},{"formatCreateTime":"2016-08-23","createTime":"2016-08-23 14:33:27","companyId":40459,"positionName":"C++开发实习生（算法开发）","education":"本科","city":"北京","positionId":2276344,"financeStage":"成长型(A轮)","companyShortName":"SenseTime","companyLogo":"image1/M00/09/16/CgYXBlTZ3NWAf2r4AABF8mR1rac247.jpg","salary":"5k-10k","industryField":"移动互联网","district":null,"companyLabelList":["五险一金","弹性工作","丰盛三餐","发展空间大"],"positionAdvantage":"发展空间 技术大牛 弹性工作 休闲餐点","jobNature":"实习","workYear":"不限","approve":1,"score":0,"companySize":"500-2000人","businessZones":null,"imState":"today","lastLogin":1472551452000,"publisherId":742249,"explain":null,"plus":null,"pcShow":0,"appShow":0,"deliver":0,"gradeDescription":null,"companyFullName":"北京市商汤科技开发有限公司","adWord":0}]}},"code":0}