{"msg":null,"success":true,"requestId":null,"resubmitToken":null,"content":{"pageNo":81,"pageSize":15,"positionResult":{"queryAnalysisInfo":{"industryName":null,"usefulCompany":false,"positionName":"c","companyName":null},"strategyProperty":{"name":"dm-csearch-newSimScorer","id":1},"totalCount":1236,"resultSize":15,"locationInfo":{"businessZone":null,"locationCode":null,"queryByGisCode":false,"city":"北京","district":null},"result":[{"companyId":91,"explain":null,"plus":null,"pcShow":0,"appShow":0,"deliver":0,"gradeDescription":null,"businessZones":["望京","花家地","大山子"],"imState":"today","lastLogin":1472536371000,"publisherId":686535,"positionName":"C++","workYear":"5-10年","education":"不限","jobNature":"全职","positionId":2055703,"createTime":"2016-07-05 21:24:42","city":"北京","companyLogo":"i/image/M00/01/92/CgqKkVZv9oyAebyDAACpLbec-1E022.jpg","industryField":"移动互联网","positionAdvantage":"阿里平台 导航专家 绩效奖金","salary":"30k-45k","companySize":"2000人以上","approve":1,"financeStage":"上市公司","companyLabelList":["弹性工作","帅哥多","美女多","五险一金"],"district":"朝阳区","companyShortName":"阿里巴巴移动事业群-高德","score":0,"formatCreateTime":"2016-07-05","companyFullName":"高德软件有限公司","adWord":0},{"companyId":10519,"explain":null,"plus":null,"pcShow":0,"appShow":0,"deliver":0,"gradeDescription":null,"businessZones":["大屯","奥运村","亚运村"],"imState":"threeDays","lastLogin":1472447536000,"publisherId":653330,"positionName":"高级C++开发工程师","workYear":"5-10年","education":"本科","jobNature":"全职","positionId":1402851,"createTime":"2016-07-05 18:43:29","city":"北京","companyLogo":"image1/M00/00/15/CgYXBlTUWEKAE1HeAACEAu2pVvk388.PNG","industryField":"移动互联网","positionAdvantage":"央企，民航，互联网旅游，核心交易系统","salary":"15k-25k","companySize":"2000人以上","approve":1,"financeStage":"成熟型(不需要融资)","companyLabelList":["年底双薪","技能培训","待遇优厚","五险二金"],"district":"朝阳区","companyShortName":"中国民航信息网络股份有限公司","score":0,"formatCreateTime":"2016-07-05","companyFullName":"中国民航信息网络股份有限公司","adWord":0},{"companyId":436,"explain":null,"plus":null,"pcShow":0,"appShow":0,"deliver":0,"gradeDescription":null,"businessZones":["酒仙桥","将台路","大山子"],"imState":"today","lastLogin":1472573360000,"publisherId":5171599,"positionName":"C语言开发工程师（资深级-直播项目）","workYear":"3-5年","education":"本科","jobNature":"全职","positionId":2045049,"createTime":"2016-07-04 11:03:47","city":"北京","companyLogo":"image1/M00/26/1E/Cgo8PFVUDROAf7zrAABr5cEcbGQ572.jpg","industryField":"移动互联网,游戏","positionAdvantage":"高手共事,股权期权,平台发展,自由轻松","salary":"35k-65k","companySize":"50-150人","approve":1,"financeStage":"上市公司","companyLabelList":null,"district":"朝阳区","companyShortName":"360","score":0,"formatCreateTime":"2016-07-04","companyFullName":"奇虎360科技有限公司","adWord":0},{"companyId":12299,"explain":null,"plus":null,"pcShow":0,"appShow":0,"deliver":0,"gradeDescription":null,"businessZones":["上地","马连洼"],"imState":"disabled","lastLogin":1472466984000,"publisherId":5530571,"positionName":"C","workYear":"不限","education":"硕士","jobNature":"全职","positionId":2042502,"createTime":"2016-07-02 16:01:32","city":"北京","companyLogo":"image1/M00/2C/B0/Cgo8PFV2UCiAHShwAAAK5HgrqsE541.jpg","industryField":"硬件,数据服务","positionAdvantage":"新华三最核心部门，钱途前途无量","salary":"10k-15k","companySize":"2000人以上","approve":1,"financeStage":"成熟型(不需要融资)","companyLabelList":["节日礼物","技能培训","绩效奖金","岗位晋升"],"district":"海淀区","companyShortName":"H3C","score":0,"formatCreateTime":"2016-07-02","companyFullName":"杭州华三通信技术有限公司","adWord":0},{"companyId":136920,"explain":null,"plus":null,"pcShow":0,"appShow":0,"deliver":0,"gradeDescription":null,"businessZones":["国展","左家庄","太阳宫"],"imState":"disabled","lastLogin":1472200908000,"publisherId":5514428,"positionName":"C++高级开发工程师","workYear":"3-5年","education":"本科","jobNature":"全职","positionId":2039107,"createTime":"2016-07-01 14:15:43","city":"北京","companyLogo":"i/image/M00/3F/03/CgqKkVd2Bz-AUSPlAACUiBKmtzg304.png","industryField":"文化娱乐","positionAdvantage":"上市公司，快速发展，可以得到全面的提升","salary":"10k-20k","companySize":"150-500人","approve":0,"financeStage":"上市公司","companyLabelList":null,"district":"朝阳区","companyShortName":"中悦科技","score":0,"formatCreateTime":"2016-07-01","companyFullName":"中悦科技股份有限公司","adWord":0},{"companyId":356,"explain":null,"plus":null,"pcShow":0,"appShow":0,"deliver":0,"gradeDescription":null,"businessZones":["西二旗","龙泽","回龙观"],"imState":"today","lastLogin":1472552637000,"publisherId":619924,"positionName":"C++开发工程师","workYear":"3-5年","education":"本科","jobNature":"全职","positionId":2076469,"createTime":"2016-08-30 09:56:49","city":"北京","companyLogo":"image1/M00/15/99/CgYXBlUKqGWAEiHsAABgvyF4n6Y615.jpg","industryField":"移动互联网,数据服务","positionAdvantage":"五险一金、半年调薪、绩效奖金、项目奖金","salary":"12k-22k","companySize":"150-500人","approve":1,"financeStage":"成长型(不需要融资)","companyLabelList":["股票期权","半年调薪","绩效奖金多","晋升空间大"],"district":"海淀区","companyShortName":"捷通华声","score":0,"formatCreateTime":"09:56发布","companyFullName":"北京捷通华声科技股份有限公司","adWord":0},{"companyId":356,"explain":null,"plus":null,"pcShow":0,"appShow":0,"deliver":0,"gradeDescription":null,"businessZones":["西二旗","龙泽","回龙观"],"imState":"today","lastLogin":1472552637000,"publisherId":619924,"positionName":"C++","workYear":"3-5年","education":"本科","jobNature":"全职","positionId":1885508,"createTime":"2016-08-30 09:55:33","city":"北京","companyLogo":"image1/M00/15/99/CgYXBlUKqGWAEiHsAABgvyF4n6Y615.jpg","industryField":"移动互联网,数据服务","positionAdvantage":"五险一金 绩效奖金 技术大拿多/氛围好","salary":"15k-25k","companySize":"150-500人","approve":1,"financeStage":"成长型(不需要融资)","companyLabelList":["股票期权","半年调薪","绩效奖金多","晋升空间大"],"district":"海淀区","companyShortName":"捷通华声","score":0,"formatCreateTime":"09:55发布","companyFullName":"北京捷通华声科技股份有限公司","adWord":0},{"companyId":701,"explain":null,"plus":null,"pcShow":0,"appShow":0,"deliver":0,"gradeDescription":null,"businessZones":["双桥","管庄","定福庄"],"imState":"disabled","lastLogin":1472544536000,"publisherId":2296090,"positionName":"高级C++开发工程师","workYear":"不限","education":"大专","jobNature":"全职","positionId":2033406,"createTime":"2016-08-29 09:58:25","city":"北京","companyLogo":"image1/M00/00/04/Cgo8PFTUV_2APkHsAAATfxnET1o764.gif","industryField":"移动互联网,电子商务","positionAdvantage":"补充医疗，弹性工作，班车接送，带薪年假","salary":"18k-30k","companySize":"500-2000人","approve":1,"financeStage":"上市公司","companyLabelList":["技能培训","绩效奖金","年度旅游","岗位晋升"],"district":"朝阳区","companyShortName":"亿玛在线-互联网营销领航者","score":0,"formatCreateTime":"1天前发布","companyFullName":"北京亿玛在线科技有限公司","adWord":0},{"companyId":115219,"explain":null,"plus":null,"pcShow":0,"appShow":0,"deliver":0,"gradeDescription":null,"businessZones":["健翔桥","奥运村","二里庄"],"imState":"today","lastLogin":1472550319000,"publisherId":3870732,"positionName":"C++开发工程师","workYear":"1-3年","education":"本科","jobNature":"全职","positionId":2199440,"createTime":"2016-08-27 13:27:37","city":"北京","companyLogo":"i/image/M00/04/2A/CgqKkVbGwfSASRLZAAAIEPAXMoU672.png","industryField":"信息安全,硬件","positionAdvantage":"稳定性高 节日福利 成长空间大","salary":"10k-20k","companySize":"15-50人","approve":0,"financeStage":"初创型(不需要融资)","companyLabelList":["绩效奖金","带薪年假","午餐补助","定期体检"],"district":"海淀区","companyShortName":"瑞致泰华","score":0,"formatCreateTime":"3天前发布","companyFullName":"北京瑞致泰华科技有限公司","adWord":0},{"companyId":36513,"explain":null,"plus":null,"pcShow":0,"appShow":0,"deliver":0,"gradeDescription":null,"businessZones":["中关村","苏州街","苏州桥"],"imState":"disabled","lastLogin":1472548267000,"publisherId":3435204,"positionName":"C#开发工程师","workYear":"1-3年","education":"本科","jobNature":"全职","positionId":1321482,"createTime":"2016-08-26 10:48:07","city":"北京","companyLogo":"i/image/M00/01/B2/Cgp3O1Zzr9GAdpGkAAAWW2BuXJc040.png","industryField":"移动互联网,电子商务","positionAdvantage":"微软办公 弹性工作 六险一金 年终奖 年假","salary":"8k-15k","companySize":"2000人以上","approve":0,"financeStage":"成熟型(不需要融资)","companyLabelList":["年底双薪","节日礼物","技能培训","免费班车"],"district":"海淀区","companyShortName":"微创","score":0,"formatCreateTime":"2016-08-26","companyFullName":"上海微创软件股份有限公司北京分公司","adWord":0},{"companyId":1686,"explain":null,"plus":null,"pcShow":0,"appShow":0,"deliver":0,"gradeDescription":null,"businessZones":["中关村","北京大学","苏州街"],"imState":"disabled","lastLogin":1472553945000,"publisherId":8305,"positionName":"C++引擎开发工程师","workYear":"3-5年","education":"本科","jobNature":"全职","positionId":1621531,"createTime":"2016-08-26 10:35:07","city":"北京","companyLogo":"image1/M00/00/06/Cgo8PFTUWAaAbD7PAACAXTzCmiw113.jpg","industryField":"广告营销,文化娱乐","positionAdvantage":"12天带薪年假 14薪 六险一金","salary":"18k-30k","companySize":"2000人以上","approve":1,"financeStage":"成熟型(D轮及以上)","companyLabelList":["绩效奖金","五险一金","交通补助","带薪年假"],"district":"海淀区","companyShortName":"爱奇艺","score":0,"formatCreateTime":"2016-08-26","companyFullName":"北京爱奇艺科技有限公司","adWord":0},{"companyId":1686,"explain":null,"plus":null,"pcShow":0,"appShow":0,"deliver":0,"gradeDescription":null,"businessZones":["中关村","北京大学","苏州街"],"imState":"disabled","lastLogin":1472553945000,"publisherId":8305,"positionName":"C++","workYear":"3-5年","education":"本科","jobNature":"全职","positionId":1323670,"createTime":"2016-08-26 10:35:03","city":"北京","companyLogo":"image1/M00/00/06/Cgo8PFTUWAaAbD7PAACAXTzCmiw113.jpg","industryField":"广告营销,文化娱乐","positionAdvantage":"14薪+12天带薪年假+商业保险","salary":"20k-35k","companySize":"2000人以上","approve":1,"financeStage":"成熟型(D轮及以上)","companyLabelList":["绩效奖金","五险一金","交通补助","带薪年假"],"district":"海淀区","companyShortName":"爱奇艺","score":0,"formatCreateTime":"2016-08-26","companyFullName":"北京爱奇艺科技有限公司","adWord":0},{"companyId":1686,"explain":null,"plus":null,"pcShow":0,"appShow":0,"deliver":0,"gradeDescription":null,"businessZones":["北京大学","中关村","苏州街"],"imState":"disabled","lastLogin":1472553945000,"publisherId":8305,"positionName":"linux c/c++引擎开发工程师","workYear":"3-5年","education":"本科","jobNature":"全职","positionId":1883990,"createTime":"2016-08-26 10:35:02","city":"北京","companyLogo":"image1/M00/00/06/Cgo8PFTUWAaAbD7PAACAXTzCmiw113.jpg","industryField":"广告营销,文化娱乐","positionAdvantage":"六险一金，带薪年假12天，14薪","salary":"18k-36k","companySize":"2000人以上","approve":1,"financeStage":"成熟型(D轮及以上)","companyLabelList":["绩效奖金","五险一金","交通补助","带薪年假"],"district":"海淀区","companyShortName":"爱奇艺","score":0,"formatCreateTime":"2016-08-26","companyFullName":"北京爱奇艺科技有限公司","adWord":0},{"companyId":1686,"explain":null,"plus":null,"pcShow":0,"appShow":0,"deliver":0,"gradeDescription":null,"businessZones":["中关村","北京大学","苏州街"],"imState":"disabled","lastLogin":1472553945000,"publisherId":8305,"positionName":"C++（高级开发工程师）","workYear":"3-5年","education":"本科","jobNature":"全职","positionId":1336501,"createTime":"2016-08-26 10:34:59","city":"北京","companyLogo":"image1/M00/00/06/Cgo8PFTUWAaAbD7PAACAXTzCmiw113.jpg","industryField":"广告营销,文化娱乐","positionAdvantage":"14薪+12天带薪年假","salary":"15k-30k","companySize":"2000人以上","approve":1,"financeStage":"成熟型(D轮及以上)","companyLabelList":["绩效奖金","五险一金","交通补助","带薪年假"],"district":"海淀区","companyShortName":"爱奇艺","score":0,"formatCreateTime":"2016-08-26","companyFullName":"北京爱奇艺科技有限公司","adWord":0},{"companyId":1686,"explain":null,"plus":null,"pcShow":0,"appShow":0,"deliver":0,"gradeDescription":null,"businessZones":null,"imState":"disabled","lastLogin":1472553945000,"publisherId":8305,"positionName":"C++高级/资深软件工程师","workYear":"3-5年","education":"本科","jobNature":"全职","positionId":2209269,"createTime":"2016-08-26 10:34:52","city":"北京","companyLogo":"image1/M00/00/06/Cgo8PFTUWAaAbD7PAACAXTzCmiw113.jpg","industryField":"广告营销,文化娱乐","positionAdvantage":"技术大拿多 假期多 福利好","salary":"18k-35k","companySize":"2000人以上","approve":1,"financeStage":"成熟型(D轮及以上)","companyLabelList":["绩效奖金","五险一金","交通补助","带薪年假"],"district":null,"companyShortName":"爱奇艺","score":0,"formatCreateTime":"2016-08-26","companyFullName":"北京爱奇艺科技有限公司","adWord":0}]}},"code":0}