{"success":true,"requestId":null,"msg":null,"resubmitToken":null,"code":0,"content":{"pageNo":30,"pageSize":15,"positionResult":{"resultSize":15,"totalCount":1236,"locationInfo":{"queryByGisCode":false,"businessZone":null,"locationCode":null,"city":"北京","district":null},"queryAnalysisInfo":{"industryName":null,"usefulCompany":false,"positionName":"c","companyName":null},"strategyProperty":{"name":"dm-csearch-newSimScorer","id":1},"result":[{"companyId":5854,"businessZones":["中关村","知春路","双榆树"],"imState":"disabled","lastLogin":1472535852000,"publisherId":1701066,"explain":null,"plus":null,"pcShow":0,"appShow":0,"deliver":0,"gradeDescription":null,"companyFullName":"中科方德软件有限公司","formatCreateTime":"2016-08-25","positionName":"C++ （QT）","workYear":"1-3年","education":"本科","jobNature":"全职","companyLogo":"image1/M00/00/0D/CgYXBlTUWCCAUrC7AABo-Z5RRDI900.png","salary":"8k-13k","city":"北京","financeStage":"成熟型(不需要融资)","industryField":"移动互联网,企业服务","positionId":1882948,"approve":1,"createTime":"2016-08-25 13:56:46","positionAdvantage":"六险一金、年度体检、带薪年假、","district":"海淀区","companyShortName":"中科方德软件有限公司","companyLabelList":["股票期权","带薪年假","绩效奖金","扁平管理"],"score":0,"companySize":"500-2000人","adWord":0},{"companyId":7535,"businessZones":["洋桥","马家堡","角门"],"imState":"today","lastLogin":1472557639000,"publisherId":87072,"explain":null,"plus":null,"pcShow":0,"appShow":0,"deliver":0,"gradeDescription":null,"companyFullName":"北京值得买科技股份有限公司","formatCreateTime":"2016-08-25","positionName":"资深编辑（3C家电、时尚运动、家居生活）","workYear":"不限","education":"不限","jobNature":"全职","companyLogo":"image1/M00/0E/D6/CgYXBlT8Q5SAQgeqAADJyCXW1sY530.jpg","salary":"6k-10k","city":"北京","financeStage":"成长型(A轮)","industryField":"电子商务,文化娱乐","positionId":1429586,"approve":1,"createTime":"2016-08-25 11:48:14","positionAdvantage":"六险一金+发展前景+成长型","district":"丰台区","companyShortName":"什么值得买","companyLabelList":["技能培训","带薪年假","各种主题趴","海量产品体验"],"score":0,"companySize":"150-500人","adWord":0},{"companyId":4184,"businessZones":["牡丹园","北太平庄","学院路"],"imState":"today","lastLogin":1472556285000,"publisherId":247055,"explain":null,"plus":null,"pcShow":0,"appShow":0,"deliver":0,"gradeDescription":null,"companyFullName":"北京思特奇信息技术股份有限公司","formatCreateTime":"2016-08-25","positionName":"C/C++技术专家","workYear":"5-10年","education":"本科","jobNature":"全职","companyLogo":"image1/M00/00/0A/Cgo8PFTUWBaAEBkAAAB-Og1M0To804.jpg","salary":"20k-30k","city":"北京","financeStage":"成熟型(不需要融资)","industryField":"数据服务","positionId":1968381,"approve":1,"createTime":"2016-08-25 11:25:16","positionAdvantage":"七险一金，弹性工时","district":"海淀区","companyShortName":"思特奇Si-tech","companyLabelList":["绩效奖金 ","专项奖金 ","五险一金 ","通讯津贴 "],"score":0,"companySize":"2000人以上","adWord":0},{"companyId":132527,"businessZones":["清河"],"imState":"disabled","lastLogin":1472095300000,"publisherId":5611078,"explain":null,"plus":null,"pcShow":0,"appShow":0,"deliver":0,"gradeDescription":null,"companyFullName":"清研讯科（北京）科技有限公司","formatCreateTime":"2016-08-25","positionName":"C++软件工程师","workYear":"1-3年","education":"本科","jobNature":"全职","companyLogo":"i/image/M00/32/2D/Cgp3O1dNX7eAUfzJAAAS0b3ep5Y815.png","salary":"10k-20k","city":"北京","financeStage":"成长型(A轮)","industryField":"电子商务","positionId":2286480,"approve":0,"createTime":"2016-08-25 10:46:49","positionAdvantage":"创新 开放 成长 优质薪酬&amp;福利&amp;期权","district":"海淀区","companyShortName":"清研讯科","companyLabelList":null,"score":0,"companySize":"15-50人","adWord":0},{"companyId":3866,"businessZones":null,"imState":"disabled","lastLogin":1472440558000,"publisherId":5650417,"explain":null,"plus":null,"pcShow":0,"appShow":0,"deliver":0,"gradeDescription":null,"companyFullName":"北京联想利泰软件有限公司","formatCreateTime":"2016-08-25","positionName":"C++开发工程师","workYear":"1-3年","education":"大专","jobNature":"全职","companyLogo":"i/image/M00/2B/98/Cgp3O1c1ZdaAIjU3AAA7TsArYD4046.PNG","salary":"8k-15k","city":"北京","financeStage":"初创型(未融资)","industryField":"移动互联网,招聘","positionId":2286409,"approve":1,"createTime":"2016-08-25 10:42:42","positionAdvantage":"晋升空间","district":null,"companyShortName":"联想利泰","companyLabelList":["节日礼物","带薪年假","岗位晋升","领导好"],"score":0,"companySize":"500-2000人","adWord":0},{"companyId":17007,"businessZones":["奥运村","北沙滩","健翔桥"],"imState":"today","lastLogin":1472538820000,"publisherId":564761,"explain":null,"plus":null,"pcShow":0,"appShow":0,"deliver":0,"gradeDescription":null,"companyFullName":"中通天鸿（北京）通信科技有限公司","formatCreateTime":"2016-08-25","positionName":"C++","workYear":"1-3年","education":"本科","jobNature":"全职","companyLogo":"i/image/M00/03/A8/CgqKkVbCeFGAbEPrAACG5TUoI1A196.png","salary":"10k-15k","city":"北京","financeStage":"初创型(未融资)","industryField":"移动互联网,企业服务","positionId":1460778,"approve":1,"createTime":"2016-08-25 10:36:42","positionAdvantage":"一个实现自我的平台","district":"朝阳区","companyShortName":"中通天鸿","companyLabelList":["年底双薪","带薪年假","通讯津贴","午餐补助"],"score":0,"companySize":"150-500人","adWord":0},{"companyId":58098,"businessZones":null,"imState":"disabled","lastLogin":1472534894000,"publisherId":1466736,"explain":null,"plus":null,"pcShow":0,"appShow":0,"deliver":0,"gradeDescription":null,"companyFullName":"中铁物流集团有限公司","formatCreateTime":"2016-08-25","positionName":"C#","workYear":"1-3年","education":"大专","jobNature":"全职","companyLogo":"image1/M00/17/53/CgYXBlURKSuADZQNAADJdP6HbE0730.jpg","salary":"10k-15k","city":"北京","financeStage":"成熟型(不需要融资)","industryField":"分类信息","positionId":575850,"approve":1,"createTime":"2016-08-25 10:35:54","positionAdvantage":"发展前景广阔","district":"朝阳区","companyShortName":"中铁物流集团","companyLabelList":["节日礼物","带薪年假","绩效奖金","岗位晋升"],"score":0,"companySize":"2000人以上","adWord":0},{"companyId":78436,"businessZones":["西北旺"],"imState":"disabled","lastLogin":1472542010000,"publisherId":1969595,"explain":null,"plus":null,"pcShow":0,"appShow":0,"deliver":0,"gradeDescription":null,"companyFullName":"北京易佰在线资产管理有限公司","formatCreateTime":"2016-08-25","positionName":"C++开发工程师","workYear":"3-5年","education":"本科","jobNature":"全职","companyLogo":"image1/M00/30/7B/CgYXBlWI2-WAcaQzAAAyqdPss3I432.png","salary":"15k-25k","city":"北京","financeStage":"成熟型(C轮)","industryField":"金融","positionId":2286284,"approve":0,"createTime":"2016-08-25 10:34:41","positionAdvantage":"准上市公司 扁平管理 福利待遇好","district":"海淀区","companyShortName":"易佰","companyLabelList":["节日礼物","带薪年假","绩效奖金","岗位晋升"],"score":0,"companySize":"50-150人","adWord":0},{"companyId":5714,"businessZones":["望京","花家地","大山子"],"imState":"disabled","lastLogin":1472530182000,"publisherId":3434418,"explain":null,"plus":null,"pcShow":0,"appShow":0,"deliver":0,"gradeDescription":null,"companyFullName":"Splitforce, Inc.","formatCreateTime":"2016-08-25","positionName":"C++开发工程师","workYear":"不限","education":"大专","jobNature":"全职","companyLogo":"image1/M00/00/0C/CgYXBlTUWCCATdYtAABIwcRAPEc299.png","salary":"10k-16k","city":"北京","financeStage":"上市公司","industryField":"移动互联网,企业服务","positionId":1555776,"approve":0,"createTime":"2016-08-25 10:30:20","positionAdvantage":"薪资优越 晋升空间大 办公环境好","district":"朝阳区","companyShortName":"国信美投 Meritros","companyLabelList":["国际化团队","五险一金","岗位晋升","帅哥多"],"score":0,"companySize":"2000人以上","adWord":0},{"companyId":1575,"businessZones":["西北旺","马连洼","上地"],"imState":"disabled","lastLogin":1472554684000,"publisherId":5788085,"explain":null,"plus":null,"pcShow":0,"appShow":0,"deliver":0,"gradeDescription":null,"companyFullName":"百度在线网络技术（北京）有限公司","formatCreateTime":"2016-08-25","positionName":"C++","workYear":"1-3年","education":"本科","jobNature":"全职","companyLogo":"image1/M00/00/06/CgYXBlTUWAWAOBXrAABGHHFb0q8748.jpg","salary":"15k-30k","city":"北京","financeStage":"上市公司","industryField":"移动互联网,数据服务","positionId":2167318,"approve":1,"createTime":"2016-08-25 10:29:35","positionAdvantage":"公司发展平台大，福利待遇好","district":"海淀区","companyShortName":"百度","companyLabelList":["股票期权","弹性工作","五险一金","免费班车"],"score":0,"companySize":"2000人以上","adWord":0},{"companyId":39842,"businessZones":null,"imState":"disabled","lastLogin":1472540251000,"publisherId":4992417,"explain":null,"plus":null,"pcShow":0,"appShow":0,"deliver":0,"gradeDescription":null,"companyFullName":"纬创软件（北京）有限公司武汉分公司","formatCreateTime":"2016-08-25","positionName":"C++","workYear":"3-5年","education":"本科","jobNature":"全职","companyLogo":"image1/M00/00/62/Cgo8PFTUXVKAQ1uRAABc0P_m_Og661.jpg","salary":"8k-15k","city":"北京","financeStage":"上市公司","industryField":"金融,数据服务","positionId":2254582,"approve":1,"createTime":"2016-08-25 10:27:30","positionAdvantage":"五险一金+年终奖金+免费体检+免费旅游","district":"昌平区","companyShortName":"纬创软件","companyLabelList":["技能培训","节日礼物","年底双薪","带薪年假"],"score":0,"companySize":"500-2000人","adWord":0},{"companyId":134149,"businessZones":null,"imState":"today","lastLogin":1472543176000,"publisherId":4278518,"explain":null,"plus":null,"pcShow":0,"appShow":0,"deliver":0,"gradeDescription":null,"companyFullName":"北京众维星空图形技术有限公司","formatCreateTime":"2016-08-25","positionName":"C++","workYear":"1-3年","education":"本科","jobNature":"全职","companyLogo":"i/image/M00/36/A9/CgqKkVdeVYeAF3nvAAATeIExNOg002.png","salary":"10k-20k","city":"北京","financeStage":"初创型(未融资)","industryField":"其他","positionId":1951273,"approve":0,"createTime":"2016-08-25 10:25:09","positionAdvantage":"成长空间大，发展前景好。","district":"大兴区","companyShortName":"众维星空","companyLabelList":null,"score":0,"companySize":"50-150人","adWord":0},{"companyId":77306,"businessZones":null,"imState":"today","lastLogin":1472552302000,"publisherId":5056206,"explain":null,"plus":null,"pcShow":0,"appShow":0,"deliver":0,"gradeDescription":null,"companyFullName":"北京零零无限科技有限公司","formatCreateTime":"2016-08-25","positionName":"软件开发测试工程师（C/C++ &amp; Linux)","workYear":"3-5年","education":"本科","jobNature":"全职","companyLogo":"i/image/M00/26/0F/CgqKkVcgU1aABK_iAAAV-LXFris985.png","salary":"15k-30k","city":"北京","financeStage":"成长型(A轮)","industryField":"硬件","positionId":2027875,"approve":1,"createTime":"2016-08-25 10:14:01","positionAdvantage":"嵌入式人工智能，核心软件","district":null,"companyShortName":"零零无限","companyLabelList":null,"score":0,"companySize":"50-150人","adWord":0},{"companyId":104601,"businessZones":null,"imState":"disabled","lastLogin":1472090891000,"publisherId":4378189,"explain":null,"plus":null,"pcShow":0,"appShow":0,"deliver":0,"gradeDescription":null,"companyFullName":"百度外卖","formatCreateTime":"2016-08-25","positionName":"C/C++开发工程师","workYear":"1-3年","education":"本科","jobNature":"全职","companyLogo":"image2/M00/13/09/CgpzWlY5nAyATp-rAABoQyerlBE060.jpg?cc=0.10944942501373589","salary":"15k-30k","city":"北京","financeStage":"成长型(B轮)","industryField":"O2O,生活服务","positionId":2067142,"approve":0,"createTime":"2016-08-25 10:09:10","positionAdvantage":"高薪 期权 带薪年假 岗位晋升 发展空间","district":null,"companyShortName":"百度外卖","companyLabelList":["带薪年假","岗位晋升","领导好","通讯津贴"],"score":0,"companySize":"500-2000人","adWord":0},{"companyId":56498,"businessZones":null,"imState":"today","lastLogin":1472572860000,"publisherId":1420258,"explain":null,"plus":null,"pcShow":0,"appShow":0,"deliver":0,"gradeDescription":null,"companyFullName":"北京多点在线科技有限公司","formatCreateTime":"2016-08-25","positionName":"c++工程师","workYear":"3-5年","education":"本科","jobNature":"全职","companyLogo":"i/image/M00/02/66/CgqKkVaOH92AS-P3AAAR2xmagUE151.jpg","salary":"15k-30k","city":"北京","financeStage":"成长型(B轮)","industryField":"移动互联网","positionId":2285938,"approve":1,"createTime":"2016-08-25 10:05:39","positionAdvantage":"前沿行业 全额五险一金 全员持股 氛围nice","district":null,"companyShortName":"多点","companyLabelList":["前沿行业","顶级团队","温暖氛围","弹性工作"],"score":0,"companySize":"50-150人","adWord":0}]}}}