{"success":true,"requestId":null,"msg":null,"resubmitToken":null,"content":{"pageNo":19,"pageSize":15,"positionResult":{"resultSize":15,"totalCount":1236,"locationInfo":{"city":"北京","district":null,"queryByGisCode":false,"locationCode":null,"businessZone":null},"queryAnalysisInfo":{"positionName":"c","companyName":null,"usefulCompany":false,"industryName":null},"strategyProperty":{"name":"dm-csearch-newSimScorer","id":1},"result":[{"createTime":"2016-08-29 10:25:35","formatCreateTime":"1天前发布","companyId":31590,"positionName":"C++高级软件工程师（014ZYF）","workYear":"3-5年","education":"本科","jobNature":"全职","companyShortName":"四维图新","city":"北京","salary":"15k-20k","financeStage":"上市公司","positionId":2297730,"companyLogo":"image1/M00/28/43/Cgo8PFVeyH-AIv6ZAAAxGUh8MS0606.png","positionAdvantage":"餐饮补助 弹性工作 年终奖励 七险一金","approve":1,"district":null,"score":0,"companyLabelList":["技能培训","节日礼物","带薪年假","岗位晋升"],"industryField":"移动互联网,生活服务","companySize":"2000人以上","imState":"today","lastLogin":1472558226000,"publisherId":1553618,"explain":null,"plus":null,"pcShow":0,"appShow":0,"deliver":0,"gradeDescription":null,"businessZones":null,"companyFullName":"北京四维图新科技股份有限公司","adWord":0},{"createTime":"2016-08-29 09:53:15","formatCreateTime":"1天前发布","companyId":8861,"positionName":"c++实习","workYear":"不限","education":"本科","jobNature":"实习","companyShortName":"妙计旅行","city":"北京","salary":"3k-6k","financeStage":"成长型(B轮)","positionId":170472,"companyLogo":"i/image/M00/07/17/Cgp3O1bNjT-AFsa6AAA83c0vejw711.jpg","positionAdvantage":"免费三餐，快速成长，可发全职offer","approve":1,"district":"东城区","score":0,"companyLabelList":["股票期权","十四薪","零食饮料水果","租房补贴"],"industryField":"旅游","companySize":"150-500人","imState":"today","lastLogin":1472551369000,"publisherId":94565,"explain":null,"plus":null,"pcShow":0,"appShow":0,"deliver":0,"gradeDescription":null,"businessZones":["安定门","雍和宫","北新桥"],"companyFullName":"北京汇行科技有限公司","adWord":0},{"createTime":"2016-08-29 09:00:00","formatCreateTime":"1天前发布","companyId":25439,"positionName":"C++高级工程师","workYear":"5-10年","education":"本科","jobNature":"全职","companyShortName":"Udesk－企业级智能客服平台","city":"北京","salary":"15k-25k","financeStage":"成长型(B轮)","positionId":2266038,"companyLogo":"i/image/M00/3D/F6/Cgp3O1dzZCuAUcW4AAA8ceAZVDQ330.png","positionAdvantage":"高成长企业，团队强悍，待遇丰厚","approve":1,"district":null,"score":0,"companyLabelList":["股票期权","团队强悍","高成长高回报","企业爆发前期"],"industryField":"企业服务,数据服务","companySize":"150-500人","imState":"today","lastLogin":1472569483000,"publisherId":2674637,"explain":null,"plus":null,"pcShow":0,"appShow":0,"deliver":0,"gradeDescription":null,"businessZones":null,"companyFullName":"北京沃丰时代数据科技有限公司","adWord":0},{"createTime":"2016-08-29 08:54:36","formatCreateTime":"1天前发布","companyId":23727,"positionName":"C++","workYear":"1-3年","education":"本科","jobNature":"全职","companyShortName":"知网","city":"北京","salary":"8k-16k","financeStage":"上市公司","positionId":1764262,"companyLogo":"i/image/M00/00/6D/CgqKkVZJj_qAIz4tAAAZsDXnarY482.jpg","positionAdvantage":"和谐的工作氛围，打造自我能力展示的舞台","approve":1,"district":null,"score":0,"companyLabelList":["美女多多","带薪年假","绩效奖金","岗位晋升"],"industryField":"移动互联网,电子商务","companySize":"2000人以上","imState":"disabled","lastLogin":1472519608000,"publisherId":1729681,"explain":null,"plus":null,"pcShow":0,"appShow":0,"deliver":0,"gradeDescription":null,"businessZones":null,"companyFullName":"同方知网（北京）技术有限公司","adWord":0},{"createTime":"2016-08-29 07:38:20","formatCreateTime":"1天前发布","companyId":39793,"positionName":"高级C/C++开发工程师","workYear":"5-10年","education":"硕士","jobNature":"全职","companyShortName":"中科院自动化所","city":"北京","salary":"15k-30k","financeStage":"成熟型(不需要融资)","positionId":1940466,"companyLogo":"image1/M00/00/61/CgYXBlTUXVGAdnarAACeb6MPuzM189.jpg","positionAdvantage":"中科院岗位，待遇优厚，发展空间大，有期权","approve":0,"district":"海淀区","score":0,"companyLabelList":["带薪年假","岗位晋升","定期体检","五险一金"],"industryField":"数据服务","companySize":"2000人以上","imState":"today","lastLogin":1472524020000,"publisherId":730288,"explain":null,"plus":null,"pcShow":0,"appShow":0,"deliver":0,"gradeDescription":null,"businessZones":["中关村","知春路","双榆树"],"companyFullName":"中国科学院自动化研究所","adWord":0},{"createTime":"2016-08-29 07:34:05","formatCreateTime":"1天前发布","companyId":123927,"positionName":"高级C/C++开发工程师","workYear":"3-5年","education":"硕士","jobNature":"全职","companyShortName":"中科视开","city":"北京","salary":"20k-40k","financeStage":"成长型(A轮)","positionId":1715496,"companyLogo":"i/image/M00/20/7B/Cgp3O1cODw6ARIW4AABDxuiXpZk189.png","positionAdvantage":"中科院岗位（体制内福利）+丰厚产业化奖金","approve":0,"district":"海淀区","score":0,"companyLabelList":["绩效奖金","交通补助","带薪年假","通讯津贴"],"industryField":"移动互联网,数据服务","companySize":"15-50人","imState":"overSevenDays","lastLogin":1471869944000,"publisherId":4416307,"explain":null,"plus":null,"pcShow":0,"appShow":0,"deliver":0,"gradeDescription":null,"businessZones":["中关村","知春路","双榆树"],"companyFullName":"北京中科视开科技有限公司","adWord":0},{"createTime":"2016-08-28 22:27:50","formatCreateTime":"2天前发布","companyId":50702,"positionName":"C端产品经理（用户产品方向）","workYear":"3-5年","education":"本科","jobNature":"全职","companyShortName":"美团点评","city":"北京","salary":"20k-35k","financeStage":"成熟型(D轮及以上)","positionId":2091237,"companyLogo":"i/image/M00/4B/6C/CgqKkVefHv-AFoRzAAAuALF7ZZ0419.png","positionAdvantage":"核心业务部门，用户量庞大。","approve":1,"district":"朝阳区","score":0,"companyLabelList":["技能培训","绩效奖金","岗位晋升","领导好"],"industryField":"移动互联网,O2O","companySize":"2000人以上","imState":"disabled","lastLogin":1472548516000,"publisherId":5569850,"explain":null,"plus":null,"pcShow":0,"appShow":0,"deliver":0,"gradeDescription":null,"businessZones":["大山子","望京","酒仙桥"],"companyFullName":"北京三快在线科技有限公司","adWord":0},{"createTime":"2016-08-28 14:26:56","formatCreateTime":"2天前发布","companyId":22122,"positionName":"C/C++软件研发工程师","workYear":"应届毕业生","education":"本科","jobNature":"全职","companyShortName":"TQ","city":"北京","salary":"5k-10k","financeStage":"初创型(天使轮)","positionId":2296584,"companyLogo":"image1/M00/00/2A/Cgo8PFTUXGqAX8y8AACQRoAJwoc472.jpg","positionAdvantage":"五险一金 绩效奖金 年终分红 全勤奖","approve":1,"district":"昌平区","score":0,"companyLabelList":["售前支持经理","Java开发","C++开发","售后支持"],"industryField":"移动互联网,企业服务","companySize":"150-500人","imState":"disabled","lastLogin":1472540095000,"publisherId":383496,"explain":null,"plus":null,"pcShow":0,"appShow":0,"deliver":0,"gradeDescription":null,"businessZones":["城南","昌平县城","城北"],"companyFullName":"北京商之讯软件有限公司","adWord":0},{"createTime":"2016-08-28 14:22:47","formatCreateTime":"2天前发布","companyId":123777,"positionName":"C开发（中高级）","workYear":"1-3年","education":"大专","jobNature":"全职","companyShortName":"通力互联","city":"北京","salary":"10k-13k","financeStage":"成熟型(不需要融资)","positionId":2087267,"companyLogo":"i/image/M00/2E/03/CgqKkVc9jmCAI8DpAAD09YLPnBk157.png","positionAdvantage":"大型互联网平台","approve":0,"district":"朝阳区","score":0,"companyLabelList":["绩效奖金","交通补助","定期体检","通讯津贴"],"industryField":"电子商务,企业服务","companySize":"2000人以上","imState":"disabled","lastLogin":1472371761000,"publisherId":5348722,"explain":null,"plus":null,"pcShow":0,"appShow":0,"deliver":0,"gradeDescription":null,"businessZones":["望京","大山子","花家地"],"companyFullName":"北京通力互联技术服务有限公司","adWord":0},{"createTime":"2016-08-28 13:04:51","formatCreateTime":"2天前发布","companyId":113761,"positionName":"C++","workYear":"3-5年","education":"本科","jobNature":"全职","companyShortName":"企鹅创新","city":"北京","salary":"20k-30k","financeStage":"初创型(不需要融资)","positionId":1940632,"companyLogo":"i/image/M00/0C/DC/Cgp3O1bX-1eARbbSAAAcK_fY2g4466.png","positionAdvantage":"诚聘","approve":0,"district":"朝阳区","score":0,"companyLabelList":null,"industryField":"硬件,移动互联网","companySize":"15-50人","imState":"disabled","lastLogin":1472375017000,"publisherId":3725427,"explain":null,"plus":null,"pcShow":0,"appShow":0,"deliver":0,"gradeDescription":null,"businessZones":["望京","大山子","花家地"],"companyFullName":"企鹅创新（北京）科技有限公司","adWord":0},{"createTime":"2016-08-27 21:06:46","formatCreateTime":"3天前发布","companyId":107423,"positionName":"C++","workYear":"3-5年","education":"本科","jobNature":"全职","companyShortName":"瓜子二手车直卖网","city":"北京","salary":"15k-30k","financeStage":"成长型(A轮)","positionId":2253281,"companyLogo":"i/image/M00/0B/AE/Cgp3O1bWYyOAQo96AAC1TQO-4Cg541.jpg","positionAdvantage":"弹性工作 试用期全薪 高速成长方向","approve":0,"district":null,"score":0,"companyLabelList":["带薪年假","弹性工作","免费班车","美女多"],"industryField":"O2O","companySize":"2000人以上","imState":"disabled","lastLogin":1457077677000,"publisherId":1854245,"explain":null,"plus":null,"pcShow":0,"appShow":0,"deliver":0,"gradeDescription":null,"businessZones":null,"companyFullName":"车好多旧机动车经纪(北京)有限公司","adWord":0},{"createTime":"2016-08-27 19:58:54","formatCreateTime":"3天前发布","companyId":5832,"positionName":"C/C++视频研发","workYear":"1-3年","education":"本科","jobNature":"全职","companyShortName":"新浪微博","city":"北京","salary":"15k-25k","financeStage":"上市公司","positionId":2153874,"companyLogo":"image1/M00/00/0D/CgYXBlTUWCCAdkhOAABNgyvZQag818.jpg","positionAdvantage":"重点项目,核心岗位,发展空间大","approve":0,"district":"海淀区","score":0,"companyLabelList":["年底双薪","专项奖金","股票期权","五险一金"],"industryField":"移动互联网","companySize":"2000人以上","imState":"disabled","lastLogin":1472437731000,"publisherId":12974,"explain":null,"plus":null,"pcShow":0,"appShow":0,"deliver":0,"gradeDescription":null,"businessZones":["上地","西北旺","马连洼"],"companyFullName":"微梦创科网络科技（中国）有限公司","adWord":0},{"createTime":"2016-08-27 16:08:37","formatCreateTime":"3天前发布","companyId":145985,"positionName":"C++","workYear":"3-5年","education":"本科","jobNature":"全职","companyShortName":"巨石在线","city":"北京","salary":"15k-30k","financeStage":"初创型(未融资)","positionId":2296072,"companyLogo":"i/image/M00/53/E4/Cgp3O1fA-eWAdXW8AAAShsXbGBk777.png","positionAdvantage":"五险一金，无责任底薪+奖金，最低14薪","approve":1,"district":"海淀区","score":0,"companyLabelList":["带薪年假","绩效奖金","年底双薪"],"industryField":"移动互联网","companySize":"15-50人","imState":"today","lastLogin":1472567507000,"publisherId":6001781,"explain":null,"plus":null,"pcShow":0,"appShow":0,"deliver":0,"gradeDescription":null,"businessZones":["霍营"],"companyFullName":"巨石在线（北京）科技有限公司","adWord":0},{"createTime":"2016-08-27 14:03:47","formatCreateTime":"3天前发布","companyId":1249,"positionName":"C++实习生-北京-00104","workYear":"不限","education":"硕士","jobNature":"实习","companyShortName":"出门问问","city":"北京","salary":"3k-4k","financeStage":"成熟型(C轮)","positionId":1787977,"companyLogo":"image1/M00/40/3A/CgYXBlXC_4OASRgsAAAislBu0uU808.jpg","positionAdvantage":"免费午餐，晚餐补助，免费健身","approve":1,"district":"海淀区","score":0,"companyLabelList":["帅哥多","美女多","绩效奖金","股票期权"],"industryField":"移动互联网,O2O","companySize":"150-500人","imState":"disabled","lastLogin":1472549255000,"publisherId":7931,"explain":null,"plus":null,"pcShow":0,"appShow":0,"deliver":0,"gradeDescription":null,"businessZones":["苏州街","万泉河","颐和园"],"companyFullName":"北京羽扇智信息科技有限公司","adWord":0},{"createTime":"2016-08-27 13:27:41","formatCreateTime":"3天前发布","companyId":115219,"positionName":"高级C/C++逆向分析（反汇编）工程师","workYear":"3-5年","education":"本科","jobNature":"全职","companyShortName":"瑞致泰华","city":"北京","salary":"15k-20k","financeStage":"初创型(不需要融资)","positionId":1510967,"companyLogo":"i/image/M00/04/2A/CgqKkVbGwfSASRLZAAAIEPAXMoU672.png","positionAdvantage":"稳定性高 朝九晚五 节日福利 成长空间大","approve":0,"district":"海淀区","score":0,"companyLabelList":["绩效奖金","带薪年假","午餐补助","定期体检"],"industryField":"信息安全,硬件","companySize":"15-50人","imState":"today","lastLogin":1472550319000,"publisherId":3870732,"explain":null,"plus":null,"pcShow":0,"appShow":0,"deliver":0,"gradeDescription":null,"businessZones":["健翔桥","奥运村","二里庄"],"companyFullName":"北京瑞致泰华科技有限公司","adWord":0}]}},"code":0}