{"resubmitToken":null,"success":true,"requestId":null,"msg":null,"content":{"pageNo":18,"pageSize":15,"positionResult":{"totalCount":1236,"resultSize":15,"locationInfo":{"city":"北京","district":null,"businessZone":null,"queryByGisCode":false,"locationCode":null},"queryAnalysisInfo":{"positionName":"c","companyName":null,"industryName":null,"usefulCompany":false},"strategyProperty":{"name":"dm-csearch-newSimScorer","id":1},"result":[{"companyId":136542,"positionName":"C#软件工程师","workYear":"不限","education":"本科","jobNature":"全职","createTime":"2016-08-29 10:35:29","companyShortName":"国机智能","positionId":2104437,"salary":"7k-14k","approve":0,"city":"北京","positionAdvantage":"发展空间大、福利好","companyLogo":"i/image/M00/3D/DC/Cgp3O1dzO_mAcJbKAAAdaH0iLmY184.png","industryField":"企业服务","companyLabelList":null,"financeStage":"成长型(不需要融资)","district":"朝阳区","score":0,"companySize":"50-150人","companyFullName":"国机智能科技有限公司","adWord":0,"formatCreateTime":"1天前发布","imState":"disabled","lastLogin":1472532131000,"publisherId":5487934,"explain":null,"plus":null,"pcShow":0,"appShow":0,"deliver":0,"gradeDescription":null,"businessZones":["奥运村","北沙滩","二里庄"]},{"companyId":31590,"positionName":"C＋＋","workYear":"不限","education":"本科","jobNature":"全职","createTime":"2016-08-29 10:30:40","companyShortName":"四维图新","positionId":2297805,"salary":"12k-16k","approve":1,"city":"北京","positionAdvantage":"餐饮补助 弹性工作 年终奖励 七险一金","companyLogo":"image1/M00/28/43/Cgo8PFVeyH-AIv6ZAAAxGUh8MS0606.png","industryField":"移动互联网,生活服务","companyLabelList":["技能培训","节日礼物","带薪年假","岗位晋升"],"financeStage":"上市公司","district":"朝阳区","score":0,"companySize":"2000人以上","companyFullName":"北京四维图新科技股份有限公司","adWord":0,"formatCreateTime":"1天前发布","imState":"today","lastLogin":1472558226000,"publisherId":1553618,"explain":null,"plus":null,"pcShow":0,"appShow":0,"deliver":0,"gradeDescription":null,"businessZones":["来广营","望京"]},{"companyId":22634,"positionName":"【急聘】C++研发工程师","workYear":"不限","education":"本科","jobNature":"全职","createTime":"2016-08-29 10:17:29","companyShortName":"大洋","positionId":1965834,"salary":"10k-15k","approve":1,"city":"北京","positionAdvantage":"行业领先 广电+互联网视频 公司规范","companyLogo":"i/image/M00/17/AB/CgqKkVbyOmOAYnfxAAAdxKj_ziY156.png","industryField":"文化娱乐","companyLabelList":["五险一金","带薪年假","通讯津贴","交通补助"],"financeStage":"初创型(未融资)","district":"海淀区","score":0,"companySize":"500-2000人","companyFullName":"北京中科大洋科技发展股份有限公司","adWord":0,"formatCreateTime":"1天前发布","imState":"today","lastLogin":1472542117000,"publisherId":4617388,"explain":null,"plus":null,"pcShow":0,"appShow":0,"deliver":0,"gradeDescription":null,"businessZones":["西北旺"]},{"companyId":9995,"positionName":"C(Nginx)","workYear":"1-3年","education":"本科","jobNature":"全职","createTime":"2016-08-29 09:54:45","companyShortName":"北京天融信公司","positionId":1576927,"salary":"10k-15k","approve":1,"city":"北京","positionAdvantage":"只要你牛X全都听你的;产品中缺少你的灵感","companyLogo":"i/image/M00/00/96/Cgp3O1ZOk2WAF-VNAABfjim7IyU208.jpg","industryField":"信息安全","companyLabelList":["五险一金","弹性工作","交通补助","定期体检"],"financeStage":"上市公司","district":"海淀区","score":0,"companySize":"2000人以上","companyFullName":"北京天融信网络安全","adWord":0,"formatCreateTime":"1天前发布","imState":"threeDays","lastLogin":1472458466000,"publisherId":567716,"explain":null,"plus":null,"pcShow":0,"appShow":0,"deliver":0,"gradeDescription":null,"businessZones":["西二旗","龙泽","回龙观"]},{"companyId":8861,"positionName":"C++算法实习生","workYear":"不限","education":"本科","jobNature":"实习","createTime":"2016-08-29 09:53:16","companyShortName":"妙计旅行","positionId":493259,"salary":"3k-6k","approve":1,"city":"北京","positionAdvantage":"牛人导师，快速成长，办公环境好","companyLogo":"i/image/M00/07/17/Cgp3O1bNjT-AFsa6AAA83c0vejw711.jpg","industryField":"旅游","companyLabelList":["股票期权","十四薪","零食饮料水果","租房补贴"],"financeStage":"成长型(B轮)","district":"东城区","score":0,"companySize":"150-500人","companyFullName":"北京汇行科技有限公司","adWord":0,"formatCreateTime":"1天前发布","imState":"today","lastLogin":1472551369000,"publisherId":94565,"explain":null,"plus":null,"pcShow":0,"appShow":0,"deliver":0,"gradeDescription":null,"businessZones":["安定门","雍和宫","北新桥"]},{"companyId":54730,"positionName":"c++或者php服务器端程序员","workYear":"1-3年","education":"不限","jobNature":"全职","createTime":"2016-08-29 09:36:23","companyShortName":"木偶游戏","positionId":1440395,"salary":"8k-16k","approve":1,"city":"北京","positionAdvantage":"技术大牛+股票期权＋丰厚的奖金","companyLogo":"image1/M00/0D/36/Cgo8PFT3AHyAcp_QAACCXmLgrOw320.png","industryField":"游戏","companyLabelList":["专项奖金","股票期权","绩效奖金","扁平管理"],"financeStage":"成长型(A轮)","district":"海淀区","score":0,"companySize":"50-150人","companyFullName":"木偶星球（北京）科技有限公司","adWord":0,"formatCreateTime":"1天前发布","imState":"today","lastLogin":1472525661000,"publisherId":1350697,"explain":null,"plus":null,"pcShow":0,"appShow":0,"deliver":0,"gradeDescription":null,"businessZones":["知春路","中关村","双榆树"]},{"companyId":134976,"positionName":"Qt/C++ 软件开发工程师","workYear":"不限","education":"本科","jobNature":"全职","createTime":"2016-08-29 09:35:12","companyShortName":"北京鼎立思创科技发展有限公司","positionId":2255518,"salary":"8k-15k","approve":0,"city":"北京","positionAdvantage":"绩效奖金,五险一金,各种补贴,弹性工作","companyLogo":"i/image/M00/3A/BE/CgqKkVdqJ2CAXnEcAAAZv9Xaf_E634.jpg","industryField":"移动互联网,硬件","companyLabelList":["年底双薪","绩效奖金","带薪年假","年终分红"],"financeStage":"初创型(不需要融资)","district":"海淀区","score":0,"companySize":"15-50人","companyFullName":"北京鼎立思创科技发展有限公司","adWord":0,"formatCreateTime":"1天前发布","imState":"today","lastLogin":1472520426000,"publisherId":5381406,"explain":null,"plus":null,"pcShow":0,"appShow":0,"deliver":0,"gradeDescription":null,"businessZones":["上地","马连洼","西二旗"]},{"companyId":126346,"positionName":"C++ 图像处理软件工程师-深圳","workYear":"不限","education":"本科","jobNature":"全职","createTime":"2016-08-29 09:32:23","companyShortName":"瑞森新谱","positionId":2015529,"salary":"8k-15k","approve":0,"city":"北京","positionAdvantage":"带薪年假 项目奖金 旅游基金","companyLogo":"i/image/M00/24/26/CgqKkVcZoeaAdHDgAAAFTNbWpV4031.png","industryField":"硬件","companyLabelList":null,"financeStage":"成长型(不需要融资)","district":null,"score":0,"companySize":"50-150人","companyFullName":"北京瑞森新谱科技有限公司","adWord":0,"formatCreateTime":"1天前发布","imState":"disabled","lastLogin":1472548248000,"publisherId":4880790,"explain":null,"plus":null,"pcShow":0,"appShow":0,"deliver":0,"gradeDescription":null,"businessZones":null},{"companyId":106418,"positionName":"LInux工程师(C/C++)","workYear":"3-5年","education":"本科","jobNature":"全职","createTime":"2016-08-29 09:26:37","companyShortName":"青柠优视","positionId":1440933,"salary":"10k-15k","approve":1,"city":"北京","positionAdvantage":"量产产品的开发","companyLogo":"image2/M00/16/59/CgpzWlZGfSWAOUlPAAARmgEPidE832.JPG?cc=0.5059501972493328","industryField":"移动互联网,其他","companyLabelList":["技能培训","绩效奖金","岗位晋升","扁平管理"],"financeStage":"初创型(未融资)","district":"海淀区","score":0,"companySize":"50-150人","companyFullName":"青柠优视科技（北京）有限公司","adWord":0,"formatCreateTime":"1天前发布","imState":"today","lastLogin":1472521427000,"publisherId":3159755,"explain":null,"plus":null,"pcShow":0,"appShow":0,"deliver":0,"gradeDescription":null,"businessZones":["健翔桥","北太平庄","牡丹园"]},{"companyId":116752,"positionName":"Php/Java/Python/C+开发工程师","workYear":"5-10年","education":"本科","jobNature":"全职","createTime":"2016-08-29 09:23:51","companyShortName":"星河互联集团","positionId":1943664,"salary":"10k-20k","approve":0,"city":"北京","positionAdvantage":"补助 五险一金","companyLogo":"i/image/M00/09/C8/Cgp3O1bTov-AIGwwAAATKENfN88196.jpg","industryField":"电子商务,移动互联网","companyLabelList":["年底双薪","交通补助","午餐补助","通讯津贴"],"financeStage":"成长型(不需要融资)","district":"海淀区","score":0,"companySize":"150-500人","companyFullName":"星河互联集团有限公司","adWord":0,"formatCreateTime":"1天前发布","imState":"today","lastLogin":1472559870000,"publisherId":4173906,"explain":null,"plus":null,"pcShow":0,"appShow":0,"deliver":0,"gradeDescription":null,"businessZones":["上地","马连洼","西二旗"]},{"companyId":38482,"positionName":"C/C++软件工程师","workYear":"不限","education":"本科","jobNature":"全职","createTime":"2016-08-29 09:16:05","companyShortName":"澳柯网信","positionId":1741089,"salary":"7k-12k","approve":1,"city":"北京","positionAdvantage":"与技术大牛一起做国际范的软件","companyLogo":"image1/M00/00/5D/Cgo8PFTUXUGACDgSAACyB-P3izw019.png","industryField":"电子商务","companyLabelList":["技能培训","节日礼物","专项奖金","绩效奖金"],"financeStage":"初创型(未融资)","district":"海淀区","score":0,"companySize":"50-150人","companyFullName":"北京澳柯网信科技发展有限公司","adWord":0,"formatCreateTime":"1天前发布","imState":"disabled","lastLogin":1472456332000,"publisherId":693649,"explain":null,"plus":null,"pcShow":0,"appShow":0,"deliver":0,"gradeDescription":null,"businessZones":["苏州街","苏州桥","万泉河"]},{"companyId":70252,"positionName":"C","workYear":"1-3年","education":"本科","jobNature":"全职","createTime":"2016-08-29 09:15:26","companyShortName":"国科众智","positionId":1905977,"salary":"10k-20k","approve":0,"city":"北京","positionAdvantage":"良好的市场前景","companyLogo":"images/logo_default.png","industryField":"移动互联网,企业服务","companyLabelList":["技能培训","绩效奖金","岗位晋升","交通补助"],"financeStage":"初创型(天使轮)","district":"朝阳区","score":0,"companySize":"少于15人","companyFullName":"国科众智（北京）科技有限公司","adWord":0,"formatCreateTime":"1天前发布","imState":"threeDays","lastLogin":1472442295000,"publisherId":1700615,"explain":null,"plus":null,"pcShow":0,"appShow":0,"deliver":0,"gradeDescription":null,"businessZones":null},{"companyId":62278,"positionName":"C++开发","workYear":"3-5年","education":"本科","jobNature":"全职","createTime":"2016-08-29 09:14:48","companyShortName":"灵图软件","positionId":1705534,"salary":"10k-18k","approve":1,"city":"北京","positionAdvantage":"成熟公司，完善产品，等你来战","companyLogo":"i/image/M00/51/D8/Cgp3O1e6TcWAQvJGAABivGgQgq8433.png","industryField":"移动互联网","companyLabelList":["节日礼物","技能培训","带薪年假","绩效奖金"],"financeStage":"成长型(不需要融资)","district":"海淀区","score":0,"companySize":"150-500人","companyFullName":"北京灵图软件技术有限公司","adWord":0,"formatCreateTime":"1天前发布","imState":"today","lastLogin":1472536759000,"publisherId":2104736,"explain":null,"plus":null,"pcShow":0,"appShow":0,"deliver":0,"gradeDescription":null,"businessZones":["上地","马连洼","西北旺"]},{"companyId":122355,"positionName":"C++开发","workYear":"5-10年","education":"本科","jobNature":"全职","createTime":"2016-08-29 09:09:30","companyShortName":"嘉琪科技","positionId":2162064,"salary":"18k-25k","approve":0,"city":"北京","positionAdvantage":"Linux,Windo,c++","companyLogo":"i/image/M00/1A/FF/CgqKkVb7fleAUZUqAAArNrtvr-o795.png","industryField":"电子商务,移动互联网","companyLabelList":null,"financeStage":"成长型(不需要融资)","district":"朝阳区","score":0,"companySize":"50-150人","companyFullName":"嘉琪科技（北京）有限公司","adWord":0,"formatCreateTime":"1天前发布","imState":"today","lastLogin":1472547971000,"publisherId":5497653,"explain":null,"plus":null,"pcShow":0,"appShow":0,"deliver":0,"gradeDescription":null,"businessZones":null},{"companyId":10519,"positionName":"C++开发工程师","workYear":"1-3年","education":"本科","jobNature":"全职","createTime":"2016-08-29 09:08:28","companyShortName":"中国民航信息网络股份有限公司","positionId":1451727,"salary":"8k-15k","approve":1,"city":"北京","positionAdvantage":"福利多，工作环境好，升职空间大","companyLogo":"image1/M00/00/15/CgYXBlTUWEKAE1HeAACEAu2pVvk388.PNG","industryField":"移动互联网","companyLabelList":["年底双薪","技能培训","待遇优厚","五险二金"],"financeStage":"成熟型(不需要融资)","district":"朝阳区","score":0,"companySize":"2000人以上","companyFullName":"中国民航信息网络股份有限公司","adWord":0,"formatCreateTime":"1天前发布","imState":"overSevenDays","lastLogin":1471510104000,"publisherId":3810637,"explain":null,"plus":null,"pcShow":0,"appShow":0,"deliver":0,"gradeDescription":null,"businessZones":["大屯","奥运村","亚运村"]}]}},"code":0}