{"msg":null,"success":true,"requestId":null,"resubmitToken":null,"content":{"pageNo":22,"pageSize":15,"positionResult":{"queryAnalysisInfo":{"industryName":null,"usefulCompany":false,"positionName":"c","companyName":null},"strategyProperty":{"name":"dm-csearch-newSimScorer","id":1},"totalCount":1236,"resultSize":15,"locationInfo":{"businessZone":null,"locationCode":null,"queryByGisCode":false,"city":"北京","district":null},"result":[{"companyId":115219,"explain":null,"plus":null,"pcShow":0,"appShow":0,"deliver":0,"gradeDescription":null,"businessZones":null,"imState":"today","lastLogin":1472550319000,"publisherId":3870732,"positionName":"C/C++开发经理","workYear":"5-10年","education":"本科","jobNature":"全职","positionId":2117098,"createTime":"2016-08-27 13:27:38","city":"北京","companyLogo":"i/image/M00/04/2A/CgqKkVbGwfSASRLZAAAIEPAXMoU672.png","industryField":"信息安全,硬件","positionAdvantage":"周末双休 稳定性高 沟通轻松 公司福利","salary":"20k-30k","companySize":"15-50人","approve":0,"financeStage":"初创型(不需要融资)","companyLabelList":["绩效奖金","带薪年假","午餐补助","定期体检"],"district":null,"companyShortName":"瑞致泰华","score":0,"formatCreateTime":"3天前发布","companyFullName":"北京瑞致泰华科技有限公司","adWord":0},{"companyId":61511,"explain":null,"plus":null,"pcShow":0,"appShow":0,"deliver":0,"gradeDescription":null,"businessZones":null,"imState":"today","lastLogin":1472541304000,"publisherId":1544530,"positionName":"QT（C++)软件工程师","workYear":"3-5年","education":"本科","jobNature":"全职","positionId":798985,"createTime":"2016-08-26 17:23:11","city":"北京","companyLogo":"image1/M00/1A/E5/CgYXBlUd-rqAQ_0ZAABpf8-szJE269.png","industryField":"其他","positionAdvantage":"五险一金，年休假，年终双薪、项目奖金","salary":"10k-15k","companySize":"15-50人","approve":1,"financeStage":"初创型(不需要融资)","companyLabelList":["军工软件行业","交通补助","午餐补助","年度旅游"],"district":"海淀区","companyShortName":"数之行","score":0,"formatCreateTime":"2016-08-26","companyFullName":"北京数之行科技有限公司","adWord":0},{"companyId":62204,"explain":null,"plus":null,"pcShow":0,"appShow":0,"deliver":0,"gradeDescription":null,"businessZones":null,"imState":"today","lastLogin":1472533269000,"publisherId":1559567,"positionName":"C++","workYear":"不限","education":"不限","jobNature":"全职","positionId":943604,"createTime":"2016-08-26 15:18:11","city":"北京","companyLogo":"image1/M00/1C/1C/CgYXBlUkxxuAJQcTAABQiKAjnX8636.jpg","industryField":"硬件,文化娱乐","positionAdvantage":"团队氛围好 绩效奖多多 弹性工时 带薪假期","salary":"8k-12k","companySize":"150-500人","approve":1,"financeStage":"成长型(不需要融资)","companyLabelList":["技能培训","绩效奖金","年度旅游","岗位晋升"],"district":"海淀区","companyShortName":"博汇科技","score":0,"formatCreateTime":"2016-08-26","companyFullName":"北京市博汇科技股份有限公司","adWord":0},{"companyId":84958,"explain":null,"plus":null,"pcShow":0,"appShow":0,"deliver":0,"gradeDescription":null,"businessZones":["五道口","清华大学","中关村"],"imState":"today","lastLogin":1472544618000,"publisherId":3914215,"positionName":"C","workYear":"1-3年","education":"本科","jobNature":"全职","positionId":2293649,"createTime":"2016-08-26 15:12:15","city":"北京","companyLogo":"i/image/M00/2C/A0/CgqKkVc5rXGADO45AAAKs5KUdYY764.jpg","industryField":"移动互联网,硬件","positionAdvantage":"五险一金、期权激励、年度旅游等","salary":"12k-24k","companySize":"少于15人","approve":0,"financeStage":"初创型(天使轮)","companyLabelList":["岗位晋升","管理规范","午餐补助","年底双薪"],"district":"海淀区","companyShortName":"腾客科技","score":0,"formatCreateTime":"2016-08-26","companyFullName":"北京市腾客科技有限公司","adWord":0},{"companyId":53601,"explain":null,"plus":null,"pcShow":0,"appShow":0,"deliver":0,"gradeDescription":null,"businessZones":["清河","小营","西三旗"],"imState":"disabled","lastLogin":1472518628000,"publisherId":1337078,"positionName":"C#","workYear":"3-5年","education":"本科","jobNature":"全职","positionId":1724690,"createTime":"2016-08-26 15:07:47","city":"北京","companyLogo":"i/image/M00/01/E2/CgqKkVZ6QkaAef_rAAAZgYyZGWk629.jpg","industryField":"移动互联网,电子商务","positionAdvantage":"项目奖金 企业前景好","salary":"10k-15k","companySize":"15-50人","approve":1,"financeStage":"初创型(不需要融资)","companyLabelList":["技能培训","年底双薪","带薪年假","绩效奖金"],"district":"海淀区","companyShortName":"三易思创","score":0,"formatCreateTime":"2016-08-26","companyFullName":"北京三易思创科技有限公司","adWord":0},{"companyId":101375,"explain":null,"plus":null,"pcShow":0,"appShow":0,"deliver":0,"gradeDescription":null,"businessZones":["科技园区","看丹桥","北大地"],"imState":"disabled","lastLogin":1472537206000,"publisherId":2870933,"positionName":"C++ 浏览器插件开发","workYear":"3-5年","education":"本科","jobNature":"全职","positionId":1721296,"createTime":"2016-08-26 14:56:34","city":"北京","companyLogo":"image2/M00/0E/4A/CgqLKVYkhqSAbFfVAAAvdccV0LU879.jpg?cc=0.7628558536525816","industryField":"移动互联网,信息安全","positionAdvantage":"良好的职业发展前景","salary":"8k-15k","companySize":"50-150人","approve":0,"financeStage":"成长型(不需要融资)","companyLabelList":["节日礼物","年底双薪","专项奖金","带薪年假"],"district":"丰台区","companyShortName":"科富兴","score":0,"formatCreateTime":"2016-08-26","companyFullName":"北京科富兴科技有限公司","adWord":0},{"companyId":17199,"explain":null,"plus":null,"pcShow":0,"appShow":0,"deliver":0,"gradeDescription":null,"businessZones":["酒仙桥","大山子","将台路"],"imState":"today","lastLogin":1472522816000,"publisherId":3652077,"positionName":"C++游戏服务端开发工程师","workYear":"1-3年","education":"本科","jobNature":"全职","positionId":1934815,"createTime":"2016-08-26 14:43:14","city":"北京","companyLogo":"image1/M00/00/20/Cgo8PFTUWG6AMVBoAAB-g19DVyQ688.jpg","industryField":"移动互联网,游戏","positionAdvantage":"工作环境好 氛围好 公园办公","salary":"10k-20k","companySize":"50-150人","approve":0,"financeStage":"成熟型(C轮)","companyLabelList":["年终分红","五险一金","带薪年假","节日礼物"],"district":"朝阳区","companyShortName":"艺动娱乐","score":0,"formatCreateTime":"2016-08-26","companyFullName":"艺动创新科技有限公司","adWord":0},{"companyId":92297,"explain":null,"plus":null,"pcShow":0,"appShow":0,"deliver":0,"gradeDescription":null,"businessZones":["望京","大山子","花家地"],"imState":"today","lastLogin":1472526786000,"publisherId":1498206,"positionName":"C++软件工程师","workYear":"1-3年","education":"本科","jobNature":"全职","positionId":1511884,"createTime":"2016-08-26 14:41:36","city":"北京","companyLogo":"image2/M00/00/37/CgpzWlXdYzaAc1ShAAAW6ZvkGso126.jpg?cc=0.17900392413139343","industryField":"移动互联网,企业服务","positionAdvantage":"匹配薪资、高科技玩具、娱乐活动丰富","salary":"10k-15k","companySize":"15-50人","approve":1,"financeStage":"成长型(B轮)","companyLabelList":["节日礼物","股票期权","带薪年假","管理规范"],"district":"朝阳区","companyShortName":"子衿晨风","score":0,"formatCreateTime":"2016-08-26","companyFullName":"北京子衿晨风科技有限公司","adWord":0},{"companyId":55137,"explain":null,"plus":null,"pcShow":0,"appShow":0,"deliver":0,"gradeDescription":null,"businessZones":null,"imState":"today","lastLogin":1472549569000,"publisherId":5545448,"positionName":"C++","workYear":"1-3年","education":"本科","jobNature":"全职","positionId":2064110,"createTime":"2016-08-26 14:07:24","city":"北京","companyLogo":"i/image/M00/07/9C/CgqKkVbOlI6AShZCAAAVDbUFOFY087.jpg","industryField":"医疗健康","positionAdvantage":"七险一金 工作环境好 团队氛围好","salary":"10k-15k","companySize":"500-2000人","approve":1,"financeStage":"成长型(B轮)","companyLabelList":["技能培训","节日礼物","免费班车","带薪年假"],"district":"朝阳区","companyShortName":"贝瑞和康","score":0,"formatCreateTime":"2016-08-26","companyFullName":"北京贝瑞和康生物技术股份有限公司","adWord":0},{"companyId":127532,"explain":null,"plus":null,"pcShow":0,"appShow":0,"deliver":0,"gradeDescription":null,"businessZones":null,"imState":"sevenDays","lastLogin":1472202223000,"publisherId":3953006,"positionName":"C++工程师","workYear":"3-5年","education":"大专","jobNature":"全职","positionId":2176843,"createTime":"2016-08-26 13:49:20","city":"北京","companyLogo":"i/image/M00/26/DB/Cgp3O1cjFKiAKDFVAAAJN3zidPU764.png","industryField":"移动互联网","positionAdvantage":"免费饮料,免费咖啡,餐补,交通补","salary":"10k-15k","companySize":"15-50人","approve":1,"financeStage":"初创型(未融资)","companyLabelList":["带薪年假","午餐补助","绩效奖金","交通补助"],"district":"海淀区","companyShortName":"依通科技","score":0,"formatCreateTime":"2016-08-26","companyFullName":"依通（北京）科技有限公司","adWord":0},{"companyId":29697,"explain":null,"plus":null,"pcShow":0,"appShow":0,"deliver":0,"gradeDescription":null,"businessZones":null,"imState":"disabled","lastLogin":1472549422000,"publisherId":416058,"positionName":"C++开发工程师","workYear":"3-5年","education":"大专","jobNature":"全职","positionId":2069581,"createTime":"2016-08-26 13:45:03","city":"北京","companyLogo":"i/image/M00/47/3B/CgqKkVeO9LOAcy2hAAAbBjBdgqo275.png","industryField":"移动互联网,游戏","positionAdvantage":"五险一金 弹性工作时间","salary":"15k-20k","companySize":"50-150人","approve":1,"financeStage":"初创型(未融资)","companyLabelList":["节日礼物","团建","绩效奖金","岗位晋升"],"district":null,"companyShortName":"方圆奇正","score":0,"formatCreateTime":"2016-08-26","companyFullName":"北京方圆奇正数码科技有限公司","adWord":0},{"companyId":1650,"explain":null,"plus":null,"pcShow":0,"appShow":0,"deliver":0,"gradeDescription":null,"businessZones":null,"imState":"today","lastLogin":1472524935000,"publisherId":3906792,"positionName":"客户端工具C++高级开发工程师","workYear":"不限","education":"不限","jobNature":"全职","positionId":2292857,"createTime":"2016-08-26 13:12:41","city":"北京","companyLogo":"i/image/M00/01/59/Cgp3O1Zn9kCAAW4jAABX8W4A-fw360.jpg","industryField":"移动互联网,数据服务","positionAdvantage":"技术氛围优团队实力强,联想正编,互联网项目","salary":"15k-30k","companySize":"2000人以上","approve":1,"financeStage":"上市公司","companyLabelList":["技能培训","待遇优厚","晋升空间","五险一金"],"district":null,"companyShortName":"联想集团","score":0,"formatCreateTime":"2016-08-26","companyFullName":"联想（北京）有限公司","adWord":0},{"companyId":105852,"explain":null,"plus":null,"pcShow":0,"appShow":0,"deliver":0,"gradeDescription":null,"businessZones":null,"imState":"disabled","lastLogin":1472186717000,"publisherId":3132520,"positionName":"c#高级软件工程师","workYear":"5-10年","education":"本科","jobNature":"全职","positionId":2197764,"createTime":"2016-08-26 13:03:44","city":"北京","companyLogo":"image2/M00/15/5C/CgqLKVZC0t-AKYWeAAAUhD0BJZQ817.jpg?cc=0.8042706234846264","industryField":"医疗健康","positionAdvantage":"朝阳行业，伙伴nice，下午茶歇， 福利齐全","salary":"15k-25k","companySize":"50-150人","approve":1,"financeStage":"成长型(不需要融资)","companyLabelList":["节日礼物","年底双薪","带薪年假","绩效奖金"],"district":null,"companyShortName":"悦琦医疗","score":0,"formatCreateTime":"2016-08-26","companyFullName":"北京悦琦创通科技有限公司","adWord":0},{"companyId":520,"explain":null,"plus":null,"pcShow":0,"appShow":0,"deliver":0,"gradeDescription":null,"businessZones":["清河","小营","上地","清河","小营","上地"],"imState":"today","lastLogin":1472556140000,"publisherId":4787943,"positionName":"C++软件开发工程师","workYear":"1-3年","education":"本科","jobNature":"全职","positionId":1726246,"createTime":"2016-08-26 13:03:44","city":"北京","companyLogo":"image1/M00/00/03/CgYXBlTUV_uAY85GAAAVtFKXIv8322.jpg","industryField":"移动互联网","positionAdvantage":"在小米梦想有温度","salary":"15k-30k","companySize":"2000人以上","approve":1,"financeStage":"成熟型(D轮及以上)","companyLabelList":["快速成长","免费班车","扁平管理","技能培训"],"district":"海淀区","companyShortName":"小米","score":0,"formatCreateTime":"2016-08-26","companyFullName":"北京小米科技有限责任公司","adWord":0},{"companyId":23727,"explain":null,"plus":null,"pcShow":0,"appShow":0,"deliver":0,"gradeDescription":null,"businessZones":["西三旗","清河","小营"],"imState":"disabled","lastLogin":1472533864000,"publisherId":2006268,"positionName":"C++","workYear":"1-3年","education":"本科","jobNature":"全职","positionId":2088027,"createTime":"2016-08-26 13:01:02","city":"北京","companyLogo":"i/image/M00/00/6D/CgqKkVZJj_qAIz4tAAAZsDXnarY482.jpg","industryField":"移动互联网,电子商务","positionAdvantage":"五险二金、年假、免费早午餐、住宿","salary":"8k-15k","companySize":"2000人以上","approve":1,"financeStage":"上市公司","companyLabelList":["美女多多","带薪年假","绩效奖金","岗位晋升"],"district":"海淀区","companyShortName":"知网","score":0,"formatCreateTime":"2016-08-26","companyFullName":"同方知网（北京）技术有限公司","adWord":0}]}},"code":0}