{"msg":null,"resubmitToken":null,"success":true,"requestId":null,"content":{"pageNo":74,"pageSize":15,"positionResult":{"totalCount":1236,"resultSize":15,"locationInfo":{"city":"北京","district":null,"locationCode":null,"businessZone":null,"queryByGisCode":false},"queryAnalysisInfo":{"positionName":"c","companyName":null,"usefulCompany":false,"industryName":null},"strategyProperty":{"name":"dm-csearch-newSimScorer","id":1},"result":[{"companyId":91,"formatCreateTime":"2016-07-27","score":0,"positionId":2156270,"positionName":"C++","createTime":"2016-07-27 15:21:36","positionAdvantage":"阿里的福利全都有","salary":"25k-35k","approve":1,"workYear":"3-5年","education":"大专","city":"北京","companyLogo":"i/image/M00/01/92/CgqKkVZv9oyAebyDAACpLbec-1E022.jpg","jobNature":"全职","industryField":"移动互联网","companyShortName":"阿里巴巴移动事业群-高德","financeStage":"上市公司","companySize":"2000人以上","companyLabelList":["弹性工作","帅哥多","美女多","五险一金"],"district":"朝阳区","businessZones":["望京","花家地","大山子"],"imState":"today","lastLogin":1472536371000,"publisherId":686535,"explain":null,"plus":null,"pcShow":0,"appShow":0,"deliver":0,"gradeDescription":null,"companyFullName":"高德软件有限公司","adWord":0},{"companyId":123864,"formatCreateTime":"2016-07-27","score":0,"positionId":2155382,"positionName":"C++音视频专业工程师","createTime":"2016-07-27 14:08:37","positionAdvantage":"外企氛围,现磨咖啡,不限量小吃,带薪年假","salary":"15k-25k","approve":0,"workYear":"3-5年","education":"本科","city":"北京","companyLogo":"i/image/M00/49/CC/CgqKkVeYXPuAf3uJAAAbl5wMT2A083.jpg","jobNature":"全职","industryField":"社交网络,企业服务","companyShortName":"曼美","financeStage":"初创型(天使轮)","companySize":"15-50人","companyLabelList":null,"district":"朝阳区","businessZones":null,"imState":"today","lastLogin":1472568036000,"publisherId":4760622,"explain":null,"plus":null,"pcShow":0,"appShow":0,"deliver":0,"gradeDescription":null,"companyFullName":"北京曼美传媒科技有限公司","adWord":0},{"companyId":110088,"formatCreateTime":"2016-07-26","score":0,"positionId":1733909,"positionName":"Linux C中级研发工程师","createTime":"2016-07-26 10:14:36","positionAdvantage":"奖金丰厚、福利多多、平台宽广","salary":"6k-12k","approve":0,"workYear":"1-3年","education":"不限","city":"北京","companyLogo":"i/image/M00/01/84/Cgp3O1Zue_6AYUUxAAAWOh3gbsU571.JPG","jobNature":"全职","industryField":"信息安全,移动互联网","companyShortName":"赛博兴安","financeStage":"成长型(A轮)","companySize":"150-500人","companyLabelList":["餐交话补","丰厚奖金","五险一金","节日礼品"],"district":"昌平区","businessZones":["龙泽","回龙观","西二旗"],"imState":"today","lastLogin":1472537038000,"publisherId":3545060,"explain":null,"plus":null,"pcShow":0,"appShow":0,"deliver":0,"gradeDescription":null,"companyFullName":"北京赛博兴安科技有限公司","adWord":0},{"companyId":46345,"formatCreateTime":"2016-07-22","score":0,"positionId":2133508,"positionName":"C++","createTime":"2016-07-22 10:27:46","positionAdvantage":"五险一金 弹性工作 体检 旅游 班车 项目奖","salary":"6k-12k","approve":0,"workYear":"不限","education":"本科","city":"北京","companyLogo":"image1/M00/00/77/CgYXBlTUXauAFbxSAACvT1O2H28819.jpg","jobNature":"全职","industryField":"硬件,数据服务","companyShortName":"海兰信","financeStage":"上市公司","companySize":"150-500人","companyLabelList":["技能培训","年底双薪","节日礼物","绩效奖金"],"district":"海淀区","businessZones":null,"imState":"disabled","lastLogin":1470708608000,"publisherId":1619154,"explain":null,"plus":null,"pcShow":0,"appShow":0,"deliver":0,"gradeDescription":null,"companyFullName":"北京海兰信数据科技股份有限公司","adWord":0},{"companyId":123811,"formatCreateTime":"2016-07-21","score":0,"positionId":1687089,"positionName":"C++","createTime":"2016-07-21 10:08:20","positionAdvantage":"入职即作为公司核心团队成员","salary":"12k-24k","approve":0,"workYear":"1-3年","education":"本科","city":"北京","companyLogo":"i/image/M00/1E/53/Cgp3O1cHOEeAAnmuAApPnmFJHFA174.png","jobNature":"全职","industryField":"企业服务,数据服务","companyShortName":"大视景科技","financeStage":"初创型(未融资)","companySize":"15-50人","companyLabelList":null,"district":"海淀区","businessZones":["学院路","北航","五道口","学院路","北航","五道口"],"imState":"overSevenDays","lastLogin":1469187284000,"publisherId":4550386,"explain":null,"plus":null,"pcShow":0,"appShow":0,"deliver":0,"gradeDescription":null,"companyFullName":"北京大视景科技有限公司","adWord":0},{"companyId":71684,"formatCreateTime":"2016-07-21","score":0,"positionId":798319,"positionName":"C#","createTime":"2016-07-21 09:16:02","positionAdvantage":"大牛学习机会，网站平台有前景！","salary":"8k-16k","approve":1,"workYear":"不限","education":"大专","city":"北京","companyLogo":"i/image/M00/07/5A/CgqKkVbOT1mAUTDOAAAP_9A4CiE725.jpg","jobNature":"全职","industryField":"电子商务","companyShortName":"资质管家","financeStage":"成长型(不需要融资)","companySize":"50-150人","companyLabelList":["技能培训","绩效奖金","年度旅游","管理规范"],"district":"海淀区","businessZones":["苏州街","中关村","北京大学"],"imState":"disabled","lastLogin":1472548454000,"publisherId":1893135,"explain":null,"plus":null,"pcShow":0,"appShow":0,"deliver":0,"gradeDescription":null,"companyFullName":"伯乐通（北京）教育咨询有限公司","adWord":0},{"companyId":132886,"formatCreateTime":"2016-07-20","score":0,"positionId":2125049,"positionName":"C++","createTime":"2016-07-20 17:25:45","positionAdvantage":"给你最大的展示平台和最大的价值回报","salary":"10k-20k","approve":0,"workYear":"3-5年","education":"本科","city":"北京","companyLogo":"i/image/M00/33/4D/Cgp3O1dRE32AONtgAAAHpGyTwMQ571.jpg","jobNature":"全职","industryField":"信息安全,移动互联网","companyShortName":"红科网安（北京）科技有限公司","financeStage":"初创型(不需要融资)","companySize":"15-50人","companyLabelList":null,"district":"海淀区","businessZones":["西三旗"],"imState":"overSevenDays","lastLogin":1469758018000,"publisherId":4642447,"explain":null,"plus":null,"pcShow":0,"appShow":0,"deliver":0,"gradeDescription":null,"companyFullName":"红科网安（北京）科技有限公司","adWord":0},{"companyId":75602,"formatCreateTime":"2016-07-20","score":0,"positionId":1944615,"positionName":"C++","createTime":"2016-07-20 15:50:43","positionAdvantage":"创业公司，上升空间大","salary":"8k-15k","approve":0,"workYear":"1-3年","education":"大专","city":"北京","companyLogo":"image1/M00/2D/22/Cgo8PFV30HmATBfMAAANV1P3Gu4815.JPG?cc=0.3998414638917893","jobNature":"全职","industryField":"信息安全","companyShortName":"Simbok","financeStage":"初创型(未融资)","companySize":"15-50人","companyLabelList":null,"district":"海淀区","businessZones":["西二旗","龙泽","回龙观"],"imState":"disabled","lastLogin":1469070040000,"publisherId":1892191,"explain":null,"plus":null,"pcShow":0,"appShow":0,"deliver":0,"gradeDescription":null,"companyFullName":"北京森博克智能科技有限公司","adWord":0},{"companyId":131629,"formatCreateTime":"2016-07-20","score":0,"positionId":2123069,"positionName":"C#","createTime":"2016-07-20 14:29:33","positionAdvantage":"五险一金,交通补助,饭补,通讯补助","salary":"8k-9k","approve":0,"workYear":"3-5年","education":"不限","city":"北京","companyLogo":"i/image/M00/30/92/Cgp3O1dGxieAfNHuAAAYGuK_U8A435.png","jobNature":"全职","industryField":"数据服务","companyShortName":"优易惠","financeStage":"初创型(不需要融资)","companySize":"15-50人","companyLabelList":null,"district":"海淀区","businessZones":["航天桥","甘家口"],"imState":"disabled","lastLogin":1469413488000,"publisherId":5186977,"explain":null,"plus":null,"pcShow":0,"appShow":0,"deliver":0,"gradeDescription":null,"companyFullName":"北京优易惠技术有限公司","adWord":0},{"companyId":124192,"formatCreateTime":"2016-07-20","score":0,"positionId":1936997,"positionName":"C++服务器主程","createTime":"2016-07-20 12:48:57","positionAdvantage":"公司前景好，前景可期，薪满意足","salary":"20k-30k","approve":1,"workYear":"3-5年","education":"本科","city":"北京","companyLogo":"i/image/M00/54/E5/Cgp3O1fFRZiAOthRAABUxt3Nnp8567.jpg","jobNature":"全职","industryField":"游戏","companyShortName":"闲徕互娱","financeStage":"成熟型(不需要融资)","companySize":"500-2000人","companyLabelList":["年底双薪","股票期权","带薪年假","午餐补助"],"district":null,"businessZones":null,"imState":"disabled","lastLogin":1470385117000,"publisherId":1353806,"explain":null,"plus":null,"pcShow":0,"appShow":0,"deliver":0,"gradeDescription":null,"companyFullName":"北京闲徕互娱网络科技有限公司","adWord":0},{"companyId":4346,"formatCreateTime":"2016-07-20","score":0,"positionId":1720621,"positionName":"C++开发工程师（丰台科技园）","createTime":"2016-07-20 11:22:33","positionAdvantage":"福利多 加班少 技术大牛 团队氛围好","salary":"8k-16k","approve":1,"workYear":"3-5年","education":"本科","city":"北京","companyLogo":"image1/M00/28/8A/CgYXBlVhcHWAA0RJAADH_y5zCz8796.png","jobNature":"全职","industryField":"移动互联网,信息安全","companyShortName":"海鑫科金Hisign","financeStage":"上市公司","companySize":"500-2000人","companyLabelList":["技能培训","年底双薪","节日礼物","绩效奖金"],"district":"丰台区","businessZones":["花乡","看丹桥"],"imState":"disabled","lastLogin":1472538952000,"publisherId":1727752,"explain":null,"plus":null,"pcShow":0,"appShow":0,"deliver":0,"gradeDescription":null,"companyFullName":"北京海鑫科金高科技股份有限公司","adWord":0},{"companyId":43545,"formatCreateTime":"2016-07-20","score":0,"positionId":1852564,"positionName":"C/C++开发工程师-北京","createTime":"2016-07-20 10:57:13","positionAdvantage":"发展空间大　金融项目　银行","salary":"9k-15k","approve":0,"workYear":"1-3年","education":"本科","city":"北京","companyLogo":"image1/M00/2B/5D/CgYXBlVvv6GAZEenAABfdaJ_VA4364.jpg","jobNature":"全职","industryField":"金融","companyShortName":"雁联计算","financeStage":"成熟型(不需要融资)","companySize":"500-2000人","companyLabelList":["节日礼物","技能培训","带薪年假","绩效奖金"],"district":null,"businessZones":null,"imState":"threeDays","lastLogin":1472442130000,"publisherId":1690371,"explain":null,"plus":null,"pcShow":0,"appShow":0,"deliver":0,"gradeDescription":null,"companyFullName":"深圳市雁联计算系统有限公司","adWord":0},{"companyId":89344,"formatCreateTime":"2016-07-20","score":0,"positionId":986663,"positionName":"linux C++软件工程师","createTime":"2016-07-20 10:00:29","positionAdvantage":"七险一金，朝九晚五，年度旅游，年度体检","salary":"7k-10k","approve":1,"workYear":"1-3年","education":"本科","city":"北京","companyLogo":"image1/M00/42/A4/CgYXBlXMS7-AByB9AAAQjWFECSM569.jpg?cc=0.3776989479083568","jobNature":"全职","industryField":"硬件,其他","companyShortName":"中瑞特","financeStage":"初创型(未融资)","companySize":"150-500人","companyLabelList":["节日礼物","年底双薪","带薪年假","年度旅游"],"district":"石景山区","businessZones":["八角","古城","杨庄"],"imState":"sevenDays","lastLogin":1472028150000,"publisherId":2302116,"explain":null,"plus":null,"pcShow":0,"appShow":0,"deliver":0,"gradeDescription":null,"companyFullName":"北京中瑞特通讯设备有限公司","adWord":0},{"companyId":136444,"formatCreateTime":"2016-07-20","score":0,"positionId":2120340,"positionName":"C++","createTime":"2016-07-20 09:31:53","positionAdvantage":"大咖同事，发展空间大","salary":"10k-20k","approve":0,"workYear":"3-5年","education":"本科","city":"北京","companyLogo":"i/image/M00/3D/83/Cgp3O1dyOeKAPeoXAAAGHURhR8g245.png","jobNature":"全职","industryField":"移动互联网","companyShortName":"青牛科技","financeStage":"成长型(不需要融资)","companySize":"150-500人","companyLabelList":["定期体检","午餐补助","扁平管理","技能培训"],"district":"海淀区","businessZones":["航天桥","八里庄","北洼路"],"imState":"overSevenDays","lastLogin":1471311412000,"publisherId":5296581,"explain":null,"plus":null,"pcShow":0,"appShow":0,"deliver":0,"gradeDescription":null,"companyFullName":"北京青牛科技有限公司","adWord":0},{"companyId":28316,"formatCreateTime":"2016-07-19","score":0,"positionId":2118401,"positionName":"C/C++软件开发实习生（2017年毕业）","createTime":"2016-07-19 16:41:04","positionAdvantage":"优秀者毕业后可留用","salary":"3k-6k","approve":0,"workYear":"不限","education":"本科","city":"北京","companyLogo":"image1/M00/00/3E/CgYXBlTUXLyACHY6AABdehICBsg004.gif","jobNature":"全职","industryField":"移动互联网,企业服务","companyShortName":"北京文安","financeStage":"成长型(B轮)","companySize":"150-500人","companyLabelList":["绩效奖金","年底双薪","五险一金","带薪年假"],"district":"海淀区","businessZones":["西二旗","龙泽","回龙观"],"imState":"disabled","lastLogin":1472459336000,"publisherId":371667,"explain":null,"plus":null,"pcShow":0,"appShow":0,"deliver":0,"gradeDescription":null,"companyFullName":"北京文安科技发展有限公司","adWord":0}]}},"code":0}