{"success":true,"requestId":null,"msg":null,"resubmitToken":null,"content":{"pageNo":54,"pageSize":15,"positionResult":{"totalCount":1236,"resultSize":15,"locationInfo":{"queryByGisCode":false,"businessZone":null,"locationCode":null,"city":"北京","district":null},"queryAnalysisInfo":{"industryName":null,"usefulCompany":false,"positionName":"c","companyName":null},"strategyProperty":{"name":"dm-csearch-newSimScorer","id":1},"result":[{"companyId":115265,"positionName":"C++","workYear":"1-3年","education":"本科","jobNature":"全职","financeStage":"成长型(不需要融资)","companyLogo":"i/image/M00/06/CB/CgqKkVbNRAqAFPbrAAA9MNyFXG0670.png","industryField":"数据服务,其他","companyShortName":"艾森思科技","city":"北京","salary":"9k-18k","positionId":2166089,"positionAdvantage":"年终奖多多,带薪休假,出国旅游","district":"海淀区","createTime":"2016-08-17 09:35:58","companyLabelList":["定期体检","专项奖金","绩效奖金","午餐补助"],"approve":0,"companySize":"50-150人","score":0,"companyFullName":"北京艾森思科技有限公司","adWord":0,"formatCreateTime":"2016-08-17","publisherId":3974959,"explain":null,"plus":null,"pcShow":0,"appShow":0,"deliver":0,"gradeDescription":null,"businessZones":["上地","西二旗","马连洼"],"imState":"today","lastLogin":1472519305000},{"companyId":23110,"positionName":"C#高级开发工程师","workYear":"1-3年","education":"本科","jobNature":"全职","financeStage":"初创型(未融资)","companyLogo":"i/image/M00/36/B2/CgqKkVdeYXeABgIeAAAoMzOQvcM800.jpg","industryField":"企业服务","companyShortName":"中知智慧","city":"北京","salary":"8k-14k","positionId":2244397,"positionAdvantage":"五险一金、包三餐、双休、交通补贴","district":"海淀区","createTime":"2016-08-16 14:11:56","companyLabelList":["年底双薪","绩效奖金","扁平管理","领导好"],"approve":0,"companySize":"500-2000人","score":0,"companyFullName":"北京中知智慧科技有限公司","adWord":0,"formatCreateTime":"2016-08-16","publisherId":5331124,"explain":null,"plus":null,"pcShow":0,"appShow":0,"deliver":0,"gradeDescription":null,"businessZones":["蓟门桥","北太平庄","大钟寺"],"imState":"today","lastLogin":1472544431000},{"companyId":68951,"positionName":"C#","workYear":"1-3年","education":"硕士","jobNature":"全职","financeStage":"上市公司","companyLogo":"image1/M00/25/C3/Cgo8PFVSrrmACdqeAABLTF1z5ow931.png","industryField":"金融","companyShortName":"银河证券","city":"北京","salary":"12k-24k","positionId":1963133,"positionAdvantage":"管理类软件开发技术岗，优秀者待遇优厚","district":"西城区","createTime":"2016-08-16 13:29:47","companyLabelList":["技能培训","节日礼物","带薪年假","绩效奖金"],"approve":0,"companySize":"2000人以上","score":0,"companyFullName":"中国银河证券股份有限公司","adWord":0,"formatCreateTime":"2016-08-16","publisherId":1677353,"explain":null,"plus":null,"pcShow":0,"appShow":0,"deliver":0,"gradeDescription":null,"businessZones":["复兴门","金融街","月坛"],"imState":"disabled","lastLogin":1471325373000},{"companyId":1537,"positionName":"网盟广告-C++高级开发工程师-北京-01641","workYear":"3-5年","education":"本科","jobNature":"全职","financeStage":"成熟型(C轮)","companyLogo":"image2/M00/04/33/CgpzWlXw72aAb7sYAAAL-t8ysD4816.jpg","industryField":"移动互联网,数据服务","companyShortName":"搜狗","city":"北京","salary":"15k-30k","positionId":2243296,"positionAdvantage":"技术积累强大，业务发展快，用户体验好","district":"海淀区","createTime":"2016-08-16 11:33:21","companyLabelList":["五险一金","带薪年假","午餐补助","定期体检"],"approve":1,"companySize":"2000人以上","score":0,"companyFullName":"北京搜狗科技发展有限公司","adWord":0,"formatCreateTime":"2016-08-16","publisherId":73392,"explain":null,"plus":null,"pcShow":0,"appShow":0,"deliver":0,"gradeDescription":null,"businessZones":["五道口","清华大学","中关村"],"imState":"today","lastLogin":1472557518000},{"companyId":113618,"positionName":"3D软件开发工程师（C++/OpenGL）","workYear":"1-3年","education":"本科","jobNature":"全职","financeStage":"初创型(未融资)","companyLogo":"i/image/M00/03/15/Cgp3O1aogIyADomaAAA6zw_zFtc593.png","industryField":"移动互联网,其他","companyShortName":"都市森林","city":"北京","salary":"8k-12k","positionId":1456076,"positionAdvantage":"股份期权、带薪年假","district":"昌平区","createTime":"2016-08-16 11:15:22","companyLabelList":["带薪年假","股票期权","午餐补助"],"approve":0,"companySize":"少于15人","score":0,"companyFullName":"北京都市森林科技有限责任公司","adWord":0,"formatCreateTime":"2016-08-16","publisherId":3765780,"explain":null,"plus":null,"pcShow":0,"appShow":0,"deliver":0,"gradeDescription":null,"businessZones":["西三旗","回龙观","龙泽"],"imState":"overSevenDays","lastLogin":1471529410000},{"companyId":81466,"positionName":"C#","workYear":"不限","education":"大专","jobNature":"全职","financeStage":"成长型(A轮)","companyLogo":"image1/M00/35/A8/Cgo8PFWcfwGAGJXSAAAMZ_ibYm0840.jpg?cc=0.8939778178464621","industryField":"硬件,其他","companyShortName":"纳米维景","city":"北京","salary":"13k-18k","positionId":2198287,"positionAdvantage":"五险一金 绩效奖金 三项补贴 技术团队","district":"海淀区","createTime":"2016-08-16 11:00:47","companyLabelList":["带薪年假","扁平管理","领导好","定期体检"],"approve":0,"companySize":"少于15人","score":0,"companyFullName":"北京纳米维景科技有限公司","adWord":0,"formatCreateTime":"2016-08-16","publisherId":2070225,"explain":null,"plus":null,"pcShow":0,"appShow":0,"deliver":0,"gradeDescription":null,"businessZones":null,"imState":"threeDays","lastLogin":1472450558000},{"companyId":11547,"positionName":"C++研发工程师（服务器）","workYear":"3-5年","education":"大专","jobNature":"全职","financeStage":"上市公司","companyLogo":"image1/M00/00/17/Cgo8PFTUWEmAEGs6AABaC42NG78669.jpg","industryField":"社交网络,文化娱乐","companyShortName":"新浪SHOW","city":"北京","salary":"10k-15k","positionId":608602,"positionAdvantage":"六险一金、健身、年度旅游、免费晚餐","district":"海淀区","createTime":"2016-08-16 10:13:10","companyLabelList":["年底双薪","专项奖金","五险一金","带薪年假"],"approve":1,"companySize":"150-500人","score":0,"companyFullName":"新秀动力文化传媒（北京）有限公司","adWord":0,"formatCreateTime":"2016-08-16","publisherId":146155,"explain":null,"plus":null,"pcShow":0,"appShow":0,"deliver":0,"gradeDescription":null,"businessZones":["中关村","知春路","双榆树"],"imState":"today","lastLogin":1472550637000},{"companyId":30404,"positionName":"C++应用开发","workYear":"1-3年","education":"本科","jobNature":"全职","financeStage":"成长型(A轮)","companyLogo":"image1/M00/00/44/CgYXBlTUXNeAQ1AnAACicojz5bk651.jpg","industryField":"数据服务,文化娱乐","companyShortName":"畅景立达(CKLeader)","city":"北京","salary":"8k-16k","positionId":1045852,"positionAdvantage":"视频大脑成功创业团队","district":"海淀区","createTime":"2016-08-15 23:48:15","companyLabelList":["技能培训","节日礼物","股票期权","专项奖金"],"approve":0,"companySize":"15-50人","score":0,"companyFullName":"北京畅景立达软件技术有限公司","adWord":0,"formatCreateTime":"2016-08-15","publisherId":437006,"explain":null,"plus":null,"pcShow":0,"appShow":0,"deliver":0,"gradeDescription":null,"businessZones":["中关村","知春路","人民大学"],"imState":"disabled","lastLogin":1471315353000},{"companyId":119153,"positionName":"C#开发工程师","workYear":"3-5年","education":"本科","jobNature":"全职","financeStage":"上市公司","companyLogo":"i/image/M00/12/D3/Cgp3O1bmVr-AOGHYAABsWK_3bSI050.JPG","industryField":"移动互联网,教育","companyShortName":"51Talk 无忧英语","city":"北京","salary":"10k-15k","positionId":1920924,"positionAdvantage":"免费早晚餐，各种福利，惊喜不断","district":"海淀区","createTime":"2016-08-15 19:34:03","companyLabelList":["交通补助","带薪年假","股票期权"],"approve":0,"companySize":"2000人以上","score":0,"companyFullName":"北京大生在线科技有限公司","adWord":0,"formatCreateTime":"2016-08-15","publisherId":4505716,"explain":null,"plus":null,"pcShow":0,"appShow":0,"deliver":0,"gradeDescription":null,"businessZones":["上地","西二旗","马连洼"],"imState":"today","lastLogin":1472542665000},{"companyId":41201,"positionName":"C++开发工程师--北京","workYear":"1-3年","education":"本科","jobNature":"全职","financeStage":"初创型(天使轮)","companyLogo":"image1/M00/00/66/Cgo8PFTUXWWAcG4-AABmRtjDYGk188.png","industryField":"移动互联网","companyShortName":"海基科技","city":"北京","salary":"7k-10k","positionId":2239750,"positionAdvantage":"七险一金、餐补、话补、年终奖","district":null,"createTime":"2016-08-15 16:54:58","companyLabelList":["节日礼物","技能培训","绩效奖金","年度旅游"],"approve":0,"companySize":"50-150人","score":0,"companyFullName":"上海海基盛元软件科技有限公司","adWord":0,"formatCreateTime":"2016-08-15","publisherId":766626,"explain":null,"plus":null,"pcShow":0,"appShow":0,"deliver":0,"gradeDescription":null,"businessZones":null,"imState":"disabled","lastLogin":1472535738000},{"companyId":133,"positionName":"C++（linux）","workYear":"3-5年","education":"本科","jobNature":"全职","financeStage":"上市公司","companyLogo":"image1/M00/39/70/CgYXBlWo3nqABJTsAADJ3hn5gmE062.jpg","industryField":"移动互联网,信息安全","companyShortName":"猎豹移动","city":"北京","salary":"15k-25k","positionId":2239728,"positionAdvantage":"核心团队，发展空间大","district":"朝阳区","createTime":"2016-08-15 16:52:12","companyLabelList":["带薪年假","美女前台","超赞年终奖","一公里工作圈"],"approve":1,"companySize":"500-2000人","score":0,"companyFullName":"北京金山网络科技有限公司","adWord":0,"formatCreateTime":"2016-08-15","publisherId":4688009,"explain":null,"plus":null,"pcShow":0,"appShow":0,"deliver":0,"gradeDescription":null,"businessZones":["姚家园","十里堡","高碑店"],"imState":"sevenDays","lastLogin":1472022539000},{"companyId":85381,"positionName":"C++","workYear":"1-3年","education":"本科","jobNature":"全职","financeStage":"上市公司","companyLogo":"image1/M00/3C/91/Cgo8PFW10keAfQlEAAA04pTJ8Ks806.jpg?cc=0.7914426648057997","industryField":"移动互联网,电子商务","companyShortName":"掌城科技","city":"北京","salary":"15k-25k","positionId":2026882,"positionAdvantage":"上市公司 奖金 美女如云","district":"海淀区","createTime":"2016-08-15 15:04:57","companyLabelList":["节日礼物","带薪年假","岗位晋升","领导好"],"approve":0,"companySize":"50-150人","score":0,"companyFullName":"北京掌城科技有限公司","adWord":0,"formatCreateTime":"2016-08-15","publisherId":4946306,"explain":null,"plus":null,"pcShow":0,"appShow":0,"deliver":0,"gradeDescription":null,"businessZones":["中关村","人民大学","知春路"],"imState":"threeDays","lastLogin":1472464051000},{"companyId":125684,"positionName":"C#开发工程师","workYear":"3-5年","education":"不限","jobNature":"全职","financeStage":"初创型(未融资)","companyLogo":"i/image/M00/23/3F/CgqKkVcXE5iAaeJUAAAkAWuqPx8462.jpg","industryField":"移动互联网,电子商务","companyShortName":"微糖科技","city":"北京","salary":"15k-25k","positionId":2195882,"positionAdvantage":"内部孵化创业项目，股权激励","district":null,"createTime":"2016-08-15 14:59:54","companyLabelList":["年底双薪","午餐补助","带薪年假","年度旅游"],"approve":0,"companySize":"50-150人","score":0,"companyFullName":"北京微糖科技发展有限公司","adWord":0,"formatCreateTime":"2016-08-15","publisherId":5448638,"explain":null,"plus":null,"pcShow":0,"appShow":0,"deliver":0,"gradeDescription":null,"businessZones":null,"imState":"today","lastLogin":1472539109000},{"companyId":8103,"positionName":"C/C++开发工程师","workYear":"3-5年","education":"本科","jobNature":"全职","financeStage":"上市公司","companyLogo":"i/image/M00/01/80/CgqKkVZuPraAN3O6AACFeBgN7dY620.jpg","industryField":"移动互联网,文化娱乐","companyShortName":"汽车之家","city":"北京","salary":"15k-25k","positionId":1933640,"positionAdvantage":"团队够强大！福利好的没话说！","district":"海淀区","createTime":"2016-08-15 14:47:12","companyLabelList":["技能培训","节日礼物","带薪年假","绩效奖金"],"approve":1,"companySize":"2000人以上","score":0,"companyFullName":"北京车之家信息技术有限公司","adWord":0,"formatCreateTime":"2016-08-15","publisherId":4391955,"explain":null,"plus":null,"pcShow":0,"appShow":0,"deliver":0,"gradeDescription":null,"businessZones":["中关村","苏州街","苏州桥"],"imState":"today","lastLogin":1472549320000},{"companyId":64293,"positionName":"C#","workYear":"1-3年","education":"大专","jobNature":"全职","financeStage":"初创型(未融资)","companyLogo":"image1/M00/1F/15/CgYXBlUwyMiAUcgnAAB_ZZjjOXk774.png","industryField":"O2O,数据服务","companyShortName":"信码互通","city":"北京","salary":"6k-12k","positionId":2022525,"positionAdvantage":"工作居住证、出差补贴、五险一金、年终奖","district":"东城区","createTime":"2016-08-15 14:41:31","companyLabelList":["年底双薪","技能培训","岗位晋升","管理规范"],"approve":0,"companySize":"150-500人","score":0,"companyFullName":"信码互通（北京）科技有限公司","adWord":0,"formatCreateTime":"2016-08-15","publisherId":1545613,"explain":null,"plus":null,"pcShow":0,"appShow":0,"deliver":0,"gradeDescription":null,"businessZones":["花市","广渠门","北京站"],"imState":"sevenDays","lastLogin":1472025934000}]}},"code":0}