{"success":true,"requestId":null,"msg":null,"resubmitToken":null,"content":{"pageNo":82,"pageSize":15,"positionResult":{"totalCount":1236,"resultSize":15,"locationInfo":{"city":"北京","district":null,"queryByGisCode":false,"businessZone":null,"locationCode":null},"queryAnalysisInfo":{"positionName":"c","companyName":null,"usefulCompany":false,"industryName":null},"strategyProperty":{"name":"dm-csearch-newSimScorer","id":1},"result":[{"companyId":8136,"companyShortName":"佳讯飞鸿","createTime":"2016-08-24 17:22:31","positionId":1806141,"positionAdvantage":"七险一金、餐补、带薪年假","salary":"10k-18k","score":0,"workYear":"1-3年","education":"本科","city":"北京","positionName":"C#","companyLogo":"image1/M00/00/11/Cgo8PFTUWDGAciSbAABRt4Bhq3M215.jpg","financeStage":"上市公司","industryField":"数据服务,文化娱乐","jobNature":"全职","approve":1,"companySize":"150-500人","district":"海淀区","companyLabelList":["免费班车","带薪年假","七险一金","员工持股"],"adWord":0,"appShow":0,"deliver":0,"formatCreateTime":"2016-08-24","gradeDescription":null,"companyFullName":"北京佳讯飞鸿电气股份有限公司","businessZones":null,"imState":"overSevenDays","lastLogin":1471589735000,"publisherId":96954,"explain":null,"plus":null,"pcShow":0},{"companyId":8136,"companyShortName":"佳讯飞鸿","createTime":"2016-08-24 17:22:30","positionId":1496313,"positionAdvantage":"七险一金、餐补、带薪年假","salary":"10k-20k","score":0,"workYear":"3-5年","education":"本科","city":"北京","positionName":"C++","companyLogo":"image1/M00/00/11/Cgo8PFTUWDGAciSbAABRt4Bhq3M215.jpg","financeStage":"上市公司","industryField":"数据服务,文化娱乐","jobNature":"全职","approve":1,"companySize":"150-500人","district":"海淀区","companyLabelList":["免费班车","带薪年假","七险一金","员工持股"],"adWord":0,"appShow":0,"deliver":0,"formatCreateTime":"2016-08-24","gradeDescription":null,"companyFullName":"北京佳讯飞鸿电气股份有限公司","businessZones":null,"imState":"overSevenDays","lastLogin":1471589735000,"publisherId":96954,"explain":null,"plus":null,"pcShow":0},{"companyId":8136,"companyShortName":"佳讯飞鸿","createTime":"2016-08-24 17:22:29","positionId":1176571,"positionAdvantage":"七险一金、餐补、年终奖金","salary":"10k-20k","score":0,"workYear":"3-5年","education":"本科","city":"北京","positionName":"C++","companyLogo":"image1/M00/00/11/Cgo8PFTUWDGAciSbAABRt4Bhq3M215.jpg","financeStage":"上市公司","industryField":"数据服务,文化娱乐","jobNature":"全职","approve":1,"companySize":"150-500人","district":"海淀区","companyLabelList":["免费班车","带薪年假","七险一金","员工持股"],"adWord":0,"appShow":0,"deliver":0,"formatCreateTime":"2016-08-24","gradeDescription":null,"companyFullName":"北京佳讯飞鸿电气股份有限公司","businessZones":null,"imState":"overSevenDays","lastLogin":1471589735000,"publisherId":96954,"explain":null,"plus":null,"pcShow":0},{"companyId":8136,"companyShortName":"佳讯飞鸿","createTime":"2016-08-24 17:22:27","positionId":1198394,"positionAdvantage":"七险一金、餐补、年终奖金","salary":"10k-15k","score":0,"workYear":"3-5年","education":"本科","city":"北京","positionName":"C#开发","companyLogo":"image1/M00/00/11/Cgo8PFTUWDGAciSbAABRt4Bhq3M215.jpg","financeStage":"上市公司","industryField":"数据服务,文化娱乐","jobNature":"全职","approve":1,"companySize":"150-500人","district":"海淀区","companyLabelList":["免费班车","带薪年假","七险一金","员工持股"],"adWord":0,"appShow":0,"deliver":0,"formatCreateTime":"2016-08-24","gradeDescription":null,"companyFullName":"北京佳讯飞鸿电气股份有限公司","businessZones":null,"imState":"overSevenDays","lastLogin":1471589735000,"publisherId":96954,"explain":null,"plus":null,"pcShow":0},{"companyId":8136,"companyShortName":"佳讯飞鸿","createTime":"2016-08-24 17:22:26","positionId":1127487,"positionAdvantage":"七险一金、餐补、年终奖金","salary":"10k-20k","score":0,"workYear":"1-3年","education":"本科","city":"北京","positionName":"C++开发工程师","companyLogo":"image1/M00/00/11/Cgo8PFTUWDGAciSbAABRt4Bhq3M215.jpg","financeStage":"上市公司","industryField":"数据服务,文化娱乐","jobNature":"全职","approve":1,"companySize":"150-500人","district":"海淀区","companyLabelList":["免费班车","带薪年假","七险一金","员工持股"],"adWord":0,"appShow":0,"deliver":0,"formatCreateTime":"2016-08-24","gradeDescription":null,"companyFullName":"北京佳讯飞鸿电气股份有限公司","businessZones":null,"imState":"overSevenDays","lastLogin":1471589735000,"publisherId":96954,"explain":null,"plus":null,"pcShow":0},{"companyId":8136,"companyShortName":"佳讯飞鸿","createTime":"2016-08-24 17:22:23","positionId":2194465,"positionAdvantage":"七险一金、餐补、带薪年假","salary":"10k-20k","score":0,"workYear":"3-5年","education":"本科","city":"北京","positionName":"linux C++","companyLogo":"image1/M00/00/11/Cgo8PFTUWDGAciSbAABRt4Bhq3M215.jpg","financeStage":"上市公司","industryField":"数据服务,文化娱乐","jobNature":"全职","approve":1,"companySize":"150-500人","district":"海淀区","companyLabelList":["免费班车","带薪年假","七险一金","员工持股"],"adWord":0,"appShow":0,"deliver":0,"formatCreateTime":"2016-08-24","gradeDescription":null,"companyFullName":"北京佳讯飞鸿电气股份有限公司","businessZones":null,"imState":"overSevenDays","lastLogin":1471589735000,"publisherId":96954,"explain":null,"plus":null,"pcShow":0},{"companyId":8136,"companyShortName":"佳讯飞鸿","createTime":"2016-08-24 17:22:18","positionId":2194433,"positionAdvantage":"七险一金、餐补、带薪年假","salary":"10k-20k","score":0,"workYear":"3-5年","education":"本科","city":"北京","positionName":"C++","companyLogo":"image1/M00/00/11/Cgo8PFTUWDGAciSbAABRt4Bhq3M215.jpg","financeStage":"上市公司","industryField":"数据服务,文化娱乐","jobNature":"全职","approve":1,"companySize":"150-500人","district":"海淀区","companyLabelList":["免费班车","带薪年假","七险一金","员工持股"],"adWord":0,"appShow":0,"deliver":0,"formatCreateTime":"2016-08-24","gradeDescription":null,"companyFullName":"北京佳讯飞鸿电气股份有限公司","businessZones":null,"imState":"overSevenDays","lastLogin":1471589735000,"publisherId":96954,"explain":null,"plus":null,"pcShow":0},{"companyId":8136,"companyShortName":"佳讯飞鸿","createTime":"2016-08-24 17:22:13","positionId":1176581,"positionAdvantage":"七险一金、餐补、年终奖金","salary":"10k-20k","score":0,"workYear":"3-5年","education":"本科","city":"北京","positionName":"C#开发工程师","companyLogo":"image1/M00/00/11/Cgo8PFTUWDGAciSbAABRt4Bhq3M215.jpg","financeStage":"上市公司","industryField":"数据服务,文化娱乐","jobNature":"全职","approve":1,"companySize":"150-500人","district":"海淀区","companyLabelList":["免费班车","带薪年假","七险一金","员工持股"],"adWord":0,"appShow":0,"deliver":0,"formatCreateTime":"2016-08-24","gradeDescription":null,"companyFullName":"北京佳讯飞鸿电气股份有限公司","businessZones":null,"imState":"overSevenDays","lastLogin":1471589735000,"publisherId":96954,"explain":null,"plus":null,"pcShow":0},{"companyId":24406,"companyShortName":"方正电子","createTime":"2016-08-24 09:22:10","positionId":2188002,"positionAdvantage":"福利好，平台大，发展空间广阔","salary":"8k-16k","score":0,"workYear":"1-3年","education":"本科","city":"北京","positionName":"C++开发工程师(000953)","companyLogo":"image1/M00/0A/CF/CgYXBlTwPYqAeGHBAABJwkw8Z8I860.jpg","financeStage":"上市公司","industryField":"移动互联网,数据服务","jobNature":"全职","approve":1,"companySize":"500-2000人","district":"海淀区","companyLabelList":["技能培训","免费班车","岗位晋升","管理规范"],"adWord":0,"appShow":0,"deliver":0,"formatCreateTime":"2016-08-24","gradeDescription":null,"companyFullName":"北京北大方正电子有限公司","businessZones":null,"imState":"today","lastLogin":1472553365000,"publisherId":293674,"explain":null,"plus":null,"pcShow":0},{"companyId":24406,"companyShortName":"方正电子","createTime":"2016-08-24 09:21:27","positionId":2188638,"positionAdvantage":"福利好，平台大，发展空间广阔","salary":"8k-16k","score":0,"workYear":"1-3年","education":"不限","city":"北京","positionName":"ZK-C++开发工程师(000955)","companyLogo":"image1/M00/0A/CF/CgYXBlTwPYqAeGHBAABJwkw8Z8I860.jpg","financeStage":"上市公司","industryField":"移动互联网,数据服务","jobNature":"全职","approve":1,"companySize":"500-2000人","district":"海淀区","companyLabelList":["技能培训","免费班车","岗位晋升","管理规范"],"adWord":0,"appShow":0,"deliver":0,"formatCreateTime":"2016-08-24","gradeDescription":null,"companyFullName":"北京北大方正电子有限公司","businessZones":null,"imState":"today","lastLogin":1472553365000,"publisherId":293674,"explain":null,"plus":null,"pcShow":0},{"companyId":8861,"companyShortName":"妙计旅行","createTime":"2016-08-23 18:08:44","positionId":2278508,"positionAdvantage":"超牛导师 一流办公环境 自助三餐","salary":"3k-6k","score":0,"workYear":"不限","education":"本科","city":"北京","positionName":"C++开发实习生（搜索方向）","companyLogo":"i/image/M00/07/17/Cgp3O1bNjT-AFsa6AAA83c0vejw711.jpg","financeStage":"成长型(B轮)","industryField":"旅游","jobNature":"实习","approve":1,"companySize":"150-500人","district":"东城区","companyLabelList":["股票期权","十四薪","零食饮料水果","租房补贴"],"adWord":0,"appShow":0,"deliver":0,"formatCreateTime":"2016-08-23","gradeDescription":null,"companyFullName":"北京汇行科技有限公司","businessZones":["安定门","雍和宫","北新桥"],"imState":"today","lastLogin":1472551369000,"publisherId":94565,"explain":null,"plus":null,"pcShow":0},{"companyId":59251,"companyShortName":"映客直播","createTime":"2016-08-23 14:52:16","positionId":1913057,"positionAdvantage":"AppStore总榜第一的手机直播App","salary":"18k-30k","score":0,"workYear":"3-5年","education":"大专","city":"北京","positionName":"C++高级开发工程师","companyLogo":"i/image/M00/08/49/Cgp3O1bPycGAMj0hAAAgshBCvv4840.jpg","financeStage":"成长型(B轮)","industryField":"移动互联网,文化娱乐","jobNature":"全职","approve":1,"companySize":"500-2000人","district":"朝阳区","companyLabelList":["年底双薪","专项奖金","股票期权","带薪年假"],"adWord":0,"appShow":0,"deliver":0,"formatCreateTime":"2016-08-23","gradeDescription":null,"companyFullName":"北京蜜莱坞网络科技有限公司","businessZones":["望京","大山子","花家地"],"imState":"today","lastLogin":1472559160000,"publisherId":1467174,"explain":null,"plus":null,"pcShow":0},{"companyId":36513,"companyShortName":"微创","createTime":"2016-08-23 10:50:47","positionId":2157667,"positionAdvantage":"六险一金 微软办公 弹性工作制","salary":"6k-10k","score":0,"workYear":"1-3年","education":"本科","city":"北京","positionName":"C#开发工程师","companyLogo":"i/image/M00/01/B2/Cgp3O1Zzr9GAdpGkAAAWW2BuXJc040.png","financeStage":"成熟型(不需要融资)","industryField":"移动互联网,电子商务","jobNature":"全职","approve":0,"companySize":"2000人以上","district":"海淀区","companyLabelList":["年底双薪","节日礼物","技能培训","免费班车"],"adWord":0,"appShow":0,"deliver":0,"formatCreateTime":"2016-08-23","gradeDescription":null,"companyFullName":"上海微创软件股份有限公司北京分公司","businessZones":["中关村","苏州街","苏州桥"],"imState":"disabled","lastLogin":1472552599000,"publisherId":5726621,"explain":null,"plus":null,"pcShow":0},{"companyId":4158,"companyShortName":"美秒科技","createTime":"2016-08-22 14:36:45","positionId":2270196,"positionAdvantage":"发展好、氛围棒、福利好、领导棒","salary":"10k-15k","score":0,"workYear":"1-3年","education":"本科","city":"北京","positionName":"C#工程师(客户端)","companyLogo":"image1/M00/00/0A/CgYXBlTUWBaAX5ybAACq-EA7pSc619.jpg","financeStage":"成长型(A轮)","industryField":"移动互联网,电子商务","jobNature":"全职","approve":1,"companySize":"15-50人","district":"海淀区","companyLabelList":["交通补助","股票期权","弹性工作","免费晚餐"],"adWord":0,"appShow":0,"deliver":0,"formatCreateTime":"2016-08-22","gradeDescription":null,"companyFullName":"北京美秒科技有限公司","businessZones":["西二旗","龙泽","回龙观"],"imState":"today","lastLogin":1472551672000,"publisherId":71928,"explain":null,"plus":null,"pcShow":0},{"companyId":4158,"companyShortName":"美秒科技","createTime":"2016-08-22 14:35:25","positionId":2270180,"positionAdvantage":"发展好、氛围棒、福利好、领导棒","salary":"8k-15k","score":0,"workYear":"1-3年","education":"本科","city":"北京","positionName":"C#开发工程师（偏客户端软件）","companyLogo":"image1/M00/00/0A/CgYXBlTUWBaAX5ybAACq-EA7pSc619.jpg","financeStage":"成长型(A轮)","industryField":"移动互联网,电子商务","jobNature":"全职","approve":1,"companySize":"15-50人","district":"海淀区","companyLabelList":["交通补助","股票期权","弹性工作","免费晚餐"],"adWord":0,"appShow":0,"deliver":0,"formatCreateTime":"2016-08-22","gradeDescription":null,"companyFullName":"北京美秒科技有限公司","businessZones":["西二旗","龙泽","回龙观"],"imState":"today","lastLogin":1472551672000,"publisherId":71928,"explain":null,"plus":null,"pcShow":0}]}},"code":0}