{"success":true,"requestId":null,"msg":null,"resubmitToken":null,"content":{"pageNo":28,"pageSize":15,"positionResult":{"resultSize":15,"totalCount":1236,"locationInfo":{"city":"北京","district":null,"queryByGisCode":false,"locationCode":null,"businessZone":null},"queryAnalysisInfo":{"positionName":"c","companyName":null,"usefulCompany":false,"industryName":null},"strategyProperty":{"name":"dm-csearch-newSimScorer","id":1},"result":[{"createTime":"2016-08-25 15:46:14","formatCreateTime":"2016-08-25","companyId":44107,"positionName":"SDN网络开发工程师（C语言）","workYear":"1-3年","education":"大专","jobNature":"全职","companyShortName":"象云","city":"北京","salary":"15k-30k","financeStage":"成长型(B轮)","positionId":2250893,"companyLogo":"image1/M00/00/6F/Cgo8PFTUXYyASVJkAACXDFef2ck404.jpg","positionAdvantage":"股权激励,弹性时间,绩效奖金,团体活动","approve":0,"district":"西城区","score":0,"companyLabelList":["午餐补助","带薪年假","绩效奖金","股票期权"],"industryField":"数据服务","companySize":"50-150人","imState":"today","lastLogin":1472546465000,"publisherId":5319246,"explain":null,"plus":null,"pcShow":0,"appShow":0,"deliver":0,"gradeDescription":null,"businessZones":["白石桥","车公庄"],"companyFullName":"北京企商在线数据通信科技有限公司","adWord":0},{"createTime":"2016-08-25 15:20:52","formatCreateTime":"2016-08-25","companyId":32638,"positionName":"视觉工程C/C++开发工程师","workYear":"3-5年","education":"硕士","jobNature":"全职","companyShortName":"MaxMax","city":"北京","salary":"15k-30k","financeStage":"成长型(A轮)","positionId":2087170,"companyLogo":"image1/M00/00/4B/Cgo8PFTUXPSACqT4AAAwVUwY15U538.png","positionAdvantage":"一起用产品改变世界","approve":1,"district":"朝阳区","score":0,"companyLabelList":["股票期权","岗位晋升","扁平管理","阿姨好吃午餐"],"industryField":"移动互联网,硬件","companySize":"15-50人","imState":"today","lastLogin":1472560037000,"publisherId":439759,"explain":null,"plus":null,"pcShow":0,"appShow":0,"deliver":0,"gradeDescription":null,"businessZones":["工体","三里屯","团结湖"],"companyFullName":"北京美讯美通信息科技有限公司","adWord":0},{"createTime":"2016-08-25 15:10:31","formatCreateTime":"2016-08-25","companyId":68153,"positionName":"C++","workYear":"不限","education":"本科","jobNature":"全职","companyShortName":"星动乐创","city":"北京","salary":"4k-8k","financeStage":"初创型(未融资)","positionId":2255595,"companyLogo":"i/image/M00/02/C5/CgqKkVacYl-ATw_kAAAR7wzmoDQ130.jpg","positionAdvantage":"绩效奖金、节日福利、年底双薪、地铁周边","approve":0,"district":null,"score":0,"companyLabelList":["节日礼物","绩效奖金","岗位晋升","管理规范"],"industryField":"移动互联网","companySize":"15-50人","imState":"disabled","lastLogin":1472537117000,"publisherId":1662437,"explain":null,"plus":null,"pcShow":0,"appShow":0,"deliver":0,"gradeDescription":null,"businessZones":null,"companyFullName":"北京星动乐创科技有限公司","adWord":0},{"createTime":"2016-08-25 14:30:52","formatCreateTime":"2016-08-25","companyId":123777,"positionName":"C#软件工程师","workYear":"3-5年","education":"本科","jobNature":"全职","companyShortName":"通力互联","city":"北京","salary":"10k-20k","financeStage":"成熟型(不需要融资)","positionId":2226673,"companyLogo":"i/image/M00/2E/03/CgqKkVc9jmCAI8DpAAD09YLPnBk157.png","positionAdvantage":"年假多，环境好，氛围好，提升空间大，稳定","approve":0,"district":"海淀区","score":0,"companyLabelList":["绩效奖金","交通补助","定期体检","通讯津贴"],"industryField":"电子商务,企业服务","companySize":"2000人以上","imState":"disabled","lastLogin":1472551109000,"publisherId":5894390,"explain":null,"plus":null,"pcShow":0,"appShow":0,"deliver":0,"gradeDescription":null,"businessZones":["清华大学","中关村"],"companyFullName":"北京通力互联技术服务有限公司","adWord":0},{"createTime":"2016-08-25 14:15:33","formatCreateTime":"2016-08-25","companyId":31314,"positionName":"C++服务器","workYear":"不限","education":"本科","jobNature":"全职","companyShortName":"天锋网络","city":"北京","salary":"15k-30k","financeStage":"成长型(B轮)","positionId":2112714,"companyLogo":"image1/M00/00/47/CgYXBlTUXOOAUI4_AAA6eeJ-n98055.jpg","positionAdvantage":"奖金 年终奖 弹性工作时间 下午茶 旅游","approve":0,"district":null,"score":0,"companyLabelList":["专项奖金","带薪年假","岗位晋升","年度旅游"],"industryField":"游戏","companySize":"50-150人","imState":"disabled","lastLogin":1472547653000,"publisherId":459912,"explain":null,"plus":null,"pcShow":0,"appShow":0,"deliver":0,"gradeDescription":null,"businessZones":null,"companyFullName":"北京天锋网络科技有限公司","adWord":0},{"createTime":"2016-08-25 14:10:15","formatCreateTime":"2016-08-25","companyId":30648,"positionName":"C++研发工程师（NF）","workYear":"1-3年","education":"本科","jobNature":"全职","companyShortName":"绿盟科技","city":"北京","salary":"8k-15k","financeStage":"上市公司","positionId":2083612,"companyLogo":"image1/M00/00/45/Cgo8PFTUXNqAI8G5AABrGbu56q4495.png","positionAdvantage":"七险一金,弹性工作制,免费午餐,年度体检","approve":1,"district":"海淀区","score":0,"companyLabelList":["技能培训","节日礼物","股票期权","带薪年假"],"industryField":"信息安全","companySize":"500-2000人","imState":"today","lastLogin":1472550626000,"publisherId":4595408,"explain":null,"plus":null,"pcShow":0,"appShow":0,"deliver":0,"gradeDescription":null,"businessZones":["紫竹桥","车道沟","万寿寺"],"companyFullName":"北京神州绿盟信息安全科技股份有限公司","adWord":0},{"createTime":"2016-08-25 13:56:51","formatCreateTime":"2016-08-25","companyId":5854,"positionName":"C","workYear":"5-10年","education":"本科","jobNature":"全职","companyShortName":"中科方德软件有限公司","city":"北京","salary":"15k-25k","financeStage":"成熟型(不需要融资)","positionId":1946468,"companyLogo":"image1/M00/00/0D/CgYXBlTUWCCAUrC7AABo-Z5RRDI900.png","positionAdvantage":"福利","approve":1,"district":"海淀区","score":0,"companyLabelList":["股票期权","带薪年假","绩效奖金","扁平管理"],"industryField":"移动互联网,企业服务","companySize":"500-2000人","imState":"disabled","lastLogin":1472535852000,"publisherId":1701066,"explain":null,"plus":null,"pcShow":0,"appShow":0,"deliver":0,"gradeDescription":null,"businessZones":["中关村","知春路","双榆树"],"companyFullName":"中科方德软件有限公司","adWord":0},{"createTime":"2016-08-25 13:53:20","formatCreateTime":"2016-08-25","companyId":18533,"positionName":"C语言开发","workYear":"1-3年","education":"本科","jobNature":"全职","companyShortName":"资和信电子支付","city":"北京","salary":"10k-12k","financeStage":"成熟型(D轮及以上)","positionId":1392775,"companyLogo":"image1/M00/00/22/Cgo8PFTUWHaAZsqvAAA_M4XeU5w717.jpg","positionAdvantage":"带薪年假 年终双薪 加班补助 节日福利","approve":0,"district":"西城区","score":0,"companyLabelList":null,"industryField":"金融","companySize":"500-2000人","imState":"sevenDays","lastLogin":1472104061000,"publisherId":3682362,"explain":null,"plus":null,"pcShow":0,"appShow":0,"deliver":0,"gradeDescription":null,"businessZones":["复兴门","金融街","月坛"],"companyFullName":"资和信电子支付有限公司","adWord":0},{"createTime":"2016-08-25 13:42:05","formatCreateTime":"2016-08-25","companyId":1686,"positionName":"C++","workYear":"3-5年","education":"本科","jobNature":"全职","companyShortName":"爱奇艺","city":"北京","salary":"15k-25k","financeStage":"成熟型(D轮及以上)","positionId":2177035,"companyLogo":"image1/M00/00/06/Cgo8PFTUWAaAbD7PAACAXTzCmiw113.jpg","positionAdvantage":"VR业务 C++ 新团队新项目","approve":1,"district":"海淀区","score":0,"companyLabelList":["绩效奖金","五险一金","交通补助","带薪年假"],"industryField":"广告营销,文化娱乐","companySize":"2000人以上","imState":"disabled","lastLogin":1472555139000,"publisherId":1363581,"explain":null,"plus":null,"pcShow":0,"appShow":0,"deliver":0,"gradeDescription":null,"businessZones":["中关村","北京大学","苏州街"],"companyFullName":"北京爱奇艺科技有限公司","adWord":0},{"createTime":"2016-08-25 13:25:06","formatCreateTime":"2016-08-25","companyId":7877,"positionName":"服务端c++","workYear":"1-3年","education":"本科","jobNature":"全职","companyShortName":"力控科技","city":"北京","salary":"10k-18k","financeStage":"成长型(不需要融资)","positionId":2255652,"companyLogo":"i/image/M00/00/5A/Cgp3O1ZEADiAEq_JAAAIEyz1eOY071.gif","positionAdvantage":"加班少 奖金丰厚 自主知识产权","approve":1,"district":"海淀区","score":0,"companyLabelList":["专项奖金","带薪年假","岗位晋升","扁平管理"],"industryField":"信息安全","companySize":"150-500人","imState":"disabled","lastLogin":1472541449000,"publisherId":3140254,"explain":null,"plus":null,"pcShow":0,"appShow":0,"deliver":0,"gradeDescription":null,"businessZones":null,"companyFullName":"北京力控元通科技有限公司","adWord":0},{"createTime":"2016-08-25 12:54:53","formatCreateTime":"2016-08-25","companyId":6110,"positionName":"c#软件工程师","workYear":"不限","education":"本科","jobNature":"全职","companyShortName":"北京搜房科技发展有限公司","city":"北京","salary":"9k-17k","financeStage":"上市公司","positionId":1726765,"companyLogo":"i/image/M00/30/EA/CgqKkVdIBY6ALxM_AACKdNN_NLs107.jpg","positionAdvantage":"六险一金、居住证、旅游、奖金、电商项目","approve":1,"district":"丰台区","score":0,"companyLabelList":["岗位晋升","扁平管理","管理规范","领导好"],"industryField":"移动互联网,金融","companySize":"2000人以上","imState":"disabled","lastLogin":1472367244000,"publisherId":1331274,"explain":null,"plus":null,"pcShow":0,"appShow":0,"deliver":0,"gradeDescription":null,"businessZones":["花乡","看丹桥","花乡","看丹桥"],"companyFullName":"北京搜房科技发展有限公司","adWord":0},{"createTime":"2016-08-25 12:49:02","formatCreateTime":"2016-08-25","companyId":2474,"positionName":"C++架构师","workYear":"1-3年","education":"本科","jobNature":"全职","companyShortName":"滴滴出行","city":"北京","salary":"20k-40k","financeStage":"成熟型(D轮及以上)","positionId":746272,"companyLogo":"i/image/M00/00/20/Cgp3O1YtmkSAZjX1AAA78knErXc273.jpg","positionAdvantage":"秒杀一切互联网公司的医疗补充福利。","approve":0,"district":"海淀区","score":0,"companyLabelList":["弹性工作","节日礼物","岗位晋升","技能培训"],"industryField":"移动互联网","companySize":"500-2000人","imState":"today","lastLogin":1472556596000,"publisherId":1837136,"explain":null,"plus":null,"pcShow":0,"appShow":0,"deliver":0,"gradeDescription":null,"businessZones":["上地","西二旗","马连洼"],"companyFullName":"北京小桔科技有限公司","adWord":0},{"createTime":"2016-08-25 12:16:43","formatCreateTime":"2016-08-25","companyId":102150,"positionName":"Linux C 开发工程师","workYear":"1-3年","education":"本科","jobNature":"全职","companyShortName":"修业科技","city":"北京","salary":"8k-15k","financeStage":"成长型(不需要融资)","positionId":1965878,"companyLogo":"i/image/M00/36/C5/CgqKkVdefxCAVCPHAAAa3n4d60M794.jpg","positionAdvantage":"五险带薪年假年终奖节假日礼品生日礼物等等","approve":1,"district":null,"score":0,"companyLabelList":["绩效奖金","通讯津贴","交通补助","弹性工作"],"industryField":"信息安全,硬件","companySize":"50-150人","imState":"threeDays","lastLogin":1472446793000,"publisherId":5322440,"explain":null,"plus":null,"pcShow":0,"appShow":0,"deliver":0,"gradeDescription":null,"businessZones":null,"companyFullName":"北京修业时代科技有限公司","adWord":0},{"createTime":"2016-08-25 11:48:58","formatCreateTime":"2016-08-25","companyId":119929,"positionName":"高级C++开发工程师","workYear":"5-10年","education":"大专","jobNature":"全职","companyShortName":"青藤云安全","city":"北京","salary":"15k-30k","financeStage":"成长型(A轮)","positionId":1964822,"companyLogo":"i/image/M00/16/91/Cgp3O1bvvbeAG8COAAAiBf3tNnU377.png","positionAdvantage":"五险一金 年底双薪 餐补 零食水果","approve":0,"district":"海淀区","score":0,"companyLabelList":null,"industryField":"信息安全,企业服务","companySize":"50-150人","imState":"today","lastLogin":1472522517000,"publisherId":4551503,"explain":null,"plus":null,"pcShow":0,"appShow":0,"deliver":0,"gradeDescription":null,"businessZones":["上地","马连洼","西二旗"],"companyFullName":"北京升鑫网络科技有限公司","adWord":0},{"createTime":"2016-08-25 11:48:42","formatCreateTime":"2016-08-25","companyId":7535,"positionName":"编辑（个护美妆、服饰鞋包、3c家电）","workYear":"不限","education":"不限","jobNature":"全职","companyShortName":"什么值得买","city":"北京","salary":"6k-10k","financeStage":"成长型(A轮)","positionId":2179377,"companyLogo":"image1/M00/0E/D6/CgYXBlT8Q5SAQgeqAADJyCXW1sY530.jpg","positionAdvantage":"六险一金+旅游体检+健身按摩电竞体验","approve":1,"district":"丰台区","score":0,"companyLabelList":["技能培训","带薪年假","各种主题趴","海量产品体验"],"industryField":"电子商务,文化娱乐","companySize":"150-500人","imState":"today","lastLogin":1472557639000,"publisherId":87072,"explain":null,"plus":null,"pcShow":0,"appShow":0,"deliver":0,"gradeDescription":null,"businessZones":["木樨园","角门","马家堡"],"companyFullName":"北京值得买科技股份有限公司","adWord":0}]}},"code":0}