{"success":true,"requestId":null,"msg":null,"resubmitToken":null,"code":0,"content":{"pageNo":27,"pageSize":15,"positionResult":{"resultSize":15,"totalCount":1236,"locationInfo":{"queryByGisCode":false,"businessZone":null,"locationCode":null,"city":"北京","district":null},"queryAnalysisInfo":{"industryName":null,"usefulCompany":false,"positionName":"c","companyName":null},"strategyProperty":{"name":"dm-csearch-newSimScorer","id":1},"result":[{"companyId":7182,"businessZones":["望京"],"imState":"today","lastLogin":1472554384000,"publisherId":371879,"explain":null,"plus":null,"pcShow":0,"appShow":0,"deliver":0,"gradeDescription":null,"companyFullName":"北京尚佳崇业教育科技有限公司","formatCreateTime":"2016-08-25","positionName":"C++研发工程师","workYear":"应届毕业生","education":"本科","jobNature":"全职","companyLogo":"image1/M00/00/0F/Cgo8PFTUWCqAIq8oAAB5MvmojGc956.jpg","salary":"10k-20k","city":"北京","financeStage":"成熟型(C轮)","industryField":"电子商务,教育","positionId":2290462,"approve":1,"createTime":"2016-08-25 19:27:09","positionAdvantage":"BAT团队+15薪+舍得给+妹子活泼可爱","district":"朝阳区","companyShortName":"尚德机构","companyLabelList":["绩效奖金","专项奖金","五险一金","带薪年假"],"score":0,"companySize":"2000人以上","adWord":0},{"companyId":44107,"businessZones":["白石桥","车公庄"],"imState":"today","lastLogin":1472546465000,"publisherId":5319246,"explain":null,"plus":null,"pcShow":0,"appShow":0,"deliver":0,"gradeDescription":null,"companyFullName":"北京企商在线数据通信科技有限公司","formatCreateTime":"2016-08-25","positionName":"C语言网络开发工程师","workYear":"1-3年","education":"大专","jobNature":"全职","companyLogo":"image1/M00/00/6F/Cgo8PFTUXYyASVJkAACXDFef2ck404.jpg","salary":"15k-30k","city":"北京","financeStage":"成长型(B轮)","industryField":"数据服务","positionId":2197425,"approve":0,"createTime":"2016-08-25 15:46:15","positionAdvantage":"弹性时间,项目奖金,绩效奖金,节日福利","district":"西城区","companyShortName":"象云","companyLabelList":["午餐补助","带薪年假","绩效奖金","股票期权"],"score":0,"companySize":"50-150人","adWord":0},{"companyId":141931,"businessZones":["苏州街","中关村","苏州桥"],"imState":"disabled","lastLogin":1472175059000,"publisherId":5809867,"explain":null,"plus":null,"pcShow":0,"appShow":0,"deliver":0,"gradeDescription":null,"companyFullName":"泓图睿语（北京）科技有限公司","formatCreateTime":"2016-08-25","positionName":"C++","workYear":"不限","education":"本科","jobNature":"全职","companyLogo":"i/image/M00/4B/B6/Cgp3O1egQf2AaDUPAAAO130Gg_Y688.jpg","salary":"10k-12k","city":"北京","financeStage":"初创型(未融资)","industryField":"其他","positionId":2288815,"approve":0,"createTime":"2016-08-25 15:45:56","positionAdvantage":"清华校友,科技公司,人工智能,C/C++","district":"海淀区","companyShortName":"Otureo","companyLabelList":["定期体检","年底双薪","领导好","五险一金"],"score":0,"companySize":"少于15人","adWord":0},{"companyId":77306,"businessZones":null,"imState":"today","lastLogin":1472556957000,"publisherId":205919,"explain":null,"plus":null,"pcShow":0,"appShow":0,"deliver":0,"gradeDescription":null,"companyFullName":"北京零零无限科技有限公司","formatCreateTime":"2016-08-25","positionName":"软件开发测试工程师（C/C++ &amp; Linux)","workYear":"3-5年","education":"本科","jobNature":"全职","companyLogo":"i/image/M00/26/0F/CgqKkVcgU1aABK_iAAAV-LXFris985.png","salary":"15k-30k","city":"北京","financeStage":"成长型(A轮)","industryField":"硬件","positionId":2027878,"approve":1,"createTime":"2016-08-25 15:42:24","positionAdvantage":"嵌入式人工智能，核心软件","district":null,"companyShortName":"零零无限","companyLabelList":null,"score":0,"companySize":"50-150人","adWord":0},{"companyId":122913,"businessZones":["军博","木樨地","三里河"],"imState":"disabled","lastLogin":1472197356000,"publisherId":4707159,"explain":null,"plus":null,"pcShow":0,"appShow":0,"deliver":0,"gradeDescription":null,"companyFullName":"北京中天鼎盛视讯科技有限公司","formatCreateTime":"2016-08-25","positionName":"C#","workYear":"3-5年","education":"本科","jobNature":"全职","companyLogo":"i/image/M00/1E/72/Cgp3O1cHcZ-AFLj9AADHh0EOPkY729.jpg","salary":"10k-15k","city":"北京","financeStage":"初创型(未融资)","industryField":"信息安全","positionId":2054716,"approve":0,"createTime":"2016-08-25 15:34:14","positionAdvantage":"五险一金 年底双薪 餐费、交通、通讯补助","district":"海淀区","companyShortName":"鼎盛视讯","companyLabelList":["年底双薪","带薪年假","通讯津贴","交通补助"],"score":0,"companySize":"50-150人","adWord":0},{"companyId":133,"businessZones":["姚家园","十里堡","高碑店"],"imState":"today","lastLogin":1472563400000,"publisherId":1528313,"explain":null,"plus":null,"pcShow":0,"appShow":0,"deliver":0,"gradeDescription":null,"companyFullName":"北京金山网络科技有限公司","formatCreateTime":"2016-08-25","positionName":"资深C++开发工程师","workYear":"3-5年","education":"本科","jobNature":"全职","companyLogo":"image1/M00/39/70/CgYXBlWo3nqABJTsAADJ3hn5gmE062.jpg","salary":"30k-45k","city":"北京","financeStage":"上市公司","industryField":"移动互联网,信息安全","positionId":2087275,"approve":1,"createTime":"2016-08-25 15:27:42","positionAdvantage":"上市公司，领导nice，核心团队~","district":"朝阳区","companyShortName":"猎豹移动","companyLabelList":["带薪年假","美女前台","超赞年终奖","一公里工作圈"],"score":0,"companySize":"500-2000人","adWord":0},{"companyId":32638,"businessZones":["工体","三里屯","团结湖"],"imState":"today","lastLogin":1472560037000,"publisherId":439759,"explain":null,"plus":null,"pcShow":0,"appShow":0,"deliver":0,"gradeDescription":null,"companyFullName":"北京美讯美通信息科技有限公司","formatCreateTime":"2016-08-25","positionName":"C++/QT工程师","workYear":"1-3年","education":"本科","jobNature":"全职","companyLogo":"image1/M00/00/4B/Cgo8PFTUXPSACqT4AAAwVUwY15U538.png","salary":"10k-18k","city":"北京","financeStage":"成长型(A轮)","industryField":"移动互联网,硬件","positionId":2048254,"approve":1,"createTime":"2016-08-25 15:20:56","positionAdvantage":"一起用产品改变世界","district":"朝阳区","companyShortName":"MaxMax","companyLabelList":["股票期权","岗位晋升","扁平管理","阿姨好吃午餐"],"score":0,"companySize":"15-50人","adWord":0},{"companyId":128842,"businessZones":["上地","西二旗","马连洼"],"imState":"today","lastLogin":1472548419000,"publisherId":5038106,"explain":null,"plus":null,"pcShow":0,"appShow":0,"deliver":0,"gradeDescription":null,"companyFullName":"上海欣方智能系统有限公司北京分公司","formatCreateTime":"2016-08-25","positionName":"C++开发工程师","workYear":"1年以下","education":"本科","jobNature":"全职","companyLogo":"i/image/M00/2A/26/Cgp3O1cxdd6APMkuAAG6HQ1ScEw044.jpg","salary":"5k-8k","city":"北京","financeStage":"成长型(不需要融资)","industryField":"移动互联网,数据服务","positionId":2288512,"approve":0,"createTime":"2016-08-25 15:13:44","positionAdvantage":"有大牛带、临近地铁","district":"海淀区","companyShortName":"欣方智能","companyLabelList":["股票期权","定期体检","午餐补助","不加班"],"score":0,"companySize":"150-500人","adWord":0},{"companyId":68153,"businessZones":null,"imState":"disabled","lastLogin":1472537117000,"publisherId":1662437,"explain":null,"plus":null,"pcShow":0,"appShow":0,"deliver":0,"gradeDescription":null,"companyFullName":"北京星动乐创科技有限公司","formatCreateTime":"2016-08-25","positionName":"C++客户端框架开发","workYear":"不限","education":"本科","jobNature":"全职","companyLogo":"i/image/M00/02/C5/CgqKkVacYl-ATw_kAAAR7wzmoDQ130.jpg","salary":"4k-8k","city":"北京","financeStage":"初创型(未融资)","industryField":"移动互联网","positionId":2255568,"approve":0,"createTime":"2016-08-25 15:10:34","positionAdvantage":"周末双休","district":null,"companyShortName":"星动乐创","companyLabelList":["节日礼物","绩效奖金","岗位晋升","管理规范"],"score":0,"companySize":"15-50人","adWord":0},{"companyId":58936,"businessZones":["上地","马连洼","西二旗"],"imState":"today","lastLogin":1472555190000,"publisherId":1489472,"explain":null,"plus":null,"pcShow":0,"appShow":0,"deliver":0,"gradeDescription":null,"companyFullName":"北京众晶锐驰科技有限公司","formatCreateTime":"2016-08-25","positionName":"C++软件工程师","workYear":"不限","education":"本科","jobNature":"全职","companyLogo":"image1/M00/16/A1/CgYXBlUPbqyARs5WAABUcmQAScw081.png","salary":"20k-30k","city":"北京","financeStage":"初创型(不需要融资)","industryField":"移动互联网","positionId":2255109,"approve":1,"createTime":"2016-08-25 15:06:37","positionAdvantage":"高薪资,高福利","district":"海淀区","companyShortName":"众晶数码","companyLabelList":["技能培训","年底双薪","节日礼物","绩效奖金"],"score":0,"companySize":"15-50人","adWord":0},{"companyId":35641,"businessZones":["望京","来广营"],"imState":"disabled","lastLogin":1472543033000,"publisherId":1674532,"explain":null,"plus":null,"pcShow":0,"appShow":0,"deliver":0,"gradeDescription":null,"companyFullName":"第一视频（北京）网络技术有限公司","formatCreateTime":"2016-08-25","positionName":"C++","workYear":"3-5年","education":"本科","jobNature":"全职","companyLogo":"image1/M00/00/54/Cgo8PFTUXR6APKASAACqZ37feIU469.jpg","salary":"20k-30k","city":"北京","financeStage":"上市公司","industryField":"文化娱乐","positionId":2015318,"approve":0,"createTime":"2016-08-25 15:00:52","positionAdvantage":"五险一金 餐补 免费班车 节日福利","district":"朝阳区","companyShortName":"第一视频","companyLabelList":["技能培训","节日礼物","免费班车","带薪年假"],"score":0,"companySize":"500-2000人","adWord":0},{"companyId":17975,"businessZones":["新世界","崇文门","磁器口"],"imState":"today","lastLogin":1472527543000,"publisherId":1373799,"explain":null,"plus":null,"pcShow":0,"appShow":0,"deliver":0,"gradeDescription":null,"companyFullName":"北京柒柒网络科技有限公司","formatCreateTime":"2016-08-25","positionName":"C++服务端开发工程师","workYear":"3-5年","education":"本科","jobNature":"全职","companyLogo":"i/image/M00/47/CF/CgqKkVeQkY2ABJngAAS07XJ9wPM241.png","salary":"20k-30k","city":"北京","financeStage":"初创型(未融资)","industryField":"移动互联网,游戏","positionId":2288374,"approve":0,"createTime":"2016-08-25 14:58:47","positionAdvantage":"五险一金,带薪年假,全勤奖,年底分红","district":"东城区","companyShortName":"北京柒柒","companyLabelList":["岗位晋升","法定节假日","年底双薪","带薪年假"],"score":0,"companySize":"50-150人","adWord":0},{"companyId":5812,"businessZones":["西北旺"],"imState":"disabled","lastLogin":1472452046000,"publisherId":727122,"explain":null,"plus":null,"pcShow":0,"appShow":0,"deliver":0,"gradeDescription":null,"companyFullName":"用友网络科技股份有限公司","formatCreateTime":"2016-08-25","positionName":"c#工程师","workYear":"3-5年","education":"本科","jobNature":"全职","companyLogo":"image1/M00/00/0C/Cgo8PFTUWCCAaF4PAAAm3kBS87s438.png","salary":"12k-15k","city":"北京","financeStage":"上市公司","industryField":"企业服务,数据服务","positionId":383087,"approve":1,"createTime":"2016-08-25 14:56:03","positionAdvantage":"五险一金 班车 不加班 团队合作 班车","district":"海淀区","companyShortName":"用友","companyLabelList":["技能培训","节日礼物","免费班车","岗位晋升"],"score":0,"companySize":"2000人以上","adWord":0},{"companyId":123777,"businessZones":["清华大学","中关村"],"imState":"disabled","lastLogin":1472551109000,"publisherId":5894390,"explain":null,"plus":null,"pcShow":0,"appShow":0,"deliver":0,"gradeDescription":null,"companyFullName":"北京通力互联技术服务有限公司","formatCreateTime":"2016-08-25","positionName":"C++软件开发工程师","workYear":"3-5年","education":"本科","jobNature":"全职","companyLogo":"i/image/M00/2E/03/CgqKkVc9jmCAI8DpAAD09YLPnBk157.png","salary":"10k-20k","city":"北京","financeStage":"成熟型(不需要融资)","industryField":"电子商务,企业服务","positionId":2226626,"approve":0,"createTime":"2016-08-25 14:30:54","positionAdvantage":"年假多，工作环境良好，晋升空间大，稳定。","district":"海淀区","companyShortName":"通力互联","companyLabelList":["绩效奖金","交通补助","定期体检","通讯津贴"],"score":0,"companySize":"2000人以上","adWord":0},{"companyId":81904,"businessZones":null,"imState":"today","lastLogin":1472545423000,"publisherId":2082998,"explain":null,"plus":null,"pcShow":0,"appShow":0,"deliver":0,"gradeDescription":null,"companyFullName":"北京创优天下网络科技有限公司","formatCreateTime":"2016-08-25","positionName":"C++/Node.js开发","workYear":"1-3年","education":"本科","jobNature":"全职","companyLogo":"image1/M00/36/55/Cgo8PFWeHj6AUN2nAABTTt7sNEo961.jpg?cc=0.33867357997223735","salary":"15k-25k","city":"北京","financeStage":"初创型(天使轮)","industryField":"教育,游戏","positionId":2246073,"approve":1,"createTime":"2016-08-25 14:25:22","positionAdvantage":"技术为核心，成长空间大，大型项目等你挑战","district":null,"companyShortName":"创优天下","companyLabelList":["带薪年假","绩效奖金","扁平管理","管理规范"],"score":0,"companySize":"50-150人","adWord":0}]}}}