{"success":true,"requestId":null,"msg":null,"resubmitToken":null,"content":{"pageNo":65,"pageSize":15,"positionResult":{"totalCount":1236,"resultSize":15,"locationInfo":{"city":"北京","district":null,"queryByGisCode":false,"businessZone":null,"locationCode":null},"queryAnalysisInfo":{"positionName":"c","companyName":null,"usefulCompany":false,"industryName":null},"strategyProperty":{"name":"dm-csearch-newSimScorer","id":1},"result":[{"companyId":83974,"companyShortName":"金美通信","createTime":"2016-08-05 18:01:20","positionId":2201693,"positionAdvantage":"有师傅带、五险一金、年度体检、补充医疗","salary":"4k-6k","score":0,"workYear":"应届毕业生","education":"本科","city":"北京","positionName":"C++","companyLogo":"image1/M00/3A/71/Cgo8PFWtq-KAGZ_zAAAQ87-ucXw456.JPG?cc=0.5057264773640782","financeStage":"上市公司","industryField":"信息安全,其他","jobNature":"全职","approve":1,"companySize":"50-150人","district":"海淀区","companyLabelList":["技能培训","带薪年假","绩效奖金","管理规范"],"adWord":0,"appShow":0,"deliver":0,"formatCreateTime":"2016-08-05","gradeDescription":null,"companyFullName":"重庆金美通信有限责任公司北京技术分公司","businessZones":["五棵松","永定路","青塔"],"imState":"overSevenDays","lastLogin":1470726096000,"publisherId":2152267,"explain":null,"plus":null,"pcShow":0},{"companyId":25592,"companyShortName":"新浪网","createTime":"2016-08-03 17:45:22","positionId":198067,"positionAdvantage":"大数据量、高并发和高性能、亿级用户","salary":"20k-30k","score":0,"workYear":"不限","education":"本科","city":"北京","positionName":"广告投放引擎开发（linux C++/Java）","companyLogo":"image1/M00/00/35/Cgo8PFTUXJeAJhm5AAAyDX2QCwc674.jpg","financeStage":"上市公司","industryField":"文化娱乐","jobNature":"全职","approve":1,"companySize":"2000人以上","district":"海淀区","companyLabelList":["免费班车","岗位晋升","五险一金","定期体检"],"adWord":0,"appShow":0,"deliver":0,"formatCreateTime":"2016-08-03","gradeDescription":null,"companyFullName":"新浪网技术（中国）有限公司","businessZones":["苏州街","北京大学","中关村"],"imState":"disabled","lastLogin":1471316676000,"publisherId":449560,"explain":null,"plus":null,"pcShow":0},{"companyId":9995,"companyShortName":"北京天融信公司","createTime":"2016-08-03 17:40:11","positionId":709474,"positionAdvantage":"七险一金，弹性工作时间，广阔的发展空间","salary":"10k-20k","score":0,"workYear":"1-3年","education":"本科","city":"北京","positionName":"C","companyLogo":"i/image/M00/00/96/Cgp3O1ZOk2WAF-VNAABfjim7IyU208.jpg","financeStage":"上市公司","industryField":"信息安全","jobNature":"全职","approve":1,"companySize":"2000人以上","district":"海淀区","companyLabelList":["五险一金","弹性工作","交通补助","定期体检"],"adWord":0,"appShow":0,"deliver":0,"formatCreateTime":"2016-08-03","gradeDescription":null,"companyFullName":"北京天融信网络安全","businessZones":["西二旗","龙泽","回龙观"],"imState":"overSevenDays","lastLogin":1470622992000,"publisherId":1689963,"explain":null,"plus":null,"pcShow":0},{"companyId":133617,"companyShortName":"天工科仪","createTime":"2016-08-03 17:13:02","positionId":1940177,"positionAdvantage":"航天应用系统及专业分析软件的界面开发。","salary":"7k-10k","score":0,"workYear":"不限","education":"本科","city":"北京","positionName":"C#工程师","companyLogo":"i/image/M00/35/06/CgqKkVdXpVuATnAHAAAqGSMRNqY718.png","financeStage":"初创型(不需要融资)","industryField":"数据服务,文化娱乐","jobNature":"全职","approve":0,"companySize":"15-50人","district":"海淀区","companyLabelList":null,"adWord":0,"appShow":0,"deliver":0,"formatCreateTime":"2016-08-03","gradeDescription":null,"companyFullName":"北京天工科仪空间技术有限公司","businessZones":["马连洼","颐和园"],"imState":"disabled","lastLogin":1470372432000,"publisherId":5295974,"explain":null,"plus":null,"pcShow":0},{"companyId":141387,"companyShortName":"数设科技","createTime":"2016-08-03 16:03:49","positionId":2187755,"positionAdvantage":"技术氛围浓厚， 团队气氛好，能力优先","salary":"8k-12k","score":0,"workYear":"1-3年","education":"本科","city":"北京","positionName":"C#软件工程师","companyLogo":"i/image/M00/4C/27/Cgp3O1ehn36AMPqaAAAGMe5eVHs974.jpg","financeStage":"初创型(不需要融资)","industryField":"企业服务,数据服务","jobNature":"全职","approve":1,"companySize":"15-50人","district":"海淀区","companyLabelList":["年底双薪","股票期权","专项奖金","带薪年假"],"adWord":0,"appShow":0,"deliver":0,"formatCreateTime":"2016-08-03","gradeDescription":null,"companyFullName":"北京数设科技有限公司","businessZones":["上地","西二旗","马连洼"],"imState":"sevenDays","lastLogin":1472217021000,"publisherId":5145899,"explain":null,"plus":null,"pcShow":0},{"companyId":10519,"companyShortName":"中国民航信息网络股份有限公司","createTime":"2016-08-03 15:43:19","positionId":1372563,"positionAdvantage":"央企，稳定，机遇","salary":"10k-20k","score":0,"workYear":"1-3年","education":"本科","city":"北京","positionName":"后端开发C/C++","companyLogo":"image1/M00/00/15/CgYXBlTUWEKAE1HeAACEAu2pVvk388.PNG","financeStage":"成熟型(不需要融资)","industryField":"移动互联网","jobNature":"全职","approve":1,"companySize":"2000人以上","district":"朝阳区","companyLabelList":["年底双薪","技能培训","待遇优厚","五险二金"],"adWord":0,"appShow":0,"deliver":0,"formatCreateTime":"2016-08-03","gradeDescription":null,"companyFullName":"中国民航信息网络股份有限公司","businessZones":["大屯","奥运村","亚运村"],"imState":"disabled","lastLogin":1470637805000,"publisherId":1686281,"explain":null,"plus":null,"pcShow":0},{"companyId":43451,"companyShortName":"kisslink","createTime":"2016-08-03 14:59:50","positionId":653773,"positionAdvantage":"免费的中午餐，国际化的团队成员","salary":"10k-20k","score":0,"workYear":"3-5年","education":"不限","city":"北京","positionName":"C","companyLogo":"image1/M00/00/6D/CgYXBlTUXYOAZfz2AAAouU1mwHw009.jpg","financeStage":"成长型(A轮)","industryField":"硬件","jobNature":"全职","approve":0,"companySize":"50-150人","district":"朝阳区","companyLabelList":["扁平管理","五险一金","弹性工作","午餐补助"],"adWord":0,"appShow":0,"deliver":0,"formatCreateTime":"2016-08-03","gradeDescription":null,"companyFullName":"北京囡宝科技有限公司","businessZones":["建外大街","国贸","CBD"],"imState":"disabled","lastLogin":1472198669000,"publisherId":1320496,"explain":null,"plus":null,"pcShow":0},{"companyId":3328,"companyShortName":"好未来","createTime":"2016-08-03 13:58:33","positionId":1417095,"positionAdvantage":"知名教育集团拓展在线业务","salary":"25k-40k","score":0,"workYear":"5-10年","education":"本科","city":"北京","positionName":"流媒体服务端高级开发（C++、Linux）","companyLogo":"image1/M00/00/09/Cgo8PFTUWBGALraJAAAeTBKK4IU791.png","financeStage":"上市公司","industryField":"移动互联网,教育","jobNature":"全职","approve":1,"companySize":"2000人以上","district":"海淀区","companyLabelList":["上市公司","领军企业","五险一金","住福计划"],"adWord":0,"appShow":0,"deliver":0,"formatCreateTime":"2016-08-03","gradeDescription":null,"companyFullName":"北京世纪好未来教育科技有限公司","businessZones":["中关村","北京大学","苏州街"],"imState":"disabled","lastLogin":1472551475000,"publisherId":3685986,"explain":null,"plus":null,"pcShow":0},{"companyId":60226,"companyShortName":"赞同科技","createTime":"2016-08-03 13:24:33","positionId":2186017,"positionAdvantage":"C# WPF软件开发","salary":"4k-8k","score":0,"workYear":"1-3年","education":"本科","city":"北京","positionName":"C#","companyLogo":"image1/M00/18/D2/Cgo8PFUWWb6ATadeAABAV1U4Dt4284.png","financeStage":"成熟型(不需要融资)","industryField":"金融","jobNature":"全职","approve":1,"companySize":"500-2000人","district":"朝阳区","companyLabelList":["年底双薪","节日礼物","技能培训","绩效奖金"],"adWord":0,"appShow":0,"deliver":0,"formatCreateTime":"2016-08-03","gradeDescription":null,"companyFullName":"北京赞同科技发展有限公司","businessZones":["望京","花家地","来广营"],"imState":"disabled","lastLogin":1471165754000,"publisherId":5818455,"explain":null,"plus":null,"pcShow":0},{"companyId":91626,"companyShortName":"互融时代","createTime":"2016-08-03 11:51:24","positionId":2185628,"positionAdvantage":"周末双休 年底双薪 节假日礼品","salary":"8k-12k","score":0,"workYear":"1-3年","education":"大专","city":"北京","positionName":"C","companyLogo":"image1/M00/45/34/Cgo8PFXajp-AExRGAAAKhsCZJrQ783.jpg?cc=0.2842966604512185","financeStage":"成长型(A轮)","industryField":"移动互联网,企业服务","jobNature":"全职","approve":0,"companySize":"50-150人","district":"朝阳区","companyLabelList":["年底双薪","专项奖金","带薪年假","绩效奖金"],"adWord":0,"appShow":0,"deliver":0,"formatCreateTime":"2016-08-03","gradeDescription":null,"companyFullName":"北京互融时代软件有限公司","businessZones":["北苑","来广营"],"imState":"disabled","lastLogin":1472035996000,"publisherId":2369587,"explain":null,"plus":null,"pcShow":0},{"companyId":142086,"companyShortName":"北京燕麦互娱科技有限公司","createTime":"2016-08-03 11:29:42","positionId":2185377,"positionAdvantage":"发展潜力大","salary":"12k-15k","score":0,"workYear":"3-5年","education":"本科","city":"北京","positionName":"C++开发工程师","companyLogo":"i/image/M00/4C/03/CgqKkVehWkeAfjFRAAAitfbhgI0694.jpg","financeStage":"初创型(天使轮)","industryField":"移动互联网,游戏","jobNature":"全职","approve":0,"companySize":"15-50人","district":"通州区","companyLabelList":null,"adWord":0,"appShow":0,"deliver":0,"formatCreateTime":"2016-08-03","gradeDescription":null,"companyFullName":"北京燕麦互娱科技有限公司","businessZones":null,"imState":"disabled","lastLogin":1471587779000,"publisherId":5618021,"explain":null,"plus":null,"pcShow":0},{"companyId":103480,"companyShortName":"易桥","createTime":"2016-08-03 11:26:06","positionId":2048171,"positionAdvantage":"五险一金、年终奖、带薪休假","salary":"15k-30k","score":0,"workYear":"不限","education":"本科","city":"北京","positionName":"C++开发高级工程师","companyLogo":"image2/M00/11/37/CgpzWlYxfN6AfNefAABL83rADh0084.jpg?cc=0.9097318341955543","financeStage":"初创型(未融资)","industryField":"移动互联网,其他","jobNature":"全职","approve":0,"companySize":"15-50人","district":"丰台区","companyLabelList":["技能培训","年底双薪","专项奖金","带薪年假"],"adWord":0,"appShow":0,"deliver":0,"formatCreateTime":"2016-08-03","gradeDescription":null,"companyFullName":"北京易桥凯丰模拟科技有限公司","businessZones":["科技园区","看丹桥","北大地"],"imState":"disabled","lastLogin":1470193713000,"publisherId":3011456,"explain":null,"plus":null,"pcShow":0},{"companyId":1842,"companyShortName":"龙图游戏","createTime":"2016-08-03 10:52:41","positionId":2184889,"positionAdvantage":"资深团队背景和优势薪资福利","salary":"20k-30k","score":0,"workYear":"3-5年","education":"大专","city":"北京","positionName":"C++高级服务器开发工程师（游戏九组）-北京-02647","companyLogo":"image1/M00/00/06/Cgo8PFTUWAeAfDqhAABtN2fqNJY286.jpg","financeStage":"成熟型(不需要融资)","industryField":"游戏","jobNature":"全职","approve":1,"companySize":"500-2000人","district":"朝阳区","companyLabelList":["节日礼物","技能培训","美女如云","岗位晋升"],"adWord":0,"appShow":0,"deliver":0,"formatCreateTime":"2016-08-03","gradeDescription":null,"companyFullName":"北京中清龙图网络技术有限公司","businessZones":["立水桥","北苑"],"imState":"disabled","lastLogin":1471313773000,"publisherId":5829220,"explain":null,"plus":null,"pcShow":0},{"companyId":93988,"companyShortName":"瑞亚达","createTime":"2016-08-03 10:45:18","positionId":1061360,"positionAdvantage":"周末双休 奖金丰厚 节日福利 年度旅游","salary":"7k-12k","score":0,"workYear":"不限","education":"本科","city":"北京","positionName":"C++、QT开发工程师","companyLogo":"image2/M00/02/A1/CgpzWlXrz6yAdg0dAACHil2Da-0426.png?cc=0.12381650297902524","financeStage":"初创型(不需要融资)","industryField":"企业服务,其他","jobNature":"全职","approve":0,"companySize":"15-50人","district":"朝阳区","companyLabelList":["节日礼物","带薪年假","绩效奖金","年度旅游"],"adWord":0,"appShow":0,"deliver":0,"formatCreateTime":"2016-08-03","gradeDescription":null,"companyFullName":"北京瑞亚达科技有限公司","businessZones":["小关","安慧桥","对外经贸"],"imState":"disabled","lastLogin":1470275147000,"publisherId":2403620,"explain":null,"plus":null,"pcShow":0},{"companyId":48411,"companyShortName":"网信","createTime":"2016-08-03 10:38:12","positionId":2184675,"positionAdvantage":"薪酬福利好","salary":"10k-20k","score":0,"workYear":"3-5年","education":"大专","city":"北京","positionName":"C++开发工程师","companyLogo":"image1/M00/0D/84/Cgo8PFT39p2AbG0dAABq59EYves153.jpg","financeStage":"成长型(B轮)","industryField":"企业服务,数据服务","jobNature":"全职","approve":0,"companySize":"150-500人","district":"海淀区","companyLabelList":["节日礼物","带薪年假","绩效奖金","年度旅游"],"adWord":0,"appShow":0,"deliver":0,"formatCreateTime":"2016-08-03","gradeDescription":null,"companyFullName":"北京东方网信科技股份有限公司","businessZones":["五道口","清华大学","中关村"],"imState":"threeDays","lastLogin":1472458502000,"publisherId":5772332,"explain":null,"plus":null,"pcShow":0}]}},"code":0}