{"resubmitToken":null,"success":true,"requestId":null,"msg":null,"content":{"pageNo":73,"pageSize":15,"positionResult":{"totalCount":1236,"resultSize":15,"locationInfo":{"city":"北京","district":null,"businessZone":null,"queryByGisCode":false,"locationCode":null},"queryAnalysisInfo":{"positionName":"c","companyName":null,"industryName":null,"usefulCompany":false},"strategyProperty":{"name":"dm-csearch-newSimScorer","id":1},"result":[{"companyId":91,"positionName":"C++","workYear":"5-10年","education":"本科","jobNature":"全职","createTime":"2016-07-27 15:42:21","companyShortName":"阿里巴巴移动事业群-高德","positionId":2156486,"salary":"25k-35k","approve":1,"city":"北京","positionAdvantage":"阿里福利全都有","companyLogo":"i/image/M00/01/92/CgqKkVZv9oyAebyDAACpLbec-1E022.jpg","industryField":"移动互联网","companyLabelList":["弹性工作","帅哥多","美女多","五险一金"],"financeStage":"上市公司","district":"朝阳区","score":0,"companySize":"2000人以上","companyFullName":"高德软件有限公司","adWord":0,"formatCreateTime":"2016-07-27","imState":"today","lastLogin":1472536371000,"publisherId":686535,"explain":null,"plus":null,"pcShow":0,"appShow":0,"deliver":0,"gradeDescription":null,"businessZones":["望京","花家地","大山子"]},{"companyId":123864,"positionName":"C++云存储后端开发工程师","workYear":"5-10年","education":"硕士","jobNature":"全职","createTime":"2016-07-27 14:12:03","companyShortName":"曼美","positionId":2155417,"salary":"20k-30k","approve":0,"city":"北京","positionAdvantage":"外企氛围,现磨咖啡,不限量小吃,带薪年假","companyLogo":"i/image/M00/49/CC/CgqKkVeYXPuAf3uJAAAbl5wMT2A083.jpg","industryField":"社交网络,企业服务","companyLabelList":null,"financeStage":"初创型(天使轮)","district":"朝阳区","score":0,"companySize":"15-50人","companyFullName":"北京曼美传媒科技有限公司","adWord":0,"formatCreateTime":"2016-07-27","imState":"today","lastLogin":1472568036000,"publisherId":4760622,"explain":null,"plus":null,"pcShow":0,"appShow":0,"deliver":0,"gradeDescription":null,"businessZones":null},{"companyId":105391,"positionName":"C语言软件工程师","workYear":"3-5年","education":"本科","jobNature":"全职","createTime":"2016-07-27 11:58:15","companyShortName":"北京新桥信通","positionId":2154631,"salary":"15k-25k","approve":0,"city":"北京","positionAdvantage":"五险一金，待遇优厚，有股票期权","companyLogo":"image2/M00/14/81/CgpzWlZAMX-AOwAXAABkWHJMw1g103.png?cc=0.9932741657830775","industryField":"企业服务,数据服务","companyLabelList":["带薪年假","通讯津贴","五险一金","交通补助"],"financeStage":"初创型(未融资)","district":null,"score":0,"companySize":"15-50人","companyFullName":"北京新桥信通科技有限公司","adWord":0,"formatCreateTime":"2016-07-27","imState":"disabled","lastLogin":1472440003000,"publisherId":3111268,"explain":null,"plus":null,"pcShow":0,"appShow":0,"deliver":0,"gradeDescription":null,"businessZones":null},{"companyId":110088,"positionName":"Linux C高级研发工程师","workYear":"5-10年","education":"不限","jobNature":"全职","createTime":"2016-07-26 10:14:37","companyShortName":"赛博兴安","positionId":1733928,"salary":"10k-16k","approve":0,"city":"北京","positionAdvantage":"奖金丰厚、福利多多、平台宽广","companyLogo":"i/image/M00/01/84/Cgp3O1Zue_6AYUUxAAAWOh3gbsU571.JPG","industryField":"信息安全,移动互联网","companyLabelList":["餐交话补","丰厚奖金","五险一金","节日礼品"],"financeStage":"成长型(A轮)","district":"昌平区","score":0,"companySize":"150-500人","companyFullName":"北京赛博兴安科技有限公司","adWord":0,"formatCreateTime":"2016-07-26","imState":"today","lastLogin":1472537038000,"publisherId":3545060,"explain":null,"plus":null,"pcShow":0,"appShow":0,"deliver":0,"gradeDescription":null,"businessZones":["龙泽","回龙观","西二旗"]},{"companyId":111686,"positionName":"C++","workYear":"1-3年","education":"本科","jobNature":"全职","createTime":"2016-07-25 16:17:58","companyShortName":"北清视通","positionId":2064161,"salary":"8k-15k","approve":0,"city":"北京","positionAdvantage":"车饭补五险一金，节日礼生日趴，部门聚团建","companyLogo":"i/image/M00/02/3D/Cgp3O1aJweSAEOWCAAARsflhMBg624.png","industryField":"信息安全,硬件","companyLabelList":null,"financeStage":"初创型(未融资)","district":"海淀区","score":0,"companySize":"50-150人","companyFullName":"北京北清视通信息技术有限公司","adWord":0,"formatCreateTime":"2016-07-25","imState":"disabled","lastLogin":1472524994000,"publisherId":3663858,"explain":null,"plus":null,"pcShow":0,"appShow":0,"deliver":0,"gradeDescription":null,"businessZones":["上地","马连洼","西二旗"]},{"companyId":52410,"positionName":"C/C++开发工程师（PHP探针方向）","workYear":"1-3年","education":"本科","jobNature":"全职","createTime":"2016-07-25 13:41:11","companyShortName":"OneAPM 蓝海讯通","positionId":1889320,"salary":"13k-26k","approve":1,"city":"北京","positionAdvantage":"六险一金 每月一天带薪病假","companyLogo":"image1/M00/09/36/Cgo8PFTbDlaAfXikAACDQCtRzwU003.png","industryField":"企业服务,数据服务","companyLabelList":["技能培训","绩效奖金","岗位晋升","帅哥多"],"financeStage":"成熟型(D轮及以上)","district":"海淀区","score":0,"companySize":"150-500人","companyFullName":"北京蓝海讯通科技有限公司","adWord":0,"formatCreateTime":"2016-07-25","imState":"today","lastLogin":1472559028000,"publisherId":75056,"explain":null,"plus":null,"pcShow":0,"appShow":0,"deliver":0,"gradeDescription":null,"businessZones":["西三旗","清河","小营"]},{"companyId":136540,"positionName":"C++","workYear":"3-5年","education":"本科","jobNature":"全职","createTime":"2016-07-25 10:55:23","companyShortName":"井创","positionId":2140847,"salary":"15k-25k","approve":0,"city":"北京","positionAdvantage":"空间大","companyLogo":"i/image/M00/3E/0C/CgqKkVdzgb-AClblAAAyoskhRho169.png","industryField":"移动互联网","companyLabelList":null,"financeStage":"初创型(未融资)","district":"朝阳区","score":0,"companySize":"15-50人","companyFullName":"井创（北京）科技有限公司","adWord":0,"formatCreateTime":"2016-07-25","imState":"disabled","lastLogin":1470039153000,"publisherId":5498466,"explain":null,"plus":null,"pcShow":0,"appShow":0,"deliver":0,"gradeDescription":null,"businessZones":["大屯","奥运村","亚运村"]},{"companyId":113188,"positionName":"高级c++工程师","workYear":"5-10年","education":"大专","jobNature":"全职","createTime":"2016-07-22 16:32:19","companyShortName":"爆娱娱乐","positionId":2136490,"salary":"25k-30k","approve":1,"city":"北京","positionAdvantage":"弹性工作制 午餐补助 期权激励","companyLogo":"i/image/M00/02/DF/Cgp3O1afPcuAWhBkAAF5e8l4hR0721.jpg","industryField":"文化娱乐,移动互联网","companyLabelList":["股票期权","绩效奖金","年终分红","午餐补助"],"financeStage":"初创型(天使轮)","district":"朝阳区","score":0,"companySize":"15-50人","companyFullName":"爆娱文化传媒（北京）有限公司","adWord":0,"formatCreateTime":"2016-07-22","imState":"disabled","lastLogin":1469432179000,"publisherId":3094303,"explain":null,"plus":null,"pcShow":0,"appShow":0,"deliver":0,"gradeDescription":null,"businessZones":["亮马桥","三元桥","燕莎"]},{"companyId":38464,"positionName":"C语言工程师","workYear":"3-5年","education":"本科","jobNature":"全职","createTime":"2016-07-22 15:34:40","companyShortName":"海泰方圆","positionId":2136007,"salary":"10k-15k","approve":0,"city":"北京","positionAdvantage":"学习机会多，晋升空间大","companyLogo":"images/logo_default.png","industryField":"信息安全","companyLabelList":["技能培训","节日礼物","年底双薪","带薪年假"],"financeStage":"初创型(未融资)","district":"海淀区","score":0,"companySize":"150-500人","companyFullName":"北京海泰方圆科技有限公司","adWord":0,"formatCreateTime":"2016-07-22","imState":"overSevenDays","lastLogin":1471827020000,"publisherId":5726993,"explain":null,"plus":null,"pcShow":0,"appShow":0,"deliver":0,"gradeDescription":null,"businessZones":["西二旗"]},{"companyId":140259,"positionName":"C#","workYear":"1-3年","education":"本科","jobNature":"全职","createTime":"2016-07-22 14:55:00","companyShortName":"锐珂医疗","positionId":2135663,"salary":"10k-13k","approve":1,"city":"北京","positionAdvantage":"发展空间,公司文化,技术培训,软技巧培训","companyLogo":"i/image/M00/47/FF/Cgp3O1eRf9SANBQkAABQ51J1CJg839.png","industryField":"医疗健康","companyLabelList":null,"financeStage":"成熟型(不需要融资)","district":"朝阳区","score":0,"companySize":"500-2000人","companyFullName":"锐珂亚太投资管理（上海）有限公司","adWord":0,"formatCreateTime":"2016-07-22","imState":"disabled","lastLogin":1470737167000,"publisherId":5707076,"explain":null,"plus":null,"pcShow":0,"appShow":0,"deliver":0,"gradeDescription":null,"businessZones":null},{"companyId":46345,"positionName":"C#","workYear":"3-5年","education":"本科","jobNature":"全职","createTime":"2016-07-22 10:30:31","companyShortName":"海兰信","positionId":2133533,"salary":"10k-20k","approve":0,"city":"北京","positionAdvantage":"五险一金 弹性工作 体检 旅游 项目奖 班车","companyLogo":"image1/M00/00/77/CgYXBlTUXauAFbxSAACvT1O2H28819.jpg","industryField":"硬件,数据服务","companyLabelList":["技能培训","年底双薪","节日礼物","绩效奖金"],"financeStage":"上市公司","district":"海淀区","score":0,"companySize":"150-500人","companyFullName":"北京海兰信数据科技股份有限公司","adWord":0,"formatCreateTime":"2016-07-22","imState":"disabled","lastLogin":1470708608000,"publisherId":1619154,"explain":null,"plus":null,"pcShow":0,"appShow":0,"deliver":0,"gradeDescription":null,"businessZones":null},{"companyId":21607,"positionName":"C++开发工程师","workYear":"1-3年","education":"本科","jobNature":"全职","createTime":"2016-07-21 16:34:53","companyShortName":"神软","positionId":2130854,"salary":"10k-20k","approve":0,"city":"北京","positionAdvantage":"弹性工作+六险一金+节日福利+加班少","companyLogo":"i/image/M00/29/02/Cgp3O1ctUbmABgDGAAbA5mQApHM639.JPG","industryField":"企业服务","companyLabelList":["绩效奖金","年终分红","五险一金","带薪年假"],"financeStage":"成熟型(不需要融资)","district":"海淀区","score":0,"companySize":"500-2000人","companyFullName":"北京神舟航天软件技术有限公司","adWord":0,"formatCreateTime":"2016-07-21","imState":"disabled","lastLogin":1472539319000,"publisherId":5162049,"explain":null,"plus":null,"pcShow":0,"appShow":0,"deliver":0,"gradeDescription":null,"businessZones":null},{"companyId":139619,"positionName":"C#","workYear":"3-5年","education":"大专","jobNature":"全职","createTime":"2016-07-21 15:43:50","companyShortName":"微爪书，智能出版，社交一键成书","positionId":2130268,"salary":"6k-12k","approve":0,"city":"北京","positionAdvantage":"微信书,有期权,自出版","companyLogo":"i/image/M00/46/DB/CgqKkVeNzFeAUspVAABU53wHQYY099.png","industryField":"移动互联网,文化娱乐","companyLabelList":null,"financeStage":"初创型(未融资)","district":"朝阳区","score":0,"companySize":"50-150人","companyFullName":"锦绣家城（北京）科技股份有限公司","adWord":0,"formatCreateTime":"2016-07-21","imState":"disabled","lastLogin":1470218226000,"publisherId":5109344,"explain":null,"plus":null,"pcShow":0,"appShow":0,"deliver":0,"gradeDescription":null,"businessZones":["管庄","定福庄","双桥"]},{"companyId":53142,"positionName":"C语言工程师","workYear":"3-5年","education":"不限","jobNature":"全职","createTime":"2016-07-21 15:31:48","companyShortName":"知道创宇","positionId":2130162,"salary":"10k-20k","approve":1,"city":"北京","positionAdvantage":"技术氛围好,福利待遇优","companyLogo":"image1/M00/0A/91/Cgo8PFTv0n2AXR0yAABljvMCQ9s765.png","industryField":"信息安全","companyLabelList":["节日礼物","岗位晋升","美女多","领导好"],"financeStage":"成熟型(C轮)","district":"朝阳区","score":0,"companySize":"150-500人","companyFullName":"成都知道创宇信息技术有限公司","adWord":0,"formatCreateTime":"2016-07-21","imState":"today","lastLogin":1472548078000,"publisherId":1330184,"explain":null,"plus":null,"pcShow":0,"appShow":0,"deliver":0,"gradeDescription":null,"businessZones":["望京","大山子","花家地"]},{"companyId":56494,"positionName":"C++开发工程师","workYear":"1-3年","education":"本科","jobNature":"全职","createTime":"2016-07-21 10:43:06","companyShortName":"巴别时代","positionId":2127612,"salary":"10k-15k","approve":1,"city":"北京","positionAdvantage":"项目奖金，年底双薪，弹性工作，发展前景好","companyLogo":"i/image/M00/14/61/CgqKkVbpKcyAQGoWAABMRNIDrdk893.jpg","industryField":"游戏","companyLabelList":["节日礼物","技能培训","年度旅游","岗位晋升"],"financeStage":"成熟型(不需要融资)","district":"海淀区","score":0,"companySize":"500-2000人","companyFullName":"北京巴别时代科技有公司限","adWord":0,"formatCreateTime":"2016-07-21","imState":"disabled","lastLogin":1472543420000,"publisherId":2175030,"explain":null,"plus":null,"pcShow":0,"appShow":0,"deliver":0,"gradeDescription":null,"businessZones":["学院路","北航","知春路"]}]}},"code":0}