{"success":true,"requestId":null,"msg":null,"resubmitToken":null,"content":{"pageNo":9,"pageSize":15,"positionResult":{"totalCount":1236,"resultSize":15,"locationInfo":{"queryByGisCode":false,"businessZone":null,"locationCode":null,"city":"北京","district":null},"queryAnalysisInfo":{"industryName":null,"usefulCompany":false,"positionName":"c","companyName":null},"strategyProperty":{"name":"dm-csearch-newSimScorer","id":1},"result":[{"companyId":90948,"positionName":"C++舆情分析工程师","workYear":"3-5年","education":"本科","jobNature":"全职","financeStage":"成熟型(不需要融资)","companyLogo":"i/image/M00/3A/C0/CgqKkVdqKraAMLP-AAAS3BFTUAA734.png","industryField":"移动互联网","companyShortName":"阿里巴巴－神马搜索","city":"北京","salary":"20k-30k","positionId":2239624,"positionAdvantage":"年终奖,绩效奖,带薪假期,六险一金","district":"海淀区","createTime":"2016-08-30 10:08:14","companyLabelList":["年底双薪","股票期权","专项奖金","带薪年假"],"approve":1,"companySize":"500-2000人","score":0,"companyFullName":"广州神马移动信息科技有限公司","adWord":0,"formatCreateTime":"10:08发布","publisherId":4869542,"explain":null,"plus":null,"pcShow":0,"appShow":0,"deliver":0,"gradeDescription":null,"businessZones":["五道口","学院路","北航"],"imState":"disabled","lastLogin":1472551059000},{"companyId":356,"positionName":"C++开发工程师（SDK）","workYear":"3-5年","education":"本科","jobNature":"全职","financeStage":"成长型(不需要融资)","companyLogo":"image1/M00/15/99/CgYXBlUKqGWAEiHsAABgvyF4n6Y615.jpg","industryField":"移动互联网,数据服务","companyShortName":"捷通华声","city":"北京","salary":"12k-22k","positionId":2101997,"positionAdvantage":"项目奖金、绩效奖金、半年调薪","district":"海淀区","createTime":"2016-08-30 09:58:57","companyLabelList":["股票期权","半年调薪","绩效奖金多","晋升空间大"],"approve":1,"companySize":"150-500人","score":0,"companyFullName":"北京捷通华声科技股份有限公司","adWord":0,"formatCreateTime":"09:58发布","publisherId":619924,"explain":null,"plus":null,"pcShow":0,"appShow":0,"deliver":0,"gradeDescription":null,"businessZones":["西二旗","龙泽","回龙观"],"imState":"today","lastLogin":1472552637000},{"companyId":4802,"positionName":"C++","workYear":"3-5年","education":"本科","jobNature":"全职","financeStage":"上市公司","companyLogo":"image1/M00/10/C0/CgYXBlT_qTqAcEQ0AABKeP9o52k964.jpg","industryField":"数据服务","companyShortName":"广联达","city":"北京","salary":"15k-28k","positionId":1536020,"positionAdvantage":"发展空间大","district":"海淀区","createTime":"2016-08-30 09:55:28","companyLabelList":["年终分红","绩效奖金","五险一金","午餐补助"],"approve":0,"companySize":"2000人以上","score":0,"companyFullName":"广联达软件股份有限公司","adWord":0,"formatCreateTime":"09:55发布","publisherId":249308,"explain":null,"plus":null,"pcShow":0,"appShow":0,"deliver":0,"gradeDescription":null,"businessZones":["上地","西二旗","马连洼"],"imState":"today","lastLogin":1472541091000},{"companyId":701,"positionName":"高级C++开发工程师","workYear":"不限","education":"本科","jobNature":"全职","financeStage":"上市公司","companyLogo":"image1/M00/00/04/Cgo8PFTUV_2APkHsAAATfxnET1o764.gif","industryField":"移动互联网,电子商务","companyShortName":"亿玛在线-互联网营销领航者","city":"北京","salary":"20k-30k","positionId":2109185,"positionAdvantage":"补充医疗，弹性工作，班车接送，带薪年假","district":"朝阳区","createTime":"2016-08-30 09:50:31","companyLabelList":["技能培训","绩效奖金","年度旅游","岗位晋升"],"approve":1,"companySize":"500-2000人","score":0,"companyFullName":"北京亿玛在线科技有限公司","adWord":0,"formatCreateTime":"09:50发布","publisherId":2296090,"explain":null,"plus":null,"pcShow":0,"appShow":0,"deliver":0,"gradeDescription":null,"businessZones":["双桥","管庄","定福庄"],"imState":"disabled","lastLogin":1472544536000},{"companyId":75066,"positionName":"C++/QT/机器视觉开发工程师","workYear":"3-5年","education":"本科","jobNature":"全职","financeStage":"上市公司","companyLogo":"image1/M00/2C/63/Cgo8PFV1Lq-AcLE7AADH2HyZI44215.jpg?cc=0.42167636449448764","industryField":"数据服务,硬件","companyShortName":"方正IT","city":"北京","salary":"25k-30k","positionId":2064808,"positionAdvantage":"帅哥美女多，资深高管，年轻创新的团队","district":"海淀区","createTime":"2016-08-30 09:32:07","companyLabelList":["节日礼物","股票期权","专项奖金","带薪年假"],"approve":1,"companySize":"2000人以上","score":0,"companyFullName":"北大方正信息产业集团有限公司","adWord":0,"formatCreateTime":"09:32发布","publisherId":1852130,"explain":null,"plus":null,"pcShow":0,"appShow":0,"deliver":0,"gradeDescription":null,"businessZones":["牡丹园","北太平庄","学院路"],"imState":"disabled","lastLogin":1472544747000},{"companyId":6006,"positionName":"C#/.NET开发工程师","workYear":"1-3年","education":"本科","jobNature":"全职","financeStage":"上市公司","companyLogo":"image1/M00/00/0D/CgYXBlTUWCGAPyYuAABEkT-NOHI938.jpg","industryField":"移动互联网,数据服务","companyShortName":"CAXA","city":"北京","salary":"7k-14k","positionId":493674,"positionAdvantage":"高新技术 学习成长 弹性工作 五险一金","district":"海淀区","createTime":"2016-08-30 09:28:43","companyLabelList":["绩效奖金","带薪年假","交通补助","弹性工作"],"approve":1,"companySize":"500-2000人","score":0,"companyFullName":"北京数码大方科技股份有限公司","adWord":0,"formatCreateTime":"09:28发布","publisherId":61224,"explain":null,"plus":null,"pcShow":0,"appShow":0,"deliver":0,"gradeDescription":null,"businessZones":null,"imState":"today","lastLogin":1472548208000},{"companyId":117170,"positionName":"C++","workYear":"1-3年","education":"大专","jobNature":"全职","financeStage":"初创型(未融资)","companyLogo":"i/image/M00/1F/5A/CgqKkVcLV8KAKOnHAAAZ92G-0V8365.gif","industryField":"教育","companyShortName":"罗兰数字音乐","city":"北京","salary":"15k-20k","positionId":2302770,"positionAdvantage":"五险一金,周末双休,弹性工作","district":"朝阳区","createTime":"2016-08-30 09:28:03","companyLabelList":["年底双薪","绩效奖金","带薪年假","五险一金"],"approve":0,"companySize":"50-150人","score":0,"companyFullName":"北京罗兰盛世音乐教育科技有限公司","adWord":0,"formatCreateTime":"09:28发布","publisherId":4277235,"explain":null,"plus":null,"pcShow":0,"appShow":0,"deliver":0,"gradeDescription":null,"businessZones":["南磨房","双井","劲松"],"imState":"disabled","lastLogin":1472520270000},{"companyId":71494,"positionName":"C#（一体化）","workYear":"3-5年","education":"本科","jobNature":"全职","financeStage":"成熟型(不需要融资)","companyLogo":"i/image/M00/00/38/CgqKkVY2wMeAIWU2AAEKiMm66rI767.png","industryField":"医疗健康","companyShortName":"北大医信","city":"北京","salary":"10k-18k","positionId":893982,"positionAdvantage":"五险一金、补充医疗，餐补、话补，项目奖。","district":"海淀区","createTime":"2016-08-30 09:22:54","companyLabelList":["技能培训","节日礼物","带薪年假","绩效奖金"],"approve":1,"companySize":"500-2000人","score":0,"companyFullName":"北大医疗信息技术有限公司","adWord":0,"formatCreateTime":"09:22发布","publisherId":1721070,"explain":null,"plus":null,"pcShow":0,"appShow":0,"deliver":0,"gradeDescription":null,"businessZones":["北京大学","中关村","苏州街"],"imState":"today","lastLogin":1472552555000},{"companyId":82361,"positionName":"C++软件开发工程师","workYear":"1-3年","education":"本科","jobNature":"全职","financeStage":"初创型(未融资)","companyLogo":"image1/M00/37/70/CgYXBlWjJEqAZOvCAAAbDPkn_uw096.jpg?cc=0.6997840246099651","industryField":"信息安全,硬件","companyShortName":"博雅五洲","city":"北京","salary":"10k-15k","positionId":2302703,"positionAdvantage":"发展空间大，福利待遇好","district":"朝阳区","createTime":"2016-08-30 09:22:36","companyLabelList":["节日礼物","年底双薪","带薪年假","年度旅游"],"approve":0,"companySize":"50-150人","score":0,"companyFullName":"北京博雅五洲科技有限公司","adWord":0,"formatCreateTime":"09:22发布","publisherId":2101865,"explain":null,"plus":null,"pcShow":0,"appShow":0,"deliver":0,"gradeDescription":null,"businessZones":["姚家园"],"imState":"disabled","lastLogin":1472522206000},{"companyId":100328,"positionName":"winform C# C/S .NET高级研发工程师","workYear":"3-5年","education":"不限","jobNature":"全职","financeStage":"初创型(未融资)","companyLogo":"image2/M00/0C/A9/CgpzWlYcy8uAePVuAACBkI09-BY196.png?cc=0.7230654407758266","industryField":"数据服务,硬件","companyShortName":"津发科技股份有限公司","city":"北京","salary":"10k-18k","positionId":2065426,"positionAdvantage":"六险一金+项目奖金+12天年假+工作居住证","district":"海淀区","createTime":"2016-08-30 09:22:23","companyLabelList":["五险一金","定期体检","专项奖金","领导好"],"approve":1,"companySize":"50-150人","score":0,"companyFullName":"北京津发科技股份有限公司","adWord":0,"formatCreateTime":"09:22发布","publisherId":4132541,"explain":null,"plus":null,"pcShow":0,"appShow":0,"deliver":0,"gradeDescription":null,"businessZones":["清河","西三旗","小营"],"imState":"disabled","lastLogin":1472539889000},{"companyId":114110,"positionName":"Android C++ 资深/专家软件开发工程师","workYear":"3-5年","education":"本科","jobNature":"全职","financeStage":"上市公司","companyLogo":"i/image/M00/04/2B/Cgp3O1bGwzWAEAB4AAAbnMQCudk783.jpg","industryField":"移动互联网","companyShortName":"乐视","city":"北京","salary":"30k-35k","positionId":2302687,"positionAdvantage":"本部门专注于VR行业领先技术研发","district":"朝阳区","createTime":"2016-08-30 09:21:15","companyLabelList":["股票期权","交通补助","通讯津贴","带薪年假"],"approve":1,"companySize":"2000人以上","score":0,"companyFullName":"乐视网信息技术（北京）股份有限公司","adWord":0,"formatCreateTime":"09:21发布","publisherId":5287378,"explain":null,"plus":null,"pcShow":0,"appShow":0,"deliver":0,"gradeDescription":null,"businessZones":["朝阳公园","团结湖","甜水园"],"imState":"today","lastLogin":1472559351000},{"companyId":49865,"positionName":"C++","workYear":"不限","education":"本科","jobNature":"全职","financeStage":"成长型(B轮)","companyLogo":"image1/M00/3B/D3/Cgo8PFWx2NiACrwkAAB4_YLpE0k142.png","industryField":"医疗健康","companyShortName":"赛诺威盛","city":"北京","salary":"8k-15k","positionId":1833945,"positionAdvantage":"七险一金、带薪年假、周末双休、扁平化管理","district":"大兴区","createTime":"2016-08-30 09:21:12","companyLabelList":["带薪年假","通讯津贴","五险一金","定期体检"],"approve":1,"companySize":"50-150人","score":0,"companyFullName":"赛诺威盛科技（北京）有限公司","adWord":0,"formatCreateTime":"09:21发布","publisherId":974859,"explain":null,"plus":null,"pcShow":0,"appShow":0,"deliver":0,"gradeDescription":null,"businessZones":null,"imState":"today","lastLogin":1472519935000},{"companyId":136169,"positionName":"C++","workYear":"1-3年","education":"本科","jobNature":"全职","financeStage":"成长型(A轮)","companyLogo":"i/image/M00/44/F1/Cgp3O1eG_bKAOj6rAACwd7Ix5lw445.png","industryField":"其他","companyShortName":"泰科力合","city":"北京","salary":"8k-10k","positionId":2095201,"positionAdvantage":"定期体检，员工旅游，绩效奖金，节日福利","district":"海淀区","createTime":"2016-08-30 09:19:34","companyLabelList":null,"approve":0,"companySize":"50-150人","score":0,"companyFullName":"北京泰科力合科技有限公司","adWord":0,"formatCreateTime":"09:19发布","publisherId":5135481,"explain":null,"plus":null,"pcShow":0,"appShow":0,"deliver":0,"gradeDescription":null,"businessZones":["西三旗","清河","回龙观"],"imState":"today","lastLogin":1472535692000},{"companyId":91177,"positionName":"C端产品经理","workYear":"3-5年","education":"本科","jobNature":"全职","financeStage":"成长型(B轮)","companyLogo":"i/image/M00/4F/A1/CgqKkVexfniAfOUTAAAqlYq8ahs991.jpg","industryField":"移动互联网","companyShortName":"易鑫资本","city":"北京","salary":"15k-30k","positionId":2008323,"positionAdvantage":"A轮融资4亿美金，汽车互联网金融行业No.1","district":"海淀区","createTime":"2016-08-30 09:18:17","companyLabelList":["带薪年假","绩效奖金","定期体检","交通补助"],"approve":0,"companySize":"500-2000人","score":0,"companyFullName":"北京易鑫信息科技有限公司","adWord":0,"formatCreateTime":"09:18发布","publisherId":5449865,"explain":null,"plus":null,"pcShow":0,"appShow":0,"deliver":0,"gradeDescription":null,"businessZones":["白石桥","车公庄","甘家口"],"imState":"disabled","lastLogin":1472533328000},{"companyId":66942,"positionName":"C#、C++软件工程师","workYear":"3-5年","education":"本科","jobNature":"全职","financeStage":"初创型(天使轮)","companyLogo":"image1/M00/26/44/Cgo8PFVUaJCAKY5eAAB6u7XURhE524.jpg","industryField":"数据服务","companyShortName":"北京博顿云联技术有限公司","city":"北京","salary":"6k-12k","positionId":2302582,"positionAdvantage":"发展前景好、福利待遇优。","district":"大兴区","createTime":"2016-08-30 09:12:19","companyLabelList":["技能培训","股票期权","带薪年假","绩效奖金"],"approve":0,"companySize":"150-500人","score":0,"companyFullName":"北京博顿云联有限公司","adWord":0,"formatCreateTime":"09:12发布","publisherId":5416102,"explain":null,"plus":null,"pcShow":0,"appShow":0,"deliver":0,"gradeDescription":null,"businessZones":null,"imState":"disabled","lastLogin":1472518992000}]}},"code":0}