{"success":true,"requestId":null,"resubmitToken":null,"msg":null,"content":{"pageNo":41,"pageSize":15,"positionResult":{"resultSize":15,"totalCount":1236,"locationInfo":{"businessZone":null,"queryByGisCode":false,"locationCode":null,"city":"北京","district":null},"queryAnalysisInfo":{"industryName":null,"usefulCompany":false,"positionName":"c","companyName":null},"strategyProperty":{"name":"dm-csearch-newSimScorer","id":1},"result":[{"formatCreateTime":"2016-08-23","createTime":"2016-08-23 14:40:27","companyId":23727,"positionName":"C++","education":"本科","city":"北京","positionId":176232,"financeStage":"上市公司","companyShortName":"知网","companyLogo":"i/image/M00/00/6D/CgqKkVZJj_qAIz4tAAAZsDXnarY482.jpg","salary":"8k-15k","industryField":"移动互联网,电子商务","district":"海淀区","companyLabelList":["美女多多","带薪年假","绩效奖金","岗位晋升"],"positionAdvantage":"五险二金、年假、免费早午餐、住宿。","jobNature":"全职","workYear":"不限","approve":1,"score":0,"companySize":"2000人以上","businessZones":["西三旗","清河","小营"],"imState":"threeDays","lastLogin":1472452709000,"publisherId":385437,"explain":null,"plus":null,"pcShow":0,"appShow":0,"deliver":0,"gradeDescription":null,"companyFullName":"同方知网（北京）技术有限公司","adWord":0},{"formatCreateTime":"2016-08-23","createTime":"2016-08-23 11:39:32","companyId":40459,"positionName":"C++开发工程师（算法开发）","education":"本科","city":"北京","positionId":1682398,"financeStage":"成长型(A轮)","companyShortName":"SenseTime","companyLogo":"image1/M00/09/16/CgYXBlTZ3NWAf2r4AABF8mR1rac247.jpg","salary":"15k-30k","industryField":"移动互联网","district":"海淀区","companyLabelList":["五险一金","弹性工作","丰盛三餐","发展空间大"],"positionAdvantage":"发展空间 技术大牛 弹性工作 休闲餐点","jobNature":"全职","workYear":"3-5年","approve":1,"score":0,"companySize":"500-2000人","businessZones":["五道口","清华大学","中关村"],"imState":"today","lastLogin":1472551452000,"publisherId":742249,"explain":null,"plus":null,"pcShow":0,"appShow":0,"deliver":0,"gradeDescription":null,"companyFullName":"北京市商汤科技开发有限公司","adWord":0},{"formatCreateTime":"2016-08-23","createTime":"2016-08-23 11:38:12","companyId":111175,"positionName":"C++ 中级工程师","education":"不限","city":"北京","positionId":1407405,"financeStage":"初创型(天使轮)","companyShortName":"智线云科技","companyLogo":"i/image/M00/34/9D/CgqKkVdWPSeAK6YCAAIELNuwlYo561.png","salary":"13k-18k","industryField":"移动互联网,广告营销","district":"朝阳区","companyLabelList":["绩效奖金","股票期权","带薪年假","弹性工作"],"positionAdvantage":"带薪年假+福利多+办公环境好+氛围自由开放","jobNature":"全职","workYear":"1-3年","approve":0,"score":0,"companySize":"15-50人","businessZones":["甜水园","朝阳公园","水碓子"],"imState":"today","lastLogin":1472561210000,"publisherId":3626897,"explain":null,"plus":null,"pcShow":0,"appShow":0,"deliver":0,"gradeDescription":null,"companyFullName":"智线云科技（北京）有限公司","adWord":0},{"formatCreateTime":"2016-08-23","createTime":"2016-08-23 11:20:58","companyId":18863,"positionName":"C++（流媒体优先）","education":"本科","city":"北京","positionId":2239337,"financeStage":"成长型(不需要融资)","companyShortName":"思享时代（北京）科技有限公司","companyLogo":"i/image/M00/2D/90/CgqKkVc8NYaAOFecAAAnULz_NLA679.jpg","salary":"10k-15k","industryField":"移动互联网,社交网络","district":"朝阳区","companyLabelList":["岗位晋升","弹性工作","六险一金","8天带薪年假"],"positionAdvantage":"六险一金定期体检弹性考勤","jobNature":"全职","workYear":"1-3年","approve":0,"score":0,"companySize":"150-500人","businessZones":["安贞","安华","小关"],"imState":"today","lastLogin":1472560351000,"publisherId":3067587,"explain":null,"plus":null,"pcShow":0,"appShow":0,"deliver":0,"gradeDescription":null,"companyFullName":"思享时代（北京）科技有限公司","adWord":0},{"formatCreateTime":"2016-08-23","createTime":"2016-08-23 11:18:16","companyId":213,"positionName":"Linux C/C++开发工程师","education":"本科","city":"北京","positionId":605919,"financeStage":"成长型(A轮)","companyShortName":"闪联智通","companyLogo":"image1/M00/00/02/Cgo8PFTUV_aATDcmAACJE8maPVE719.png","salary":"8k-12k","industryField":"移动互联网","district":"海淀区","companyLabelList":["五险一金","带薪年假","弹性工作","定期体检"],"positionAdvantage":"和技术牛人创业共事。","jobNature":"全职","workYear":"1-3年","approve":1,"score":0,"companySize":"15-50人","businessZones":["西二旗","龙泽","回龙观"],"imState":"disabled","lastLogin":1472546304000,"publisherId":462,"explain":null,"plus":null,"pcShow":0,"appShow":0,"deliver":0,"gradeDescription":null,"companyFullName":"北京闪联智通科技有限公司","adWord":0},{"formatCreateTime":"2016-08-23","createTime":"2016-08-23 11:12:31","companyId":60191,"positionName":"Linux C/C++工程师/高级工程师","education":"本科","city":"北京","positionId":1961000,"financeStage":"上市公司","companyShortName":"世纪互联","companyLogo":"image1/M00/18/8F/Cgo8PFUU-KmABTg2AAByEBmWqEs371.png","salary":"8k-12k","industryField":"移动互联网,数据服务","district":"朝阳区","companyLabelList":["免费班车","股票期权","带薪年假","绩效奖金"],"positionAdvantage":"福利优厚","jobNature":"全职","workYear":"不限","approve":0,"score":0,"companySize":"2000人以上","businessZones":["酒仙桥","大山子","将台路"],"imState":"disabled","lastLogin":1472190757000,"publisherId":5251534,"explain":null,"plus":null,"pcShow":0,"appShow":0,"deliver":0,"gradeDescription":null,"companyFullName":"北京世纪互联宽带数据中心有限公司","adWord":0},{"formatCreateTime":"2016-08-23","createTime":"2016-08-23 11:03:33","companyId":7788,"positionName":"C#","education":"本科","city":"北京","positionId":2227145,"financeStage":"成长型(A轮)","companyShortName":"麦豆米","companyLogo":"image1/M00/00/10/Cgo8PFTUWC6AXdlVAADS0Irs6c0371.png","salary":"10k-20k","industryField":"移动互联网,O2O","district":"朝阳区","companyLabelList":["股票期权","专项奖金","交通补助","节日礼物"],"positionAdvantage":"地铁周边 领导nice 弹性时间 各种福利","jobNature":"全职","workYear":"3-5年","approve":1,"score":0,"companySize":"15-50人","businessZones":["北苑","立水桥"],"imState":"today","lastLogin":1472524496000,"publisherId":91558,"explain":null,"plus":null,"pcShow":0,"appShow":0,"deliver":0,"gradeDescription":null,"companyFullName":"北京麦豆米科技有限公司","adWord":0},{"formatCreateTime":"2016-08-23","createTime":"2016-08-23 10:50:48","companyId":36513,"positionName":"C#/C++开发工程师","education":"本科","city":"北京","positionId":2137191,"financeStage":"成熟型(不需要融资)","companyShortName":"微创","companyLogo":"i/image/M00/01/B2/Cgp3O1Zzr9GAdpGkAAAWW2BuXJc040.png","salary":"5k-10k","industryField":"移动互联网,电子商务","district":"海淀区","companyLabelList":["年底双薪","节日礼物","技能培训","免费班车"],"positionAdvantage":"六险一金 年假 年终奖 弹性工作 微软办公","jobNature":"全职","workYear":"不限","approve":0,"score":0,"companySize":"2000人以上","businessZones":["中关村","苏州街","苏州桥"],"imState":"disabled","lastLogin":1472552599000,"publisherId":5726621,"explain":null,"plus":null,"pcShow":0,"appShow":0,"deliver":0,"gradeDescription":null,"companyFullName":"上海微创软件股份有限公司北京分公司","adWord":0},{"formatCreateTime":"2016-08-23","createTime":"2016-08-23 10:25:52","companyId":135740,"positionName":"C#","education":"大专","city":"北京","positionId":2274364,"financeStage":"成长型(不需要融资)","companyShortName":"燕文物流","companyLogo":"i/image/M00/52/62/Cgp3O1e7sBaAMso2AAAvx4kKsfc694.png","salary":"6k-10k","industryField":"电子商务","district":"朝阳区","companyLabelList":null,"positionAdvantage":"五险一金 加班补助 带薪年假 节日福利","jobNature":"全职","workYear":"3-5年","approve":0,"score":0,"companySize":"150-500人","businessZones":["酒仙桥","大山子","将台路"],"imState":"disabled","lastLogin":1472182981000,"publisherId":5435282,"explain":null,"plus":null,"pcShow":0,"appShow":0,"deliver":0,"gradeDescription":null,"companyFullName":"北京燕文物流有限公司","adWord":0},{"formatCreateTime":"2016-08-23","createTime":"2016-08-23 10:21:30","companyId":145080,"positionName":"C++高级工程师","education":"不限","city":"北京","positionId":2274312,"financeStage":"上市公司","companyShortName":"搜狐","companyLogo":"i/image/M00/52/60/Cgp3O1e7rYeADCQJAADrqpmBL9k017.png","salary":"25k-50k","industryField":"移动互联网,文化娱乐","district":"海淀区","companyLabelList":["节日礼物","技能培训","年度旅游","弹性工作"],"positionAdvantage":"福利待遇好 优秀团队","jobNature":"全职","workYear":"5-10年","approve":0,"score":0,"companySize":"2000人以上","businessZones":null,"imState":"disabled","lastLogin":1472518288000,"publisherId":5963478,"explain":null,"plus":null,"pcShow":0,"appShow":0,"deliver":0,"gradeDescription":null,"companyFullName":"安徽天康（集团）股份有限公司","adWord":0},{"formatCreateTime":"2016-08-23","createTime":"2016-08-23 10:19:35","companyId":79557,"positionName":"高级C++工程师","education":"本科","city":"北京","positionId":1929688,"financeStage":"初创型(不需要融资)","companyShortName":"华夏家润资产管理","companyLogo":"image1/M00/32/70/Cgo8PFWQojyAYA_4AAAR0dIxOdY435.jpg?cc=0.9100752926761266","salary":"8k-16k","industryField":"移动互联网,金融","district":"朝阳区","companyLabelList":["带薪年假","岗位晋升","管理规范","领导好"],"positionAdvantage":"五险一金,带薪年假,餐补通讯补,弹性工作","jobNature":"全职","workYear":"1-3年","approve":0,"score":0,"companySize":"15-50人","businessZones":["燕莎","三元桥","亮马桥"],"imState":"disabled","lastLogin":1472520675000,"publisherId":2018536,"explain":null,"plus":null,"pcShow":0,"appShow":0,"deliver":0,"gradeDescription":null,"companyFullName":"北京华夏麒麟资产管理有限公司","adWord":0},{"formatCreateTime":"2016-08-23","createTime":"2016-08-23 10:12:14","companyId":3706,"positionName":"C/C++应用研发工程师","education":"本科","city":"北京","positionId":2193373,"financeStage":"成长型(B轮)","companyShortName":"雷石集团","companyLogo":"image1/M00/00/09/Cgo8PFTUWBOAWjbEAABAlNu_6oo602.png","salary":"9k-18k","industryField":"移动互联网,企业服务","district":"朝阳区","companyLabelList":["节日礼物","专项奖金","带薪年假","绩效奖金"],"positionAdvantage":"互联网行业，业内最大供应商！","jobNature":"全职","workYear":"3-5年","approve":0,"score":0,"companySize":"150-500人","businessZones":["北苑","立水桥"],"imState":"today","lastLogin":1472544679000,"publisherId":4303661,"explain":null,"plus":null,"pcShow":0,"appShow":0,"deliver":0,"gradeDescription":null,"companyFullName":"北京雷石世纪科技有限公司","adWord":0},{"formatCreateTime":"2016-08-23","createTime":"2016-08-23 10:10:51","companyId":120140,"positionName":"C/C++开发 算法工程师","education":"本科","city":"北京","positionId":1731492,"financeStage":"成长型(A轮)","companyShortName":"雷动云合","companyLogo":"i/image/M00/46/57/CgqKkVeMf4uALjAoAABaCGTHuPM072.jpg","salary":"10k-20k","industryField":"移动互联网,其他","district":"海淀区","companyLabelList":["年底双薪","绩效奖金","带薪年假","午餐补助"],"positionAdvantage":"五险一金，补贴、年终奖，带薪年假，领导好","jobNature":"全职","workYear":"1-3年","approve":0,"score":0,"companySize":"50-150人","businessZones":["上地","西二旗","马连洼"],"imState":"threeDays","lastLogin":1472437257000,"publisherId":4562456,"explain":null,"plus":null,"pcShow":0,"appShow":0,"deliver":0,"gradeDescription":null,"companyFullName":"北京雷动云合智能技术有限公司","adWord":0},{"formatCreateTime":"2016-08-23","createTime":"2016-08-23 10:01:04","companyId":61585,"positionName":"C/C++高级开发工程师-- --[20年稳健发展、自研产品]","education":"本科","city":"北京","positionId":2274031,"financeStage":"成长型(不需要融资)","companyShortName":"海基科技","companyLogo":"image2/M00/06/35/CgpzWlX5MfaAbAmjAAAW-dqhFZw807.jpg?cc=0.9672677288763225","salary":"10k-20k","industryField":"企业服务,数据服务","district":null,"companyLabelList":["技能培训","带薪年假","扁平管理","领导好"],"positionAdvantage":"老牌企业、军工项目、五险一金、补充医疗","jobNature":"全职","workYear":"5-10年","approve":0,"score":0,"companySize":"150-500人","businessZones":null,"imState":"disabled","lastLogin":1472522281000,"publisherId":2599099,"explain":null,"plus":null,"pcShow":0,"appShow":0,"deliver":0,"gradeDescription":null,"companyFullName":"北京海基嘉盛科技有限公司","adWord":0},{"formatCreateTime":"2016-08-23","createTime":"2016-08-23 09:57:20","companyId":13599,"positionName":"C++高级工程师","education":"本科","city":"北京","positionId":1487527,"financeStage":"成长型(不需要融资)","companyShortName":"掌视亿通","companyLogo":"image1/M00/00/1A/CgYXBlTUWFeACydRAABOeu4nphE819.jpg","salary":"20k-30k","industryField":"移动互联网,文化娱乐","district":"朝阳区","companyLabelList":["节日礼物","绩效奖金","岗位晋升","管理规范"],"positionAdvantage":"七险一金、年度体检、餐补、生日会","jobNature":"全职","workYear":"3-5年","approve":1,"score":0,"companySize":"50-150人","businessZones":["朝阳门","朝外","工体"],"imState":"today","lastLogin":1472544311000,"publisherId":827561,"explain":null,"plus":null,"pcShow":0,"appShow":0,"deliver":0,"gradeDescription":null,"companyFullName":"天津掌视亿通信息技术有限公司北京分公司","adWord":0}]}},"code":0}