{"success":true,"requestId":null,"resubmitToken":null,"msg":null,"content":{"pageNo":51,"pageSize":15,"positionResult":{"resultSize":15,"totalCount":1236,"locationInfo":{"businessZone":null,"queryByGisCode":false,"locationCode":null,"city":"北京","district":null},"queryAnalysisInfo":{"industryName":null,"usefulCompany":false,"positionName":"c","companyName":null},"strategyProperty":{"name":"dm-csearch-newSimScorer","id":1},"result":[{"formatCreateTime":"2016-08-18","createTime":"2016-08-18 16:29:47","companyId":62748,"positionName":"中级C#开发工程师","education":"本科","city":"北京","positionId":879318,"financeStage":"上市公司","companyShortName":"北京搜房科技发展有限公司","companyLogo":"image1/M00/1C/DB/CgYXBlUnbxGAIhhoAABl3kJASrc463.jpg","salary":"9k-15k","industryField":"移动互联网,金融","district":"丰台区","companyLabelList":null,"positionAdvantage":"15薪，六险一金，餐补，双休","jobNature":"全职","workYear":"1-3年","approve":0,"score":0,"companySize":"500-2000人","businessZones":["科技园区","看丹桥","北大地"],"imState":"overSevenDays","lastLogin":1471853279000,"publisherId":572270,"explain":null,"plus":null,"pcShow":0,"appShow":0,"deliver":0,"gradeDescription":null,"companyFullName":"北京搜房网络技术有限公司","adWord":0},{"formatCreateTime":"2016-08-18","createTime":"2016-08-18 14:39:31","companyId":7000,"positionName":"C++","education":"本科","city":"北京","positionId":1769076,"financeStage":"上市公司","companyShortName":"FreeWheel","companyLogo":"image1/M00/00/0F/CgYXBlTUWCiAXEZdAABgpkbovcE412.png","salary":"28k-35k","industryField":"企业服务,数据服务","district":"朝阳区","companyLabelList":["技能培训","绩效奖金","岗位晋升","领导好"],"positionAdvantage":"美国轮岗，全员持股，15天年假","jobNature":"全职","workYear":"3-5年","approve":1,"score":0,"companySize":"150-500人","businessZones":["燕莎","三元桥","亮马桥","燕莎","三元桥","亮马桥"],"imState":"sevenDays","lastLogin":1472027011000,"publisherId":403929,"explain":null,"plus":null,"pcShow":0,"appShow":0,"deliver":0,"gradeDescription":null,"companyFullName":"飞维美地信息技术（北京）有限公司","adWord":0},{"formatCreateTime":"2016-08-18","createTime":"2016-08-18 10:55:58","companyId":42022,"positionName":"C++","education":"本科","city":"北京","positionId":2057808,"financeStage":"初创型(不需要融资)","companyShortName":"和管天下（北京）咨询有限公司","companyLogo":"image1/M00/2F/DD/CgYXBlWD04-AEm69AAC-8r9m-gY246.jpg","salary":"8k-15k","industryField":"企业服务","district":null,"companyLabelList":["领导好","股票期权","带薪年假","扁平管理"],"positionAdvantage":"晋升空间大，福利好，环境好，领导好","jobNature":"全职","workYear":"3-5年","approve":1,"score":0,"companySize":"15-50人","businessZones":null,"imState":"disabled","lastLogin":1471629853000,"publisherId":916305,"explain":null,"plus":null,"pcShow":0,"appShow":0,"deliver":0,"gradeDescription":null,"companyFullName":"和管天下（北京）咨询有限公司","adWord":0},{"formatCreateTime":"2016-08-18","createTime":"2016-08-18 10:49:16","companyId":2098,"positionName":"C#开发工程师","education":"本科","city":"北京","positionId":2255163,"financeStage":"成长型(A轮)","companyShortName":"掌阅iReader","companyLogo":"i/image/M00/32/8D/Cgp3O1dOn7WATofaAAA5t9ehG08587.jpg","salary":"15k-20k","industryField":"移动互联网","district":"朝阳区","companyLabelList":["专项奖金","带薪年假","年度旅游","扁平管理"],"positionAdvantage":"六险一金、餐饮补助、交通补助、年终奖等","jobNature":"全职","workYear":"1-3年","approve":1,"score":0,"companySize":"500-2000人","businessZones":["四惠","十里堡","甘露园"],"imState":"disabled","lastLogin":1472548828000,"publisherId":5935445,"explain":null,"plus":null,"pcShow":0,"appShow":0,"deliver":0,"gradeDescription":null,"companyFullName":"掌阅科技股份有限公司","adWord":0},{"formatCreateTime":"2016-08-18","createTime":"2016-08-18 10:21:51","companyId":69146,"positionName":"C++","education":"本科","city":"北京","positionId":1624830,"financeStage":"初创型(未融资)","companyShortName":"北京辰森世纪科技股份有限公司","companyLogo":"image1/M00/2B/0C/CgYXBlVucHyASMSoAABRW3duAgU033.png","salary":"15k-25k","industryField":"移动互联网","district":"朝阳区","companyLabelList":["岗位晋升","绩效奖金","技能培训","领导好"],"positionAdvantage":"福利待遇优","jobNature":"全职","workYear":"3-5年","approve":1,"score":0,"companySize":"150-500人","businessZones":["南磨房","百子湾","大望路"],"imState":"sevenDays","lastLogin":1472172152000,"publisherId":2169676,"explain":null,"plus":null,"pcShow":0,"appShow":0,"deliver":0,"gradeDescription":null,"companyFullName":"北京辰森世纪科技股份有限公司","adWord":0},{"formatCreateTime":"2016-08-18","createTime":"2016-08-18 10:12:55","companyId":21475,"positionName":"C#","education":"大专","city":"北京","positionId":506442,"financeStage":"成长型(A轮)","companyShortName":"江鸟网络技术有限公司","companyLogo":"image2/M00/00/34/CgpzWlXdXQCAKbliAAAMOE3RKak448.jpg","salary":"8k-10k","industryField":"企业服务","district":"石景山区","companyLabelList":["五险一金","带薪年假","节日礼物"],"positionAdvantage":"五险一金、周末双休","jobNature":"全职","workYear":"1-3年","approve":0,"score":0,"companySize":"15-50人","businessZones":["苹果园","杨庄","八角"],"imState":"today","lastLogin":1472520484000,"publisherId":246356,"explain":null,"plus":null,"pcShow":0,"appShow":0,"deliver":0,"gradeDescription":null,"companyFullName":"北京江鸟科技有限公司","adWord":0},{"formatCreateTime":"2016-08-18","createTime":"2016-08-18 10:05:35","companyId":83357,"positionName":"基础平台开发工程师C/Go/Python/Java","education":"本科","city":"北京","positionId":890533,"financeStage":"上市公司","companyShortName":"阿里云","companyLogo":"image1/M00/39/16/Cgo8PFWnnf6APngVAAAK6axx6kw399.JPG?cc=0.48741190787404776","salary":"20k-40k","industryField":"电子商务,企业服务","district":"朝阳区","companyLabelList":["年底双薪","带薪年假","帅哥多","定期体检"],"positionAdvantage":"阿里云，CDN，视频直播，SSL，HTTPS","jobNature":"全职","workYear":"不限","approve":0,"score":0,"companySize":"2000人以上","businessZones":["呼家楼","京广桥","朝外"],"imState":"disabled","lastLogin":1471485928000,"publisherId":2125814,"explain":null,"plus":null,"pcShow":0,"appShow":0,"deliver":0,"gradeDescription":null,"companyFullName":"阿里云计算有限公司","adWord":0},{"formatCreateTime":"2016-08-18","createTime":"2016-08-18 09:57:53","companyId":48536,"positionName":"C++","education":"本科","city":"北京","positionId":1494318,"financeStage":"初创型(未融资)","companyShortName":"赛芒（北京）","companyLogo":"images/logo_default.png","salary":"8k-15k","industryField":"移动互联网,电子商务","district":"海淀区","companyLabelList":["绩效奖金","扁平管理","五险一金","弹性工作"],"positionAdvantage":"五险一金，弹性工作，股权激励","jobNature":"全职","workYear":"1-3年","approve":0,"score":0,"companySize":"15-50人","businessZones":["清华大学","五道口","北京大学"],"imState":"disabled","lastLogin":1472195636000,"publisherId":946749,"explain":null,"plus":null,"pcShow":0,"appShow":0,"deliver":0,"gradeDescription":null,"companyFullName":"赛芒（北京）信息技术有限公司","adWord":0},{"formatCreateTime":"2016-08-18","createTime":"2016-08-18 09:53:28","companyId":31556,"positionName":"C++高级软件工程师","education":"本科","city":"北京","positionId":210501,"financeStage":"成长型(A轮)","companyShortName":"吉视汇通","companyLogo":"i/image/M00/00/8F/Cgp3O1ZNkXyAaINLAABdU7qbwsA912.png","salary":"12k-18k","industryField":"硬件","district":"丰台区","companyLabelList":["带薪年假","绩效奖金","岗位晋升","管理规范"],"positionAdvantage":"双休、五险一金、早九晚五点半、饭补。","jobNature":"全职","workYear":"3-5年","approve":1,"score":0,"companySize":"50-150人","businessZones":["科技园区","看丹桥","世界公园"],"imState":"today","lastLogin":1472536672000,"publisherId":467074,"explain":null,"plus":null,"pcShow":0,"appShow":0,"deliver":0,"gradeDescription":null,"companyFullName":"北京吉视汇通科技有限责任公司","adWord":0},{"formatCreateTime":"2016-08-18","createTime":"2016-08-18 09:46:24","companyId":42570,"positionName":"C/C++软件开发工程师","education":"本科","city":"北京","positionId":361405,"financeStage":"成长型(不需要融资)","companyShortName":"盛博","companyLogo":"images/logo_default.png","salary":"1k-2k","industryField":"硬件","district":"丰台区","companyLabelList":["技能培训","节日礼物","年底双薪","带薪年假"],"positionAdvantage":"工作氛围轻松，同事关系简单，福利待遇不错","jobNature":"全职","workYear":"不限","approve":0,"score":0,"companySize":"50-150人","businessZones":["看丹桥","科技园区","世界公园"],"imState":"disabled","lastLogin":1471484772000,"publisherId":799951,"explain":null,"plus":null,"pcShow":0,"appShow":0,"deliver":0,"gradeDescription":null,"companyFullName":"北京盛博协同科技有限责任公司","adWord":0},{"formatCreateTime":"2016-08-18","createTime":"2016-08-18 09:39:09","companyId":107160,"positionName":"C#","education":"大专","city":"北京","positionId":2254265,"financeStage":"成长型(A轮)","companyShortName":"天骄尚学","companyLogo":"i/image/M00/00/8D/CgqKkVZNf9qAU-sTAAAUVNWFH9o771.jpg","salary":"6k-8k","industryField":"教育","district":"西城区","companyLabelList":null,"positionAdvantage":"五险，餐补，旅游，节日福利等","jobNature":"全职","workYear":"1-3年","approve":0,"score":0,"companySize":"50-150人","businessZones":["北太平庄","新街口","德胜门"],"imState":"disabled","lastLogin":1472536116000,"publisherId":3206578,"explain":null,"plus":null,"pcShow":0,"appShow":0,"deliver":0,"gradeDescription":null,"companyFullName":"北京天骄尚学教育咨询有限公司","adWord":0},{"formatCreateTime":"2016-08-18","createTime":"2016-08-18 09:06:50","companyId":31467,"positionName":"C++","education":"本科","city":"北京","positionId":1070759,"financeStage":"初创型(未融资)","companyShortName":"北创软件","companyLogo":"image1/M00/00/48/CgYXBlTUXOWAb9gqAABfRQEdcWA688.jpg","salary":"8k-12k","industryField":"移动互联网","district":"海淀区","companyLabelList":["技能培训","节日礼物","专项奖金","带薪年假"],"positionAdvantage":"五险一金，带薪年假，绩效奖金，待遇丰厚。","jobNature":"全职","workYear":"1-3年","approve":1,"score":0,"companySize":"15-50人","businessZones":["北太平庄","小西天","北下关"],"imState":"disabled","lastLogin":1472027739000,"publisherId":568782,"explain":null,"plus":null,"pcShow":0,"appShow":0,"deliver":0,"gradeDescription":null,"companyFullName":"北京创讯未来软件技术有限公司","adWord":0},{"formatCreateTime":"2016-08-17","createTime":"2016-08-17 22:20:17","companyId":24507,"positionName":"C++程序员(无人机地面站)","education":"本科","city":"北京","positionId":2054858,"financeStage":"初创型(未融资)","companyShortName":"越千交通","companyLogo":"image1/M00/00/32/CgYXBlTUXImAFkvwAABs5Shvy0c939.JPG","salary":"8k-16k","industryField":"移动互联网,硬件","district":null,"companyLabelList":["年终分红","年底双薪","绩效奖金","五险一金"],"positionAdvantage":"别墅办公 管吃管住 教授指导","jobNature":"全职","workYear":"不限","approve":0,"score":0,"companySize":"15-50人","businessZones":null,"imState":"disabled","lastLogin":1472578424000,"publisherId":291791,"explain":null,"plus":null,"pcShow":0,"appShow":0,"deliver":0,"gradeDescription":null,"companyFullName":"北京越千交通技术有限公司","adWord":0},{"formatCreateTime":"2016-08-17","createTime":"2016-08-17 18:24:22","companyId":135608,"positionName":"C++","education":"本科","city":"北京","positionId":1997402,"financeStage":"初创型(未融资)","companyShortName":"索英电气","companyLogo":"i/image/M00/3A/C1/CgqKkVdqLF-AbvTdAAApoug83bA626.png","salary":"10k-20k","industryField":"移动互联网,硬件","district":"海淀区","companyLabelList":null,"positionAdvantage":"高收入+完善的福利+无天花板的成长空间","jobNature":"全职","workYear":"不限","approve":0,"score":0,"companySize":"150-500人","businessZones":null,"imState":"disabled","lastLogin":1471927929000,"publisherId":5426800,"explain":null,"plus":null,"pcShow":0,"appShow":0,"deliver":0,"gradeDescription":null,"companyFullName":"北京索英电气技术有限公司","adWord":0},{"formatCreateTime":"2016-08-17","createTime":"2016-08-17 18:02:06","companyId":124701,"positionName":"C++工程师","education":"本科","city":"北京","positionId":1915616,"financeStage":"初创型(天使轮)","companyShortName":"TravelX","companyLogo":"i/image/M00/31/C0/CgqKkVdMEMWAPnVJAAIqI7hPUa0051.jpg","salary":"16k-25k","industryField":"旅游,数据服务","district":null,"companyLabelList":["股票期权","午餐补助","通讯津贴","带薪年假"],"positionAdvantage":"零食饮料供应；新风远离雾霾；老板nice；","jobNature":"全职","workYear":"3-5年","approve":0,"score":0,"companySize":"15-50人","businessZones":null,"imState":"today","lastLogin":1472539312000,"publisherId":4813841,"explain":null,"plus":null,"pcShow":0,"appShow":0,"deliver":0,"gradeDescription":null,"companyFullName":"北京飞趣旅游科技有限公司","adWord":0}]}},"code":0}