{"success":true,"requestId":null,"msg":null,"resubmitToken":null,"content":{"pageNo":32,"pageSize":15,"positionResult":{"totalCount":1236,"resultSize":15,"locationInfo":{"queryByGisCode":false,"businessZone":null,"locationCode":null,"city":"北京","district":null},"queryAnalysisInfo":{"industryName":null,"usefulCompany":false,"positionName":"c","companyName":null},"strategyProperty":{"name":"dm-csearch-newSimScorer","id":1},"result":[{"companyId":92857,"positionName":"Java/C工程师","workYear":"不限","education":"本科","jobNature":"实习","financeStage":"成长型(不需要融资)","companyLogo":"i/image/M00/32/94/CgqKkVdOrSmAEqvHAAIfocyvaGU809.png","industryField":"移动互联网,企业服务","companyShortName":"江南天安","city":"北京","salary":"3k-6k","positionId":1949167,"positionAdvantage":"优秀团队,发展机会,六险一金,丰富活动","district":null,"createTime":"2016-08-25 09:51:15","companyLabelList":["带薪年假","扁平管理","定期体检","通讯津贴"],"approve":1,"companySize":"150-500人","score":0,"companyFullName":"北京江南天安科技有限公司","adWord":0,"formatCreateTime":"2016-08-25","publisherId":2402023,"explain":null,"plus":null,"pcShow":0,"appShow":0,"deliver":0,"gradeDescription":null,"businessZones":null,"imState":"today","lastLogin":1472568174000},{"companyId":82491,"positionName":"C++/python","workYear":"1-3年","education":"本科","jobNature":"全职","financeStage":"初创型(天使轮)","companyLogo":"image1/M00/37/A3/CgYXBlWjbXCAagdGAACpr793qfk040.png?cc=0.32484901580028236","industryField":"移动互联网,数据服务","companyShortName":"中创三优","city":"北京","salary":"20k-30k","positionId":1255048,"positionAdvantage":"成长空间大+发展前景好+薪酬福利优+期权","district":"海淀区","createTime":"2016-08-25 09:40:04","companyLabelList":["年底双薪","股票期权","专项奖金","绩效奖金"],"approve":1,"companySize":"50-150人","score":0,"companyFullName":"中创三优（北京）科技有限公司","adWord":0,"formatCreateTime":"2016-08-25","publisherId":3120387,"explain":null,"plus":null,"pcShow":0,"appShow":0,"deliver":0,"gradeDescription":null,"businessZones":["车公庄","甘家口","航天桥"],"imState":"today","lastLogin":1472545219000},{"companyId":347,"positionName":"C","workYear":"5-10年","education":"本科","jobNature":"全职","financeStage":"上市公司","companyLogo":"i/image/M00/54/5E/CgqKkVfDxgCAMb-GAAC2FtnWUVE377.jpg","industryField":"移动互联网","companyShortName":"阿里巴巴","city":"北京","salary":"25k-49k","positionId":2216791,"positionAdvantage":"【阿里云】-系统架构师 - 软硬一体化","district":"朝阳区","createTime":"2016-08-25 09:18:49","companyLabelList":["美女多","领导好","发展前景好","简单"],"approve":1,"companySize":"2000人以上","score":0,"companyFullName":"阿里巴巴（中国）网络技术有限公司","adWord":0,"formatCreateTime":"2016-08-25","publisherId":1593888,"explain":null,"plus":null,"pcShow":0,"appShow":0,"deliver":0,"gradeDescription":null,"businessZones":["望京","大山子","酒仙桥"],"imState":"disabled","lastLogin":1472559047000},{"companyId":138763,"positionName":"C#软件工程师","workYear":"1-3年","education":"本科","jobNature":"全职","financeStage":"初创型(不需要融资)","companyLogo":"i/image/M00/46/41/Cgp3O1eMXoKAPEuEAAATY5uiTKk108.jpg","industryField":"移动互联网,硬件","companyShortName":"天拓灵域","city":"北京","salary":"8k-12k","positionId":2244448,"positionAdvantage":"发展空间大","district":"海淀区","createTime":"2016-08-25 08:33:18","companyLabelList":null,"approve":0,"companySize":"15-50人","score":0,"companyFullName":"北京天拓灵域网络科技有限公司","adWord":0,"formatCreateTime":"2016-08-25","publisherId":5566190,"explain":null,"plus":null,"pcShow":0,"appShow":0,"deliver":0,"gradeDescription":null,"businessZones":["知春路","双榆树","大钟寺"],"imState":"threeDays","lastLogin":1472471410000},{"companyId":128811,"positionName":"C++ OpenGL 研发工程师","workYear":"不限","education":"不限","jobNature":"全职","financeStage":"初创型(未融资)","companyLogo":"i/image/M00/2A/C9/Cgp3O1czAZaAdbCGAAAziIL6v9I045.png","industryField":"移动互联网,数据服务","companyShortName":"致臻科技","city":"北京","salary":"8k-15k","positionId":2235163,"positionAdvantage":"期权、技术大牛、热门领域","district":"海淀区","createTime":"2016-08-24 21:24:53","companyLabelList":null,"approve":0,"companySize":"少于15人","score":0,"companyFullName":"北京致臻科技有限公司","adWord":0,"formatCreateTime":"2016-08-24","publisherId":5034406,"explain":null,"plus":null,"pcShow":0,"appShow":0,"deliver":0,"gradeDescription":null,"businessZones":["清河","上地","小营"],"imState":"today","lastLogin":1472535610000},{"companyId":49200,"positionName":"C++游戏研发工程师（手游）","workYear":"3-5年","education":"本科","jobNature":"全职","financeStage":"初创型(未融资)","companyLogo":"image1/M00/0A/39/CgYXBlTuktuAfsEnAABWdO74hwI017.png","industryField":"移动互联网,游戏","companyShortName":"掌上新城","city":"北京","salary":"15k-30k","positionId":2285032,"positionAdvantage":"五险一金、年终奖金、项目分红、定期旅游","district":"朝阳区","createTime":"2016-08-24 20:58:09","companyLabelList":["年底双薪","节日礼物","技能培训","绩效奖金"],"approve":1,"companySize":"50-150人","score":0,"companyFullName":"北京掌上新城信息技术有限公司","adWord":0,"formatCreateTime":"2016-08-24","publisherId":961776,"explain":null,"plus":null,"pcShow":0,"appShow":0,"deliver":0,"gradeDescription":null,"businessZones":["十里堡","八里庄","四惠"],"imState":"today","lastLogin":1472549759000},{"companyId":77880,"positionName":"c++ 服务器端开发工程师","workYear":"3-5年","education":"本科","jobNature":"全职","financeStage":"成长型(A轮)","companyLogo":"i/image/M00/1E/0A/Cgp3O1cGMnKAJ6NVAABVGSOXNvg268.png","industryField":"移动互联网,硬件","companyShortName":"宾果智能科技","city":"北京","salary":"12k-24k","positionId":1572093,"positionAdvantage":"股权期权 扁平管理 无限零食","district":"海淀区","createTime":"2016-08-24 20:15:33","companyLabelList":["股票期权","领导好","交通补助","五险一金"],"approve":1,"companySize":"15-50人","score":0,"companyFullName":"宾果智能科技有限公司","adWord":0,"formatCreateTime":"2016-08-24","publisherId":1947980,"explain":null,"plus":null,"pcShow":0,"appShow":0,"deliver":0,"gradeDescription":null,"businessZones":["五道口","清华大学","中关村"],"imState":"today","lastLogin":1472563828000},{"companyId":3866,"positionName":"C++开发工程师","workYear":"3-5年","education":"不限","jobNature":"全职","financeStage":"初创型(未融资)","companyLogo":"i/image/M00/2B/98/Cgp3O1c1ZdaAIjU3AAA7TsArYD4046.PNG","industryField":"移动互联网,招聘","companyShortName":"联想利泰","city":"北京","salary":"13k-17k","positionId":752882,"positionAdvantage":"联想工作机会","district":"海淀区","createTime":"2016-08-24 18:19:45","companyLabelList":["节日礼物","带薪年假","岗位晋升","领导好"],"approve":1,"companySize":"500-2000人","score":0,"companyFullName":"北京联想利泰软件有限公司","adWord":0,"formatCreateTime":"2016-08-24","publisherId":614476,"explain":null,"plus":null,"pcShow":0,"appShow":0,"deliver":0,"gradeDescription":null,"businessZones":["西二旗","龙泽","回龙观"],"imState":"disabled","lastLogin":1472544184000},{"companyId":9231,"positionName":"LINUX C","workYear":"1-3年","education":"本科","jobNature":"全职","financeStage":"上市公司","companyLogo":"image1/M00/00/13/Cgo8PFTUWDmAc61LAAB0eHsgozM183.png","industryField":"信息安全","companyShortName":"启明星辰","city":"北京","salary":"15k-30k","positionId":2226829,"positionAdvantage":"五险一金、带薪年假、班车","district":null,"createTime":"2016-08-24 18:18:19","companyLabelList":["绩效奖金","专项奖金","五险一金","带薪年假"],"approve":0,"companySize":"500-2000人","score":0,"companyFullName":"北京启明星辰信息安全技术有限公司","adWord":0,"formatCreateTime":"2016-08-24","publisherId":1727841,"explain":null,"plus":null,"pcShow":0,"appShow":0,"deliver":0,"gradeDescription":null,"businessZones":null,"imState":"today","lastLogin":1472533032000},{"companyId":113697,"positionName":"C#","workYear":"1-3年","education":"大专","jobNature":"全职","financeStage":"成长型(B轮)","companyLogo":"i/image/M00/14/EA/CgqKkVbqZuiAaXaMAACL_mOdkj8983.JPG","industryField":"医疗健康,数据服务","companyShortName":"LinkDoc","city":"北京","salary":"10k-20k","positionId":2103465,"positionAdvantage":"互联网风格，技术大牛，高成长","district":"海淀区","createTime":"2016-08-24 18:06:50","companyLabelList":null,"approve":0,"companySize":"150-500人","score":0,"companyFullName":"零氪信息技术（北京）有限公司","adWord":0,"formatCreateTime":"2016-08-24","publisherId":2146709,"explain":null,"plus":null,"pcShow":0,"appShow":0,"deliver":0,"gradeDescription":null,"businessZones":["中关村","北京大学","苏州街"],"imState":"threeDays","lastLogin":1472476325000},{"companyId":127890,"positionName":"C/C++开发工程师","workYear":"3-5年","education":"大专","jobNature":"全职","financeStage":"成熟型(D轮及以上)","companyLogo":"i/image/M00/29/01/CgqKkVctTY-Adj6LAACxG7rStrU417.jpg","industryField":"电子商务,移动互联网","companyShortName":"姿美堂","city":"北京","salary":"10k-16k","positionId":1941251,"positionAdvantage":"薪资优越 晋升空间大 办公环境好","district":"朝阳区","createTime":"2016-08-24 18:02:09","companyLabelList":null,"approve":0,"companySize":"2000人以上","score":0,"companyFullName":"北京姿美堂电子商务有限公司","adWord":0,"formatCreateTime":"2016-08-24","publisherId":5313753,"explain":null,"plus":null,"pcShow":0,"appShow":0,"deliver":0,"gradeDescription":null,"businessZones":["望京","花家地","大山子"],"imState":"disabled","lastLogin":1472527701000},{"companyId":35641,"positionName":"高级C++开发工程师","workYear":"3-5年","education":"本科","jobNature":"全职","financeStage":"上市公司","companyLogo":"image1/M00/00/54/Cgo8PFTUXR6APKASAACqZ37feIU469.jpg","industryField":"文化娱乐","companyShortName":"第一视频","city":"北京","salary":"20k-30k","positionId":1989965,"positionAdvantage":"舒适的办公环境、清晰的职位晋升机制。","district":null,"createTime":"2016-08-24 17:49:24","companyLabelList":["技能培训","节日礼物","免费班车","带薪年假"],"approve":0,"companySize":"500-2000人","score":0,"companyFullName":"第一视频（北京）网络技术有限公司","adWord":0,"formatCreateTime":"2016-08-24","publisherId":2250818,"explain":null,"plus":null,"pcShow":0,"appShow":0,"deliver":0,"gradeDescription":null,"businessZones":null,"imState":"today","lastLogin":1472551288000},{"companyId":143170,"positionName":"C++","workYear":"1-3年","education":"本科","jobNature":"全职","financeStage":"成熟型(D轮及以上)","companyLogo":"i/image/M00/50/72/Cgp3O1ez_7iAUNZaAAARvTdHQ0M071.png","industryField":"文化娱乐","companyShortName":"北京紫熙科技发展有限公司","city":"北京","salary":"6k-8k","positionId":2284283,"positionAdvantage":"五险一金 全勤奖节日福利股票期权员工旅游","district":"海淀区","createTime":"2016-08-24 17:37:03","companyLabelList":["股票期权","年终分红","节日礼物","岗位晋升"],"approve":0,"companySize":"150-500人","score":0,"companyFullName":"北京紫熙科技发展有限公司","adWord":0,"formatCreateTime":"2016-08-24","publisherId":4866759,"explain":null,"plus":null,"pcShow":0,"appShow":0,"deliver":0,"gradeDescription":null,"businessZones":["永定路","五棵松","青塔"],"imState":"disabled","lastLogin":1472543777000},{"companyId":8136,"positionName":"C++开发工程师","workYear":"3-5年","education":"本科","jobNature":"全职","financeStage":"上市公司","companyLogo":"image1/M00/00/11/Cgo8PFTUWDGAciSbAABRt4Bhq3M215.jpg","industryField":"数据服务,文化娱乐","companyShortName":"佳讯飞鸿","city":"北京","salary":"10k-20k","positionId":1301669,"positionAdvantage":"七险一金、餐补、年终奖金","district":"海淀区","createTime":"2016-08-24 17:22:46","companyLabelList":["免费班车","带薪年假","七险一金","员工持股"],"approve":1,"companySize":"150-500人","score":0,"companyFullName":"北京佳讯飞鸿电气股份有限公司","adWord":0,"formatCreateTime":"2016-08-24","publisherId":96954,"explain":null,"plus":null,"pcShow":0,"appShow":0,"deliver":0,"gradeDescription":null,"businessZones":null,"imState":"overSevenDays","lastLogin":1471589735000},{"companyId":24406,"positionName":"YJ16-C++软件开发工程师","workYear":"不限","education":"本科","jobNature":"全职","financeStage":"上市公司","companyLogo":"image1/M00/0A/CF/CgYXBlTwPYqAeGHBAABJwkw8Z8I860.jpg","industryField":"移动互联网,数据服务","companyShortName":"方正电子","city":"北京","salary":"8k-12k","positionId":2027090,"positionAdvantage":"餐补，交通补助，员工福利","district":"海淀区","createTime":"2016-08-24 17:16:40","companyLabelList":["技能培训","免费班车","岗位晋升","管理规范"],"approve":1,"companySize":"500-2000人","score":0,"companyFullName":"北京北大方正电子有限公司","adWord":0,"formatCreateTime":"2016-08-24","publisherId":293674,"explain":null,"plus":null,"pcShow":0,"appShow":0,"deliver":0,"gradeDescription":null,"businessZones":["上地","马连洼","西二旗"],"imState":"today","lastLogin":1472553365000}]}},"code":0}