{"msg":null,"resubmitToken":null,"success":true,"requestId":null,"content":{"pageNo":53,"pageSize":15,"positionResult":{"totalCount":1236,"resultSize":15,"locationInfo":{"city":"北京","district":null,"locationCode":null,"businessZone":null,"queryByGisCode":false},"queryAnalysisInfo":{"positionName":"c","companyName":null,"usefulCompany":false,"industryName":null},"strategyProperty":{"name":"dm-csearch-newSimScorer","id":1},"result":[{"companyId":26142,"formatCreateTime":"2016-08-17","score":0,"positionId":1958337,"positionName":"C++游戏开发（linux服务器开发）","createTime":"2016-08-17 11:15:08","positionAdvantage":"请与我们一起奋斗吧","salary":"15k-25k","approve":1,"workYear":"1-3年","education":"本科","city":"北京","companyLogo":"image1/M00/00/37/Cgo8PFTUXJ2AU7noAABpZzr2XMg281.jpg","jobNature":"全职","industryField":"游戏","companyShortName":"QQ炫舞","financeStage":"成熟型(不需要融资)","companySize":"500-2000人","companyLabelList":["年终分红","专项奖金","五险一金","带薪年假"],"district":"东城区","businessZones":["东直门","海运仓","东四"],"imState":"disabled","lastLogin":1471496832000,"publisherId":318765,"explain":null,"plus":null,"pcShow":0,"appShow":0,"deliver":0,"gradeDescription":null,"companyFullName":"北京永航科技有限公司","adWord":0},{"companyId":72922,"formatCreateTime":"2016-08-17","score":0,"positionId":706129,"positionName":"C#","createTime":"2016-08-17 11:12:31","positionAdvantage":"双休、旅游、五险","salary":"4k-8k","approve":0,"workYear":"1-3年","education":"本科","city":"北京","companyLogo":"images/logo_default.png","jobNature":"全职","industryField":"移动互联网","companyShortName":"天创科林","financeStage":"初创型(不需要融资)","companySize":"15-50人","companyLabelList":["年底双薪","带薪年假","年度旅游","领导好"],"district":"顺义区","businessZones":["南彩"],"imState":"disabled","lastLogin":1472029079000,"publisherId":1746881,"explain":null,"plus":null,"pcShow":0,"appShow":0,"deliver":0,"gradeDescription":null,"companyFullName":"北京天创科林科技有限公司","adWord":0},{"companyId":43773,"formatCreateTime":"2016-08-17","score":0,"positionId":335574,"positionName":"C++","createTime":"2016-08-17 10:47:30","positionAdvantage":"朝阳行业，最酷的技术！","salary":"10k-20k","approve":1,"workYear":"1-3年","education":"本科","city":"北京","companyLogo":"image1/M00/00/6E/CgYXBlTUXYiAO--IAACQQbV_VHk708.png","jobNature":"全职","industryField":"硬件","companyShortName":"北科天绘","financeStage":"初创型(天使轮)","companySize":"15-50人","companyLabelList":["朝阳行业","技能培训","节日礼物","股票期权"],"district":"海淀区","businessZones":null,"imState":"disabled","lastLogin":1471916715000,"publisherId":827927,"explain":null,"plus":null,"pcShow":0,"appShow":0,"deliver":0,"gradeDescription":null,"companyFullName":"北京北科天绘科技有限公司","adWord":0},{"companyId":143719,"formatCreateTime":"2016-08-17","score":0,"positionId":2248092,"positionName":"C#","createTime":"2016-08-17 09:40:17","positionAdvantage":"六险一金","salary":"15k-25k","approve":0,"workYear":"1-3年","education":"本科","city":"北京","companyLogo":"i/image/M00/4F/70/Cgp3O1exJFKABJk2AABiqGUyzF0678.png","jobNature":"全职","industryField":"移动互联网,O2O","companyShortName":"中企鑫业","financeStage":"成长型(不需要融资)","companySize":"150-500人","companyLabelList":["年底双薪","带薪年假","年终分红","定期体检"],"district":"海淀区","businessZones":["五道口","学院路","北航"],"imState":"disabled","lastLogin":1472029087000,"publisherId":5807943,"explain":null,"plus":null,"pcShow":0,"appShow":0,"deliver":0,"gradeDescription":null,"companyFullName":"北京中企鑫业科技发展有限公司","adWord":0},{"companyId":115265,"formatCreateTime":"2016-08-17","score":0,"positionId":1600703,"positionName":"C++开发","createTime":"2016-08-17 09:36:02","positionAdvantage":"弹性工作 奖金 补贴 老板人好","salary":"9k-18k","approve":0,"workYear":"1-3年","education":"本科","city":"北京","companyLogo":"i/image/M00/06/CB/CgqKkVbNRAqAFPbrAAA9MNyFXG0670.png","jobNature":"全职","industryField":"数据服务,其他","companyShortName":"艾森思科技","financeStage":"成长型(不需要融资)","companySize":"50-150人","companyLabelList":["定期体检","专项奖金","绩效奖金","午餐补助"],"district":"海淀区","businessZones":["上地","西二旗","马连洼"],"imState":"today","lastLogin":1472519305000,"publisherId":3974959,"explain":null,"plus":null,"pcShow":0,"appShow":0,"deliver":0,"gradeDescription":null,"companyFullName":"北京艾森思科技有限公司","adWord":0},{"companyId":135895,"formatCreateTime":"2016-08-17","score":0,"positionId":2009336,"positionName":"C#工程师","createTime":"2016-08-17 08:09:49","positionAdvantage":"5险1金、13薪、期权、合伙机制、精英团队","salary":"10k-20k","approve":0,"workYear":"1-3年","education":"本科","city":"北京","companyLogo":"i/image/M00/3B/B5/CgqKkVdspsKAHovPAAAkjfwu9cg257.png","jobNature":"全职","industryField":"数据服务","companyShortName":"慧数合伙","financeStage":"初创型(天使轮)","companySize":"50-150人","companyLabelList":null,"district":"海淀区","businessZones":["上地","西北旺","马连洼"],"imState":"disabled","lastLogin":1472170044000,"publisherId":5436201,"explain":null,"plus":null,"pcShow":0,"appShow":0,"deliver":0,"gradeDescription":null,"companyFullName":"北京慧数科技合伙企业（有限合伙）","adWord":0},{"companyId":23622,"formatCreateTime":"2016-08-16","score":0,"positionId":2154176,"positionName":"C++开发工程师","createTime":"2016-08-16 19:35:25","positionAdvantage":"绩效奖金、年度体检、弹性工作、免费健身","salary":"11k-17k","approve":0,"workYear":"3-5年","education":"大专","city":"北京","companyLogo":"image1/M00/27/C6/Cgo8PFVcKU2AME4SAABiVMFtH3w357.jpg","jobNature":"全职","industryField":"游戏","companyShortName":"联众游戏","financeStage":"上市公司","companySize":"500-2000人","companyLabelList":["技能培训","节日礼物","年底双薪","免费班车"],"district":"朝阳区","businessZones":["望京","花家地","来广营"],"imState":"today","lastLogin":1472537683000,"publisherId":5032329,"explain":null,"plus":null,"pcShow":0,"appShow":0,"deliver":0,"gradeDescription":null,"companyFullName":"北京联众互动网络股份有限公司","adWord":0},{"companyId":7992,"formatCreateTime":"2016-08-16","score":0,"positionId":1037941,"positionName":"C++游戏开发","createTime":"2016-08-16 19:12:07","positionAdvantage":"老牌实力游戏公司招C++应届生，有专人培养","salary":"3k-6k","approve":1,"workYear":"应届毕业生","education":"本科","city":"北京","companyLogo":"image1/M00/0F/A9/Cgo8PFT9ZeiAfEnuAABERUkASZU747.png","jobNature":"全职","industryField":"游戏","companyShortName":"无限时空","financeStage":"成熟型(C轮)","companySize":"50-150人","companyLabelList":["绩效奖金","年终分红","股票期权","年底双薪"],"district":"海淀区","businessZones":["上地","西二旗","马连洼"],"imState":"disabled","lastLogin":1472206646000,"publisherId":1398976,"explain":null,"plus":null,"pcShow":0,"appShow":0,"deliver":0,"gradeDescription":null,"companyFullName":"北京无限时空网络技术有限公司","adWord":0},{"companyId":44133,"formatCreateTime":"2016-08-16","score":0,"positionId":2113213,"positionName":"C++","createTime":"2016-08-16 19:09:41","positionAdvantage":"革命性的领先技术/精英化的团队/弹性工作制","salary":"25k-35k","approve":1,"workYear":"3-5年","education":"本科","city":"北京","companyLogo":"image1/M00/00/6F/CgYXBlTUXY2AOZWWAACRjKwn-4s348.jpg","jobNature":"全职","industryField":"移动互联网,金融","companyShortName":"北京宏途联创信息技术有限公司","financeStage":"初创型(不需要融资)","companySize":"少于15人","companyLabelList":["技能培训","年底双薪","节日礼物","绩效奖金"],"district":"朝阳区","businessZones":null,"imState":"today","lastLogin":1472563474000,"publisherId":1478759,"explain":null,"plus":null,"pcShow":0,"appShow":0,"deliver":0,"gradeDescription":null,"companyFullName":"北京宏途联创信息技术有限公司","adWord":0},{"companyId":16875,"formatCreateTime":"2016-08-16","score":0,"positionId":1351445,"positionName":"C++开发工程师","createTime":"2016-08-16 18:05:05","positionAdvantage":"大数据相关 晋升空间大 福利待遇优厚","salary":"9k-16k","approve":1,"workYear":"1-3年","education":"本科","city":"北京","companyLogo":"image1/M00/1D/F5/CgYXBlUswf-AKt2VAABL7N5-Qtg170.jpg","jobNature":"全职","industryField":"数据服务","companyShortName":"东方国信","financeStage":"上市公司","companySize":"2000人以上","companyLabelList":["大数据软件","技能培训","节日礼物","年底双薪"],"district":"朝阳区","businessZones":["来广营","望京"],"imState":"disabled","lastLogin":1472089671000,"publisherId":1540957,"explain":null,"plus":null,"pcShow":0,"appShow":0,"deliver":0,"gradeDescription":null,"companyFullName":"北京东方国信科技股份有限公司","adWord":0},{"companyId":126327,"formatCreateTime":"2016-08-16","score":0,"positionId":2246641,"positionName":"C++","createTime":"2016-08-16 17:47:24","positionAdvantage":"五险一金，年终激励，年假等","salary":"6k-10k","approve":1,"workYear":"1-3年","education":"本科","city":"北京","companyLogo":"i/image/M00/24/20/CgqKkVcZluOAWqfUAAAcNj2fcG8006.png","jobNature":"全职","industryField":"信息安全,移动互联网","companyShortName":"中创中间件","financeStage":"初创型(未融资)","companySize":"150-500人","companyLabelList":null,"district":"海淀区","businessZones":null,"imState":"disabled","lastLogin":1472540386000,"publisherId":4877943,"explain":null,"plus":null,"pcShow":0,"appShow":0,"deliver":0,"gradeDescription":null,"companyFullName":"山东中创软件商用中间件股份有限公司","adWord":0},{"companyId":144304,"formatCreateTime":"2016-08-16","score":0,"positionId":2246251,"positionName":"多媒体开发（c++）","createTime":"2016-08-16 17:08:27","positionAdvantage":"弹性时间 午休延长 boss恩宠妥妥滴","salary":"10k-20k","approve":1,"workYear":"1-3年","education":"本科","city":"北京","companyLogo":"i/image/M00/50/13/Cgp3O1ey1POAEof7AABQJmF8gw0744.png","jobNature":"全职","industryField":"移动互联网","companyShortName":"威动科技","financeStage":"成长型(不需要融资)","companySize":"150-500人","companyLabelList":["带薪年假","午餐补助","午休延长","弹性时间"],"district":"朝阳区","businessZones":["来广营","望京"],"imState":"disabled","lastLogin":1472435240000,"publisherId":5926532,"explain":null,"plus":null,"pcShow":0,"appShow":0,"deliver":0,"gradeDescription":null,"companyFullName":"北京威动科技有限公司","adWord":0},{"companyId":7806,"formatCreateTime":"2016-08-16","score":0,"positionId":847387,"positionName":"B2C产品经理","createTime":"2016-08-16 15:40:53","positionAdvantage":"期权 带薪年假旅游假 免费两餐 五险一金","salary":"15k-25k","approve":1,"workYear":"3-5年","education":"本科","city":"北京","companyLogo":"image1/M00/00/10/CgYXBlTUWC-ADo5wAACYRKWBgKc830.jpg","jobNature":"全职","industryField":"O2O,旅游","companyShortName":"海玩网","financeStage":"成长型(B轮)","companySize":"150-500人","companyLabelList":["股票期权","弹性工作","领导好","美女多"],"district":"朝阳区","businessZones":["望京","大山子","酒仙桥"],"imState":"disabled","lastLogin":1472456255000,"publisherId":92101,"explain":null,"plus":null,"pcShow":0,"appShow":0,"deliver":0,"gradeDescription":null,"companyFullName":"北京洋景科技有限公司","adWord":0},{"companyId":19475,"formatCreateTime":"2016-08-16","score":0,"positionId":2245120,"positionName":"C","createTime":"2016-08-16 15:19:41","positionAdvantage":"免费零食,免费晚餐,六险一金,空间舞台","salary":"15k-30k","approve":1,"workYear":"1-3年","education":"本科","city":"北京","companyLogo":"image1/M00/31/5B/Cgo8PFWLdSuAPhV3AAAk_-Hgugs729.jpg","jobNature":"全职","industryField":"移动互联网","companyShortName":"疯狂老师","financeStage":"成熟型(C轮)","companySize":"150-500人","companyLabelList":["五险一金","股票期权","年终分红","绩效奖金"],"district":"朝阳区","businessZones":["奥运村","大屯"],"imState":"threeDays","lastLogin":1472468005000,"publisherId":4086628,"explain":null,"plus":null,"pcShow":0,"appShow":0,"deliver":0,"gradeDescription":null,"companyFullName":"上海享学网络科技有限公司","adWord":0},{"companyId":75630,"formatCreateTime":"2016-08-16","score":0,"positionId":1603845,"positionName":"C语言开发工程师","createTime":"2016-08-16 14:47:34","positionAdvantage":"平台好，团队棒，待遇优","salary":"8k-10k","approve":1,"workYear":"3-5年","education":"本科","city":"北京","companyLogo":"image1/M00/2D/0E/CgYXBlV3pAeAeYg6AAHMMYPovTI022.jpg?cc=0.4410086012633905","jobNature":"全职","industryField":"移动互联网,数据服务","companyShortName":"新联协同","financeStage":"成长型(不需要融资)","companySize":"150-500人","companyLabelList":["年底双薪","技能培训","带薪年假","年度旅游"],"district":"海淀区","businessZones":["白石桥","魏公村","万寿寺"],"imState":"disabled","lastLogin":1471330003000,"publisherId":4048095,"explain":null,"plus":null,"pcShow":0,"appShow":0,"deliver":0,"gradeDescription":null,"companyFullName":"新联协同通信技术（北京）有限公司","adWord":0}]}},"code":0}