{"msg":null,"resubmitToken":null,"success":true,"requestId":null,"content":{"pageNo":24,"pageSize":15,"positionResult":{"totalCount":1236,"resultSize":15,"locationInfo":{"city":"北京","district":null,"locationCode":null,"businessZone":null,"queryByGisCode":false},"queryAnalysisInfo":{"positionName":"c","companyName":null,"usefulCompany":false,"industryName":null},"strategyProperty":{"name":"dm-csearch-newSimScorer","id":1},"result":[{"companyId":36513,"formatCreateTime":"2016-08-26","score":0,"positionId":1876413,"positionName":"高级软件工程师（Python/C++等）","createTime":"2016-08-26 10:48:18","positionAdvantage":"六险一金 带薪年假 带薪病假","salary":"15k-30k","approve":0,"workYear":"3-5年","education":"本科","city":"北京","companyLogo":"i/image/M00/01/B2/Cgp3O1Zzr9GAdpGkAAAWW2BuXJc040.png","jobNature":"全职","industryField":"移动互联网,电子商务","companyShortName":"微创","financeStage":"成熟型(不需要融资)","companySize":"2000人以上","companyLabelList":["年底双薪","节日礼物","技能培训","免费班车"],"district":"海淀区","businessZones":null,"imState":"disabled","lastLogin":1472548267000,"publisherId":3435204,"explain":null,"plus":null,"pcShow":0,"appShow":0,"deliver":0,"gradeDescription":null,"companyFullName":"上海微创软件股份有限公司北京分公司","adWord":0},{"companyId":93436,"formatCreateTime":"2016-08-26","score":0,"positionId":2033335,"positionName":"C++实习生","createTime":"2016-08-26 10:39:31","positionAdvantage":"发展空间大 大神带 美女多 福利好","salary":"4k-5k","approve":0,"workYear":"不限","education":"大专","city":"北京","companyLogo":"image2/M00/01/BD/CgpzWlXlTV2AKKr-AAAPbrDFCiw480.jpg?cc=0.860534084299191","jobNature":"全职","industryField":"游戏","companyShortName":"神武互动","financeStage":"初创型(天使轮)","companySize":"50-150人","companyLabelList":["绩效奖金","岗位晋升","扁平管理","管理规范"],"district":"朝阳区","businessZones":["来广营","望京"],"imState":"disabled","lastLogin":1472179163000,"publisherId":2439015,"explain":null,"plus":null,"pcShow":0,"appShow":0,"deliver":0,"gradeDescription":null,"companyFullName":"北京神武互动网络技术公司","adWord":0},{"companyId":1686,"formatCreateTime":"2016-08-26","score":0,"positionId":1621607,"positionName":"C/C++网络开发高级工程师","createTime":"2016-08-26 10:35:09","positionAdvantage":"14薪 12天带薪年假 六险一金 项目奖金","salary":"15k-25k","approve":1,"workYear":"3-5年","education":"本科","city":"北京","companyLogo":"image1/M00/00/06/Cgo8PFTUWAaAbD7PAACAXTzCmiw113.jpg","jobNature":"全职","industryField":"广告营销,文化娱乐","companyShortName":"爱奇艺","financeStage":"成熟型(D轮及以上)","companySize":"2000人以上","companyLabelList":["绩效奖金","五险一金","交通补助","带薪年假"],"district":"海淀区","businessZones":["中关村","北京大学","苏州街"],"imState":"disabled","lastLogin":1472553945000,"publisherId":8305,"explain":null,"plus":null,"pcShow":0,"appShow":0,"deliver":0,"gradeDescription":null,"companyFullName":"北京爱奇艺科技有限公司","adWord":0},{"companyId":46067,"formatCreateTime":"2016-08-26","score":0,"positionId":1813493,"positionName":"c++客户端开发工程师","createTime":"2016-08-26 10:30:01","positionAdvantage":"免费早餐、午餐补助、补充医保、发展迅速","salary":"15k-25k","approve":1,"workYear":"3-5年","education":"本科","city":"北京","companyLogo":"image1/M00/1C/DD/CgYXBlUnc1WAA02eAAB_Hk-vxvA120.png","jobNature":"全职","industryField":"教育","companyShortName":"乐学在线","financeStage":"成长型(A轮)","companySize":"50-150人","companyLabelList":["节日礼物","股票期权","年度旅游","扁平管理"],"district":"海淀区","businessZones":["苏州街","万泉河","颐和园"],"imState":"disabled","lastLogin":1472277051000,"publisherId":5061604,"explain":null,"plus":null,"pcShow":0,"appShow":0,"deliver":0,"gradeDescription":null,"companyFullName":"北京乐学创想教育科技有限公司","adWord":0},{"companyId":107435,"formatCreateTime":"2016-08-26","score":0,"positionId":2245133,"positionName":"Linux C++","createTime":"2016-08-26 10:19:14","positionAdvantage":"CEO是王思聪~","salary":"15k-30k","approve":0,"workYear":"3-5年","education":"本科","city":"北京","companyLogo":"i/image/M00/50/6F/Cgp3O1ez-maAVqVvAACHDXnYX1w719.png","jobNature":"全职","industryField":"移动互联网,文化娱乐","companyShortName":"熊猫TV","financeStage":"初创型(未融资)","companySize":"150-500人","companyLabelList":["年底双薪","带薪年假","午餐补助","绩效奖金"],"district":"朝阳区","businessZones":["望京","大山子","花家地"],"imState":"disabled","lastLogin":1472186618000,"publisherId":3230721,"explain":null,"plus":null,"pcShow":0,"appShow":0,"deliver":0,"gradeDescription":null,"companyFullName":"上海熊猫互娱文化有限公司北京分公司","adWord":0},{"companyId":49865,"formatCreateTime":"2016-08-26","score":0,"positionId":2291546,"positionName":"C++软件开发","createTime":"2016-08-26 10:17:18","positionAdvantage":"技术大牛、七险一金、团队氛围好","salary":"8k-16k","approve":1,"workYear":"不限","education":"本科","city":"北京","companyLogo":"image1/M00/3B/D3/Cgo8PFWx2NiACrwkAAB4_YLpE0k142.png","jobNature":"全职","industryField":"医疗健康","companyShortName":"赛诺威盛","financeStage":"成长型(B轮)","companySize":"50-150人","companyLabelList":["带薪年假","通讯津贴","五险一金","定期体检"],"district":"大兴区","businessZones":null,"imState":"disabled","lastLogin":1472538447000,"publisherId":3742783,"explain":null,"plus":null,"pcShow":0,"appShow":0,"deliver":0,"gradeDescription":null,"companyFullName":"赛诺威盛科技（北京）有限公司","adWord":0},{"companyId":87620,"formatCreateTime":"2016-08-26","score":0,"positionId":1901116,"positionName":"C#","createTime":"2016-08-26 10:15:08","positionAdvantage":"弹性工作制,福利待遇优,靠谱团队,进步空间大","salary":"8k-15k","approve":1,"workYear":"不限","education":"本科","city":"北京","companyLogo":"i/image/M00/27/93/CgqKkVcoViOADsqpAAA4AQwevkc011.png","jobNature":"全职","industryField":"移动互联网,文化娱乐","companyShortName":"汉仪字库","financeStage":"成长型(不需要融资)","companySize":"50-150人","companyLabelList":["技能培训","节日礼物","带薪年假","绩效奖金"],"district":"海淀区","businessZones":["公主坟","万寿路"],"imState":"sevenDays","lastLogin":1472178260000,"publisherId":2398507,"explain":null,"plus":null,"pcShow":0,"appShow":0,"deliver":0,"gradeDescription":null,"companyFullName":"北京汉仪科印信息技术有限公司","adWord":0},{"companyId":4286,"formatCreateTime":"2016-08-26","score":0,"positionId":2170411,"positionName":"C++","createTime":"2016-08-26 10:03:49","positionAdvantage":"过节费,年终奖,境内外游,健康体检","salary":"20k-30k","approve":1,"workYear":"3-5年","education":"本科","city":"北京","companyLogo":"image1/M00/00/0A/Cgo8PFTUWBeAP0x-AABLzvA2eJ0892.png","jobNature":"全职","industryField":"移动互联网,游戏","companyShortName":"竞技世界","financeStage":"成熟型(不需要融资)","companySize":"500-2000人","companyLabelList":["节日礼物","技能培训","年底双薪","年度旅游"],"district":null,"businessZones":null,"imState":"today","lastLogin":1472543919000,"publisherId":5509129,"explain":null,"plus":null,"pcShow":0,"appShow":0,"deliver":0,"gradeDescription":null,"companyFullName":"竞技世界（北京）网络技术有限公司","adWord":0},{"companyId":52449,"formatCreateTime":"2016-08-26","score":0,"positionId":1583677,"positionName":"C++开发工程师","createTime":"2016-08-26 10:01:12","positionAdvantage":"运动、健康、智能，发展空间广阔。","salary":"10k-20k","approve":1,"workYear":"3-5年","education":"本科","city":"北京","companyLogo":"i/image/M00/4C/38/CgqKkVehu8SAZKBsAAArwH_kMTI333.png","jobNature":"全职","industryField":"移动互联网,硬件","companyShortName":"超级球场","financeStage":"成长型(A轮)","companySize":"15-50人","companyLabelList":["专项奖金","股票期权","扁平管理","帅哥多"],"district":"朝阳区","businessZones":["望京","大山子","花家地"],"imState":"threeDays","lastLogin":1472359132000,"publisherId":1311380,"explain":null,"plus":null,"pcShow":0,"appShow":0,"deliver":0,"gradeDescription":null,"companyFullName":"北京海石天杰科技有限公司","adWord":0},{"companyId":7292,"formatCreateTime":"2016-08-26","score":0,"positionId":1635500,"positionName":"C++服务器开发工程师","createTime":"2016-08-26 10:00:54","positionAdvantage":"期权，期权，期权!!!","salary":"15k-30k","approve":1,"workYear":"3-5年","education":"本科","city":"北京","companyLogo":"image1/M00/1A/42/CgYXBlUbifGASvN9AACTHYLzJKc557.jpg","jobNature":"全职","industryField":"移动互联网","companyShortName":"畅聊天下(派派交友）","financeStage":"成长型(B轮)","companySize":"150-500人","companyLabelList":["年底双薪","午餐补助","带薪年假","股票期权"],"district":"海淀区","businessZones":["上地","西二旗","马连洼"],"imState":"today","lastLogin":1472551885000,"publisherId":3616515,"explain":null,"plus":null,"pcShow":0,"appShow":0,"deliver":0,"gradeDescription":null,"companyFullName":"北京畅聊天下科技有限公司","adWord":0},{"companyId":101299,"formatCreateTime":"2016-08-26","score":0,"positionId":2291261,"positionName":"C++","createTime":"2016-08-26 09:53:19","positionAdvantage":"五险一金、带薪年假","salary":"8k-13k","approve":1,"workYear":"1-3年","education":"本科","city":"北京","companyLogo":"image2/M00/0E/32/CgpzWlYkXWKAKxfnAAASDShW0hE295.jpg?cc=0.26237007273995594","jobNature":"全职","industryField":"移动互联网,电子商务","companyShortName":"长天科技","financeStage":"上市公司","companySize":"500-2000人","companyLabelList":["技能培训","岗位晋升","管理规范","定期体检"],"district":"西城区","businessZones":null,"imState":"disabled","lastLogin":1472437695000,"publisherId":2866990,"explain":null,"plus":null,"pcShow":0,"appShow":0,"deliver":0,"gradeDescription":null,"companyFullName":"长天科技有限公司","adWord":0},{"companyId":7903,"formatCreateTime":"2016-08-26","score":0,"positionId":1541839,"positionName":"C#","createTime":"2016-08-26 09:52:46","positionAdvantage":"五险一金 全勤奖 餐补 绩效奖金","salary":"6k-9k","approve":1,"workYear":"1-3年","education":"大专","city":"北京","companyLogo":"i/image/M00/22/3F/Cgp3O1cUgcOAUZ7EAACK8CqTjBs926.png","jobNature":"全职","industryField":"金融,医疗健康","companyShortName":"天鹏恒宇","financeStage":"初创型(天使轮)","companySize":"50-150人","companyLabelList":["绩效奖金","五险一金","带薪年假","午餐补助"],"district":"海淀区","businessZones":["上地","西二旗","马连洼"],"imState":"overSevenDays","lastLogin":1471830313000,"publisherId":3130765,"explain":null,"plus":null,"pcShow":0,"appShow":0,"deliver":0,"gradeDescription":null,"companyFullName":"北京天鹏恒宇科技发展有限公司","adWord":0},{"companyId":131545,"formatCreateTime":"2016-08-26","score":0,"positionId":2256303,"positionName":"C++开发","createTime":"2016-08-26 09:46:43","positionAdvantage":"福利待遇","salary":"10k-20k","approve":0,"workYear":"1-3年","education":"大专","city":"北京","companyLogo":"i/image/M00/3E/9A/Cgp3O1d02LqAbWEhAABr20pce4o217.png","jobNature":"全职","industryField":"移动互联网,游戏","companyShortName":"邻萌宝","financeStage":"成长型(A轮)","companySize":"15-50人","companyLabelList":null,"district":null,"businessZones":null,"imState":"disabled","lastLogin":1472521392000,"publisherId":5180782,"explain":null,"plus":null,"pcShow":0,"appShow":0,"deliver":0,"gradeDescription":null,"companyFullName":"瓦力必达科技（北京）有限公司","adWord":0},{"companyId":93925,"formatCreateTime":"2016-08-26","score":0,"positionId":1784390,"positionName":"C++开发工程师","createTime":"2016-08-26 09:19:37","positionAdvantage":"独栋办公楼完美职场晋升期权项目奖金样样有","salary":"8k-15k","approve":1,"workYear":"3-5年","education":"本科","city":"北京","companyLogo":"image2/M00/06/75/CgpzWlX6NRKAEAUjAABNM999VMQ023.png","jobNature":"全职","industryField":"移动互联网,其他","companyShortName":"凯泰铭","financeStage":"初创型(天使轮)","companySize":"50-150人","companyLabelList":["节日礼物","股票期权","带薪年假","岗位晋升"],"district":"朝阳区","businessZones":["十里堡","四惠","八里庄"],"imState":"today","lastLogin":1472558707000,"publisherId":4986588,"explain":null,"plus":null,"pcShow":0,"appShow":0,"deliver":0,"gradeDescription":null,"companyFullName":"凯泰铭科技(北京)有限公司","adWord":0},{"companyId":135820,"formatCreateTime":"2016-08-26","score":0,"positionId":2007955,"positionName":"C++软件工程师","createTime":"2016-08-26 09:15:41","positionAdvantage":"公司具有非常大的发展前景，员工福利待遇好","salary":"6k-12k","approve":0,"workYear":"1-3年","education":"本科","city":"北京","companyLogo":"i/image/M00/3B/AF/Cgp3O1dsnsmAR4pgAAAX8BOA8pk727.jpg","jobNature":"全职","industryField":"移动互联网,电子商务","companyShortName":"联合信源","financeStage":"初创型(未融资)","companySize":"15-50人","companyLabelList":null,"district":"海淀区","businessZones":["西二旗","龙泽","回龙观"],"imState":"sevenDays","lastLogin":1472173921000,"publisherId":5435758,"explain":null,"plus":null,"pcShow":0,"appShow":0,"deliver":0,"gradeDescription":null,"companyFullName":"联合信源数字音视频技术（北京）有限公司","adWord":0}]}},"code":0}