{"msg":null,"success":true,"requestId":null,"resubmitToken":null,"content":{"pageNo":26,"pageSize":15,"positionResult":{"queryAnalysisInfo":{"industryName":null,"usefulCompany":false,"positionName":"c","companyName":null},"strategyProperty":{"name":"dm-csearch-newSimScorer","id":1},"totalCount":1236,"resultSize":15,"locationInfo":{"businessZone":null,"locationCode":null,"queryByGisCode":false,"city":"北京","district":null},"result":[{"companyId":27072,"explain":null,"plus":null,"pcShow":0,"appShow":0,"deliver":0,"gradeDescription":null,"businessZones":null,"imState":"today","lastLogin":1472533086000,"publisherId":865828,"positionName":"C++","workYear":"3-5年","education":"本科","jobNature":"全职","positionId":2152558,"createTime":"2016-08-26 09:01:02","city":"北京","companyLogo":"image1/M00/00/3A/CgYXBlTUXKqAbnErAADhxb664Us880.png","industryField":"硬件,数据服务","positionAdvantage":"专业研发团队","salary":"10k-20k","companySize":"150-500人","approve":0,"financeStage":"上市公司","companyLabelList":["绩效奖金","年底双薪","五险一金","通讯津贴"],"district":null,"companyShortName":"浩瀚深度","score":0,"formatCreateTime":"2016-08-26","companyFullName":"北京浩瀚深度信息技术股份有限公司","adWord":0},{"companyId":7182,"explain":null,"plus":null,"pcShow":0,"appShow":0,"deliver":0,"gradeDescription":null,"businessZones":["望京"],"imState":"today","lastLogin":1472554384000,"publisherId":371879,"positionName":"C++研发工程师","workYear":"1年以下","education":"本科","jobNature":"全职","positionId":2290466,"createTime":"2016-08-25 19:28:52","city":"北京","companyLogo":"image1/M00/00/0F/Cgo8PFTUWCqAIq8oAAB5MvmojGc956.jpg","industryField":"电子商务,教育","positionAdvantage":"五险一金 春节双倍假期 15薪","salary":"15k-30k","companySize":"2000人以上","approve":1,"financeStage":"成熟型(C轮)","companyLabelList":["绩效奖金","专项奖金","五险一金","带薪年假"],"district":"朝阳区","companyShortName":"尚德机构","score":0,"formatCreateTime":"2016-08-25","companyFullName":"北京尚佳崇业教育科技有限公司","adWord":0},{"companyId":1686,"explain":null,"plus":null,"pcShow":0,"appShow":0,"deliver":0,"gradeDescription":null,"businessZones":["北京大学","苏州街","中关村","北京大学","苏州街"],"imState":"sevenDays","lastLogin":1472186304000,"publisherId":982960,"positionName":"Linux C/C++开发高级工程师","workYear":"3-5年","education":"本科","jobNature":"全职","positionId":1742855,"createTime":"2016-08-25 19:20:47","city":"北京","companyLogo":"image1/M00/00/06/Cgo8PFTUWAaAbD7PAACAXTzCmiw113.jpg","industryField":"广告营销,文化娱乐","positionAdvantage":"14薪 六险一金","salary":"18k-30k","companySize":"2000人以上","approve":1,"financeStage":"成熟型(D轮及以上)","companyLabelList":["绩效奖金","五险一金","交通补助","带薪年假"],"district":"海淀区","companyShortName":"爱奇艺","score":0,"formatCreateTime":"2016-08-25","companyFullName":"北京爱奇艺科技有限公司","adWord":0},{"companyId":21190,"explain":null,"plus":null,"pcShow":0,"appShow":0,"deliver":0,"gradeDescription":null,"businessZones":["西二旗","龙泽","回龙观"],"imState":"disabled","lastLogin":1472459544000,"publisherId":243065,"positionName":"C/C++开发工程师","workYear":"1-3年","education":"本科","jobNature":"全职","positionId":633123,"createTime":"2016-08-25 17:50:32","city":"北京","companyLogo":"i/image/M00/18/44/CgqKkVbzg2uAPoNJAADlBapDFtA063.jpg","industryField":"信息安全,移动互联网","positionAdvantage":"寻找有追求的奋斗者，提供培养机会和空间！","salary":"10k-20k","companySize":"50-150人","approve":0,"financeStage":"初创型(未融资)","companyLabelList":["信息安全保护","交通补助","带薪年假","节日礼物"],"district":"海淀区","companyShortName":"北京深思数盾科技有限公司","score":0,"formatCreateTime":"2016-08-25","companyFullName":"北京深思数盾科技有限公司","adWord":0},{"companyId":1914,"explain":null,"plus":null,"pcShow":0,"appShow":0,"deliver":0,"gradeDescription":null,"businessZones":["安贞","安华","和平里"],"imState":"disabled","lastLogin":1472521896000,"publisherId":3146137,"positionName":"大数据基础平台高级工程师（C、C++）","workYear":"3-5年","education":"本科","jobNature":"全职","positionId":2213823,"createTime":"2016-08-25 17:43:15","city":"北京","companyLogo":"i/image/M00/01/39/Cgp3O1Zk9luAeL0jAAAO0FvOuQE553.png","industryField":"数据服务,文化娱乐","positionAdvantage":"优秀团队，核心业务","salary":"15k-25k","companySize":"2000人以上","approve":1,"financeStage":"上市公司","companyLabelList":["带薪年假","岗位晋升","五险一金","弹性工作"],"district":"东城区","companyShortName":"优酷土豆","score":0,"formatCreateTime":"2016-08-25","companyFullName":"合一网络技术（北京）有限公司","adWord":0},{"companyId":123777,"explain":null,"plus":null,"pcShow":0,"appShow":0,"deliver":0,"gradeDescription":null,"businessZones":["五道口","北京大学"],"imState":"disabled","lastLogin":1472543779000,"publisherId":5201191,"positionName":"C#工程师","workYear":"1-3年","education":"本科","jobNature":"全职","positionId":2224560,"createTime":"2016-08-25 17:21:06","city":"北京","companyLogo":"i/image/M00/2E/03/CgqKkVc9jmCAI8DpAAD09YLPnBk157.png","industryField":"电子商务,企业服务","positionAdvantage":"带薪年假 免费体检 节日福利","salary":"6k-12k","companySize":"2000人以上","approve":0,"financeStage":"成熟型(不需要融资)","companyLabelList":["绩效奖金","交通补助","定期体检","通讯津贴"],"district":"海淀区","companyShortName":"通力互联","score":0,"formatCreateTime":"2016-08-25","companyFullName":"北京通力互联技术服务有限公司","adWord":0},{"companyId":138188,"explain":null,"plus":null,"pcShow":0,"appShow":0,"deliver":0,"gradeDescription":null,"businessZones":null,"imState":"disabled","lastLogin":1472539758000,"publisherId":5591606,"positionName":"C++工程师","workYear":"1-3年","education":"本科","jobNature":"全职","positionId":2191846,"createTime":"2016-08-25 17:13:10","city":"北京","companyLogo":"i/image/M00/43/DC/CgqKkVeEYg2AetF_AAAv1YfHHMc911.JPG","industryField":"移动互联网,文化娱乐","positionAdvantage":"绩效激励,岗位晋升,六险一金,弹性工作","salary":"8k-14k","companySize":"150-500人","approve":0,"financeStage":"上市公司","companyLabelList":null,"district":"西城区","companyShortName":"高德体育","score":0,"formatCreateTime":"2016-08-25","companyFullName":"北京高德体育文化有限责任公司","adWord":0},{"companyId":35043,"explain":null,"plus":null,"pcShow":0,"appShow":0,"deliver":0,"gradeDescription":null,"businessZones":null,"imState":"today","lastLogin":1472527493000,"publisherId":604876,"positionName":"C++开发软件工程师","workYear":"不限","education":"本科","jobNature":"全职","positionId":2289558,"createTime":"2016-08-25 17:06:21","city":"北京","companyLogo":"image1/M00/20/1B/Cgo8PFU1-eCAOfN5AABe4RnEjUU519.png","industryField":"移动互联网","positionAdvantage":"六险一金 年终奖金 绩效奖金 餐补 交补","salary":"8k-13k","companySize":"50-150人","approve":1,"financeStage":"成熟型(D轮及以上)","companyLabelList":["岗位晋升","定期体检","年度旅游","五险一金"],"district":null,"companyShortName":"福昕软件","score":0,"formatCreateTime":"2016-08-25","companyFullName":"福建福昕软件开发股份有限公司北京分公司","adWord":0},{"companyId":85554,"explain":null,"plus":null,"pcShow":0,"appShow":0,"deliver":0,"gradeDescription":null,"businessZones":["大屯","奥运村","亚运村"],"imState":"today","lastLogin":1472540462000,"publisherId":2191603,"positionName":"C++软件工程师","workYear":"1-3年","education":"本科","jobNature":"全职","positionId":925379,"createTime":"2016-08-25 17:04:23","city":"北京","companyLogo":"image1/M00/3C/DC/CgYXBlW245iAMkDqAABQqjARHGk400.png?cc=0.14547535991183624","industryField":"移动互联网","positionAdvantage":"中央企业，平台高，福利待遇好，重视人才","salary":"10k-20k","companySize":"2000人以上","approve":0,"financeStage":"成熟型(不需要融资)","companyLabelList":["技能培训","年底双薪","带薪年假","领导好"],"district":"朝阳区","companyShortName":"中航信研发中心新分销","score":0,"formatCreateTime":"2016-08-25","companyFullName":"中国民航信息网络股份有限公司研发中心新分销","adWord":0},{"companyId":45832,"explain":null,"plus":null,"pcShow":0,"appShow":0,"deliver":0,"gradeDescription":null,"businessZones":["大屯","奥运村","亚运村"],"imState":"disabled","lastLogin":1472550897000,"publisherId":5993055,"positionName":"C++","workYear":"3-5年","education":"大专","jobNature":"全职","positionId":2289353,"createTime":"2016-08-25 16:44:49","city":"北京","companyLogo":"image1/M00/00/75/Cgo8PFTUXaOAaOgbAACp0w8A0Zc664.png","industryField":"电子商务,金融","positionAdvantage":"五险一金 带薪年假","salary":"15k-25k","companySize":"150-500人","approve":0,"financeStage":"成长型(不需要融资)","companyLabelList":["节日礼物","技能培训","绩效奖金","年度旅游"],"district":"朝阳区","companyShortName":"全融通支付","score":0,"formatCreateTime":"2016-08-25","companyFullName":"鹏全融通（北京）支付科技有限公司","adWord":0},{"companyId":7072,"explain":null,"plus":null,"pcShow":0,"appShow":0,"deliver":0,"gradeDescription":null,"businessZones":null,"imState":"today","lastLogin":1472544163000,"publisherId":78738,"positionName":"C++开发实习生","workYear":"应届毕业生","education":"本科","jobNature":"实习","positionId":2289324,"createTime":"2016-08-25 16:42:44","city":"北京","companyLogo":"image1/M00/00/0F/CgYXBlTUWCmACZGiAAAo3K_t5kQ414.jpg","industryField":"移动互联网,教育","positionAdvantage":"弹性工作,团队活动,氛围良好","salary":"2k-3k","companySize":"50-150人","approve":1,"financeStage":"成长型(B轮)","companyLabelList":["技能培训","年底双薪","节日礼物","年度旅游"],"district":null,"companyShortName":"Tstudy","score":0,"formatCreateTime":"2016-08-25","companyFullName":"北京拓思德科技有限公司","adWord":0},{"companyId":31889,"explain":null,"plus":null,"pcShow":0,"appShow":0,"deliver":0,"gradeDescription":null,"businessZones":["西单","和平门","宣武门"],"imState":"today","lastLogin":1472549647000,"publisherId":475140,"positionName":"C/C开发工程师（andriod安全方向）","workYear":"3-5年","education":"不限","jobNature":"全职","positionId":1957947,"createTime":"2016-08-25 16:36:29","city":"北京","companyLogo":"image1/M00/00/49/Cgo8PFTUXOqAQdlfAACvqnBZT0E973.jpg","industryField":"移动互联网","positionAdvantage":"五天八小时不加班，八险一金，年终1-3薪","salary":"8k-16k","companySize":"500-2000人","approve":1,"financeStage":"初创型(未融资)","companyLabelList":["带薪年假","通讯津贴","定期体检","五险一金"],"district":"西城区","companyShortName":"越亮传奇","score":0,"formatCreateTime":"2016-08-25","companyFullName":"越亮传奇科技股份有限公司","adWord":0},{"companyId":36513,"explain":null,"plus":null,"pcShow":0,"appShow":0,"deliver":0,"gradeDescription":null,"businessZones":null,"imState":"disabled","lastLogin":1472551727000,"publisherId":2618434,"positionName":"C#","workYear":"3-5年","education":"本科","jobNature":"全职","positionId":2289092,"createTime":"2016-08-25 16:16:35","city":"北京","companyLogo":"i/image/M00/01/B2/Cgp3O1Zzr9GAdpGkAAAWW2BuXJc040.png","industryField":"移动互联网,电子商务","positionAdvantage":"Azure云项目好、大牛多、六险一金、领导好","salary":"14k-20k","companySize":"2000人以上","approve":0,"financeStage":"成熟型(不需要融资)","companyLabelList":["年底双薪","节日礼物","技能培训","免费班车"],"district":"海淀区","companyShortName":"微创","score":0,"formatCreateTime":"2016-08-25","companyFullName":"上海微创软件股份有限公司北京分公司","adWord":0},{"companyId":26087,"explain":null,"plus":null,"pcShow":0,"appShow":0,"deliver":0,"gradeDescription":null,"businessZones":["中关村","人民大学","知春路"],"imState":"today","lastLogin":1472536560000,"publisherId":376164,"positionName":"招聘windows c#程序员","workYear":"1-3年","education":"本科","jobNature":"全职","positionId":2219957,"createTime":"2016-08-25 16:14:08","city":"北京","companyLogo":"i/image/M00/00/39/CgqKkVY22syAKmMvAAAuOdqjRZk617.jpg","industryField":"企业服务","positionAdvantage":"技术大牛带队+弹性时间+年底是15薪","salary":"15k-28k","companySize":"50-150人","approve":1,"financeStage":"成长型(A轮)","companyLabelList":["不加班","全员期权","专项奖金","五险一金"],"district":"海淀区","companyShortName":"美洽","score":0,"formatCreateTime":"2016-08-25","companyFullName":"成都美洽网络科技有限公司","adWord":0},{"companyId":105376,"explain":null,"plus":null,"pcShow":0,"appShow":0,"deliver":0,"gradeDescription":null,"businessZones":["朝阳门","朝外","建外大街"],"imState":"today","lastLogin":1472559326000,"publisherId":3412981,"positionName":"C#开发工程师","workYear":"3-5年","education":"本科","jobNature":"全职","positionId":1812833,"createTime":"2016-08-25 15:57:25","city":"北京","companyLogo":"image2/M00/14/77/CgpzWlZAHVCARPpzAAAMtnt4zsM031.jpg?cc=0.48810233594849706","industryField":"移动互联网,O2O","positionAdvantage":"工作环境佳，成长速度快，有晋升空间","salary":"15k-25k","companySize":"50-150人","approve":1,"financeStage":"成长型(不需要融资)","companyLabelList":["股票期权","专项奖金","绩效奖金","午餐补助"],"district":"朝阳区","companyShortName":"本木医疗","score":0,"formatCreateTime":"2016-08-25","companyFullName":"北京怡合春天科技有限公司","adWord":0}]}},"code":0}