{"msg":null,"resubmitToken":null,"success":true,"requestId":null,"content":{"pageNo":33,"pageSize":15,"positionResult":{"totalCount":1236,"resultSize":15,"locationInfo":{"city":"北京","district":null,"locationCode":null,"businessZone":null,"queryByGisCode":false},"queryAnalysisInfo":{"positionName":"c","companyName":null,"usefulCompany":false,"industryName":null},"strategyProperty":{"name":"dm-csearch-newSimScorer","id":1},"result":[{"companyId":77880,"formatCreateTime":"2016-08-24","score":0,"positionId":2179182,"positionName":"C++工程师","createTime":"2016-08-24 20:02:09","positionAdvantage":"牛人带队 无限零食 美女同事","salary":"8k-13k","approve":1,"workYear":"1-3年","education":"大专","city":"北京","companyLogo":"i/image/M00/1E/0A/Cgp3O1cGMnKAJ6NVAABVGSOXNvg268.png","jobNature":"全职","industryField":"移动互联网,硬件","companyShortName":"宾果智能科技","financeStage":"成长型(A轮)","companySize":"15-50人","companyLabelList":["股票期权","领导好","交通补助","五险一金"],"district":null,"businessZones":null,"imState":"today","lastLogin":1472563828000,"publisherId":1947980,"explain":null,"plus":null,"pcShow":0,"appShow":0,"deliver":0,"gradeDescription":null,"companyFullName":"宾果智能科技有限公司","adWord":0},{"companyId":9231,"formatCreateTime":"2016-08-24","score":0,"positionId":2227082,"positionName":"Linux C++","createTime":"2016-08-24 18:17:08","positionAdvantage":"五险一金 补充医疗 带薪年假 晋升空间大","salary":"10k-20k","approve":0,"workYear":"1-3年","education":"本科","city":"北京","companyLogo":"image1/M00/00/13/Cgo8PFTUWDmAc61LAAB0eHsgozM183.png","jobNature":"全职","industryField":"信息安全","companyShortName":"启明星辰","financeStage":"上市公司","companySize":"500-2000人","companyLabelList":["绩效奖金","专项奖金","五险一金","带薪年假"],"district":null,"businessZones":null,"imState":"today","lastLogin":1472533032000,"publisherId":1727841,"explain":null,"plus":null,"pcShow":0,"appShow":0,"deliver":0,"gradeDescription":null,"companyFullName":"北京启明星辰信息安全技术有限公司","adWord":0},{"companyId":8136,"formatCreateTime":"2016-08-24","score":0,"positionId":2115370,"positionName":"C#","createTime":"2016-08-24 17:22:42","positionAdvantage":"七险一金、带薪年假、餐补","salary":"10k-20k","approve":1,"workYear":"3-5年","education":"本科","city":"北京","companyLogo":"image1/M00/00/11/Cgo8PFTUWDGAciSbAABRt4Bhq3M215.jpg","jobNature":"全职","industryField":"数据服务,文化娱乐","companyShortName":"佳讯飞鸿","financeStage":"上市公司","companySize":"150-500人","companyLabelList":["免费班车","带薪年假","七险一金","员工持股"],"district":"海淀区","businessZones":null,"imState":"overSevenDays","lastLogin":1471589735000,"publisherId":96954,"explain":null,"plus":null,"pcShow":0,"appShow":0,"deliver":0,"gradeDescription":null,"companyFullName":"北京佳讯飞鸿电气股份有限公司","adWord":0},{"companyId":24406,"formatCreateTime":"2016-08-24","score":0,"positionId":1736016,"positionName":"ZK01-C++软件开发工程师","createTime":"2016-08-24 17:16:39","positionAdvantage":"五险一金 带薪年假 免费班车 年终奖金","salary":"8k-16k","approve":1,"workYear":"不限","education":"本科","city":"北京","companyLogo":"image1/M00/0A/CF/CgYXBlTwPYqAeGHBAABJwkw8Z8I860.jpg","jobNature":"全职","industryField":"移动互联网,数据服务","companyShortName":"方正电子","financeStage":"上市公司","companySize":"500-2000人","companyLabelList":["技能培训","免费班车","岗位晋升","管理规范"],"district":"海淀区","businessZones":["上地","马连洼","西二旗"],"imState":"today","lastLogin":1472553365000,"publisherId":293674,"explain":null,"plus":null,"pcShow":0,"appShow":0,"deliver":0,"gradeDescription":null,"companyFullName":"北京北大方正电子有限公司","adWord":0},{"companyId":9229,"formatCreateTime":"2016-08-24","score":0,"positionId":2199365,"positionName":"c++服务器工程师","createTime":"2016-08-24 16:58:47","positionAdvantage":"五险一金、年底双薪、带薪年假等","salary":"25k-35k","approve":0,"workYear":"5-10年","education":"大专","city":"北京","companyLogo":"image1/M00/00/13/CgYXBlTUWDmAP3IkAABVs2IzpVM208.png","jobNature":"全职","industryField":"移动互联网","companyShortName":"思行合远","financeStage":"初创型(未融资)","companySize":"15-50人","companyLabelList":["五险一金","绩效奖金","交通补助","通讯津贴"],"district":null,"businessZones":null,"imState":"disabled","lastLogin":1472548984000,"publisherId":1608579,"explain":null,"plus":null,"pcShow":0,"appShow":0,"deliver":0,"gradeDescription":null,"companyFullName":"北京思行合远网络科技有限公司","adWord":0},{"companyId":95131,"formatCreateTime":"2016-08-24","score":0,"positionId":2212178,"positionName":"VC/C/C++","createTime":"2016-08-24 16:49:14","positionAdvantage":"双休、五险一金、餐补、带薪年假等、","salary":"8k-15k","approve":1,"workYear":"1-3年","education":"本科","city":"北京","companyLogo":"i/image/M00/38/1C/CgqKkVdiHaWARV_lAAAUz86U3fs708.jpg","jobNature":"全职","industryField":"移动互联网","companyShortName":"信雅达","financeStage":"上市公司","companySize":"2000人以上","companyLabelList":null,"district":"海淀区","businessZones":null,"imState":"disabled","lastLogin":1472111721000,"publisherId":5875789,"explain":null,"plus":null,"pcShow":0,"appShow":0,"deliver":0,"gradeDescription":null,"companyFullName":"信雅达系统工程股份有限公司","adWord":0},{"companyId":118418,"formatCreateTime":"2016-08-24","score":0,"positionId":1625937,"positionName":"C#工程师","createTime":"2016-08-24 16:42:18","positionAdvantage":"各项补助 团队氛围好 8090后 高新企业","salary":"15k-20k","approve":0,"workYear":"3-5年","education":"本科","city":"北京","companyLogo":"i/image/M00/0F/C3/CgqKkVbegLSAKj2ZAABytuURx-E535.jpg","jobNature":"全职","industryField":"移动互联网,电子商务","companyShortName":"智慧互通（爱泊车）","financeStage":"成长型(不需要融资)","companySize":"150-500人","companyLabelList":["年底双薪","交通补助","带薪年假","通讯津贴"],"district":"海淀区","businessZones":["中关村","人民大学","苏州街"],"imState":"disabled","lastLogin":1472434997000,"publisherId":4430091,"explain":null,"plus":null,"pcShow":0,"appShow":0,"deliver":0,"gradeDescription":null,"companyFullName":"智慧互通科技有限公司","adWord":0},{"companyId":28884,"formatCreateTime":"2016-08-24","score":0,"positionId":2182041,"positionName":"C++开发","createTime":"2016-08-24 16:28:51","positionAdvantage":"五险一金 商业保险 午餐补助 年度体检","salary":"10k-15k","approve":0,"workYear":"不限","education":"大专","city":"北京","companyLogo":"i/image/M00/30/72/Cgp3O1dGjXiAQqhHAAASqrXY7Mk009.jpg","jobNature":"全职","industryField":"移动互联网","companyShortName":"鼎盾科技","financeStage":"上市公司","companySize":"15-50人","companyLabelList":["绩效奖金","五险一金","带薪年假","节日礼物"],"district":"西城区","businessZones":["德胜门","北太平庄","新街口"],"imState":"disabled","lastLogin":1472547983000,"publisherId":388833,"explain":null,"plus":null,"pcShow":0,"appShow":0,"deliver":0,"gradeDescription":null,"companyFullName":"北京鼎盾信息科技有限公司","adWord":0},{"companyId":62755,"formatCreateTime":"2016-08-24","score":0,"positionId":2242528,"positionName":"C++","createTime":"2016-08-24 16:20:29","positionAdvantage":"五险一金 员工持股计划","salary":"8k-15k","approve":1,"workYear":"1-3年","education":"硕士","city":"北京","companyLogo":"image1/M00/1C/E1/CgYXBlUnfjeAYAQhAABxeW9Mwco809.jpg","jobNature":"全职","industryField":"移动互联网","companyShortName":"金坤科创","financeStage":"成长型(不需要融资)","companySize":"50-150人","companyLabelList":["技能培训","管理规范","五险一金"],"district":"海淀区","businessZones":["苏州街","中关村","北京大学"],"imState":"today","lastLogin":1472545693000,"publisherId":1569058,"explain":null,"plus":null,"pcShow":0,"appShow":0,"deliver":0,"gradeDescription":null,"companyFullName":"北京金坤科创技术有限公司","adWord":0},{"companyId":62538,"formatCreateTime":"2016-08-24","score":0,"positionId":2209924,"positionName":"C++","createTime":"2016-08-24 16:20:20","positionAdvantage":"五险一金、年底双薪、带薪年假、节日福利..","salary":"4k-7k","approve":1,"workYear":"不限","education":"本科","city":"北京","companyLogo":"image1/M00/1C/8C/CgYXBlUmMq6AUp6gAACSVayov5k777.png","jobNature":"全职","industryField":"移动互联网,电子商务","companyShortName":"掌上先机-旺店通ERP","financeStage":"成长型(不需要融资)","companySize":"150-500人","companyLabelList":["技能培训","节日礼物","专项奖金","带薪年假"],"district":"海淀区","businessZones":["牡丹园","北太平庄","学院路"],"imState":"threeDays","lastLogin":1472454229000,"publisherId":5865390,"explain":null,"plus":null,"pcShow":0,"appShow":0,"deliver":0,"gradeDescription":null,"companyFullName":"北京掌上先机网络科技有限公司","adWord":0},{"companyId":28625,"formatCreateTime":"2016-08-24","score":0,"positionId":566615,"positionName":".NET c#工程师","createTime":"2016-08-24 16:06:32","positionAdvantage":"广阔空间、丰厚薪酬、免费午餐、美女相伴","salary":"10k-20k","approve":1,"workYear":"3-5年","education":"本科","city":"北京","companyLogo":"image1/M00/00/3F/CgYXBlTUXMCASyTxAAChZCsrEPI053.jpg","jobNature":"全职","industryField":"移动互联网,电子商务","companyShortName":"薪福控股","financeStage":"初创型(未融资)","companySize":"50-150人","companyLabelList":["文化浓厚","岗位晋升","扁平管理","领导好"],"district":"海淀区","businessZones":["苏州街","万泉河","颐和园"],"imState":"disabled","lastLogin":1472545288000,"publisherId":997505,"explain":null,"plus":null,"pcShow":0,"appShow":0,"deliver":0,"gradeDescription":null,"companyFullName":"薪福卡企业管理服务（北京）有限公司","adWord":0},{"companyId":99484,"formatCreateTime":"2016-08-24","score":0,"positionId":2237125,"positionName":"高级C++开发工程师","createTime":"2016-08-24 16:03:22","positionAdvantage":"底层架构开发、核心岗位、全额公积金","salary":"15k-25k","approve":0,"workYear":"5-10年","education":"本科","city":"北京","companyLogo":"i/image/M00/04/2F/Cgp3O1bG1kmAdrlLAABBZhDLFLc975.jpg","jobNature":"全职","industryField":"信息安全,数据服务","companyShortName":"上海欣方","financeStage":"初创型(未融资)","companySize":"150-500人","companyLabelList":null,"district":"海淀区","businessZones":["上地","西二旗","马连洼"],"imState":"disabled","lastLogin":1472175073000,"publisherId":1541247,"explain":null,"plus":null,"pcShow":0,"appShow":0,"deliver":0,"gradeDescription":null,"companyFullName":"上海欣方智能系统有限公司","adWord":0},{"companyId":136885,"formatCreateTime":"2016-08-24","score":0,"positionId":2039750,"positionName":"C++高级工程师","createTime":"2016-08-24 15:48:49","positionAdvantage":"五险一金、餐补、交通补助、节假日福利等等","salary":"8k-16k","approve":0,"workYear":"1-3年","education":"本科","city":"北京","companyLogo":"i/image/M00/3F/0C/CgqKkVd2FSOAdVxtAACujdN37bk426.jpg","jobNature":"全职","industryField":"其他","companyShortName":"中悦科技","financeStage":"上市公司","companySize":"150-500人","companyLabelList":null,"district":"朝阳区","businessZones":["国展","左家庄","太阳宫"],"imState":"disabled","lastLogin":1472024899000,"publisherId":5518572,"explain":null,"plus":null,"pcShow":0,"appShow":0,"deliver":0,"gradeDescription":null,"companyFullName":"中悦科技股份有限公司","adWord":0},{"companyId":101164,"formatCreateTime":"2016-08-24","score":0,"positionId":2283117,"positionName":"C#","createTime":"2016-08-24 15:40:34","positionAdvantage":"高薪,补助,海外旅游","salary":"8k-12k","approve":1,"workYear":"1年以下","education":"本科","city":"北京","companyLogo":"image2/M00/0D/E4/CgpzWlYhv52AV7WMAAApFGtorf4987.jpg?cc=0.588713024975732","jobNature":"全职","industryField":"移动互联网,社交网络","companyShortName":"创宏世纪","financeStage":"初创型(不需要融资)","companySize":"15-50人","companyLabelList":["股票期权","专项奖金","带薪年假","年度旅游"],"district":"海淀区","businessZones":["苏州桥","万柳","万泉河"],"imState":"threeDays","lastLogin":1472454037000,"publisherId":2851007,"explain":null,"plus":null,"pcShow":0,"appShow":0,"deliver":0,"gradeDescription":null,"companyFullName":"北京创宏世纪科技有限公司","adWord":0},{"companyId":123777,"formatCreateTime":"2016-08-24","score":0,"positionId":2166462,"positionName":"C","createTime":"2016-08-24 15:38:08","positionAdvantage":"五险一金;带薪年假;优秀团队;免费班车","salary":"10k-16k","approve":0,"workYear":"1-3年","education":"本科","city":"北京","companyLogo":"i/image/M00/2E/03/CgqKkVc9jmCAI8DpAAD09YLPnBk157.png","jobNature":"全职","industryField":"电子商务,企业服务","companyShortName":"通力互联","financeStage":"成熟型(不需要融资)","companySize":"2000人以上","companyLabelList":["绩效奖金","交通补助","定期体检","通讯津贴"],"district":"朝阳区","businessZones":["望京","大山子","酒仙桥"],"imState":"disabled","lastLogin":1472434453000,"publisherId":5227665,"explain":null,"plus":null,"pcShow":0,"appShow":0,"deliver":0,"gradeDescription":null,"companyFullName":"北京通力互联技术服务有限公司","adWord":0}]}},"code":0}