{"msg":null,"resubmitToken":null,"success":true,"requestId":null,"content":{"pageNo":2,"pageSize":15,"positionResult":{"totalCount":1236,"resultSize":15,"locationInfo":{"city":"北京","district":null,"locationCode":null,"businessZone":null,"queryByGisCode":false},"queryAnalysisInfo":{"positionName":"c","companyName":null,"usefulCompany":false,"industryName":null},"strategyProperty":{"name":"dm-csearch-newSimScorer","id":1},"result":[{"companyId":4502,"formatCreateTime":"17:53发布","score":0,"positionId":245462,"positionName":"C/C++","createTime":"2016-08-30 17:53:11","positionAdvantage":"核心技术，进步空间，团队氛围，企业文化","salary":"8k-16k","approve":1,"workYear":"1-3年","education":"本科","city":"北京","companyLogo":"image1/M00/3D/79/CgYXBlW4esGALwfxAAA54wwdGP8713.jpg","jobNature":"全职","industryField":"移动互联网,企业服务","companyShortName":"世纪鼎点","financeStage":"成长型(B轮)","companySize":"50-150人","companyLabelList":["年终分红","绩效奖金","年底双薪","股票期权"],"district":"海淀区","businessZones":["五道口","清华大学","中关村"],"imState":"disabled","lastLogin":1472550734000,"publisherId":86788,"explain":null,"plus":null,"pcShow":0,"appShow":0,"deliver":0,"gradeDescription":null,"companyFullName":"北京世纪鼎点软件有限公司","adWord":0},{"companyId":114494,"formatCreateTime":"16:55发布","score":0,"positionId":1467245,"positionName":"C++软件开发工程师","createTime":"2016-08-30 16:55:19","positionAdvantage":"13-15薪，5A写字楼，真格创新工场领投","salary":"15k-30k","approve":0,"workYear":"3-5年","education":"本科","city":"北京","companyLogo":"i/image/M00/03/B9/Cgp3O1bC1J-AOWIqAACOEUDAfD0722.jpg","jobNature":"全职","industryField":"数据服务,移动互联网","companyShortName":"trustdata","financeStage":"成长型(A轮)","companySize":"15-50人","companyLabelList":["年底双薪","绩效奖金","股票期权","带薪年假"],"district":"朝阳区","businessZones":["大山子","望京","酒仙桥"],"imState":"disabled","lastLogin":1472547285000,"publisherId":3850119,"explain":null,"plus":null,"pcShow":0,"appShow":0,"deliver":0,"gradeDescription":null,"companyFullName":"北京麒麟心通网络技术有限公司","adWord":0},{"companyId":132786,"formatCreateTime":"16:46发布","score":0,"positionId":2084871,"positionName":"QT/C++软件开发工程师","createTime":"2016-08-30 16:46:55","positionAdvantage":"五险一金 年底双薪 带薪年假 节日福利","salary":"10k-20k","approve":0,"workYear":"1-3年","education":"本科","city":"北京","companyLogo":"i/image/M00/43/FD/CgqKkVeEkMWAAkeIAAA3BdbCiSI995.png","jobNature":"全职","industryField":"硬件","companyShortName":"塔米智能","financeStage":"成长型(A轮)","companySize":"50-150人","companyLabelList":["五险一金","年底双薪","带薪年假","年度旅游"],"district":"海淀区","businessZones":["苏州街","苏州桥","万泉河"],"imState":"today","lastLogin":1472546809000,"publisherId":5484965,"explain":null,"plus":null,"pcShow":0,"appShow":0,"deliver":0,"gradeDescription":null,"companyFullName":"塔米智能科技（北京）有限公司","adWord":0},{"companyId":58628,"formatCreateTime":"16:45发布","score":0,"positionId":2024422,"positionName":"C++","createTime":"2016-08-30 16:45:33","positionAdvantage":"待遇好","salary":"20k-35k","approve":0,"workYear":"5-10年","education":"本科","city":"北京","companyLogo":"i/image/M00/3F/E4/CgqKkVd5vJaAKH4oAAFJgj0gCjA341.png","jobNature":"全职","industryField":"移动互联网,电子商务","companyShortName":"中电普华","financeStage":"成熟型(不需要融资)","companySize":"2000人以上","companyLabelList":["节日礼物","年度旅游","五险一金","弹性工作"],"district":"朝阳区","businessZones":["潘家园","劲松","南磨房"],"imState":"today","lastLogin":1472543128000,"publisherId":1679089,"explain":null,"plus":null,"pcShow":0,"appShow":0,"deliver":0,"gradeDescription":null,"companyFullName":"嘉琪科技（北京）有限公司","adWord":0},{"companyId":84670,"formatCreateTime":"16:43发布","score":0,"positionId":1741490,"positionName":"软件工程师--C++方向","createTime":"2016-08-30 16:43:39","positionAdvantage":"专注产品，技术大牛等你来","salary":"10k-13k","approve":0,"workYear":"1-3年","education":"本科","city":"北京","companyLogo":"image1/M00/3B/5E/Cgo8PFWwW--AQdGrAADKHTyU5fo207.png?cc=0.006574669387191534","jobNature":"全职","industryField":"移动互联网,硬件","companyShortName":"东方广视","financeStage":"成长型(不需要融资)","companySize":"150-500人","companyLabelList":["节日礼物","年底双薪","带薪年假","岗位晋升"],"district":"昌平区","businessZones":null,"imState":"today","lastLogin":1472546590000,"publisherId":2167128,"explain":null,"plus":null,"pcShow":0,"appShow":0,"deliver":0,"gradeDescription":null,"companyFullName":"北京东方广视科技股份有限公司","adWord":0},{"companyId":143632,"formatCreateTime":"16:24发布","score":0,"positionId":2226777,"positionName":"C++软件工程师","createTime":"2016-08-30 16:24:21","positionAdvantage":"五险一金，交通补助，节日福利","salary":"6k-10k","approve":0,"workYear":"1-3年","education":"本科","city":"北京","companyLogo":"i/image/M00/4E/B9/Cgp3O1esMeGASSOCAAAYOW4mdaY972.jpg","jobNature":"全职","industryField":"信息安全","companyShortName":"北京博睿勤","financeStage":"初创型(未融资)","companySize":"15-50人","companyLabelList":null,"district":"海淀区","businessZones":["北下关","交通大学","白石桥"],"imState":"disabled","lastLogin":1472545459000,"publisherId":5894127,"explain":null,"plus":null,"pcShow":0,"appShow":0,"deliver":0,"gradeDescription":null,"companyFullName":"北京博睿勤信息技术有限公司","adWord":0},{"companyId":56041,"formatCreateTime":"16:21发布","score":0,"positionId":2207589,"positionName":"C#软件工程师","createTime":"2016-08-30 16:21:28","positionAdvantage":"月薪12000","salary":"8k-12k","approve":0,"workYear":"1-3年","education":"本科","city":"北京","companyLogo":"image1/M00/18/01/CgYXBlUTZzuAUY09AADBgqToLgo202.jpg","jobNature":"全职","industryField":"电子商务,金融","companyShortName":"任网行","financeStage":"成长型(不需要融资)","companySize":"50-150人","companyLabelList":["技能培训","专项奖金","带薪年假","岗位晋升"],"district":"昌平区","businessZones":["东小口","立水桥","天通苑"],"imState":"disabled","lastLogin":1472545234000,"publisherId":1409429,"explain":null,"plus":null,"pcShow":0,"appShow":0,"deliver":0,"gradeDescription":null,"companyFullName":"北京任网行科技有限公司","adWord":0},{"companyId":77211,"formatCreateTime":"16:12发布","score":0,"positionId":2306402,"positionName":"C++","createTime":"2016-08-30 16:12:12","positionAdvantage":"技术大牛,期权,发展空间,团队强大","salary":"20k-35k","approve":0,"workYear":"不限","education":"本科","city":"北京","companyLogo":"i/image/M00/47/60/CgqKkVePNPWAV26lAAAQSi9Xn7Y663.png","jobNature":"全职","industryField":"企业服务,招聘","companyShortName":"TalentsMatrix","financeStage":"初创型(不需要融资)","companySize":"少于15人","companyLabelList":["美女多","高提成","定期体检","氛围好"],"district":"昌平区","businessZones":["回龙观"],"imState":"today","lastLogin":1472549507000,"publisherId":5791344,"explain":null,"plus":null,"pcShow":0,"appShow":0,"deliver":0,"gradeDescription":null,"companyFullName":"北京弘毅无忌企业管理咨询有限公司","adWord":0},{"companyId":36653,"formatCreateTime":"16:01发布","score":0,"positionId":1298956,"positionName":"C++","createTime":"2016-08-30 16:01:58","positionAdvantage":"项目奖金高，职位晋升快，团队氛围轻松","salary":"15k-25k","approve":1,"workYear":"3-5年","education":"本科","city":"北京","companyLogo":"i/image/M00/00/DA/CgqKkVZX9vOAYWo0AABeOWNfumo988.jpg","jobNature":"全职","industryField":"企业服务,信息安全","companyShortName":"四维益友","financeStage":"初创型(未融资)","companySize":"150-500人","companyLabelList":["年底双薪","节日礼物","技能培训","绩效奖金"],"district":"海淀区","businessZones":["五棵松","万寿路","公主坟"],"imState":"disabled","lastLogin":1472544122000,"publisherId":642016,"explain":null,"plus":null,"pcShow":0,"appShow":0,"deliver":0,"gradeDescription":null,"companyFullName":"北京四维益友信息技术有限公司","adWord":0},{"companyId":26862,"formatCreateTime":"15:54发布","score":0,"positionId":1899860,"positionName":"C++音视频开发工程师","createTime":"2016-08-30 15:54:03","positionAdvantage":"六险一金 弹性工作时间","salary":"15k-20k","approve":1,"workYear":"1-3年","education":"本科","city":"北京","companyLogo":"i/image/M00/4C/E7/CgqKkVekLVKAN03JAAA7UgxjrTc071.png","jobNature":"全职","industryField":"移动互联网,文化娱乐","companyShortName":"北京红云融通技术有限公司","financeStage":"初创型(未融资)","companySize":"150-500人","companyLabelList":["五险一金","通讯津贴","交通补助","带薪年假"],"district":"海淀区","businessZones":["航天桥","八里庄","北洼路"],"imState":"disabled","lastLogin":1472543430000,"publisherId":334629,"explain":null,"plus":null,"pcShow":0,"appShow":0,"deliver":0,"gradeDescription":null,"companyFullName":"北京红云融通技术有限公司","adWord":0},{"companyId":72193,"formatCreateTime":"15:31发布","score":0,"positionId":2306056,"positionName":"C/C++软件开发工程师","createTime":"2016-08-30 15:31:48","positionAdvantage":"Pre-IPO Equity,Flexible Working Hours","salary":"20k-35k","approve":0,"workYear":"3-5年","education":"本科","city":"北京","companyLogo":"i/image/M00/13/69/Cgp3O1bngIqAFQF2AAAP3AtJQ7U720.png","jobNature":"全职","industryField":"数据服务","companyShortName":"毕威拓科技（北京）有限公司","financeStage":"成熟型(不需要融资)","companySize":"500-2000人","companyLabelList":["技能培训","节日礼物","股票期权","带薪年假"],"district":"海淀区","businessZones":["中关村"],"imState":"disabled","lastLogin":1472570865000,"publisherId":5544900,"explain":null,"plus":null,"pcShow":0,"appShow":0,"deliver":0,"gradeDescription":null,"companyFullName":"Pivotal","adWord":0},{"companyId":16799,"formatCreateTime":"15:27发布","score":0,"positionId":2192197,"positionName":"C#","createTime":"2016-08-30 15:27:35","positionAdvantage":"高薪，集体旅游，办公环境棒，技术大牛多","salary":"20k-40k","approve":1,"workYear":"不限","education":"本科","city":"北京","companyLogo":"i/image/M00/36/C5/CgqKkVdefqCAeTtAAABaDqGTOvY825.png","jobNature":"全职","industryField":"移动互联网,教育","companyShortName":"猿辅导","financeStage":"成熟型(D轮及以上)","companySize":"150-500人","companyLabelList":["股票期权","年底双薪","五险一金","带薪年假"],"district":"朝阳区","businessZones":["三里屯","工体","团结湖"],"imState":"disabled","lastLogin":1472562626000,"publisherId":195829,"explain":null,"plus":null,"pcShow":0,"appShow":0,"deliver":0,"gradeDescription":null,"companyFullName":"北京粉笔未来科技有限公司","adWord":0},{"companyId":26142,"formatCreateTime":"15:24发布","score":0,"positionId":1696707,"positionName":"C++（客户端方向）","createTime":"2016-08-30 15:24:15","positionAdvantage":"腾讯游戏 五险一金 年底奖金 定期体检","salary":"15k-25k","approve":1,"workYear":"3-5年","education":"本科","city":"北京","companyLogo":"image1/M00/00/37/Cgo8PFTUXJ2AU7noAABpZzr2XMg281.jpg","jobNature":"全职","industryField":"游戏","companyShortName":"QQ炫舞","financeStage":"成熟型(不需要融资)","companySize":"500-2000人","companyLabelList":["年终分红","专项奖金","五险一金","带薪年假"],"district":"东城区","businessZones":["东直门","海运仓","东四","东直门","海运仓","东四"],"imState":"disabled","lastLogin":1472548013000,"publisherId":4787259,"explain":null,"plus":null,"pcShow":0,"appShow":0,"deliver":0,"gradeDescription":null,"companyFullName":"北京永航科技有限公司","adWord":0},{"companyId":117044,"formatCreateTime":"15:21发布","score":0,"positionId":1547824,"positionName":"客户端C++开发","createTime":"2016-08-30 15:21:32","positionAdvantage":"美女帅哥群集地，老板千年难遇的Nice哦！","salary":"10k-20k","approve":0,"workYear":"不限","education":"本科","city":"北京","companyLogo":"i/image/M00/0C/2D/CgqKkVbW4RCAFFJjAAAY_GlH6n4666.png","jobNature":"全职","industryField":"信息安全,企业服务","companyShortName":"正镛科技","financeStage":"初创型(不需要融资)","companySize":"15-50人","companyLabelList":["年底双薪","午餐补助","带薪年假","弹性工作"],"district":"海淀区","businessZones":["上地","马连洼","西二旗"],"imState":"disabled","lastLogin":1472541473000,"publisherId":4239611,"explain":null,"plus":null,"pcShow":0,"appShow":0,"deliver":0,"gradeDescription":null,"companyFullName":"北京正镛信息技术有限公司","adWord":0},{"companyId":128957,"formatCreateTime":"15:20发布","score":0,"positionId":2305942,"positionName":"C++开发","createTime":"2016-08-30 15:20:22","positionAdvantage":"广阔发展空间，与世界顶级研究者共同工作!","salary":"12k以上","approve":1,"workYear":"1-3年","education":"本科","city":"北京","companyLogo":"i/image/M00/30/25/Cgp3O1dFcgCAADeeAABrPM3mN7A246.jpg","jobNature":"全职","industryField":"硬件,企业服务","companyShortName":"深鉴科技","financeStage":"初创型(天使轮)","companySize":"15-50人","companyLabelList":null,"district":null,"businessZones":null,"imState":"today","lastLogin":1472544963000,"publisherId":5038335,"explain":null,"plus":null,"pcShow":0,"appShow":0,"deliver":0,"gradeDescription":null,"companyFullName":"北京深鉴科技有限公司","adWord":0}]}},"code":0}