{"msg":null,"resubmitToken":null,"success":true,"requestId":null,"content":{"pageNo":57,"pageSize":15,"positionResult":{"totalCount":1236,"resultSize":15,"locationInfo":{"city":"北京","district":null,"locationCode":null,"businessZone":null,"queryByGisCode":false},"queryAnalysisInfo":{"positionName":"c","companyName":null,"usefulCompany":false,"industryName":null},"strategyProperty":{"name":"dm-csearch-newSimScorer","id":1},"result":[{"companyId":5323,"formatCreateTime":"2016-08-15","score":0,"positionId":1359162,"positionName":"Linux C 开发（网络编程 高级）","createTime":"2016-08-15 13:46:45","positionAdvantage":"全额五险一金 1年3次带薪旅游","salary":"15k-25k","approve":0,"workYear":"3-5年","education":"本科","city":"北京","companyLogo":"image2/M00/04/06/CgqLKVXv_QqABhLUAAAIz5ccW1g839.jpg","jobNature":"全职","industryField":"企业服务","companyShortName":"天元特通","financeStage":"成长型(B轮)","companySize":"50-150人","companyLabelList":["节日礼物","技能培训","绩效奖金","年度旅游"],"district":"朝阳区","businessZones":["小关","安慧桥","安贞"],"imState":"today","lastLogin":1472519307000,"publisherId":1568333,"explain":null,"plus":null,"pcShow":0,"appShow":0,"deliver":0,"gradeDescription":null,"companyFullName":"北京天元特通科技有限公司","adWord":0},{"companyId":21372,"formatCreateTime":"2016-08-15","score":0,"positionId":596140,"positionName":"C高级程序员","createTime":"2016-08-15 09:51:44","positionAdvantage":"五险一金","salary":"8k-15k","approve":1,"workYear":"3-5年","education":"本科","city":"北京","companyLogo":"i/image/M00/2B/18/CgqKkVcz85aAUyt4AAAnh1HgHtQ724.jpg","jobNature":"全职","industryField":"生活服务","companyShortName":"搜房网","financeStage":"上市公司","companySize":"2000人以上","companyLabelList":["股票期权","带薪年假","绩效奖金","午餐补助"],"district":"丰台区","businessZones":["世界公园","科技园区","看丹桥"],"imState":"disabled","lastLogin":1472521449000,"publisherId":1595150,"explain":null,"plus":null,"pcShow":0,"appShow":0,"deliver":0,"gradeDescription":null,"companyFullName":"北京搜房网络技术有限公司","adWord":0},{"companyId":4094,"formatCreateTime":"2016-08-13","score":0,"positionId":2234167,"positionName":"C++","createTime":"2016-08-13 13:37:20","positionAdvantage":"整体负责后台业务，待遇丰厚","salary":"15k-30k","approve":0,"workYear":"不限","education":"本科","city":"北京","companyLogo":"image1/M00/00/0A/Cgo8PFTUWBWAPNcQAACRZ46h_Ic247.jpg","jobNature":"全职","industryField":"移动互联网","companyShortName":"爱唱","financeStage":"成长型(A轮)","companySize":"15-50人","companyLabelList":["股票期权","年底双薪","五险一金","通讯津贴"],"district":"海淀区","businessZones":["中关村","人民大学"],"imState":"disabled","lastLogin":1472275605000,"publisherId":4056798,"explain":null,"plus":null,"pcShow":0,"appShow":0,"deliver":0,"gradeDescription":null,"companyFullName":"北京星辉点点科技有限公司","adWord":0},{"companyId":4836,"formatCreateTime":"2016-08-12","score":0,"positionId":1612434,"positionName":"C++后台开发工程师","createTime":"2016-08-12 11:02:56","positionAdvantage":"公司平台好","salary":"25k-35k","approve":1,"workYear":"3-5年","education":"本科","city":"北京","companyLogo":"image2/M00/07/C8/CgpzWlYAsfGATpk7AAAJkGWG2kk774.png?cc=0.19381895544938743","jobNature":"全职","industryField":"电子商务","companyShortName":"京东商城","financeStage":"上市公司","companySize":"2000人以上","companyLabelList":["技能培训","年底双薪","节日礼物","绩效奖金"],"district":"朝阳区","businessZones":["大屯","奥运村","亚运村","景山","沙滩","地安门"],"imState":"disabled","lastLogin":1472017718000,"publisherId":116907,"explain":null,"plus":null,"pcShow":0,"appShow":0,"deliver":0,"gradeDescription":null,"companyFullName":"北京京东尚科信息技术有限公司","adWord":0},{"companyId":11351,"formatCreateTime":"2016-08-12","score":0,"positionId":2140316,"positionName":"C#","createTime":"2016-08-12 10:55:03","positionAdvantage":"公司发展前景好，强力技术党，团队氛围融洽","salary":"8k-12k","approve":1,"workYear":"1-3年","education":"本科","city":"北京","companyLogo":"image1/M00/00/16/CgYXBlTUWEiAWbmqAACHdi5l7LM833.jpg","jobNature":"全职","industryField":"数据服务","companyShortName":"北京布瑞克农业信息科技有限责任公司","financeStage":"成长型(A轮)","companySize":"15-50人","companyLabelList":["技能培训","岗位晋升","扁平管理","五险一金"],"district":"海淀区","businessZones":["双榆树","中关村"],"imState":"disabled","lastLogin":1472431889000,"publisherId":144725,"explain":null,"plus":null,"pcShow":0,"appShow":0,"deliver":0,"gradeDescription":null,"companyFullName":"北京布瑞克农业信息科技有限责任公司","adWord":0},{"companyId":143048,"formatCreateTime":"2016-08-12","score":0,"positionId":2229679,"positionName":"c#（上位机）","createTime":"2016-08-12 10:49:16","positionAdvantage":"五险一金，带薪年假，管吃，团队建设等！","salary":"10k-12k","approve":1,"workYear":"1-3年","education":"不限","city":"北京","companyLogo":"i/image/M00/4E/3B/Cgp3O1eqjK6ABbnBAAAo6SvzlGM735.png","jobNature":"全职","industryField":"移动互联网,电子商务","companyShortName":"共友时代","financeStage":"初创型(未融资)","companySize":"50-150人","companyLabelList":null,"district":null,"businessZones":null,"imState":"disabled","lastLogin":1471310025000,"publisherId":5871605,"explain":null,"plus":null,"pcShow":0,"appShow":0,"deliver":0,"gradeDescription":null,"companyFullName":"共友时代（北京）科技股份有限公司","adWord":0},{"companyId":63186,"formatCreateTime":"2016-08-12","score":0,"positionId":1072718,"positionName":"C++软件工程师","createTime":"2016-08-12 10:47:32","positionAdvantage":"行业发展前景好，环境优良，苏州重点工程。","salary":"8k-10k","approve":0,"workYear":"1-3年","education":"本科","city":"北京","companyLogo":"images/logo_default.png","jobNature":"全职","industryField":"其他","companyShortName":"优纳","financeStage":"初创型(未融资)","companySize":"150-500人","companyLabelList":["年底双薪","带薪年假","绩效奖金","定期体检"],"district":"海淀区","businessZones":["上地","西二旗","马连洼"],"imState":"sevenDays","lastLogin":1472174032000,"publisherId":1578928,"explain":null,"plus":null,"pcShow":0,"appShow":0,"deliver":0,"gradeDescription":null,"companyFullName":"北京优纳科技有限公司","adWord":0},{"companyId":4562,"formatCreateTime":"2016-08-12","score":0,"positionId":1962619,"positionName":"windows C++程序猿","createTime":"2016-08-12 10:46:24","positionAdvantage":"加班补助,气氛和谐,nice老,漂亮人事","salary":"6k-10k","approve":0,"workYear":"不限","education":"大专","city":"北京","companyLogo":"image1/M00/00/0B/Cgo8PFTUWBmAN9EIAABkZZ3WdRo559.png","jobNature":"全职","industryField":"信息安全","companyShortName":"江民","financeStage":"初创型(未融资)","companySize":"50-150人","companyLabelList":["专项奖金","带薪年假","年度旅游","岗位晋升"],"district":"海淀区","businessZones":["远大路","世纪城","四季青"],"imState":"overSevenDays","lastLogin":1471485338000,"publisherId":5002892,"explain":null,"plus":null,"pcShow":0,"appShow":0,"deliver":0,"gradeDescription":null,"companyFullName":"北京江民新科技术有限公司","adWord":0},{"companyId":38502,"formatCreateTime":"2016-08-12","score":0,"positionId":1044567,"positionName":"Linux Python/C++研发工程师","createTime":"2016-08-12 10:13:26","positionAdvantage":"六险一金，氛围好，平台好，领导好","salary":"8k-15k","approve":1,"workYear":"1-3年","education":"本科","city":"北京","companyLogo":"image1/M00/00/5E/CgYXBlTUXUGASdaiAABw_S7pMuk963.jpg","jobNature":"全职","industryField":"移动互联网","companyShortName":"新奥特云视","financeStage":"成长型(不需要融资)","companySize":"150-500人","companyLabelList":["六险一金","带薪年假","定期体检","午餐补助"],"district":"海淀区","businessZones":["上地","西二旗","马连洼"],"imState":"disabled","lastLogin":1472532257000,"publisherId":2062601,"explain":null,"plus":null,"pcShow":0,"appShow":0,"deliver":0,"gradeDescription":null,"companyFullName":"北京新奥特云视科技有限公司","adWord":0},{"companyId":24022,"formatCreateTime":"2016-08-12","score":0,"positionId":1180342,"positionName":"C++高级研发工程师","createTime":"2016-08-12 09:24:09","positionAdvantage":"五险一金 年底双薪 绩效奖金 等等","salary":"15k-20k","approve":1,"workYear":"3-5年","education":"大专","city":"北京","companyLogo":"image1/M00/00/30/Cgo8PFTUXIOABuGaAAA6UOSKoT4369.jpg","jobNature":"全职","industryField":"移动互联网,数据服务","companyShortName":"容联云通讯","financeStage":"成长型(B轮)","companySize":"150-500人","companyLabelList":["年底双薪","五险一金","带薪年假","节日礼物"],"district":"朝阳区","businessZones":["望京","花家地","来广营"],"imState":"sevenDays","lastLogin":1472192435000,"publisherId":293649,"explain":null,"plus":null,"pcShow":0,"appShow":0,"deliver":0,"gradeDescription":null,"companyFullName":"北京容联易通信息技术有限公司","adWord":0},{"companyId":110759,"formatCreateTime":"2016-08-11","score":0,"positionId":2228360,"positionName":"高级c++开发工程师","createTime":"2016-08-11 20:27:38","positionAdvantage":"优秀的企业文化和广阔的职业发展空间","salary":"5k-10k","approve":0,"workYear":"5-10年","education":"本科","city":"北京","companyLogo":"i/image/M00/01/C8/Cgp3O1Z3mmqAXX3yAAAmjP6XrXQ829.png","jobNature":"全职","industryField":"其他,企业服务","companyShortName":"北京国能日新","financeStage":"成长型(不需要融资)","companySize":"150-500人","companyLabelList":["绩效奖金","定期体检","带薪年假","午餐补助"],"district":"朝阳区","businessZones":["奥运村","北沙滩"],"imState":"disabled","lastLogin":1471239943000,"publisherId":3599399,"explain":null,"plus":null,"pcShow":0,"appShow":0,"deliver":0,"gradeDescription":null,"companyFullName":"北京国能日新系统控制技术有限公司","adWord":0},{"companyId":129477,"formatCreateTime":"2016-08-11","score":0,"positionId":2156871,"positionName":"C++开发工程师","createTime":"2016-08-11 19:45:02","positionAdvantage":"视频大脑成功创业团队","salary":"6k-12k","approve":0,"workYear":"不限","education":"大专","city":"北京","companyLogo":"i/image/M00/2B/94/CgqKkVc1WgOAGrT6AABMo4LbR70018.png","jobNature":"全职","industryField":"移动互联网,电子商务","companyShortName":"四川戴普科技","financeStage":"初创型(未融资)","companySize":"15-50人","companyLabelList":null,"district":"海淀区","businessZones":["中关村","知春路","人民大学"],"imState":"overSevenDays","lastLogin":1470915812000,"publisherId":5070224,"explain":null,"plus":null,"pcShow":0,"appShow":0,"deliver":0,"gradeDescription":null,"companyFullName":"四川戴普科技有限公司","adWord":0},{"companyId":24799,"formatCreateTime":"2016-08-11","score":0,"positionId":2103591,"positionName":"生物信息算法工程师（C++）","createTime":"2016-08-11 17:34:18","positionAdvantage":"双休、弹性工作、年假、前景绝对很好","salary":"10k-20k","approve":1,"workYear":"不限","education":"本科","city":"北京","companyLogo":"image1/M00/31/64/Cgo8PFWLj8GANSG0AAARz_zcgrk833.jpg","jobNature":"全职","industryField":"医疗健康","companyShortName":"CelLoud","financeStage":"成长型(A轮)","companySize":"15-50人","companyLabelList":["技能培训","带薪年假","五险一金","交通补助"],"district":null,"businessZones":null,"imState":"overSevenDays","lastLogin":1470908031000,"publisherId":295457,"explain":null,"plus":null,"pcShow":0,"appShow":0,"deliver":0,"gradeDescription":null,"companyFullName":"上海华点云生物科技有限公司","adWord":0},{"companyId":39577,"formatCreateTime":"2016-08-11","score":0,"positionId":742420,"positionName":"C++高级软件开发工程师","createTime":"2016-08-11 17:32:18","positionAdvantage":"大平台，福利好","salary":"20k-30k","approve":0,"workYear":"5-10年","education":"本科","city":"北京","companyLogo":"i/image/M00/10/DF/CgqKkVbg3xSAeLBnAAAiCM9wsfQ498.png","jobNature":"全职","industryField":"移动互联网","companyShortName":"瞭望网","financeStage":"成长型(A轮)","companySize":"150-500人","companyLabelList":["年底双薪","带薪年假","绩效奖金","年终分红"],"district":"海淀区","businessZones":["紫竹桥","四季青","世纪城"],"imState":"today","lastLogin":1472543360000,"publisherId":724593,"explain":null,"plus":null,"pcShow":0,"appShow":0,"deliver":0,"gradeDescription":null,"companyFullName":"瞭望网(北京)文化传媒有限公司","adWord":0},{"companyId":113422,"formatCreateTime":"2016-08-11","score":0,"positionId":2227514,"positionName":"C#","createTime":"2016-08-11 17:27:53","positionAdvantage":"朝9晚6,待遇好","salary":"20k-30k","approve":0,"workYear":"5-10年","education":"本科","city":"北京","companyLogo":"i/image/M00/02/FF/CgqKkValjKqAWeuoAAAHtgERBv8500.gif","jobNature":"全职","industryField":"其他","companyShortName":"斯伦贝谢","financeStage":"上市公司","companySize":"2000人以上","companyLabelList":null,"district":"海淀区","businessZones":["五道口","清华大学","中关村"],"imState":"disabled","lastLogin":1472433477000,"publisherId":5685109,"explain":null,"plus":null,"pcShow":0,"appShow":0,"deliver":0,"gradeDescription":null,"companyFullName":"斯伦贝谢技术有限公司","adWord":0}]}},"code":0}