{"success":true,"requestId":null,"resubmitToken":null,"msg":null,"content":{"pageNo":25,"pageSize":15,"positionResult":{"resultSize":15,"totalCount":1236,"locationInfo":{"businessZone":null,"queryByGisCode":false,"locationCode":null,"city":"北京","district":null},"queryAnalysisInfo":{"industryName":null,"usefulCompany":false,"positionName":"c","companyName":null},"strategyProperty":{"name":"dm-csearch-newSimScorer","id":1},"result":[{"formatCreateTime":"2016-08-26","createTime":"2016-08-26 10:48:11","companyId":36513,"positionName":"C++\\C#\\Python","education":"本科","city":"北京","positionId":1977230,"financeStage":"成熟型(不需要融资)","companyShortName":"微创","companyLogo":"i/image/M00/01/B2/Cgp3O1Zzr9GAdpGkAAAWW2BuXJc040.png","salary":"10k-20k","industryField":"移动互联网,电子商务","district":"海淀区","companyLabelList":["年底双薪","节日礼物","技能培训","免费班车"],"positionAdvantage":"六险一金 弹性工作 带薪年假 带薪病假","jobNature":"全职","workYear":"3-5年","approve":0,"score":0,"companySize":"2000人以上","businessZones":null,"imState":"disabled","lastLogin":1472548267000,"publisherId":3435204,"explain":null,"plus":null,"pcShow":0,"appShow":0,"deliver":0,"gradeDescription":null,"companyFullName":"上海微创软件股份有限公司北京分公司","adWord":0},{"formatCreateTime":"2016-08-26","createTime":"2016-08-26 10:35:08","companyId":1686,"positionName":"C++推荐系统引擎开发","education":"本科","city":"北京","positionId":1764135,"financeStage":"成熟型(D轮及以上)","companyShortName":"爱奇艺","companyLogo":"image1/M00/00/06/Cgo8PFTUWAaAbD7PAACAXTzCmiw113.jpg","salary":"18k-36k","industryField":"广告营销,文化娱乐","district":"海淀区","companyLabelList":["绩效奖金","五险一金","交通补助","带薪年假"],"positionAdvantage":"六险一金 12天带薪年假 14薪","jobNature":"全职","workYear":"3-5年","approve":1,"score":0,"companySize":"2000人以上","businessZones":["中关村","北京大学","苏州街"],"imState":"disabled","lastLogin":1472553945000,"publisherId":8305,"explain":null,"plus":null,"pcShow":0,"appShow":0,"deliver":0,"gradeDescription":null,"companyFullName":"北京爱奇艺科技有限公司","adWord":0},{"formatCreateTime":"2016-08-26","createTime":"2016-08-26 09:14:04","companyId":26980,"positionName":"C","education":"本科","city":"北京","positionId":1866920,"financeStage":"上市公司","companyShortName":"上海华腾软件系统有限公司","companyLogo":"i/image/M00/00/13/CgqKkVYnW7aAXbvlAAA6B3nzAzM362.png","salary":"10k-16k","industryField":"金融","district":"东城区","companyLabelList":["年底双薪","午餐补助","带薪年假","定期体检"],"positionAdvantage":"可接触银行核心系统 出差天津或大同","jobNature":"全职","workYear":"3-5年","approve":0,"score":0,"companySize":"2000人以上","businessZones":["东四","海运仓","东直门"],"imState":"today","lastLogin":1472535717000,"publisherId":4831489,"explain":null,"plus":null,"pcShow":0,"appShow":0,"deliver":0,"gradeDescription":null,"companyFullName":"上海华腾软件系统有限公司","adWord":0},{"formatCreateTime":"2016-08-26","createTime":"2016-08-26 09:08:02","companyId":35876,"positionName":"C++","education":"本科","city":"北京","positionId":1762219,"financeStage":"成长型(A轮)","companyShortName":"人人投","companyLogo":"image1/M00/26/24/CgYXBlVUGo-AFGUpAABi2LQSnhw239.gif","salary":"15k-20k","industryField":"金融","district":"西城区","companyLabelList":["节日礼物","提供住宿","带薪年假","绩效奖金"],"positionAdvantage":"五险一金 带薪年假 股权激励","jobNature":"全职","workYear":"3-5年","approve":1,"score":0,"companySize":"500-2000人","businessZones":["西客站","广外大街","天宁寺"],"imState":"disabled","lastLogin":1472547163000,"publisherId":1674452,"explain":null,"plus":null,"pcShow":0,"appShow":0,"deliver":0,"gradeDescription":null,"companyFullName":"北京人人投网络科技有限公司","adWord":0},{"formatCreateTime":"2016-08-26","createTime":"2016-08-26 09:01:06","companyId":27072,"positionName":"C++","education":"本科","city":"北京","positionId":2152514,"financeStage":"上市公司","companyShortName":"浩瀚深度","companyLogo":"image1/M00/00/3A/CgYXBlTUXKqAbnErAADhxb664Us880.png","salary":"15k-20k","industryField":"硬件,数据服务","district":null,"companyLabelList":["绩效奖金","年底双薪","五险一金","通讯津贴"],"positionAdvantage":"发展前景、零食供应、待遇优厚、员工休息室","jobNature":"全职","workYear":"3-5年","approve":0,"score":0,"companySize":"150-500人","businessZones":null,"imState":"today","lastLogin":1472533086000,"publisherId":865828,"explain":null,"plus":null,"pcShow":0,"appShow":0,"deliver":0,"gradeDescription":null,"companyFullName":"北京浩瀚深度信息技术股份有限公司","adWord":0},{"formatCreateTime":"2016-08-26","createTime":"2016-08-26 08:55:52","companyId":111604,"positionName":"C# .net开发工程师","education":"本科","city":"北京","positionId":2282530,"financeStage":"成长型(不需要融资)","companyShortName":"万琦威","companyLogo":"i/image/M00/02/2A/CgqKkVaEhV2ADJqiAAAE8EsF2AQ027.png","salary":"10k-20k","industryField":"移动互联网,数据服务","district":"朝阳区","companyLabelList":["年底双薪","专项奖金","股票期权","绩效奖金"],"positionAdvantage":"PC端,功能开发,迭代更新,运维","jobNature":"全职","workYear":"3-5年","approve":0,"score":0,"companySize":"50-150人","businessZones":null,"imState":"today","lastLogin":1472538858000,"publisherId":3649025,"explain":null,"plus":null,"pcShow":0,"appShow":0,"deliver":0,"gradeDescription":null,"companyFullName":"苏州万琦威电子股份有限公司","adWord":0},{"formatCreateTime":"2016-08-26","createTime":"2016-08-26 08:54:15","companyId":57455,"positionName":"Linux C/C++后台工程师","education":"本科","city":"北京","positionId":1820470,"financeStage":"成长型(A轮)","companyShortName":"云聚汇","companyLogo":"i/image/M00/03/46/CgqKkVayscOAOKODAAGw-YcGT0Y311.png","salary":"20k-40k","industryField":"移动互联网","district":"朝阳区","companyLabelList":["绩效奖金","弹性工作","帅哥多","美女多"],"positionAdvantage":"期权激励、偏平管理、简单、阳光","jobNature":"全职","workYear":"3-5年","approve":0,"score":0,"companySize":"50-150人","businessZones":["望京","花家地","来广营"],"imState":"today","lastLogin":1472546886000,"publisherId":1447573,"explain":null,"plus":null,"pcShow":0,"appShow":0,"deliver":0,"gradeDescription":null,"companyFullName":"深圳云聚汇数码有限公司","adWord":0},{"formatCreateTime":"2016-08-25","createTime":"2016-08-25 19:36:44","companyId":50702,"positionName":"C端视觉设计师","education":"不限","city":"北京","positionId":2253397,"financeStage":"成熟型(D轮及以上)","companyShortName":"美团点评","companyLogo":"i/image/M00/4B/6C/CgqKkVefHv-AFoRzAAAuALF7ZZ0419.png","salary":"15k-30k","industryField":"移动互联网,O2O","district":"朝阳区","companyLabelList":["技能培训","绩效奖金","岗位晋升","领导好"],"positionAdvantage":"免费班车股票期权带薪年假绩效奖金五险一金","jobNature":"全职","workYear":"3-5年","approve":1,"score":0,"companySize":"2000人以上","businessZones":["望京","来广营"],"imState":"today","lastLogin":1472575129000,"publisherId":1524021,"explain":null,"plus":null,"pcShow":0,"appShow":0,"deliver":0,"gradeDescription":null,"companyFullName":"北京三快在线科技有限公司","adWord":0},{"formatCreateTime":"2016-08-25","createTime":"2016-08-25 19:33:12","companyId":7182,"positionName":"C++研发工程师","education":"本科","city":"北京","positionId":2290483,"financeStage":"成熟型(C轮)","companyShortName":"尚德机构","companyLogo":"image1/M00/00/0F/Cgo8PFTUWCqAIq8oAAB5MvmojGc956.jpg","salary":"10k-20k","industryField":"电子商务,教育","district":"朝阳区","companyLabelList":["绩效奖金","专项奖金","五险一金","带薪年假"],"positionAdvantage":"BAT团队+15薪+中国好老板（舍得给）","jobNature":"全职","workYear":"不限","approve":1,"score":0,"companySize":"2000人以上","businessZones":["望京"],"imState":"today","lastLogin":1472554384000,"publisherId":371879,"explain":null,"plus":null,"pcShow":0,"appShow":0,"deliver":0,"gradeDescription":null,"companyFullName":"北京尚佳崇业教育科技有限公司","adWord":0},{"formatCreateTime":"2016-08-25","createTime":"2016-08-25 18:32:56","companyId":94800,"positionName":"C#","education":"本科","city":"北京","positionId":1081785,"financeStage":"初创型(天使轮)","companyShortName":"北京前方","companyLogo":"i/image/M00/00/07/CgqKkVYkkHKAVvMyAAAQgwv-uyM364.jpg","salary":"6k-12k","industryField":"移动互联网,企业服务","district":"海淀区","companyLabelList":["年底双薪","股票期权","带薪年假","绩效奖金"],"positionAdvantage":"加入前方，这里才是你实现梦想的地方","jobNature":"全职","workYear":"1-3年","approve":0,"score":0,"companySize":"50-150人","businessZones":["上地","马连洼","西二旗"],"imState":"today","lastLogin":1472521193000,"publisherId":2519307,"explain":null,"plus":null,"pcShow":0,"appShow":0,"deliver":0,"gradeDescription":null,"companyFullName":"北京前方技术有限公司","adWord":0},{"formatCreateTime":"2016-08-25","createTime":"2016-08-25 18:24:30","companyId":22925,"positionName":"C++","education":"不限","city":"北京","positionId":2290234,"financeStage":"初创型(未融资)","companyShortName":"中公教育","companyLogo":"image1/M00/00/2C/CgYXBlTUXHSANv14AACziSSVvXc422.jpg","salary":"20k-30k","industryField":"教育","district":"海淀区","companyLabelList":["年终分红","绩效奖金","五险一金","带薪年假"],"positionAdvantage":"五险一金、绩效奖金、包吃、带薪年假、体检","jobNature":"全职","workYear":"1-3年","approve":1,"score":0,"companySize":"2000人以上","businessZones":["清河"],"imState":"disabled","lastLogin":1472461076000,"publisherId":671006,"explain":null,"plus":null,"pcShow":0,"appShow":0,"deliver":0,"gradeDescription":null,"companyFullName":"北京中公未来教育咨询有限公司","adWord":0},{"formatCreateTime":"2016-08-25","createTime":"2016-08-25 18:16:27","companyId":41861,"positionName":"C++","education":"本科","city":"北京","positionId":870957,"financeStage":"成长型(B轮)","companyShortName":"华生恒业","companyLogo":"image1/M00/3E/18/Cgo8PFW6zzKAf1NPAAAPC0qaUOQ154.jpg","salary":"8k-13k","industryField":"医疗健康,移动互联网","district":"海淀区","companyLabelList":["节日礼物","带薪年假","绩效奖金","岗位晋升"],"positionAdvantage":"期权 弹性工作 跨领域机会 快速成长空间","jobNature":"全职","workYear":"不限","approve":1,"score":0,"companySize":"50-150人","businessZones":["五道口","中关村","清华大学"],"imState":"today","lastLogin":1472550666000,"publisherId":782743,"explain":null,"plus":null,"pcShow":0,"appShow":0,"deliver":0,"gradeDescription":null,"companyFullName":"北京华生恒业科技有限公司","adWord":0},{"formatCreateTime":"2016-08-25","createTime":"2016-08-25 17:50:47","companyId":21190,"positionName":"C/C++ 外壳开发--软件保护","education":"本科","city":"北京","positionId":2204674,"financeStage":"初创型(未融资)","companyShortName":"北京深思数盾科技有限公司","companyLogo":"i/image/M00/18/44/CgqKkVbzg2uAPoNJAADlBapDFtA063.jpg","salary":"10k-20k","industryField":"信息安全,移动互联网","district":"海淀区","companyLabelList":["信息安全保护","交通补助","带薪年假","节日礼物"],"positionAdvantage":"寻找有追求的奋斗者，提供培养机会和空间！","jobNature":"全职","workYear":"1-3年","approve":0,"score":0,"companySize":"50-150人","businessZones":["西二旗","龙泽","回龙观"],"imState":"disabled","lastLogin":1472459544000,"publisherId":243065,"explain":null,"plus":null,"pcShow":0,"appShow":0,"deliver":0,"gradeDescription":null,"companyFullName":"北京深思数盾科技有限公司","adWord":0},{"formatCreateTime":"2016-08-25","createTime":"2016-08-25 17:49:43","companyId":132159,"positionName":"C#","education":"不限","city":"北京","positionId":2289950,"financeStage":"初创型(不需要融资)","companyShortName":"宏迅达","companyLogo":"i/image/M00/31/90/CgqKkVdLuNSARurYAALb2cgUDiw863.png","salary":"15k-16k","industryField":"移动互联网,电子商务","district":"海淀区","companyLabelList":null,"positionAdvantage":"3年开发经验","jobNature":"全职","workYear":"3-5年","approve":0,"score":0,"companySize":"15-50人","businessZones":["五道口","清华大学","中关村"],"imState":"disabled","lastLogin":1472555657000,"publisherId":3580010,"explain":null,"plus":null,"pcShow":0,"appShow":0,"deliver":0,"gradeDescription":null,"companyFullName":"成都宏迅达科技有限公司","adWord":0},{"formatCreateTime":"2016-08-25","createTime":"2016-08-25 17:48:32","companyId":9653,"positionName":"C++项目经理","education":"本科","city":"北京","positionId":2215847,"financeStage":"初创型(未融资)","companyShortName":"北京中视广信","companyLogo":"image1/M00/00/14/CgYXBlTUWDyAXAN4AABzweqqFfU799.jpg","salary":"15k-25k","industryField":"数据服务,分类信息","district":"西城区","companyLabelList":["五险一金","年终分红","专项奖金","节日礼物"],"positionAdvantage":"五险一金，午餐补助，年终奖金，定期体检","jobNature":"全职","workYear":"5-10年","approve":1,"score":0,"companySize":"150-500人","businessZones":["复兴门","南礼士路","西便门"],"imState":"disabled","lastLogin":1472550548000,"publisherId":5159573,"explain":null,"plus":null,"pcShow":0,"appShow":0,"deliver":0,"gradeDescription":null,"companyFullName":"北京中视广信科技有限公司","adWord":0}]}},"code":0}