{"resubmitToken":null,"success":true,"requestId":null,"msg":null,"content":{"pageNo":29,"pageSize":15,"positionResult":{"totalCount":1236,"resultSize":15,"locationInfo":{"city":"北京","district":null,"queryByGisCode":false,"businessZone":null,"locationCode":null},"queryAnalysisInfo":{"positionName":"c","companyName":null,"industryName":null,"usefulCompany":false},"strategyProperty":{"name":"dm-csearch-newSimScorer","id":1},"result":[{"companyFullName":"中科方德软件有限公司","adWord":0,"companyId":5854,"formatCreateTime":"2016-08-25","businessZones":["中关村","知春路","双榆树"],"imState":"disabled","lastLogin":1472535852000,"positionId":1946495,"industryField":"移动互联网,企业服务","education":"本科","workYear":"3-5年","city":"北京","positionAdvantage":"福利","createTime":"2016-08-25 13:56:49","salary":"12k-20k","positionName":"C","companySize":"500-2000人","companyShortName":"中科方德软件有限公司","companyLogo":"image1/M00/00/0D/CgYXBlTUWCCAUrC7AABo-Z5RRDI900.png","financeStage":"成熟型(不需要融资)","approve":1,"jobNature":"全职","companyLabelList":["股票期权","带薪年假","绩效奖金","扁平管理"],"district":"海淀区","score":0,"publisherId":1701066,"explain":null,"plus":null,"pcShow":0,"appShow":0,"deliver":0,"gradeDescription":null},{"companyFullName":"北京搜房科技发展有限公司","adWord":0,"companyId":6110,"formatCreateTime":"2016-08-25","businessZones":["花乡","看丹桥"],"imState":"disabled","lastLogin":1472367244000,"positionId":488356,"industryField":"移动互联网,金融","education":"本科","workYear":"不限","city":"北京","positionAdvantage":"六险一金、居住证、旅游、奖金、电商项目","createTime":"2016-08-25 12:54:52","salary":"9k-17k","positionName":"C#.NET中高级软件工程师","companySize":"2000人以上","companyShortName":"北京搜房科技发展有限公司","companyLogo":"i/image/M00/30/EA/CgqKkVdIBY6ALxM_AACKdNN_NLs107.jpg","financeStage":"上市公司","approve":1,"jobNature":"全职","companyLabelList":["岗位晋升","扁平管理","管理规范","领导好"],"district":"丰台区","score":0,"publisherId":1331274,"explain":null,"plus":null,"pcShow":0,"appShow":0,"deliver":0,"gradeDescription":null},{"companyFullName":"北京修业时代科技有限公司","adWord":0,"companyId":102150,"formatCreateTime":"2016-08-25","businessZones":null,"imState":"threeDays","lastLogin":1472446793000,"positionId":2091859,"industryField":"信息安全,硬件","education":"本科","workYear":"1-3年","city":"北京","positionAdvantage":"年终奖带薪年假节日礼物晋升空间大氛围好","createTime":"2016-08-25 12:16:41","salary":"10k-15k","positionName":"C/QT开发工程师","companySize":"50-150人","companyShortName":"修业科技","companyLogo":"i/image/M00/36/C5/CgqKkVdefxCAVCPHAAAa3n4d60M794.jpg","financeStage":"成长型(不需要融资)","approve":1,"jobNature":"全职","companyLabelList":["绩效奖金","通讯津贴","交通补助","弹性工作"],"district":"昌平区","score":0,"publisherId":5322440,"explain":null,"plus":null,"pcShow":0,"appShow":0,"deliver":0,"gradeDescription":null},{"companyFullName":"北京值得买科技股份有限公司","adWord":0,"companyId":7535,"formatCreateTime":"2016-08-25","businessZones":["木樨园","角门","马家堡"],"imState":"today","lastLogin":1472557639000,"positionId":1592479,"industryField":"电子商务,文化娱乐","education":"本科","workYear":"1-3年","city":"北京","positionAdvantage":"六险一金+发展前景+成长型+弹性上班时间","createTime":"2016-08-25 11:48:27","salary":"8k-15k","positionName":"高级客户经理（B2C）","companySize":"150-500人","companyShortName":"什么值得买","companyLogo":"image1/M00/0E/D6/CgYXBlT8Q5SAQgeqAADJyCXW1sY530.jpg","financeStage":"成长型(A轮)","approve":1,"jobNature":"全职","companyLabelList":["技能培训","带薪年假","各种主题趴","海量产品体验"],"district":"丰台区","score":0,"publisherId":87072,"explain":null,"plus":null,"pcShow":0,"appShow":0,"deliver":0,"gradeDescription":null},{"companyFullName":"北京庚顿数据科技有限公司","adWord":0,"companyId":7235,"formatCreateTime":"2016-08-25","businessZones":null,"imState":"today","lastLogin":1472552696000,"positionId":2287051,"industryField":"企业服务,数据服务","education":"大专","workYear":"1-3年","city":"北京","positionAdvantage":"福利待遇优厚，发展前景远大","createTime":"2016-08-25 11:37:39","salary":"7k-14k","positionName":"C++研发","companySize":"15-50人","companyShortName":"庚顿数据","companyLogo":"image1/M00/00/0F/CgYXBlTUWCqAfkRiAAAoLm2Dmds234.png","financeStage":"初创型(天使轮)","approve":1,"jobNature":"全职","companyLabelList":["年终分红","绩效奖金","股票期权","年底双薪"],"district":null,"score":0,"publisherId":1680898,"explain":null,"plus":null,"pcShow":0,"appShow":0,"deliver":0,"gradeDescription":null},{"companyFullName":"北京红云融通技术有限公司","adWord":0,"companyId":23002,"formatCreateTime":"2016-08-25","businessZones":["航天桥","八里庄","北洼路"],"imState":"disabled","lastLogin":1472538390000,"positionId":2001012,"industryField":"企业服务,文化娱乐","education":"本科","workYear":"1-3年","city":"北京","positionAdvantage":"技术型公司 超200人技术团队 全额六险","createTime":"2016-08-25 11:35:18","salary":"10k-18k","positionName":"C++(qt)","companySize":"150-500人","companyShortName":"北京红云融通技术有限公司","companyLogo":"image1/M00/00/2D/CgYXBlTUXHWAaNhCAAA9HWhw4PU060.png","financeStage":"成长型(B轮)","approve":0,"jobNature":"全职","companyLabelList":["团队建设","节日礼物","技能培训","绩效奖金"],"district":"海淀区","score":0,"publisherId":4630279,"explain":null,"plus":null,"pcShow":0,"appShow":0,"deliver":0,"gradeDescription":null},{"companyFullName":"北京思特奇信息技术股份有限公司","adWord":0,"companyId":4184,"formatCreateTime":"2016-08-25","businessZones":["牡丹园","北太平庄","学院路"],"imState":"today","lastLogin":1472556285000,"positionId":1968374,"industryField":"数据服务","education":"本科","workYear":"3-5年","city":"北京","positionAdvantage":"七险一金，弹性工时","createTime":"2016-08-25 11:26:24","salary":"8k-16k","positionName":"C/C++高级工程师","companySize":"2000人以上","companyShortName":"思特奇Si-tech","companyLogo":"image1/M00/00/0A/Cgo8PFTUWBaAEBkAAAB-Og1M0To804.jpg","financeStage":"成熟型(不需要融资)","approve":1,"jobNature":"全职","companyLabelList":["绩效奖金 ","专项奖金 ","五险一金 ","通讯津贴 "],"district":"海淀区","score":0,"publisherId":247055,"explain":null,"plus":null,"pcShow":0,"appShow":0,"deliver":0,"gradeDescription":null},{"companyFullName":"北京迈特克科技有限公司","adWord":0,"companyId":58971,"formatCreateTime":"2016-08-25","businessZones":["亦庄"],"imState":"today","lastLogin":1472560380000,"positionId":2098390,"industryField":"金融","education":"本科","workYear":"1-3年","city":"北京","positionAdvantage":"成为金融IT创业公司的中坚","createTime":"2016-08-25 11:10:52","salary":"12k-18k","positionName":"高级C#开发工程师","companySize":"50-150人","companyShortName":"迈特克科技","companyLogo":"image1/M00/16/AE/CgYXBlUPfPaAHvDiAAB3_smm3Ms377.png","financeStage":"成长型(不需要融资)","approve":1,"jobNature":"全职","companyLabelList":["免费交易训练","福利匹配一线","团队气氛优良","金融技术跨界"],"district":"大兴区","score":0,"publisherId":2144432,"explain":null,"plus":null,"pcShow":0,"appShow":0,"deliver":0,"gradeDescription":null},{"companyFullName":"北京北大高科指纹技术有限公司","adWord":0,"companyId":57184,"formatCreateTime":"2016-08-25","businessZones":null,"imState":"disabled","lastLogin":1472438144000,"positionId":2286707,"industryField":"企业服务","education":"本科","workYear":"3-5年","city":"北京","positionAdvantage":"健全福利体系 正规缴纳社保公积金","createTime":"2016-08-25 11:06:08","salary":"10k-20k","positionName":"Java开发工程师 C/S","companySize":"50-150人","companyShortName":"北大高科","companyLogo":"image1/M00/12/8E/CgYXBlUDulSAaUl2AABlU_zi3Nk143.jpg","financeStage":"初创型(未融资)","approve":0,"jobNature":"全职","companyLabelList":["技能培训","节日礼物","年底双薪","带薪年假"],"district":null,"score":0,"publisherId":3022332,"explain":null,"plus":null,"pcShow":0,"appShow":0,"deliver":0,"gradeDescription":null},{"companyFullName":"北京视界云天科技有限公司","adWord":0,"companyId":133001,"formatCreateTime":"2016-08-25","businessZones":["太阳宫","国展","三元桥"],"imState":"disabled","lastLogin":1472519084000,"positionId":2240301,"industryField":"移动互联网,企业服务","education":"不限","workYear":"不限","city":"北京","positionAdvantage":"五险一金，加班补助 通讯补贴 带薪年假等","createTime":"2016-08-25 11:05:21","salary":"15k-30k","positionName":"Linux C/C++ 高级开发工程师","companySize":"50-150人","companyShortName":"视界云","companyLogo":"i/image/M00/37/94/CgqKkVdgyzOAXGOnAAAg_8oL7XU115.png","financeStage":"成长型(A轮)","approve":0,"jobNature":"全职","companyLabelList":null,"district":"朝阳区","score":0,"publisherId":5919668,"explain":null,"plus":null,"pcShow":0,"appShow":0,"deliver":0,"gradeDescription":null},{"companyFullName":"速感科技（北京）有限公司","adWord":0,"companyId":129929,"formatCreateTime":"2016-08-25","businessZones":null,"imState":"threeDays","lastLogin":1472484115000,"positionId":2048483,"industryField":"硬件,移动互联网","education":"本科","workYear":"1-3年","city":"北京","positionAdvantage":"福利待遇高，发展潜力大","createTime":"2016-08-25 10:59:20","salary":"16k-22k","positionName":"C++工程师","companySize":"15-50人","companyShortName":"速感科技","companyLogo":"i/image/M00/2C/9D/CgqKkVc5pmOAOGuxAAA39Eei68o136.png","financeStage":"成长型(A轮)","approve":0,"jobNature":"全职","companyLabelList":["年底双薪","专项奖金","股票期权","绩效奖金"],"district":null,"score":0,"publisherId":849283,"explain":null,"plus":null,"pcShow":0,"appShow":0,"deliver":0,"gradeDescription":null},{"companyFullName":"网宿科技股份有限公司北京分公司","adWord":0,"companyId":19313,"formatCreateTime":"2016-08-25","businessZones":["北航","学院路","知春路"],"imState":"today","lastLogin":1472551205000,"positionId":2144401,"industryField":"移动互联网","education":"本科","workYear":"不限","city":"北京","positionAdvantage":"上市公司 团队好 补充医疗","createTime":"2016-08-25 10:57:37","salary":"25k-35k","positionName":"c++服务器高级工程师","companySize":"2000人以上","companyShortName":"网宿科技","companyLogo":"image1/M00/00/24/Cgo8PFTUWHuASkuqAABlbGlpWUE670.png","financeStage":"上市公司","approve":1,"jobNature":"全职","companyLabelList":["年底双薪","五险一金","交通补助","带薪年假"],"district":"海淀区","score":0,"publisherId":2144090,"explain":null,"plus":null,"pcShow":0,"appShow":0,"deliver":0,"gradeDescription":null},{"companyFullName":"北京天策咨询有限公司","adWord":0,"companyId":102846,"formatCreateTime":"2016-08-25","businessZones":["大望路","红庙","华贸"],"imState":"today","lastLogin":1472524206000,"positionId":1586197,"industryField":"移动互联网,企业服务","education":"本科","workYear":"5-10年","city":"北京","positionAdvantage":"B轮金融类企业","createTime":"2016-08-25 10:53:15","salary":"20k-29k","positionName":"C++","companySize":"少于15人","companyShortName":"天策咨询","companyLogo":"image2/M00/10/60/CgpzWlYt96KAUHmFAAAzl9vu2ZQ558.png?cc=0.5228044595820362","financeStage":"初创型(天使轮)","approve":0,"jobNature":"全职","companyLabelList":["年底双薪","股票期权","专项奖金","绩效奖金"],"district":"朝阳区","score":0,"publisherId":2981923,"explain":null,"plus":null,"pcShow":0,"appShow":0,"deliver":0,"gradeDescription":null},{"companyFullName":"上海乐泾达科技有限公司","adWord":0,"companyId":48424,"formatCreateTime":"2016-08-25","businessZones":null,"imState":"today","lastLogin":1472520967000,"positionId":2237690,"industryField":"移动互联网","education":"大专","workYear":"1-3年","city":"北京","positionAdvantage":"五险一金,技术大牛,各类补助,零食咖啡","createTime":"2016-08-25 10:52:15","salary":"8k-15k","positionName":"C++","companySize":"150-500人","companyShortName":"乐泾达","companyLogo":"i/image/M00/1D/82/CgqKkVcE1xuAKhG6AAAItGSel5s778.png","financeStage":"成长型(不需要融资)","approve":1,"jobNature":"全职","companyLabelList":["年底双薪","节日礼物","带薪年假","岗位晋升"],"district":"海淀区","score":0,"publisherId":945274,"explain":null,"plus":null,"pcShow":0,"appShow":0,"deliver":0,"gradeDescription":null},{"companyFullName":"乐视网信息技术（北京）股份有限公司","adWord":0,"companyId":114110,"formatCreateTime":"2016-08-25","businessZones":["石佛营","姚家园","十里堡"],"imState":"disabled","lastLogin":1472453698000,"positionId":2283449,"industryField":"移动互联网","education":"本科","workYear":"3-5年","city":"北京","positionAdvantage":"团队氛围好，大部分人有期权","createTime":"2016-08-25 10:47:58","salary":"20k-30k","positionName":"Android (c/c++方向)系统工程师","companySize":"2000人以上","companyShortName":"乐视","companyLogo":"i/image/M00/04/2B/Cgp3O1bGwzWAEAB4AAAbnMQCudk783.jpg","financeStage":"上市公司","approve":1,"jobNature":"全职","companyLabelList":["股票期权","交通补助","通讯津贴","带薪年假"],"district":"朝阳区","score":0,"publisherId":3623470,"explain":null,"plus":null,"pcShow":0,"appShow":0,"deliver":0,"gradeDescription":null}]}},"code":0}