{"resubmitToken":null,"success":true,"requestId":null,"msg":null,"content":{"pageNo":50,"pageSize":15,"positionResult":{"totalCount":1236,"resultSize":15,"locationInfo":{"city":"北京","district":null,"businessZone":null,"queryByGisCode":false,"locationCode":null},"queryAnalysisInfo":{"positionName":"c","companyName":null,"industryName":null,"usefulCompany":false},"strategyProperty":{"name":"dm-csearch-newSimScorer","id":1},"result":[{"companyId":114110,"positionName":"java/c++工程师","workYear":"1-3年","education":"本科","jobNature":"全职","createTime":"2016-08-18 19:02:17","companyShortName":"乐视","positionId":1529143,"salary":"15k-25k","approve":1,"city":"北京","positionAdvantage":"非常有竞争力的待遇+广阔的职业发展空间","companyLogo":"i/image/M00/04/2B/Cgp3O1bGwzWAEAB4AAAbnMQCudk783.jpg","industryField":"移动互联网","companyLabelList":["股票期权","交通补助","通讯津贴","带薪年假"],"financeStage":"上市公司","district":"朝阳区","score":0,"companySize":"2000人以上","companyFullName":"乐视网信息技术（北京）股份有限公司","adWord":0,"formatCreateTime":"2016-08-18","imState":"disabled","lastLogin":1472442911000,"publisherId":3685847,"explain":null,"plus":null,"pcShow":0,"appShow":0,"deliver":0,"gradeDescription":null,"businessZones":["石佛营","姚家园","十里堡"]},{"companyId":109065,"positionName":"高级C++工程师（急聘岗位，懂java，西北旺办公）","workYear":"3-5年","education":"大专","jobNature":"全职","createTime":"2016-08-18 17:29:12","companyShortName":"华泓科技","positionId":2258870,"salary":"15k-20k","approve":0,"city":"北京","positionAdvantage":"新三板企业，股权激励，氛围nice。","companyLogo":"i/image/M00/01/25/Cgp3O1ZhJbqAQJQ0AAAsFGdgcOk013.png","industryField":"移动互联网","companyLabelList":["绩效奖金","股票期权","带薪年假","弹性工作"],"financeStage":"成长型(A轮)","district":"海淀区","score":0,"companySize":"15-50人","companyFullName":"北京华泓科技股份有限公司","adWord":0,"formatCreateTime":"2016-08-18","imState":"sevenDays","lastLogin":1472103822000,"publisherId":3952758,"explain":null,"plus":null,"pcShow":0,"appShow":0,"deliver":0,"gradeDescription":null,"businessZones":["西北旺","马连洼","上地"]},{"companyId":44139,"positionName":"C++高级软件工程师","workYear":"1-3年","education":"本科","jobNature":"全职","createTime":"2016-08-18 17:08:13","companyShortName":"诺亦腾","positionId":1880815,"salary":"18k-25k","approve":1,"city":"北京","positionAdvantage":"VR行业、公司好、老板好、环境好","companyLogo":"image1/M00/39/43/CgYXBlWofOWAJooAAACmVgRqoks323.jpg","industryField":"移动互联网,硬件","companyLabelList":["绩效奖金","带薪年假","定期体检","午餐补助"],"financeStage":"成熟型(C轮)","district":"西城区","score":0,"companySize":"150-500人","companyFullName":"北京诺亦腾科技有限公司","adWord":0,"formatCreateTime":"2016-08-18","imState":"today","lastLogin":1472535416000,"publisherId":835737,"explain":null,"plus":null,"pcShow":0,"appShow":0,"deliver":0,"gradeDescription":null,"businessZones":["新街口","德胜门","小西天"]},{"companyId":58971,"positionName":"C++开发工程师","workYear":"3-5年","education":"本科","jobNature":"全职","createTime":"2016-08-18 17:00:17","companyShortName":"迈特克科技","positionId":1121617,"salary":"10k-20k","approve":1,"city":"北京","positionAdvantage":"广阔的发展空间，迅速成长的团队","companyLogo":"image1/M00/16/AE/CgYXBlUPfPaAHvDiAAB3_smm3Ms377.png","industryField":"金融","companyLabelList":["免费交易训练","福利匹配一线","团队气氛优良","金融技术跨界"],"financeStage":"成长型(不需要融资)","district":"朝阳区","score":0,"companySize":"50-150人","companyFullName":"北京迈特克科技有限公司","adWord":0,"formatCreateTime":"2016-08-18","imState":"today","lastLogin":1472560380000,"publisherId":2144432,"explain":null,"plus":null,"pcShow":0,"appShow":0,"deliver":0,"gradeDescription":null,"businessZones":["大望路","红庙","华贸"]},{"companyId":62748,"positionName":"高级C#工程师","workYear":"3-5年","education":"本科","jobNature":"全职","createTime":"2016-08-18 16:29:49","companyShortName":"北京搜房科技发展有限公司","positionId":1018235,"salary":"10k-20k","approve":0,"city":"北京","positionAdvantage":"六险一金、一年两调薪机会、双休","companyLogo":"image1/M00/1C/DB/CgYXBlUnbxGAIhhoAABl3kJASrc463.jpg","industryField":"移动互联网,金融","companyLabelList":null,"financeStage":"上市公司","district":"丰台区","score":0,"companySize":"500-2000人","companyFullName":"北京搜房网络技术有限公司","adWord":0,"formatCreateTime":"2016-08-18","imState":"overSevenDays","lastLogin":1471853279000,"publisherId":572270,"explain":null,"plus":null,"pcShow":0,"appShow":0,"deliver":0,"gradeDescription":null,"businessZones":["科技园区","看丹桥","北大地"]},{"companyId":15977,"positionName":"C#软件工程师","workYear":"1-3年","education":"本科","jobNature":"全职","createTime":"2016-08-18 15:22:57","companyShortName":"卓视智通","positionId":2257529,"salary":"10k-20k","approve":1,"city":"北京","positionAdvantage":"车型识别,欢乐多,成长空间大","companyLogo":"image1/M00/1C/F1/Cgo8PFUnqoSAG53GAABKB0Q2x8s553.jpg","industryField":"企业服务,信息安全","companyLabelList":["股票期权","年底双薪","年终分红","绩效奖金"],"financeStage":"初创型(未融资)","district":"海淀区","score":0,"companySize":"15-50人","companyFullName":"北京卓视智通科技有限责任公司","adWord":0,"formatCreateTime":"2016-08-18","imState":"disabled","lastLogin":1471833832000,"publisherId":174241,"explain":null,"plus":null,"pcShow":0,"appShow":0,"deliver":0,"gradeDescription":null,"businessZones":["马连洼","颐和园"]},{"companyId":50651,"positionName":"C#","workYear":"3-5年","education":"本科","jobNature":"全职","createTime":"2016-08-18 15:20:06","companyShortName":"全时便利","positionId":2145143,"salary":"10k-20k","approve":1,"city":"北京","positionAdvantage":"生鲜行业,发展前景,年底奖金,牛人聚集","companyLogo":"upload/logo/ff8080814b6c344b014b6d08c2d4003b.jpg","industryField":"生活服务","companyLabelList":["节日礼物","技能培训","带薪年假","绩效奖金"],"financeStage":"成熟型(不需要融资)","district":"朝阳区","score":0,"companySize":"500-2000人","companyFullName":"北京全时叁陆伍连锁便利店有限公司","adWord":0,"formatCreateTime":"2016-08-18","imState":"today","lastLogin":1472546397000,"publisherId":1516571,"explain":null,"plus":null,"pcShow":0,"appShow":0,"deliver":0,"gradeDescription":null,"businessZones":["团结湖","朝阳公园","三里屯"]},{"companyId":7000,"positionName":"高级C++开发工程师-广告平台服务器","workYear":"3-5年","education":"本科","jobNature":"全职","createTime":"2016-08-18 14:39:32","companyShortName":"FreeWheel","positionId":1037746,"salary":"25k-35k","approve":1,"city":"北京","positionAdvantage":"最高25天年假，美国轮岗，全员持股","companyLogo":"image1/M00/00/0F/CgYXBlTUWCiAXEZdAABgpkbovcE412.png","industryField":"企业服务,数据服务","companyLabelList":["技能培训","绩效奖金","岗位晋升","领导好"],"financeStage":"上市公司","district":"朝阳区","score":0,"companySize":"150-500人","companyFullName":"飞维美地信息技术（北京）有限公司","adWord":0,"formatCreateTime":"2016-08-18","imState":"sevenDays","lastLogin":1472027011000,"publisherId":403929,"explain":null,"plus":null,"pcShow":0,"appShow":0,"deliver":0,"gradeDescription":null,"businessZones":["燕莎","三元桥","亮马桥"]},{"companyId":107423,"positionName":"PHP中高级开发工程师-C2B方向","workYear":"3-5年","education":"本科","jobNature":"全职","createTime":"2016-08-18 14:36:31","companyShortName":"瓜子二手车直卖网","positionId":1898649,"salary":"20k-30k","approve":0,"city":"北京","positionAdvantage":"大牛亲自带队，负责公司新项目，潜力无限","companyLogo":"i/image/M00/0B/AE/Cgp3O1bWYyOAQo96AAC1TQO-4Cg541.jpg","industryField":"O2O","companyLabelList":["带薪年假","弹性工作","免费班车","美女多"],"financeStage":"成长型(A轮)","district":"海淀区","score":0,"companySize":"2000人以上","companyFullName":"车好多旧机动车经纪(北京)有限公司","adWord":0,"formatCreateTime":"2016-08-18","imState":"overSevenDays","lastLogin":1471578356000,"publisherId":4951047,"explain":null,"plus":null,"pcShow":0,"appShow":0,"deliver":0,"gradeDescription":null,"businessZones":["上地","马连洼","西二旗"]},{"companyId":5832,"positionName":"C++","workYear":"3-5年","education":"本科","jobNature":"全职","createTime":"2016-08-18 14:35:00","companyShortName":"新浪微博","positionId":2256990,"salary":"20k-40k","approve":0,"city":"北京","positionAdvantage":"福利好,大平台","companyLogo":"image1/M00/00/0D/CgYXBlTUWCCAdkhOAABNgyvZQag818.jpg","industryField":"移动互联网","companyLabelList":["年底双薪","专项奖金","股票期权","五险一金"],"financeStage":"上市公司","district":"海淀区","score":0,"companySize":"2000人以上","companyFullName":"微梦创科网络科技（中国）有限公司","adWord":0,"formatCreateTime":"2016-08-18","imState":"today","lastLogin":1472555944000,"publisherId":5918340,"explain":null,"plus":null,"pcShow":0,"appShow":0,"deliver":0,"gradeDescription":null,"businessZones":null},{"companyId":7235,"positionName":"C++","workYear":"1-3年","education":"大专","jobNature":"全职","createTime":"2016-08-18 13:37:38","companyShortName":"庚顿数据","positionId":2064448,"salary":"8k-10k","approve":1,"city":"北京","positionAdvantage":"福利待遇优厚，发展前景远大","companyLogo":"image1/M00/00/0F/CgYXBlTUWCqAfkRiAAAoLm2Dmds234.png","industryField":"企业服务,数据服务","companyLabelList":["年终分红","绩效奖金","股票期权","年底双薪"],"financeStage":"初创型(天使轮)","district":"海淀区","score":0,"companySize":"15-50人","companyFullName":"北京庚顿数据科技有限公司","adWord":0,"formatCreateTime":"2016-08-18","imState":"today","lastLogin":1472552696000,"publisherId":1680898,"explain":null,"plus":null,"pcShow":0,"appShow":0,"deliver":0,"gradeDescription":null,"businessZones":["上地","马连洼","西北旺"]},{"companyId":122194,"positionName":"C# C++ 程序员","workYear":"不限","education":"不限","jobNature":"全职","createTime":"2016-08-18 13:06:56","companyShortName":"嘉远未来","positionId":2256189,"salary":"6k-10k","approve":0,"city":"北京","positionAdvantage":"午餐补助 通讯津贴 年度旅游 技能培训","companyLogo":"i/image/M00/1A/7A/Cgp3O1b6N0OARZ9HAAIXKlbUdOE611.jpg","industryField":"游戏,数据服务","companyLabelList":["午餐补助","通讯津贴","女性关怀假","帅哥多"],"financeStage":"初创型(未融资)","district":"东城区","score":0,"companySize":"少于15人","companyFullName":"嘉远未来数字科技（北京）有限公司","adWord":0,"formatCreateTime":"2016-08-18","imState":"disabled","lastLogin":1472191708000,"publisherId":3688002,"explain":null,"plus":null,"pcShow":0,"appShow":0,"deliver":0,"gradeDescription":null,"businessZones":["龙潭湖","光明楼","体育馆路"]},{"companyId":36513,"positionName":"C#","workYear":"1-3年","education":"本科","jobNature":"全职","createTime":"2016-08-18 12:56:11","companyShortName":"微创","positionId":2144520,"salary":"8k-13k","approve":0,"city":"北京","positionAdvantage":"自然语言处理，六险一金，弹性工作制","companyLogo":"i/image/M00/01/B2/Cgp3O1Zzr9GAdpGkAAAWW2BuXJc040.png","industryField":"移动互联网,电子商务","companyLabelList":["年底双薪","节日礼物","技能培训","免费班车"],"financeStage":"成熟型(不需要融资)","district":"海淀区","score":0,"companySize":"2000人以上","companyFullName":"上海微创软件股份有限公司北京分公司","adWord":0,"formatCreateTime":"2016-08-18","imState":"disabled","lastLogin":1472551727000,"publisherId":2618434,"explain":null,"plus":null,"pcShow":0,"appShow":0,"deliver":0,"gradeDescription":null,"businessZones":null},{"companyId":7734,"positionName":"C#高级开发工程师","workYear":"3-5年","education":"本科","jobNature":"全职","createTime":"2016-08-18 11:10:49","companyShortName":"航天信息","positionId":1664607,"salary":"10k-20k","approve":0,"city":"北京","positionAdvantage":"年底多薪；","companyLogo":"i/image/M00/20/D4/Cgp3O1cPMJiATcGfAADS4l06JDM354.jpg","industryField":"移动互联网,金融","companyLabelList":["节日礼物","年底双薪","技能培训","带薪年假"],"financeStage":"上市公司","district":"海淀区","score":0,"companySize":"2000人以上","companyFullName":"航天信息股份有限公司","adWord":0,"formatCreateTime":"2016-08-18","imState":"disabled","lastLogin":1472552400000,"publisherId":2540427,"explain":null,"plus":null,"pcShow":0,"appShow":0,"deliver":0,"gradeDescription":null,"businessZones":["四季青"]},{"companyId":42022,"positionName":"C#","workYear":"1-3年","education":"本科","jobNature":"全职","createTime":"2016-08-18 10:56:00","companyShortName":"和管天下（北京）咨询有限公司","positionId":915362,"salary":"10k-20k","approve":1,"city":"北京","positionAdvantage":"游戏氛围、无打卡、最新游戏设备体验","companyLogo":"image1/M00/2F/DD/CgYXBlWD04-AEm69AAC-8r9m-gY246.jpg","industryField":"企业服务","companyLabelList":["领导好","股票期权","带薪年假","扁平管理"],"financeStage":"初创型(不需要融资)","district":"海淀区","score":0,"companySize":"15-50人","companyFullName":"和管天下（北京）咨询有限公司","adWord":0,"formatCreateTime":"2016-08-18","imState":"disabled","lastLogin":1471629853000,"publisherId":916305,"explain":null,"plus":null,"pcShow":0,"appShow":0,"deliver":0,"gradeDescription":null,"businessZones":null}]}},"code":0}