{"resubmitToken":null,"success":true,"requestId":null,"msg":null,"content":{"pageNo":63,"pageSize":15,"positionResult":{"totalCount":1236,"resultSize":15,"locationInfo":{"city":"北京","district":null,"queryByGisCode":false,"businessZone":null,"locationCode":null},"queryAnalysisInfo":{"positionName":"c","companyName":null,"industryName":null,"usefulCompany":false},"strategyProperty":{"name":"dm-csearch-newSimScorer","id":1},"result":[{"companyFullName":"北京迪服黛尔电子商务有限公司","adWord":0,"companyId":22570,"formatCreateTime":"2016-08-08","businessZones":["航天桥","八里庄","花园桥"],"imState":"disabled","lastLogin":1471844367000,"positionId":1386712,"industryField":"电子商务,O2O","education":"大专","workYear":"3-5年","city":"北京","positionAdvantage":"高薪聘用，福利待遇优厚","createTime":"2016-08-08 10:28:39","salary":"20k-25k","positionName":"C++高级","companySize":"150-500人","companyShortName":"迪服黛尔","companyLogo":"i/image/M00/00/62/Cgp3O1ZF5vKAQyR-AABi1d6AVxU163.png","financeStage":"成长型(A轮)","approve":1,"jobNature":"全职","companyLabelList":["年底双薪","年终分红","绩效奖金","五险一金"],"district":"海淀区","score":0,"publisherId":688599,"explain":null,"plus":null,"pcShow":0,"appShow":0,"deliver":0,"gradeDescription":null},{"companyFullName":"完美世界(北京)网络技术有限公司","adWord":0,"companyId":10369,"formatCreateTime":"2016-08-08","businessZones":null,"imState":"today","lastLogin":1472572855000,"positionId":2205318,"industryField":"移动互联网,游戏","education":"本科","workYear":"3-5年","city":"北京","positionAdvantage":"持续稳定的平台，有竞争力的团队","createTime":"2016-08-08 10:16:21","salary":"20k-30k","positionName":"游戏开发主程序（U3D/JAVA/C++）","companySize":"2000人以上","companyShortName":"完美世界","companyLogo":"image1/M00/00/15/CgYXBlTUWECAXAksAABGkmdtwig327.jpg","financeStage":"上市公司","approve":1,"jobNature":"全职","companyLabelList":["绩效奖金","五险一金","带薪年假","年度旅游"],"district":null,"score":0,"publisherId":52226,"explain":null,"plus":null,"pcShow":0,"appShow":0,"deliver":0,"gradeDescription":null},{"companyFullName":"乐视网信息技术（北京）股份有限公司","adWord":0,"companyId":114110,"formatCreateTime":"2016-08-07","businessZones":null,"imState":"today","lastLogin":1472522316000,"positionId":1941504,"industryField":"移动互联网","education":"本科","workYear":"3-5年","city":"北京","positionAdvantage":"六险一金，福利待遇优厚","createTime":"2016-08-07 12:03:02","salary":"13k-25k","positionName":"（高级）C++开发工程师","companySize":"2000人以上","companyShortName":"乐视","companyLogo":"i/image/M00/04/2B/Cgp3O1bGwzWAEAB4AAAbnMQCudk783.jpg","financeStage":"上市公司","approve":1,"jobNature":"全职","companyLabelList":["股票期权","交通补助","通讯津贴","带薪年假"],"district":null,"score":0,"publisherId":1375495,"explain":null,"plus":null,"pcShow":0,"appShow":0,"deliver":0,"gradeDescription":null},{"companyFullName":"北京慧萌信安软件技术有限公司","adWord":0,"companyId":54396,"formatCreateTime":"2016-08-05","businessZones":["苹果园","八大处","杨庄"],"imState":"overSevenDays","lastLogin":1469152883000,"positionId":1382409,"industryField":"移动互联网,企业服务","education":"大专","workYear":"1-3年","city":"北京","positionAdvantage":"可被信赖、持续发展","createTime":"2016-08-05 19:14:59","salary":"5k-10k","positionName":"C#开发工程师","companySize":"50-150人","companyShortName":"慧萌软件","companyLogo":"image1/M00/0C/D9/CgYXBlT2dAeARg9JAABzYLsHRZI271.png","financeStage":"成长型(不需要融资)","approve":1,"jobNature":"全职","companyLabelList":["节日礼物","绩效奖金","年度旅游","定期体检"],"district":"石景山区","score":0,"publisherId":464761,"explain":null,"plus":null,"pcShow":0,"appShow":0,"deliver":0,"gradeDescription":null},{"companyFullName":"重庆金美通信有限责任公司北京技术分公司","adWord":0,"companyId":83974,"formatCreateTime":"2016-08-05","businessZones":["五棵松","永定路","青塔"],"imState":"overSevenDays","lastLogin":1470726096000,"positionId":2201709,"industryField":"信息安全,其他","education":"本科","workYear":"1-3年","city":"北京","positionAdvantage":"五险一金、年度体检、提供午餐、补充医疗","createTime":"2016-08-05 18:02:57","salary":"6k-9k","positionName":"C++","companySize":"50-150人","companyShortName":"金美通信","companyLogo":"image1/M00/3A/71/Cgo8PFWtq-KAGZ_zAAAQ87-ucXw456.JPG?cc=0.5057264773640782","financeStage":"上市公司","approve":1,"jobNature":"全职","companyLabelList":["技能培训","带薪年假","绩效奖金","管理规范"],"district":"海淀区","score":0,"publisherId":2152267,"explain":null,"plus":null,"pcShow":0,"appShow":0,"deliver":0,"gradeDescription":null},{"companyFullName":"同方鼎欣信息技术有限公司","adWord":0,"companyId":14707,"formatCreateTime":"2016-08-05","businessZones":["上地","西北旺","马连洼"],"imState":"threeDays","lastLogin":1472450759000,"positionId":2099239,"industryField":"移动互联网","education":"本科","workYear":"1-3年","city":"北京","positionAdvantage":"六险一金","createTime":"2016-08-05 16:21:05","salary":"8k-10k","positionName":"C/C++ 后台工程师","companySize":"500-2000人","companyShortName":"同方鼎欣","companyLogo":"i/image/M00/2A/9D/CgqKkVcywCeASrGhAABNIiXa05M682.JPG","financeStage":"上市公司","approve":1,"jobNature":"全职","companyLabelList":["绩效奖金","五险一金","带薪年假","定期体检"],"district":"海淀区","score":0,"publisherId":3002182,"explain":null,"plus":null,"pcShow":0,"appShow":0,"deliver":0,"gradeDescription":null},{"companyFullName":"同方知网（北京）技术有限公司","adWord":0,"companyId":23727,"formatCreateTime":"2016-08-05","businessZones":["西三旗","清河","小营"],"imState":"today","lastLogin":1472538427000,"positionId":951690,"industryField":"移动互联网,电子商务","education":"本科","workYear":"3-5年","city":"北京","positionAdvantage":"良好的企业文化+13薪资+项目奖+五险二金","createTime":"2016-08-05 15:39:09","salary":"10k-15k","positionName":"C#","companySize":"2000人以上","companyShortName":"知网","companyLogo":"i/image/M00/00/6D/CgqKkVZJj_qAIz4tAAAZsDXnarY482.jpg","financeStage":"上市公司","approve":1,"jobNature":"全职","companyLabelList":["美女多多","带薪年假","绩效奖金","岗位晋升"],"district":"海淀区","score":0,"publisherId":614101,"explain":null,"plus":null,"pcShow":0,"appShow":0,"deliver":0,"gradeDescription":null},{"companyFullName":"中国银河证券股份有限公司","adWord":0,"companyId":68951,"formatCreateTime":"2016-08-05","businessZones":["复兴门","金融街","月坛"],"imState":"overSevenDays","lastLogin":1471929895000,"positionId":1530150,"industryField":"金融","education":"硕士","workYear":"1-3年","city":"北京","positionAdvantage":"国内实力大券商，能给你想要的体面与成就。","createTime":"2016-08-05 15:30:39","salary":"15k-30k","positionName":"C/C++高级开发工程师","companySize":"2000人以上","companyShortName":"银河证券","companyLogo":"image1/M00/25/C3/Cgo8PFVSrrmACdqeAABLTF1z5ow931.png","financeStage":"上市公司","approve":0,"jobNature":"全职","companyLabelList":["技能培训","节日礼物","带薪年假","绩效奖金"],"district":"西城区","score":0,"publisherId":2987122,"explain":null,"plus":null,"pcShow":0,"appShow":0,"deliver":0,"gradeDescription":null},{"companyFullName":"九麟网络科技有限公司","adWord":0,"companyId":37167,"formatCreateTime":"2016-08-05","businessZones":["左家庄","国展","西坝河"],"imState":"overSevenDays","lastLogin":1470627385000,"positionId":798031,"industryField":"游戏","education":"不限","workYear":"1-3年","city":"北京","positionAdvantage":"五险一金，六日双休，餐补。","createTime":"2016-08-05 14:29:26","salary":"10k-15k","positionName":"C++服务器开发","companySize":"50-150人","companyShortName":"九麟网络","companyLogo":"image1/M00/00/59/Cgo8PFTUXTCAekVFAACZRj31ie8338.jpg","financeStage":"成长型(A轮)","approve":0,"jobNature":"全职","companyLabelList":["节日礼物","专项奖金","带薪年假","岗位晋升"],"district":"朝阳区","score":0,"publisherId":656308,"explain":null,"plus":null,"pcShow":0,"appShow":0,"deliver":0,"gradeDescription":null},{"companyFullName":"新维畅想数字科技（北京）有限公司","adWord":0,"companyId":17957,"formatCreateTime":"2016-08-05","businessZones":null,"imState":"disabled","lastLogin":1470991352000,"positionId":1821595,"industryField":"移动互联网","education":"本科","workYear":"3-5年","city":"北京","positionAdvantage":"待遇优厚","createTime":"2016-08-05 13:14:22","salary":"15k-20k","positionName":"C++开发工程师","companySize":"50-150人","companyShortName":"新维畅想","companyLogo":"image1/M00/00/21/CgYXBlTUWHOACp4cAABhlDbr2yU923.png","financeStage":"初创型(未融资)","approve":0,"jobNature":"全职","companyLabelList":["五险一金","带薪年假","节日礼物","午餐补助"],"district":"朝阳区","score":0,"publisherId":2788158,"explain":null,"plus":null,"pcShow":0,"appShow":0,"deliver":0,"gradeDescription":null},{"companyFullName":"联想（北京）有限公司","adWord":0,"companyId":1650,"formatCreateTime":"2016-08-05","businessZones":null,"imState":"disabled","lastLogin":1472182240000,"positionId":2198903,"industryField":"移动互联网,数据服务","education":"本科","workYear":"1-3年","city":"北京","positionAdvantage":"六险一金、战略产品","createTime":"2016-08-05 12:22:15","salary":"10k-20k","positionName":"C++（偏流媒体方向）","companySize":"2000人以上","companyShortName":"联想集团","companyLogo":"i/image/M00/01/59/Cgp3O1Zn9kCAAW4jAABX8W4A-fw360.jpg","financeStage":"上市公司","approve":1,"jobNature":"全职","companyLabelList":["技能培训","待遇优厚","晋升空间","五险一金"],"district":null,"score":0,"publisherId":2004104,"explain":null,"plus":null,"pcShow":0,"appShow":0,"deliver":0,"gradeDescription":null},{"companyFullName":"云深处（北京）网络科技有限公司","adWord":0,"companyId":79343,"formatCreateTime":"2016-08-05","businessZones":["大望路","华贸","百子湾"],"imState":"disabled","lastLogin":1470366892000,"positionId":1649540,"industryField":"企业服务,教育","education":"大专","workYear":"1-3年","city":"北京","positionAdvantage":"有发展潜力，老板Nice，双休","createTime":"2016-08-05 11:18:55","salary":"8k-12k","positionName":"C#开发工程师","companySize":"15-50人","companyShortName":"云深处","companyLogo":"image1/M00/31/D8/CgYXBlWM-2WAIeBnAAAG0kGG2qg898.jpg?cc=0.1648397515527904","financeStage":"初创型(天使轮)","approve":0,"jobNature":"全职","companyLabelList":["带薪年假","绩效奖金","岗位晋升","年度旅游"],"district":"朝阳区","score":0,"publisherId":2008442,"explain":null,"plus":null,"pcShow":0,"appShow":0,"deliver":0,"gradeDescription":null},{"companyFullName":"北京鑫通运科信息技术有限公司","adWord":0,"companyId":108763,"formatCreateTime":"2016-08-04","businessZones":["天坛","体育馆路","磁器口"],"imState":"today","lastLogin":1472536199000,"positionId":1727872,"industryField":"移动互联网,电子商务","education":"本科","workYear":"3-5年","city":"北京","positionAdvantage":"五险一金，周末双休等","createTime":"2016-08-04 17:09:07","salary":"6k-12k","positionName":"C#","companySize":"50-150人","companyShortName":"物联网","companyLogo":"i/image/M00/1E/3E/CgqKkVcHE4qABGq5AACdH8Sff3U850.jpg","financeStage":"初创型(未融资)","approve":1,"jobNature":"全职","companyLabelList":["专项奖金","带薪年假","领导好"],"district":"东城区","score":0,"publisherId":4760307,"explain":null,"plus":null,"pcShow":0,"appShow":0,"deliver":0,"gradeDescription":null},{"companyFullName":"华耀(中国)科技有限公司","adWord":0,"companyId":20837,"formatCreateTime":"2016-08-04","businessZones":["亮马桥","燕莎","三元桥"],"imState":"today","lastLogin":1472526103000,"positionId":1344610,"industryField":"信息安全","education":"本科","workYear":"1-3年","city":"北京","positionAdvantage":"完善的薪酬福利","createTime":"2016-08-04 17:02:21","salary":"13k-26k","positionName":"软件工程师(Linux/C)","companySize":"150-500人","companyShortName":"Array","companyLogo":"image2/M00/1E/CF/CgpzWlZvgbaARNWHAAAPSGpIuYU796.PNG","financeStage":"上市公司","approve":1,"jobNature":"全职","companyLabelList":["年底双薪","节日礼物","技能培训","绩效奖金"],"district":"朝阳区","score":0,"publisherId":1399509,"explain":null,"plus":null,"pcShow":0,"appShow":0,"deliver":0,"gradeDescription":null},{"companyFullName":"人人行科技有限公司","adWord":0,"companyId":61921,"formatCreateTime":"2016-08-04","businessZones":["奥运村","北苑","大屯"],"imState":"today","lastLogin":1472543875000,"positionId":2132287,"industryField":"移动互联网,金融","education":"本科","workYear":"3-5年","city":"北京","positionAdvantage":"正规六险一金，福利待遇佳","createTime":"2016-08-04 15:56:16","salary":"15k-25k","positionName":"用户运营高级经理（TO C端）","companySize":"2000人以上","companyShortName":"人人行(借贷宝)","companyLogo":"i/image/M00/04/01/CgqKkVbFXXqAPo0fAAATqvTo2-I592.png","financeStage":"成长型(B轮)","approve":1,"jobNature":"全职","companyLabelList":["年底双薪","节日礼物","绩效奖金","岗位晋升"],"district":"朝阳区","score":0,"publisherId":5187041,"explain":null,"plus":null,"pcShow":0,"appShow":0,"deliver":0,"gradeDescription":null}]}},"code":0}