{"success":true,"requestId":null,"resubmitToken":null,"msg":null,"content":{"pageNo":36,"pageSize":15,"positionResult":{"resultSize":15,"totalCount":1236,"locationInfo":{"businessZone":null,"queryByGisCode":false,"locationCode":null,"city":"北京","district":null},"queryAnalysisInfo":{"industryName":null,"usefulCompany":false,"positionName":"c","companyName":null},"strategyProperty":{"name":"dm-csearch-newSimScorer","id":1},"result":[{"formatCreateTime":"2016-08-24","createTime":"2016-08-24 13:22:47","companyId":24984,"positionName":"C#工程师","education":"本科","city":"北京","positionId":1495900,"financeStage":"成长型(B轮)","companyShortName":"医联","companyLogo":"i/image/M00/05/E2/Cgp3O1bL1d-AZdsWAAAROo8ljn4602.png","salary":"10k-15k","industryField":"社交网络,医疗健康","district":"朝阳区","companyLabelList":["专项奖金","绩效奖金","岗位晋升","扁平管理"],"positionAdvantage":"弹性制办公，公司氛围活跃，定期举办活动","jobNature":"全职","workYear":"1-3年","approve":1,"score":0,"companySize":"500-2000人","businessZones":["国贸","CBD","东大桥"],"imState":"disabled","lastLogin":1472540435000,"publisherId":2130407,"explain":null,"plus":null,"pcShow":0,"appShow":0,"deliver":0,"gradeDescription":null,"companyFullName":"成都医云科技有限公司","adWord":0},{"formatCreateTime":"2016-08-24","createTime":"2016-08-24 11:01:03","companyId":139048,"positionName":"C++","education":"本科","city":"北京","positionId":2280875,"financeStage":"初创型(未融资)","companyShortName":"驭能者","companyLogo":"i/image/M00/46/45/Cgp3O1eMZjuAWTC4AAAQhsI8S_c777.jpg","salary":"5k-10k","industryField":"其他","district":"朝阳区","companyLabelList":["定期体检","岗位晋升","五险一金","商业保险"],"positionAdvantage":"优秀的企业文化，优于行业的薪资","jobNature":"全职","workYear":"3-5年","approve":0,"score":0,"companySize":"50-150人","businessZones":["奥运村","北沙滩"],"imState":"disabled","lastLogin":1472558921000,"publisherId":5927252,"explain":null,"plus":null,"pcShow":0,"appShow":0,"deliver":0,"gradeDescription":null,"companyFullName":"北京驭能者能源科技有限公司","adWord":0},{"formatCreateTime":"2016-08-24","createTime":"2016-08-24 10:53:08","companyId":50604,"positionName":"C++高级开发工程师","education":"本科","city":"北京","positionId":1753235,"financeStage":"成长型(A轮)","companyShortName":"roobo","companyLogo":"image1/M00/15/5F/Cgo8PFUKWS-AX_i9AAAzuotizOM181.png","salary":"20k-35k","industryField":"硬件","district":"朝阳区","companyLabelList":["年底双薪","节日礼物","技能培训","年度旅游"],"positionAdvantage":"优秀团队，弹性上班，福利好","jobNature":"全职","workYear":"3-5年","approve":1,"score":0,"companySize":"150-500人","businessZones":["立水桥"],"imState":"today","lastLogin":1472549584000,"publisherId":989716,"explain":null,"plus":null,"pcShow":0,"appShow":0,"deliver":0,"gradeDescription":null,"companyFullName":"北京智能管家科技有限公司","adWord":0},{"formatCreateTime":"2016-08-24","createTime":"2016-08-24 10:51:43","companyId":137148,"positionName":".NET/C#","education":"大专","city":"北京","positionId":2053345,"financeStage":"初创型(未融资)","companyShortName":"中教数据库","companyLogo":"i/image/M00/40/8F/Cgp3O1d7FsSAJlbDAAAYAlj7yCU065.jpg","salary":"8k-15k","industryField":"教育","district":null,"companyLabelList":["专项奖金","绩效奖金","年终分红","带薪年假"],"positionAdvantage":"双休、五险、法定假日、绩效奖金、全勤奖","jobNature":"全职","workYear":"1-3年","approve":0,"score":0,"companySize":"150-500人","businessZones":null,"imState":"overSevenDays","lastLogin":1471256050000,"publisherId":5535957,"explain":null,"plus":null,"pcShow":0,"appShow":0,"deliver":0,"gradeDescription":null,"companyFullName":"中科宏宇（北京）文化发展有限公司","adWord":0},{"formatCreateTime":"2016-08-24","createTime":"2016-08-24 10:47:46","companyId":9933,"positionName":"流媒体服务器开发工程师/C++开发工程师","education":"大专","city":"北京","positionId":1331389,"financeStage":"成熟型(不需要融资)","companyShortName":"新东方在线","companyLogo":"image2/M00/06/F3/CgpzWlX7zc-AAWMNAAASvyef_n0773.jpg","salary":"13k-18k","industryField":"移动互联网,教育","district":"海淀区","companyLabelList":["年度旅游","定期体检","免费健身","交通补助"],"positionAdvantage":"在线教育 直播 流媒体 服务器 C++","jobNature":"全职","workYear":"3-5年","approve":1,"score":0,"companySize":"500-2000人","businessZones":["中关村","苏州街","北京大学"],"imState":"disabled","lastLogin":1472458041000,"publisherId":762222,"explain":null,"plus":null,"pcShow":0,"appShow":0,"deliver":0,"gradeDescription":null,"companyFullName":"北京新东方迅程网络科技有限公司","adWord":0},{"formatCreateTime":"2016-08-24","createTime":"2016-08-24 10:35:14","companyId":100493,"positionName":"C++","education":"不限","city":"北京","positionId":2244320,"financeStage":"初创型(天使轮)","companyShortName":"趣玩互动","companyLogo":"i/image/M00/0C/09/Cgp3O1bWsPKAdX5LAAARi6JsbDw632.jpg","salary":"15k-30k","industryField":"移动互联网","district":"朝阳区","companyLabelList":["股票期权","带薪年假","绩效奖金","岗位晋升"],"positionAdvantage":"期权,五险一金,带薪年假,免费伙食","jobNature":"全职","workYear":"3-5年","approve":1,"score":0,"companySize":"15-50人","businessZones":null,"imState":"today","lastLogin":1472539194000,"publisherId":2813268,"explain":null,"plus":null,"pcShow":0,"appShow":0,"deliver":0,"gradeDescription":null,"companyFullName":"北京趣玩互动信息技术有限公司","adWord":0},{"formatCreateTime":"2016-08-24","createTime":"2016-08-24 10:32:02","companyId":63383,"positionName":"C#开发","education":"本科","city":"北京","positionId":1923748,"financeStage":"上市公司","companyShortName":"博彦科技","companyLogo":"image1/M00/43/C0/Cgo8PFXSyROAXr5CAAATF5nO3SI031.jpg","salary":"8k-15k","industryField":"企业服务,数据服务","district":"海淀区","companyLabelList":["技能培训","节日礼物","免费班车","带薪年假"],"positionAdvantage":"生日会 下午茶 健身房 免费班车","jobNature":"全职","workYear":"1-3年","approve":1,"score":0,"companySize":"2000人以上","businessZones":["苏州街","中关村","苏州桥"],"imState":"today","lastLogin":1472551390000,"publisherId":3677126,"explain":null,"plus":null,"pcShow":0,"appShow":0,"deliver":0,"gradeDescription":null,"companyFullName":"博彦科技股份有限公司","adWord":0},{"formatCreateTime":"2016-08-24","createTime":"2016-08-24 10:25:38","companyId":56550,"positionName":"C#开发工程师（云计算行业）","education":"本科","city":"北京","positionId":515289,"financeStage":"初创型(未融资)","companyShortName":"云角（北京）","companyLogo":"image1/M00/11/86/Cgo8PFUBEc-ARmEXAAA3isFzgyQ907.jpg","salary":"8k-15k","industryField":"数据服务","district":"海淀区","companyLabelList":["技能培训","期权激励","岗位晋升","年度旅游"],"positionAdvantage":"云计算Top服务公司、高薪、高福利","jobNature":"全职","workYear":"1-3年","approve":0,"score":0,"companySize":"50-150人","businessZones":["上地","西二旗","马连洼"],"imState":"disabled","lastLogin":1472548595000,"publisherId":1421187,"explain":null,"plus":null,"pcShow":0,"appShow":0,"deliver":0,"gradeDescription":null,"companyFullName":"云角（北京）信息技术有限公司","adWord":0},{"formatCreateTime":"2016-08-24","createTime":"2016-08-24 10:14:52","companyId":53088,"positionName":"C# .NET研发工程师","education":"大专","city":"北京","positionId":1836795,"financeStage":"成长型(不需要融资)","companyShortName":"东舟","companyLogo":"image1/M00/1D/8D/Cgo8PFUrX2aAYieFAABRBrQlIP8569.jpg","salary":"10k-20k","industryField":"移动互联网,企业服务","district":"海淀区","companyLabelList":["绩效奖金","岗位晋升","年度旅游","扁平管理"],"positionAdvantage":"五险一金、年终奖金、带薪年假、员工旅游","jobNature":"全职","workYear":"1-3年","approve":1,"score":0,"companySize":"50-150人","businessZones":["上地","马连洼","西二旗"],"imState":"today","lastLogin":1472551743000,"publisherId":4357047,"explain":null,"plus":null,"pcShow":0,"appShow":0,"deliver":0,"gradeDescription":null,"companyFullName":"北京东舟软件有限公司","adWord":0},{"formatCreateTime":"2016-08-24","createTime":"2016-08-24 10:05:07","companyId":84604,"positionName":"视频直播加速工程师（服务器、CDN、C++、JAVA）","education":"本科","city":"北京","positionId":1528178,"financeStage":"上市公司","companyShortName":"Verycloud-云端网络","companyLogo":"image1/M00/3B/51/CgYXBlWwRFyAZumuAAAK9B535MM920.JPG?cc=0.7115170346502397","salary":"10k-20k","industryField":"移动互联网,数据服务","district":"朝阳区","companyLabelList":["专项奖金","带薪年假","岗位晋升","管理规范"],"positionAdvantage":"上市公司 无责任底薪 全勤奖金 绩效奖金","jobNature":"全职","workYear":"1-3年","approve":0,"score":0,"companySize":"150-500人","businessZones":["小关","惠新里","对外经贸"],"imState":"sevenDays","lastLogin":1472003563000,"publisherId":3091919,"explain":null,"plus":null,"pcShow":0,"appShow":0,"deliver":0,"gradeDescription":null,"companyFullName":"Verycloud-云端网络","adWord":0},{"formatCreateTime":"2016-08-24","createTime":"2016-08-24 10:03:22","companyId":123777,"positionName":"C#","education":"本科","city":"北京","positionId":2183619,"financeStage":"成熟型(不需要融资)","companyShortName":"通力互联","companyLogo":"i/image/M00/2E/03/CgqKkVc9jmCAI8DpAAD09YLPnBk157.png","salary":"8k-10k","industryField":"电子商务,企业服务","district":"海淀区","companyLabelList":["绩效奖金","交通补助","定期体检","通讯津贴"],"positionAdvantage":"一流平台，免费班车，免费体检，五险一金","jobNature":"全职","workYear":"1-3年","approve":0,"score":0,"companySize":"2000人以上","businessZones":null,"imState":"today","lastLogin":1472550990000,"publisherId":5345557,"explain":null,"plus":null,"pcShow":0,"appShow":0,"deliver":0,"gradeDescription":null,"companyFullName":"北京通力互联技术服务有限公司","adWord":0},{"formatCreateTime":"2016-08-24","createTime":"2016-08-24 09:59:04","companyId":39934,"positionName":"C端产品经理（偏基础购物流程）","education":"本科","city":"北京","positionId":1621790,"financeStage":"成长型(B轮)","companyShortName":"每日优鲜","companyLogo":"image1/M00/33/F0/CgYXBlWVHo2AJ2kfAADcOU-43sg621.jpg","salary":"15k-30k","industryField":"移动互联网,电子商务","district":"朝阳区","companyLabelList":["节日礼物","年度旅游","岗位晋升","管理规范"],"positionAdvantage":"福利待遇好，发展前景好，领导nice","jobNature":"全职","workYear":"1-3年","approve":1,"score":0,"companySize":"150-500人","businessZones":["望京","大山子","酒仙桥"],"imState":"today","lastLogin":1472555740000,"publisherId":785866,"explain":null,"plus":null,"pcShow":0,"appShow":0,"deliver":0,"gradeDescription":null,"companyFullName":"北京每日优鲜电子商务有限公司","adWord":0},{"formatCreateTime":"2016-08-24","createTime":"2016-08-24 09:55:17","companyId":16647,"positionName":"ASP.Net C# 开发工程师","education":"本科","city":"北京","positionId":986617,"financeStage":"成熟型(C轮)","companyShortName":"牛股王","companyLogo":"image1/M00/00/1F/Cgo8PFTUWGqAPk6RAACkWTRnMNU011.png","salary":"12k-24k","industryField":"移动互联网,金融","district":"朝阳区","companyLabelList":["岗位晋升","扁平管理","领导好","美女多"],"positionAdvantage":"免费午餐，五险一金","jobNature":"全职","workYear":"1-3年","approve":1,"score":0,"companySize":"50-150人","businessZones":["望京","大山子","酒仙桥"],"imState":"sevenDays","lastLogin":1472192469000,"publisherId":722824,"explain":null,"plus":null,"pcShow":0,"appShow":0,"deliver":0,"gradeDescription":null,"companyFullName":"北京淘金者科技有限公司","adWord":0},{"formatCreateTime":"2016-08-24","createTime":"2016-08-24 09:52:15","companyId":16279,"positionName":"C/C++开发工程师","education":"本科","city":"北京","positionId":1166761,"financeStage":"初创型(未融资)","companyShortName":"比特安索","companyLogo":"image1/M00/00/1E/Cgo8PFTUWGiAHEe5AABrK_IF6Q0937.jpg","salary":"2k-4k","industryField":"信息安全","district":"海淀区","companyLabelList":["技能培训","股票期权","绩效奖金","岗位晋升"],"positionAdvantage":"技术大牛指导，国际领先产品，工资高","jobNature":"实习","workYear":"1-3年","approve":1,"score":0,"companySize":"少于15人","businessZones":["清河"],"imState":"today","lastLogin":1472542747000,"publisherId":190831,"explain":null,"plus":null,"pcShow":0,"appShow":0,"deliver":0,"gradeDescription":null,"companyFullName":"北京比特安索信息技术有限公司","adWord":0},{"formatCreateTime":"2016-08-24","createTime":"2016-08-24 09:49:59","companyId":35216,"positionName":"C/C++开发工程师","education":"大专","city":"北京","positionId":228833,"financeStage":"上市公司","companyShortName":"极地安全","companyLogo":"i/image/M00/43/4B/CgqKkVeDF5-AdyEXAABYCxne9ko091.png","salary":"6k-10k","industryField":"信息安全","district":"海淀区","companyLabelList":["年底双薪","免费班车","股票期权","带薪年假"],"positionAdvantage":"五险一金 带薪年假 免费班车 晋升空间大","jobNature":"全职","workYear":"1-3年","approve":1,"score":0,"companySize":"150-500人","businessZones":["学院路","北航","北太平庄"],"imState":"disabled","lastLogin":1472451480000,"publisherId":610765,"explain":null,"plus":null,"pcShow":0,"appShow":0,"deliver":0,"gradeDescription":null,"companyFullName":"北京极地信息技术有限公司","adWord":0}]}},"code":0}