{"resubmitToken":null,"success":true,"requestId":null,"msg":null,"content":{"pageNo":21,"pageSize":15,"positionResult":{"totalCount":1236,"resultSize":15,"locationInfo":{"city":"北京","district":null,"queryByGisCode":false,"businessZone":null,"locationCode":null},"queryAnalysisInfo":{"positionName":"c","companyName":null,"industryName":null,"usefulCompany":false},"strategyProperty":{"name":"dm-csearch-newSimScorer","id":1},"result":[{"companyFullName":"北京羽扇智信息科技有限公司","adWord":0,"companyId":1249,"formatCreateTime":"3天前发布","businessZones":["中关村","北京大学","苏州街"],"imState":"disabled","lastLogin":1472549255000,"positionId":1291361,"industryField":"移动互联网,O2O","education":"本科","workYear":"3-5年","city":"北京","positionAdvantage":"免费午餐，行业大牛带队，谷歌技术氛围","createTime":"2016-08-27 14:03:23","salary":"20k-30k","positionName":"C++高级开发工程师","companySize":"150-500人","companyShortName":"出门问问","companyLogo":"image1/M00/40/3A/CgYXBlXC_4OASRgsAAAislBu0uU808.jpg","financeStage":"成熟型(C轮)","approve":1,"jobNature":"全职","companyLabelList":["帅哥多","美女多","绩效奖金","股票期权"],"district":"海淀区","score":0,"publisherId":7931,"explain":null,"plus":null,"pcShow":0,"appShow":0,"deliver":0,"gradeDescription":null},{"companyFullName":"北京瑞致泰华科技有限公司","adWord":0,"companyId":115219,"formatCreateTime":"3天前发布","businessZones":["健翔桥","奥运村","二里庄"],"imState":"today","lastLogin":1472550319000,"positionId":1962871,"industryField":"信息安全,硬件","education":"本科","workYear":"不限","city":"北京","positionAdvantage":"学习机会多 节日礼物 有转正机会","createTime":"2016-08-27 13:27:39","salary":"2k-3k","positionName":"C/C++研发实习工程师","companySize":"15-50人","companyShortName":"瑞致泰华","companyLogo":"i/image/M00/04/2A/CgqKkVbGwfSASRLZAAAIEPAXMoU672.png","financeStage":"初创型(不需要融资)","approve":0,"jobNature":"实习","companyLabelList":["绩效奖金","带薪年假","午餐补助","定期体检"],"district":"海淀区","score":0,"publisherId":3870732,"explain":null,"plus":null,"pcShow":0,"appShow":0,"deliver":0,"gradeDescription":null},{"companyFullName":"普斯科技","adWord":0,"companyId":34991,"formatCreateTime":"3天前发布","businessZones":["中关村","北京大学","五道口"],"imState":"today","lastLogin":1472547366000,"positionId":2264996,"industryField":"移动互联网,数据服务","education":"大专","workYear":"1年以下","city":"北京","positionAdvantage":"微软&amp;顶级国际投资公司高盛高管带你飞！","createTime":"2016-08-27 09:31:30","salary":"6k-10k","positionName":"C#","companySize":"少于15人","companyShortName":"普斯","companyLogo":"image2/M00/07/28/CgpzWlX9nyKAYCZ2AAA_4yNm7LE749.JPG","financeStage":"初创型(天使轮)","approve":0,"jobNature":"全职","companyLabelList":["互联网大师","投资界大师","上升空间大","人工智能"],"district":"海淀区","score":0,"publisherId":600279,"explain":null,"plus":null,"pcShow":0,"appShow":0,"deliver":0,"gradeDescription":null},{"companyFullName":"北京数之行科技有限公司","adWord":0,"companyId":61511,"formatCreateTime":"2016-08-26","businessZones":null,"imState":"today","lastLogin":1472541304000,"positionId":566085,"industryField":"其他","education":"本科","workYear":"3-5年","city":"北京","positionAdvantage":"五险一金，带薪年假，年终双薪、奖金丰厚","createTime":"2016-08-26 17:23:13","salary":"15k-25k","positionName":"C++高级软件工程师（急聘）","companySize":"15-50人","companyShortName":"数之行","companyLogo":"image1/M00/1A/E5/CgYXBlUd-rqAQ_0ZAABpf8-szJE269.png","financeStage":"初创型(不需要融资)","approve":1,"jobNature":"全职","companyLabelList":["军工软件行业","交通补助","午餐补助","年度旅游"],"district":"海淀区","score":0,"publisherId":1544530,"explain":null,"plus":null,"pcShow":0,"appShow":0,"deliver":0,"gradeDescription":null},{"companyFullName":"北京口袋时尚科技有限公司","adWord":0,"companyId":2900,"formatCreateTime":"2016-08-26","businessZones":["酒仙桥","大山子","将台路"],"imState":"sevenDays","lastLogin":1472203127000,"positionId":18756,"industryField":"移动互联网 ,电子商务","education":"本科","workYear":"3-5年","city":"北京","positionAdvantage":"期权丰厚、扁平管理、福利完善、14薪","createTime":"2016-08-26 17:19:07","salary":"18k-35k","positionName":"高级PHP开发工程师C-001","companySize":"500-2000人","companyShortName":"微店","companyLogo":"image1/M00/0F/B0/Cgo8PFT9bUuAFYmqAABKRDf-Ah0371.jpg","financeStage":"成熟型(C轮)","approve":1,"jobNature":"全职","companyLabelList":["扁平化管理","技术驱动","14薪","六险一金"],"district":"朝阳区","score":0,"publisherId":27070,"explain":null,"plus":null,"pcShow":0,"appShow":0,"deliver":0,"gradeDescription":null},{"companyFullName":"上海海盛格文化有限公司","adWord":0,"companyId":134410,"formatCreateTime":"2016-08-26","businessZones":null,"imState":"sevenDays","lastLogin":1472201535000,"positionId":2294452,"industryField":"文化娱乐,广告营销","education":"本科","workYear":"1-3年","city":"北京","positionAdvantage":"房补、弹性工作时间","createTime":"2016-08-26 16:57:17","salary":"15k-30k","positionName":"C++","companySize":"50-150人","companyShortName":"海盛格文化","companyLogo":"i/image/M00/37/48/CgqKkVdf1OSAYOD0AAAXo1Fe0DI969.jpg","financeStage":"成长型(B轮)","approve":0,"jobNature":"全职","companyLabelList":null,"district":"朝阳区","score":0,"publisherId":5351698,"explain":null,"plus":null,"pcShow":0,"appShow":0,"deliver":0,"gradeDescription":null},{"companyFullName":"东软（广州）有限公司","adWord":0,"companyId":52848,"formatCreateTime":"2016-08-26","businessZones":null,"imState":"today","lastLogin":1472553392000,"positionId":2294298,"industryField":"移动互联网,教育","education":"大专","workYear":"1-3年","city":"北京","positionAdvantage":"五险一金，双休，班车，工作餐","createTime":"2016-08-26 16:38:34","salary":"8k-12k","positionName":"C++","companySize":"2000人以上","companyShortName":"东软（广州）","companyLogo":"image1/M00/0A/02/Cgo8PFTthb2AFoFTAABTk-_6AWs059.jpg","financeStage":"上市公司","approve":0,"jobNature":"全职","companyLabelList":["技能培训","带薪年假","岗位晋升","年度旅游"],"district":"海淀区","score":0,"publisherId":2076908,"explain":null,"plus":null,"pcShow":0,"appShow":0,"deliver":0,"gradeDescription":null},{"companyFullName":"北京华兴宏视技术发展有限公司","adWord":0,"companyId":112897,"formatCreateTime":"2016-08-26","businessZones":["上地","西二旗","马连洼"],"imState":"disabled","lastLogin":1472527220000,"positionId":1425382,"industryField":"其他","education":"本科","workYear":"不限","city":"北京","positionAdvantage":"年底双薪+带薪年假","createTime":"2016-08-26 16:37:37","salary":"10k-20k","positionName":"C++","companySize":"15-50人","companyShortName":"华兴宏视","companyLogo":"i/image/M00/02/CF/Cgp3O1adrYqAUeVpAAASPwQrci8151.jpg","financeStage":"初创型(未融资)","approve":0,"jobNature":"全职","companyLabelList":null,"district":"海淀区","score":0,"publisherId":3675963,"explain":null,"plus":null,"pcShow":0,"appShow":0,"deliver":0,"gradeDescription":null},{"companyFullName":"上海姚记悠彩网络科技有限公司","adWord":0,"companyId":45286,"formatCreateTime":"2016-08-26","businessZones":["来广营","望京"],"imState":"today","lastLogin":1472517848000,"positionId":1202482,"industryField":"移动互联网","education":"大专","workYear":"10年以上","city":"北京","positionAdvantage":"老板好，团队好！","createTime":"2016-08-26 16:35:57","salary":"20k-25k","positionName":"C/C++软件工程师","companySize":"150-500人","companyShortName":"姚记悠彩","companyLogo":"image1/M00/00/73/CgYXBlTUXZyAcpGoAADqVEHBReI552.png","financeStage":"成长型(B轮)","approve":1,"jobNature":"全职","companyLabelList":["技能培训","节日礼物","绩效奖金","岗位晋升"],"district":"朝阳区","score":0,"publisherId":869447,"explain":null,"plus":null,"pcShow":0,"appShow":0,"deliver":0,"gradeDescription":null},{"companyFullName":"北京拓思德科技有限公司","adWord":0,"companyId":7072,"formatCreateTime":"2016-08-26","businessZones":null,"imState":"today","lastLogin":1472544163000,"positionId":2294245,"industryField":"移动互联网,教育","education":"本科","workYear":"不限","city":"北京","positionAdvantage":"平台广、项目含金量高、职位发展空间大","createTime":"2016-08-26 16:29:08","salary":"15k-25k","positionName":"C++开发工程师","companySize":"50-150人","companyShortName":"Tstudy","companyLogo":"image1/M00/00/0F/CgYXBlTUWCmACZGiAAAo3K_t5kQ414.jpg","financeStage":"成长型(B轮)","approve":1,"jobNature":"全职","companyLabelList":["技能培训","年底双薪","节日礼物","年度旅游"],"district":null,"score":0,"publisherId":78738,"explain":null,"plus":null,"pcShow":0,"appShow":0,"deliver":0,"gradeDescription":null},{"companyFullName":"北京神州绿盟信息安全科技股份有限公司","adWord":0,"companyId":30648,"formatCreateTime":"2016-08-26","businessZones":["紫竹桥","车道沟","万寿寺"],"imState":"today","lastLogin":1472550626000,"positionId":1618569,"industryField":"信息安全","education":"本科","workYear":"5-10年","city":"北京","positionAdvantage":"上市公司 补充医保 免费午餐","createTime":"2016-08-26 16:20:25","salary":"10k-20k","positionName":"C/C++开发工程师（网络安全）","companySize":"500-2000人","companyShortName":"绿盟科技","companyLogo":"image1/M00/00/45/Cgo8PFTUXNqAI8G5AABrGbu56q4495.png","financeStage":"上市公司","approve":1,"jobNature":"全职","companyLabelList":["技能培训","节日礼物","股票期权","带薪年假"],"district":"海淀区","score":0,"publisherId":4595408,"explain":null,"plus":null,"pcShow":0,"appShow":0,"deliver":0,"gradeDescription":null},{"companyFullName":"北京爱奇艺科技有限公司","adWord":0,"companyId":1686,"formatCreateTime":"2016-08-26","businessZones":null,"imState":"disabled","lastLogin":1472553945000,"positionId":2294134,"industryField":"广告营销,文化娱乐","education":"本科","workYear":"3-5年","city":"北京","positionAdvantage":"团队友好，学习和发展机会多，技术控的天堂","createTime":"2016-08-26 16:16:06","salary":"15k-29k","positionName":"C++开发高级/资深工程师（HCDN服务器端）","companySize":"2000人以上","companyShortName":"爱奇艺","companyLogo":"image1/M00/00/06/Cgo8PFTUWAaAbD7PAACAXTzCmiw113.jpg","financeStage":"成熟型(D轮及以上)","approve":1,"jobNature":"全职","companyLabelList":["绩效奖金","五险一金","交通补助","带薪年假"],"district":null,"score":0,"publisherId":8305,"explain":null,"plus":null,"pcShow":0,"appShow":0,"deliver":0,"gradeDescription":null},{"companyFullName":"北京鼎盾信息科技有限公司","adWord":0,"companyId":28884,"formatCreateTime":"2016-08-26","businessZones":["德胜门","北太平庄","新街口"],"imState":"disabled","lastLogin":1472547983000,"positionId":2294067,"industryField":"移动互联网","education":"不限","workYear":"不限","city":"北京","positionAdvantage":"全新开发的系统，技术积累与突破的好机会！","createTime":"2016-08-26 16:10:43","salary":"10k-18k","positionName":"C++/QT软件工程师","companySize":"15-50人","companyShortName":"鼎盾科技","companyLogo":"i/image/M00/30/72/Cgp3O1dGjXiAQqhHAAASqrXY7Mk009.jpg","financeStage":"上市公司","approve":0,"jobNature":"全职","companyLabelList":["绩效奖金","五险一金","带薪年假","节日礼物"],"district":"西城区","score":0,"publisherId":388833,"explain":null,"plus":null,"pcShow":0,"appShow":0,"deliver":0,"gradeDescription":null},{"companyFullName":"新浪网技术（中国）有限公司","adWord":0,"companyId":25592,"formatCreateTime":"2016-08-26","businessZones":null,"imState":"disabled","lastLogin":1472196101000,"positionId":1823053,"industryField":"文化娱乐","education":"本科","workYear":"1-3年","city":"北京","positionAdvantage":"你懂的","createTime":"2016-08-26 15:35:49","salary":"13k-26k","positionName":"PHP开发工程师（C++,Java可培养）","companySize":"2000人以上","companyShortName":"新浪网","companyLogo":"image1/M00/00/35/Cgo8PFTUXJeAJhm5AAAyDX2QCwc674.jpg","financeStage":"上市公司","approve":1,"jobNature":"全职","companyLabelList":["免费班车","岗位晋升","五险一金","定期体检"],"district":"海淀区","score":0,"publisherId":5074923,"explain":null,"plus":null,"pcShow":0,"appShow":0,"deliver":0,"gradeDescription":null},{"companyFullName":"北京声智科技有限公司","adWord":0,"companyId":124574,"formatCreateTime":"2016-08-26","businessZones":null,"imState":"today","lastLogin":1472550289000,"positionId":2133607,"industryField":"数据服务,硬件","education":"本科","workYear":"1-3年","city":"北京","positionAdvantage":"待遇好 升职快 气氛好 伙伴牛","createTime":"2016-08-26 15:18:47","salary":"13k-25k","positionName":"C++","companySize":"15-50人","companyShortName":"声智科技","companyLogo":"i/image/M00/20/D1/CgqKkVcPK6yAV4egAANxEy2K_z4757.jpg","financeStage":"初创型(天使轮)","approve":1,"jobNature":"全职","companyLabelList":["年底双薪","股票期权","午餐补助","弹性工作"],"district":null,"score":0,"publisherId":4798929,"explain":null,"plus":null,"pcShow":0,"appShow":0,"deliver":0,"gradeDescription":null}]}},"code":0}