{"resubmitToken":null,"success":true,"requestId":null,"msg":null,"content":{"pageNo":59,"pageSize":15,"positionResult":{"totalCount":1236,"resultSize":15,"locationInfo":{"city":"北京","district":null,"queryByGisCode":false,"businessZone":null,"locationCode":null},"queryAnalysisInfo":{"positionName":"c","companyName":null,"industryName":null,"usefulCompany":false},"strategyProperty":{"name":"dm-csearch-newSimScorer","id":1},"result":[{"companyFullName":"用友网络科技股份有限公司","adWord":0,"companyId":5812,"formatCreateTime":"2016-08-11","businessZones":null,"imState":"sevenDays","lastLogin":1472189935000,"positionId":2176508,"industryField":"企业服务,数据服务","education":"本科","workYear":"3-5年","city":"北京","positionAdvantage":"五险一金、年底双薪、绩效奖金、股票期权等","createTime":"2016-08-11 09:53:35","salary":"15k-25k","positionName":"C++研发工程师","companySize":"2000人以上","companyShortName":"用友","companyLogo":"image1/M00/00/0C/Cgo8PFTUWCCAaF4PAAAm3kBS87s438.png","financeStage":"上市公司","approve":1,"jobNature":"全职","companyLabelList":["技能培训","节日礼物","免费班车","岗位晋升"],"district":null,"score":0,"publisherId":5501496,"explain":null,"plus":null,"pcShow":0,"appShow":0,"deliver":0,"gradeDescription":null},{"companyFullName":"杭州华三通信技术有限公司","adWord":0,"companyId":12299,"formatCreateTime":"2016-08-11","businessZones":["上地","马连洼"],"imState":"today","lastLogin":1472537768000,"positionId":2223129,"industryField":"硬件,数据服务","education":"本科","workYear":"不限","city":"北京","positionAdvantage":"年终奖+车补饭补（1500）+周末加班双薪","createTime":"2016-08-11 09:37:54","salary":"10k-20k","positionName":"C++","companySize":"2000人以上","companyShortName":"H3C","companyLogo":"image1/M00/2C/B0/Cgo8PFV2UCiAHShwAAAK5HgrqsE541.jpg","financeStage":"成熟型(不需要融资)","approve":1,"jobNature":"全职","companyLabelList":["节日礼物","技能培训","绩效奖金","岗位晋升"],"district":"海淀区","score":0,"publisherId":5890936,"explain":null,"plus":null,"pcShow":0,"appShow":0,"deliver":0,"gradeDescription":null},{"companyFullName":"北京海泰方圆科技有限公司","adWord":0,"companyId":38464,"formatCreateTime":"2016-08-11","businessZones":["西二旗","龙泽","回龙观"],"imState":"overSevenDays","lastLogin":1471827020000,"positionId":2222854,"industryField":"信息安全","education":"大专","workYear":"5-10年","city":"北京","positionAdvantage":"工作氛围和谐，公司福利多多","createTime":"2016-08-11 09:10:05","salary":"10k-20k","positionName":"C语言开发工程师","companySize":"150-500人","companyShortName":"海泰方圆","companyLogo":"images/logo_default.png","financeStage":"初创型(未融资)","approve":0,"jobNature":"全职","companyLabelList":["技能培训","节日礼物","年底双薪","带薪年假"],"district":"海淀区","score":0,"publisherId":5726993,"explain":null,"plus":null,"pcShow":0,"appShow":0,"deliver":0,"gradeDescription":null},{"companyFullName":"北京点知教育科技有限公司","adWord":0,"companyId":114569,"formatCreateTime":"2016-08-10","businessZones":null,"imState":"disabled","lastLogin":1470824754000,"positionId":2040697,"industryField":"教育","education":"本科","workYear":"3-5年","city":"北京","positionAdvantage":"13薪，五险一金，免费工作餐，发张空间大。","createTime":"2016-08-10 18:29:37","salary":"15k-20k","positionName":"C++高级开发工程师","companySize":"150-500人","companyShortName":"点知教育科技","companyLogo":"i/image/M00/3C/FF/Cgp3O1dxCdiAeSo6AAAglrwfwGg252.jpg","financeStage":"初创型(天使轮)","approve":0,"jobNature":"全职","companyLabelList":null,"district":"海淀区","score":0,"publisherId":3900744,"explain":null,"plus":null,"pcShow":0,"appShow":0,"deliver":0,"gradeDescription":null},{"companyFullName":"斯伦贝谢技术有限公司","adWord":0,"companyId":113422,"formatCreateTime":"2016-08-10","businessZones":["五道口","清华大学","中关村"],"imState":"disabled","lastLogin":1472433477000,"positionId":2112830,"industryField":"其他","education":"本科","workYear":"5-10年","city":"北京","positionAdvantage":"待遇好","createTime":"2016-08-10 17:38:45","salary":"30k-60k","positionName":"C#","companySize":"2000人以上","companyShortName":"斯伦贝谢","companyLogo":"i/image/M00/02/FF/CgqKkValjKqAWeuoAAAHtgERBv8500.gif","financeStage":"上市公司","approve":0,"jobNature":"全职","companyLabelList":null,"district":"海淀区","score":0,"publisherId":5685109,"explain":null,"plus":null,"pcShow":0,"appShow":0,"deliver":0,"gradeDescription":null},{"companyFullName":"京东云平台","adWord":0,"companyId":26703,"formatCreateTime":"2016-08-10","businessZones":null,"imState":"disabled","lastLogin":1472460307000,"positionId":2221712,"industryField":"电子商务,数据服务","education":"本科","workYear":"5-10年","city":"北京","positionAdvantage":"京东视频云，待遇优厚，重点项目","createTime":"2016-08-10 17:37:07","salary":"15k-30k","positionName":"C/C++-视频云-流媒体-架构师","companySize":"2000人以上","companyShortName":"京东商城","companyLogo":"image1/M00/00/38/CgYXBlTUXKWAV_hAAACJ1NcO5Xk827.png","financeStage":"上市公司","approve":0,"jobNature":"全职","companyLabelList":["年底双薪","节日礼物","技能培训","绩效奖金"],"district":null,"score":0,"publisherId":5435164,"explain":null,"plus":null,"pcShow":0,"appShow":0,"deliver":0,"gradeDescription":null},{"companyFullName":"北京办伴网络科技有限公司","adWord":0,"companyId":131914,"formatCreateTime":"2016-08-10","businessZones":["上地","马连洼"],"imState":"today","lastLogin":1472525945000,"positionId":2051288,"industryField":"移动互联网,企业服务","education":"不限","workYear":"3-5年","city":"北京","positionAdvantage":"创业型公司，我们邀请您与公司共同成长","createTime":"2016-08-10 17:12:40","salary":"18k-20k","positionName":"C","companySize":"15-50人","companyShortName":"办伴网络","companyLogo":"i/image/M00/32/0B/CgqKkVdNJt2ANMX0AAElcXpe8tk062.jpg","financeStage":"初创型(未融资)","approve":0,"jobNature":"全职","companyLabelList":null,"district":"海淀区","score":0,"publisherId":5198650,"explain":null,"plus":null,"pcShow":0,"appShow":0,"deliver":0,"gradeDescription":null},{"companyFullName":"北京华信信通科技发展有限公司","adWord":0,"companyId":119104,"formatCreateTime":"2016-08-10","businessZones":["朝外","朝阳门","东大桥"],"imState":"today","lastLogin":1472538820000,"positionId":2221325,"industryField":"移动互联网,企业服务","education":"本科","workYear":"3-5年","city":"北京","positionAdvantage":"弹性工作时间、五险一金、NICE老板","createTime":"2016-08-10 17:06:16","salary":"15k-25k","positionName":"C++开发工程师","companySize":"50-150人","companyShortName":"华信","companyLogo":"i/image/M00/12/BA/CgqKkVbmObiAWxAuAAAJPa_zTcw020.png","financeStage":"初创型(未融资)","approve":0,"jobNature":"全职","companyLabelList":["年底双薪","午餐补助","通讯津贴","带薪年假"],"district":"朝阳区","score":0,"publisherId":4494093,"explain":null,"plus":null,"pcShow":0,"appShow":0,"deliver":0,"gradeDescription":null},{"companyFullName":"北京维盛网域科技有限公司","adWord":0,"companyId":30869,"formatCreateTime":"2016-08-10","businessZones":["清河"],"imState":"disabled","lastLogin":1471512685000,"positionId":2039036,"industryField":"移动互联网,文化娱乐","education":"本科","workYear":"3-5年","city":"北京","positionAdvantage":"五险一金 年底双薪 补助 节日福利","createTime":"2016-08-10 16:52:35","salary":"12k-20k","positionName":"C++","companySize":"150-500人","companyShortName":"北京维盛","companyLogo":"image1/M00/00/46/CgYXBlTUXN2AK8ncAAAT1FljBmc391.png","financeStage":"成熟型(D轮及以上)","approve":0,"jobNature":"全职","companyLabelList":["技能培训","年底双薪","带薪年假","岗位晋升"],"district":"海淀区","score":0,"publisherId":450632,"explain":null,"plus":null,"pcShow":0,"appShow":0,"deliver":0,"gradeDescription":null},{"companyFullName":"汉得信息","adWord":0,"companyId":25063,"formatCreateTime":"2016-08-10","businessZones":["西二旗","龙泽","回龙观"],"imState":"disabled","lastLogin":1470811961000,"positionId":2220106,"industryField":"企业服务,数据服务","education":"大专","workYear":"3-5年","city":"北京","positionAdvantage":"年底双薪 包食宿 国内旅游","createTime":"2016-08-10 15:11:07","salary":"12k-23k","positionName":"C#","companySize":"2000人以上","companyShortName":"上海汉得信息技术股份有限公司","companyLogo":"image1/M00/2A/75/Cgo8PFVr_QWAGPsnAAAzn6qr2Tc653.jpg","financeStage":"上市公司","approve":0,"jobNature":"全职","companyLabelList":["足球场","提供住宿","绩效奖金","岗位晋升"],"district":"海淀区","score":0,"publisherId":5885534,"explain":null,"plus":null,"pcShow":0,"appShow":0,"deliver":0,"gradeDescription":null},{"companyFullName":"北京天睿空间科技股份有限公司","adWord":0,"companyId":87908,"formatCreateTime":"2016-08-10","businessZones":null,"imState":"today","lastLogin":1472553780000,"positionId":2174231,"industryField":"数据服务","education":"不限","workYear":"5-10年","city":"北京","positionAdvantage":"上市公司 创业平台","createTime":"2016-08-10 14:28:58","salary":"11k-20k","positionName":"C# WPF","companySize":"50-150人","companyShortName":"天睿空间","companyLogo":"i/image/M00/31/8F/Cgp3O1dLt-qADKflAABr12XUUls510.jpg","financeStage":"初创型(天使轮)","approve":0,"jobNature":"全职","companyLabelList":["免费班车","带薪年假","绩效奖金","定期体检"],"district":null,"score":0,"publisherId":2143562,"explain":null,"plus":null,"pcShow":0,"appShow":0,"deliver":0,"gradeDescription":null},{"companyFullName":"奇虎360科技有限公司","adWord":0,"companyId":436,"formatCreateTime":"2016-08-10","businessZones":["酒仙桥","大山子","将台路"],"imState":"today","lastLogin":1472546904000,"positionId":2217911,"industryField":"移动互联网,游戏","education":"硕士","workYear":"不限","city":"北京","positionAdvantage":"大平台，好机会","createTime":"2016-08-10 10:48:14","salary":"4k-6k","positionName":"C++","companySize":"50-150人","companyShortName":"360","companyLogo":"image1/M00/26/1E/Cgo8PFVUDROAf7zrAABr5cEcbGQ572.jpg","financeStage":"上市公司","approve":1,"jobNature":"实习","companyLabelList":null,"district":"朝阳区","score":0,"publisherId":5883692,"explain":null,"plus":null,"pcShow":0,"appShow":0,"deliver":0,"gradeDescription":null},{"companyFullName":"北京联想利泰软件有限公司","adWord":0,"companyId":3866,"formatCreateTime":"2016-08-10","businessZones":null,"imState":"today","lastLogin":1472526454000,"positionId":2087490,"industryField":"移动互联网,招聘","education":"本科","workYear":"3-5年","city":"北京","positionAdvantage":"国企 不加班 年终奖 福利优厚","createTime":"2016-08-10 10:32:07","salary":"10k-15k","positionName":"c++开发工程师（QT方向）","companySize":"500-2000人","companyShortName":"联想利泰","companyLogo":"i/image/M00/2B/98/Cgp3O1c1ZdaAIjU3AAA7TsArYD4046.PNG","financeStage":"初创型(未融资)","approve":1,"jobNature":"全职","companyLabelList":["节日礼物","带薪年假","岗位晋升","领导好"],"district":"海淀区","score":0,"publisherId":304506,"explain":null,"plus":null,"pcShow":0,"appShow":0,"deliver":0,"gradeDescription":null},{"companyFullName":"北京南昊科技股份有限公司","adWord":0,"companyId":78048,"formatCreateTime":"2016-08-10","businessZones":["上地","西二旗","马连洼"],"imState":"disabled","lastLogin":1472537174000,"positionId":1957920,"industryField":"移动互联网,电子商务","education":"本科","workYear":"1-3年","city":"北京","positionAdvantage":"带薪年假 股票期权","createTime":"2016-08-10 10:07:00","salary":"10k-15k","positionName":"C++开发工程师","companySize":"150-500人","companyShortName":"南昊","companyLogo":"image1/M00/2F/97/Cgo8PFWCiFqARkZJAAAgaoE3yko201.jpg?cc=0.2768543728161603","financeStage":"成长型(A轮)","approve":0,"jobNature":"全职","companyLabelList":["技能培训","节日礼物","带薪年假","绩效奖金"],"district":"海淀区","score":0,"publisherId":1961024,"explain":null,"plus":null,"pcShow":0,"appShow":0,"deliver":0,"gradeDescription":null},{"companyFullName":"北京达顺昌盛技术有限公司","adWord":0,"companyId":134716,"formatCreateTime":"2016-08-10","businessZones":null,"imState":"disabled","lastLogin":1472181407000,"positionId":2217013,"industryField":"移动互联网,电子商务","education":"本科","workYear":"1-3年","city":"北京","positionAdvantage":"双休，五险一金，员工旅游","createTime":"2016-08-10 09:38:54","salary":"10k-15k","positionName":"c#研发工程师","companySize":"15-50人","companyShortName":"达顺昌盛","companyLogo":"i/image/M00/41/BF/CgqKkVd9uzmADKdBAAAO5Pohjeo682.png","financeStage":"初创型(未融资)","approve":0,"jobNature":"全职","companyLabelList":null,"district":"海淀区","score":0,"publisherId":5374291,"explain":null,"plus":null,"pcShow":0,"appShow":0,"deliver":0,"gradeDescription":null}]}},"code":0}