{"success":true,"requestId":null,"resubmitToken":null,"msg":null,"content":{"pageNo":38,"pageSize":15,"positionResult":{"resultSize":15,"totalCount":1236,"locationInfo":{"businessZone":null,"queryByGisCode":false,"locationCode":null,"city":"北京","district":null},"queryAnalysisInfo":{"industryName":null,"usefulCompany":false,"positionName":"c","companyName":null},"strategyProperty":{"name":"dm-csearch-newSimScorer","id":1},"result":[{"formatCreateTime":"2016-08-24","createTime":"2016-08-24 09:44:47","companyId":701,"positionName":"C++开发工程师","education":"本科","city":"北京","positionId":2243291,"financeStage":"上市公司","companyShortName":"亿玛在线-互联网营销领航者","companyLogo":"image1/M00/00/04/Cgo8PFTUV_2APkHsAAATfxnET1o764.gif","salary":"20k-30k","industryField":"移动互联网,电子商务","district":"朝阳区","companyLabelList":["技能培训","绩效奖金","年度旅游","岗位晋升"],"positionAdvantage":"A股上市，福利全，独栋大厦，激励多","jobNature":"全职","workYear":"3-5年","approve":1,"score":0,"companySize":"500-2000人","businessZones":["双桥","管庄","定福庄"],"imState":"today","lastLogin":1472545532000,"publisherId":1692560,"explain":null,"plus":null,"pcShow":0,"appShow":0,"deliver":0,"gradeDescription":null,"companyFullName":"北京亿玛在线科技有限公司","adWord":0},{"formatCreateTime":"2016-08-24","createTime":"2016-08-24 09:32:36","companyId":54515,"positionName":"C#开发工程师","education":"本科","city":"北京","positionId":2067336,"financeStage":"上市公司","companyShortName":"联想","companyLogo":"image1/M00/0C/F8/Cgo8PFT2oIuAcBBxAABQTeHQQQY940.png","salary":"8k-15k","industryField":"移动互联网","district":"海淀区","companyLabelList":["节日礼物","免费班车","带薪年假","绩效奖金"],"positionAdvantage":"五险一金、节假日福利、补助、奖金","jobNature":"全职","workYear":"1-3年","approve":1,"score":0,"companySize":"2000人以上","businessZones":["上地","西二旗","马连洼"],"imState":"disabled","lastLogin":1472556932000,"publisherId":2322934,"explain":null,"plus":null,"pcShow":0,"appShow":0,"deliver":0,"gradeDescription":null,"companyFullName":"北京联想调频科技有限公司","adWord":0},{"formatCreateTime":"2016-08-24","createTime":"2016-08-24 09:22:26","companyId":24406,"positionName":"C++中级开发工程师(000905)","education":"本科","city":"北京","positionId":2169823,"financeStage":"上市公司","companyShortName":"方正电子","companyLogo":"image1/M00/0A/CF/CgYXBlTwPYqAeGHBAABJwkw8Z8I860.jpg","salary":"10k-15k","industryField":"移动互联网,数据服务","district":"海淀区","companyLabelList":["技能培训","免费班车","岗位晋升","管理规范"],"positionAdvantage":"福利好，平台大，工作氛围棒","jobNature":"全职","workYear":"1-3年","approve":1,"score":0,"companySize":"500-2000人","businessZones":null,"imState":"today","lastLogin":1472553365000,"publisherId":293674,"explain":null,"plus":null,"pcShow":0,"appShow":0,"deliver":0,"gradeDescription":null,"companyFullName":"北京北大方正电子有限公司","adWord":0},{"formatCreateTime":"2016-08-24","createTime":"2016-08-24 09:22:08","companyId":127068,"positionName":"C++/linux服务器开发工程师","education":"本科","city":"北京","positionId":2187229,"financeStage":"初创型(天使轮)","companyShortName":"极限元","companyLogo":"i/image/M00/28/D5/CgqKkVcsQ_6AcCUaAAAQtNXau9Y736.png","salary":"15k-30k","industryField":"硬件","district":"海淀区","companyLabelList":["五险一金","水果软饮","加班晚餐","带薪年假"],"positionAdvantage":"年底双薪 节假日福利 五险一金 水果下午茶","jobNature":"全职","workYear":"3-5年","approve":0,"score":0,"companySize":"15-50人","businessZones":["上地","马连洼","西二旗"],"imState":"disabled","lastLogin":1472010830000,"publisherId":5832362,"explain":null,"plus":null,"pcShow":0,"appShow":0,"deliver":0,"gradeDescription":null,"companyFullName":"极限元（北京）智能科技有限公司","adWord":0},{"formatCreateTime":"2016-08-24","createTime":"2016-08-24 09:14:42","companyId":3866,"positionName":"Linux C（qt）工程师（清河小营）","education":"本科","city":"北京","positionId":2033482,"financeStage":"初创型(未融资)","companyShortName":"联想利泰","companyLogo":"i/image/M00/2B/98/Cgp3O1c1ZdaAIjU3AAA7TsArYD4046.PNG","salary":"10k-14k","industryField":"移动互联网,招聘","district":"海淀区","companyLabelList":["节日礼物","带薪年假","岗位晋升","领导好"],"positionAdvantage":"五险一金，餐补，年终奖，双休","jobNature":"全职","workYear":"1-3年","approve":1,"score":0,"companySize":"500-2000人","businessZones":["清河","小营","西三旗"],"imState":"disabled","lastLogin":1472556260000,"publisherId":433948,"explain":null,"plus":null,"pcShow":0,"appShow":0,"deliver":0,"gradeDescription":null,"companyFullName":"北京联想利泰软件有限公司","adWord":0},{"formatCreateTime":"2016-08-24","createTime":"2016-08-24 09:12:02","companyId":79983,"positionName":"C#","education":"本科","city":"北京","positionId":2152497,"financeStage":"初创型(未融资)","companyShortName":"希格玛仿真","companyLogo":"image1/M00/33/0F/Cgo8PFWSUnCAR6GCAAAoVx5ARXk273.png?cc=0.4898386048153043","salary":"4k-6k","industryField":"移动互联网,数据服务","district":"朝阳区","companyLabelList":["绩效奖金","岗位晋升","领导好","交通补助"],"positionAdvantage":"工作时间灵活","jobNature":"兼职","workYear":"1-3年","approve":0,"score":0,"companySize":"少于15人","businessZones":["四惠","百子湾","大望路"],"imState":"disabled","lastLogin":1472001017000,"publisherId":4703991,"explain":null,"plus":null,"pcShow":0,"appShow":0,"deliver":0,"gradeDescription":null,"companyFullName":"北京希格玛仿真技术有限公司","adWord":0},{"formatCreateTime":"2016-08-23","createTime":"2016-08-23 20:48:02","companyId":124192,"positionName":"C++","education":"本科","city":"北京","positionId":2034591,"financeStage":"成熟型(不需要融资)","companyShortName":"闲徕互娱","companyLogo":"i/image/M00/54/E5/Cgp3O1fFRZiAOthRAABUxt3Nnp8567.jpg","salary":"20k-30k","industryField":"游戏","district":"朝阳区","companyLabelList":["年底双薪","股票期权","带薪年假","午餐补助"],"positionAdvantage":"年底14薪","jobNature":"全职","workYear":"3-5年","approve":1,"score":0,"companySize":"500-2000人","businessZones":["北苑"],"imState":"today","lastLogin":1472545682000,"publisherId":4673764,"explain":null,"plus":null,"pcShow":0,"appShow":0,"deliver":0,"gradeDescription":null,"companyFullName":"北京闲徕互娱网络科技有限公司","adWord":0},{"formatCreateTime":"2016-08-23","createTime":"2016-08-23 20:30:24","companyId":35021,"positionName":"C开发工程师","education":"本科","city":"北京","positionId":2211636,"financeStage":"上市公司","companyShortName":"联合永道","companyLogo":"images/logo_default.png","salary":"7k-10k","industryField":"教育,数据服务","district":"海淀区","companyLabelList":["技能培训","节日礼物","带薪年假","岗位晋升"],"positionAdvantage":"五险一金，绩效奖金，餐补，技术平台","jobNature":"全职","workYear":"1-3年","approve":0,"score":0,"companySize":"150-500人","businessZones":["西二旗","龙泽","回龙观"],"imState":"today","lastLogin":1472555532000,"publisherId":5459172,"explain":null,"plus":null,"pcShow":0,"appShow":0,"deliver":0,"gradeDescription":null,"companyFullName":"北京联合永道软件股份有限公司","adWord":0},{"formatCreateTime":"2016-08-23","createTime":"2016-08-23 20:24:02","companyId":6014,"positionName":"windows c c++","education":"本科","city":"北京","positionId":301248,"financeStage":"上市公司","companyShortName":"鼎普","companyLogo":"image1/M00/00/0D/CgYXBlTUWCGAJQxoAACnWFBjSxU987.png","salary":"20k-40k","industryField":"移动互联网,信息安全","district":"海淀区","companyLabelList":["五险一金","通讯津贴","带薪年假","交通补助"],"positionAdvantage":"六险一金，年终分红，上升空间大。","jobNature":"全职","workYear":"5-10年","approve":0,"score":0,"companySize":"150-500人","businessZones":["西三旗","清河","小营"],"imState":"disabled","lastLogin":1472471908000,"publisherId":195171,"explain":null,"plus":null,"pcShow":0,"appShow":0,"deliver":0,"gradeDescription":null,"companyFullName":"北京鼎普科技股份有限公司","adWord":0},{"formatCreateTime":"2016-08-23","createTime":"2016-08-23 19:40:29","companyId":2474,"positionName":"后台开发工程师（C/C++方向）","education":"本科","city":"北京","positionId":434326,"financeStage":"成熟型(D轮及以上)","companyShortName":"滴滴出行","companyLogo":"i/image/M00/00/20/Cgp3O1YtmkSAZjX1AAA78knErXc273.jpg","salary":"15k-30k","industryField":"移动互联网","district":"海淀区","companyLabelList":["弹性工作","节日礼物","岗位晋升","技能培训"],"positionAdvantage":"弹性工作 五险一金 股票期权","jobNature":"全职","workYear":"1-3年","approve":0,"score":0,"companySize":"500-2000人","businessZones":["上地","西二旗","马连洼"],"imState":"disabled","lastLogin":1471347161000,"publisherId":1301424,"explain":null,"plus":null,"pcShow":0,"appShow":0,"deliver":0,"gradeDescription":null,"companyFullName":"北京小桔科技有限公司","adWord":0},{"formatCreateTime":"2016-08-23","createTime":"2016-08-23 19:07:13","companyId":718,"positionName":"C++","education":"本科","city":"北京","positionId":2177288,"financeStage":"上市公司","companyShortName":"腾讯","companyLogo":"image1/M00/10/F6/Cgo8PFT_8gyAHE_VAACEHkeY0jo769.jpg","salary":"18k-30k","industryField":"移动互联网","district":"海淀区","companyLabelList":["节日礼物","技能培训","免费娱乐设施","岗位晋升"],"positionAdvantage":"广阔发展前景、竞争性福利、良好技术氛围","jobNature":"全职","workYear":"3-5年","approve":1,"score":0,"companySize":"2000人以上","businessZones":["知春路","中关村","双榆树"],"imState":"disabled","lastLogin":1472554505000,"publisherId":5813260,"explain":null,"plus":null,"pcShow":0,"appShow":0,"deliver":0,"gradeDescription":null,"companyFullName":"腾讯科技(北京)有限公司","adWord":0},{"formatCreateTime":"2016-08-23","createTime":"2016-08-23 18:47:37","companyId":63383,"positionName":"C#开发","education":"本科","city":"北京","positionId":1454129,"financeStage":"上市公司","companyShortName":"博彦科技","companyLogo":"image1/M00/43/C0/Cgo8PFXSyROAXr5CAAATF5nO3SI031.jpg","salary":"8k-15k","industryField":"企业服务,数据服务","district":"海淀区","companyLabelList":["技能培训","节日礼物","免费班车","带薪年假"],"positionAdvantage":"天空是你的极限","jobNature":"全职","workYear":"1-3年","approve":1,"score":0,"companySize":"2000人以上","businessZones":["西北旺","马连洼","上地"],"imState":"today","lastLogin":1472544892000,"publisherId":3434780,"explain":null,"plus":null,"pcShow":0,"appShow":0,"deliver":0,"gradeDescription":null,"companyFullName":"博彦科技股份有限公司","adWord":0},{"formatCreateTime":"2016-08-23","createTime":"2016-08-23 18:08:57","companyId":26142,"positionName":"服务器C++工程师-MUG（H3D-MUG-PR110001）","education":"本科","city":"北京","positionId":2278511,"financeStage":"成熟型(不需要融资)","companyShortName":"QQ炫舞","companyLogo":"image1/M00/00/37/Cgo8PFTUXJ2AU7noAABpZzr2XMg281.jpg","salary":"15k-25k","industryField":"游戏","district":"东城区","companyLabelList":["年终分红","专项奖金","五险一金","带薪年假"],"positionAdvantage":"五险一金，年底双薪","jobNature":"全职","workYear":"3-5年","approve":1,"score":0,"companySize":"500-2000人","businessZones":["东直门","海运仓","东四"],"imState":"disabled","lastLogin":1472122767000,"publisherId":575266,"explain":null,"plus":null,"pcShow":0,"appShow":0,"deliver":0,"gradeDescription":null,"companyFullName":"北京永航科技有限公司","adWord":0},{"formatCreateTime":"2016-08-23","createTime":"2016-08-23 17:27:33","companyId":20309,"positionName":"C#三维工程师","education":"本科","city":"北京","positionId":2144483,"financeStage":"成长型(不需要融资)","companyShortName":"奥伯特","companyLogo":"image1/M00/08/B1/Cgo8PFTYEcqAfVHNAABLSFdi1gc944.png","salary":"10k-20k","industryField":"移动互联网","district":"海淀区","companyLabelList":["年底双薪","节日礼物","技能培训","年度旅游"],"positionAdvantage":"五险一金,弹性工作,定期体检,餐补","jobNature":"全职","workYear":"3-5年","approve":1,"score":0,"companySize":"50-150人","businessZones":["五道口","清华大学","中关村"],"imState":"overSevenDays","lastLogin":1471426167000,"publisherId":1308873,"explain":null,"plus":null,"pcShow":0,"appShow":0,"deliver":0,"gradeDescription":null,"companyFullName":"北京奥伯特石油科技有限公司","adWord":0},{"formatCreateTime":"2016-08-23","createTime":"2016-08-23 17:23:27","companyId":8797,"positionName":"薪酬福利经理 C&amp;B Manager","education":"本科","city":"北京","positionId":2191176,"financeStage":"初创型(未融资)","companyShortName":"越野e族","companyLogo":"image1/M00/00/12/Cgo8PFTUWDaASJdWAABz_cR5xK8497.jpg","salary":"10k-20k","industryField":"电子商务,文化娱乐","district":"朝阳区","companyLabelList":["年底双薪","五险一金","带薪年假","弹性工作"],"positionAdvantage":"薪酬,绩效,福利","jobNature":"全职","workYear":"5-10年","approve":1,"score":0,"companySize":"150-500人","businessZones":["望京","大山子","酒仙桥"],"imState":"threeDays","lastLogin":1472463181000,"publisherId":4514989,"explain":null,"plus":null,"pcShow":0,"appShow":0,"deliver":0,"gradeDescription":null,"companyFullName":"越野一族(北京)传媒科技有限公司","adWord":0}]}},"code":0}