{"msg":null,"success":true,"requestId":null,"resubmitToken":null,"content":{"pageNo":31,"pageSize":15,"positionResult":{"queryAnalysisInfo":{"industryName":null,"usefulCompany":false,"positionName":"c","companyName":null},"strategyProperty":{"name":"dm-csearch-newSimScorer","id":1},"totalCount":1236,"resultSize":15,"locationInfo":{"businessZone":null,"locationCode":null,"queryByGisCode":false,"city":"北京","district":null},"result":[{"companyId":5854,"explain":null,"plus":null,"pcShow":0,"appShow":0,"deliver":0,"gradeDescription":null,"businessZones":["中关村","知春路","双榆树"],"imState":"disabled","lastLogin":1472535852000,"publisherId":1701066,"positionName":"C","workYear":"不限","education":"本科","jobNature":"全职","positionId":667965,"createTime":"2016-08-25 13:56:36","city":"北京","companyLogo":"image1/M00/00/0D/CgYXBlTUWCCAUrC7AABo-Z5RRDI900.png","industryField":"移动互联网,企业服务","positionAdvantage":"六险一金 午餐补助 交通补助","salary":"9k-18k","companySize":"500-2000人","approve":1,"financeStage":"成熟型(不需要融资)","companyLabelList":["股票期权","带薪年假","绩效奖金","扁平管理"],"district":"海淀区","companyShortName":"中科方德软件有限公司","score":0,"formatCreateTime":"2016-08-25","companyFullName":"中科方德软件有限公司","adWord":0},{"companyId":4184,"explain":null,"plus":null,"pcShow":0,"appShow":0,"deliver":0,"gradeDescription":null,"businessZones":["牡丹园","北太平庄","学院路"],"imState":"today","lastLogin":1472556285000,"publisherId":247055,"positionName":"C/C++工程师","workYear":"1-3年","education":"本科","jobNature":"全职","positionId":1968354,"createTime":"2016-08-25 11:25:00","city":"北京","companyLogo":"image1/M00/00/0A/Cgo8PFTUWBaAEBkAAAB-Og1M0To804.jpg","industryField":"数据服务","positionAdvantage":"参与大型项目开发、从中学习和锻炼","salary":"6k-12k","companySize":"2000人以上","approve":1,"financeStage":"成熟型(不需要融资)","companyLabelList":["绩效奖金 ","专项奖金 ","五险一金 ","通讯津贴 "],"district":"海淀区","companyShortName":"思特奇Si-tech","score":0,"formatCreateTime":"2016-08-25","companyFullName":"北京思特奇信息技术股份有限公司","adWord":0},{"companyId":58098,"explain":null,"plus":null,"pcShow":0,"appShow":0,"deliver":0,"gradeDescription":null,"businessZones":null,"imState":"disabled","lastLogin":1472534894000,"publisherId":1466736,"positionName":"c#研发工程师","workYear":"3-5年","education":"本科","jobNature":"全职","positionId":756809,"createTime":"2016-08-25 10:35:53","city":"北京","companyLogo":"image1/M00/17/53/CgYXBlURKSuADZQNAADJdP6HbE0730.jpg","industryField":"分类信息","positionAdvantage":"发展空间，免费班车、带薪假期、餐补","salary":"8k-15k","companySize":"2000人以上","approve":1,"financeStage":"成熟型(不需要融资)","companyLabelList":["节日礼物","带薪年假","绩效奖金","岗位晋升"],"district":"朝阳区","companyShortName":"中铁物流集团","score":0,"formatCreateTime":"2016-08-25","companyFullName":"中铁物流集团有限公司","adWord":0},{"companyId":108856,"explain":null,"plus":null,"pcShow":0,"appShow":0,"deliver":0,"gradeDescription":null,"businessZones":["五道口"],"imState":"disabled","lastLogin":1472549623000,"publisherId":3508991,"positionName":"C#asp.net高级工程师","workYear":"5-10年","education":"大专","jobNature":"全职","positionId":1352972,"createTime":"2016-08-25 10:04:30","city":"北京","companyLogo":"i/image/M00/42/5B/Cgp3O1d_OeGAVrRvAABZK4YkkVc390.png","industryField":"移动互联网,游戏","positionAdvantage":"年底双薪，弹性工作，扁平管理，绩效奖金","salary":"15k-30k","companySize":"50-150人","approve":0,"financeStage":"成长型(A轮)","companyLabelList":["年底双薪","股票期权","年终分红","带薪年假"],"district":"海淀区","companyShortName":"批容推趣","score":0,"formatCreateTime":"2016-08-25","companyFullName":"上海批容推趣网络科技有限公司北京分公司","adWord":0},{"companyId":5024,"explain":null,"plus":null,"pcShow":0,"appShow":0,"deliver":0,"gradeDescription":null,"businessZones":["中关村","双榆树","双安"],"imState":"today","lastLogin":1472555257000,"publisherId":5577403,"positionName":"通讯研发工程师（C++/Golang/Erlang）","workYear":"3-5年","education":"本科","jobNature":"全职","positionId":2285883,"createTime":"2016-08-25 09:59:42","city":"北京","companyLogo":"i/image/M00/31/A9/Cgp3O1dL6LKAI_AjAAAOJNsbELA604.png","industryField":"移动互联网,企业服务","positionAdvantage":"股票期权、六险一金","salary":"20k-40k","companySize":"150-500人","approve":1,"financeStage":"成长型(B轮)","companyLabelList":["扁平管理","弹性工作","六险一金","商业补充保险"],"district":"海淀区","companyShortName":"环信","score":0,"formatCreateTime":"2016-08-25","companyFullName":"北京易掌云峰科技有限公司","adWord":0},{"companyId":61466,"explain":null,"plus":null,"pcShow":0,"appShow":0,"deliver":0,"gradeDescription":null,"businessZones":["五道口","学院路","北航"],"imState":"disabled","lastLogin":1472090105000,"publisherId":2116794,"positionName":"C#","workYear":"1-3年","education":"大专","jobNature":"全职","positionId":1899219,"createTime":"2016-08-25 09:55:41","city":"北京","companyLogo":"image1/M00/1A/E0/CgYXBlUd6_-AZHC0AACqS4LesxI131.jpg","industryField":"移动互联网,电子商务","positionAdvantage":"五险一金，绩效，话补，餐补","salary":"8k-10k","companySize":"15-50人","approve":1,"financeStage":"初创型(天使轮)","companyLabelList":["年底双薪","专项奖金","岗位晋升","扁平管理"],"district":"海淀区","companyShortName":"云启正通","score":0,"formatCreateTime":"2016-08-25","companyFullName":"云启正通（北京）科技有限公司","adWord":0},{"companyId":84958,"explain":null,"plus":null,"pcShow":0,"appShow":0,"deliver":0,"gradeDescription":null,"businessZones":["五道口","清华大学","中关村"],"imState":"today","lastLogin":1472544618000,"publisherId":3914215,"positionName":"C++","workYear":"1-3年","education":"本科","jobNature":"全职","positionId":2285838,"createTime":"2016-08-25 09:55:36","city":"北京","companyLogo":"i/image/M00/2C/A0/CgqKkVc5rXGADO45AAAKs5KUdYY764.jpg","industryField":"移动互联网,硬件","positionAdvantage":"五险一金、期权激励、年度旅游、年终奖等","salary":"12k-24k","companySize":"少于15人","approve":0,"financeStage":"初创型(天使轮)","companyLabelList":["岗位晋升","管理规范","午餐补助","年底双薪"],"district":"海淀区","companyShortName":"腾客科技","score":0,"formatCreateTime":"2016-08-25","companyFullName":"北京市腾客科技有限公司","adWord":0},{"companyId":92857,"explain":null,"plus":null,"pcShow":0,"appShow":0,"deliver":0,"gradeDescription":null,"businessZones":["马甸","北太平庄","牡丹园"],"imState":"today","lastLogin":1472568174000,"publisherId":2402023,"positionName":"C语言开发工程师","workYear":"1-3年","education":"本科","jobNature":"全职","positionId":1990246,"createTime":"2016-08-25 09:51:15","city":"北京","companyLogo":"i/image/M00/32/94/CgqKkVdOrSmAEqvHAAIfocyvaGU809.png","industryField":"移动互联网,企业服务","positionAdvantage":"优秀团队,发展机会,六险一金,丰富活动","salary":"8k-16k","companySize":"150-500人","approve":1,"financeStage":"成长型(不需要融资)","companyLabelList":["带薪年假","扁平管理","定期体检","通讯津贴"],"district":"海淀区","companyShortName":"江南天安","score":0,"formatCreateTime":"2016-08-25","companyFullName":"北京江南天安科技有限公司","adWord":0},{"companyId":35630,"explain":null,"plus":null,"pcShow":0,"appShow":0,"deliver":0,"gradeDescription":null,"businessZones":["上地","马连洼","西二旗"],"imState":"today","lastLogin":1472522105000,"publisherId":619567,"positionName":"C++开发工程师 （windows，跨平台）","workYear":"5-10年","education":"大专","jobNature":"全职","positionId":1072816,"createTime":"2016-08-25 09:47:45","city":"北京","companyLogo":"image1/M00/1C/CD/Cgo8PFUnRoaABHOIAACAkPVErk8851.png","industryField":"数据服务","positionAdvantage":"五险一金 年底双薪 零食水果 餐补 员工福利","salary":"15k-30k","companySize":"15-50人","approve":1,"financeStage":"成长型(A轮)","companyLabelList":["五险一金","年底双薪","带薪年假","扁平管理"],"district":"海淀区","companyShortName":"青藤云安全","score":0,"formatCreateTime":"2016-08-25","companyFullName":"北京升鑫网络科技有限公司","adWord":0},{"companyId":487,"explain":null,"plus":null,"pcShow":0,"appShow":0,"deliver":0,"gradeDescription":null,"businessZones":["来广营","望京"],"imState":"disabled","lastLogin":1470886876000,"publisherId":1367395,"positionName":"C++服务器开发工程师","workYear":"3-5年","education":"本科","jobNature":"全职","positionId":805565,"createTime":"2016-08-25 09:45:40","city":"北京","companyLogo":"image1/M00/0D/9C/Cgo8PFT4IQSAG0AtAABW35OKyUs933.jpg","industryField":"游戏","positionAdvantage":"五险一金、补充医疗、年底双薪等","salary":"15k-30k","companySize":"500-2000人","approve":1,"financeStage":"上市公司","companyLabelList":["年底双薪","节日礼物","技能培训","绩效奖金"],"district":"朝阳区","companyShortName":"蓝港互动集团","score":0,"formatCreateTime":"2016-08-25","companyFullName":"蓝港在线（北京）科技有限公司","adWord":0},{"companyId":29789,"explain":null,"plus":null,"pcShow":0,"appShow":0,"deliver":0,"gradeDescription":null,"businessZones":["将台路","酒仙桥","大山子"],"imState":"today","lastLogin":1472540888000,"publisherId":418808,"positionName":"C++开发工程师","workYear":"3-5年","education":"本科","jobNature":"全职","positionId":2264252,"createTime":"2016-08-25 09:40:41","city":"北京","companyLogo":"i/image/M00/14/45/CgqKkVbpCXaALwOxAAAKxYyWtuM099.jpg","industryField":"移动互联网","positionAdvantage":"全额缴纳一金，员工旅游，股票期权等","salary":"15k-30k","companySize":"15-50人","approve":1,"financeStage":"成长型(B轮)","companyLabelList":["股票期权","五险一金","弹性工作","年终分红"],"district":"朝阳区","companyShortName":"众享比特","score":0,"formatCreateTime":"2016-08-25","companyFullName":"北京众享比特科技有限公司","adWord":0},{"companyId":82491,"explain":null,"plus":null,"pcShow":0,"appShow":0,"deliver":0,"gradeDescription":null,"businessZones":["车公庄","甘家口","航天桥"],"imState":"disabled","lastLogin":1472432257000,"publisherId":2104614,"positionName":"C++/python","workYear":"3-5年","education":"本科","jobNature":"全职","positionId":2197655,"createTime":"2016-08-25 09:40:40","city":"北京","companyLogo":"image1/M00/37/A3/CgYXBlWjbXCAagdGAACpr793qfk040.png?cc=0.32484901580028236","industryField":"移动互联网,数据服务","positionAdvantage":"发展空间大，弹性工作制","salary":"15k-30k","companySize":"50-150人","approve":1,"financeStage":"初创型(天使轮)","companyLabelList":["年底双薪","股票期权","专项奖金","绩效奖金"],"district":"海淀区","companyShortName":"中创三优","score":0,"formatCreateTime":"2016-08-25","companyFullName":"中创三优（北京）科技有限公司","adWord":0},{"companyId":451,"explain":null,"plus":null,"pcShow":0,"appShow":0,"deliver":0,"gradeDescription":null,"businessZones":null,"imState":"threeDays","lastLogin":1472453815000,"publisherId":822009,"positionName":"C++","workYear":"3-5年","education":"本科","jobNature":"全职","positionId":2141715,"createTime":"2016-08-25 09:36:27","city":"北京","companyLogo":"image1/M00/00/03/CgYXBlTUV_qALGv0AABEuOJDipU378.jpg","industryField":"移动互联网 ,游戏","positionAdvantage":"金融","salary":"20k-40k","companySize":"2000人以上","approve":1,"financeStage":"上市公司","companyLabelList":["免费班车","成长空间","年度旅游","岗位晋升"],"district":"海淀区","companyShortName":"腾讯","score":0,"formatCreateTime":"2016-08-25","companyFullName":"腾讯科技(深圳)有限公司","adWord":0},{"companyId":347,"explain":null,"plus":null,"pcShow":0,"appShow":0,"deliver":0,"gradeDescription":null,"businessZones":["望京","大山子","酒仙桥"],"imState":"disabled","lastLogin":1472559047000,"publisherId":1593888,"positionName":"C","workYear":"5-10年","education":"本科","jobNature":"全职","positionId":2210570,"createTime":"2016-08-25 09:18:52","city":"北京","companyLogo":"i/image/M00/54/5E/CgqKkVfDxgCAMb-GAAC2FtnWUVE377.jpg","industryField":"移动互联网","positionAdvantage":"阿里云-虚拟网络(SDN/NFV)","salary":"22k-43k","companySize":"2000人以上","approve":1,"financeStage":"上市公司","companyLabelList":["美女多","领导好","发展前景好","简单"],"district":"朝阳区","companyShortName":"阿里巴巴","score":0,"formatCreateTime":"2016-08-25","companyFullName":"阿里巴巴（中国）网络技术有限公司","adWord":0},{"companyId":55546,"explain":null,"plus":null,"pcShow":0,"appShow":0,"deliver":0,"gradeDescription":null,"businessZones":["上地","马连洼","西二旗"],"imState":"disabled","lastLogin":1472520482000,"publisherId":1393778,"positionName":"C++","workYear":"1-3年","education":"本科","jobNature":"全职","positionId":482212,"createTime":"2016-08-25 09:05:00","city":"北京","companyLogo":"image1/M00/0F/2C/Cgo8PFT8-jSASqLsAABNb2roIIw952.jpg","industryField":"移动互联网","positionAdvantage":"较大学习成长空间，团队活动，氛围轻松","salary":"7k-11k","companySize":"50-150人","approve":0,"financeStage":"成长型(不需要融资)","companyLabelList":["技能培训","节日礼物","带薪年假","绩效奖金"],"district":"海淀区","companyShortName":"飞思达","score":0,"formatCreateTime":"2016-08-25","companyFullName":"飞思达技术（北京）有限公司","adWord":0}]}},"code":0}