{"msg":null,"success":true,"requestId":null,"resubmitToken":null,"content":{"pageNo":62,"pageSize":15,"positionResult":{"queryAnalysisInfo":{"industryName":null,"usefulCompany":false,"positionName":"c","companyName":null},"strategyProperty":{"name":"dm-csearch-newSimScorer","id":1},"totalCount":1236,"resultSize":15,"locationInfo":{"businessZone":null,"locationCode":null,"queryByGisCode":false,"city":"北京","district":null},"result":[{"companyId":6110,"explain":null,"plus":null,"pcShow":0,"appShow":0,"deliver":0,"gradeDescription":null,"businessZones":["花乡","看丹桥"],"imState":"disabled","lastLogin":1472519589000,"publisherId":964547,"positionName":"C#","workYear":"1-3年","education":"本科","jobNature":"全职","positionId":2209696,"createTime":"2016-08-08 17:48:55","city":"北京","companyLogo":"i/image/M00/30/EA/CgqKkVdIBY6ALxM_AACKdNN_NLs107.jpg","industryField":"移动互联网,金融","positionAdvantage":"五险一金 发展潜力巨大","salary":"7k-14k","companySize":"2000人以上","approve":1,"financeStage":"上市公司","companyLabelList":["岗位晋升","扁平管理","管理规范","领导好"],"district":"丰台区","companyShortName":"北京搜房科技发展有限公司","score":0,"formatCreateTime":"2016-08-08","companyFullName":"北京搜房科技发展有限公司","adWord":0},{"companyId":90948,"explain":null,"plus":null,"pcShow":0,"appShow":0,"deliver":0,"gradeDescription":null,"businessZones":["望京","大山子","酒仙桥"],"imState":"disabled","lastLogin":1472449587000,"publisherId":4590280,"positionName":"资深商业搜索研发工程师-(C++架构,研发)","workYear":"3-5年","education":"本科","jobNature":"全职","positionId":2206159,"createTime":"2016-08-08 11:19:00","city":"北京","companyLogo":"i/image/M00/3A/C0/CgqKkVdqKraAMLP-AAAS3BFTUAA734.png","industryField":"移动互联网","positionAdvantage":"阿里福利全都有，优秀候选人有股票","salary":"17k-34k","companySize":"500-2000人","approve":1,"financeStage":"成熟型(不需要融资)","companyLabelList":["年底双薪","股票期权","专项奖金","带薪年假"],"district":"朝阳区","companyShortName":"阿里巴巴－神马搜索","score":0,"formatCreateTime":"2016-08-08","companyFullName":"广州神马移动信息科技有限公司","adWord":0},{"companyId":98691,"explain":null,"plus":null,"pcShow":0,"appShow":0,"deliver":0,"gradeDescription":null,"businessZones":["朝外","朝阳门","东大桥"],"imState":"threeDays","lastLogin":1472458884000,"publisherId":3784370,"positionName":"C++工程师","workYear":"应届毕业生","education":"本科","jobNature":"全职","positionId":1441347,"createTime":"2016-08-08 10:54:23","city":"北京","companyLogo":"i/image/M00/03/09/Cgp3O1am5ruAKMqHAABt6PO7YxM052.jpg","industryField":"信息安全,数据服务","positionAdvantage":"五险一金，发展空间大","salary":"6k-9k","companySize":"50-150人","approve":1,"financeStage":"上市公司","companyLabelList":["股票期权","带薪年假","美女多","五险一金"],"district":"朝阳区","companyShortName":"英方","score":0,"formatCreateTime":"2016-08-08","companyFullName":"上海英方软件股份有限公司","adWord":0},{"companyId":36282,"explain":null,"plus":null,"pcShow":0,"appShow":0,"deliver":0,"gradeDescription":null,"businessZones":["太阳宫","西坝河","国展"],"imState":"threeDays","lastLogin":1472449413000,"publisherId":3718114,"positionName":"C#","workYear":"不限","education":"本科","jobNature":"全职","positionId":1592212,"createTime":"2016-08-08 10:53:48","city":"北京","companyLogo":"i/image/M00/2D/0C/Cgp3O1c62h6AIBJIAAAYNwuaZIw922.jpg","industryField":"移动互联网","positionAdvantage":"顶级私募，待遇优厚，发展前景好","salary":"13k-25k","companySize":"50-150人","approve":1,"financeStage":"成熟型(C轮)","companyLabelList":["带薪年假","绩效奖金","岗位晋升","管理规范"],"district":"朝阳区","companyShortName":"蔓盈科技","score":0,"formatCreateTime":"2016-08-08","companyFullName":"上海蔓盈科技有限公司北京朝阳分公司","adWord":0},{"companyId":22570,"explain":null,"plus":null,"pcShow":0,"appShow":0,"deliver":0,"gradeDescription":null,"businessZones":["航天桥","八里庄","花园桥"],"imState":"disabled","lastLogin":1471844367000,"publisherId":688599,"positionName":"C++","workYear":"3-5年","education":"大专","jobNature":"全职","positionId":1496059,"createTime":"2016-08-08 10:28:42","city":"北京","companyLogo":"i/image/M00/00/62/Cgp3O1ZF5vKAQyR-AABi1d6AVxU163.png","industryField":"电子商务,O2O","positionAdvantage":"高薪聘用，福利待遇优厚","salary":"20k-25k","companySize":"150-500人","approve":1,"financeStage":"成长型(A轮)","companyLabelList":["年底双薪","年终分红","绩效奖金","五险一金"],"district":"海淀区","companyShortName":"迪服黛尔","score":0,"formatCreateTime":"2016-08-08","companyFullName":"北京迪服黛尔电子商务有限公司","adWord":0},{"companyId":10369,"explain":null,"plus":null,"pcShow":0,"appShow":0,"deliver":0,"gradeDescription":null,"businessZones":null,"imState":"today","lastLogin":1472572855000,"publisherId":52226,"positionName":"C++游戏客户端开发（手游）","workYear":"1-3年","education":"本科","jobNature":"全职","positionId":2205364,"createTime":"2016-08-08 10:19:17","city":"北京","companyLogo":"image1/M00/00/15/CgYXBlTUWECAXAksAABGkmdtwig327.jpg","industryField":"移动互联网,游戏","positionAdvantage":"良好的上升空间","salary":"10k-20k","companySize":"2000人以上","approve":1,"financeStage":"上市公司","companyLabelList":["绩效奖金","五险一金","带薪年假","年度旅游"],"district":null,"companyShortName":"完美世界","score":0,"formatCreateTime":"2016-08-08","companyFullName":"完美世界(北京)网络技术有限公司","adWord":0},{"companyId":52410,"explain":null,"plus":null,"pcShow":0,"appShow":0,"deliver":0,"gradeDescription":null,"businessZones":["西三旗","清河","小营"],"imState":"today","lastLogin":1472559028000,"publisherId":75056,"positionName":"C/C++开发工程师（安全方向）","workYear":"3-5年","education":"本科","jobNature":"全职","positionId":1870998,"createTime":"2016-08-08 09:42:19","city":"北京","companyLogo":"image1/M00/09/36/Cgo8PFTbDlaAfXikAACDQCtRzwU003.png","industryField":"企业服务,数据服务","positionAdvantage":"六险一金 每月带薪病假","salary":"15k-30k","companySize":"150-500人","approve":1,"financeStage":"成熟型(D轮及以上)","companyLabelList":["技能培训","绩效奖金","岗位晋升","帅哥多"],"district":"海淀区","companyShortName":"OneAPM 蓝海讯通","score":0,"formatCreateTime":"2016-08-08","companyFullName":"北京蓝海讯通科技有限公司","adWord":0},{"companyId":128136,"explain":null,"plus":null,"pcShow":0,"appShow":0,"deliver":0,"gradeDescription":null,"businessZones":null,"imState":"today","lastLogin":1472570367000,"publisherId":4988848,"positionName":"C#工程师","workYear":"1-3年","education":"大专","jobNature":"全职","positionId":2042120,"createTime":"2016-08-08 09:11:51","city":"北京","companyLogo":"i/image/M00/28/FE/Cgp3O1ctPQyAMX0hAAAFPwmlIeM708.png","industryField":"移动互联网,电子商务","positionAdvantage":"高薪，不加班","salary":"8k-16k","companySize":"50-150人","approve":0,"financeStage":"成长型(不需要融资)","companyLabelList":null,"district":null,"companyShortName":"大咖科技","score":0,"formatCreateTime":"2016-08-08","companyFullName":"郑州大咖信息科技有限公司","adWord":0},{"companyId":71454,"explain":null,"plus":null,"pcShow":0,"appShow":0,"deliver":0,"gradeDescription":null,"businessZones":["上地","西二旗","马连洼"],"imState":"overSevenDays","lastLogin":1471860795000,"publisherId":1720662,"positionName":"C#.NET软件工程师","workYear":"1-3年","education":"本科","jobNature":"全职","positionId":1953227,"createTime":"2016-08-07 14:51:40","city":"北京","companyLogo":"i/image/M00/02/F1/CgqKkVah0aKAUfkqAAAftrHUf2c739.jpg","industryField":"移动互联网,企业服务","positionAdvantage":"无限空间 弹性时间 奖金或股份","salary":"10k-16k","companySize":"少于15人","approve":1,"financeStage":"初创型(不需要融资)","companyLabelList":["带薪年假","绩效奖金","岗位晋升","扁平管理"],"district":"海淀区","companyShortName":"兰亭集智","score":0,"formatCreateTime":"2016-08-07","companyFullName":"北京兰亭集智信息技术有限公司","adWord":0},{"companyId":114110,"explain":null,"plus":null,"pcShow":0,"appShow":0,"deliver":0,"gradeDescription":null,"businessZones":["石佛营","姚家园","十里堡"],"imState":"today","lastLogin":1472522227000,"publisherId":5316555,"positionName":"高级搜索工程师（C++)","workYear":"不限","education":"本科","jobNature":"全职","positionId":1955699,"createTime":"2016-08-07 13:37:35","city":"北京","companyLogo":"i/image/M00/04/2B/Cgp3O1bGwzWAEAB4AAAbnMQCudk783.jpg","industryField":"移动互联网","positionAdvantage":"薪酬福利优厚","salary":"15k-25k","companySize":"2000人以上","approve":1,"financeStage":"上市公司","companyLabelList":["股票期权","交通补助","通讯津贴","带薪年假"],"district":"朝阳区","companyShortName":"乐视","score":0,"formatCreateTime":"2016-08-07","companyFullName":"乐视网信息技术（北京）股份有限公司","adWord":0},{"companyId":54396,"explain":null,"plus":null,"pcShow":0,"appShow":0,"deliver":0,"gradeDescription":null,"businessZones":["苹果园","八大处","杨庄"],"imState":"overSevenDays","lastLogin":1469152883000,"publisherId":464761,"positionName":"C#实习生","workYear":"不限","education":"大专","jobNature":"全职","positionId":2005660,"createTime":"2016-08-05 19:15:00","city":"北京","companyLogo":"image1/M00/0C/D9/CgYXBlT2dAeARg9JAABzYLsHRZI271.png","industryField":"移动互联网,企业服务","positionAdvantage":"可被信赖","salary":"3k-6k","companySize":"50-150人","approve":1,"financeStage":"成长型(不需要融资)","companyLabelList":["节日礼物","绩效奖金","年度旅游","定期体检"],"district":"石景山区","companyShortName":"慧萌软件","score":0,"formatCreateTime":"2016-08-05","companyFullName":"北京慧萌信安软件技术有限公司","adWord":0},{"companyId":83974,"explain":null,"plus":null,"pcShow":0,"appShow":0,"deliver":0,"gradeDescription":null,"businessZones":["五棵松","永定路","青塔"],"imState":"overSevenDays","lastLogin":1470726096000,"publisherId":2152267,"positionName":"C++应用开发","workYear":"1-3年","education":"本科","jobNature":"全职","positionId":2201715,"createTime":"2016-08-05 18:03:46","city":"北京","companyLogo":"image1/M00/3A/71/Cgo8PFWtq-KAGZ_zAAAQ87-ucXw456.JPG?cc=0.5057264773640782","industryField":"信息安全,其他","positionAdvantage":"五险一金、年度体检、提供午餐、补充医疗","salary":"6k-9k","companySize":"50-150人","approve":1,"financeStage":"上市公司","companyLabelList":["技能培训","带薪年假","绩效奖金","管理规范"],"district":"海淀区","companyShortName":"金美通信","score":0,"formatCreateTime":"2016-08-05","companyFullName":"重庆金美通信有限责任公司北京技术分公司","adWord":0},{"companyId":61475,"explain":null,"plus":null,"pcShow":0,"appShow":0,"deliver":0,"gradeDescription":null,"businessZones":["广渠门","花市","光明楼"],"imState":"disabled","lastLogin":1472438537000,"publisherId":1543938,"positionName":"C#程序员","workYear":"不限","education":"大专","jobNature":"全职","positionId":1530293,"createTime":"2016-08-05 17:38:49","city":"北京","companyLogo":"i/image/M00/02/9F/Cgp3O1aV9MCAL7FMAAANJ80HBc8538.jpg","industryField":"移动互联网,企业服务","positionAdvantage":"团队工作氛围轻松","salary":"6k-8k","companySize":"15-50人","approve":0,"financeStage":"初创型(不需要融资)","companyLabelList":["技能培训","专项奖金","带薪年假","绩效奖金"],"district":"东城区","companyShortName":"华岩比特","score":0,"formatCreateTime":"2016-08-05","companyFullName":"华岩比特（北京）科技有限公司","adWord":0},{"companyId":4802,"explain":null,"plus":null,"pcShow":0,"appShow":0,"deliver":0,"gradeDescription":null,"businessZones":["上地","马连洼","西二旗"],"imState":"disabled","lastLogin":1471828658000,"publisherId":1307189,"positionName":"C++","workYear":"1-3年","education":"本科","jobNature":"全职","positionId":1873535,"createTime":"2016-08-05 17:24:09","city":"北京","companyLogo":"image1/M00/10/C0/CgYXBlT_qTqAcEQ0AABKeP9o52k964.jpg","industryField":"数据服务","positionAdvantage":"平台大，机会大","salary":"12k-20k","companySize":"2000人以上","approve":0,"financeStage":"上市公司","companyLabelList":["年终分红","绩效奖金","五险一金","午餐补助"],"district":"海淀区","companyShortName":"广联达","score":0,"formatCreateTime":"2016-08-05","companyFullName":"广联达软件股份有限公司","adWord":0},{"companyId":67389,"explain":null,"plus":null,"pcShow":0,"appShow":0,"deliver":0,"gradeDescription":null,"businessZones":["望京","来广营"],"imState":"today","lastLogin":1472546718000,"publisherId":1651508,"positionName":"C++","workYear":"1-3年","education":"本科","jobNature":"全职","positionId":1520744,"createTime":"2016-08-05 17:20:55","city":"北京","companyLogo":"image1/M00/27/60/Cgo8PFVasjmAVukUAABj0H7VXqk552.jpg","industryField":"移动互联网,金融","positionAdvantage":"五险一金 节日福利 带薪年假","salary":"10k-20k","companySize":"500-2000人","approve":1,"financeStage":"上市公司","companyLabelList":["绩效奖金","岗位晋升","定期体检","五险一金"],"district":"朝阳区","companyShortName":"北京指南针","score":0,"formatCreateTime":"2016-08-05","companyFullName":"北京指南针科技发展股份有限公司","adWord":0}]}},"code":0}