{"resubmitToken":null,"success":true,"requestId":null,"msg":null,"content":{"pageNo":23,"pageSize":15,"positionResult":{"totalCount":1236,"resultSize":15,"locationInfo":{"city":"北京","district":null,"queryByGisCode":false,"businessZone":null,"locationCode":null},"queryAnalysisInfo":{"positionName":"c","companyName":null,"industryName":null,"usefulCompany":false},"strategyProperty":{"name":"dm-csearch-newSimScorer","id":1},"result":[{"companyFullName":"北京数之行科技有限公司","adWord":0,"companyId":61511,"formatCreateTime":"2016-08-26","businessZones":null,"imState":"today","lastLogin":1472541304000,"positionId":1902446,"industryField":"其他","education":"大专","workYear":"1-3年","city":"北京","positionAdvantage":"五险一金，带薪年假，年终双薪、年度调薪","createTime":"2016-08-26 17:23:10","salary":"7k-10k","positionName":"C++QT初/中级软件研发工程师","companySize":"15-50人","companyShortName":"数之行","companyLogo":"image1/M00/1A/E5/CgYXBlUd-rqAQ_0ZAABpf8-szJE269.png","financeStage":"初创型(不需要融资)","approve":1,"jobNature":"全职","companyLabelList":["军工软件行业","交通补助","午餐补助","年度旅游"],"district":null,"score":0,"publisherId":1544530,"explain":null,"plus":null,"pcShow":0,"appShow":0,"deliver":0,"gradeDescription":null},{"companyFullName":"北京市博汇科技股份有限公司","adWord":0,"companyId":62204,"formatCreateTime":"2016-08-26","businessZones":null,"imState":"today","lastLogin":1472533269000,"positionId":2263109,"industryField":"硬件,文化娱乐","education":"本科","workYear":"1-3年","city":"北京","positionAdvantage":"五险一金 绩效奖 餐补话补 弹性工时 带薪假","createTime":"2016-08-26 15:18:08","salary":"8k-13k","positionName":"C/C++开发工程师（Andriod方向）","companySize":"150-500人","companyShortName":"博汇科技","companyLogo":"image1/M00/1C/1C/CgYXBlUkxxuAJQcTAABQiKAjnX8636.jpg","financeStage":"成长型(不需要融资)","approve":1,"jobNature":"全职","companyLabelList":["技能培训","绩效奖金","年度旅游","岗位晋升"],"district":"海淀区","score":0,"publisherId":1559567,"explain":null,"plus":null,"pcShow":0,"appShow":0,"deliver":0,"gradeDescription":null},{"companyFullName":"北京三易思创科技有限公司","adWord":0,"companyId":53601,"formatCreateTime":"2016-08-26","businessZones":["清河","小营","西三旗"],"imState":"disabled","lastLogin":1472518628000,"positionId":1624839,"industryField":"移动互联网,电子商务","education":"大专","workYear":"1-3年","city":"北京","positionAdvantage":"研发岗位，能力工资，待遇从优","createTime":"2016-08-26 15:07:43","salary":"5k-8k","positionName":"C#研发工程师","companySize":"15-50人","companyShortName":"三易思创","companyLogo":"i/image/M00/01/E2/CgqKkVZ6QkaAef_rAAAZgYyZGWk629.jpg","financeStage":"初创型(不需要融资)","approve":1,"jobNature":"全职","companyLabelList":["技能培训","年底双薪","带薪年假","绩效奖金"],"district":"海淀区","score":0,"publisherId":1337078,"explain":null,"plus":null,"pcShow":0,"appShow":0,"deliver":0,"gradeDescription":null},{"companyFullName":"北京贝瑞和康生物技术股份有限公司","adWord":0,"companyId":55137,"formatCreateTime":"2016-08-26","businessZones":null,"imState":"today","lastLogin":1472513056000,"positionId":1486953,"industryField":"医疗健康","education":"本科","workYear":"1-3年","city":"北京","positionAdvantage":"不加班 办公环境舒适 7险一金 班车","createTime":"2016-08-26 14:06:52","salary":"10k-15k","positionName":"C++","companySize":"500-2000人","companyShortName":"贝瑞和康","companyLogo":"i/image/M00/07/9C/CgqKkVbOlI6AShZCAAAVDbUFOFY087.jpg","financeStage":"成长型(B轮)","approve":1,"jobNature":"全职","companyLabelList":["技能培训","节日礼物","免费班车","带薪年假"],"district":"朝阳区","score":0,"publisherId":1373075,"explain":null,"plus":null,"pcShow":0,"appShow":0,"deliver":0,"gradeDescription":null},{"companyFullName":"北京蜜莱坞网络科技有限公司","adWord":0,"companyId":59251,"formatCreateTime":"2016-08-26","businessZones":["望京","大山子","花家地"],"imState":"today","lastLogin":1472559160000,"positionId":1932039,"industryField":"移动互联网,文化娱乐","education":"大专","workYear":"3-5年","city":"北京","positionAdvantage":"AppStore总榜第一的手机直播App","createTime":"2016-08-26 12:46:16","salary":"18k-30k","positionName":"C++高级开发工程师","companySize":"500-2000人","companyShortName":"映客直播","companyLogo":"i/image/M00/08/49/Cgp3O1bPycGAMj0hAAAgshBCvv4840.jpg","financeStage":"成长型(B轮)","approve":1,"jobNature":"全职","companyLabelList":["年底双薪","专项奖金","股票期权","带薪年假"],"district":"朝阳区","score":0,"publisherId":1467174,"explain":null,"plus":null,"pcShow":0,"appShow":0,"deliver":0,"gradeDescription":null},{"companyFullName":"北京云中融信网络科技有限公司","adWord":0,"companyId":59949,"formatCreateTime":"2016-08-26","businessZones":["北苑","立水桥"],"imState":"sevenDays","lastLogin":1472186419000,"positionId":1961454,"industryField":"移动互联网,数据服务","education":"本科","workYear":"1-3年","city":"北京","positionAdvantage":"优质创业公司、发展势头迅猛、薪资福利","createTime":"2016-08-26 12:45:47","salary":"15k-30k","positionName":"C++ 高级研发工程师","companySize":"50-150人","companyShortName":"融云","companyLogo":"image1/M00/34/19/Cgo8PFWV_TyABkj0AAAgFevtc6Q192.png","financeStage":"初创型(天使轮)","approve":1,"jobNature":"全职","companyLabelList":["节日礼物","期权机会","带薪年假","岗位晋升"],"district":"朝阳区","score":0,"publisherId":1510436,"explain":null,"plus":null,"pcShow":0,"appShow":0,"deliver":0,"gradeDescription":null},{"companyFullName":"北京中铁天瑞","adWord":0,"companyId":56984,"formatCreateTime":"2016-08-26","businessZones":["望京","大山子","花家地"],"imState":"today","lastLogin":1472537779000,"positionId":2218336,"industryField":"电子商务,企业服务","education":"本科","workYear":"3-5年","city":"北京","positionAdvantage":"环境优良，技术大拿，薪资待遇好，","createTime":"2016-08-26 11:58:09","salary":"20k-40k","positionName":"Python、C++ 工程师","companySize":"50-150人","companyShortName":"瑞天科技","companyLogo":"images/logo_default.png","financeStage":"成长型(不需要融资)","approve":0,"jobNature":"全职","companyLabelList":["带薪年假","绩效奖金","定期体检","五险一金"],"district":"朝阳区","score":0,"publisherId":4802266,"explain":null,"plus":null,"pcShow":0,"appShow":0,"deliver":0,"gradeDescription":null},{"companyFullName":"南京易米云通网络科技有限公司","adWord":0,"companyId":23113,"formatCreateTime":"2016-08-26","businessZones":["小关","安慧桥","亚运村"],"imState":"today","lastLogin":1472571525000,"positionId":1944793,"industryField":"移动互联网","education":"本科","workYear":"3-5年","city":"北京","positionAdvantage":"优秀的团队，新颖的产品，个人发展的空间","createTime":"2016-08-26 11:31:14","salary":"15k-25k","positionName":"Linux C开发工程师","companySize":"150-500人","companyShortName":"易米云通","companyLogo":"image1/M00/17/1A/CgYXBlUQ0xaAVdsSAABYMiRQl9U352.jpg","financeStage":"成长型(B轮)","approve":1,"jobNature":"全职","companyLabelList":["五险一金","交通补助","带薪年假","岗位晋升"],"district":"朝阳区","score":0,"publisherId":270188,"explain":null,"plus":null,"pcShow":0,"appShow":0,"deliver":0,"gradeDescription":null},{"companyFullName":"北京中科虹霸科技有限公司","adWord":0,"companyId":25120,"formatCreateTime":"2016-08-26","businessZones":["中关村","知春路","双榆树"],"imState":"disabled","lastLogin":1472194387000,"positionId":2101687,"industryField":"移动互联网","education":"不限","workYear":"3-5年","city":"北京","positionAdvantage":"五险一金、带薪休假、奖金、双休、补助","createTime":"2016-08-26 11:12:35","salary":"20k-30k","positionName":"高级C++工程师","companySize":"15-50人","companyShortName":"中科虹霸","companyLogo":"image1/M00/00/34/Cgo8PFTUXJGAd2-7AACpN0Eo330690.png","financeStage":"成熟型(C轮)","approve":1,"jobNature":"全职","companyLabelList":["年终分红","绩效奖金","专项奖金","五险一金"],"district":"海淀区","score":0,"publisherId":5658490,"explain":null,"plus":null,"pcShow":0,"appShow":0,"deliver":0,"gradeDescription":null},{"companyFullName":"北京京华华电数码科技有限公司","adWord":0,"companyId":39029,"formatCreateTime":"2016-08-26","businessZones":["苹果园","金顶街","模式口"],"imState":"disabled","lastLogin":1472179698000,"positionId":2291982,"industryField":"移动互联网","education":"本科","workYear":"1-3年","city":"北京","positionAdvantage":"氛围好、高成长团队","createTime":"2016-08-26 10:57:37","salary":"8k-15k","positionName":"C++","companySize":"50-150人","companyShortName":"北京京华华电数码科技","companyLogo":"image1/M00/00/5F/Cgo8PFTUXUiAHeqNAAA4tS2cQjk500.jpg","financeStage":"初创型(未融资)","approve":1,"jobNature":"全职","companyLabelList":["节日礼物","年底双薪","带薪年假","绩效奖金"],"district":"石景山区","score":0,"publisherId":709966,"explain":null,"plus":null,"pcShow":0,"appShow":0,"deliver":0,"gradeDescription":null},{"companyFullName":"上海微创软件股份有限公司北京分公司","adWord":0,"companyId":36513,"formatCreateTime":"2016-08-26","businessZones":["中关村","苏州街","苏州桥"],"imState":"disabled","lastLogin":1472548267000,"positionId":1319073,"industryField":"移动互联网,电子商务","education":"本科","workYear":"1-3年","city":"北京","positionAdvantage":"微软办公 弹性工作 六险一金 年终奖 年假","createTime":"2016-08-26 10:48:22","salary":"8k-15k","positionName":"C#\\C++开发工程师","companySize":"2000人以上","companyShortName":"微创","companyLogo":"i/image/M00/01/B2/Cgp3O1Zzr9GAdpGkAAAWW2BuXJc040.png","financeStage":"成熟型(不需要融资)","approve":0,"jobNature":"全职","companyLabelList":["年底双薪","节日礼物","技能培训","免费班车"],"district":"海淀区","score":0,"publisherId":3435204,"explain":null,"plus":null,"pcShow":0,"appShow":0,"deliver":0,"gradeDescription":null},{"companyFullName":"北京百特康科技有限公司","adWord":0,"companyId":119314,"formatCreateTime":"2016-08-26","businessZones":["魏公村","白石桥","中关村","魏公村","白石桥","中关村"],"imState":"today","lastLogin":1472546598000,"positionId":1606563,"industryField":"医疗健康,数据服务","education":"本科","workYear":"1-3年","city":"北京","positionAdvantage":"五险一金 13薪 年度体检 带薪年假 不加班","createTime":"2016-08-26 10:47:10","salary":"15k-20k","positionName":"C++（三维）","companySize":"15-50人","companyShortName":"百特康科技","companyLogo":"i/image/M00/1B/0D/Cgp3O1b7kZuAMQloAAAXnxgswTU823.jpg","financeStage":"初创型(不需要融资)","approve":0,"jobNature":"全职","companyLabelList":["年底双薪","带薪年假","定期体检","五险一金"],"district":"海淀区","score":0,"publisherId":4513197,"explain":null,"plus":null,"pcShow":0,"appShow":0,"deliver":0,"gradeDescription":null},{"companyFullName":"北京拉普拉斯网络科技有限责任公司","adWord":0,"companyId":118975,"formatCreateTime":"2016-08-26","businessZones":["万泉河","苏州街","苏州桥"],"imState":"today","lastLogin":1472564877000,"positionId":1581406,"industryField":"移动互联网,金融","education":"本科","workYear":"不限","city":"北京","positionAdvantage":"技术导向，弹性自由，期权，金融大数据方向","createTime":"2016-08-26 10:43:34","salary":"25k-35k","positionName":"C#开发工程师","companySize":"少于15人","companyShortName":"拉普拉斯科技","companyLogo":"i/image/M00/1B/65/CgqKkVb8pEWAT2AbAAC7qS0zVF0854.png","financeStage":"初创型(天使轮)","approve":0,"jobNature":"全职","companyLabelList":["股票期权","弹性工作","扁平管理","领导好"],"district":"海淀区","score":0,"publisherId":4162594,"explain":null,"plus":null,"pcShow":0,"appShow":0,"deliver":0,"gradeDescription":null},{"companyFullName":"北京神武互动网络技术公司","adWord":0,"companyId":93436,"formatCreateTime":"2016-08-26","businessZones":["来广营","望京"],"imState":"disabled","lastLogin":1472179163000,"positionId":2137292,"industryField":"游戏","education":"本科","workYear":"1-3年","city":"北京","positionAdvantage":"美女多，环境好，老板nice,福利优厚","createTime":"2016-08-26 10:39:37","salary":"10k-15k","positionName":"C++游戏客户端","companySize":"50-150人","companyShortName":"神武互动","companyLogo":"image2/M00/01/BD/CgpzWlXlTV2AKKr-AAAPbrDFCiw480.jpg?cc=0.860534084299191","financeStage":"初创型(天使轮)","approve":0,"jobNature":"全职","companyLabelList":["绩效奖金","岗位晋升","扁平管理","管理规范"],"district":"朝阳区","score":0,"publisherId":2439015,"explain":null,"plus":null,"pcShow":0,"appShow":0,"deliver":0,"gradeDescription":null},{"companyFullName":"北京爱奇艺科技有限公司","adWord":0,"companyId":1686,"formatCreateTime":"2016-08-26","businessZones":["中关村","北京大学","苏州街"],"imState":"disabled","lastLogin":1472553945000,"positionId":1629504,"industryField":"广告营销,文化娱乐","education":"本科","workYear":"3-5年","city":"北京","positionAdvantage":"带薪年假12天 14薪 六险一金","createTime":"2016-08-26 10:36:12","salary":"15k-25k","positionName":"C++客户端开发工程师","companySize":"2000人以上","companyShortName":"爱奇艺","companyLogo":"image1/M00/00/06/Cgo8PFTUWAaAbD7PAACAXTzCmiw113.jpg","financeStage":"成熟型(D轮及以上)","approve":1,"jobNature":"全职","companyLabelList":["绩效奖金","五险一金","交通补助","带薪年假"],"district":"海淀区","score":0,"publisherId":8305,"explain":null,"plus":null,"pcShow":0,"appShow":0,"deliver":0,"gradeDescription":null}]}},"code":0}