{"resubmitToken":null,"success":true,"requestId":null,"msg":null,"content":{"pageNo":34,"pageSize":15,"positionResult":{"totalCount":1236,"resultSize":15,"locationInfo":{"city":"北京","district":null,"businessZone":null,"queryByGisCode":false,"locationCode":null},"queryAnalysisInfo":{"positionName":"c","companyName":null,"industryName":null,"usefulCompany":false},"strategyProperty":{"name":"dm-csearch-newSimScorer","id":1},"result":[{"companyId":8136,"positionName":"C++/C#","workYear":"3-5年","education":"本科","jobNature":"全职","createTime":"2016-08-24 17:22:40","companyShortName":"佳讯飞鸿","positionId":2048600,"salary":"10k-20k","approve":1,"city":"北京","positionAdvantage":"七险一金、带薪年假、年终奖金","companyLogo":"image1/M00/00/11/Cgo8PFTUWDGAciSbAABRt4Bhq3M215.jpg","industryField":"数据服务,文化娱乐","companyLabelList":["免费班车","带薪年假","七险一金","员工持股"],"financeStage":"上市公司","district":"海淀区","score":0,"companySize":"150-500人","companyFullName":"北京佳讯飞鸿电气股份有限公司","adWord":0,"formatCreateTime":"2016-08-24","imState":"overSevenDays","lastLogin":1471589735000,"publisherId":96954,"explain":null,"plus":null,"pcShow":0,"appShow":0,"deliver":0,"gradeDescription":null,"businessZones":null},{"companyId":28884,"positionName":"C++/QT开发工程师","workYear":"3-5年","education":"大专","jobNature":"全职","createTime":"2016-08-24 16:28:46","companyShortName":"鼎盾科技","positionId":2147233,"salary":"6k-12k","approve":0,"city":"北京","positionAdvantage":"五险一金 商业保险 午餐补助 年度体检","companyLogo":"i/image/M00/30/72/Cgp3O1dGjXiAQqhHAAASqrXY7Mk009.jpg","industryField":"移动互联网","companyLabelList":["绩效奖金","五险一金","带薪年假","节日礼物"],"financeStage":"上市公司","district":"西城区","score":0,"companySize":"15-50人","companyFullName":"北京鼎盾信息科技有限公司","adWord":0,"formatCreateTime":"2016-08-24","imState":"disabled","lastLogin":1472547983000,"publisherId":388833,"explain":null,"plus":null,"pcShow":0,"appShow":0,"deliver":0,"gradeDescription":null,"businessZones":["德胜门","北太平庄","新街口"]},{"companyId":62538,"positionName":"C++","workYear":"应届毕业生","education":"本科","jobNature":"全职","createTime":"2016-08-24 16:20:18","companyShortName":"掌上先机-旺店通ERP","positionId":2235863,"salary":"5k-8k","approve":1,"city":"北京","positionAdvantage":"福利补贴,五险一金,年底双薪,带薪年假","companyLogo":"image1/M00/1C/8C/CgYXBlUmMq6AUp6gAACSVayov5k777.png","industryField":"移动互联网,电子商务","companyLabelList":["技能培训","节日礼物","专项奖金","带薪年假"],"financeStage":"成长型(不需要融资)","district":"海淀区","score":0,"companySize":"150-500人","companyFullName":"北京掌上先机网络科技有限公司","adWord":0,"formatCreateTime":"2016-08-24","imState":"threeDays","lastLogin":1472454229000,"publisherId":5865390,"explain":null,"plus":null,"pcShow":0,"appShow":0,"deliver":0,"gradeDescription":null,"businessZones":["牡丹园","北太平庄","学院路"]},{"companyId":99484,"positionName":"C++","workYear":"1-3年","education":"本科","jobNature":"全职","createTime":"2016-08-24 16:03:19","companyShortName":"上海欣方","positionId":1796462,"salary":"8k-12k","approve":0,"city":"北京","positionAdvantage":"临近地铁、六险一金，福利待遇好","companyLogo":"i/image/M00/04/2F/Cgp3O1bG1kmAdrlLAABBZhDLFLc975.jpg","industryField":"信息安全,数据服务","companyLabelList":null,"financeStage":"初创型(未融资)","district":"海淀区","score":0,"companySize":"150-500人","companyFullName":"上海欣方智能系统有限公司","adWord":0,"formatCreateTime":"2016-08-24","imState":"disabled","lastLogin":1472175073000,"publisherId":1541247,"explain":null,"plus":null,"pcShow":0,"appShow":0,"deliver":0,"gradeDescription":null,"businessZones":["上地","马连洼","西二旗"]},{"companyId":123777,"positionName":"C","workYear":"1-3年","education":"本科","jobNature":"全职","createTime":"2016-08-24 15:35:34","companyShortName":"通力互联","positionId":2084051,"salary":"10k-18k","approve":0,"city":"北京","positionAdvantage":"大平台 好项目 高薪资","companyLogo":"i/image/M00/2E/03/CgqKkVc9jmCAI8DpAAD09YLPnBk157.png","industryField":"电子商务,企业服务","companyLabelList":["绩效奖金","交通补助","定期体检","通讯津贴"],"financeStage":"成熟型(不需要融资)","district":"朝阳区","score":0,"companySize":"2000人以上","companyFullName":"北京通力互联技术服务有限公司","adWord":0,"formatCreateTime":"2016-08-24","imState":"disabled","lastLogin":1472551826000,"publisherId":5249718,"explain":null,"plus":null,"pcShow":0,"appShow":0,"deliver":0,"gradeDescription":null,"businessZones":["望京","大山子","花家地"]},{"companyId":3866,"positionName":"Windows C++开发工程师","workYear":"3-5年","education":"不限","jobNature":"全职","createTime":"2016-08-24 15:15:06","companyShortName":"联想利泰","positionId":2151596,"salary":"10k-15k","approve":1,"city":"北京","positionAdvantage":"产品流 大项目 大平台 五险一金 带薪年假","companyLogo":"i/image/M00/2B/98/Cgp3O1c1ZdaAIjU3AAA7TsArYD4046.PNG","industryField":"移动互联网,招聘","companyLabelList":["节日礼物","带薪年假","岗位晋升","领导好"],"financeStage":"初创型(未融资)","district":null,"score":0,"companySize":"500-2000人","companyFullName":"北京联想利泰软件有限公司","adWord":0,"formatCreateTime":"2016-08-24","imState":"threeDays","lastLogin":1472444026000,"publisherId":2545745,"explain":null,"plus":null,"pcShow":0,"appShow":0,"deliver":0,"gradeDescription":null,"businessZones":null},{"companyId":127567,"positionName":"C++","workYear":"3-5年","education":"不限","jobNature":"全职","createTime":"2016-08-24 15:05:54","companyShortName":"Wits Global","positionId":2236292,"salary":"20k-40k","approve":0,"city":"北京","positionAdvantage":"互联网金融大数据 前景好 领导nice","companyLogo":"i/image/M00/26/D3/Cgp3O1ci_3eAL45JAAByX0QYoIg026.jpg","industryField":"招聘,企业服务","companyLabelList":null,"financeStage":"初创型(未融资)","district":"朝阳区","score":0,"companySize":"15-50人","companyFullName":"北京智锐管理咨询有限公司","adWord":0,"formatCreateTime":"2016-08-24","imState":"today","lastLogin":1472546141000,"publisherId":371857,"explain":null,"plus":null,"pcShow":0,"appShow":0,"deliver":0,"gradeDescription":null,"businessZones":["大望路","红庙","华贸"]},{"companyId":126957,"positionName":"Linux C工程师","workYear":"3-5年","education":"本科","jobNature":"全职","createTime":"2016-08-24 15:05:35","companyShortName":"北京算云联科","positionId":2098241,"salary":"10k-20k","approve":0,"city":"北京","positionAdvantage":"六险一金，年底奖金，周末双休，午餐补助","companyLogo":"i/image/M00/25/B4/CgqKkVcfNBaAX_UlAAAGN2o1zqo160.png","industryField":"移动互联网,硬件","companyLabelList":["午餐补助","定期体检","弹性工作","五险一金"],"financeStage":"成长型(A轮)","district":"海淀区","score":0,"companySize":"150-500人","companyFullName":"北京算云联科科技有限公司","adWord":0,"formatCreateTime":"2016-08-24","imState":"today","lastLogin":1472551411000,"publisherId":4913750,"explain":null,"plus":null,"pcShow":0,"appShow":0,"deliver":0,"gradeDescription":null,"businessZones":["西二旗","龙泽","回龙观"]},{"companyId":24406,"positionName":"C++","workYear":"3-5年","education":"本科","jobNature":"全职","createTime":"2016-08-24 14:59:21","companyShortName":"方正电子","positionId":2282689,"salary":"15k-30k","approve":1,"city":"北京","positionAdvantage":"14-18薪 六险一金 弹性工作","companyLogo":"image1/M00/0A/CF/CgYXBlTwPYqAeGHBAABJwkw8Z8I860.jpg","industryField":"移动互联网,数据服务","companyLabelList":["技能培训","免费班车","岗位晋升","管理规范"],"financeStage":"上市公司","district":"海淀区","score":0,"companySize":"500-2000人","companyFullName":"北京北大方正电子有限公司","adWord":0,"formatCreateTime":"2016-08-24","imState":"today","lastLogin":1472519086000,"publisherId":5190661,"explain":null,"plus":null,"pcShow":0,"appShow":0,"deliver":0,"gradeDescription":null,"businessZones":["牡丹园","北太平庄","学院路"]},{"companyId":95466,"positionName":"C++软件工程师","workYear":"3-5年","education":"本科","jobNature":"全职","createTime":"2016-08-24 14:54:52","companyShortName":"亿赛通","positionId":1946503,"salary":"10k-20k","approve":1,"city":"北京","positionAdvantage":"有竞争力的薪资福利，良好的发展前景","companyLogo":"image2/M00/05/39/CgpzWlX2XmaAYj9rAABoUzXjgGc034.jpg?cc=0.5235326825641096","industryField":"信息安全","companyLabelList":["带薪年假","定期体检","五险一金","弹性工作"],"financeStage":"上市公司","district":"海淀区","score":0,"companySize":"150-500人","companyFullName":"北京亿赛通科技发展有限责任公司","adWord":0,"formatCreateTime":"2016-08-24","imState":"today","lastLogin":1472551585000,"publisherId":2569278,"explain":null,"plus":null,"pcShow":0,"appShow":0,"deliver":0,"gradeDescription":null,"businessZones":["西二旗","龙泽","回龙观"]},{"companyId":1686,"positionName":"C++开发leader","workYear":"5-10年","education":"本科","jobNature":"全职","createTime":"2016-08-24 14:51:40","companyShortName":"爱奇艺","positionId":2282631,"salary":"30k-40k","approve":1,"city":"北京","positionAdvantage":"12天年假 六险一金","companyLogo":"image1/M00/00/06/Cgo8PFTUWAaAbD7PAACAXTzCmiw113.jpg","industryField":"广告营销,文化娱乐","companyLabelList":["绩效奖金","五险一金","交通补助","带薪年假"],"financeStage":"成熟型(D轮及以上)","district":"海淀区","score":0,"companySize":"2000人以上","companyFullName":"北京爱奇艺科技有限公司","adWord":0,"formatCreateTime":"2016-08-24","imState":"today","lastLogin":1472540487000,"publisherId":2278796,"explain":null,"plus":null,"pcShow":0,"appShow":0,"deliver":0,"gradeDescription":null,"businessZones":["中关村","北京大学","苏州街"]},{"companyId":97462,"positionName":"C++","workYear":"3-5年","education":"本科","jobNature":"全职","createTime":"2016-08-24 14:29:32","companyShortName":"开运联合","positionId":2282390,"salary":"10k-20k","approve":1,"city":"北京","positionAdvantage":"年底福利，定期涨薪，定期出游","companyLogo":"image2/M00/08/BF/CgqLKVYDzYWAf1G2AAAOwZVjw-U785.jpg","industryField":"移动互联网","companyLabelList":["技能培训","节日礼物","股票期权","带薪年假"],"financeStage":"上市公司","district":"朝阳区","score":0,"companySize":"150-500人","companyFullName":"北京开运联合信息技术股份有限公司","adWord":0,"formatCreateTime":"2016-08-24","imState":"today","lastLogin":1472529549000,"publisherId":2659485,"explain":null,"plus":null,"pcShow":0,"appShow":0,"deliver":0,"gradeDescription":null,"businessZones":null},{"companyId":25317,"positionName":"C++","workYear":"3-5年","education":"本科","jobNature":"全职","createTime":"2016-08-24 14:16:15","companyShortName":"金证股份","positionId":1724658,"salary":"10k-20k","approve":1,"city":"北京","positionAdvantage":"互联网金融行业","companyLogo":"image1/M00/00/34/Cgo8PFTUXJOAMEEpAAAroeFn454603.jpg","industryField":"金融","companyLabelList":["激情的团队","股票期权","努力变大牛","有舞台给您跳"],"financeStage":"上市公司","district":null,"score":0,"companySize":"2000人以上","companyFullName":"深圳市金证科技股份有限公司","adWord":0,"formatCreateTime":"2016-08-24","imState":"disabled","lastLogin":1472018728000,"publisherId":1562953,"explain":null,"plus":null,"pcShow":0,"appShow":0,"deliver":0,"gradeDescription":null,"businessZones":null},{"companyId":137835,"positionName":"C#，VB，.net工程师，数据库开发工程师","workYear":"1-3年","education":"不限","jobNature":"全职","createTime":"2016-08-24 14:13:45","companyShortName":"吉优特","positionId":2121435,"salary":"6k-12k","approve":0,"city":"北京","positionAdvantage":"五险一金、年终奖金、定期体检","companyLogo":"i/image/M00/47/34/Cgp3O1eO58CADXZbAAEDioPKJgI628.jpg","industryField":"硬件,数据服务","companyLabelList":null,"financeStage":"初创型(未融资)","district":"海淀区","score":0,"companySize":"15-50人","companyFullName":"北京吉优特软件有限公司","adWord":0,"formatCreateTime":"2016-08-24","imState":"disabled","lastLogin":1472544910000,"publisherId":5576867,"explain":null,"plus":null,"pcShow":0,"appShow":0,"deliver":0,"gradeDescription":null,"businessZones":["清河"]},{"companyId":62866,"positionName":"C#","workYear":"1-3年","education":"本科","jobNature":"全职","createTime":"2016-08-24 14:08:34","companyShortName":"筑业软件","positionId":1784708,"salary":"10k-15k","approve":1,"city":"北京","positionAdvantage":"高新技术，行业领先","companyLogo":"image1/M00/1D/04/CgYXBlUoe72AXy7gAACxzYNGeeo204.png","industryField":"移动互联网","companyLabelList":["节日礼物","带薪年假","岗位晋升","年度旅游"],"financeStage":"初创型(未融资)","district":"昌平区","score":0,"companySize":"150-500人","companyFullName":"北京筑业志远软件开发有限公司","adWord":0,"formatCreateTime":"2016-08-24","imState":"disabled","lastLogin":1472571175000,"publisherId":1466141,"explain":null,"plus":null,"pcShow":0,"appShow":0,"deliver":0,"gradeDescription":null,"businessZones":["西三旗","回龙观","清河"]}]}},"code":0}