{"msg":null,"success":true,"requestId":null,"resubmitToken":null,"content":{"pageNo":69,"pageSize":15,"positionResult":{"queryAnalysisInfo":{"industryName":null,"usefulCompany":false,"positionName":"c","companyName":null},"strategyProperty":{"name":"dm-csearch-newSimScorer","id":1},"totalCount":1236,"resultSize":15,"locationInfo":{"businessZone":null,"locationCode":null,"queryByGisCode":false,"city":"北京","district":null},"result":[{"companyId":124866,"explain":null,"plus":null,"pcShow":0,"appShow":0,"deliver":0,"gradeDescription":null,"businessZones":["上地","西二旗","马连洼"],"imState":"overSevenDays","lastLogin":1471488242000,"publisherId":4813068,"positionName":"C#","workYear":"1-3年","education":"本科","jobNature":"全职","positionId":1859842,"createTime":"2016-08-01 11:47:04","city":"北京","companyLogo":"i/image/M00/20/E4/Cgp3O1cPSdWAAE3AAACFE2f8ZdE504.jpg","industryField":"移动互联网,硬件","positionAdvantage":"项目分红 年假 五险一金","salary":"8k-16k","companySize":"50-150人","approve":0,"financeStage":"初创型(未融资)","companyLabelList":["年终分红","带薪年假","绩效奖金","弹性工作"],"district":"海淀区","companyShortName":"北京领创","score":0,"formatCreateTime":"2016-08-01","companyFullName":"北京领创拓展科技发展有限公司","adWord":0},{"companyId":50702,"explain":null,"plus":null,"pcShow":0,"appShow":0,"deliver":0,"gradeDescription":null,"businessZones":["望京","来广营"],"imState":"overSevenDays","lastLogin":1471189053000,"publisherId":5042468,"positionName":"服务端高级研发工程师-旅游C端","workYear":"3-5年","education":"本科","jobNature":"全职","positionId":1938361,"createTime":"2016-07-29 17:03:20","city":"北京","companyLogo":"i/image/M00/4B/6C/CgqKkVefHv-AFoRzAAAuALF7ZZ0419.png","industryField":"移动互联网,O2O","positionAdvantage":"福利待遇","salary":"20k-40k","companySize":"2000人以上","approve":1,"financeStage":"成熟型(D轮及以上)","companyLabelList":["技能培训","绩效奖金","岗位晋升","领导好"],"district":"朝阳区","companyShortName":"美团点评","score":0,"formatCreateTime":"2016-07-29","companyFullName":"北京三快在线科技有限公司","adWord":0},{"companyId":59316,"explain":null,"plus":null,"pcShow":0,"appShow":0,"deliver":0,"gradeDescription":null,"businessZones":null,"imState":"today","lastLogin":1472536854000,"publisherId":2359452,"positionName":"产品经理-K12 C2C教育平台","workYear":"3-5年","education":"本科","jobNature":"全职","positionId":2016958,"createTime":"2016-07-29 14:45:33","city":"北京","companyLogo":"i/image/M00/11/74/CgqKkVbiIxeAe8aFAAALzAao6tw057.png","industryField":"移动互联网,教育","positionAdvantage":"五险一金，餐饮补贴，弹性工作，带薪年假","salary":"15k-25k","companySize":"150-500人","approve":1,"financeStage":"上市公司","companyLabelList":["技能培训","节日礼物","股票期权","带薪年假"],"district":null,"companyShortName":"优学习","score":0,"formatCreateTime":"2016-07-29","companyFullName":"北京聚智未来科技股份有限公司","adWord":0},{"companyId":136389,"explain":null,"plus":null,"pcShow":0,"appShow":0,"deliver":0,"gradeDescription":null,"businessZones":["八里庄","十里堡","四惠"],"imState":"threeDays","lastLogin":1472433969000,"publisherId":5489882,"positionName":"C#","workYear":"1-3年","education":"本科","jobNature":"全职","positionId":2097293,"createTime":"2016-07-29 12:09:08","city":"北京","companyLogo":"i/image/M00/3D/7E/CgqKkVdyNM-AHFZwAAAGKabwWUE046.png","industryField":"信息安全,数据服务","positionAdvantage":"福利待遇好","salary":"8k-15k","companySize":"150-500人","approve":1,"financeStage":"成长型(不需要融资)","companyLabelList":null,"district":"朝阳区","companyShortName":"国信嘉宁","score":0,"formatCreateTime":"2016-07-29","companyFullName":"国信嘉宁数据技术有限公司","adWord":0},{"companyId":23951,"explain":null,"plus":null,"pcShow":0,"appShow":0,"deliver":0,"gradeDescription":null,"businessZones":["四惠","十里堡","甘露园"],"imState":"disabled","lastLogin":1472001750000,"publisherId":282482,"positionName":"Linux C/C++开发工程师","workYear":"3-5年","education":"大专","jobNature":"全职","positionId":132800,"createTime":"2016-07-29 11:51:46","city":"北京","companyLogo":"image1/M00/00/30/Cgo8PFTUXIKAOPsfAADkbWCJdAQ268.jpg","industryField":"移动互联网,数据服务","positionAdvantage":"上市企业、14薪","salary":"10k-20k","companySize":"150-500人","approve":0,"financeStage":"上市公司","companyLabelList":["绩效奖金","五险一金","带薪年假","通讯津贴"],"district":"朝阳区","companyShortName":"北京快网","score":0,"formatCreateTime":"2016-07-29","companyFullName":"北京快网科技有限公司","adWord":0},{"companyId":23727,"explain":null,"plus":null,"pcShow":0,"appShow":0,"deliver":0,"gradeDescription":null,"businessZones":["西三旗","清河","小营"],"imState":"disabled","lastLogin":1469760011000,"publisherId":1857546,"positionName":"C#","workYear":"1-3年","education":"本科","jobNature":"全职","positionId":759052,"createTime":"2016-07-29 10:40:58","city":"北京","companyLogo":"i/image/M00/00/6D/CgqKkVZJj_qAIz4tAAAZsDXnarY482.jpg","industryField":"移动互联网,电子商务","positionAdvantage":"良好的企业文化和福利待遇","salary":"10k-15k","companySize":"2000人以上","approve":1,"financeStage":"上市公司","companyLabelList":["美女多多","带薪年假","绩效奖金","岗位晋升"],"district":"海淀区","companyShortName":"知网","score":0,"formatCreateTime":"2016-07-29","companyFullName":"同方知网（北京）技术有限公司","adWord":0},{"companyId":76714,"explain":null,"plus":null,"pcShow":0,"appShow":0,"deliver":0,"gradeDescription":null,"businessZones":["五道口","清华大学","中关村"],"imState":"disabled","lastLogin":1471832376000,"publisherId":3756597,"positionName":"C","workYear":"3-5年","education":"本科","jobNature":"全职","positionId":1902370,"createTime":"2016-07-29 10:08:13","city":"北京","companyLogo":"i/image/M00/15/5E/Cgp3O1brmSCAAAGjAABWDu7WoSc128.png","industryField":"金融","positionAdvantage":"五险一金 年终奖 定时体检 节日补助","salary":"9k-17k","companySize":"500-2000人","approve":0,"financeStage":"上市公司","companyLabelList":["交通补助","午餐补助","带薪年假","年底双薪"],"district":"海淀区","companyShortName":"南软","score":0,"formatCreateTime":"2016-07-29","companyFullName":"北京南天软件有限公司","adWord":0},{"companyId":52935,"explain":null,"plus":null,"pcShow":0,"appShow":0,"deliver":0,"gradeDescription":null,"businessZones":null,"imState":"disabled","lastLogin":1469770053000,"publisherId":4164180,"positionName":"C#-客户端","workYear":"1-3年","education":"本科","jobNature":"全职","positionId":1949207,"createTime":"2016-07-29 09:36:32","city":"北京","companyLogo":"i/image/M00/17/A5/Cgp3O1byMeKAD7XMAAAYC-s18WQ968.jpg","industryField":"企业服务,数据服务","positionAdvantage":"六险一金+绩效奖金+员工旅游+定期团建","salary":"10k-17k","companySize":"150-500人","approve":1,"financeStage":"成长型(不需要融资)","companyLabelList":["英语培训","巴黎培训","弹性工作","六险一金"],"district":null,"companyShortName":"FuturMaster","score":0,"formatCreateTime":"2016-07-29","companyFullName":"北京欧维博思软件有限公司","adWord":0},{"companyId":8665,"explain":null,"plus":null,"pcShow":0,"appShow":0,"deliver":0,"gradeDescription":null,"businessZones":["工体","朝阳门","三里屯"],"imState":"disabled","lastLogin":1470712056000,"publisherId":106895,"positionName":"高级开发工程师（QT\\C++）","workYear":"3-5年","education":"本科","jobNature":"全职","positionId":2124637,"createTime":"2016-07-29 09:23:01","city":"北京","companyLogo":"image1/M00/00/12/Cgo8PFTUWDWAa5W5AABXknoZHRw998.jpg","industryField":"移动互联网,企业服务","positionAdvantage":"五险一金 带薪年假、绩效奖金、免费体检","salary":"13k-15k","companySize":"2000人以上","approve":1,"financeStage":"成熟型(C轮)","companyLabelList":["岗位晋升","管理规范","五险一金"],"district":"东城区","companyShortName":"金蝶中间件","score":0,"formatCreateTime":"2016-07-29","companyFullName":"深圳市金蝶中间件软件系统有限公司","adWord":0},{"companyId":136390,"explain":null,"plus":null,"pcShow":0,"appShow":0,"deliver":0,"gradeDescription":null,"businessZones":["学院路","北航","五道口"],"imState":"overSevenDays","lastLogin":1471679171000,"publisherId":444299,"positionName":"C++","workYear":"1-3年","education":"本科","jobNature":"全职","positionId":2155661,"createTime":"2016-07-29 08:46:54","city":"北京","companyLogo":"i/image/M00/3D/67/CgqKkVdyGTCAclOnAACXxbBVsIM751.png","industryField":"数据服务","positionAdvantage":"团队和谐,免费中晚餐,弹性工作制,工作环境优","salary":"12k-24k","companySize":"15-50人","approve":0,"financeStage":"初创型(天使轮)","companyLabelList":null,"district":"海淀区","companyShortName":"KDS","score":0,"formatCreateTime":"2016-07-29","companyFullName":"北京中科开迪软件有限公司","adWord":0},{"companyId":141320,"explain":null,"plus":null,"pcShow":0,"appShow":0,"deliver":0,"gradeDescription":null,"businessZones":["学院路","北航","北太平庄"],"imState":"overSevenDays","lastLogin":1471836732000,"publisherId":5776736,"positionName":"C/C++软件开发工程师","workYear":"1-3年","education":"本科","jobNature":"全职","positionId":2164143,"createTime":"2016-07-28 18:14:27","city":"北京","companyLogo":"i/image/M00/4A/3B/Cgp3O1eZuzGAAXl1AAHuVT0GccU140.png","industryField":"其他","positionAdvantage":"世界前沿产品，提供一个实现自我的舞台","salary":"8k-12k","companySize":"15-50人","approve":0,"financeStage":"初创型(不需要融资)","companyLabelList":null,"district":"海淀区","companyShortName":"北京易驾佳信息科技有限公司","score":0,"formatCreateTime":"2016-07-28","companyFullName":"北京易驾佳信息科技有限公司","adWord":0},{"companyId":64615,"explain":null,"plus":null,"pcShow":0,"appShow":0,"deliver":0,"gradeDescription":null,"businessZones":["鲁谷","永乐","八宝山"],"imState":"disabled","lastLogin":1470191440000,"publisherId":1604525,"positionName":"手游客户端开发C++","workYear":"不限","education":"大专","jobNature":"全职","positionId":937715,"createTime":"2016-07-28 17:58:42","city":"北京","companyLogo":"image1/M00/1F/BA/CgYXBlU0quWAHnAmAABJsqi9zvE981.png","industryField":"移动互联网,游戏","positionAdvantage":"大牛主程 快速成长 周周双休 不加班","salary":"5k-10k","companySize":"15-50人","approve":0,"financeStage":"初创型(不需要融资)","companyLabelList":["年底双薪","专项奖金","带薪年假","扁平管理"],"district":"石景山区","companyShortName":"百酷门","score":0,"formatCreateTime":"2016-07-28","companyFullName":"北京百酷门科技有限公司","adWord":0},{"companyId":114110,"explain":null,"plus":null,"pcShow":0,"appShow":0,"deliver":0,"gradeDescription":null,"businessZones":["姚家园","石佛营","十里堡"],"imState":"disabled","lastLogin":1471939320000,"publisherId":1608735,"positionName":"C++ 搜索引擎资深研发工程师","workYear":"3-5年","education":"本科","jobNature":"全职","positionId":596558,"createTime":"2016-07-28 17:57:04","city":"北京","companyLogo":"i/image/M00/04/2B/Cgp3O1bGwzWAEAB4AAAbnMQCudk783.jpg","industryField":"移动互联网","positionAdvantage":"弹性工作制，交通补助，通信补助","salary":"30k-40k","companySize":"2000人以上","approve":1,"financeStage":"上市公司","companyLabelList":["股票期权","交通补助","通讯津贴","带薪年假"],"district":"朝阳区","companyShortName":"乐视","score":0,"formatCreateTime":"2016-07-28","companyFullName":"乐视网信息技术（北京）股份有限公司","adWord":0},{"companyId":85467,"explain":null,"plus":null,"pcShow":0,"appShow":0,"deliver":0,"gradeDescription":null,"businessZones":null,"imState":"overSevenDays","lastLogin":1469691452000,"publisherId":5030148,"positionName":"C++高级工程师（DSP、DMP开发）","workYear":"5-10年","education":"大专","jobNature":"全职","positionId":2114713,"createTime":"2016-07-28 15:52:06","city":"北京","companyLogo":"i/image/M00/02/B4/CgqKkVaYjpaAGoisAAAgLQmp5LI462.jpg","industryField":"移动互联网,O2O","positionAdvantage":"行业热、领导好、福利全、颜值高","salary":"18k-25k","companySize":"50-150人","approve":1,"financeStage":"成长型(A轮)","companyLabelList":["节日礼物","股票期权","带薪年假","绩效奖金"],"district":null,"companyShortName":"奥菲传媒","score":0,"formatCreateTime":"2016-07-28","companyFullName":"上海奥菲广告传媒有限公司北京分公司","adWord":0},{"companyId":131953,"explain":null,"plus":null,"pcShow":0,"appShow":0,"deliver":0,"gradeDescription":null,"businessZones":["上地","马连洼","西二旗"],"imState":"disabled","lastLogin":1470190028000,"publisherId":5199585,"positionName":"C++","workYear":"1-3年","education":"本科","jobNature":"全职","positionId":2109760,"createTime":"2016-07-28 15:46:16","city":"北京","companyLogo":"i/image/M00/30/E4/CgqKkVdH9_2AfBTBAAAKjO4Gvok151.jpg","industryField":"移动互联网,企业服务","positionAdvantage":"个人发展","salary":"10k-15k","companySize":"少于15人","approve":0,"financeStage":"初创型(未融资)","companyLabelList":["带薪年假","弹性工作","领导好","技能培训"],"district":"海淀区","companyShortName":"禾责科技","score":0,"formatCreateTime":"2016-07-28","companyFullName":"禾责科技（北京）有限公司","adWord":0}]}},"code":0}