{"success":true,"requestId":null,"resubmitToken":null,"msg":null,"content":{"pageNo":1,"pageSize":15,"positionResult":{"resultSize":15,"totalCount":1236,"locationInfo":{"businessZone":null,"queryByGisCode":false,"locationCode":null,"city":"北京","district":null},"queryAnalysisInfo":{"industryName":null,"usefulCompany":false,"positionName":"c","companyName":null},"strategyProperty":{"name":"dm-csearch-newSimScorer","id":1},"result":[{"formatCreateTime":"20:56发布","createTime":"2016-08-30 20:56:09","companyId":85301,"positionName":"Linux C研发工程师（此岗位不招收应届生，请见谅）","education":"不限","city":"北京","positionId":2183656,"financeStage":"初创型(天使轮)","companyShortName":"北京安普诺","companyLogo":"image1/M00/3C/77/CgYXBlW1ofuAbwdXAAAcA5mi6WI953.png?cc=0.8759667256381363","salary":"10k-18k","industryField":"信息安全","district":"海淀区","companyLabelList":["技能培训","节日礼物","股票期权","带薪年假"],"positionAdvantage":"五险一金，期权激励，节日福利","jobNature":"全职","workYear":"1-3年","approve":0,"score":0,"companySize":"15-50人","businessZones":["上地","马连洼","西二旗"],"imState":"today","lastLogin":1472561729000,"publisherId":2185607,"explain":null,"plus":null,"pcShow":0,"appShow":0,"deliver":0,"gradeDescription":null,"companyFullName":"北京安普诺信息技术有限公司","adWord":0},{"formatCreateTime":"19:29发布","createTime":"2016-08-30 19:29:40","companyId":145879,"positionName":"C++","education":"本科","city":"北京","positionId":2308032,"financeStage":"成长型(A轮)","companyShortName":"抱抱堂传媒","companyLogo":"i/image/M00/54/81/CgqKkVfD-5SAc8H-AAFMace-1Hw611.png","salary":"15k-20k","industryField":"广告营销,数据服务","district":"朝阳区","companyLabelList":["带薪年假","午餐补助","弹性工作","五险一金"],"positionAdvantage":"五险一金，弹性工作，期权激励","jobNature":"全职","workYear":"3-5年","approve":1,"score":0,"companySize":"500-2000人","businessZones":["工体","三里屯","团结湖"],"imState":"disabled","lastLogin":1472571260000,"publisherId":5998668,"explain":null,"plus":null,"pcShow":0,"appShow":0,"deliver":0,"gradeDescription":null,"companyFullName":"杭州抱抱堂传媒有限公司","adWord":0},{"formatCreateTime":"19:13发布","createTime":"2016-08-30 19:13:55","companyId":57477,"positionName":"C++高级工程师","education":"本科","city":"北京","positionId":503993,"financeStage":"成长型(A轮)","companyShortName":"iSing","companyLogo":"image2/M00/0D/18/CgpzWlYeJA6AMwCGAADLIsO2ATs852.png","salary":"10k-20k","industryField":"移动互联网","district":"朝阳区","companyLabelList":["节日礼物","技能培训","带薪年假","年度旅游"],"positionAdvantage":"五险一金、带薪年假、带薪病假、单身美女多","jobNature":"全职","workYear":"3-5年","approve":1,"score":0,"companySize":"50-150人","businessZones":["望京","大山子","花家地"],"imState":"today","lastLogin":1472555950000,"publisherId":1450723,"explain":null,"plus":null,"pcShow":0,"appShow":0,"deliver":0,"gradeDescription":null,"companyFullName":"北京擎信互娱信息技术有限公司","adWord":0},{"formatCreateTime":"18:45发布","createTime":"2016-08-30 18:45:17","companyId":280,"positionName":"C++","education":"不限","city":"北京","positionId":2307858,"financeStage":"上市公司","companyShortName":"畅游","companyLogo":"image2/M00/03/0F/CgpzWlXtI2KANowdAAAvdtLPVb4516.jpg","salary":"10k-20k","industryField":"移动互联网,游戏","district":"石景山区","companyLabelList":["节日礼物","技能培训","带薪年假","岗位晋升"],"positionAdvantage":"环境好,福利好","jobNature":"全职","workYear":"1-3年","approve":1,"score":0,"companySize":"2000人以上","businessZones":["八角","古城","杨庄"],"imState":"disabled","lastLogin":1472551885000,"publisherId":5655787,"explain":null,"plus":null,"pcShow":0,"appShow":0,"deliver":0,"gradeDescription":null,"companyFullName":"北京畅游天下网络技术有限公司","adWord":0},{"formatCreateTime":"18:32发布","createTime":"2016-08-30 18:32:06","companyId":4376,"positionName":"C++开发工程师","education":"本科","city":"北京","positionId":1862776,"financeStage":"成长型(不需要融资)","companyShortName":"简单学习网","companyLogo":"image1/M00/33/B6/Cgo8PFWUqvCAOOu1AAAaFKAWDPY625.jpg","salary":"12k-18k","industryField":"移动互联网,教育","district":"海淀区","companyLabelList":["绩效奖金","年底双薪","五险一金","带薪年假"],"positionAdvantage":"扁平化管理+专业的团队","jobNature":"全职","workYear":"1-3年","approve":1,"score":0,"companySize":"150-500人","businessZones":["西二旗","龙泽","回龙观"],"imState":"today","lastLogin":1472553196000,"publisherId":241533,"explain":null,"plus":null,"pcShow":0,"appShow":0,"deliver":0,"gradeDescription":null,"companyFullName":"北京简单科技有限公司","adWord":0},{"formatCreateTime":"18:31发布","createTime":"2016-08-30 18:31:45","companyId":124192,"positionName":"C++","education":"本科","city":"北京","positionId":2307780,"financeStage":"成熟型(不需要融资)","companyShortName":"闲徕互娱","companyLogo":"i/image/M00/54/E5/Cgp3O1fFRZiAOthRAABUxt3Nnp8567.jpg","salary":"8k-12k","industryField":"游戏","district":"朝阳区","companyLabelList":["年底双薪","股票期权","带薪年假","午餐补助"],"positionAdvantage":"18薪,全额公积金,补助,测试方向","jobNature":"全职","workYear":"1-3年","approve":1,"score":0,"companySize":"500-2000人","businessZones":["立水桥","北苑"],"imState":"today","lastLogin":1472576207000,"publisherId":5778175,"explain":null,"plus":null,"pcShow":0,"appShow":0,"deliver":0,"gradeDescription":null,"companyFullName":"北京闲徕互娱网络科技有限公司","adWord":0},{"formatCreateTime":"18:30发布","createTime":"2016-08-30 18:30:04","companyId":83580,"positionName":"C++研发工程师","education":"本科","city":"北京","positionId":2255879,"financeStage":"成长型(A轮)","companyShortName":"地平线机器人","companyLogo":"image1/M00/45/15/Cgo8PFXZ2tuAdaWAAAF9uSm9of8297.jpg","salary":"15k-30k","industryField":"移动互联网,硬件","district":"海淀区","companyLabelList":["节日礼物","年底双薪","带薪年假","绩效奖金"],"positionAdvantage":"弹性工作制、绩效奖金、技术大牛","jobNature":"全职","workYear":"1-3年","approve":1,"score":0,"companySize":"50-150人","businessZones":["苏州街","苏州桥","中关村"],"imState":"today","lastLogin":1472553207000,"publisherId":2441745,"explain":null,"plus":null,"pcShow":0,"appShow":0,"deliver":0,"gradeDescription":null,"companyFullName":"北京地平线机器人技术研发有限公司","adWord":0},{"formatCreateTime":"17:53发布","createTime":"2016-08-30 17:53:33","companyId":4502,"positionName":"C++","education":"本科","city":"北京","positionId":248843,"financeStage":"成长型(B轮)","companyShortName":"世纪鼎点","companyLogo":"image1/M00/3D/79/CgYXBlW4esGALwfxAAA54wwdGP8713.jpg","salary":"8k-16k","industryField":"移动互联网,企业服务","district":"海淀区","companyLabelList":["年终分红","绩效奖金","年底双薪","股票期权"],"positionAdvantage":"核心技术，成长收益","jobNature":"全职","workYear":"不限","approve":1,"score":0,"companySize":"50-150人","businessZones":["五道口","清华大学","中关村"],"imState":"disabled","lastLogin":1472550734000,"publisherId":86788,"explain":null,"plus":null,"pcShow":0,"appShow":0,"deliver":0,"gradeDescription":null,"companyFullName":"北京世纪鼎点软件有限公司","adWord":0},{"formatCreateTime":"17:49发布","createTime":"2016-08-30 17:49:46","companyId":9653,"positionName":"C++高级开发工程师（QT方向）","education":"大专","city":"北京","positionId":2119198,"financeStage":"初创型(未融资)","companyShortName":"北京中视广信","companyLogo":"image1/M00/00/14/CgYXBlTUWDyAXAN4AABzweqqFfU799.jpg","salary":"18k-25k","industryField":"数据服务,分类信息","district":null,"companyLabelList":["五险一金","年终分红","专项奖金","节日礼物"],"positionAdvantage":"险一金，餐补，年终奖金，定期体检","jobNature":"全职","workYear":"3-5年","approve":1,"score":0,"companySize":"150-500人","businessZones":null,"imState":"disabled","lastLogin":1472550577000,"publisherId":2326048,"explain":null,"plus":null,"pcShow":0,"appShow":0,"deliver":0,"gradeDescription":null,"companyFullName":"北京中视广信科技有限公司","adWord":0},{"formatCreateTime":"17:40发布","createTime":"2016-08-30 17:40:57","companyId":119686,"positionName":"C++工程师（北京）","education":"不限","city":"北京","positionId":1606129,"financeStage":"初创型(天使轮)","companyShortName":"东巽科技","companyLogo":"i/image/M00/15/45/CgqKkVbrbmeAIvUSAAB1hFrxU7g692.png","salary":"15k-25k","industryField":"信息安全","district":"海淀区","companyLabelList":["年底双薪","专项奖金","股票期权","带薪年假"],"positionAdvantage":"最佳的技术提升机会，大有可为的研究领域","jobNature":"全职","workYear":"不限","approve":0,"score":0,"companySize":"50-150人","businessZones":["紫竹桥","四季青","世纪城"],"imState":"today","lastLogin":1472550047000,"publisherId":4529097,"explain":null,"plus":null,"pcShow":0,"appShow":0,"deliver":0,"gradeDescription":null,"companyFullName":"东巽科技（北京）有限公司","adWord":0},{"formatCreateTime":"17:31发布","createTime":"2016-08-30 17:31:15","companyId":146250,"positionName":"C#","education":"大专","city":"北京","positionId":2307241,"financeStage":"上市公司","companyShortName":"北京博顿电气有限公司","companyLogo":"i/image/M00/54/EB/CgqKkVfFUNqAeWvVAAAE2VVZ60U010.jpg","salary":"6k-12k","industryField":"移动互联网,硬件","district":"大兴区","companyLabelList":null,"positionAdvantage":"发展空间好，福利待遇优。","jobNature":"全职","workYear":"3-5年","approve":0,"score":0,"companySize":"50-150人","businessZones":["亦庄"],"imState":"disabled","lastLogin":1472548999000,"publisherId":5992367,"explain":null,"plus":null,"pcShow":0,"appShow":0,"deliver":0,"gradeDescription":null,"companyFullName":"北京博顿电气有限公司","adWord":0},{"formatCreateTime":"17:06发布","createTime":"2016-08-30 17:06:00","companyId":122355,"positionName":"资深C++开发","education":"本科","city":"北京","positionId":2306948,"financeStage":"成长型(不需要融资)","companyShortName":"嘉琪科技","companyLogo":"i/image/M00/1A/FF/CgqKkVb7fleAUZUqAAArNrtvr-o795.png","salary":"25k-30k","industryField":"电子商务,移动互联网","district":"朝阳区","companyLabelList":null,"positionAdvantage":"Linux,Unix","jobNature":"全职","workYear":"5-10年","approve":0,"score":0,"companySize":"50-150人","businessZones":null,"imState":"today","lastLogin":1472547971000,"publisherId":5497653,"explain":null,"plus":null,"pcShow":0,"appShow":0,"deliver":0,"gradeDescription":null,"companyFullName":"嘉琪科技（北京）有限公司","adWord":0},{"formatCreateTime":"17:03发布","createTime":"2016-08-30 17:03:57","companyId":114110,"positionName":"资深C++开发工程师（推荐系统方向）","education":"不限","city":"北京","positionId":2047310,"financeStage":"上市公司","companyShortName":"乐视","companyLogo":"i/image/M00/04/2B/Cgp3O1bGwzWAEAB4AAAbnMQCudk783.jpg","salary":"20k-30k","industryField":"移动互联网","district":null,"companyLabelList":["股票期权","交通补助","通讯津贴","带薪年假"],"positionAdvantage":"弹性工作制，交通补助，通信补助","jobNature":"全职","workYear":"3-5年","approve":1,"score":0,"companySize":"2000人以上","businessZones":null,"imState":"disabled","lastLogin":1472547828000,"publisherId":4615946,"explain":null,"plus":null,"pcShow":0,"appShow":0,"deliver":0,"gradeDescription":null,"companyFullName":"乐视网信息技术（北京）股份有限公司","adWord":0},{"formatCreateTime":"17:00发布","createTime":"2016-08-30 17:00:20","companyId":54627,"positionName":"C++架构师","education":"本科","city":"北京","positionId":2292129,"financeStage":"成长型(A轮)","companyShortName":"trustdata","companyLogo":"i/image/M00/02/97/CgqKkVaU_zeAQEGxAACSRCokpiA746.jpg","salary":"18k-36k","industryField":"移动互联网","district":null,"companyLabelList":["股票期权","绩效奖金","领导好","年终分红"],"positionAdvantage":"13-15薪，5A写字楼，真格创新工场领投","jobNature":"全职","workYear":"3-5年","approve":0,"score":0,"companySize":"15-50人","businessZones":null,"imState":"today","lastLogin":1472568135000,"publisherId":2424491,"explain":null,"plus":null,"pcShow":0,"appShow":0,"deliver":0,"gradeDescription":null,"companyFullName":"北京麒麟心通网络技术有限公司","adWord":0},{"formatCreateTime":"16:57发布","createTime":"2016-08-30 16:57:07","companyId":119785,"positionName":"C/C++高级开发工程师","education":"本科","city":"北京","positionId":2234890,"financeStage":"初创型(未融资)","companyShortName":"互联网公司","companyLogo":"i/image/M00/14/BB/Cgp3O1bqJl2AMLoIAAAPnYQp_AE551.jpg","salary":"15k-25k","industryField":"电子商务,生活服务","district":"海淀区","companyLabelList":["年底双薪","定期体检","午餐补助","美女多"],"positionAdvantage":"目前处于上市阶段，符合员工具有持股资格","jobNature":"全职","workYear":"3-5年","approve":0,"score":0,"companySize":"500-2000人","businessZones":["北太平庄","牡丹园","健翔桥"],"imState":"today","lastLogin":1472567310000,"publisherId":3228858,"explain":null,"plus":null,"pcShow":0,"appShow":0,"deliver":0,"gradeDescription":null,"companyFullName":"广州嘉蜜酱贸易有限公司","adWord":0}]}},"code":0}