{"msg":null,"resubmitToken":null,"success":true,"requestId":null,"content":{"pageNo":64,"pageSize":15,"positionResult":{"totalCount":1236,"resultSize":15,"locationInfo":{"city":"北京","district":null,"locationCode":null,"businessZone":null,"queryByGisCode":false},"queryAnalysisInfo":{"positionName":"c","companyName":null,"usefulCompany":false,"industryName":null},"strategyProperty":{"name":"dm-csearch-newSimScorer","id":1},"result":[{"companyId":83974,"formatCreateTime":"2016-08-05","score":0,"positionId":2201704,"positionName":"C++应用开发","createTime":"2016-08-05 18:02:08","positionAdvantage":"有师傅带、五险一金、年度体检、补充医疗","salary":"4k-6k","approve":1,"workYear":"应届毕业生","education":"本科","city":"北京","companyLogo":"image1/M00/3A/71/Cgo8PFWtq-KAGZ_zAAAQ87-ucXw456.JPG?cc=0.5057264773640782","jobNature":"全职","industryField":"信息安全,其他","companyShortName":"金美通信","financeStage":"上市公司","companySize":"50-150人","companyLabelList":["技能培训","带薪年假","绩效奖金","管理规范"],"district":"海淀区","businessZones":["五棵松","永定路","青塔"],"imState":"overSevenDays","lastLogin":1470726096000,"publisherId":2152267,"explain":null,"plus":null,"pcShow":0,"appShow":0,"deliver":0,"gradeDescription":null,"companyFullName":"重庆金美通信有限责任公司北京技术分公司","adWord":0},{"companyId":14707,"formatCreateTime":"2016-08-05","score":0,"positionId":2099232,"positionName":"C/C++","createTime":"2016-08-05 16:21:03","positionAdvantage":"六险一金","salary":"8k-10k","approve":1,"workYear":"1-3年","education":"本科","city":"北京","companyLogo":"i/image/M00/2A/9D/CgqKkVcywCeASrGhAABNIiXa05M682.JPG","jobNature":"全职","industryField":"移动互联网","companyShortName":"同方鼎欣","financeStage":"上市公司","companySize":"500-2000人","companyLabelList":["绩效奖金","五险一金","带薪年假","定期体检"],"district":"海淀区","businessZones":["上地","西北旺","马连洼"],"imState":"threeDays","lastLogin":1472450759000,"publisherId":3002182,"explain":null,"plus":null,"pcShow":0,"appShow":0,"deliver":0,"gradeDescription":null,"companyFullName":"同方鼎欣信息技术有限公司","adWord":0},{"companyId":1650,"formatCreateTime":"2016-08-05","score":0,"positionId":2198896,"positionName":"C++（偏界面开发）","createTime":"2016-08-05 12:21:03","positionAdvantage":"六险一金、战略产品","salary":"8k-15k","approve":1,"workYear":"不限","education":"本科","city":"北京","companyLogo":"i/image/M00/01/59/Cgp3O1Zn9kCAAW4jAABX8W4A-fw360.jpg","jobNature":"全职","industryField":"移动互联网,数据服务","companyShortName":"联想集团","financeStage":"上市公司","companySize":"2000人以上","companyLabelList":["技能培训","待遇优厚","晋升空间","五险一金"],"district":"海淀区","businessZones":["上地","西二旗","马连洼"],"imState":"disabled","lastLogin":1472182240000,"publisherId":2004104,"explain":null,"plus":null,"pcShow":0,"appShow":0,"deliver":0,"gradeDescription":null,"companyFullName":"联想（北京）有限公司","adWord":0},{"companyId":347,"formatCreateTime":"2016-08-04","score":0,"positionId":2194336,"positionName":"C++研发专家","createTime":"2016-08-04 15:42:23","positionAdvantage":"年终双薪,绩效奖金,技术牛人,优质福利","salary":"20k-40k","approve":1,"workYear":"5-10年","education":"本科","city":"北京","companyLogo":"i/image/M00/54/5E/CgqKkVfDxgCAMb-GAAC2FtnWUVE377.jpg","jobNature":"全职","industryField":"移动互联网","companyShortName":"阿里巴巴","financeStage":"上市公司","companySize":"2000人以上","companyLabelList":["美女多","领导好","发展前景好","简单"],"district":"朝阳区","businessZones":["姚家园"],"imState":"disabled","lastLogin":1470815409000,"publisherId":1504855,"explain":null,"plus":null,"pcShow":0,"appShow":0,"deliver":0,"gradeDescription":null,"companyFullName":"阿里巴巴（中国）网络技术有限公司","adWord":0},{"companyId":118015,"formatCreateTime":"2016-08-04","score":0,"positionId":2194123,"positionName":"C#软件开发工程师","createTime":"2016-08-04 15:24:16","positionAdvantage":"专业比赛赛事，亲临比赛现场。","salary":"8k-10k","approve":0,"workYear":"1-3年","education":"大专","city":"北京","companyLogo":"i/image/M00/2C/DB/Cgp3O1c6jIiAIHEDAABn3ffLekE732.jpg","jobNature":"全职","industryField":"移动互联网","companyShortName":"永创合利体育","financeStage":"初创型(不需要融资)","companySize":"15-50人","companyLabelList":["年底双薪","带薪年假","午餐补助","定期体检"],"district":null,"businessZones":null,"imState":"overSevenDays","lastLogin":1471226751000,"publisherId":3953315,"explain":null,"plus":null,"pcShow":0,"appShow":0,"deliver":0,"gradeDescription":null,"companyFullName":"北京永创合利体育发展有限公司","adWord":0},{"companyId":436,"formatCreateTime":"2016-08-04","score":0,"positionId":1953283,"positionName":"windows C++软件开发工程师","createTime":"2016-08-04 13:40:05","positionAdvantage":"团队架构扁平，有足够的空间做有挑战的事情","salary":"15k-25k","approve":1,"workYear":"5-10年","education":"本科","city":"北京","companyLogo":"image1/M00/26/1E/Cgo8PFVUDROAf7zrAABr5cEcbGQ572.jpg","jobNature":"全职","industryField":"移动互联网,游戏","companyShortName":"360","financeStage":"上市公司","companySize":"50-150人","companyLabelList":null,"district":"朝阳区","businessZones":["酒仙桥","大山子","将台路"],"imState":"disabled","lastLogin":1472198838000,"publisherId":563991,"explain":null,"plus":null,"pcShow":0,"appShow":0,"deliver":0,"gradeDescription":null,"companyFullName":"奇虎360科技有限公司","adWord":0},{"companyId":119329,"formatCreateTime":"2016-08-04","score":0,"positionId":1601141,"positionName":"C++开发工程师","createTime":"2016-08-04 13:27:38","positionAdvantage":"无无","salary":"6k-12k","approve":1,"workYear":"1-3年","education":"大专","city":"北京","companyLogo":"i/image/M00/13/99/Cgp3O1bnt9uAfQQRAAAQUBtcN5M551.jpg","jobNature":"全职","industryField":"信息安全,数据服务","companyShortName":"书生电子","financeStage":"成长型(不需要融资)","companySize":"150-500人","companyLabelList":null,"district":"朝阳区","businessZones":["安贞","小关","安华"],"imState":"disabled","lastLogin":1470288415000,"publisherId":4514054,"explain":null,"plus":null,"pcShow":0,"appShow":0,"deliver":0,"gradeDescription":null,"companyFullName":"北京书生电子技术有限公司","adWord":0},{"companyId":84826,"formatCreateTime":"2016-08-04","score":0,"positionId":1745526,"positionName":"中级C#软件工程师","createTime":"2016-08-04 13:17:35","positionAdvantage":"五险一金 奖金 补贴 住宿 旅游 带薪假","salary":"8k-15k","approve":0,"workYear":"3-5年","education":"本科","city":"北京","companyLogo":"image1/M00/3B/8D/CgYXBlWws7WAAFoUAABXqF0NI4o361.jpg?cc=0.2930350892711431","jobNature":"全职","industryField":"数据服务,硬件","companyShortName":"大象科技","financeStage":"成熟型(D轮及以上)","companySize":"50-150人","companyLabelList":["带薪年假","岗位晋升","年度旅游","美女多"],"district":"海淀区","businessZones":["西直门","交通大学","西直门","交通大学"],"imState":"disabled","lastLogin":1470287834000,"publisherId":3121151,"explain":null,"plus":null,"pcShow":0,"appShow":0,"deliver":0,"gradeDescription":null,"companyFullName":"北京大象科技有限公司","adWord":0},{"companyId":8414,"formatCreateTime":"2016-08-04","score":0,"positionId":1758848,"positionName":"C++后端开发工程师","createTime":"2016-08-04 12:57:16","positionAdvantage":"发展空间大,良好氛围,优秀团队,股票期权","salary":"15k-25k","approve":1,"workYear":"3-5年","education":"本科","city":"北京","companyLogo":"image1/M00/00/11/CgYXBlTUWDOAeZQdAABbV0qQVPE716.jpg","jobNature":"全职","industryField":"移动互联网","companyShortName":"一点资讯","financeStage":"成熟型(D轮及以上)","companySize":"500-2000人","companyLabelList":["带薪年假","午餐补助","扁平管理","弹性工作"],"district":"海淀区","businessZones":["五道口","学院路","北航"],"imState":"today","lastLogin":1472548798000,"publisherId":731558,"explain":null,"plus":null,"pcShow":0,"appShow":0,"deliver":0,"gradeDescription":null,"companyFullName":"一点网聚科技有限公司","adWord":0},{"companyId":6998,"formatCreateTime":"2016-08-04","score":0,"positionId":1928069,"positionName":"杀毒软件开发工程师（windows c++）","createTime":"2016-08-04 11:53:34","positionAdvantage":"六险一金、带薪年假，年终15个月","salary":"20k-30k","approve":1,"workYear":"3-5年","education":"本科","city":"北京","companyLogo":"image1/M00/38/8E/Cgo8PFWmDIeAev1SAAAMlG8ry4I344.jpg","jobNature":"全职","industryField":"文化娱乐","companyShortName":"风行网","financeStage":"成熟型(D轮及以上)","companySize":"500-2000人","companyLabelList":["技能培训","节日礼物","绩效奖金","岗位晋升"],"district":"海淀区","businessZones":["知春路","学院路","北航"],"imState":"disabled","lastLogin":1467016039000,"publisherId":257700,"explain":null,"plus":null,"pcShow":0,"appShow":0,"deliver":0,"gradeDescription":null,"companyFullName":"北京风行在线技术有限公司","adWord":0},{"companyId":81830,"formatCreateTime":"2016-08-04","score":0,"positionId":866275,"positionName":"C++开发工程师","createTime":"2016-08-04 11:38:11","positionAdvantage":"18月薪，职位晋升","salary":"10k-18k","approve":1,"workYear":"3-5年","education":"本科","city":"北京","companyLogo":"image1/M00/36/3C/CgYXBlWd6weAXEcwAABH8DQWt0c194.jpg?cc=0.23389221099205315","jobNature":"全职","industryField":"信息安全,数据服务","companyShortName":"华宇","financeStage":"上市公司","companySize":"2000人以上","companyLabelList":["技能培训","带薪年假","绩效奖金","岗位晋升"],"district":"海淀区","businessZones":["西三旗","清河","小营"],"imState":"sevenDays","lastLogin":1472104329000,"publisherId":2081473,"explain":null,"plus":null,"pcShow":0,"appShow":0,"deliver":0,"gradeDescription":null,"companyFullName":"北京华宇信息技术有限公司","adWord":0},{"companyId":142417,"formatCreateTime":"2016-08-04","score":0,"positionId":2191684,"positionName":"C++服务器开发工程师","createTime":"2016-08-04 10:56:45","positionAdvantage":"六险一金 新三板 年底奖金 福利齐全","salary":"15k-25k","approve":0,"workYear":"3-5年","education":"本科","city":"北京","companyLogo":"i/image/M00/4C/6A/Cgp3O1eiqGmAFe2CAABteXkKp1Q262.jpg","jobNature":"全职","industryField":"游戏,移动互联网","companyShortName":"合乐智趣","financeStage":"上市公司","companySize":"150-500人","companyLabelList":["年底双薪","绩效奖金","年终分红","定期体检"],"district":"海淀区","businessZones":["知春路","北航","学院路"],"imState":"disabled","lastLogin":1470384379000,"publisherId":5838991,"explain":null,"plus":null,"pcShow":0,"appShow":0,"deliver":0,"gradeDescription":null,"companyFullName":"北京汇享合一信息技术有限公司","adWord":0},{"companyId":4802,"formatCreateTime":"2016-08-04","score":0,"positionId":2133287,"positionName":"图形平台C++高级软件工程师","createTime":"2016-08-04 10:52:44","positionAdvantage":"弹性工作制、福利待遇、旅游活动","salary":"20k-30k","approve":0,"workYear":"3-5年","education":"不限","city":"北京","companyLogo":"image1/M00/10/C0/CgYXBlT_qTqAcEQ0AABKeP9o52k964.jpg","jobNature":"全职","industryField":"数据服务","companyShortName":"广联达","financeStage":"上市公司","companySize":"2000人以上","companyLabelList":["年终分红","绩效奖金","五险一金","午餐补助"],"district":"海淀区","businessZones":["上地","西北旺","马连洼"],"imState":"sevenDays","lastLogin":1472092635000,"publisherId":5697976,"explain":null,"plus":null,"pcShow":0,"appShow":0,"deliver":0,"gradeDescription":null,"companyFullName":"广联达软件股份有限公司","adWord":0},{"companyId":101516,"formatCreateTime":"2016-08-04","score":0,"positionId":2095817,"positionName":"C++/Python高级研发工程师","createTime":"2016-08-04 10:14:20","positionAdvantage":"股票期权年度旅游扁平化带薪年假地铁周边","salary":"15k-25k","approve":1,"workYear":"3-5年","education":"本科","city":"北京","companyLogo":"image2/M00/0E/82/CgqLKVYlCuSAevnYAAAPRgT98_U216.jpg?cc=0.30488349590450525","jobNature":"全职","industryField":"企业服务,数据服务","companyShortName":"视连通","financeStage":"初创型(天使轮)","companySize":"少于15人","companyLabelList":["股票期权","带薪年假","绩效奖金","岗位晋升"],"district":"昌平区","businessZones":null,"imState":"overSevenDays","lastLogin":1471317342000,"publisherId":5647389,"explain":null,"plus":null,"pcShow":0,"appShow":0,"deliver":0,"gradeDescription":null,"companyFullName":"北京视连通科技有限公司","adWord":0},{"companyId":128051,"formatCreateTime":"2016-08-04","score":0,"positionId":1789434,"positionName":"C#","createTime":"2016-08-04 09:58:01","positionAdvantage":"良好团队氛围，巨大发展前景","salary":"10k-20k","approve":0,"workYear":"3-5年","education":"本科","city":"北京","companyLogo":"i/image/M00/28/89/Cgp3O1crIwaAHUhvAAKCWneZOoE700.png","jobNature":"全职","industryField":"游戏","companyShortName":"北欧巨魔","financeStage":"初创型(天使轮)","companySize":"15-50人","companyLabelList":null,"district":"朝阳区","businessZones":["广渠门","CBD","双井"],"imState":"today","lastLogin":1472546413000,"publisherId":4958127,"explain":null,"plus":null,"pcShow":0,"appShow":0,"deliver":0,"gradeDescription":null,"companyFullName":"北欧巨魔（北京）科技有限公司","adWord":0}]}},"code":0}