{"msg":null,"success":true,"requestId":null,"resubmitToken":null,"content":{"pageNo":79,"pageSize":15,"positionResult":{"queryAnalysisInfo":{"industryName":null,"usefulCompany":false,"positionName":"c","companyName":null},"strategyProperty":{"name":"dm-csearch-newSimScorer","id":1},"totalCount":1236,"resultSize":15,"locationInfo":{"businessZone":null,"locationCode":null,"queryByGisCode":false,"city":"北京","district":null},"result":[{"companyId":108931,"explain":null,"plus":null,"pcShow":0,"appShow":0,"deliver":0,"gradeDescription":null,"businessZones":["苏州街","中关村","北京大学"],"imState":"disabled","lastLogin":1469597854000,"publisherId":3419535,"positionName":"C++ 工程师","workYear":"不限","education":"大专","jobNature":"全职","positionId":1966093,"createTime":"2016-07-14 09:55:35","city":"北京","companyLogo":"i/image/M00/01/46/Cgp3O1ZmUVyAZNnuAAAqG9Pt5y8371.jpg","industryField":"信息安全,企业服务","positionAdvantage":"弹性上班时间、交通通讯补助、餐补","salary":"5k-8k","companySize":"15-50人","approve":1,"financeStage":"初创型(不需要融资)","companyLabelList":null,"district":"海淀区","companyShortName":"联程科技","score":0,"formatCreateTime":"2016-07-14","companyFullName":"北京联程科技有限责任公司","adWord":0},{"companyId":133602,"explain":null,"plus":null,"pcShow":0,"appShow":0,"deliver":0,"gradeDescription":null,"businessZones":["上地","马连洼","西二旗"],"imState":"disabled","lastLogin":1469427248000,"publisherId":5291458,"positionName":"C#","workYear":"1-3年","education":"大专","jobNature":"全职","positionId":1935897,"createTime":"2016-07-12 09:48:36","city":"北京","companyLogo":"i/image/M00/34/F5/Cgp3O1dXeTSABODeAABcY3iBTHg250.png","industryField":"数据服务,其他","positionAdvantage":"可培养做项目经理","salary":"10k-15k","companySize":"50-150人","approve":0,"financeStage":"成长型(不需要融资)","companyLabelList":null,"district":"海淀区","companyShortName":"超维创想","score":0,"formatCreateTime":"2016-07-12","companyFullName":"北京超维创想信息技术有限公司","adWord":0},{"companyId":101865,"explain":null,"plus":null,"pcShow":0,"appShow":0,"deliver":0,"gradeDescription":null,"businessZones":null,"imState":"disabled","lastLogin":1468838799000,"publisherId":5612511,"positionName":"NET程序员（C#）","workYear":"1-3年","education":"不限","jobNature":"全职","positionId":2078999,"createTime":"2016-07-11 15:05:41","city":"北京","companyLogo":"image2/M00/0F/08/CgpzWlYnE1uASrLzAAA5JtYZnq4187.png?cc=0.7827334799803793","industryField":"企业服务,教育","positionAdvantage":"广阔的发展空间，扁平化的公司氛围","salary":"7k-10k","companySize":"15-50人","approve":0,"financeStage":"初创型(不需要融资)","companyLabelList":["技能培训","专项奖金","带薪年假","绩效奖金"],"district":"朝阳区","companyShortName":"万法通","score":0,"formatCreateTime":"2016-07-11","companyFullName":"万法通（北京）法律咨询有限公司","adWord":0},{"companyId":27540,"explain":null,"plus":null,"pcShow":0,"appShow":0,"deliver":0,"gradeDescription":null,"businessZones":["酒仙桥","大山子","将台路"],"imState":"disabled","lastLogin":1472546809000,"publisherId":352015,"positionName":"C++高级开发工程师","workYear":"1-3年","education":"大专","jobNature":"全职","positionId":812060,"createTime":"2016-07-11 14:19:37","city":"北京","companyLogo":"image1/M00/00/3B/CgYXBlTUXLGAA5gZAAByhp0Ujl4491.jpg","industryField":"游戏","positionAdvantage":"五险一金，补充医疗，弹性工作，带薪年假等","salary":"15k-20k","companySize":"150-500人","approve":1,"financeStage":"初创型(未融资)","companyLabelList":["年底双薪","五险一金","定期体检","弹性工作"],"district":"朝阳区","companyShortName":"极光互动","score":0,"formatCreateTime":"2016-07-11","companyFullName":"北京极光互动网络技术有限公司","adWord":0},{"companyId":33496,"explain":null,"plus":null,"pcShow":0,"appShow":0,"deliver":0,"gradeDescription":null,"businessZones":["安慧桥","亚运村","对外经贸"],"imState":"disabled","lastLogin":1471480079000,"publisherId":3715119,"positionName":"C#","workYear":"1-3年","education":"不限","jobNature":"全职","positionId":1412903,"createTime":"2016-07-11 13:59:01","city":"北京","companyLogo":"image1/M00/00/4E/CgYXBlTUXQCAZ6DIAACOW_Q6Et0048.jpg","industryField":"电子商务,旅游","positionAdvantage":"七险一金 年终分红 项目奖金 奖励旅游等","salary":"6k-12k","companySize":"少于15人","approve":0,"financeStage":"初创型(未融资)","companyLabelList":["节日礼物","带薪年假","绩效奖金","岗位晋升"],"district":"朝阳区","companyShortName":"北京游学网信息服务有限公司","score":0,"formatCreateTime":"2016-07-11","companyFullName":"北京游学网信息服务有限公司","adWord":0},{"companyId":57428,"explain":null,"plus":null,"pcShow":0,"appShow":0,"deliver":0,"gradeDescription":null,"businessZones":null,"imState":"today","lastLogin":1472519767000,"publisherId":5290036,"positionName":"产品经理（B2C或O2O方向）","workYear":"3-5年","education":"本科","jobNature":"全职","positionId":2077963,"createTime":"2016-07-11 13:10:22","city":"北京","companyLogo":"image1/M00/13/60/Cgo8PFUGaoqAffdQAACBFdBF2Dc710.jpg","industryField":"电子商务,O2O","positionAdvantage":"五险一金，节日福利，带薪年假 ，生日礼物","salary":"15k-25k","companySize":"500-2000人","approve":1,"financeStage":"成长型(B轮)","companyLabelList":["节日礼物","绩效奖金","管理规范","领导好"],"district":null,"companyShortName":"中驰车福","score":0,"formatCreateTime":"2016-07-11","companyFullName":"中驰车福电子商务（北京）有限公司","adWord":0},{"companyId":129282,"explain":null,"plus":null,"pcShow":0,"appShow":0,"deliver":0,"gradeDescription":null,"businessZones":["上地","马连洼","西二旗"],"imState":"today","lastLogin":1472546602000,"publisherId":5053102,"positionName":"C#","workYear":"1-3年","education":"不限","jobNature":"全职","positionId":2076759,"createTime":"2016-07-11 10:41:27","city":"北京","companyLogo":"i/image/M00/43/37/CgqKkVeDAnqAI6xNAAABqQclpAA792.png","industryField":"企业服务,移动互联网","positionAdvantage":"每个项目都设置项目奖金","salary":"5k-10k","companySize":"15-50人","approve":0,"financeStage":"初创型(不需要融资)","companyLabelList":null,"district":"海淀区","companyShortName":"比特汇鑫","score":0,"formatCreateTime":"2016-07-11","companyFullName":"北京比特汇鑫科技有限公司","adWord":0},{"companyId":130886,"explain":null,"plus":null,"pcShow":0,"appShow":0,"deliver":0,"gradeDescription":null,"businessZones":null,"imState":"today","lastLogin":1472553171000,"publisherId":5149351,"positionName":"C#开发部经理","workYear":"3-5年","education":"本科","jobNature":"全职","positionId":2075626,"createTime":"2016-07-11 09:00:15","city":"北京","companyLogo":"i/image/M00/2F/5B/Cgp3O1dDJ9GAdVZxAAAZxS7Snvo530.jpg","industryField":"企业服务","positionAdvantage":"公司正在组建团队，有大量的机会，待遇优","salary":"8k-15k","companySize":"少于15人","approve":0,"financeStage":"初创型(不需要融资)","companyLabelList":["年底双薪","绩效奖金","午餐补助","定期体检"],"district":null,"companyShortName":"REBUMP","score":0,"formatCreateTime":"2016-07-11","companyFullName":"北京智博创益科技有限公司","adWord":0},{"companyId":21680,"explain":null,"plus":null,"pcShow":0,"appShow":0,"deliver":0,"gradeDescription":null,"businessZones":["双榆树","皂君庙"],"imState":"disabled","lastLogin":1472017351000,"publisherId":5004786,"positionName":"C++开发工程师","workYear":"应届毕业生","education":"不限","jobNature":"全职","positionId":1957182,"createTime":"2016-07-08 18:18:37","city":"北京","companyLogo":"image1/M00/00/28/CgYXBlTUWI6AT9zDAABUp8-pSYY569.png","industryField":"文化娱乐,硬件","positionAdvantage":"五险一金 股票期权 弹性工作时间","salary":"4k-6k","companySize":"50-150人","approve":1,"financeStage":"上市公司","companyLabelList":["年终分红","绩效奖金","股票期权","专项奖金"],"district":"海淀区","companyShortName":"东电创新","score":0,"formatCreateTime":"2016-07-08","companyFullName":"东电创新(北京)科技发展股份有限公司","adWord":0},{"companyId":119649,"explain":null,"plus":null,"pcShow":0,"appShow":0,"deliver":0,"gradeDescription":null,"businessZones":["上地","马连洼","西二旗"],"imState":"disabled","lastLogin":1468546758000,"publisherId":4537422,"positionName":"C++","workYear":"3-5年","education":"本科","jobNature":"全职","positionId":2020395,"createTime":"2016-07-08 11:10:20","city":"北京","companyLogo":"i/image/M00/14/AF/Cgp3O1bqGcuAfjdHAABTnHVMyck412.png","industryField":"信息安全","positionAdvantage":"发展前景广阔，技术大牛带队","salary":"15k-30k","companySize":"50-150人","approve":0,"financeStage":"成长型(A轮)","companyLabelList":["年底双薪","午餐补助","五险一金","定期体检"],"district":"海淀区","companyShortName":"青腾时代","score":0,"formatCreateTime":"2016-07-08","companyFullName":"青腾时代（北京）信息科技有限公司","adWord":0},{"companyId":112359,"explain":null,"plus":null,"pcShow":0,"appShow":0,"deliver":0,"gradeDescription":null,"businessZones":["牡丹园","北太平庄","健翔桥"],"imState":"disabled","lastLogin":1472551344000,"publisherId":3717668,"positionName":"C++研发工程师","workYear":"3-5年","education":"本科","jobNature":"全职","positionId":2069585,"createTime":"2016-07-08 10:48:59","city":"北京","companyLogo":"i/image/M00/02/88/Cgp3O1aTWn2AZ7jXAAAM1WA5ey0217.png","industryField":"企业服务,教育","positionAdvantage":"核心研发、初创提升快、国际交流","salary":"15k-25k","companySize":"15-50人","approve":0,"financeStage":"初创型(未融资)","companyLabelList":null,"district":"海淀区","companyShortName":"NEO智能笔","score":0,"formatCreateTime":"2016-07-08","companyFullName":"北京红杉君联科技有限公司","adWord":0},{"companyId":34706,"explain":null,"plus":null,"pcShow":0,"appShow":0,"deliver":0,"gradeDescription":null,"businessZones":["西门","北苑","永顺"],"imState":"overSevenDays","lastLogin":1471517622000,"publisherId":597167,"positionName":"Linux C/C++高级开发工程师","workYear":"3-5年","education":"本科","jobNature":"全职","positionId":1722328,"createTime":"2016-07-08 09:20:43","city":"北京","companyLogo":"image1/M00/00/52/CgYXBlTUXRGAcP9xAACriUiFu3o815.jpg","industryField":"电子商务","positionAdvantage":"上市公司 环境优美 三餐全包","salary":"18k-30k","companySize":"2000人以上","approve":1,"financeStage":"上市公司","companyLabelList":["带薪年假","岗位晋升","扁平管理","领导好"],"district":"通州区","companyShortName":"诸葛天下","score":0,"formatCreateTime":"2016-07-08","companyFullName":"诸葛天下（北京）信息技术有限公司","adWord":0},{"companyId":40760,"explain":null,"plus":null,"pcShow":0,"appShow":0,"deliver":0,"gradeDescription":null,"businessZones":["新华大街","西门","中仓"],"imState":"overSevenDays","lastLogin":1471698852000,"publisherId":398894,"positionName":"C#开发","workYear":"1-3年","education":"本科","jobNature":"全职","positionId":313327,"createTime":"2016-07-07 22:51:19","city":"北京","companyLogo":"image1/M00/00/64/CgYXBlTUXV-AedrRAABzaUjcswA014.jpg","industryField":"电子商务,分类信息","positionAdvantage":"弹性工作时间 超长带薪假期","salary":"10k-14k","companySize":"15-50人","approve":1,"financeStage":"初创型(未融资)","companyLabelList":["节日礼物","年底双薪","带薪年假","氛围简单欢乐"],"district":"通州区","companyShortName":"农机通网","score":0,"formatCreateTime":"2016-07-07","companyFullName":"北京科讯农通科技有限责任公司","adWord":0},{"companyId":1575,"explain":null,"plus":null,"pcShow":0,"appShow":0,"deliver":0,"gradeDescription":null,"businessZones":["西北旺","马连洼","上地"],"imState":"disabled","lastLogin":1469002373000,"publisherId":4942351,"positionName":"C++ 资深研发工程师","workYear":"3-5年","education":"本科","jobNature":"全职","positionId":2022509,"createTime":"2016-07-07 21:30:47","city":"北京","companyLogo":"image1/M00/00/06/CgYXBlTUWAWAOBXrAABGHHFb0q8748.jpg","industryField":"移动互联网,数据服务","positionAdvantage":"福利多多，广阔的发展平台","salary":"20k-40k","companySize":"2000人以上","approve":1,"financeStage":"上市公司","companyLabelList":["股票期权","弹性工作","五险一金","免费班车"],"district":"海淀区","companyShortName":"百度","score":0,"formatCreateTime":"2016-07-07","companyFullName":"百度在线网络技术（北京）有限公司","adWord":0},{"companyId":53225,"explain":null,"plus":null,"pcShow":0,"appShow":0,"deliver":0,"gradeDescription":null,"businessZones":["北七家"],"imState":"today","lastLogin":1472536008000,"publisherId":1331066,"positionName":"C语言","workYear":"3-5年","education":"本科","jobNature":"全职","positionId":937451,"createTime":"2016-07-07 16:38:17","city":"北京","companyLogo":"image1/M00/23/7F/CgYXBlVIgWmAfuU6AACgY-s3Suc796.jpg","industryField":"移动互联网","positionAdvantage":"国企，福利有保障，科研性质，有前途","salary":"20k-25k","companySize":"2000人以上","approve":0,"financeStage":"成熟型(不需要融资)","companyLabelList":["节日礼物","技能培训","免费班车","绩效奖金"],"district":"昌平区","companyShortName":"中国电信北京研究院","score":0,"formatCreateTime":"2016-07-07","companyFullName":"中国电信股份有限公司北京研究院","adWord":0}]}},"code":0}