{"resubmitToken":null,"success":true,"requestId":null,"msg":null,"content":{"pageNo":12,"pageSize":15,"positionResult":{"totalCount":1236,"resultSize":15,"locationInfo":{"city":"北京","district":null,"businessZone":null,"queryByGisCode":false,"locationCode":null},"queryAnalysisInfo":{"positionName":"c","companyName":null,"industryName":null,"usefulCompany":false},"strategyProperty":{"name":"dm-csearch-newSimScorer","id":1},"result":[{"companyId":25027,"positionName":"C++工程师","workYear":"3-5年","education":"本科","jobNature":"全职","createTime":"2016-08-29 17:03:55","companyShortName":"阿凡题","positionId":2266206,"salary":"20k-40k","approve":1,"city":"北京","positionAdvantage":"九险一金 午餐晚餐 交通补助 年终奖","companyLogo":"image1/M00/00/33/CgYXBlTUXJCAUBFJAAB1jD-5v4Q554.png","industryField":"移动互联网,教育","companyLabelList":["节日礼物","股票期权","民主公平","带薪年假"],"financeStage":"成长型(B轮)","district":"海淀区","score":0,"companySize":"50-150人","companyFullName":"北京云江科技有限公司","adWord":0,"formatCreateTime":"1天前发布","imState":"today","lastLogin":1472585491000,"publisherId":298195,"explain":null,"plus":null,"pcShow":0,"appShow":0,"deliver":0,"gradeDescription":null,"businessZones":["五道口","学院路","北航"]},{"companyId":9995,"positionName":"LInux C开发","workYear":"不限","education":"不限","jobNature":"全职","createTime":"2016-08-29 17:01:35","companyShortName":"北京天融信公司","positionId":1872302,"salary":"10k-12k","approve":1,"city":"北京","positionAdvantage":"只要牛x全听你的","companyLogo":"i/image/M00/00/96/Cgp3O1ZOk2WAF-VNAABfjim7IyU208.jpg","industryField":"信息安全","companyLabelList":["五险一金","弹性工作","交通补助","定期体检"],"financeStage":"上市公司","district":"海淀区","score":0,"companySize":"2000人以上","companyFullName":"北京天融信网络安全","adWord":0,"formatCreateTime":"1天前发布","imState":"disabled","lastLogin":1472520881000,"publisherId":126853,"explain":null,"plus":null,"pcShow":0,"appShow":0,"deliver":0,"gradeDescription":null,"businessZones":["西二旗","龙泽","回龙观"]},{"companyId":47830,"positionName":"WebRTC服务器通信开发工程师 [NodeJS, C, Golang]","workYear":"不限","education":"本科","jobNature":"全职","createTime":"2016-08-29 16:18:10","companyShortName":"乐塔克LearningTech","positionId":1447551,"salary":"10k-20k","approve":1,"city":"北京","positionAdvantage":"发展前景","companyLogo":"image1/M00/00/7C/CgYXBlTUXcCAOK5JAAAjiD8o-8A933.jpg","industryField":"数据服务","companyLabelList":["技能培训","专项奖金","带薪年假","扁平管理"],"financeStage":"初创型(天使轮)","district":"海淀区","score":0,"companySize":"少于15人","companyFullName":"北京乐塔克科技有限公司","adWord":0,"formatCreateTime":"1天前发布","imState":"threeDays","lastLogin":1472458672000,"publisherId":547473,"explain":null,"plus":null,"pcShow":0,"appShow":0,"deliver":0,"gradeDescription":null,"businessZones":["西二旗","龙泽","回龙观"]},{"companyId":66292,"positionName":"C++/C","workYear":"1-3年","education":"本科","jobNature":"全职","createTime":"2016-08-29 16:14:05","companyShortName":"赛尔网络","positionId":2151005,"salary":"8k-10k","approve":0,"city":"北京","positionAdvantage":"福利待遇好","companyLogo":"images/logo_default.png","industryField":"移动互联网","companyLabelList":["技能培训","节日礼物","带薪年假","绩效奖金"],"financeStage":"成熟型(不需要融资)","district":"海淀区","score":0,"companySize":"500-2000人","companyFullName":"赛尔网络有限公司","adWord":0,"formatCreateTime":"1天前发布","imState":"disabled","lastLogin":1472458422000,"publisherId":5760980,"explain":null,"plus":null,"pcShow":0,"appShow":0,"deliver":0,"gradeDescription":null,"businessZones":["中关村"]},{"companyId":3866,"positionName":"C++ windows开发工程师（联想项目平台）","workYear":"3-5年","education":"大专","jobNature":"全职","createTime":"2016-08-29 16:09:54","companyShortName":"联想利泰","positionId":2237210,"salary":"10k-16k","approve":1,"city":"北京","positionAdvantage":"nice领导带你飞，有钱途~~","companyLogo":"i/image/M00/2B/98/Cgp3O1c1ZdaAIjU3AAA7TsArYD4046.PNG","industryField":"移动互联网,招聘","companyLabelList":["节日礼物","带薪年假","岗位晋升","领导好"],"financeStage":"初创型(未融资)","district":"海淀区","score":0,"companySize":"500-2000人","companyFullName":"北京联想利泰软件有限公司","adWord":0,"formatCreateTime":"1天前发布","imState":"disabled","lastLogin":1472523878000,"publisherId":134587,"explain":null,"plus":null,"pcShow":0,"appShow":0,"deliver":0,"gradeDescription":null,"businessZones":["西二旗","龙泽","回龙观"]},{"companyId":133,"positionName":"C++工程师（直播）","workYear":"3-5年","education":"本科","jobNature":"全职","createTime":"2016-08-29 16:08:01","companyShortName":"猎豹移动","positionId":2211578,"salary":"20k-30k","approve":1,"city":"北京","positionAdvantage":"15天带薪年假、七险一金、GEEK办公区","companyLogo":"image1/M00/39/70/CgYXBlWo3nqABJTsAADJ3hn5gmE062.jpg","industryField":"移动互联网,信息安全","companyLabelList":["带薪年假","美女前台","超赞年终奖","一公里工作圈"],"financeStage":"上市公司","district":"朝阳区","score":0,"companySize":"500-2000人","companyFullName":"北京金山网络科技有限公司","adWord":0,"formatCreateTime":"1天前发布","imState":"today","lastLogin":1472557018000,"publisherId":1683905,"explain":null,"plus":null,"pcShow":0,"appShow":0,"deliver":0,"gradeDescription":null,"businessZones":["姚家园","十里堡","高碑店"]},{"companyId":26142,"positionName":"服务器C++工程师-MUG（H3D-MUG-PR110001）","workYear":"1-3年","education":"本科","jobNature":"全职","createTime":"2016-08-29 16:00:35","companyShortName":"QQ炫舞","positionId":2121613,"salary":"15k-25k","approve":1,"city":"北京","positionAdvantage":"五险一金、十三薪、节日福利、年假、体检","companyLogo":"image1/M00/00/37/Cgo8PFTUXJ2AU7noAABpZzr2XMg281.jpg","industryField":"游戏","companyLabelList":["年终分红","专项奖金","五险一金","带薪年假"],"financeStage":"成熟型(不需要融资)","district":null,"score":0,"companySize":"500-2000人","companyFullName":"北京永航科技有限公司","adWord":0,"formatCreateTime":"1天前发布","imState":"disabled","lastLogin":1471844035000,"publisherId":2295792,"explain":null,"plus":null,"pcShow":0,"appShow":0,"deliver":0,"gradeDescription":null,"businessZones":null},{"companyId":7742,"positionName":"C++","workYear":"3-5年","education":"大专","jobNature":"全职","createTime":"2016-08-29 15:57:39","companyShortName":"信思贤","positionId":2300413,"salary":"10k-15k","approve":0,"city":"北京","positionAdvantage":"五险一金 年假 旅游 节假日福利 年终奖","companyLogo":"images/logo_default.png","industryField":"企业服务,数据服务","companyLabelList":["技能培训","节日礼物","带薪年假","岗位晋升"],"financeStage":"成长型(不需要融资)","district":"海淀区","score":0,"companySize":"150-500人","companyFullName":"北京信思贤科技有限公司","adWord":0,"formatCreateTime":"1天前发布","imState":"disabled","lastLogin":1472543767000,"publisherId":5004539,"explain":null,"plus":null,"pcShow":0,"appShow":0,"deliver":0,"gradeDescription":null,"businessZones":["魏公村","中关村","白石桥"]},{"companyId":6110,"positionName":"C#","workYear":"1-3年","education":"本科","jobNature":"全职","createTime":"2016-08-29 15:47:42","companyShortName":"北京搜房科技发展有限公司","positionId":2267590,"salary":"9k-13k","approve":1,"city":"北京","positionAdvantage":"上市公司,制度规范","companyLogo":"i/image/M00/30/EA/CgqKkVdIBY6ALxM_AACKdNN_NLs107.jpg","industryField":"移动互联网,金融","companyLabelList":["岗位晋升","扁平管理","管理规范","领导好"],"financeStage":"上市公司","district":"丰台区","score":0,"companySize":"2000人以上","companyFullName":"北京搜房科技发展有限公司","adWord":0,"formatCreateTime":"1天前发布","imState":"threeDays","lastLogin":1472456851000,"publisherId":984439,"explain":null,"plus":null,"pcShow":0,"appShow":0,"deliver":0,"gradeDescription":null,"businessZones":["世界公园","科技园区","看丹桥"]},{"companyId":125704,"positionName":"C#，.net 软件开发实习生","workYear":"不限","education":"本科","jobNature":"实习","createTime":"2016-08-29 15:23:24","companyShortName":"Autotask","positionId":1729868,"salary":"3k-4k","approve":0,"city":"北京","positionAdvantage":"五险一金，餐补，年底双薪等","companyLogo":"i/image/M00/22/C2/CgqKkVcV0m6AN4IzAAE5U2J7RT8100.png","industryField":"移动互联网","companyLabelList":null,"financeStage":"成长型(不需要融资)","district":"海淀区","score":0,"companySize":"50-150人","companyFullName":"北京奥德达斯软件有限公司","adWord":0,"formatCreateTime":"1天前发布","imState":"today","lastLogin":1472542108000,"publisherId":4855544,"explain":null,"plus":null,"pcShow":0,"appShow":0,"deliver":0,"gradeDescription":null,"businessZones":["上地","马连洼","西二旗"]},{"companyId":139734,"positionName":"C#","workYear":"1-3年","education":"大专","jobNature":"全职","createTime":"2016-08-29 15:20:23","companyShortName":"小牛奔奔","positionId":2120026,"salary":"8k-15k","approve":0,"city":"北京","positionAdvantage":"绩效奖金，弹性工作","companyLogo":"i/image/M00/47/1D/Cgp3O1eOW_iADCluAACGD8m_9W0991.jpg","industryField":"数据服务,移动互联网","companyLabelList":null,"financeStage":"初创型(不需要融资)","district":"大兴区","score":0,"companySize":"少于15人","companyFullName":"北京小牛奔奔科技有限公司","adWord":0,"formatCreateTime":"1天前发布","imState":"threeDays","lastLogin":1472463729000,"publisherId":5695721,"explain":null,"plus":null,"pcShow":0,"appShow":0,"deliver":0,"gradeDescription":null,"businessZones":null},{"companyId":112262,"positionName":"C（研发工程师）","workYear":"不限","education":"不限","jobNature":"全职","createTime":"2016-08-29 15:16:12","companyShortName":"简网科技","positionId":1664975,"salary":"20k-30k","approve":0,"city":"北京","positionAdvantage":"五险一金，股票期权","companyLogo":"i/image/M00/03/9C/CgqKkVbBnpWAGWfNAAAIgLacmAA309.png","industryField":"信息安全","companyLabelList":null,"financeStage":"初创型(不需要融资)","district":"海淀区","score":0,"companySize":"15-50人","companyFullName":"北京简网科技有限公司","adWord":0,"formatCreateTime":"1天前发布","imState":"disabled","lastLogin":1472466598000,"publisherId":3875447,"explain":null,"plus":null,"pcShow":0,"appShow":0,"deliver":0,"gradeDescription":null,"businessZones":["上地","西二旗","马连洼"]},{"companyId":123781,"positionName":"C#开发工程师（英文流利）","workYear":"1年以下","education":"本科","jobNature":"全职","createTime":"2016-08-29 15:15:18","companyShortName":"中软国际","positionId":2300022,"salary":"13k-16k","approve":1,"city":"北京","positionAdvantage":"五险一金,英文环境","companyLogo":"i/image/M00/1E/49/CgqKkVcHIkGAEnrCAAAFgCdHmvM352.jpg","industryField":"数据服务,教育","companyLabelList":["定期体检","带薪年假"],"financeStage":"上市公司","district":"海淀区","score":0,"companySize":"2000人以上","companyFullName":"北京中软国际教育科技有限公司","adWord":0,"formatCreateTime":"1天前发布","imState":"today","lastLogin":1472520212000,"publisherId":5490481,"explain":null,"plus":null,"pcShow":0,"appShow":0,"deliver":0,"gradeDescription":null,"businessZones":["八里庄","四季青","定慧寺"]},{"companyId":6818,"positionName":"高级C#工程师","workYear":"3-5年","education":"本科","jobNature":"全职","createTime":"2016-08-29 15:14:27","companyShortName":"魔漫相机","positionId":2146598,"salary":"10k-20k","approve":1,"city":"北京","positionAdvantage":"扁平化管理,九险一金,下午茶,团建","companyLogo":"image1/M00/00/0E/CgYXBlTUWCaAI7SUAACX-jI4ndk301.jpg","industryField":"移动互联网,游戏","companyLabelList":["节日礼物","带薪年假","九险一金","岗位晋升"],"financeStage":"成长型(A轮)","district":"东城区","score":0,"companySize":"50-150人","companyFullName":"北京百舜华年文化传播有限公司","adWord":0,"formatCreateTime":"1天前发布","imState":"today","lastLogin":1472546900000,"publisherId":5707667,"explain":null,"plus":null,"pcShow":0,"appShow":0,"deliver":0,"gradeDescription":null,"businessZones":["朝阳门","东四"]},{"companyId":36513,"positionName":"C# 软件工程师","workYear":"1-3年","education":"本科","jobNature":"全职","createTime":"2016-08-29 15:09:19","companyShortName":"微创","positionId":2274942,"salary":"8k-13k","approve":0,"city":"北京","positionAdvantage":"微软办公 弹性工作 带薪年假/病假 六险一金","companyLogo":"i/image/M00/01/B2/Cgp3O1Zzr9GAdpGkAAAWW2BuXJc040.png","industryField":"移动互联网,电子商务","companyLabelList":["年底双薪","节日礼物","技能培训","免费班车"],"financeStage":"成熟型(不需要融资)","district":"海淀区","score":0,"companySize":"2000人以上","companyFullName":"上海微创软件股份有限公司北京分公司","adWord":0,"formatCreateTime":"1天前发布","imState":"disabled","lastLogin":1472552599000,"publisherId":5726621,"explain":null,"plus":null,"pcShow":0,"appShow":0,"deliver":0,"gradeDescription":null,"businessZones":["中关村","苏州街","苏州桥"]}]}},"code":0}