{"resubmitToken":null,"success":true,"requestId":null,"msg":null,"content":{"pageNo":35,"pageSize":15,"positionResult":{"totalCount":1236,"resultSize":15,"locationInfo":{"city":"北京","district":null,"businessZone":null,"queryByGisCode":false,"locationCode":null},"queryAnalysisInfo":{"positionName":"c","companyName":null,"industryName":null,"usefulCompany":false},"strategyProperty":{"name":"dm-csearch-newSimScorer","id":1},"result":[{"companyId":8136,"positionName":"Linux C++","workYear":"3-5年","education":"本科","jobNature":"全职","createTime":"2016-08-24 17:22:33","companyShortName":"佳讯飞鸿","positionId":1365053,"salary":"10k-20k","approve":1,"city":"北京","positionAdvantage":"七险一金、餐补、年终奖金","companyLogo":"image1/M00/00/11/Cgo8PFTUWDGAciSbAABRt4Bhq3M215.jpg","industryField":"数据服务,文化娱乐","companyLabelList":["免费班车","带薪年假","七险一金","员工持股"],"financeStage":"上市公司","district":"海淀区","score":0,"companySize":"150-500人","companyFullName":"北京佳讯飞鸿电气股份有限公司","adWord":0,"formatCreateTime":"2016-08-24","imState":"overSevenDays","lastLogin":1471589735000,"publisherId":96954,"explain":null,"plus":null,"pcShow":0,"appShow":0,"deliver":0,"gradeDescription":null,"businessZones":null},{"companyId":24406,"positionName":"C++（后台方向）","workYear":"1-3年","education":"本科","jobNature":"全职","createTime":"2016-08-24 14:57:08","companyShortName":"方正电子","positionId":2282673,"salary":"15k-25k","approve":1,"city":"北京","positionAdvantage":"14-18薪 六险一金 领导nice","companyLogo":"image1/M00/0A/CF/CgYXBlTwPYqAeGHBAABJwkw8Z8I860.jpg","industryField":"移动互联网,数据服务","companyLabelList":["技能培训","免费班车","岗位晋升","管理规范"],"financeStage":"上市公司","district":null,"score":0,"companySize":"500-2000人","companyFullName":"北京北大方正电子有限公司","adWord":0,"formatCreateTime":"2016-08-24","imState":"today","lastLogin":1472519086000,"publisherId":5190661,"explain":null,"plus":null,"pcShow":0,"appShow":0,"deliver":0,"gradeDescription":null,"businessZones":null},{"companyId":1686,"positionName":"C++开发工程师","workYear":"5-10年","education":"本科","jobNature":"全职","createTime":"2016-08-24 14:50:47","companyShortName":"爱奇艺","positionId":2282625,"salary":"25k-35k","approve":1,"city":"北京","positionAdvantage":"12天年假 六险一金","companyLogo":"image1/M00/00/06/Cgo8PFTUWAaAbD7PAACAXTzCmiw113.jpg","industryField":"广告营销,文化娱乐","companyLabelList":["绩效奖金","五险一金","交通补助","带薪年假"],"financeStage":"成熟型(D轮及以上)","district":"海淀区","score":0,"companySize":"2000人以上","companyFullName":"北京爱奇艺科技有限公司","adWord":0,"formatCreateTime":"2016-08-24","imState":"today","lastLogin":1472540487000,"publisherId":2278796,"explain":null,"plus":null,"pcShow":0,"appShow":0,"deliver":0,"gradeDescription":null,"businessZones":["中关村","北京大学","苏州街"]},{"companyId":78094,"positionName":"C++软件工程师","workYear":"1-3年","education":"本科","jobNature":"全职","createTime":"2016-08-24 14:08:22","companyShortName":"通元软件","positionId":903934,"salary":"8k-16k","approve":1,"city":"北京","positionAdvantage":"公司发展前景好，待遇优厚。","companyLogo":"image1/M00/2F/BA/CgYXBlWDaNWAdbHqAAAN_oMkIFY580.jpg?cc=0.9708812581375241","industryField":"移动互联网,教育","companyLabelList":["绩效奖金","年度旅游","扁平管理","领导好"],"financeStage":"成长型(不需要融资)","district":"海淀区","score":0,"companySize":"50-150人","companyFullName":"北京通元动力软件技术有限责任公司","adWord":0,"formatCreateTime":"2016-08-24","imState":"disabled","lastLogin":1472542714000,"publisherId":1968127,"explain":null,"plus":null,"pcShow":0,"appShow":0,"deliver":0,"gradeDescription":null,"businessZones":["上地","西二旗","马连洼"]},{"companyId":53137,"positionName":"C++/QT工程师","workYear":"1-3年","education":"本科","jobNature":"全职","createTime":"2016-08-24 14:00:54","companyShortName":"金色家园科技","positionId":1929462,"salary":"10k-20k","approve":1,"city":"北京","positionAdvantage":"领导好,福利好,14薪,发展空间大","companyLogo":"image1/M00/26/84/CgYXBlVVpKmAT16vAAB-lRbYIa8041.jpg","industryField":"O2O","companyLabelList":["节日礼物","带薪年假","绩效奖金","管理规范"],"financeStage":"成熟型(不需要融资)","district":"东城区","score":0,"companySize":"500-2000人","companyFullName":"金色家园网络科技有限公司","adWord":0,"formatCreateTime":"2016-08-24","imState":"today","lastLogin":1472537157000,"publisherId":1326958,"explain":null,"plus":null,"pcShow":0,"appShow":0,"deliver":0,"gradeDescription":null,"businessZones":["广渠门","光明楼","花市"]},{"companyId":139048,"positionName":"c++高级开发工程师","workYear":"5-10年","education":"本科","jobNature":"全职","createTime":"2016-08-24 13:37:50","companyShortName":"驭能者","positionId":2281948,"salary":"5k-10k","approve":0,"city":"北京","positionAdvantage":"优秀的企业文化，优于行业的薪资","companyLogo":"i/image/M00/46/45/Cgp3O1eMZjuAWTC4AAAQhsI8S_c777.jpg","industryField":"其他","companyLabelList":["定期体检","岗位晋升","五险一金","商业保险"],"financeStage":"初创型(未融资)","district":null,"score":0,"companySize":"50-150人","companyFullName":"北京驭能者能源科技有限公司","adWord":0,"formatCreateTime":"2016-08-24","imState":"disabled","lastLogin":1472558921000,"publisherId":5927252,"explain":null,"plus":null,"pcShow":0,"appShow":0,"deliver":0,"gradeDescription":null,"businessZones":null},{"companyId":108087,"positionName":"C++开发工程师","workYear":"3-5年","education":"大专","jobNature":"全职","createTime":"2016-08-24 13:37:17","companyShortName":"中创慧谷","positionId":1803753,"salary":"10k-15k","approve":0,"city":"北京","positionAdvantage":"成长空间大，发展前景好","companyLogo":"i/image/M00/2A/30/Cgp3O1cxgFCAMWZVAAART5JI2Gs508.png","industryField":"其他","companyLabelList":null,"financeStage":"初创型(未融资)","district":"西城区","score":0,"companySize":"15-50人","companyFullName":"中创立方慧谷科技（北京）有限公司","adWord":0,"formatCreateTime":"2016-08-24","imState":"disabled","lastLogin":1472089966000,"publisherId":4052219,"explain":null,"plus":null,"pcShow":0,"appShow":0,"deliver":0,"gradeDescription":null,"businessZones":["西直门","官园"]},{"companyId":35773,"positionName":"C#/.Net开发工程师","workYear":"1-3年","education":"本科","jobNature":"全职","createTime":"2016-08-24 13:34:54","companyShortName":"众荟—慧评事业部","positionId":1734558,"salary":"10k-15k","approve":1,"city":"北京","positionAdvantage":"五险一金 补充医疗 绩效奖金 弹性工作","companyLogo":"image1/M00/22/01/CgYXBlU_Oh2AOP8UAABqv_I1YpM238.jpg","industryField":"旅游,数据服务","companyLabelList":["节日礼物","股票期权","带薪年假","绩效奖金"],"financeStage":"成长型(B轮)","district":"海淀区","score":0,"companySize":"500-2000人","companyFullName":"北京益商慧评网络科技有限公司","adWord":0,"formatCreateTime":"2016-08-24","imState":"disabled","lastLogin":1472544095000,"publisherId":648748,"explain":null,"plus":null,"pcShow":0,"appShow":0,"deliver":0,"gradeDescription":null,"businessZones":["马甸","北太平庄","牡丹园"]},{"companyId":112030,"positionName":"C","workYear":"3-5年","education":"本科","jobNature":"全职","createTime":"2016-08-24 13:24:04","companyShortName":"翼辉信息","positionId":2281878,"salary":"15k-25k","approve":0,"city":"北京","positionAdvantage":"六险一金、社保公积金公司补贴、带薪年假","companyLogo":"i/image/M00/03/28/CgqKkVasWkGAKAusAAAWdmkNwy4481.png","industryField":"硬件","companyLabelList":null,"financeStage":"成长型(A轮)","district":"海淀区","score":0,"companySize":"15-50人","companyFullName":"北京翼辉信息技术有限公司","adWord":0,"formatCreateTime":"2016-08-24","imState":"disabled","lastLogin":1472175618000,"publisherId":3677868,"explain":null,"plus":null,"pcShow":0,"appShow":0,"deliver":0,"gradeDescription":null,"businessZones":null},{"companyId":24984,"positionName":"C#工程师","workYear":"1-3年","education":"大专","jobNature":"全职","createTime":"2016-08-24 13:22:51","companyShortName":"医联","positionId":2228329,"salary":"10k-15k","approve":1,"city":"北京","positionAdvantage":"定期团建,五险一金,部门活动","companyLogo":"i/image/M00/05/E2/Cgp3O1bL1d-AZdsWAAAROo8ljn4602.png","industryField":"社交网络,医疗健康","companyLabelList":["专项奖金","绩效奖金","岗位晋升","扁平管理"],"financeStage":"成长型(B轮)","district":"朝阳区","score":0,"companySize":"500-2000人","companyFullName":"成都医云科技有限公司","adWord":0,"formatCreateTime":"2016-08-24","imState":"disabled","lastLogin":1472540435000,"publisherId":2130407,"explain":null,"plus":null,"pcShow":0,"appShow":0,"deliver":0,"gradeDescription":null,"businessZones":["建外大街","CBD","东大桥"]},{"companyId":4762,"positionName":"GIS-C/S开发工程师","workYear":"1-3年","education":"本科","jobNature":"全职","createTime":"2016-08-24 13:12:11","companyShortName":"东软睿道","positionId":2249448,"salary":"15k-20k","approve":0,"city":"北京","positionAdvantage":"五险一金,午餐补助,带薪年假,弹性工作","companyLogo":"i/image/M00/3A/CB/Cgp3O1dqOR2ALjpjAABmjVHyTic993.jpg","industryField":"移动互联网,教育","companyLabelList":["绩效奖金","五险一金","带薪年假","交通补助"],"financeStage":"上市公司","district":null,"score":0,"companySize":"2000人以上","companyFullName":"东软睿道教育信息技术有限公司","adWord":0,"formatCreateTime":"2016-08-24","imState":"disabled","lastLogin":1472192571000,"publisherId":5828327,"explain":null,"plus":null,"pcShow":0,"appShow":0,"deliver":0,"gradeDescription":null,"businessZones":null},{"companyId":20191,"positionName":"C++工程师","workYear":"1-3年","education":"本科","jobNature":"全职","createTime":"2016-08-24 12:05:18","companyShortName":"璧合科技","positionId":2281624,"salary":"10k-15k","approve":0,"city":"北京","positionAdvantage":"五险一金，午餐补助，年度旅游、节日福利等","companyLogo":"image1/M00/00/25/Cgo8PFTUWIGALql1AAAoa3VOWUk311.jpg","industryField":"移动互联网,生活服务","companyLabelList":["绩效奖金","股票期权","马尔代夫旅游","五险一金"],"financeStage":"上市公司","district":null,"score":0,"companySize":"50-150人","companyFullName":"北京璧合科技有限公司","adWord":0,"formatCreateTime":"2016-08-24","imState":"disabled","lastLogin":1472521862000,"publisherId":3077432,"explain":null,"plus":null,"pcShow":0,"appShow":0,"deliver":0,"gradeDescription":null,"businessZones":null},{"companyId":59251,"positionName":"C++高级开发工程师","workYear":"3-5年","education":"大专","jobNature":"全职","createTime":"2016-08-24 11:57:40","companyShortName":"映客直播","positionId":2281565,"salary":"18k-30k","approve":1,"city":"北京","positionAdvantage":"福利完善,年底奖金,环境优美,帅哥美女","companyLogo":"i/image/M00/08/49/Cgp3O1bPycGAMj0hAAAgshBCvv4840.jpg","industryField":"移动互联网,文化娱乐","companyLabelList":["年底双薪","专项奖金","股票期权","带薪年假"],"financeStage":"成长型(B轮)","district":"朝阳区","score":0,"companySize":"500-2000人","companyFullName":"北京蜜莱坞网络科技有限公司","adWord":0,"formatCreateTime":"2016-08-24","imState":"today","lastLogin":1472559160000,"publisherId":1467174,"explain":null,"plus":null,"pcShow":0,"appShow":0,"deliver":0,"gradeDescription":null,"businessZones":["望京","大山子","花家地"]},{"companyId":28465,"positionName":"高级linux C开发工程师","workYear":"3-5年","education":"本科","jobNature":"全职","createTime":"2016-08-24 11:04:53","companyShortName":"全讯汇聚网络科技","positionId":603391,"salary":"15k-30k","approve":1,"city":"北京","positionAdvantage":"弹性工作制、五险一金、股票期权、带薪年假","companyLogo":"image1/M00/00/3E/CgYXBlTUXL6AUQd4AACAyG7rUbQ201.jpg","industryField":"移动互联网,数据服务","companyLabelList":["年底双薪","五险一金","带薪年假","年度旅游"],"financeStage":"成长型(A轮)","district":"丰台区","score":0,"companySize":"50-150人","companyFullName":"全讯汇聚网络科技(北京)有限公司","adWord":0,"formatCreateTime":"2016-08-24","imState":"disabled","lastLogin":1472454635000,"publisherId":375051,"explain":null,"plus":null,"pcShow":0,"appShow":0,"deliver":0,"gradeDescription":null,"businessZones":["嘉园","马家堡","草桥"]},{"companyId":123777,"positionName":".net开发工程师 C/S方向","workYear":"5-10年","education":"大专","jobNature":"全职","createTime":"2016-08-24 10:56:27","companyShortName":"通力互联","positionId":2095985,"salary":"12k-24k","approve":0,"city":"北京","positionAdvantage":"平台 个人成长 薪酬福利","companyLogo":"i/image/M00/2E/03/CgqKkVc9jmCAI8DpAAD09YLPnBk157.png","industryField":"电子商务,企业服务","companyLabelList":["绩效奖金","交通补助","定期体检","通讯津贴"],"financeStage":"成熟型(不需要融资)","district":null,"score":0,"companySize":"2000人以上","companyFullName":"北京通力互联技术服务有限公司","adWord":0,"formatCreateTime":"2016-08-24","imState":"disabled","lastLogin":1472451628000,"publisherId":285310,"explain":null,"plus":null,"pcShow":0,"appShow":0,"deliver":0,"gradeDescription":null,"businessZones":null}]}},"code":0}