{"success":true,"requestId":null,"msg":null,"resubmitToken":null,"content":{"pageNo":5,"pageSize":15,"positionResult":{"totalCount":1236,"resultSize":15,"locationInfo":{"queryByGisCode":false,"businessZone":null,"locationCode":null,"city":"北京","district":null},"queryAnalysisInfo":{"industryName":null,"usefulCompany":false,"positionName":"c","companyName":null},"strategyProperty":{"name":"dm-csearch-newSimScorer","id":1},"result":[{"companyId":3866,"positionName":"C++开发工程师","workYear":"1-3年","education":"本科","jobNature":"全职","financeStage":"初创型(未融资)","companyLogo":"i/image/M00/2B/98/Cgp3O1c1ZdaAIjU3AAA7TsArYD4046.PNG","industryField":"移动互联网,招聘","companyShortName":"联想利泰","city":"北京","salary":"10k-15k","positionId":2305355,"positionAdvantage":"平台广、项目含金量高、职位发展空间大","district":"海淀区","createTime":"2016-08-30 14:21:37","companyLabelList":["节日礼物","带薪年假","岗位晋升","领导好"],"approve":1,"companySize":"500-2000人","score":0,"companyFullName":"北京联想利泰软件有限公司","adWord":0,"formatCreateTime":"14:21发布","publisherId":1703290,"explain":null,"plus":null,"pcShow":0,"appShow":0,"deliver":0,"gradeDescription":null,"businessZones":["西二旗","龙泽","回龙观"],"imState":"today","lastLogin":1472548980000},{"companyId":18453,"positionName":"高级软件工程师（C++和安卓）","workYear":"5-10年","education":"本科","jobNature":"全职","financeStage":"成长型(不需要融资)","companyLogo":"i/image/M00/3E/AA/CgqKkVd08bKACmHuAAA_rri0itw880.jpg","industryField":"移动互联网,电子商务","companyShortName":"中体彩科技发展有限公司","city":"北京","salary":"15k-25k","positionId":2180454,"positionAdvantage":"弹性工作 补充保险 活动丰富 地体附近","district":"朝阳区","createTime":"2016-08-30 13:03:27","companyLabelList":["五险一金","通讯津贴","带薪年假","免费班车"],"approve":1,"companySize":"150-500人","score":0,"companyFullName":"中体彩科技发展有限公司","adWord":0,"formatCreateTime":"13:03发布","publisherId":5788108,"explain":null,"plus":null,"pcShow":0,"appShow":0,"deliver":0,"gradeDescription":null,"businessZones":["劲松","南磨房"],"imState":"today","lastLogin":1472537558000},{"companyId":26142,"positionName":"高级客户端开发程序员（C++）","workYear":"不限","education":"本科","jobNature":"全职","financeStage":"成熟型(不需要融资)","companyLogo":"image1/M00/00/37/Cgo8PFTUXJ2AU7noAABpZzr2XMg281.jpg","industryField":"游戏","companyShortName":"QQ炫舞","city":"北京","salary":"12k-24k","positionId":909443,"positionAdvantage":"高奖金激励,3~18月奖金","district":"东城区","createTime":"2016-08-30 12:56:23","companyLabelList":["年终分红","专项奖金","五险一金","带薪年假"],"approve":1,"companySize":"500-2000人","score":0,"companyFullName":"北京永航科技有限公司","adWord":0,"formatCreateTime":"12:56发布","publisherId":2163877,"explain":null,"plus":null,"pcShow":0,"appShow":0,"deliver":0,"gradeDescription":null,"businessZones":["东直门","海运仓","东四"],"imState":"threeDays","lastLogin":1472443655000},{"companyId":146257,"positionName":"C++","workYear":"1-3年","education":"本科","jobNature":"全职","financeStage":"初创型(不需要融资)","companyLogo":"i/image/M00/54/C7/Cgp3O1fFCSKAVzr2AAAKDlFkILA124.PNG","industryField":"数据服务,移动互联网","companyShortName":"北京安智互动科技有限公司","city":"北京","salary":"8k-15k","positionId":2304746,"positionAdvantage":"福利好，发展前景大","district":"海淀区","createTime":"2016-08-30 12:23:27","companyLabelList":null,"approve":0,"companySize":"15-50人","score":0,"companyFullName":"北京安智互动科技有限公司","adWord":0,"formatCreateTime":"12:23发布","publisherId":6022214,"explain":null,"plus":null,"pcShow":0,"appShow":0,"deliver":0,"gradeDescription":null,"businessZones":["中关村"],"imState":"disabled","lastLogin":1472539145000},{"companyId":255,"positionName":"Linux C/C++系统工程师 流媒体服务器","workYear":"3-5年","education":"本科","jobNature":"全职","financeStage":"成长型(A轮)","companyLogo":"image1/M00/00/02/CgYXBlTUV_eADw3KAABoLVukkj0255.jpg","industryField":"教育","companyShortName":"多贝网","city":"北京","salary":"20k-30k","positionId":2238732,"positionAdvantage":"汇报给CTO，六险一金，不打卡，上班打台球","district":null,"createTime":"2016-08-30 11:45:18","companyLabelList":["都是年轻人","不打卡","自助餐管饱","娱乐活动管够"],"approve":1,"companySize":"50-150人","score":0,"companyFullName":"北京多贝兄弟信息技术有限公司","adWord":0,"formatCreateTime":"11:45发布","publisherId":662,"explain":null,"plus":null,"pcShow":0,"appShow":0,"deliver":0,"gradeDescription":null,"businessZones":null,"imState":"today","lastLogin":1472549164000},{"companyId":114494,"positionName":"C++","workYear":"3-5年","education":"本科","jobNature":"全职","financeStage":"成长型(A轮)","companyLogo":"i/image/M00/03/B9/Cgp3O1bC1J-AOWIqAACOEUDAfD0722.jpg","industryField":"数据服务,移动互联网","companyShortName":"trustdata","city":"北京","salary":"15k-25k","positionId":1883566,"positionAdvantage":"15薪 免费班车 工作居住证 百度创业团队","district":"朝阳区","createTime":"2016-08-30 11:42:23","companyLabelList":["年底双薪","绩效奖金","股票期权","带薪年假"],"approve":0,"companySize":"15-50人","score":0,"companyFullName":"北京麒麟心通网络技术有限公司","adWord":0,"formatCreateTime":"11:42发布","publisherId":5191570,"explain":null,"plus":null,"pcShow":0,"appShow":0,"deliver":0,"gradeDescription":null,"businessZones":["大山子","酒仙桥"],"imState":"today","lastLogin":1472528071000},{"companyId":131880,"positionName":"Linux系统下C/C++高级程序员","workYear":"1-3年","education":"本科","jobNature":"全职","financeStage":"初创型(天使轮)","companyLogo":"i/image/M00/31/9E/Cgp3O1dL1uqAQuk_AAASE97VOxA550.jpg","industryField":"其他,硬件","companyShortName":"北京星际安讯科技有限公司","city":"北京","salary":"7k-14k","positionId":1894910,"positionAdvantage":"一个可以施展自己技能的岗位，完善的福利。","district":null,"createTime":"2016-08-30 11:40:29","companyLabelList":["股票期权","交通补助","午餐补助","定期体检"],"approve":0,"companySize":"50-150人","score":0,"companyFullName":"北京星际安讯科技有限公司","adWord":0,"formatCreateTime":"11:40发布","publisherId":5176230,"explain":null,"plus":null,"pcShow":0,"appShow":0,"deliver":0,"gradeDescription":null,"businessZones":null,"imState":"disabled","lastLogin":1472528408000},{"companyId":91651,"positionName":"C++","workYear":"不限","education":"本科","jobNature":"全职","financeStage":"初创型(不需要融资)","companyLogo":"image1/M00/45/3B/CgYXBlXamqKAaOn-AAASQKEl4bU817.jpg?cc=0.32619914785027504","industryField":"信息安全,数据服务","companyShortName":"北京华锐","city":"北京","salary":"5k-10k","positionId":1021907,"positionAdvantage":"提供五险一金，工作环境舒适","district":"海淀区","createTime":"2016-08-30 11:38:05","companyLabelList":["技能培训","带薪年假","岗位晋升","扁平管理"],"approve":0,"companySize":"15-50人","score":0,"companyFullName":"北京华锐联创科技有限公司","adWord":0,"formatCreateTime":"11:38发布","publisherId":2369497,"explain":null,"plus":null,"pcShow":0,"appShow":0,"deliver":0,"gradeDescription":null,"businessZones":["知春路","学院路","北航"],"imState":"today","lastLogin":1472550369000},{"companyId":80113,"positionName":"C++","workYear":"1-3年","education":"本科","jobNature":"全职","financeStage":"初创型(不需要融资)","companyLogo":"i/image/M00/4A/9A/Cgp3O1ebEvGAShxbAAAHoYDWIfI349.jpg","industryField":"企业服务,其他","companyShortName":"CUTT","city":"北京","salary":"10k-15k","positionId":2165067,"positionAdvantage":"五险一金、绩效奖金、弹性工作、交通补助","district":"海淀区","createTime":"2016-08-30 11:36:01","companyLabelList":["带薪年假","绩效奖金","五险一金","午餐补助"],"approve":0,"companySize":"15-50人","score":0,"companyFullName":"中城泰信（北京）信息技术有限公司","adWord":0,"formatCreateTime":"11:36发布","publisherId":2032421,"explain":null,"plus":null,"pcShow":0,"appShow":0,"deliver":0,"gradeDescription":null,"businessZones":["清河"],"imState":"today","lastLogin":1472528052000},{"companyId":28243,"positionName":"C++开发工程师（QQ阅读）","workYear":"3-5年","education":"本科","jobNature":"全职","financeStage":"成熟型(不需要融资)","companyLogo":"i/image/M00/01/0D/CgqKkVZeoh2ANGyLAADFU9Dl0oQ296.png","industryField":"移动互联网","companyShortName":"阅文集团","city":"北京","salary":"15k-30k","positionId":328490,"positionAdvantage":"腾讯系，发展快，氛围好，","district":"海淀区","createTime":"2016-08-30 11:23:47","companyLabelList":["年终分红","年底双薪","五险一金","交通补助"],"approve":1,"companySize":"500-2000人","score":0,"companyFullName":"上海阅闻信息技术有限公司","adWord":0,"formatCreateTime":"11:23发布","publisherId":370271,"explain":null,"plus":null,"pcShow":0,"appShow":0,"deliver":0,"gradeDescription":null,"businessZones":["西北旺","马连洼","上地"],"imState":"today","lastLogin":1472550309000},{"companyId":78649,"positionName":"C# (.NET) 中级软件工程师","workYear":"1-3年","education":"本科","jobNature":"全职","financeStage":"成长型(不需要融资)","companyLogo":"image1/M00/45/D5/CgYXBlXeuFiAKtV3AAAWg0Y9Mu8086.PNG","industryField":"企业服务,数据服务","companyShortName":"龙浩通信","city":"北京","salary":"8k-10k","positionId":818437,"positionAdvantage":"国企非外包,名校硕博团队,体检年假食堂地铁","district":"海淀区","createTime":"2016-08-30 11:22:23","companyLabelList":["内部食堂","定期体检","五险一金","国企非外包"],"approve":1,"companySize":"50-150人","score":0,"companyFullName":"龙浩通信公司","adWord":0,"formatCreateTime":"11:22发布","publisherId":1993872,"explain":null,"plus":null,"pcShow":0,"appShow":0,"deliver":0,"gradeDescription":null,"businessZones":["西苑","颐和园"],"imState":"today","lastLogin":1472535934000},{"companyId":116626,"positionName":"C++手游服务器程序","workYear":"1-3年","education":"大专","jobNature":"全职","financeStage":"初创型(未融资)","companyLogo":"i/image/M00/0A/5E/CgqKkVbUEDCATFO6AAE2ey9Jl-Y530.png","industryField":"游戏,移动互联网","companyShortName":"腾趣互娱","city":"北京","salary":"10k-20k","positionId":1533143,"positionAdvantage":"发展前景好","district":"石景山区","createTime":"2016-08-30 11:16:48","companyLabelList":null,"approve":0,"companySize":"15-50人","score":0,"companyFullName":"北京腾趣互娱网络科技有限公司","adWord":0,"formatCreateTime":"11:16发布","publisherId":4055129,"explain":null,"plus":null,"pcShow":0,"appShow":0,"deliver":0,"gradeDescription":null,"businessZones":["杨庄","苹果园","八角"],"imState":"today","lastLogin":1472526234000},{"companyId":143493,"positionName":"C# 客户端开发工程师","workYear":"3-5年","education":"本科","jobNature":"全职","financeStage":"初创型(天使轮)","companyLogo":"i/image/M00/4E/EC/Cgp3O1etOzmAV6OxAAAFTu5WS8E343.png","industryField":"金融,企业服务","companyShortName":"赛峰科技","city":"北京","salary":"15k-25k","positionId":2230071,"positionAdvantage":"团队气氛好, 薪资还不错, 技术氛围浓","district":"朝阳区","createTime":"2016-08-30 11:11:23","companyLabelList":["弹性工作","领导好","扁平管理"],"approve":0,"companySize":"少于15人","score":0,"companyFullName":"上海仁勤信息科技有限公司","adWord":0,"formatCreateTime":"11:11发布","publisherId":5887585,"explain":null,"plus":null,"pcShow":0,"appShow":0,"deliver":0,"gradeDescription":null,"businessZones":["左家庄","国展","西坝河"],"imState":"threeDays","lastLogin":1472451559000},{"companyId":43914,"positionName":"高级c#工程师","workYear":"5-10年","education":"大专","jobNature":"全职","financeStage":"初创型(不需要融资)","companyLogo":"image1/M00/00/6F/CgYXBlTUXYqANqnDAABGvQBWdTY480.png","industryField":"移动互联网,数据服务","companyShortName":"荣大科技","city":"北京","salary":"15k-25k","positionId":2240322,"positionAdvantage":"客户端开发负责人","district":null,"createTime":"2016-08-30 11:10:59","companyLabelList":["技能培训","节日礼物","年底双薪","带薪年假"],"approve":1,"companySize":"15-50人","score":0,"companyFullName":"北京荣大科技有限公司","adWord":0,"formatCreateTime":"11:10发布","publisherId":712906,"explain":null,"plus":null,"pcShow":0,"appShow":0,"deliver":0,"gradeDescription":null,"businessZones":null,"imState":"today","lastLogin":1472526415000},{"companyId":42680,"positionName":"C/C++ 软件工程师","workYear":"不限","education":"本科","jobNature":"全职","financeStage":"成长型(A轮)","companyLogo":"i/image/M00/00/AE/CgqKkVZSyWaAcfE7AAAxflCqtSU272.png","industryField":"数据服务","companyShortName":"SmartX","city":"北京","salary":"15k-25k","positionId":2108917,"positionAdvantage":"高速发展，弹性工作，持续期权，午晚餐","district":"海淀区","createTime":"2016-08-30 10:56:53","companyLabelList":["股票期权","扁平管理","五险一金","午餐补助"],"approve":1,"companySize":"15-50人","score":0,"companyFullName":"北京志凌海纳科技有限公司","adWord":0,"formatCreateTime":"10:56发布","publisherId":801571,"explain":null,"plus":null,"pcShow":0,"appShow":0,"deliver":0,"gradeDescription":null,"businessZones":["中关村","知春路","双榆树"],"imState":"today","lastLogin":1472569167000}]}},"code":0}