{"success":true,"requestId":null,"msg":null,"resubmitToken":null,"code":0,"content":{"pageNo":11,"pageSize":15,"positionResult":{"resultSize":15,"totalCount":1236,"locationInfo":{"queryByGisCode":false,"businessZone":null,"locationCode":null,"city":"北京","district":null},"queryAnalysisInfo":{"industryName":null,"usefulCompany":false,"positionName":"c","companyName":null},"strategyProperty":{"name":"dm-csearch-newSimScorer","id":1},"result":[{"companyId":100328,"businessZones":["清河","西三旗","小营"],"imState":"disabled","lastLogin":1472539889000,"publisherId":4132541,"explain":null,"plus":null,"pcShow":0,"appShow":0,"deliver":0,"gradeDescription":null,"companyFullName":"北京津发科技股份有限公司","formatCreateTime":"09:22发布","positionName":"C# c/s.net研发工程师","workYear":"3-5年","education":"不限","jobNature":"全职","companyLogo":"image2/M00/0C/A9/CgpzWlYcy8uAePVuAACBkI09-BY196.png?cc=0.7230654407758266","salary":"8k-16k","city":"北京","financeStage":"初创型(未融资)","industryField":"数据服务,硬件","positionId":2039905,"approve":1,"createTime":"2016-08-30 09:22:18","positionAdvantage":"六险一金+项目奖金+北京工作居住证+旅游","district":"海淀区","companyShortName":"津发科技股份有限公司","companyLabelList":["五险一金","定期体检","专项奖金","领导好"],"score":0,"companySize":"50-150人","adWord":0},{"companyId":71494,"businessZones":["北京大学","中关村","苏州街"],"imState":"today","lastLogin":1472552555000,"publisherId":1721070,"explain":null,"plus":null,"pcShow":0,"appShow":0,"deliver":0,"gradeDescription":null,"companyFullName":"北大医疗信息技术有限公司","formatCreateTime":"09:13发布","positionName":"C#（应届生）","workYear":"应届毕业生","education":"本科","jobNature":"全职","companyLogo":"i/image/M00/00/38/CgqKkVY2wMeAIWU2AAEKiMm66rI767.png","salary":"5k-7k","city":"北京","financeStage":"成熟型(不需要融资)","industryField":"医疗健康","positionId":705471,"approve":1,"createTime":"2016-08-30 09:13:44","positionAdvantage":"五险一金加补充医疗、餐补、通讯补贴。","district":"海淀区","companyShortName":"北大医信","companyLabelList":["技能培训","节日礼物","带薪年假","绩效奖金"],"score":0,"companySize":"500-2000人","adWord":0},{"companyId":7902,"businessZones":["健翔桥","小关","马甸"],"imState":"today","lastLogin":1472546488000,"publisherId":93804,"explain":null,"plus":null,"pcShow":0,"appShow":0,"deliver":0,"gradeDescription":null,"companyFullName":"北京好巧国际旅行社有限公司","formatCreateTime":"08:48发布","positionName":"Linux C++/Python高级研发工程师","workYear":"3-5年","education":"本科","jobNature":"全职","companyLogo":"image1/M00/00/10/Cgo8PFTUWC-AC_DbAACAcjVfPFE124.jpg","salary":"30k-40k","city":"北京","financeStage":"成长型(B轮)","industryField":"数据服务","positionId":2127930,"approve":1,"createTime":"2016-08-30 08:48:46","positionAdvantage":"出境游，互联网+，高增长，有融资，有期权","district":"朝阳区","companyShortName":"好巧","companyLabelList":["五险一金","年度旅游","弹性工作","扁平管理"],"score":0,"companySize":"50-150人","adWord":0},{"companyId":13523,"businessZones":["亮马桥"],"imState":"today","lastLogin":1472551205000,"publisherId":4603616,"explain":null,"plus":null,"pcShow":0,"appShow":0,"deliver":0,"gradeDescription":null,"companyFullName":"爱迪德技术（北京）有限公司","formatCreateTime":"1天前发布","positionName":"Principal Software Engineer (Android+C+++Software Security)","workYear":"5-10年","education":"本科","jobNature":"全职","companyLogo":"i/image/M00/27/41/Cgp3O1cnQGKAa9AsAABVwx-D75s709.png","salary":"23k-46k","city":"北京","financeStage":"初创型(未融资)","industryField":"文化娱乐","positionId":1921112,"approve":1,"createTime":"2016-08-29 22:51:01","positionAdvantage":"全额五险一金/15天年假/饭/房补助","district":"朝阳区","companyShortName":"爱迪德","companyLabelList":["技能培训","年底双薪","股票期权","带薪年假"],"score":0,"companySize":"500-2000人","adWord":0},{"companyId":436,"businessZones":["酒仙桥","大山子","将台路"],"imState":"disabled","lastLogin":1472464796000,"publisherId":4880155,"explain":null,"plus":null,"pcShow":0,"appShow":0,"deliver":0,"gradeDescription":null,"companyFullName":"奇虎360科技有限公司","formatCreateTime":"1天前发布","positionName":"C++","workYear":"3-5年","education":"本科","jobNature":"全职","companyLogo":"image1/M00/26/1E/Cgo8PFVUDROAf7zrAABr5cEcbGQ572.jpg","salary":"20k-40k","city":"北京","financeStage":"上市公司","industryField":"移动互联网,游戏","positionId":1908786,"approve":1,"createTime":"2016-08-29 18:03:16","positionAdvantage":"极具竞争力的福利待遇，最核心的部门","district":"朝阳区","companyShortName":"360","companyLabelList":null,"score":0,"companySize":"50-150人","adWord":0},{"companyId":109474,"businessZones":["双桥"],"imState":"disabled","lastLogin":1472544982000,"publisherId":3478186,"explain":null,"plus":null,"pcShow":0,"appShow":0,"deliver":0,"gradeDescription":null,"companyFullName":"首汇焦点（北京）科技有限公司","formatCreateTime":"1天前发布","positionName":"中高级.net/C#开发工程师","workYear":"1-3年","education":"大专","jobNature":"全职","companyLogo":"i/image/M00/01/54/Cgp3O1ZnuXKAaRR5AAATL2qS7dU610.jpg","salary":"10k-20k","city":"北京","financeStage":"成长型(不需要融资)","industryField":"文化娱乐","positionId":2301635,"approve":0,"createTime":"2016-08-29 18:01:22","positionAdvantage":"五险一金、餐补、每年调薪机会、年底双薪","district":"朝阳区","companyShortName":"首汇焦点","companyLabelList":["定期体检","午餐补助","弹性工作","节日礼物"],"score":0,"companySize":"50-150人","adWord":0},{"companyId":108850,"businessZones":["常营","管庄"],"imState":"today","lastLogin":1472533596000,"publisherId":3410029,"explain":null,"plus":null,"pcShow":0,"appShow":0,"deliver":0,"gradeDescription":null,"companyFullName":"北京天创星图信息技术有限公司","formatCreateTime":"1天前发布","positionName":"C++软件开发","workYear":"1-3年","education":"本科","jobNature":"全职","companyLogo":"i/image/M00/01/0E/Cgp3O1ZeqeSAGuQjAAAYmpvnRwY806.jpg","salary":"10k-15k","city":"北京","financeStage":"初创型(未融资)","industryField":"移动互联网","positionId":1935220,"approve":1,"createTime":"2016-08-29 17:57:41","positionAdvantage":"五险一金带薪年假交通补助午饭补助定期体检","district":"朝阳区","companyShortName":"北京天创","companyLabelList":["交通补助","带薪年假","绩效奖金","午餐补助"],"score":0,"companySize":"50-150人","adWord":0},{"companyId":111795,"businessZones":["上地","西二旗","马连洼"],"imState":"disabled","lastLogin":1472463440000,"publisherId":3679440,"explain":null,"plus":null,"pcShow":0,"appShow":0,"deliver":0,"gradeDescription":null,"companyFullName":"金博特（北京）生物科技有限公司","formatCreateTime":"1天前发布","positionName":"高级C++软件开发工程师（VC方向）","workYear":"3-5年","education":"本科","jobNature":"全职","companyLogo":"i/image/M00/02/5B/Cgp3O1aM1DmAdENAAAF_ceUU37w134.png","salary":"8k-10k","city":"北京","financeStage":"初创型(未融资)","industryField":"医疗健康","positionId":1940197,"approve":0,"createTime":"2016-08-29 17:42:40","positionAdvantage":"5险1金绩效奖金交通补助带薪年假弹性工作","district":"海淀区","companyShortName":"金博特","companyLabelList":["午餐补助","绩效奖金","带薪年假","股票期权"],"score":0,"companySize":"少于15人","adWord":0},{"companyId":25027,"businessZones":["五道口","学院路","北航"],"imState":"today","lastLogin":1472585491000,"publisherId":298195,"explain":null,"plus":null,"pcShow":0,"appShow":0,"deliver":0,"gradeDescription":null,"companyFullName":"北京云江科技有限公司","formatCreateTime":"1天前发布","positionName":"反作弊工程师（c/c++/Python）","workYear":"不限","education":"本科","jobNature":"全职","companyLogo":"image1/M00/00/33/CgYXBlTUXJCAUBFJAAB1jD-5v4Q554.png","salary":"13k-25k","city":"北京","financeStage":"成长型(B轮)","industryField":"移动互联网,教育","positionId":1291693,"approve":1,"createTime":"2016-08-29 17:04:35","positionAdvantage":"弹性工作 零食水果 带薪年假 八险一金","district":"海淀区","companyShortName":"阿凡题","companyLabelList":["节日礼物","股票期权","民主公平","带薪年假"],"score":0,"companySize":"50-150人","adWord":0},{"companyId":9995,"businessZones":["西二旗","龙泽","回龙观"],"imState":"disabled","lastLogin":1472520881000,"publisherId":126853,"explain":null,"plus":null,"pcShow":0,"appShow":0,"deliver":0,"gradeDescription":null,"companyFullName":"北京天融信网络安全","formatCreateTime":"1天前发布","positionName":"C(Nginx)","workYear":"1-3年","education":"本科","jobNature":"全职","companyLogo":"i/image/M00/00/96/Cgp3O1ZOk2WAF-VNAABfjim7IyU208.jpg","salary":"10k-15k","city":"北京","financeStage":"上市公司","industryField":"信息安全","positionId":538823,"approve":1,"createTime":"2016-08-29 17:01:37","positionAdvantage":"只要你牛X全都听你的;产品中缺少你的灵感","district":"海淀区","companyShortName":"北京天融信公司","companyLabelList":["五险一金","弹性工作","交通补助","定期体检"],"score":0,"companySize":"2000人以上","adWord":0},{"companyId":27652,"businessZones":["团结湖","朝阳公园","三里屯"],"imState":"disabled","lastLogin":1472541229000,"publisherId":354510,"explain":null,"plus":null,"pcShow":0,"appShow":0,"deliver":0,"gradeDescription":null,"companyFullName":"北京网元圣唐娱乐科技有限公司","formatCreateTime":"1天前发布","positionName":"C++","workYear":"1-3年","education":"大专","jobNature":"全职","companyLogo":"image1/M00/00/3B/CgYXBlTUXLKABR5mAABkECARc4M152.jpg","salary":"10k-15k","city":"北京","financeStage":"初创型(未融资)","industryField":"游戏","positionId":2301016,"approve":0,"createTime":"2016-08-29 17:00:57","positionAdvantage":"年会","district":"朝阳区","companyShortName":"游戏吧","companyLabelList":["绩效奖金","五险一金","带薪年假","免费班车"],"score":0,"companySize":"150-500人","adWord":0},{"companyId":10391,"businessZones":["建外大街","国贸","CBD"],"imState":"disabled","lastLogin":1472550064000,"publisherId":132327,"explain":null,"plus":null,"pcShow":0,"appShow":0,"deliver":0,"gradeDescription":null,"companyFullName":"神瑞互动科技有限公司","formatCreateTime":"1天前发布","positionName":"c++/node.js服务器端程序","workYear":"1-3年","education":"大专","jobNature":"全职","companyLogo":"image1/M00/00/15/CgYXBlTUWECAWoGaAABHGHTYZLI367.png","salary":"9k-18k","city":"北京","financeStage":"初创型(天使轮)","industryField":"游戏","positionId":1035147,"approve":0,"createTime":"2016-08-29 16:55:50","positionAdvantage":"早九晚五 上五休二 五险一金 餐补","district":"朝阳区","companyShortName":"神瑞互动","companyLabelList":["绩效奖金","年终分红","专项奖金","五险一金"],"score":0,"companySize":"15-50人","adWord":0},{"companyId":50702,"businessZones":["望京","来广营"],"imState":"disabled","lastLogin":1472523691000,"publisherId":1471823,"explain":null,"plus":null,"pcShow":0,"appShow":0,"deliver":0,"gradeDescription":null,"companyFullName":"北京三快在线科技有限公司","formatCreateTime":"1天前发布","positionName":"高级产品经理（C端）（外卖产品-北京）","workYear":"3-5年","education":"本科","jobNature":"全职","companyLogo":"i/image/M00/4B/6C/CgqKkVefHv-AFoRzAAAuALF7ZZ0419.png","salary":"20k-40k","city":"北京","financeStage":"成熟型(D轮及以上)","industryField":"移动互联网,O2O","positionId":606116,"approve":1,"createTime":"2016-08-29 16:29:01","positionAdvantage":"上升空间大、业务发展好、高薪诚聘、有期权","district":"朝阳区","companyShortName":"美团点评","companyLabelList":["技能培训","绩效奖金","岗位晋升","领导好"],"score":0,"companySize":"2000人以上","adWord":0},{"companyId":129448,"businessZones":["酒仙桥","大山子","将台路"],"imState":"threeDays","lastLogin":1472458533000,"publisherId":5065762,"explain":null,"plus":null,"pcShow":0,"appShow":0,"deliver":0,"gradeDescription":null,"companyFullName":"北京新流万联网络技术有限公司","formatCreateTime":"1天前发布","positionName":"C/C++高级研发工程师","workYear":"1-3年","education":"本科","jobNature":"全职","companyLogo":"i/image/M00/2B/54/CgqKkVc0VaaAKCcbAAAZiCnfZUw438.jpg","salary":"15k-20k","city":"北京","financeStage":"初创型(未融资)","industryField":"移动互联网","positionId":1880632,"approve":0,"createTime":"2016-08-29 16:20:32","positionAdvantage":"五险一金,餐补,带薪年假,弹性工作","district":"朝阳区","companyShortName":"新流万联NGAA","companyLabelList":null,"score":0,"companySize":"15-50人","adWord":0},{"companyId":47830,"businessZones":null,"imState":"threeDays","lastLogin":1472458672000,"publisherId":547473,"explain":null,"plus":null,"pcShow":0,"appShow":0,"deliver":0,"gradeDescription":null,"companyFullName":"北京乐塔克科技有限公司","formatCreateTime":"1天前发布","positionName":"Go / C / NodeJS 服务器通信开发 实习","workYear":"不限","education":"不限","jobNature":"实习","companyLogo":"image1/M00/00/7C/CgYXBlTUXcCAOK5JAAAjiD8o-8A933.jpg","salary":"4k-8k","city":"北京","financeStage":"初创型(天使轮)","industryField":"数据服务","positionId":1747482,"approve":1,"createTime":"2016-08-29 16:18:17","positionAdvantage":"发展前景","district":null,"companyShortName":"乐塔克LearningTech","companyLabelList":["技能培训","专项奖金","带薪年假","扁平管理"],"score":0,"companySize":"少于15人","adWord":0}]}}}