{"success":true,"requestId":null,"msg":null,"resubmitToken":null,"content":{"pageNo":44,"pageSize":15,"positionResult":{"totalCount":1236,"resultSize":15,"locationInfo":{"queryByGisCode":false,"businessZone":null,"locationCode":null,"city":"北京","district":null},"queryAnalysisInfo":{"industryName":null,"usefulCompany":false,"positionName":"c","companyName":null},"strategyProperty":{"name":"dm-csearch-newSimScorer","id":1},"result":[{"companyId":4286,"positionName":"C++","workYear":"3-5年","education":"本科","jobNature":"全职","financeStage":"成熟型(不需要融资)","companyLogo":"image1/M00/00/0A/Cgo8PFTUWBeAP0x-AABLzvA2eJ0892.png","industryField":"移动互联网,游戏","companyShortName":"竞技世界","city":"北京","salary":"15k-26k","positionId":2122821,"positionAdvantage":"过节费，旅游，年终奖金，各种福利等着你！","district":"海淀区","createTime":"2016-08-23 09:04:03","companyLabelList":["节日礼物","技能培训","年底双薪","年度旅游"],"approve":1,"companySize":"500-2000人","score":0,"companyFullName":"竞技世界（北京）网络技术有限公司","adWord":0,"formatCreateTime":"2016-08-23","publisherId":41316,"explain":null,"plus":null,"pcShow":0,"appShow":0,"deliver":0,"gradeDescription":null,"businessZones":null,"imState":"today","lastLogin":1472553265000},{"companyId":116698,"positionName":"C++软件工程师（初级）","workYear":"1年以下","education":"本科","jobNature":"全职","financeStage":"初创型(未融资)","companyLogo":"i/image/M00/08/87/CgqKkVbQEI2ACmBoAAAICdWDNtU437.png","industryField":"信息安全,企业服务","companyShortName":"志成凌云","city":"北京","salary":"4k-7k","positionId":1520414,"positionAdvantage":"五险一金、补充医疗保险、年终奖。","district":"海淀区","createTime":"2016-08-22 17:02:40","companyLabelList":null,"approve":0,"companySize":"50-150人","score":0,"companyFullName":"志成凌云（北京）科技有限公司","adWord":0,"formatCreateTime":"2016-08-22","publisherId":4160501,"explain":null,"plus":null,"pcShow":0,"appShow":0,"deliver":0,"gradeDescription":null,"businessZones":["西直门","交通大学"],"imState":"disabled","lastLogin":1472198736000},{"companyId":9995,"positionName":"C（数据安全）","workYear":"1年以下","education":"本科","jobNature":"全职","financeStage":"上市公司","companyLogo":"i/image/M00/00/96/Cgp3O1ZOk2WAF-VNAABfjim7IyU208.jpg","industryField":"信息安全","companyShortName":"北京天融信公司","city":"北京","salary":"10k-15k","positionId":2146990,"positionAdvantage":"年终奖,七险一金,平台大","district":"海淀区","createTime":"2016-08-22 16:34:42","companyLabelList":["五险一金","弹性工作","交通补助","定期体检"],"approve":1,"companySize":"2000人以上","score":0,"companyFullName":"北京天融信网络安全","adWord":0,"formatCreateTime":"2016-08-22","publisherId":5630085,"explain":null,"plus":null,"pcShow":0,"appShow":0,"deliver":0,"gradeDescription":null,"businessZones":["西二旗"],"imState":"overSevenDays","lastLogin":1471488133000},{"companyId":140033,"positionName":"C","workYear":"不限","education":"本科","jobNature":"全职","financeStage":"上市公司","companyLogo":"i/image/M00/47/66/CgqKkVePQbKAAkBVAAA9bKilxpk300.png","industryField":"移动互联网","companyShortName":"北京联合永道软件股份有限公司","city":"北京","salary":"6k-8k","positionId":2271468,"positionAdvantage":"五险一金,餐补,带薪年假,带薪病假等","district":"海淀区","createTime":"2016-08-22 16:30:05","companyLabelList":null,"approve":0,"companySize":"500-2000人","score":0,"companyFullName":"北京联合永道软件股份有限公司","adWord":0,"formatCreateTime":"2016-08-22","publisherId":5932973,"explain":null,"plus":null,"pcShow":0,"appShow":0,"deliver":0,"gradeDescription":null,"businessZones":["西二旗","龙泽","回龙观"],"imState":"overSevenDays","lastLogin":1471940667000},{"companyId":23291,"positionName":"资深c/c++系统研发工程师-存储方向","workYear":"3-5年","education":"本科","jobNature":"全职","financeStage":"成熟型(C轮)","companyLogo":"image1/M00/00/2D/Cgo8PFTUXHmAQ6K2AAA-xp7F-7c908.jpg","industryField":"移动互联网,硬件","companyShortName":"美图公司","city":"北京","salary":"15k-30k","positionId":509919,"positionAdvantage":"海量数据平台 亿级用户数 火箭般的成长速度","district":"海淀区","createTime":"2016-08-22 15:07:36","companyLabelList":["节日礼物","与大牛共事","福利健全","五险一金"],"approve":1,"companySize":"500-2000人","score":0,"companyFullName":"厦门美图之家科技有限公司","adWord":0,"formatCreateTime":"2016-08-22","publisherId":272753,"explain":null,"plus":null,"pcShow":0,"appShow":0,"deliver":0,"gradeDescription":null,"businessZones":["奥运村","北沙滩","二里庄"],"imState":"threeDays","lastLogin":1472457802000},{"companyId":145131,"positionName":"C# JAVA","workYear":"1-3年","education":"本科","jobNature":"全职","financeStage":"初创型(未融资)","companyLogo":"i/image/M00/52/0F/Cgp3O1e6nzuAFDyYAAAMfaqylXU746.jpg","industryField":"移动互联网,游戏","companyShortName":"一家新兴的互联网科技公司","city":"北京","salary":"20k-30k","positionId":2270536,"positionAdvantage":"温馨的办公环境+节日福利+年底双薪+饭补","district":"朝阳区","createTime":"2016-08-22 15:06:53","companyLabelList":null,"approve":0,"companySize":"15-50人","score":0,"companyFullName":"北京游戏计划网络科技有限公司","adWord":0,"formatCreateTime":"2016-08-22","publisherId":5963211,"explain":null,"plus":null,"pcShow":0,"appShow":0,"deliver":0,"gradeDescription":null,"businessZones":["大屯","奥运村","亚运村"],"imState":"disabled","lastLogin":1472537248000},{"companyId":4158,"positionName":"C++开发","workYear":"1-3年","education":"本科","jobNature":"全职","financeStage":"成长型(A轮)","companyLogo":"image1/M00/00/0A/CgYXBlTUWBaAX5ybAACq-EA7pSc619.jpg","industryField":"移动互联网,电子商务","companyShortName":"美秒科技","city":"北京","salary":"10k-15k","positionId":2270299,"positionAdvantage":"发展好、氛围棒、福利好、领导棒","district":"海淀区","createTime":"2016-08-22 14:45:02","companyLabelList":["交通补助","股票期权","弹性工作","免费晚餐"],"approve":1,"companySize":"15-50人","score":0,"companyFullName":"北京美秒科技有限公司","adWord":0,"formatCreateTime":"2016-08-22","publisherId":71928,"explain":null,"plus":null,"pcShow":0,"appShow":0,"deliver":0,"gradeDescription":null,"businessZones":["西二旗","龙泽","回龙观"],"imState":"today","lastLogin":1472551672000},{"companyId":25592,"positionName":"广告引擎开发工程师（linux C++/Java）","workYear":"1-3年","education":"本科","jobNature":"全职","financeStage":"上市公司","companyLogo":"image1/M00/00/35/Cgo8PFTUXJeAJhm5AAAyDX2QCwc674.jpg","industryField":"文化娱乐","companyShortName":"新浪网","city":"北京","salary":"15k-25k","positionId":970119,"positionAdvantage":"大数据量、亿级用户、高并发和高性能","district":"海淀区","createTime":"2016-08-22 14:44:31","companyLabelList":["免费班车","岗位晋升","五险一金","定期体检"],"approve":1,"companySize":"2000人以上","score":0,"companyFullName":"新浪网技术（中国）有限公司","adWord":0,"formatCreateTime":"2016-08-22","publisherId":2274311,"explain":null,"plus":null,"pcShow":0,"appShow":0,"deliver":0,"gradeDescription":null,"businessZones":["西北旺","上地"],"imState":"disabled","lastLogin":1472538950000},{"companyId":123777,"positionName":"c/c++开发工程师","workYear":"3-5年","education":"大专","jobNature":"全职","financeStage":"成熟型(不需要融资)","companyLogo":"i/image/M00/2E/03/CgqKkVc9jmCAI8DpAAD09YLPnBk157.png","industryField":"电子商务,企业服务","companyShortName":"通力互联","city":"北京","salary":"10k-16k","positionId":1938643,"positionAdvantage":"薪资优越 晋升空间大 办公环境好","district":"朝阳区","createTime":"2016-08-22 14:21:36","companyLabelList":["绩效奖金","交通补助","定期体检","通讯津贴"],"approve":0,"companySize":"2000人以上","score":0,"companyFullName":"北京通力互联技术服务有限公司","adWord":0,"formatCreateTime":"2016-08-22","publisherId":5180986,"explain":null,"plus":null,"pcShow":0,"appShow":0,"deliver":0,"gradeDescription":null,"businessZones":["望京","花家地","大山子"],"imState":"disabled","lastLogin":1472530443000},{"companyId":17313,"positionName":"C#实习生","workYear":"1年以下","education":"大专","jobNature":"实习","financeStage":"初创型(不需要融资)","companyLogo":"image1/M00/00/20/Cgo8PFTUWG-AdJGaAAApeH95wAs099.jpg","industryField":"企业服务","companyShortName":"金数通（北京）科技有限公司","city":"北京","salary":"3k-6k","positionId":2106591,"positionAdvantage":"福利好,团队融洽,十四薪","district":null,"createTime":"2016-08-22 13:19:00","companyLabelList":["技能培训","专项奖金","股票期权","带薪年假"],"approve":0,"companySize":"少于15人","score":0,"companyFullName":"金数通（北京）科技有限公司","adWord":0,"formatCreateTime":"2016-08-22","publisherId":200397,"explain":null,"plus":null,"pcShow":0,"appShow":0,"deliver":0,"gradeDescription":null,"businessZones":null,"imState":"overSevenDays","lastLogin":1471948250000},{"companyId":121937,"positionName":"C++开发工程师","workYear":"1-3年","education":"本科","jobNature":"全职","financeStage":"上市公司","companyLogo":"i/image/M00/19/F8/CgqKkVb4_VOAVjWeAACUkkscMEk577.png","industryField":"文化娱乐","companyShortName":"shambala","city":"北京","salary":"10k-20k","positionId":2269498,"positionAdvantage":"VR相关，发挥空间大，团队技术实力强","district":"海淀区","createTime":"2016-08-22 13:18:23","companyLabelList":["带薪年假","定期体检","津贴","年终奖"],"approve":0,"companySize":"150-500人","score":0,"companyFullName":"东方梦幻文化产业投资有限公司","adWord":0,"formatCreateTime":"2016-08-22","publisherId":4663920,"explain":null,"plus":null,"pcShow":0,"appShow":0,"deliver":0,"gradeDescription":null,"businessZones":["中关村","知春路","双榆树"],"imState":"disabled","lastLogin":1472551277000},{"companyId":43254,"positionName":"C++开发工程师","workYear":"3-5年","education":"本科","jobNature":"全职","financeStage":"初创型(天使轮)","companyLogo":"i/image/M00/40/3A/CgqKkVd6IZaAIrD3AAA25SwbQEc909.jpg","industryField":"游戏,文化娱乐","companyShortName":"七维科技","city":"北京","salary":"10k-15k","positionId":2123422,"positionAdvantage":"五险一金 带薪年假 用餐补助 AR VR","district":"东城区","createTime":"2016-08-22 12:53:16","companyLabelList":["技能培训","带薪年假","绩效奖金","岗位晋升"],"approve":1,"companySize":"50-150人","score":0,"companyFullName":"北京七维视觉科技有限公司","adWord":0,"formatCreateTime":"2016-08-22","publisherId":815110,"explain":null,"plus":null,"pcShow":0,"appShow":0,"deliver":0,"gradeDescription":null,"businessZones":["和平里","雍和宫","安定门"],"imState":"sevenDays","lastLogin":1472087472000},{"companyId":127137,"positionName":"C++","workYear":"1-3年","education":"大专","jobNature":"全职","financeStage":"初创型(未融资)","companyLogo":"i/image/M00/26/DE/CgqKkVcjHOWAa6LIAABs6-CND9Y808.png","industryField":"其他","companyShortName":"深圳智装","city":"北京","salary":"8k-12k","positionId":2269280,"positionAdvantage":"薪资待遇高 福利好 发展稳定","district":"丰台区","createTime":"2016-08-22 12:19:17","companyLabelList":["年底双薪","股票期权","绩效奖金","年终分红"],"approve":0,"companySize":"50-150人","score":0,"companyFullName":"深圳智装科技有限公司","adWord":0,"formatCreateTime":"2016-08-22","publisherId":3776891,"explain":null,"plus":null,"pcShow":0,"appShow":0,"deliver":0,"gradeDescription":null,"businessZones":["西客站","六里桥","太平桥"],"imState":"disabled","lastLogin":1472460116000},{"companyId":62668,"positionName":"实习C++工程师","workYear":"应届毕业生","education":"本科","jobNature":"实习","financeStage":"成长型(B轮)","companyLogo":"i/image/M00/01/6D/Cgp3O1ZqZFeAL2xeAAAtSuTFcUw887.jpg","industryField":"教育","companyShortName":"嗨学网","city":"北京","salary":"3k-6k","positionId":1720738,"positionAdvantage":"弹性工作制 发展空间大 可转正","district":"朝阳区","createTime":"2016-08-22 11:45:11","companyLabelList":["技能培训","节日礼物","带薪年假","绩效奖金"],"approve":1,"companySize":"500-2000人","score":0,"companyFullName":"北京嗨学网教育科技有限公司","adWord":0,"formatCreateTime":"2016-08-22","publisherId":215211,"explain":null,"plus":null,"pcShow":0,"appShow":0,"deliver":0,"gradeDescription":null,"businessZones":["北苑","立水桥"],"imState":"today","lastLogin":1472566880000},{"companyId":75712,"positionName":"C# 软件工程师 北京","workYear":"1年以下","education":"本科","jobNature":"全职","financeStage":"上市公司","companyLogo":"i/image/M00/00/0E/CgqKkVYmOHmALFVKAAATmnL1nC0474.jpg","industryField":"企业服务,金融","companyShortName":"宝硕友盈","city":"北京","salary":"7k以上","positionId":779774,"positionAdvantage":"金融IT行业，职业生涯的加油站！","district":"西城区","createTime":"2016-08-22 11:09:06","companyLabelList":["技能培训","专项奖金","绩效奖金","岗位晋升"],"approve":1,"companySize":"150-500人","score":0,"companyFullName":"友盈（上海）信息技术有限公司","adWord":0,"formatCreateTime":"2016-08-22","publisherId":1894057,"explain":null,"plus":null,"pcShow":0,"appShow":0,"deliver":0,"gradeDescription":null,"businessZones":["阜成门","南礼士路","月坛"],"imState":"today","lastLogin":1472550815000}]}},"code":0}