{"success":true,"requestId":null,"msg":null,"resubmitToken":null,"content":{"pageNo":37,"pageSize":15,"positionResult":{"totalCount":1236,"resultSize":15,"locationInfo":{"city":"北京","district":null,"queryByGisCode":false,"businessZone":null,"locationCode":null},"queryAnalysisInfo":{"positionName":"c","companyName":null,"usefulCompany":false,"industryName":null},"strategyProperty":{"name":"dm-csearch-newSimScorer","id":1},"result":[{"companyId":137148,"companyShortName":"中教数据库","createTime":"2016-08-24 10:51:40","positionId":2062482,"positionAdvantage":"双休、五险、法定假日、绩效奖金、全勤奖","salary":"10k-15k","score":0,"workYear":"1-3年","education":"本科","city":"北京","positionName":"C#","companyLogo":"i/image/M00/40/8F/Cgp3O1d7FsSAJlbDAAAYAlj7yCU065.jpg","financeStage":"初创型(未融资)","industryField":"教育","jobNature":"全职","approve":0,"companySize":"150-500人","district":"房山区","companyLabelList":["专项奖金","绩效奖金","年终分红","带薪年假"],"adWord":0,"appShow":0,"deliver":0,"formatCreateTime":"2016-08-24","gradeDescription":null,"companyFullName":"中科宏宇（北京）文化发展有限公司","businessZones":["长阳","良乡"],"imState":"overSevenDays","lastLogin":1471256050000,"publisherId":5535957,"explain":null,"plus":null,"pcShow":0},{"companyId":84604,"companyShortName":"Verycloud-云端网络","createTime":"2016-08-24 10:05:05","positionId":2163341,"positionAdvantage":"期权激励,年底多薪,五险一金,弹性","salary":"15k-30k","score":0,"workYear":"3-5年","education":"大专","city":"北京","positionName":"Linux C/C++的招聘需求","companyLogo":"image1/M00/3B/51/CgYXBlWwRFyAZumuAAAK9B535MM920.JPG?cc=0.7115170346502397","financeStage":"上市公司","industryField":"移动互联网,数据服务","jobNature":"全职","approve":0,"companySize":"150-500人","district":"朝阳区","companyLabelList":["专项奖金","带薪年假","岗位晋升","管理规范"],"adWord":0,"appShow":0,"deliver":0,"formatCreateTime":"2016-08-24","gradeDescription":null,"companyFullName":"Verycloud-云端网络","businessZones":null,"imState":"sevenDays","lastLogin":1472003563000,"publisherId":3091919,"explain":null,"plus":null,"pcShow":0},{"companyId":40459,"companyShortName":"SenseTime","createTime":"2016-08-24 09:48:08","positionId":1794607,"positionAdvantage":"发展空间 技术大牛 弹性工作 休闲餐点","salary":"15k-30k","score":0,"workYear":"3-5年","education":"本科","city":"北京","positionName":"C++开发工程师（监控视频分析方向）","companyLogo":"image1/M00/09/16/CgYXBlTZ3NWAf2r4AABF8mR1rac247.jpg","financeStage":"成长型(A轮)","industryField":"移动互联网","jobNature":"全职","approve":1,"companySize":"500-2000人","district":"海淀区","companyLabelList":["五险一金","弹性工作","丰盛三餐","发展空间大"],"adWord":0,"appShow":0,"deliver":0,"formatCreateTime":"2016-08-24","gradeDescription":null,"companyFullName":"北京市商汤科技开发有限公司","businessZones":["五道口","清华大学","中关村"],"imState":"today","lastLogin":1472551452000,"publisherId":742249,"explain":null,"plus":null,"pcShow":0},{"companyId":701,"companyShortName":"亿玛在线-互联网营销领航者","createTime":"2016-08-24 09:44:59","positionId":1271458,"positionAdvantage":"12年，上市，中国最大的电商大数据交易平台","salary":"15k-25k","score":0,"workYear":"1-3年","education":"本科","city":"北京","positionName":"C++开发工程师","companyLogo":"image1/M00/00/04/Cgo8PFTUV_2APkHsAAATfxnET1o764.gif","financeStage":"上市公司","industryField":"移动互联网,电子商务","jobNature":"全职","approve":1,"companySize":"500-2000人","district":"朝阳区","companyLabelList":["技能培训","绩效奖金","年度旅游","岗位晋升"],"adWord":0,"appShow":0,"deliver":0,"formatCreateTime":"2016-08-24","gradeDescription":null,"companyFullName":"北京亿玛在线科技有限公司","businessZones":["管庄","双桥"],"imState":"today","lastLogin":1472545532000,"publisherId":1692560,"explain":null,"plus":null,"pcShow":0},{"companyId":50702,"companyShortName":"美团点评","createTime":"2016-08-24 09:34:53","positionId":1912161,"positionAdvantage":"O2O，技术控","salary":"20k-40k","score":0,"workYear":"3-5年","education":"本科","city":"北京","positionName":"服务端高级Java研发工程师-旅游C端","companyLogo":"i/image/M00/4B/6C/CgqKkVefHv-AFoRzAAAuALF7ZZ0419.png","financeStage":"成熟型(D轮及以上)","industryField":"移动互联网,O2O","jobNature":"全职","approve":1,"companySize":"2000人以上","district":"朝阳区","companyLabelList":["技能培训","绩效奖金","岗位晋升","领导好"],"adWord":0,"appShow":0,"deliver":0,"formatCreateTime":"2016-08-24","gradeDescription":null,"companyFullName":"北京三快在线科技有限公司","businessZones":["望京","来广营"],"imState":"today","lastLogin":1472576110000,"publisherId":1979411,"explain":null,"plus":null,"pcShow":0},{"companyId":54515,"companyShortName":"联想","createTime":"2016-08-24 09:34:33","positionId":2072473,"positionAdvantage":"五险一金、节假日福利、补助、奖金","salary":"10k-15k","score":0,"workYear":"1-3年","education":"本科","city":"北京","positionName":"C#开发工程师","companyLogo":"image1/M00/0C/F8/Cgo8PFT2oIuAcBBxAABQTeHQQQY940.png","financeStage":"上市公司","industryField":"移动互联网","jobNature":"全职","approve":1,"companySize":"2000人以上","district":"海淀区","companyLabelList":["节日礼物","免费班车","带薪年假","绩效奖金"],"adWord":0,"appShow":0,"deliver":0,"formatCreateTime":"2016-08-24","gradeDescription":null,"companyFullName":"北京联想调频科技有限公司","businessZones":["西二旗","龙泽","回龙观"],"imState":"disabled","lastLogin":1472109281000,"publisherId":5545626,"explain":null,"plus":null,"pcShow":0},{"companyId":97238,"companyShortName":"比威网络技术有限公司","createTime":"2016-08-24 09:27:07","positionId":1818073,"positionAdvantage":"高薪诚聘嵌入式软件开发人员","salary":"5k-10k","score":0,"workYear":"不限","education":"本科","city":"北京","positionName":"C","companyLogo":"image2/M00/07/D5/CgqLKVYAxBiARcgOAABaKjYjFso273.gif?cc=0.6650173212401569","financeStage":"成长型(不需要融资)","industryField":"移动互联网,信息安全","jobNature":"全职","approve":0,"companySize":"50-150人","district":"海淀区","companyLabelList":["技能培训","年底双薪","带薪年假","年度旅游"],"adWord":0,"appShow":0,"deliver":0,"formatCreateTime":"2016-08-24","gradeDescription":null,"companyFullName":"比威网络技术有限公司","businessZones":["五道口","清华大学","中关村"],"imState":"disabled","lastLogin":1472536697000,"publisherId":5070127,"explain":null,"plus":null,"pcShow":0},{"companyId":69419,"companyShortName":"煜邦电力","createTime":"2016-08-24 09:25:38","positionId":2147260,"positionAdvantage":"电力行业股改完成拟上市公司，情景广阔","salary":"7k-13k","score":0,"workYear":"1-3年","education":"大专","city":"北京","positionName":"C语言工程师","companyLogo":"image1/M00/25/DC/Cgo8PFVS7wmAUcXCAACRzAcOFpg858.png","financeStage":"成长型(B轮)","industryField":"硬件","jobNature":"全职","approve":1,"companySize":"500-2000人","district":"朝阳区","companyLabelList":["节日礼物","技能培训","绩效奖金","岗位晋升"],"adWord":0,"appShow":0,"deliver":0,"formatCreateTime":"2016-08-24","gradeDescription":null,"companyFullName":"北京煜邦电力技术股份有限公司","businessZones":["安贞","和平街","和平里"],"imState":"disabled","lastLogin":1472549159000,"publisherId":1685011,"explain":null,"plus":null,"pcShow":0},{"companyId":24406,"companyShortName":"方正电子","createTime":"2016-08-24 09:23:04","positionId":2164120,"positionAdvantage":"福利好，平台大，工作氛围棒","salary":"15k-25k","score":0,"workYear":"3-5年","education":"不限","city":"北京","positionName":"C++高级开发工程师(000906)","companyLogo":"image1/M00/0A/CF/CgYXBlTwPYqAeGHBAABJwkw8Z8I860.jpg","financeStage":"上市公司","industryField":"移动互联网,数据服务","jobNature":"全职","approve":1,"companySize":"500-2000人","district":"海淀区","companyLabelList":["技能培训","免费班车","岗位晋升","管理规范"],"adWord":0,"appShow":0,"deliver":0,"formatCreateTime":"2016-08-24","gradeDescription":null,"companyFullName":"北京北大方正电子有限公司","businessZones":null,"imState":"today","lastLogin":1472553365000,"publisherId":293674,"explain":null,"plus":null,"pcShow":0},{"companyId":127068,"companyShortName":"极限元","createTime":"2016-08-24 09:22:18","positionId":1915545,"positionAdvantage":"五险一金 弹性工作 水果晚餐 节日福利","salary":"15k-25k","score":0,"workYear":"3-5年","education":"本科","city":"北京","positionName":"C++服务器开发工程师","companyLogo":"i/image/M00/28/D5/CgqKkVcsQ_6AcCUaAAAQtNXau9Y736.png","financeStage":"初创型(天使轮)","industryField":"硬件","jobNature":"全职","approve":0,"companySize":"15-50人","district":"海淀区","companyLabelList":["五险一金","水果软饮","加班晚餐","带薪年假"],"adWord":0,"appShow":0,"deliver":0,"formatCreateTime":"2016-08-24","gradeDescription":null,"companyFullName":"极限元（北京）智能科技有限公司","businessZones":["上地","马连洼","西二旗"],"imState":"sevenDays","lastLogin":1472011004000,"publisherId":4927479,"explain":null,"plus":null,"pcShow":0},{"companyId":3866,"companyShortName":"联想利泰","createTime":"2016-08-24 09:14:45","positionId":1149223,"positionAdvantage":"五险一金，带薪年假，双休，生活交通便利","salary":"10k-15k","score":0,"workYear":"3-5年","education":"本科","city":"北京","positionName":"C++工程师（五道口）","companyLogo":"i/image/M00/2B/98/Cgp3O1c1ZdaAIjU3AAA7TsArYD4046.PNG","financeStage":"初创型(未融资)","industryField":"移动互联网,招聘","jobNature":"全职","approve":1,"companySize":"500-2000人","district":"海淀区","companyLabelList":["节日礼物","带薪年假","岗位晋升","领导好"],"adWord":0,"appShow":0,"deliver":0,"formatCreateTime":"2016-08-24","gradeDescription":null,"companyFullName":"北京联想利泰软件有限公司","businessZones":["五道口","清华大学","中关村"],"imState":"disabled","lastLogin":1472556260000,"publisherId":433948,"explain":null,"plus":null,"pcShow":0},{"companyId":79983,"companyShortName":"希格玛仿真","createTime":"2016-08-24 09:12:06","positionId":2088389,"positionAdvantage":"五险、双休、年假","salary":"10k-15k","score":0,"workYear":"1-3年","education":"本科","city":"北京","positionName":"C#","companyLogo":"image1/M00/33/0F/Cgo8PFWSUnCAR6GCAAAoVx5ARXk273.png?cc=0.4898386048153043","financeStage":"初创型(未融资)","industryField":"移动互联网,数据服务","jobNature":"全职","approve":0,"companySize":"少于15人","district":"朝阳区","companyLabelList":["绩效奖金","岗位晋升","领导好","交通补助"],"adWord":0,"appShow":0,"deliver":0,"formatCreateTime":"2016-08-24","gradeDescription":null,"companyFullName":"北京希格玛仿真技术有限公司","businessZones":["四惠","百子湾","大望路"],"imState":"disabled","lastLogin":1472001017000,"publisherId":4703991,"explain":null,"plus":null,"pcShow":0},{"companyId":28723,"companyShortName":"苏宁北研","createTime":"2016-08-24 09:08:28","positionId":1337185,"positionAdvantage":"广阔的发展空间，完善的福利制度。","salary":"15k-30k","score":0,"workYear":"5-10年","education":"本科","city":"北京","positionName":"高级C++开发工程师","companyLogo":"images/logo_default.png","financeStage":"上市公司","industryField":"移动互联网,电子商务","jobNature":"全职","approve":0,"companySize":"2000人以上","district":"朝阳区","companyLabelList":["专项奖金","五险一金","带薪年假","免费班车"],"adWord":0,"appShow":0,"deliver":0,"formatCreateTime":"2016-08-24","gradeDescription":null,"companyFullName":"苏宁云商集团IT总部北京研发中心","businessZones":["望京","来广营"],"imState":"disabled","lastLogin":1472528261000,"publisherId":1716229,"explain":null,"plus":null,"pcShow":0},{"companyId":63045,"companyShortName":"同方知网数字出版技术股份有限公司","createTime":"2016-08-24 09:00:50","positionId":891362,"positionAdvantage":"五险二金、年假、免费早午餐、住宿。","salary":"8k-16k","score":0,"workYear":"1-3年","education":"本科","city":"北京","positionName":"C#软件工程师","companyLogo":"images/logo_default.png","financeStage":"初创型(未融资)","industryField":"教育","jobNature":"全职","approve":0,"companySize":"2000人以上","district":"海淀区","companyLabelList":["节日礼物","免费班车","绩效奖金","扁平管理"],"adWord":0,"appShow":0,"deliver":0,"formatCreateTime":"2016-08-24","gradeDescription":null,"companyFullName":"同方知网数字出版技术股份有限公司","businessZones":["清河","西三旗","小营"],"imState":"disabled","lastLogin":1472543040000,"publisherId":2127797,"explain":null,"plus":null,"pcShow":0},{"companyId":138604,"companyShortName":"信大捷安北京分公司","createTime":"2016-08-24 08:50:58","positionId":2121069,"positionAdvantage":"五险一金 薪酬福利好 平台好 晋升空间大","salary":"15k-25k","score":0,"workYear":"5-10年","education":"本科","city":"北京","positionName":"Windows平台C开发","companyLogo":"i/image/M00/45/1E/Cgp3O1eHQD6AGsevAABvc46nAoM367.gif","financeStage":"成长型(不需要融资)","industryField":"移动互联网,信息安全","jobNature":"全职","approve":0,"companySize":"150-500人","district":"海淀区","companyLabelList":["带薪年假","午餐补助","交通补助","定期体检"],"adWord":0,"appShow":0,"deliver":0,"formatCreateTime":"2016-08-24","gradeDescription":null,"companyFullName":"郑州信大捷安信息技术股份有限公司北京分公司","businessZones":["中关村","知春路","双榆树"],"imState":"disabled","lastLogin":1471999846000,"publisherId":5626543,"explain":null,"plus":null,"pcShow":0}]}},"code":0}