{"success":true,"requestId":null,"msg":null,"resubmitToken":null,"content":{"pageNo":58,"pageSize":15,"positionResult":{"totalCount":1236,"resultSize":15,"locationInfo":{"city":"北京","district":null,"queryByGisCode":false,"businessZone":null,"locationCode":null},"queryAnalysisInfo":{"positionName":"c","companyName":null,"usefulCompany":false,"industryName":null},"strategyProperty":{"name":"dm-csearch-newSimScorer","id":1},"result":[{"companyId":5323,"companyShortName":"天元特通","createTime":"2016-08-15 13:46:42","positionId":1162632,"positionAdvantage":"全额五险一金","salary":"8k-16k","score":0,"workYear":"不限","education":"本科","city":"北京","positionName":"Linux C开发（全额五险一金 急聘）","companyLogo":"image2/M00/04/06/CgqLKVXv_QqABhLUAAAIz5ccW1g839.jpg","financeStage":"成长型(B轮)","industryField":"企业服务","jobNature":"全职","approve":0,"companySize":"50-150人","district":"朝阳区","companyLabelList":["节日礼物","技能培训","绩效奖金","年度旅游"],"adWord":0,"appShow":0,"deliver":0,"formatCreateTime":"2016-08-15","gradeDescription":null,"companyFullName":"北京天元特通科技有限公司","businessZones":["小关","安慧桥","安贞"],"imState":"today","lastLogin":1472519307000,"publisherId":1568333,"explain":null,"plus":null,"pcShow":0},{"companyId":143048,"companyShortName":"共友时代","createTime":"2016-08-12 10:48:40","positionId":2229663,"positionAdvantage":"五险一金，带薪年假，管吃，团队建设等！","salary":"10k-12k","score":0,"workYear":"1-3年","education":"不限","city":"北京","positionName":"C#","companyLogo":"i/image/M00/4E/3B/Cgp3O1eqjK6ABbnBAAAo6SvzlGM735.png","financeStage":"初创型(未融资)","industryField":"移动互联网,电子商务","jobNature":"全职","approve":1,"companySize":"50-150人","district":null,"companyLabelList":null,"adWord":0,"appShow":0,"deliver":0,"formatCreateTime":"2016-08-12","gradeDescription":null,"companyFullName":"共友时代（北京）科技股份有限公司","businessZones":null,"imState":"disabled","lastLogin":1471310025000,"publisherId":5871605,"explain":null,"plus":null,"pcShow":0},{"companyId":110759,"companyShortName":"北京国能日新","createTime":"2016-08-11 20:18:26","positionId":1936836,"positionAdvantage":"优于行业的薪资福利","salary":"5k-10k","score":0,"workYear":"3-5年","education":"本科","city":"北京","positionName":"C++开发工程师","companyLogo":"i/image/M00/01/C8/Cgp3O1Z3mmqAXX3yAAAmjP6XrXQ829.png","financeStage":"成长型(不需要融资)","industryField":"其他,企业服务","jobNature":"全职","approve":0,"companySize":"150-500人","district":"朝阳区","companyLabelList":["绩效奖金","定期体检","带薪年假","午餐补助"],"adWord":0,"appShow":0,"deliver":0,"formatCreateTime":"2016-08-11","gradeDescription":null,"companyFullName":"北京国能日新系统控制技术有限公司","businessZones":["奥运村","北沙滩"],"imState":"disabled","lastLogin":1471239943000,"publisherId":3599399,"explain":null,"plus":null,"pcShow":0},{"companyId":54861,"companyShortName":"街觅","createTime":"2016-08-11 16:49:33","positionId":2089782,"positionAdvantage":"五险一金,生活补助,扁平化,弹性制","salary":"12k-16k","score":0,"workYear":"3-5年","education":"本科","city":"北京","positionName":"C#","companyLogo":"i/image/M00/00/6A/Cgp3O1ZJaSqATvIEAAAdUHST-ds294.png","financeStage":"初创型(未融资)","industryField":"移动互联网,电子商务","jobNature":"全职","approve":1,"companySize":"15-50人","district":"海淀区","companyLabelList":["年底双薪","技能培训","节日礼物","绩效奖金"],"adWord":0,"appShow":0,"deliver":0,"formatCreateTime":"2016-08-11","gradeDescription":null,"companyFullName":"街觅（北京）科技有限公司","businessZones":["颐和园","苏州街","万泉河"],"imState":"overSevenDays","lastLogin":1471571788000,"publisherId":1334924,"explain":null,"plus":null,"pcShow":0},{"companyId":23687,"companyShortName":"格灵深瞳","createTime":"2016-08-11 16:42:20","positionId":1521318,"positionAdvantage":"革命性产品 大牛团队 发展潜力大","salary":"20k-30k","score":0,"workYear":"3-5年","education":"本科","city":"北京","positionName":"系统工程师/资深系统工程师（C++）","companyLogo":"image1/M00/00/2F/CgYXBlTUXH6AFPPbAABPUd7_ip0620.png","financeStage":"成长型(B轮)","industryField":"企业服务,数据服务","jobNature":"全职","approve":0,"companySize":"50-150人","district":"海淀区","companyLabelList":["技能培训","节日礼物","玩乐项目多","岗位晋升"],"adWord":0,"appShow":0,"deliver":0,"formatCreateTime":"2016-08-11","gradeDescription":null,"companyFullName":"格灵深瞳信息技术有限公司","businessZones":["颐和园"],"imState":"disabled","lastLogin":1472469926000,"publisherId":248729,"explain":null,"plus":null,"pcShow":0},{"companyId":125412,"companyShortName":"北京十六进制科技有限公司","createTime":"2016-08-11 16:10:34","positionId":2165936,"positionAdvantage":"转正后五险一金","salary":"6k-8k","score":0,"workYear":"1-3年","education":"本科","city":"北京","positionName":"C#","companyLogo":"i/image/M00/22/58/CgqKkVcUoF2ANUvCAAA2xsSEZ3M587.jpg","financeStage":"初创型(未融资)","industryField":"教育","jobNature":"全职","approve":0,"companySize":"15-50人","district":"海淀区","companyLabelList":null,"adWord":0,"appShow":0,"deliver":0,"formatCreateTime":"2016-08-11","gradeDescription":null,"companyFullName":"北京十六进制科技有限公司","businessZones":["五道口","学院路","北航"],"imState":"disabled","lastLogin":1472172148000,"publisherId":4844167,"explain":null,"plus":null,"pcShow":0},{"companyId":31686,"companyShortName":"浙江易停控股有限公司","createTime":"2016-08-11 15:23:46","positionId":1896679,"positionAdvantage":"高薪 发展前景广阔","salary":"20k-30k","score":0,"workYear":"3-5年","education":"本科","city":"北京","positionName":"C++","companyLogo":"image1/M00/1F/C5/CgYXBlU0v52AAahOAABa9C0bmdE444.jpg","financeStage":"成熟型(不需要融资)","industryField":"生活服务","jobNature":"全职","approve":0,"companySize":"2000人以上","district":"海淀区","companyLabelList":["技能培训","节日礼物","绩效奖金","岗位晋升"],"adWord":0,"appShow":0,"deliver":0,"formatCreateTime":"2016-08-11","gradeDescription":null,"companyFullName":"浙江吉利汽车","businessZones":["上地","西二旗","马连洼"],"imState":"overSevenDays","lastLogin":1471420190000,"publisherId":2070132,"explain":null,"plus":null,"pcShow":0},{"companyId":24022,"companyShortName":"容联云通讯","createTime":"2016-08-11 14:36:54","positionId":2062955,"positionAdvantage":"五险一金 年底双薪","salary":"12k-15k","score":0,"workYear":"1-3年","education":"大专","city":"北京","positionName":"C++开发工程师","companyLogo":"image1/M00/00/30/Cgo8PFTUXIOABuGaAAA6UOSKoT4369.jpg","financeStage":"成长型(B轮)","industryField":"移动互联网,数据服务","jobNature":"全职","approve":1,"companySize":"150-500人","district":"朝阳区","companyLabelList":["年底双薪","五险一金","带薪年假","节日礼物"],"adWord":0,"appShow":0,"deliver":0,"formatCreateTime":"2016-08-11","gradeDescription":null,"companyFullName":"北京容联易通信息技术有限公司","businessZones":["望京","花家地","来广营"],"imState":"disabled","lastLogin":1472433838000,"publisherId":5237420,"explain":null,"plus":null,"pcShow":0},{"companyId":24314,"companyShortName":"信云科技TrustCloud","createTime":"2016-08-11 13:48:27","positionId":1906620,"positionAdvantage":"云科技，职业发展。","salary":"15k-20k","score":0,"workYear":"5-10年","education":"本科","city":"北京","positionName":"C#","companyLogo":"image1/M00/38/E1/Cgo8PFWnKm-AO3M9AAAGvLTvcmU088.png","financeStage":"成长型(A轮)","industryField":"数据服务","jobNature":"全职","approve":1,"companySize":"15-50人","district":null,"companyLabelList":["股票期权","五险一金","交通补助","扁平管理"],"adWord":0,"appShow":0,"deliver":0,"formatCreateTime":"2016-08-11","gradeDescription":null,"companyFullName":"北京信云科技有限公司","businessZones":null,"imState":"today","lastLogin":1472530861000,"publisherId":287419,"explain":null,"plus":null,"pcShow":0},{"companyId":82706,"companyShortName":"正远科技","createTime":"2016-08-11 10:55:33","positionId":2224098,"positionAdvantage":"公司合伙人","salary":"8k-15k","score":0,"workYear":"3-5年","education":"本科","city":"北京","positionName":".NET/C#开发工程师","companyLogo":"image1/M00/38/11/CgYXBlWkrF2AeMVyAAAy3Pkmy3E980.png?cc=0.5388247725482668","financeStage":"初创型(不需要融资)","industryField":"移动互联网,医疗健康","jobNature":"全职","approve":0,"companySize":"15-50人","district":"海淀区","companyLabelList":["年底双薪","专项奖金","带薪年假","绩效奖金"],"adWord":0,"appShow":0,"deliver":0,"formatCreateTime":"2016-08-11","gradeDescription":null,"companyFullName":"北京中兴正远科技有限公司","businessZones":["上地","西二旗","马连洼"],"imState":"disabled","lastLogin":1471234895000,"publisherId":770784,"explain":null,"plus":null,"pcShow":0},{"companyId":121,"companyShortName":"墨迹天气","createTime":"2016-08-11 10:54:16","positionId":1843514,"positionAdvantage":"免费午餐，无天花板晋升，各种零食，下午茶","salary":"20k-35k","score":0,"workYear":"3-5年","education":"本科","city":"北京","positionName":"C++高级工程师","companyLogo":"image1/M00/00/02/CgYXBlTUV_SAC4JmAABlUkwC7D0180.png","financeStage":"成熟型(C轮)","industryField":"移动互联网,生活服务","jobNature":"全职","approve":1,"companySize":"150-500人","district":"朝阳区","companyLabelList":["五险一金","弹性工作","岗位晋升","帅哥多"],"adWord":0,"appShow":0,"deliver":0,"formatCreateTime":"2016-08-11","gradeDescription":null,"companyFullName":"北京墨迹风云科技股份有限公司","businessZones":["将台路","酒仙桥","大山子"],"imState":"today","lastLogin":1472555439000,"publisherId":25324,"explain":null,"plus":null,"pcShow":0},{"companyId":36031,"companyShortName":"一起作业网","createTime":"2016-08-11 10:51:11","positionId":1838705,"positionAdvantage":"带薪病假 六险一金 饭补 免费班车 下午茶","salary":"15k-30k","score":0,"workYear":"1-3年","education":"本科","city":"北京","positionName":"C端产品经理（家长方向）","companyLogo":"image1/M00/14/DE/CgYXBlUJKaOADiHgAABu9JP1MUk338.jpg","financeStage":"成熟型(D轮及以上)","industryField":"移动互联网,教育","jobNature":"全职","approve":1,"companySize":"500-2000人","district":null,"companyLabelList":["节日礼物","岗位晋升","扁平管理","领导好"],"adWord":0,"appShow":0,"deliver":0,"formatCreateTime":"2016-08-11","gradeDescription":null,"companyFullName":"上海一起作业信息科技有限公司","businessZones":null,"imState":"today","lastLogin":1472569475000,"publisherId":629873,"explain":null,"plus":null,"pcShow":0},{"companyId":95131,"companyShortName":"信雅达","createTime":"2016-08-11 10:48:08","positionId":2178198,"positionAdvantage":"五险一金；带薪病假；餐补；交补；年度体检","salary":"7k-10k","score":0,"workYear":"1-3年","education":"本科","city":"北京","positionName":"C++","companyLogo":"i/image/M00/38/1C/CgqKkVdiHaWARV_lAAAUz86U3fs708.jpg","financeStage":"上市公司","industryField":"移动互联网","jobNature":"全职","approve":1,"companySize":"2000人以上","district":"海淀区","companyLabelList":null,"adWord":0,"appShow":0,"deliver":0,"formatCreateTime":"2016-08-11","gradeDescription":null,"companyFullName":"信雅达系统工程股份有限公司","businessZones":["西二旗","龙泽","回龙观"],"imState":"disabled","lastLogin":1472520952000,"publisherId":5818215,"explain":null,"plus":null,"pcShow":0},{"companyId":32478,"companyShortName":"快鱼网络","createTime":"2016-08-11 10:14:45","positionId":1299458,"positionAdvantage":"发展空间大；扁平管理","salary":"20k-25k","score":0,"workYear":"3-5年","education":"本科","city":"北京","positionName":"C++软件工程师","companyLogo":"image1/M00/00/4B/CgYXBlTUXPKARbuAAABxdL7Zjks639.jpg","financeStage":"初创型(未融资)","industryField":"移动互联网","jobNature":"全职","approve":0,"companySize":"50-150人","district":"海淀区","companyLabelList":null,"adWord":0,"appShow":0,"deliver":0,"formatCreateTime":"2016-08-11","gradeDescription":null,"companyFullName":"北京快鱼网络技术股份公司","businessZones":["学院路","健翔桥","二里庄"],"imState":"disabled","lastLogin":1470881605000,"publisherId":546531,"explain":null,"plus":null,"pcShow":0},{"companyId":94930,"companyShortName":"创维互联","createTime":"2016-08-11 10:12:58","positionId":2180175,"positionAdvantage":"五险一金,年底双薪,弹性工作,带薪年假","salary":"8k-12k","score":0,"workYear":"1-3年","education":"本科","city":"北京","positionName":"C/C++软件开发工程师","companyLogo":"i/image/M00/4A/10/Cgp3O1eZZHiAZ5a5AAAONBI5rmQ485.jpg","financeStage":"初创型(天使轮)","industryField":"移动互联网,数据服务","jobNature":"全职","approve":0,"companySize":"15-50人","district":"海淀区","companyLabelList":["年底双薪","绩效奖金","带薪年假","午餐补助"],"adWord":0,"appShow":0,"deliver":0,"formatCreateTime":"2016-08-11","gradeDescription":null,"companyFullName":"创维互联（北京）新能源科技有限公司","businessZones":["知春路","中关村","双榆树"],"imState":"disabled","lastLogin":1472092078000,"publisherId":5767785,"explain":null,"plus":null,"pcShow":0}]}},"code":0}