{"success":true,"requestId":null,"msg":null,"resubmitToken":null,"content":{"pageNo":10,"pageSize":15,"positionResult":{"totalCount":1236,"resultSize":15,"locationInfo":{"queryByGisCode":false,"businessZone":null,"locationCode":null,"city":"北京","district":null},"queryAnalysisInfo":{"industryName":null,"usefulCompany":false,"positionName":"c","companyName":null},"strategyProperty":{"name":"dm-csearch-newSimScorer","id":1},"result":[{"companyId":356,"positionName":"C++","workYear":"3-5年","education":"本科","jobNature":"全职","financeStage":"成长型(不需要融资)","companyLogo":"image1/M00/15/99/CgYXBlUKqGWAEiHsAABgvyF4n6Y615.jpg","industryField":"移动互联网,数据服务","companyShortName":"捷通华声","city":"北京","salary":"15k-25k","positionId":1760710,"positionAdvantage":"五险一金 绩效奖金","district":"海淀区","createTime":"2016-08-30 09:58:25","companyLabelList":["股票期权","半年调薪","绩效奖金多","晋升空间大"],"approve":1,"companySize":"150-500人","score":0,"companyFullName":"北京捷通华声科技股份有限公司","adWord":0,"formatCreateTime":"09:58发布","publisherId":619924,"explain":null,"plus":null,"pcShow":0,"appShow":0,"deliver":0,"gradeDescription":null,"businessZones":["西二旗","龙泽","回龙观","西二旗","龙泽","回龙观"],"imState":"today","lastLogin":1472552637000},{"companyId":71494,"positionName":"C++高级开发工程师","workYear":"5-10年","education":"本科","jobNature":"全职","financeStage":"成熟型(不需要融资)","companyLogo":"i/image/M00/00/38/CgqKkVY2wMeAIWU2AAEKiMm66rI767.png","industryField":"医疗健康","companyShortName":"北大医信","city":"北京","salary":"15k-20k","positionId":2133961,"positionAdvantage":"五险一金；绩效奖金；餐补；弹性工作。","district":"海淀区","createTime":"2016-08-30 09:22:45","companyLabelList":["技能培训","节日礼物","带薪年假","绩效奖金"],"approve":1,"companySize":"500-2000人","score":0,"companyFullName":"北大医疗信息技术有限公司","adWord":0,"formatCreateTime":"09:22发布","publisherId":1721070,"explain":null,"plus":null,"pcShow":0,"appShow":0,"deliver":0,"gradeDescription":null,"businessZones":["北京大学","中关村","苏州街"],"imState":"today","lastLogin":1472552555000},{"companyId":100328,"positionName":"C/S .NET工程开发师+六险一金+坐标光华创业园","workYear":"3-5年","education":"本科","jobNature":"全职","financeStage":"初创型(未融资)","companyLogo":"image2/M00/0C/A9/CgpzWlYcy8uAePVuAACBkI09-BY196.png?cc=0.7230654407758266","industryField":"数据服务,硬件","companyShortName":"津发科技股份有限公司","city":"北京","salary":"8k-16k","positionId":1927045,"positionAdvantage":"六险一金+项目奖金+北京工作居住证+旅游","district":"海淀区","createTime":"2016-08-30 09:22:20","companyLabelList":["五险一金","定期体检","专项奖金","领导好"],"approve":1,"companySize":"50-150人","score":0,"companyFullName":"北京津发科技股份有限公司","adWord":0,"formatCreateTime":"09:22发布","publisherId":4132541,"explain":null,"plus":null,"pcShow":0,"appShow":0,"deliver":0,"gradeDescription":null,"businessZones":["清河","西三旗","小营"],"imState":"disabled","lastLogin":1472539889000},{"companyId":994,"positionName":"C/C++首席技术专家","workYear":"3-5年","education":"大专","jobNature":"全职","financeStage":"成长型(B轮)","companyLogo":"image1/M00/00/05/CgYXBlTUWACAMEo4AACGADT5Usw013.png","industryField":"移动互联网,文化娱乐","companyShortName":"国广东方网络（北京）有限公司","city":"北京","salary":"15k-25k","positionId":1842423,"positionAdvantage":"牌照方、平台好。","district":"海淀区","createTime":"2016-08-30 09:10:46","companyLabelList":["节日礼物","国家背景","带薪年假","绩效奖金"],"approve":1,"companySize":"150-500人","score":0,"companyFullName":"国广东方网络（北京）有限公司","adWord":0,"formatCreateTime":"09:10发布","publisherId":1576478,"explain":null,"plus":null,"pcShow":0,"appShow":0,"deliver":0,"gradeDescription":null,"businessZones":["中关村","知春路","双榆树"],"imState":"today","lastLogin":1472529785000},{"companyId":71380,"positionName":"C# .Net 软件工程师 (DT)","workYear":"不限","education":"大专","jobNature":"全职","financeStage":"成熟型(D轮及以上)","companyLogo":"image1/M00/28/33/Cgo8PFVekaaASswSAABV4enYeM4784.png","industryField":"广告营销","companyShortName":"CTR","city":"北京","salary":"8k-15k","positionId":1671794,"positionAdvantage":"央视背景、薪酬待遇好、团队友善","district":"西城区","createTime":"2016-08-30 09:08:14","companyLabelList":["年底双薪","节日礼物","技能培训","绩效奖金"],"approve":1,"companySize":"500-2000人","score":0,"companyFullName":"央视市场研究股份有限公司","adWord":0,"formatCreateTime":"09:08发布","publisherId":1716615,"explain":null,"plus":null,"pcShow":0,"appShow":0,"deliver":0,"gradeDescription":null,"businessZones":["马甸","北太平庄","德胜门"],"imState":"disabled","lastLogin":1472451098000},{"companyId":18607,"positionName":"C#开发工程师","workYear":"3-5年","education":"本科","jobNature":"全职","financeStage":"成长型(A轮)","companyLogo":"image1/M00/00/22/CgYXBlTUWHeARox1AABVIP6CvfM405.jpg","industryField":"移动互联网","companyShortName":"成众志","city":"北京","salary":"12k-20k","positionId":2302558,"positionAdvantage":"五险一金,节日福利,年终奖励,项目奖金","district":"海淀区","createTime":"2016-08-30 09:06:46","companyLabelList":["年底双薪","带薪年假","年度旅游","岗位晋升"],"approve":1,"companySize":"15-50人","score":0,"companyFullName":"北京成众志科技有限公司","adWord":0,"formatCreateTime":"09:06发布","publisherId":213521,"explain":null,"plus":null,"pcShow":0,"appShow":0,"deliver":0,"gradeDescription":null,"businessZones":["上地","马连洼","西二旗"],"imState":"disabled","lastLogin":1472519150000},{"companyId":487,"positionName":"C++服务器开发工程师","workYear":"3-5年","education":"本科","jobNature":"全职","financeStage":"上市公司","companyLogo":"image1/M00/0D/9C/Cgo8PFT4IQSAG0AtAABW35OKyUs933.jpg","industryField":"游戏","companyShortName":"蓝港互动集团","city":"北京","salary":"15k-30k","positionId":1615839,"positionAdvantage":"年底双薪，项目奖金，五险一金，补充医疗等","district":"朝阳区","createTime":"2016-08-30 09:01:32","companyLabelList":["年底双薪","节日礼物","技能培训","绩效奖金"],"approve":1,"companySize":"500-2000人","score":0,"companyFullName":"蓝港在线（北京）科技有限公司","adWord":0,"formatCreateTime":"09:01发布","publisherId":1505912,"explain":null,"plus":null,"pcShow":0,"appShow":0,"deliver":0,"gradeDescription":null,"businessZones":["来广营","望京"],"imState":"today","lastLogin":1472549987000},{"companyId":123777,"positionName":"C/C++开发工程师","workYear":"1-3年","education":"大专","jobNature":"全职","financeStage":"成熟型(不需要融资)","companyLogo":"i/image/M00/2E/03/CgqKkVc9jmCAI8DpAAD09YLPnBk157.png","industryField":"电子商务,企业服务","companyShortName":"通力互联","city":"北京","salary":"8k-15k","positionId":2271119,"positionAdvantage":"双休、六险一金、年假、体检、班车、福利多","district":"朝阳区","createTime":"2016-08-30 08:58:47","companyLabelList":["绩效奖金","交通补助","定期体检","通讯津贴"],"approve":0,"companySize":"2000人以上","score":0,"companyFullName":"北京通力互联技术服务有限公司","adWord":0,"formatCreateTime":"08:58发布","publisherId":5218805,"explain":null,"plus":null,"pcShow":0,"appShow":0,"deliver":0,"gradeDescription":null,"businessZones":["望京","大山子","花家地"],"imState":"disabled","lastLogin":1472518715000},{"companyId":13241,"positionName":"C++服务器开发工程师","workYear":"3-5年","education":"本科","jobNature":"全职","financeStage":"成熟型(C轮)","companyLogo":"i/image/M00/1B/74/CgqKkVb8waiAce4RAABSO8IEWtc969.png","industryField":"移动互联网,游戏","companyShortName":"互爱(北京)科技有限公司","city":"北京","salary":"10k-20k","positionId":1981546,"positionAdvantage":"五险一金；加班补助；餐补；公司前景广阔","district":null,"createTime":"2016-08-30 08:58:22","companyLabelList":["五险一金","岗位晋升","帅哥多","弹性工作"],"approve":1,"companySize":"500-2000人","score":0,"companyFullName":"互爱(北京)科技有限公司","adWord":0,"formatCreateTime":"08:58发布","publisherId":255126,"explain":null,"plus":null,"pcShow":0,"appShow":0,"deliver":0,"gradeDescription":null,"businessZones":null,"imState":"disabled","lastLogin":1472522446000},{"companyId":7902,"positionName":"Linux C++/Python中级研发工程师","workYear":"3-5年","education":"本科","jobNature":"全职","financeStage":"成长型(B轮)","companyLogo":"image1/M00/00/10/Cgo8PFTUWC-AC_DbAACAcjVfPFE124.jpg","industryField":"数据服务","companyShortName":"好巧","city":"北京","salary":"25k-30k","positionId":2127745,"positionAdvantage":"出境游，互联网+，高增长，有融资，有期权","district":null,"createTime":"2016-08-30 08:48:55","companyLabelList":["五险一金","年度旅游","弹性工作","扁平管理"],"approve":1,"companySize":"50-150人","score":0,"companyFullName":"北京好巧国际旅行社有限公司","adWord":0,"formatCreateTime":"08:48发布","publisherId":93804,"explain":null,"plus":null,"pcShow":0,"appShow":0,"deliver":0,"gradeDescription":null,"businessZones":null,"imState":"today","lastLogin":1472546488000},{"companyId":13523,"positionName":"多媒体高级软件工程师 (Android + C++)","workYear":"3-5年","education":"本科","jobNature":"全职","financeStage":"初创型(未融资)","companyLogo":"i/image/M00/27/41/Cgp3O1cnQGKAa9AsAABVwx-D75s709.png","industryField":"文化娱乐","companyShortName":"爱迪德","city":"北京","salary":"20k-40k","positionId":1921119,"positionAdvantage":"全额五险一金/15天年假/饭/房补助","district":"朝阳区","createTime":"2016-08-29 22:51:02","companyLabelList":["技能培训","年底双薪","股票期权","带薪年假"],"approve":1,"companySize":"500-2000人","score":0,"companyFullName":"爱迪德技术（北京）有限公司","adWord":0,"formatCreateTime":"1天前发布","publisherId":4603616,"explain":null,"plus":null,"pcShow":0,"appShow":0,"deliver":0,"gradeDescription":null,"businessZones":["亮马桥"],"imState":"today","lastLogin":1472551205000},{"companyId":6014,"positionName":"linux c\\c++研发工程师","workYear":"3-5年","education":"本科","jobNature":"全职","financeStage":"上市公司","companyLogo":"image1/M00/00/0D/CgYXBlTUWCGAJQxoAACnWFBjSxU987.png","industryField":"移动互联网,信息安全","companyShortName":"鼎普","city":"北京","salary":"10k-20k","positionId":437780,"positionAdvantage":"上升空间大，薪酬福利好，年底分红","district":"海淀区","createTime":"2016-08-29 19:59:59","companyLabelList":["五险一金","通讯津贴","带薪年假","交通补助"],"approve":0,"companySize":"150-500人","score":0,"companyFullName":"北京鼎普科技股份有限公司","adWord":0,"formatCreateTime":"1天前发布","publisherId":195171,"explain":null,"plus":null,"pcShow":0,"appShow":0,"deliver":0,"gradeDescription":null,"businessZones":["西三旗","清河","小营"],"imState":"disabled","lastLogin":1472471908000},{"companyId":26508,"positionName":"C++开发工程师","workYear":"1-3年","education":"本科","jobNature":"全职","financeStage":"成长型(不需要融资)","companyLogo":"i/image/M00/13/A6/Cgp3O1bnxKGAT_c6AAAWrOvgp1A992.jpg","industryField":"移动互联网","companyShortName":"iHandy","city":"北京","salary":"15k-25k","positionId":2077710,"positionAdvantage":"六险一金 定期体检 节假日福利 发展空间大","district":"海淀区","createTime":"2016-08-29 18:31:20","companyLabelList":["节日礼物","年度旅游","定期体检","六险一金"],"approve":1,"companySize":"150-500人","score":0,"companyFullName":"北京汉迪世纪科技有限公司","adWord":0,"formatCreateTime":"1天前发布","publisherId":1368080,"explain":null,"plus":null,"pcShow":0,"appShow":0,"deliver":0,"gradeDescription":null,"businessZones":["五道口","清华大学","中关村"],"imState":"today","lastLogin":1472557976000},{"companyId":4148,"positionName":"高级检索工程师（C++）","workYear":"3-5年","education":"本科","jobNature":"全职","financeStage":"上市公司","companyLogo":"image1/M00/00/0A/CgYXBlTUWBaAba-9AABi72ItxnU259.jpg","industryField":"移动互联网,旅游","companyShortName":"艺龙旅行网","city":"北京","salary":"20k-35k","positionId":1572410,"positionAdvantage":"清晰明朗的职业发展路线","district":"朝阳区","createTime":"2016-08-29 18:30:19","companyLabelList":["最佳雇主","爱旅游","免息贷款","年底双薪"],"approve":1,"companySize":"2000人以上","score":0,"companyFullName":"艺龙网信息技术（北京）有限公司","adWord":0,"formatCreateTime":"1天前发布","publisherId":1605537,"explain":null,"plus":null,"pcShow":0,"appShow":0,"deliver":0,"gradeDescription":null,"businessZones":["酒仙桥","大山子","将台路"],"imState":"today","lastLogin":1472530879000},{"companyId":42899,"positionName":"Windows C++ 开发工程师","workYear":"5-10年","education":"本科","jobNature":"全职","financeStage":"成熟型(C轮)","companyLogo":"image2/M00/11/69/CgqLKVYx6mCAEWmWAAA8Uo7yHIc510.jpg?cc=0.24744720198214054","industryField":"移动互联网,硬件","companyShortName":"小蚁","city":"北京","salary":"12k-20k","positionId":1764821,"positionAdvantage":"互联网生态圈、五险一金，补充医疗等","district":"海淀区","createTime":"2016-08-29 18:24:12","companyLabelList":["年底双薪","节日礼物","技能培训","年度旅游"],"approve":1,"companySize":"150-500人","score":0,"companyFullName":"上海小蚁科技有限公司","adWord":0,"formatCreateTime":"1天前发布","publisherId":808170,"explain":null,"plus":null,"pcShow":0,"appShow":0,"deliver":0,"gradeDescription":null,"businessZones":["上地","清河","小营"],"imState":"today","lastLogin":1472523108000}]}},"code":0}