{"success":true,"requestId":null,"msg":null,"resubmitToken":null,"content":{"pageNo":13,"pageSize":15,"positionResult":{"totalCount":1236,"resultSize":15,"locationInfo":{"city":"北京","district":null,"queryByGisCode":false,"businessZone":null,"locationCode":null},"queryAnalysisInfo":{"positionName":"c","companyName":null,"usefulCompany":false,"industryName":null},"strategyProperty":{"name":"dm-csearch-newSimScorer","id":1},"result":[{"companyId":66292,"companyShortName":"赛尔网络","createTime":"2016-08-29 16:14:03","positionId":2151025,"positionAdvantage":"福利待遇好","salary":"8k-10k","score":0,"workYear":"1-3年","education":"本科","city":"北京","positionName":"C++/C","companyLogo":"images/logo_default.png","financeStage":"成熟型(不需要融资)","industryField":"移动互联网","jobNature":"全职","approve":0,"companySize":"500-2000人","district":"海淀区","companyLabelList":["技能培训","节日礼物","带薪年假","绩效奖金"],"adWord":0,"appShow":0,"deliver":0,"formatCreateTime":"1天前发布","gradeDescription":null,"companyFullName":"赛尔网络有限公司","businessZones":["中关村"],"imState":"disabled","lastLogin":1472458422000,"publisherId":5760980,"explain":null,"plus":null,"pcShow":0},{"companyId":3866,"companyShortName":"联想利泰","createTime":"2016-08-29 16:09:53","positionId":2237337,"positionAdvantage":"大项目平台","salary":"10k-16k","score":0,"workYear":"3-5年","education":"大专","city":"北京","positionName":"C++ 开发工程师（联想-1V1视频项目平台）","companyLogo":"i/image/M00/2B/98/Cgp3O1c1ZdaAIjU3AAA7TsArYD4046.PNG","financeStage":"初创型(未融资)","industryField":"移动互联网,招聘","jobNature":"全职","approve":1,"companySize":"500-2000人","district":"海淀区","companyLabelList":["节日礼物","带薪年假","岗位晋升","领导好"],"adWord":0,"appShow":0,"deliver":0,"formatCreateTime":"1天前发布","gradeDescription":null,"companyFullName":"北京联想利泰软件有限公司","businessZones":["上地","西二旗","马连洼"],"imState":"disabled","lastLogin":1472523878000,"publisherId":134587,"explain":null,"plus":null,"pcShow":0},{"companyId":26142,"companyShortName":"QQ炫舞","createTime":"2016-08-29 16:00:32","positionId":2121458,"positionAdvantage":"五险一金、十三薪、体检、年假、节日福利","salary":"15k-25k","score":0,"workYear":"1-3年","education":"本科","city":"北京","positionName":"客户端C++工程师-MUG（H3D-MUG-PR110002）","companyLogo":"image1/M00/00/37/Cgo8PFTUXJ2AU7noAABpZzr2XMg281.jpg","financeStage":"成熟型(不需要融资)","industryField":"游戏","jobNature":"全职","approve":1,"companySize":"500-2000人","district":null,"companyLabelList":["年终分红","专项奖金","五险一金","带薪年假"],"adWord":0,"appShow":0,"deliver":0,"formatCreateTime":"1天前发布","gradeDescription":null,"companyFullName":"北京永航科技有限公司","businessZones":null,"imState":"disabled","lastLogin":1471844035000,"publisherId":2295792,"explain":null,"plus":null,"pcShow":0},{"companyId":125704,"companyShortName":"Autotask","createTime":"2016-08-29 15:23:21","positionId":1729804,"positionAdvantage":"五险一金，年底双薪，年底奖金，年假多等","salary":"10k-15k","score":0,"workYear":"1-3年","education":"本科","city":"北京","positionName":"C#,.net 软件开发工程师","companyLogo":"i/image/M00/22/C2/CgqKkVcV0m6AN4IzAAE5U2J7RT8100.png","financeStage":"成长型(不需要融资)","industryField":"移动互联网","jobNature":"全职","approve":0,"companySize":"50-150人","district":"海淀区","companyLabelList":null,"adWord":0,"appShow":0,"deliver":0,"formatCreateTime":"1天前发布","gradeDescription":null,"companyFullName":"北京奥德达斯软件有限公司","businessZones":["上地","马连洼","西二旗"],"imState":"today","lastLogin":1472542108000,"publisherId":4855544,"explain":null,"plus":null,"pcShow":0},{"companyId":112262,"companyShortName":"简网科技","createTime":"2016-08-29 15:16:10","positionId":1699917,"positionAdvantage":"五险一金，股票期权","salary":"20k-30k","score":0,"workYear":"不限","education":"不限","city":"北京","positionName":"C（研发工程师）","companyLogo":"i/image/M00/03/9C/CgqKkVbBnpWAGWfNAAAIgLacmAA309.png","financeStage":"初创型(不需要融资)","industryField":"信息安全","jobNature":"全职","approve":0,"companySize":"15-50人","district":"海淀区","companyLabelList":null,"adWord":0,"appShow":0,"deliver":0,"formatCreateTime":"1天前发布","gradeDescription":null,"companyFullName":"北京简网科技有限公司","businessZones":["上地","西二旗","马连洼"],"imState":"disabled","lastLogin":1472466598000,"publisherId":3875447,"explain":null,"plus":null,"pcShow":0},{"companyId":1101,"companyShortName":"暴风影音","createTime":"2016-08-29 15:07:53","positionId":2194693,"positionAdvantage":"上市公司、六险一金、股票期权","salary":"15k-30k","score":0,"workYear":"3-5年","education":"本科","city":"北京","positionName":"广告研发工程师（C++）","companyLogo":"image2/M00/02/0C/CgqLKVXmqjiAaeEZAAAeKXFs1hs950.jpg","financeStage":"上市公司","industryField":"文化娱乐","jobNature":"全职","approve":1,"companySize":"2000人以上","district":"海淀区","companyLabelList":["绩效奖金","股票期权","专项奖金","年底双薪"],"adWord":0,"appShow":0,"deliver":0,"formatCreateTime":"1天前发布","gradeDescription":null,"companyFullName":"暴风影音","businessZones":["学院路","北航","知春路"],"imState":"today","lastLogin":1472543405000,"publisherId":4755446,"explain":null,"plus":null,"pcShow":0},{"companyId":36513,"companyShortName":"微创","createTime":"2016-08-29 15:02:53","positionId":2299907,"positionAdvantage":"微软办公 弹性工作 带薪年假/病假 六险一金","salary":"9k-13k","score":0,"workYear":"3-5年","education":"本科","city":"北京","positionName":"C++","companyLogo":"i/image/M00/01/B2/Cgp3O1Zzr9GAdpGkAAAWW2BuXJc040.png","financeStage":"成熟型(不需要融资)","industryField":"移动互联网,电子商务","jobNature":"全职","approve":0,"companySize":"2000人以上","district":"海淀区","companyLabelList":["年底双薪","节日礼物","技能培训","免费班车"],"adWord":0,"appShow":0,"deliver":0,"formatCreateTime":"1天前发布","gradeDescription":null,"companyFullName":"上海微创软件股份有限公司北京分公司","businessZones":["中关村","苏州街","苏州桥"],"imState":"disabled","lastLogin":1472552599000,"publisherId":5726621,"explain":null,"plus":null,"pcShow":0},{"companyId":55920,"companyShortName":"海玩网","createTime":"2016-08-29 14:54:22","positionId":502746,"positionAdvantage":"丰厚期权 竞争力薪资 免费两餐 五险一金","salary":"10k-20k","score":0,"workYear":"3-5年","education":"本科","city":"北京","positionName":"B2C产品经理","companyLogo":"image1/M00/10/1D/Cgo8PFT-WqyABigSAACbD6wW6Qk399.jpg","financeStage":"成长型(B轮)","industryField":"O2O,旅游","jobNature":"全职","approve":0,"companySize":"150-500人","district":"朝阳区","companyLabelList":["股票期权","带薪年假","扁平管理","领导好"],"adWord":0,"appShow":0,"deliver":0,"formatCreateTime":"1天前发布","gradeDescription":null,"companyFullName":"海玩（北京）科技有限公司","businessZones":["望京","大山子","酒仙桥"],"imState":"threeDays","lastLogin":1472453599000,"publisherId":1406756,"explain":null,"plus":null,"pcShow":0},{"companyId":127515,"companyShortName":"搜房网","createTime":"2016-08-29 14:53:23","positionId":1962761,"positionAdvantage":"我们拥有适合成长的环境","salary":"10k-18k","score":0,"workYear":"1-3年","education":"本科","city":"北京","positionName":"C#","companyLogo":"i/image/M00/26/D3/CgqKkVci_sWAKNQgAAB1XwCg7Vo206.png","financeStage":"上市公司","industryField":"数据服务,企业服务","jobNature":"全职","approve":0,"companySize":"2000人以上","district":"丰台区","companyLabelList":["年底双薪","午餐补助","带薪年假","定期体检"],"adWord":0,"appShow":0,"deliver":0,"formatCreateTime":"1天前发布","gradeDescription":null,"companyFullName":"北京搜房网络技术有限公司","businessZones":["花乡","看丹桥"],"imState":"disabled","lastLogin":1472453326000,"publisherId":5299690,"explain":null,"plus":null,"pcShow":0},{"companyId":4328,"companyShortName":"OpenWave","createTime":"2016-08-29 14:36:03","positionId":2299631,"positionAdvantage":"技术氛围，个人提升快，与正式员工同享福利","salary":"3k-4k","score":0,"workYear":"不限","education":"本科","city":"北京","positionName":"C开发实习生","companyLogo":"image1/M00/00/0A/CgYXBlTUWBeAGvnDAABamaHZ5xg622.jpg","financeStage":"成熟型(D轮及以上)","industryField":"移动互联网,企业服务","jobNature":"实习","approve":0,"companySize":"150-500人","district":"朝阳区","companyLabelList":["年底双薪","五险一金","带薪年假","外企和谐稳定"],"adWord":0,"appShow":0,"deliver":0,"formatCreateTime":"1天前发布","gradeDescription":null,"companyFullName":"OpenWave","businessZones":["亮马桥","三元桥","燕莎"],"imState":"disabled","lastLogin":1472537662000,"publisherId":41814,"explain":null,"plus":null,"pcShow":0},{"companyId":13049,"companyShortName":"优网科技","createTime":"2016-08-29 14:36:00","positionId":1479379,"positionAdvantage":"五险一金、餐补、班车，欢迎牛人加入！","salary":"10k-20k","score":0,"workYear":"3-5年","education":"本科","city":"北京","positionName":"C++","companyLogo":"i/image/M00/03/D3/CgqKkVbD5feAYPF7AAAf-dv4XkA947.png","financeStage":"上市公司","industryField":"数据服务,招聘","jobNature":"全职","approve":1,"companySize":"150-500人","district":"东城区","companyLabelList":["绩效奖金","专项奖金","五险一金","通讯津贴"],"adWord":0,"appShow":0,"deliver":0,"formatCreateTime":"1天前发布","gradeDescription":null,"companyFullName":"深圳市优网科技有限公司","businessZones":["永定门","陶然亭","西罗园"],"imState":"today","lastLogin":1472546313000,"publisherId":282036,"explain":null,"plus":null,"pcShow":0},{"companyId":107435,"companyShortName":"熊猫TV","createTime":"2016-08-29 14:20:12","positionId":2198191,"positionAdvantage":"CEO是王思聪~","salary":"15k-30k","score":0,"workYear":"3-5年","education":"本科","city":"北京","positionName":"Linux C++","companyLogo":"i/image/M00/50/6F/Cgp3O1ez-maAVqVvAACHDXnYX1w719.png","financeStage":"初创型(未融资)","industryField":"移动互联网,文化娱乐","jobNature":"全职","approve":0,"companySize":"150-500人","district":"朝阳区","companyLabelList":["年底双薪","带薪年假","午餐补助","绩效奖金"],"adWord":0,"appShow":0,"deliver":0,"formatCreateTime":"1天前发布","gradeDescription":null,"companyFullName":"上海熊猫互娱文化有限公司北京分公司","businessZones":["望京","大山子","花家地"],"imState":"today","lastLogin":1472550587000,"publisherId":4529378,"explain":null,"plus":null,"pcShow":0},{"companyId":46279,"companyShortName":"九休旅行","createTime":"2016-08-29 14:16:39","positionId":1972184,"positionAdvantage":"集团性公司背景，扁平化管理，发展空间广阔","salary":"15k-30k","score":0,"workYear":"3-5年","education":"本科","city":"北京","positionName":"直播 C++工程师","companyLogo":"i/image/M00/2B/90/CgqKkVc1TzKAO3QFAAALHF4s-cc811.png","financeStage":"成长型(不需要融资)","industryField":"移动互联网,电子商务","jobNature":"全职","approve":1,"companySize":"150-500人","district":null,"companyLabelList":["技能培训","年底双薪","带薪年假","岗位晋升"],"adWord":0,"appShow":0,"deliver":0,"formatCreateTime":"1天前发布","gradeDescription":null,"companyFullName":"北京九休信息科技有限公司","businessZones":null,"imState":"today","lastLogin":1472552511000,"publisherId":893813,"explain":null,"plus":null,"pcShow":0},{"companyId":120605,"companyShortName":"风信科技","createTime":"2016-08-29 14:13:51","positionId":1620628,"positionAdvantage":"上一次见到这么好福利的公司，还是在梦里！","salary":"15k-30k","score":0,"workYear":"3-5年","education":"不限","city":"北京","positionName":"移动客户端C++高级软件工程师","companyLogo":"i/image/M00/16/8A/Cgp3O1bvthaAe-UJAAAmdebw3Ao301.jpg","financeStage":"成长型(A轮)","industryField":"移动互联网","jobNature":"全职","approve":0,"companySize":"15-50人","district":"东城区","companyLabelList":["年底双薪","股票期权","带薪年假","午餐补助"],"adWord":0,"appShow":0,"deliver":0,"formatCreateTime":"1天前发布","gradeDescription":null,"companyFullName":"北京风信科技有限公司","businessZones":["和平里","雍和宫","安定门"],"imState":"threeDays","lastLogin":1472450602000,"publisherId":729979,"explain":null,"plus":null,"pcShow":0},{"companyId":30869,"companyShortName":"北京维盛","createTime":"2016-08-29 14:13:02","positionId":2221053,"positionAdvantage":"高科技,加班少,福利好,环境好","salary":"15k-25k","score":0,"workYear":"3-5年","education":"本科","city":"北京","positionName":"C++","companyLogo":"image1/M00/00/46/CgYXBlTUXN2AK8ncAAAT1FljBmc391.png","financeStage":"成熟型(D轮及以上)","industryField":"移动互联网,文化娱乐","jobNature":"全职","approve":0,"companySize":"150-500人","district":"海淀区","companyLabelList":["技能培训","年底双薪","带薪年假","岗位晋升"],"adWord":0,"appShow":0,"deliver":0,"formatCreateTime":"1天前发布","gradeDescription":null,"companyFullName":"北京维盛网域科技有限公司","businessZones":["清河"],"imState":"disabled","lastLogin":1472450872000,"publisherId":925755,"explain":null,"plus":null,"pcShow":0}]}},"code":0}