{"success":true,"requestId":null,"msg":null,"resubmitToken":null,"content":{"pageNo":14,"pageSize":15,"positionResult":{"totalCount":1236,"resultSize":15,"locationInfo":{"queryByGisCode":false,"businessZone":null,"locationCode":null,"city":"北京","district":null},"queryAnalysisInfo":{"industryName":null,"usefulCompany":false,"positionName":"c","companyName":null},"strategyProperty":{"name":"dm-csearch-newSimScorer","id":1},"result":[{"companyId":112262,"positionName":"C-研发工程师","workYear":"不限","education":"不限","jobNature":"全职","financeStage":"初创型(不需要融资)","companyLogo":"i/image/M00/03/9C/CgqKkVbBnpWAGWfNAAAIgLacmAA309.png","industryField":"信息安全","companyShortName":"简网科技","city":"北京","salary":"20k-30k","positionId":2009902,"positionAdvantage":"五险一金，股票期权","district":null,"createTime":"2016-08-29 15:16:05","companyLabelList":null,"approve":0,"companySize":"15-50人","score":0,"companyFullName":"北京简网科技有限公司","adWord":0,"formatCreateTime":"1天前发布","publisherId":3875447,"explain":null,"plus":null,"pcShow":0,"appShow":0,"deliver":0,"gradeDescription":null,"businessZones":null,"imState":"disabled","lastLogin":1472466598000},{"companyId":36513,"positionName":"C#","workYear":"5-10年","education":"本科","jobNature":"全职","financeStage":"成熟型(不需要融资)","companyLogo":"i/image/M00/01/B2/Cgp3O1Zzr9GAdpGkAAAWW2BuXJc040.png","industryField":"移动互联网,电子商务","companyShortName":"微创","city":"北京","salary":"15k-20k","positionId":2299892,"positionAdvantage":"微软办公 弹性工作 六险一金 带薪年假/病假","district":"海淀区","createTime":"2016-08-29 15:00:36","companyLabelList":["年底双薪","节日礼物","技能培训","免费班车"],"approve":0,"companySize":"2000人以上","score":0,"companyFullName":"上海微创软件股份有限公司北京分公司","adWord":0,"formatCreateTime":"1天前发布","publisherId":5726621,"explain":null,"plus":null,"pcShow":0,"appShow":0,"deliver":0,"gradeDescription":null,"businessZones":["中关村","苏州街","苏州桥"],"imState":"disabled","lastLogin":1472552599000},{"companyId":127515,"positionName":"C#大数据工程师","workYear":"1-3年","education":"本科","jobNature":"全职","financeStage":"上市公司","companyLogo":"i/image/M00/26/D3/CgqKkVci_sWAKNQgAAB1XwCg7Vo206.png","industryField":"数据服务,企业服务","companyShortName":"搜房网","city":"北京","salary":"10k-18k","positionId":1938710,"positionAdvantage":"适合发展的环境","district":"丰台区","createTime":"2016-08-29 14:53:22","companyLabelList":["年底双薪","午餐补助","带薪年假","定期体检"],"approve":0,"companySize":"2000人以上","score":0,"companyFullName":"北京搜房网络技术有限公司","adWord":0,"formatCreateTime":"1天前发布","publisherId":5299690,"explain":null,"plus":null,"pcShow":0,"appShow":0,"deliver":0,"gradeDescription":null,"businessZones":["花乡","看丹桥"],"imState":"disabled","lastLogin":1472453326000},{"companyId":120605,"positionName":"Windows C++ 高级软件工程师","workYear":"3-5年","education":"不限","jobNature":"全职","financeStage":"成长型(A轮)","companyLogo":"i/image/M00/16/8A/Cgp3O1bvthaAe-UJAAAmdebw3Ao301.jpg","industryField":"移动互联网","companyShortName":"风信科技","city":"北京","salary":"15k-30k","positionId":1620507,"positionAdvantage":"五险一金，年底双薪，积极向上，充满挑战","district":"东城区","createTime":"2016-08-29 14:13:48","companyLabelList":["年底双薪","股票期权","带薪年假","午餐补助"],"approve":0,"companySize":"15-50人","score":0,"companyFullName":"北京风信科技有限公司","adWord":0,"formatCreateTime":"1天前发布","publisherId":729979,"explain":null,"plus":null,"pcShow":0,"appShow":0,"deliver":0,"gradeDescription":null,"businessZones":["和平里","雍和宫","安定门"],"imState":"threeDays","lastLogin":1472450602000},{"companyId":143758,"positionName":"C++（IP PBX）","workYear":"3-5年","education":"本科","jobNature":"全职","financeStage":"初创型(天使轮)","companyLogo":"i/image/M00/51/52/Cgp3O1e2xHeAHhsrAAAF9BhV-Zs501.jpg","industryField":"O2O,移动互联网","companyShortName":"优通","city":"北京","salary":"10k-20k","positionId":2264038,"positionAdvantage":"公司股东牛，项目前景好，团队优秀","district":"海淀区","createTime":"2016-08-29 14:10:30","companyLabelList":null,"approve":0,"companySize":"15-50人","score":0,"companyFullName":"北京优通通信技术有限公司","adWord":0,"formatCreateTime":"1天前发布","publisherId":5899026,"explain":null,"plus":null,"pcShow":0,"appShow":0,"deliver":0,"gradeDescription":null,"businessZones":["北下关","皂君庙","大钟寺"],"imState":"disabled","lastLogin":1472544555000},{"companyId":59251,"positionName":"C++高级开发工程师","workYear":"3-5年","education":"大专","jobNature":"全职","financeStage":"成长型(B轮)","companyLogo":"i/image/M00/08/49/Cgp3O1bPycGAMj0hAAAgshBCvv4840.jpg","industryField":"移动互联网,文化娱乐","companyShortName":"映客直播","city":"北京","salary":"18k-30k","positionId":2262161,"positionAdvantage":"福利完善,年底奖金,环境优美,帅哥美女","district":"朝阳区","createTime":"2016-08-29 14:06:57","companyLabelList":["年底双薪","专项奖金","股票期权","带薪年假"],"approve":1,"companySize":"500-2000人","score":0,"companyFullName":"北京蜜莱坞网络科技有限公司","adWord":0,"formatCreateTime":"1天前发布","publisherId":1467174,"explain":null,"plus":null,"pcShow":0,"appShow":0,"deliver":0,"gradeDescription":null,"businessZones":["望京","大山子","花家地"],"imState":"today","lastLogin":1472559160000},{"companyId":956,"positionName":"C#开发实习生","workYear":"不限","education":"本科","jobNature":"实习","financeStage":"成熟型(C轮)","companyLogo":"image1/M00/00/04/Cgo8PFTUWACAWautAAAh6gMfsB0502.jpg","industryField":"移动互联网,数据服务","companyShortName":"金山云","city":"北京","salary":"3k-5k","positionId":2203421,"positionAdvantage":"三餐免费 健身房 上下班不打卡 住宿补贴","district":"海淀区","createTime":"2016-08-29 14:04:42","companyLabelList":["技能培训","节日礼物","瑜伽房","免费班车"],"approve":1,"companySize":"500-2000人","score":0,"companyFullName":"北京金山云网络技术有限公司","adWord":0,"formatCreateTime":"1天前发布","publisherId":5858880,"explain":null,"plus":null,"pcShow":0,"appShow":0,"deliver":0,"gradeDescription":null,"businessZones":["上地","清河","小营"],"imState":"today","lastLogin":1472538308000},{"companyId":50378,"positionName":"C#工程师","workYear":"1-3年","education":"本科","jobNature":"全职","financeStage":"成长型(B轮)","companyLogo":"i/image/M00/2C/DE/Cgp3O1c6kGKAQrtkAAAX8rqpJEg343.jpg","industryField":"移动互联网,O2O","companyShortName":"多洗","city":"北京","salary":"10k-15k","positionId":1792390,"positionAdvantage":"弹性的工作时间，优秀的团队","district":"通州区","createTime":"2016-08-29 13:55:14","companyLabelList":["节日礼物","带薪年假","岗位晋升","扁平管理"],"approve":1,"companySize":"150-500人","score":0,"companyFullName":"北京伟创盛达科技有限公司","adWord":0,"formatCreateTime":"1天前发布","publisherId":929199,"explain":null,"plus":null,"pcShow":0,"appShow":0,"deliver":0,"gradeDescription":null,"businessZones":null,"imState":"disabled","lastLogin":1472449848000},{"companyId":37185,"positionName":"C#软件工程师","workYear":"5-10年","education":"大专","jobNature":"全职","financeStage":"初创型(未融资)","companyLogo":"image1/M00/00/59/Cgo8PFTUXTCAXTpsAAEH4LyEZpk242.jpg","industryField":"移动互联网","companyShortName":"鑫宇士力","city":"北京","salary":"15k-25k","positionId":2003726,"positionAdvantage":"五险一金 员工午餐 带薪年假 带薪病假","district":"东城区","createTime":"2016-08-29 13:53:02","companyLabelList":["带薪年假","带薪病假","五险一金","员工午餐"],"approve":1,"companySize":"15-50人","score":0,"companyFullName":"北京鑫宇士力通信科技有限公司","adWord":0,"formatCreateTime":"1天前发布","publisherId":657717,"explain":null,"plus":null,"pcShow":0,"appShow":0,"deliver":0,"gradeDescription":null,"businessZones":["北京站","建国门","建外大街"],"imState":"today","lastLogin":1472547520000},{"companyId":143998,"positionName":"C++/.net/C#软件开发工程师","workYear":"1-3年","education":"大专","jobNature":"全职","financeStage":"成长型(不需要融资)","companyLogo":"i/image/M00/4F/76/Cgp3O1exMvSAMXGTAAAOXrIXSfo445.png","industryField":"移动互联网,其他","companyShortName":"煜兴","city":"北京","salary":"10k-15k","positionId":2243928,"positionAdvantage":"大平台,集团企业,发展前景好,福利好","district":"大兴区","createTime":"2016-08-29 13:43:44","companyLabelList":null,"approve":0,"companySize":"150-500人","score":0,"companyFullName":"盘锦煜兴基建投资有限公司北京建筑工程分公司","adWord":0,"formatCreateTime":"1天前发布","publisherId":5531040,"explain":null,"plus":null,"pcShow":0,"appShow":0,"deliver":0,"gradeDescription":null,"businessZones":["亦庄"],"imState":"threeDays","lastLogin":1472449131000},{"companyId":1575,"positionName":"C++工程师","workYear":"1-3年","education":"本科","jobNature":"全职","financeStage":"上市公司","companyLogo":"image1/M00/00/06/CgYXBlTUWAWAOBXrAABGHHFb0q8748.jpg","industryField":"移动互联网,数据服务","companyShortName":"百度","city":"北京","salary":"15k-30k","positionId":1312009,"positionAdvantage":"O2O，期权","district":"海淀区","createTime":"2016-08-29 13:34:36","companyLabelList":["股票期权","弹性工作","五险一金","免费班车"],"approve":1,"companySize":"2000人以上","score":0,"companyFullName":"百度在线网络技术（北京）有限公司","adWord":0,"formatCreateTime":"1天前发布","publisherId":1632085,"explain":null,"plus":null,"pcShow":0,"appShow":0,"deliver":0,"gradeDescription":null,"businessZones":["上地","马连洼","西二旗"],"imState":"disabled","lastLogin":1472542913000},{"companyId":2494,"positionName":"C++(视频编解码工程师）","workYear":"3-5年","education":"本科","jobNature":"全职","financeStage":"上市公司","companyLogo":"i/image/M00/14/6F/CgqKkVbpRaaAYSDjAADU5jwogrc939.png","industryField":"移动互联网","companyShortName":"凤凰网","city":"北京","salary":"16k-32k","positionId":2130730,"positionAdvantage":"专业的活，需要专业的人才！","district":null,"createTime":"2016-08-29 13:32:21","companyLabelList":["免费班车","八险一金","各色型男","过节大礼包"],"approve":1,"companySize":"2000人以上","score":0,"companyFullName":"凤凰飞扬（北京）新媒体信息技术有限公司","adWord":0,"formatCreateTime":"1天前发布","publisherId":39460,"explain":null,"plus":null,"pcShow":0,"appShow":0,"deliver":0,"gradeDescription":null,"businessZones":null,"imState":"disabled","lastLogin":1472536942000},{"companyId":82991,"positionName":"linux C／C++","workYear":"1-3年","education":"本科","jobNature":"全职","financeStage":"成长型(A轮)","companyLogo":"i/image/M00/54/EE/CgqKkVfFWqaAC0skAAAItx4uI8M126.jpg","industryField":"企业服务,数据服务","companyShortName":"数美时代","city":"北京","salary":"18k-35k","positionId":1800607,"positionAdvantage":"大数据方向，大佬领投，技术驱动","district":"朝阳区","createTime":"2016-08-29 13:29:00","companyLabelList":["年底双薪","大数据","带薪年假","通讯津贴"],"approve":1,"companySize":"50-150人","score":0,"companyFullName":"北京数美时代科技有限公司","adWord":0,"formatCreateTime":"1天前发布","publisherId":2117266,"explain":null,"plus":null,"pcShow":0,"appShow":0,"deliver":0,"gradeDescription":null,"businessZones":["来广营"],"imState":"today","lastLogin":1472574981000},{"companyId":93723,"positionName":"C#开发（winform）","workYear":"3-5年","education":"大专","jobNature":"全职","financeStage":"上市公司","companyLogo":"i/image/M00/30/82/CgqKkVdGp8eAYPHEAAAulHSxyH8947.png","industryField":"移动互联网,数据服务","companyShortName":"中农信达","city":"北京","salary":"15k以上","positionId":1872381,"positionAdvantage":"带薪年假；五险一金；绩效奖金","district":null,"createTime":"2016-08-29 13:18:43","companyLabelList":["技能培训","专项奖金","带薪年假","绩效奖金"],"approve":0,"companySize":"500-2000人","score":0,"companyFullName":"北京中农信达信息技术有限公司","adWord":0,"formatCreateTime":"1天前发布","publisherId":2446326,"explain":null,"plus":null,"pcShow":0,"appShow":0,"deliver":0,"gradeDescription":null,"businessZones":null,"imState":"disabled","lastLogin":1472528847000},{"companyId":27840,"positionName":"C++开发工程师","workYear":"3-5年","education":"本科","jobNature":"全职","financeStage":"初创型(不需要融资)","companyLogo":"image1/M00/00/3C/CgYXBlTUXLWAAAVcAAAwRPLD7Hk137.jpg","industryField":"移动互联网","companyShortName":"亿手","city":"北京","salary":"16k-30k","positionId":2010309,"positionAdvantage":"挑战性业务、互相尊重、加薪迅速","district":"海淀区","createTime":"2016-08-29 13:17:12","companyLabelList":["五险一金","弹性工作","不需加班","快速加薪"],"approve":0,"companySize":"15-50人","score":0,"companyFullName":"欢道科技（北京）有限公司","adWord":0,"formatCreateTime":"1天前发布","publisherId":360780,"explain":null,"plus":null,"pcShow":0,"appShow":0,"deliver":0,"gradeDescription":null,"businessZones":["西二旗","龙泽","回龙观"],"imState":"today","lastLogin":1472551444000}]}},"code":0}