{"success":true,"requestId":null,"msg":null,"resubmitToken":null,"content":{"pageNo":15,"pageSize":15,"positionResult":{"totalCount":1236,"resultSize":15,"locationInfo":{"city":"北京","district":null,"queryByGisCode":false,"businessZone":null,"locationCode":null},"queryAnalysisInfo":{"positionName":"c","companyName":null,"usefulCompany":false,"industryName":null},"strategyProperty":{"name":"dm-csearch-newSimScorer","id":1},"result":[{"companyId":127515,"companyShortName":"搜房网","createTime":"2016-08-29 14:53:21","positionId":1938687,"positionAdvantage":"适合成长的环境","salary":"10k-18k","score":0,"workYear":"1-3年","education":"本科","city":"北京","positionName":"C#工程师","companyLogo":"i/image/M00/26/D3/CgqKkVci_sWAKNQgAAB1XwCg7Vo206.png","financeStage":"上市公司","industryField":"数据服务,企业服务","jobNature":"全职","approve":0,"companySize":"2000人以上","district":"丰台区","companyLabelList":["年底双薪","午餐补助","带薪年假","定期体检"],"adWord":0,"appShow":0,"deliver":0,"formatCreateTime":"1天前发布","gradeDescription":null,"companyFullName":"北京搜房网络技术有限公司","businessZones":["花乡","看丹桥"],"imState":"disabled","lastLogin":1472453326000,"publisherId":5299690,"explain":null,"plus":null,"pcShow":0},{"companyId":36513,"companyShortName":"微创","createTime":"2016-08-29 14:12:14","positionId":2299418,"positionAdvantage":"微软办公 弹性工作 带薪年假/病假 六险一金","salary":"10k-20k","score":0,"workYear":"5-10年","education":"本科","city":"北京","positionName":"云安全开发工程师（C#、Java）","companyLogo":"i/image/M00/01/B2/Cgp3O1Zzr9GAdpGkAAAWW2BuXJc040.png","financeStage":"成熟型(不需要融资)","industryField":"移动互联网,电子商务","jobNature":"全职","approve":0,"companySize":"2000人以上","district":"海淀区","companyLabelList":["年底双薪","节日礼物","技能培训","免费班车"],"adWord":0,"appShow":0,"deliver":0,"formatCreateTime":"1天前发布","gradeDescription":null,"companyFullName":"上海微创软件股份有限公司北京分公司","businessZones":["中关村","苏州街","苏州桥"],"imState":"disabled","lastLogin":1472548267000,"publisherId":3435204,"explain":null,"plus":null,"pcShow":0},{"companyId":2494,"companyShortName":"凤凰网","createTime":"2016-08-29 13:32:20","positionId":1793582,"positionAdvantage":"挑战 机遇","salary":"18k-36k","score":0,"workYear":"3-5年","education":"本科","city":"北京","positionName":"视频CDN研发（c/c++高级工程师)","companyLogo":"i/image/M00/14/6F/CgqKkVbpRaaAYSDjAADU5jwogrc939.png","financeStage":"上市公司","industryField":"移动互联网","jobNature":"全职","approve":1,"companySize":"2000人以上","district":"朝阳区","companyLabelList":["免费班车","八险一金","各色型男","过节大礼包"],"adWord":0,"appShow":0,"deliver":0,"formatCreateTime":"1天前发布","gradeDescription":null,"companyFullName":"凤凰飞扬（北京）新媒体信息技术有限公司","businessZones":["望京","大山子","酒仙桥"],"imState":"disabled","lastLogin":1472536942000,"publisherId":39460,"explain":null,"plus":null,"pcShow":0},{"companyId":129025,"companyShortName":"鼎点视讯","createTime":"2016-08-29 13:14:30","positionId":2152881,"positionAdvantage":"良好的工作环境、宽松的人际氛围","salary":"10k-18k","score":0,"workYear":"1-3年","education":"本科","city":"北京","positionName":"C++工程师（顺义区）","companyLogo":"i/image/M00/2A/91/Cgp3O1cyp8WAZghvAAAXPmk8A9o487.png","financeStage":"上市公司","industryField":"硬件,移动互联网","jobNature":"全职","approve":1,"companySize":"150-500人","district":"顺义区","companyLabelList":null,"adWord":0,"appShow":0,"deliver":0,"formatCreateTime":"1天前发布","gradeDescription":null,"companyFullName":"鼎点视讯科技有限公司","businessZones":null,"imState":"today","lastLogin":1472516633000,"publisherId":5050006,"explain":null,"plus":null,"pcShow":0},{"companyId":139040,"companyShortName":"中科戎大","createTime":"2016-08-29 13:05:43","positionId":2298965,"positionAdvantage":"工作时间弹性 人性化管理 员工体检","salary":"10k-16k","score":0,"workYear":"1-3年","education":"本科","city":"北京","positionName":"c++软件工程师","companyLogo":"i/image/M00/45/67/CgqKkVeITYGAAIvAAAA8hr-nu4U311.png","financeStage":"成熟型(D轮及以上)","industryField":"硬件,数据服务","jobNature":"全职","approve":1,"companySize":"15-50人","district":"海淀区","companyLabelList":null,"adWord":0,"appShow":0,"deliver":0,"formatCreateTime":"1天前发布","gradeDescription":null,"companyFullName":"北京中科戎大科技股份有限公司","businessZones":["西三旗"],"imState":"today","lastLogin":1472543545000,"publisherId":5649786,"explain":null,"plus":null,"pcShow":0},{"companyId":114110,"companyShortName":"乐视","createTime":"2016-08-29 12:31:35","positionId":1529144,"positionAdvantage":"非常有竞争力的待遇+广阔的职业发展空间","salary":"25k-40k","score":0,"workYear":"3-5年","education":"本科","city":"北京","positionName":"资深JAVA/C++工程师","companyLogo":"i/image/M00/04/2B/Cgp3O1bGwzWAEAB4AAAbnMQCudk783.jpg","financeStage":"上市公司","industryField":"移动互联网","jobNature":"全职","approve":1,"companySize":"2000人以上","district":"朝阳区","companyLabelList":["股票期权","交通补助","通讯津贴","带薪年假"],"adWord":0,"appShow":0,"deliver":0,"formatCreateTime":"1天前发布","gradeDescription":null,"companyFullName":"乐视网信息技术（北京）股份有限公司","businessZones":["石佛营","姚家园","十里堡"],"imState":"disabled","lastLogin":1472442911000,"publisherId":3685847,"explain":null,"plus":null,"pcShow":0},{"companyId":28393,"companyShortName":"云校","createTime":"2016-08-29 12:30:47","positionId":2083874,"positionAdvantage":"百度T11创业公司，技术氛围浓厚","salary":"10k-20k","score":0,"workYear":"1-3年","education":"本科","city":"北京","positionName":"C++工程师","companyLogo":"image1/M00/00/3E/CgYXBlTUXL2ANrS3AAB8JdlqzI8331.jpg","financeStage":"成长型(B轮)","industryField":"教育,数据服务","jobNature":"全职","approve":1,"companySize":"150-500人","district":"朝阳区","companyLabelList":["技能培训","节日礼物","股票期权","带薪年假"],"adWord":0,"appShow":0,"deliver":0,"formatCreateTime":"1天前发布","gradeDescription":null,"companyFullName":"北京华樾信息技术研究院","businessZones":["望京","大山子","花家地"],"imState":"today","lastLogin":1472560280000,"publisherId":373381,"explain":null,"plus":null,"pcShow":0},{"companyId":57813,"companyShortName":"*美购*","createTime":"2016-08-29 12:12:09","positionId":2298816,"positionAdvantage":"一线互联网公司、年终奖丰厚","salary":"18k-30k","score":0,"workYear":"5-10年","education":"本科","city":"北京","positionName":"C++","companyLogo":"i/image/M00/13/85/Cgp3O1bnpGmAL1e_AAWX97xw6I0701.png","financeStage":"成长型(B轮)","industryField":"移动互联网,电子商务","jobNature":"全职","approve":1,"companySize":"50-150人","district":"海淀区","companyLabelList":["技能培训","领导大气","股票期权","绩效奖金"],"adWord":0,"appShow":0,"deliver":0,"formatCreateTime":"1天前发布","gradeDescription":null,"companyFullName":"汇邦（上海）电子商务有限公司","businessZones":["苏州街","万泉河","颐和园"],"imState":"today","lastLogin":1472552110000,"publisherId":4914491,"explain":null,"plus":null,"pcShow":0},{"companyId":26142,"companyShortName":"QQ炫舞","createTime":"2016-08-29 12:10:27","positionId":909296,"positionAdvantage":"高回报，高奖金，3~18个月奖金","salary":"15k-30k","score":0,"workYear":"1-3年","education":"硕士","city":"北京","positionName":"C++服务器开发","companyLogo":"image1/M00/00/37/Cgo8PFTUXJ2AU7noAABpZzr2XMg281.jpg","financeStage":"成熟型(不需要融资)","industryField":"游戏","jobNature":"全职","approve":1,"companySize":"500-2000人","district":"东城区","companyLabelList":["年终分红","专项奖金","五险一金","带薪年假"],"adWord":0,"appShow":0,"deliver":0,"formatCreateTime":"1天前发布","gradeDescription":null,"companyFullName":"北京永航科技有限公司","businessZones":["东直门","海运仓","东四"],"imState":"threeDays","lastLogin":1472443655000,"publisherId":2163877,"explain":null,"plus":null,"pcShow":0},{"companyId":76696,"companyShortName":"旅信顺捷","createTime":"2016-08-29 11:52:57","positionId":2298690,"positionAdvantage":"具有良好发展前景，丰富的市场职位晋升空间","salary":"15k-22k","score":0,"workYear":"不限","education":"本科","city":"北京","positionName":"C++工程师","companyLogo":"image1/M00/2E/6E/Cgo8PFV-Y3eALCXZAAANh6K4dJQ554.jpg?cc=0.8436089679598808","financeStage":"成长型(A轮)","industryField":"移动互联网","jobNature":"全职","approve":1,"companySize":"50-150人","district":"东城区","companyLabelList":["专项奖金","带薪年假","领导好","定期体检"],"adWord":0,"appShow":0,"deliver":0,"formatCreateTime":"1天前发布","gradeDescription":null,"companyFullName":"北京旅信顺捷软件科技有限公司","businessZones":["王府井","东单","灯市口"],"imState":"disabled","lastLogin":1472549431000,"publisherId":1929682,"explain":null,"plus":null,"pcShow":0},{"companyId":65257,"companyShortName":"乾元坤和","createTime":"2016-08-29 11:41:26","positionId":2290110,"positionAdvantage":"五险一金,带薪年假,周末双休,不加班","salary":"8k-16k","score":0,"workYear":"1-3年","education":"本科","city":"北京","positionName":"C#","companyLogo":"image1/M00/20/7B/Cgo8PFU3YACANCnaAADQ_FBgRjk298.png","financeStage":"初创型(不需要融资)","industryField":"移动互联网,电子商务","jobNature":"全职","approve":1,"companySize":"15-50人","district":"朝阳区","companyLabelList":["技能培训","岗位晋升","扁平管理","管理规范"],"adWord":0,"appShow":0,"deliver":0,"formatCreateTime":"1天前发布","gradeDescription":null,"companyFullName":"北京乾元坤和科技有限公司","businessZones":["亚运村","奥运村","大屯"],"imState":"today","lastLogin":1472521208000,"publisherId":5879519,"explain":null,"plus":null,"pcShow":0},{"companyId":113784,"companyShortName":"阿吉比科技","createTime":"2016-08-29 11:40:31","positionId":2005187,"positionAdvantage":"福利待遇齐全 ，领导非常棒，团队前景好","salary":"15k-30k","score":0,"workYear":"3-5年","education":"本科","city":"北京","positionName":"C++开发工程师","companyLogo":"i/image/M00/03/32/CgqKkVau_waAdFHgAAAvmOLEJdk992.jpg","financeStage":"成长型(不需要融资)","industryField":"移动互联网","jobNature":"全职","approve":0,"companySize":"50-150人","district":"海淀区","companyLabelList":["年底双薪","定期体检","带薪年假","旅游活动"],"adWord":0,"appShow":0,"deliver":0,"formatCreateTime":"1天前发布","gradeDescription":null,"companyFullName":"北京阿吉比科技有限公司","businessZones":["牡丹园","北太平庄","健翔桥"],"imState":"today","lastLogin":1472522615000,"publisherId":3806705,"explain":null,"plus":null,"pcShow":0},{"companyId":4038,"companyShortName":"seafile","createTime":"2016-08-29 11:38:28","positionId":2298550,"positionAdvantage":"期权 国际项目 技术挑战 弹性工作制","salary":"12k-20k","score":0,"workYear":"1-3年","education":"本科","city":"北京","positionName":"Linux C/C++ 开发工程师","companyLogo":"image1/M00/33/B4/Cgo8PFWUp1-AI5O2AAAwGaWVu0M732.png","financeStage":"初创型(天使轮)","industryField":"企业服务,数据服务","jobNature":"全职","approve":1,"companySize":"少于15人","district":null,"companyLabelList":["股票期权","快速成长","技能培训","国际项目"],"adWord":0,"appShow":0,"deliver":0,"formatCreateTime":"1天前发布","gradeDescription":null,"companyFullName":"北京海文互知网络技术有限公司","businessZones":null,"imState":"disabled","lastLogin":1472532903000,"publisherId":39234,"explain":null,"plus":null,"pcShow":0},{"companyId":42345,"companyShortName":"魔力","createTime":"2016-08-29 11:38:23","positionId":345716,"positionAdvantage":"与顶尖的开发人员一起创新、任性、冒险吧！","salary":"8k-12k","score":0,"workYear":"1-3年","education":"大专","city":"北京","positionName":"C++/C开发工程师","companyLogo":"image1/M00/00/69/Cgo8PFTUXXWAHUwzAABs8FwiLVs325.png","financeStage":"成长型(A轮)","industryField":"移动互联网,文化娱乐","jobNature":"全职","approve":1,"companySize":"15-50人","district":"海淀区","companyLabelList":["无限看大片","带薪年假","零食管够","绩效奖金"],"adWord":0,"appShow":0,"deliver":0,"formatCreateTime":"1天前发布","gradeDescription":null,"companyFullName":"北京魔力互动科技有限公司","businessZones":["知春路","双榆树","大钟寺"],"imState":"today","lastLogin":1472544816000,"publisherId":795165,"explain":null,"plus":null,"pcShow":0},{"companyId":7948,"companyShortName":"Sevenga Limited","createTime":"2016-08-29 11:22:53","positionId":2034845,"positionAdvantage":"福利待遇齐全 ，领导非常棒，团队前景好","salary":"15k-30k","score":0,"workYear":"3-5年","education":"本科","city":"北京","positionName":"C++开发工程师","companyLogo":"image1/M00/00/10/Cgo8PFTUWDCAIPvqAAAtx23YFCI549.png","financeStage":"成长型(A轮)","industryField":"移动互联网,游戏","jobNature":"全职","approve":1,"companySize":"50-150人","district":"海淀区","companyLabelList":["节日礼物","绩效奖金","年度旅游","岗位晋升"],"adWord":0,"appShow":0,"deliver":0,"formatCreateTime":"1天前发布","gradeDescription":null,"companyFullName":"北京毅诚科技有限公司","businessZones":["牡丹园","北太平庄","健翔桥"],"imState":"disabled","lastLogin":1472436841000,"publisherId":94252,"explain":null,"plus":null,"pcShow":0}]}},"code":0}