{"success":true,"requestId":null,"msg":null,"resubmitToken":null,"content":{"pageNo":18,"pageSize":15,"positionResult":{"resultSize":15,"totalCount":1236,"locationInfo":{"city":"北京","district":null,"queryByGisCode":false,"locationCode":null,"businessZone":null},"queryAnalysisInfo":{"positionName":"c","companyName":null,"usefulCompany":false,"industryName":null},"strategyProperty":{"name":"dm-csearch-newSimScorer","id":1},"result":[{"createTime":"2016-08-29 10:35:29","formatCreateTime":"1天前发布","companyId":136542,"positionName":"C#软件工程师","workYear":"不限","education":"本科","jobNature":"全职","companyShortName":"国机智能","city":"北京","salary":"7k-14k","financeStage":"成长型(不需要融资)","positionId":2104437,"companyLogo":"i/image/M00/3D/DC/Cgp3O1dzO_mAcJbKAAAdaH0iLmY184.png","positionAdvantage":"发展空间大、福利好","approve":0,"district":"朝阳区","score":0,"companyLabelList":null,"industryField":"企业服务","companySize":"50-150人","imState":"disabled","lastLogin":1472532131000,"publisherId":5487934,"explain":null,"plus":null,"pcShow":0,"appShow":0,"deliver":0,"gradeDescription":null,"businessZones":["奥运村","北沙滩","二里庄"],"companyFullName":"国机智能科技有限公司","adWord":0},{"createTime":"2016-08-29 10:30:40","formatCreateTime":"1天前发布","companyId":31590,"positionName":"C＋＋","workYear":"不限","education":"本科","jobNature":"全职","companyShortName":"四维图新","city":"北京","salary":"12k-16k","financeStage":"上市公司","positionId":2297805,"companyLogo":"image1/M00/28/43/Cgo8PFVeyH-AIv6ZAAAxGUh8MS0606.png","positionAdvantage":"餐饮补助 弹性工作 年终奖励 七险一金","approve":1,"district":"朝阳区","score":0,"companyLabelList":["技能培训","节日礼物","带薪年假","岗位晋升"],"industryField":"移动互联网,生活服务","companySize":"2000人以上","imState":"today","lastLogin":1472558226000,"publisherId":1553618,"explain":null,"plus":null,"pcShow":0,"appShow":0,"deliver":0,"gradeDescription":null,"businessZones":["来广营","望京"],"companyFullName":"北京四维图新科技股份有限公司","adWord":0},{"createTime":"2016-08-29 10:17:29","formatCreateTime":"1天前发布","companyId":22634,"positionName":"【急聘】C++研发工程师","workYear":"不限","education":"本科","jobNature":"全职","companyShortName":"大洋","city":"北京","salary":"10k-15k","financeStage":"初创型(未融资)","positionId":1965834,"companyLogo":"i/image/M00/17/AB/CgqKkVbyOmOAYnfxAAAdxKj_ziY156.png","positionAdvantage":"行业领先 广电+互联网视频 公司规范","approve":1,"district":"海淀区","score":0,"companyLabelList":["五险一金","带薪年假","通讯津贴","交通补助"],"industryField":"文化娱乐","companySize":"500-2000人","imState":"today","lastLogin":1472542117000,"publisherId":4617388,"explain":null,"plus":null,"pcShow":0,"appShow":0,"deliver":0,"gradeDescription":null,"businessZones":["西北旺"],"companyFullName":"北京中科大洋科技发展股份有限公司","adWord":0},{"createTime":"2016-08-29 09:54:45","formatCreateTime":"1天前发布","companyId":9995,"positionName":"C(Nginx)","workYear":"1-3年","education":"本科","jobNature":"全职","companyShortName":"北京天融信公司","city":"北京","salary":"10k-15k","financeStage":"上市公司","positionId":1576927,"companyLogo":"i/image/M00/00/96/Cgp3O1ZOk2WAF-VNAABfjim7IyU208.jpg","positionAdvantage":"只要你牛X全都听你的;产品中缺少你的灵感","approve":1,"district":"海淀区","score":0,"companyLabelList":["五险一金","弹性工作","交通补助","定期体检"],"industryField":"信息安全","companySize":"2000人以上","imState":"threeDays","lastLogin":1472458466000,"publisherId":567716,"explain":null,"plus":null,"pcShow":0,"appShow":0,"deliver":0,"gradeDescription":null,"businessZones":["西二旗","龙泽","回龙观"],"companyFullName":"北京天融信网络安全","adWord":0},{"createTime":"2016-08-29 09:53:16","formatCreateTime":"1天前发布","companyId":8861,"positionName":"C++算法实习生","workYear":"不限","education":"本科","jobNature":"实习","companyShortName":"妙计旅行","city":"北京","salary":"3k-6k","financeStage":"成长型(B轮)","positionId":493259,"companyLogo":"i/image/M00/07/17/Cgp3O1bNjT-AFsa6AAA83c0vejw711.jpg","positionAdvantage":"牛人导师，快速成长，办公环境好","approve":1,"district":"东城区","score":0,"companyLabelList":["股票期权","十四薪","零食饮料水果","租房补贴"],"industryField":"旅游","companySize":"150-500人","imState":"today","lastLogin":1472551369000,"publisherId":94565,"explain":null,"plus":null,"pcShow":0,"appShow":0,"deliver":0,"gradeDescription":null,"businessZones":["安定门","雍和宫","北新桥"],"companyFullName":"北京汇行科技有限公司","adWord":0},{"createTime":"2016-08-29 09:36:23","formatCreateTime":"1天前发布","companyId":54730,"positionName":"c++或者php服务器端程序员","workYear":"1-3年","education":"不限","jobNature":"全职","companyShortName":"木偶游戏","city":"北京","salary":"8k-16k","financeStage":"成长型(A轮)","positionId":1440395,"companyLogo":"image1/M00/0D/36/Cgo8PFT3AHyAcp_QAACCXmLgrOw320.png","positionAdvantage":"技术大牛+股票期权＋丰厚的奖金","approve":1,"district":"海淀区","score":0,"companyLabelList":["专项奖金","股票期权","绩效奖金","扁平管理"],"industryField":"游戏","companySize":"50-150人","imState":"today","lastLogin":1472525661000,"publisherId":1350697,"explain":null,"plus":null,"pcShow":0,"appShow":0,"deliver":0,"gradeDescription":null,"businessZones":["知春路","中关村","双榆树"],"companyFullName":"木偶星球（北京）科技有限公司","adWord":0},{"createTime":"2016-08-29 09:35:12","formatCreateTime":"1天前发布","companyId":134976,"positionName":"Qt/C++ 软件开发工程师","workYear":"不限","education":"本科","jobNature":"全职","companyShortName":"北京鼎立思创科技发展有限公司","city":"北京","salary":"8k-15k","financeStage":"初创型(不需要融资)","positionId":2255518,"companyLogo":"i/image/M00/3A/BE/CgqKkVdqJ2CAXnEcAAAZv9Xaf_E634.jpg","positionAdvantage":"绩效奖金,五险一金,各种补贴,弹性工作","approve":0,"district":"海淀区","score":0,"companyLabelList":["年底双薪","绩效奖金","带薪年假","年终分红"],"industryField":"移动互联网,硬件","companySize":"15-50人","imState":"today","lastLogin":1472520426000,"publisherId":5381406,"explain":null,"plus":null,"pcShow":0,"appShow":0,"deliver":0,"gradeDescription":null,"businessZones":["上地","马连洼","西二旗"],"companyFullName":"北京鼎立思创科技发展有限公司","adWord":0},{"createTime":"2016-08-29 09:32:23","formatCreateTime":"1天前发布","companyId":126346,"positionName":"C++ 图像处理软件工程师-深圳","workYear":"不限","education":"本科","jobNature":"全职","companyShortName":"瑞森新谱","city":"北京","salary":"8k-15k","financeStage":"成长型(不需要融资)","positionId":2015529,"companyLogo":"i/image/M00/24/26/CgqKkVcZoeaAdHDgAAAFTNbWpV4031.png","positionAdvantage":"带薪年假 项目奖金 旅游基金","approve":0,"district":null,"score":0,"companyLabelList":null,"industryField":"硬件","companySize":"50-150人","imState":"disabled","lastLogin":1472548248000,"publisherId":4880790,"explain":null,"plus":null,"pcShow":0,"appShow":0,"deliver":0,"gradeDescription":null,"businessZones":null,"companyFullName":"北京瑞森新谱科技有限公司","adWord":0},{"createTime":"2016-08-29 09:26:37","formatCreateTime":"1天前发布","companyId":106418,"positionName":"LInux工程师(C/C++)","workYear":"3-5年","education":"本科","jobNature":"全职","companyShortName":"青柠优视","city":"北京","salary":"10k-15k","financeStage":"初创型(未融资)","positionId":1440933,"companyLogo":"image2/M00/16/59/CgpzWlZGfSWAOUlPAAARmgEPidE832.JPG?cc=0.5059501972493328","positionAdvantage":"量产产品的开发","approve":1,"district":"海淀区","score":0,"companyLabelList":["技能培训","绩效奖金","岗位晋升","扁平管理"],"industryField":"移动互联网,其他","companySize":"50-150人","imState":"today","lastLogin":1472521427000,"publisherId":3159755,"explain":null,"plus":null,"pcShow":0,"appShow":0,"deliver":0,"gradeDescription":null,"businessZones":["健翔桥","北太平庄","牡丹园"],"companyFullName":"青柠优视科技（北京）有限公司","adWord":0},{"createTime":"2016-08-29 09:23:51","formatCreateTime":"1天前发布","companyId":116752,"positionName":"Php/Java/Python/C+开发工程师","workYear":"5-10年","education":"本科","jobNature":"全职","companyShortName":"星河互联集团","city":"北京","salary":"10k-20k","financeStage":"成长型(不需要融资)","positionId":1943664,"companyLogo":"i/image/M00/09/C8/Cgp3O1bTov-AIGwwAAATKENfN88196.jpg","positionAdvantage":"补助 五险一金","approve":0,"district":"海淀区","score":0,"companyLabelList":["年底双薪","交通补助","午餐补助","通讯津贴"],"industryField":"电子商务,移动互联网","companySize":"150-500人","imState":"today","lastLogin":1472559870000,"publisherId":4173906,"explain":null,"plus":null,"pcShow":0,"appShow":0,"deliver":0,"gradeDescription":null,"businessZones":["上地","马连洼","西二旗"],"companyFullName":"星河互联集团有限公司","adWord":0},{"createTime":"2016-08-29 09:16:05","formatCreateTime":"1天前发布","companyId":38482,"positionName":"C/C++软件工程师","workYear":"不限","education":"本科","jobNature":"全职","companyShortName":"澳柯网信","city":"北京","salary":"7k-12k","financeStage":"初创型(未融资)","positionId":1741089,"companyLogo":"image1/M00/00/5D/Cgo8PFTUXUGACDgSAACyB-P3izw019.png","positionAdvantage":"与技术大牛一起做国际范的软件","approve":1,"district":"海淀区","score":0,"companyLabelList":["技能培训","节日礼物","专项奖金","绩效奖金"],"industryField":"电子商务","companySize":"50-150人","imState":"disabled","lastLogin":1472456332000,"publisherId":693649,"explain":null,"plus":null,"pcShow":0,"appShow":0,"deliver":0,"gradeDescription":null,"businessZones":["苏州街","苏州桥","万泉河"],"companyFullName":"北京澳柯网信科技发展有限公司","adWord":0},{"createTime":"2016-08-29 09:15:26","formatCreateTime":"1天前发布","companyId":70252,"positionName":"C","workYear":"1-3年","education":"本科","jobNature":"全职","companyShortName":"国科众智","city":"北京","salary":"10k-20k","financeStage":"初创型(天使轮)","positionId":1905977,"companyLogo":"images/logo_default.png","positionAdvantage":"良好的市场前景","approve":0,"district":"朝阳区","score":0,"companyLabelList":["技能培训","绩效奖金","岗位晋升","交通补助"],"industryField":"移动互联网,企业服务","companySize":"少于15人","imState":"threeDays","lastLogin":1472442295000,"publisherId":1700615,"explain":null,"plus":null,"pcShow":0,"appShow":0,"deliver":0,"gradeDescription":null,"businessZones":null,"companyFullName":"国科众智（北京）科技有限公司","adWord":0},{"createTime":"2016-08-29 09:14:48","formatCreateTime":"1天前发布","companyId":62278,"positionName":"C++开发","workYear":"3-5年","education":"本科","jobNature":"全职","companyShortName":"灵图软件","city":"北京","salary":"10k-18k","financeStage":"成长型(不需要融资)","positionId":1705534,"companyLogo":"i/image/M00/51/D8/Cgp3O1e6TcWAQvJGAABivGgQgq8433.png","positionAdvantage":"成熟公司，完善产品，等你来战","approve":1,"district":"海淀区","score":0,"companyLabelList":["节日礼物","技能培训","带薪年假","绩效奖金"],"industryField":"移动互联网","companySize":"150-500人","imState":"today","lastLogin":1472536759000,"publisherId":2104736,"explain":null,"plus":null,"pcShow":0,"appShow":0,"deliver":0,"gradeDescription":null,"businessZones":["上地","马连洼","西北旺"],"companyFullName":"北京灵图软件技术有限公司","adWord":0},{"createTime":"2016-08-29 09:09:30","formatCreateTime":"1天前发布","companyId":122355,"positionName":"C++开发","workYear":"5-10年","education":"本科","jobNature":"全职","companyShortName":"嘉琪科技","city":"北京","salary":"18k-25k","financeStage":"成长型(不需要融资)","positionId":2162064,"companyLogo":"i/image/M00/1A/FF/CgqKkVb7fleAUZUqAAArNrtvr-o795.png","positionAdvantage":"Linux,Windo,c++","approve":0,"district":"朝阳区","score":0,"companyLabelList":null,"industryField":"电子商务,移动互联网","companySize":"50-150人","imState":"today","lastLogin":1472547971000,"publisherId":5497653,"explain":null,"plus":null,"pcShow":0,"appShow":0,"deliver":0,"gradeDescription":null,"businessZones":null,"companyFullName":"嘉琪科技（北京）有限公司","adWord":0},{"createTime":"2016-08-29 09:08:28","formatCreateTime":"1天前发布","companyId":10519,"positionName":"C++开发工程师","workYear":"1-3年","education":"本科","jobNature":"全职","companyShortName":"中国民航信息网络股份有限公司","city":"北京","salary":"8k-15k","financeStage":"成熟型(不需要融资)","positionId":1451727,"companyLogo":"image1/M00/00/15/CgYXBlTUWEKAE1HeAACEAu2pVvk388.PNG","positionAdvantage":"福利多，工作环境好，升职空间大","approve":1,"district":"朝阳区","score":0,"companyLabelList":["年底双薪","技能培训","待遇优厚","五险二金"],"industryField":"移动互联网","companySize":"2000人以上","imState":"overSevenDays","lastLogin":1471510104000,"publisherId":3810637,"explain":null,"plus":null,"pcShow":0,"appShow":0,"deliver":0,"gradeDescription":null,"businessZones":["大屯","奥运村","亚运村"],"companyFullName":"中国民航信息网络股份有限公司","adWord":0}]}},"code":0}