{"success":true,"requestId":null,"resubmitToken":null,"msg":null,"content":{"pageNo":20,"pageSize":15,"positionResult":{"resultSize":15,"totalCount":1236,"locationInfo":{"businessZone":null,"queryByGisCode":false,"locationCode":null,"city":"北京","district":null},"queryAnalysisInfo":{"industryName":null,"usefulCompany":false,"positionName":"c","companyName":null},"strategyProperty":{"name":"dm-csearch-newSimScorer","id":1},"result":[{"formatCreateTime":"1天前发布","createTime":"2016-08-29 09:53:14","companyId":8861,"positionName":"C++","education":"本科","city":"北京","positionId":828600,"financeStage":"成长型(B轮)","companyShortName":"妙计旅行","companyLogo":"i/image/M00/07/17/Cgp3O1bNjT-AFsa6AAA83c0vejw711.jpg","salary":"12k-24k","industryField":"旅游","district":"东城区","companyLabelList":["股票期权","十四薪","零食饮料水果","租房补贴"],"positionAdvantage":"待遇好，有三餐，配mac","jobNature":"全职","workYear":"1-3年","approve":1,"score":0,"companySize":"150-500人","businessZones":["安定门","雍和宫","北新桥"],"imState":"today","lastLogin":1472551369000,"publisherId":94565,"explain":null,"plus":null,"pcShow":0,"appShow":0,"deliver":0,"gradeDescription":null,"companyFullName":"北京汇行科技有限公司","adWord":0},{"formatCreateTime":"1天前发布","createTime":"2016-08-29 07:34:04","companyId":123927,"positionName":"C++高级工程师","education":"硕士","city":"北京","positionId":2192860,"financeStage":"成长型(A轮)","companyShortName":"中科视开","companyLogo":"i/image/M00/20/7B/Cgp3O1cODw6ARIW4AABDxuiXpZk189.png","salary":"10k-15k","industryField":"移动互联网,数据服务","district":null,"companyLabelList":["绩效奖金","交通补助","带薪年假","通讯津贴"],"positionAdvantage":"高薪，福利好，有留中科院自动化所工作机会","jobNature":"全职","workYear":"1-3年","approve":0,"score":0,"companySize":"15-50人","businessZones":null,"imState":"overSevenDays","lastLogin":1471869944000,"publisherId":4416307,"explain":null,"plus":null,"pcShow":0,"appShow":0,"deliver":0,"gradeDescription":null,"companyFullName":"北京中科视开科技有限公司","adWord":0},{"formatCreateTime":"3天前发布","createTime":"2016-08-27 14:03:46","companyId":1249,"positionName":"C++开发工程师","education":"本科","city":"北京","positionId":1185179,"financeStage":"成熟型(C轮)","companyShortName":"出门问问","companyLogo":"image1/M00/40/3A/CgYXBlXC_4OASRgsAAAislBu0uU808.jpg","salary":"15k-20k","industryField":"移动互联网,O2O","district":"海淀区","companyLabelList":["帅哥多","美女多","绩效奖金","股票期权"],"positionAdvantage":"免费午餐，行业大牛带队，谷歌技术氛围","jobNature":"全职","workYear":"1-3年","approve":1,"score":0,"companySize":"150-500人","businessZones":["中关村","北京大学","苏州街"],"imState":"disabled","lastLogin":1472549255000,"publisherId":7931,"explain":null,"plus":null,"pcShow":0,"appShow":0,"deliver":0,"gradeDescription":null,"companyFullName":"北京羽扇智信息科技有限公司","adWord":0},{"formatCreateTime":"3天前发布","createTime":"2016-08-27 13:27:40","companyId":115219,"positionName":"C/C++逆向分析（反汇编）工程师","education":"本科","city":"北京","positionId":1487606,"financeStage":"初创型(不需要融资)","companyShortName":"瑞致泰华","companyLogo":"i/image/M00/04/2A/CgqKkVbGwfSASRLZAAAIEPAXMoU672.png","salary":"6k-12k","industryField":"信息安全,硬件","district":"海淀区","companyLabelList":["绩效奖金","带薪年假","午餐补助","定期体检"],"positionAdvantage":"稳定性高 朝九晚五 成长性好 节日福利","jobNature":"全职","workYear":"不限","approve":0,"score":0,"companySize":"15-50人","businessZones":["健翔桥","奥运村","二里庄"],"imState":"today","lastLogin":1472550319000,"publisherId":3870732,"explain":null,"plus":null,"pcShow":0,"appShow":0,"deliver":0,"gradeDescription":null,"companyFullName":"北京瑞致泰华科技有限公司","adWord":0},{"formatCreateTime":"3天前发布","createTime":"2016-08-27 12:15:38","companyId":114259,"positionName":"C语言讲师/助教","education":"本科","city":"北京","positionId":2101441,"financeStage":"初创型(未融资)","companyShortName":"北京八维研修学院","companyLogo":"i/image/M00/03/9A/CgqKkVbBkYyAV_3AAAAYK2bvgTg524.png","salary":"12k-18k","industryField":"教育","district":"海淀区","companyLabelList":null,"positionAdvantage":"五险一金 带薪年假","jobNature":"全职","workYear":"不限","approve":1,"score":0,"companySize":"2000人以上","businessZones":["上地","马连洼","西二旗"],"imState":"today","lastLogin":1472573934000,"publisherId":4325920,"explain":null,"plus":null,"pcShow":0,"appShow":0,"deliver":0,"gradeDescription":null,"companyFullName":"北京八维研修学院","adWord":0},{"formatCreateTime":"3天前发布","createTime":"2016-08-27 10:36:17","companyId":132257,"positionName":"C++","education":"不限","city":"北京","positionId":1914075,"financeStage":"初创型(未融资)","companyShortName":"金科联信","companyLogo":"i/image/M00/31/B0/CgqKkVdL9QOAUiiuAABXPZWFJJo173.png","salary":"8k-9k","industryField":"金融,信息安全","district":"西城区","companyLabelList":null,"positionAdvantage":"发展空间大×绩效奖金×节日礼物×岗位晋升","jobNature":"全职","workYear":"1-3年","approve":0,"score":0,"companySize":"15-50人","businessZones":["虎坊桥","天桥","陶然亭"],"imState":"disabled","lastLogin":1472562286000,"publisherId":5221185,"explain":null,"plus":null,"pcShow":0,"appShow":0,"deliver":0,"gradeDescription":null,"companyFullName":"北京金科联信数据科技有限公司","adWord":0},{"formatCreateTime":"3天前发布","createTime":"2016-08-27 09:31:37","companyId":34991,"positionName":"C#","education":"大专","city":"北京","positionId":2265010,"financeStage":"初创型(天使轮)","companyShortName":"普斯","companyLogo":"image2/M00/07/28/CgpzWlX9nyKAYCZ2AAA_4yNm7LE749.JPG","salary":"4k-6k","industryField":"移动互联网,数据服务","district":"海淀区","companyLabelList":["互联网大师","投资界大师","上升空间大","人工智能"],"positionAdvantage":"微软&amp;顶级国际投资公司高盛高管带你飞！","jobNature":"实习","workYear":"应届毕业生","approve":0,"score":0,"companySize":"少于15人","businessZones":["中关村","北京大学","五道口"],"imState":"today","lastLogin":1472547366000,"publisherId":600279,"explain":null,"plus":null,"pcShow":0,"appShow":0,"deliver":0,"gradeDescription":null,"companyFullName":"普斯科技","adWord":0},{"formatCreateTime":"2016-08-26","createTime":"2016-08-26 18:15:11","companyId":5654,"positionName":"C++","education":"本科","city":"北京","positionId":2295082,"financeStage":"上市公司","companyShortName":"中信证券","companyLogo":"image1/M00/00/0C/Cgo8PFTUWB-AYFdvAAB-7LCi21k786.png","salary":"20k-40k","industryField":"金融","district":"朝阳区","companyLabelList":["年底双薪","股票期权","带薪年假","绩效奖金"],"positionAdvantage":"优厚待遇，良好发展前景","jobNature":"全职","workYear":"3-5年","approve":0,"score":0,"companySize":"500-2000人","businessZones":["三元桥","麦子店","亮马桥"],"imState":"disabled","lastLogin":1472558344000,"publisherId":6001232,"explain":null,"plus":null,"pcShow":0,"appShow":0,"deliver":0,"gradeDescription":null,"companyFullName":"中信证券股份有限公司","adWord":0},{"formatCreateTime":"2016-08-26","createTime":"2016-08-26 17:51:23","companyId":120586,"positionName":"C#/C++","education":"本科","city":"北京","positionId":1689527,"financeStage":"成长型(A轮)","companyShortName":"北京汽车易生活","companyLogo":"i/image/M00/16/DF/CgqKkVbwrbmAIu93AABOF1lWjhY194.png","salary":"10k-15k","industryField":"移动互联网,企业服务","district":"西城区","companyLabelList":null,"positionAdvantage":"五险一金，免费午餐，带薪年假，年度旅游","jobNature":"全职","workYear":"1-3年","approve":0,"score":0,"companySize":"15-50人","businessZones":["广安门","广外大街","天宁寺","广安门","广外大街","天宁寺"],"imState":"threeDays","lastLogin":1472436637000,"publisherId":3601419,"explain":null,"plus":null,"pcShow":0,"appShow":0,"deliver":0,"gradeDescription":null,"companyFullName":"北京汽车易生活网络科技有限公司","adWord":0},{"formatCreateTime":"2016-08-26","createTime":"2016-08-26 17:40:40","companyId":9995,"positionName":"C","education":"大专","city":"北京","positionId":2294819,"financeStage":"上市公司","companyShortName":"北京天融信公司","companyLogo":"i/image/M00/00/96/Cgp3O1ZOk2WAF-VNAABfjim7IyU208.jpg","salary":"8k-16k","industryField":"信息安全","district":"海淀区","companyLabelList":["五险一金","弹性工作","交通补助","定期体检"],"positionAdvantage":"信息安全,七险一金,技术大牛,年终奖","jobNature":"全职","workYear":"不限","approve":1,"score":0,"companySize":"2000人以上","businessZones":["西二旗"],"imState":"overSevenDays","lastLogin":1471488133000,"publisherId":5630085,"explain":null,"plus":null,"pcShow":0,"appShow":0,"deliver":0,"gradeDescription":null,"companyFullName":"北京天融信网络安全","adWord":0},{"formatCreateTime":"2016-08-26","createTime":"2016-08-26 17:38:29","companyId":16875,"positionName":"Linux C语言开发工程师","education":"本科","city":"北京","positionId":1605466,"financeStage":"上市公司","companyShortName":"东方国信","companyLogo":"image1/M00/1D/F5/CgYXBlUswf-AKt2VAABL7N5-Qtg170.jpg","salary":"15k-25k","industryField":"数据服务","district":"朝阳区","companyLabelList":["大数据软件","技能培训","节日礼物","年底双薪"],"positionAdvantage":"五险一金，双休，有餐补、年终奖、奖金","jobNature":"全职","workYear":"3-5年","approve":1,"score":0,"companySize":"2000人以上","businessZones":["来广营","望京","来广营","望京"],"imState":"disabled","lastLogin":1472551566000,"publisherId":4539721,"explain":null,"plus":null,"pcShow":0,"appShow":0,"deliver":0,"gradeDescription":null,"companyFullName":"北京东方国信科技股份有限公司","adWord":0},{"formatCreateTime":"2016-08-26","createTime":"2016-08-26 17:31:23","companyId":47519,"positionName":"C++","education":"本科","city":"北京","positionId":2256580,"financeStage":"上市公司","companyShortName":"圣博润","companyLogo":"image1/M00/00/7B/Cgo8PFTUXbyAYwKhAAA3JeVMP4g210.jpg","salary":"10k-15k","industryField":"信息安全","district":"海淀区","companyLabelList":null,"positionAdvantage":"五险一金,福利补助,生日会,人性化管理","jobNature":"全职","workYear":"1-3年","approve":0,"score":0,"companySize":"150-500人","businessZones":["西直门","动物园","交通大学"],"imState":"overSevenDays","lastLogin":1471569762000,"publisherId":5940934,"explain":null,"plus":null,"pcShow":0,"appShow":0,"deliver":0,"gradeDescription":null,"companyFullName":"北京圣博润高新技术股份有限公司","adWord":0},{"formatCreateTime":"2016-08-26","createTime":"2016-08-26 17:30:43","companyId":72460,"positionName":"C++ 高级研发","education":"本科","city":"北京","positionId":1363874,"financeStage":"成长型(A轮)","companyShortName":"金山安全","companyLogo":"image1/M00/2E/DF/CgYXBlV_062AXg7gAAAP1eH_jdM928.png","salary":"10k-20k","industryField":"信息安全","district":"朝阳区","companyLabelList":["带薪年假","绩效奖金","扁平管理","定期体检"],"positionAdvantage":"6险1金、餐补、免邮饮料","jobNature":"全职","workYear":"1-3年","approve":1,"score":0,"companySize":"50-150人","businessZones":["安贞","安华","和平街"],"imState":"disabled","lastLogin":1472551363000,"publisherId":3060190,"explain":null,"plus":null,"pcShow":0,"appShow":0,"deliver":0,"gradeDescription":null,"companyFullName":"北京金山安全管理系统技术有限公司","adWord":0},{"formatCreateTime":"2016-08-26","createTime":"2016-08-26 17:27:05","companyId":24022,"positionName":"C++开发工程师","education":"本科","city":"北京","positionId":1718521,"financeStage":"成长型(B轮)","companyShortName":"容联云通讯","companyLogo":"image1/M00/00/30/Cgo8PFTUXIOABuGaAAA6UOSKoT4369.jpg","salary":"15k-20k","industryField":"移动互联网,数据服务","district":"朝阳区","companyLabelList":["年底双薪","五险一金","带薪年假","节日礼物"],"positionAdvantage":"团队活跃、小伙伴Nice、福利多多！","jobNature":"全职","workYear":"1-3年","approve":1,"score":0,"companySize":"150-500人","businessZones":["望京","花家地","来广营"],"imState":"today","lastLogin":1472546210000,"publisherId":105175,"explain":null,"plus":null,"pcShow":0,"appShow":0,"deliver":0,"gradeDescription":null,"companyFullName":"北京容联易通信息技术有限公司","adWord":0},{"formatCreateTime":"2016-08-26","createTime":"2016-08-26 17:23:15","companyId":61511,"positionName":"C++高级软件工程师（三维方向）","education":"本科","city":"北京","positionId":2178203,"financeStage":"初创型(不需要融资)","companyShortName":"数之行","companyLogo":"image1/M00/1A/E5/CgYXBlUd-rqAQ_0ZAABpf8-szJE269.png","salary":"15k-25k","industryField":"其他","district":"海淀区","companyLabelList":["军工软件行业","交通补助","午餐补助","年度旅游"],"positionAdvantage":"军工行业,住房补贴,年度调薪,股权激励","jobNature":"全职","workYear":"3-5年","approve":1,"score":0,"companySize":"15-50人","businessZones":null,"imState":"today","lastLogin":1472541304000,"publisherId":1544530,"explain":null,"plus":null,"pcShow":0,"appShow":0,"deliver":0,"gradeDescription":null,"companyFullName":"北京数之行科技有限公司","adWord":0}]}},"code":0}