{"success":true,"requestId":null,"msg":null,"resubmitToken":null,"content":{"pageNo":22,"pageSize":15,"positionResult":{"totalCount":1236,"resultSize":15,"locationInfo":{"city":"北京","district":null,"queryByGisCode":false,"businessZone":null,"locationCode":null},"queryAnalysisInfo":{"positionName":"c","companyName":null,"usefulCompany":false,"industryName":null},"strategyProperty":{"name":"dm-csearch-newSimScorer","id":1},"result":[{"companyId":115219,"companyShortName":"瑞致泰华","createTime":"2016-08-27 13:27:38","positionId":2117098,"positionAdvantage":"周末双休 稳定性高 沟通轻松 公司福利","salary":"20k-30k","score":0,"workYear":"5-10年","education":"本科","city":"北京","positionName":"C/C++开发经理","companyLogo":"i/image/M00/04/2A/CgqKkVbGwfSASRLZAAAIEPAXMoU672.png","financeStage":"初创型(不需要融资)","industryField":"信息安全,硬件","jobNature":"全职","approve":0,"companySize":"15-50人","district":null,"companyLabelList":["绩效奖金","带薪年假","午餐补助","定期体检"],"adWord":0,"appShow":0,"deliver":0,"formatCreateTime":"3天前发布","gradeDescription":null,"companyFullName":"北京瑞致泰华科技有限公司","businessZones":null,"imState":"today","lastLogin":1472550319000,"publisherId":3870732,"explain":null,"plus":null,"pcShow":0},{"companyId":61511,"companyShortName":"数之行","createTime":"2016-08-26 17:23:11","positionId":798985,"positionAdvantage":"五险一金，年休假，年终双薪、项目奖金","salary":"10k-15k","score":0,"workYear":"3-5年","education":"本科","city":"北京","positionName":"QT（C++)软件工程师","companyLogo":"image1/M00/1A/E5/CgYXBlUd-rqAQ_0ZAABpf8-szJE269.png","financeStage":"初创型(不需要融资)","industryField":"其他","jobNature":"全职","approve":1,"companySize":"15-50人","district":"海淀区","companyLabelList":["军工软件行业","交通补助","午餐补助","年度旅游"],"adWord":0,"appShow":0,"deliver":0,"formatCreateTime":"2016-08-26","gradeDescription":null,"companyFullName":"北京数之行科技有限公司","businessZones":null,"imState":"today","lastLogin":1472541304000,"publisherId":1544530,"explain":null,"plus":null,"pcShow":0},{"companyId":62204,"companyShortName":"博汇科技","createTime":"2016-08-26 15:18:11","positionId":943604,"positionAdvantage":"团队氛围好 绩效奖多多 弹性工时 带薪假期","salary":"8k-12k","score":0,"workYear":"不限","education":"不限","city":"北京","positionName":"C++","companyLogo":"image1/M00/1C/1C/CgYXBlUkxxuAJQcTAABQiKAjnX8636.jpg","financeStage":"成长型(不需要融资)","industryField":"硬件,文化娱乐","jobNature":"全职","approve":1,"companySize":"150-500人","district":"海淀区","companyLabelList":["技能培训","绩效奖金","年度旅游","岗位晋升"],"adWord":0,"appShow":0,"deliver":0,"formatCreateTime":"2016-08-26","gradeDescription":null,"companyFullName":"北京市博汇科技股份有限公司","businessZones":null,"imState":"today","lastLogin":1472533269000,"publisherId":1559567,"explain":null,"plus":null,"pcShow":0},{"companyId":84958,"companyShortName":"腾客科技","createTime":"2016-08-26 15:12:15","positionId":2293649,"positionAdvantage":"五险一金、期权激励、年度旅游等","salary":"12k-24k","score":0,"workYear":"1-3年","education":"本科","city":"北京","positionName":"C","companyLogo":"i/image/M00/2C/A0/CgqKkVc5rXGADO45AAAKs5KUdYY764.jpg","financeStage":"初创型(天使轮)","industryField":"移动互联网,硬件","jobNature":"全职","approve":0,"companySize":"少于15人","district":"海淀区","companyLabelList":["岗位晋升","管理规范","午餐补助","年底双薪"],"adWord":0,"appShow":0,"deliver":0,"formatCreateTime":"2016-08-26","gradeDescription":null,"companyFullName":"北京市腾客科技有限公司","businessZones":["五道口","清华大学","中关村"],"imState":"today","lastLogin":1472544618000,"publisherId":3914215,"explain":null,"plus":null,"pcShow":0},{"companyId":53601,"companyShortName":"三易思创","createTime":"2016-08-26 15:07:47","positionId":1724690,"positionAdvantage":"项目奖金 企业前景好","salary":"10k-15k","score":0,"workYear":"3-5年","education":"本科","city":"北京","positionName":"C#","companyLogo":"i/image/M00/01/E2/CgqKkVZ6QkaAef_rAAAZgYyZGWk629.jpg","financeStage":"初创型(不需要融资)","industryField":"移动互联网,电子商务","jobNature":"全职","approve":1,"companySize":"15-50人","district":"海淀区","companyLabelList":["技能培训","年底双薪","带薪年假","绩效奖金"],"adWord":0,"appShow":0,"deliver":0,"formatCreateTime":"2016-08-26","gradeDescription":null,"companyFullName":"北京三易思创科技有限公司","businessZones":["清河","小营","西三旗"],"imState":"disabled","lastLogin":1472518628000,"publisherId":1337078,"explain":null,"plus":null,"pcShow":0},{"companyId":101375,"companyShortName":"科富兴","createTime":"2016-08-26 14:56:34","positionId":1721296,"positionAdvantage":"良好的职业发展前景","salary":"8k-15k","score":0,"workYear":"3-5年","education":"本科","city":"北京","positionName":"C++ 浏览器插件开发","companyLogo":"image2/M00/0E/4A/CgqLKVYkhqSAbFfVAAAvdccV0LU879.jpg?cc=0.7628558536525816","financeStage":"成长型(不需要融资)","industryField":"移动互联网,信息安全","jobNature":"全职","approve":0,"companySize":"50-150人","district":"丰台区","companyLabelList":["节日礼物","年底双薪","专项奖金","带薪年假"],"adWord":0,"appShow":0,"deliver":0,"formatCreateTime":"2016-08-26","gradeDescription":null,"companyFullName":"北京科富兴科技有限公司","businessZones":["科技园区","看丹桥","北大地"],"imState":"disabled","lastLogin":1472537206000,"publisherId":2870933,"explain":null,"plus":null,"pcShow":0},{"companyId":17199,"companyShortName":"艺动娱乐","createTime":"2016-08-26 14:43:14","positionId":1934815,"positionAdvantage":"工作环境好 氛围好 公园办公","salary":"10k-20k","score":0,"workYear":"1-3年","education":"本科","city":"北京","positionName":"C++游戏服务端开发工程师","companyLogo":"image1/M00/00/20/Cgo8PFTUWG6AMVBoAAB-g19DVyQ688.jpg","financeStage":"成熟型(C轮)","industryField":"移动互联网,游戏","jobNature":"全职","approve":0,"companySize":"50-150人","district":"朝阳区","companyLabelList":["年终分红","五险一金","带薪年假","节日礼物"],"adWord":0,"appShow":0,"deliver":0,"formatCreateTime":"2016-08-26","gradeDescription":null,"companyFullName":"艺动创新科技有限公司","businessZones":["酒仙桥","大山子","将台路"],"imState":"today","lastLogin":1472522816000,"publisherId":3652077,"explain":null,"plus":null,"pcShow":0},{"companyId":92297,"companyShortName":"子衿晨风","createTime":"2016-08-26 14:41:36","positionId":1511884,"positionAdvantage":"匹配薪资、高科技玩具、娱乐活动丰富","salary":"10k-15k","score":0,"workYear":"1-3年","education":"本科","city":"北京","positionName":"C++软件工程师","companyLogo":"image2/M00/00/37/CgpzWlXdYzaAc1ShAAAW6ZvkGso126.jpg?cc=0.17900392413139343","financeStage":"成长型(B轮)","industryField":"移动互联网,企业服务","jobNature":"全职","approve":1,"companySize":"15-50人","district":"朝阳区","companyLabelList":["节日礼物","股票期权","带薪年假","管理规范"],"adWord":0,"appShow":0,"deliver":0,"formatCreateTime":"2016-08-26","gradeDescription":null,"companyFullName":"北京子衿晨风科技有限公司","businessZones":["望京","大山子","花家地"],"imState":"today","lastLogin":1472526786000,"publisherId":1498206,"explain":null,"plus":null,"pcShow":0},{"companyId":55137,"companyShortName":"贝瑞和康","createTime":"2016-08-26 14:07:24","positionId":2064110,"positionAdvantage":"七险一金 工作环境好 团队氛围好","salary":"10k-15k","score":0,"workYear":"1-3年","education":"本科","city":"北京","positionName":"C++","companyLogo":"i/image/M00/07/9C/CgqKkVbOlI6AShZCAAAVDbUFOFY087.jpg","financeStage":"成长型(B轮)","industryField":"医疗健康","jobNature":"全职","approve":1,"companySize":"500-2000人","district":"朝阳区","companyLabelList":["技能培训","节日礼物","免费班车","带薪年假"],"adWord":0,"appShow":0,"deliver":0,"formatCreateTime":"2016-08-26","gradeDescription":null,"companyFullName":"北京贝瑞和康生物技术股份有限公司","businessZones":null,"imState":"today","lastLogin":1472549569000,"publisherId":5545448,"explain":null,"plus":null,"pcShow":0},{"companyId":127532,"companyShortName":"依通科技","createTime":"2016-08-26 13:49:20","positionId":2176843,"positionAdvantage":"免费饮料,免费咖啡,餐补,交通补","salary":"10k-15k","score":0,"workYear":"3-5年","education":"大专","city":"北京","positionName":"C++工程师","companyLogo":"i/image/M00/26/DB/Cgp3O1cjFKiAKDFVAAAJN3zidPU764.png","financeStage":"初创型(未融资)","industryField":"移动互联网","jobNature":"全职","approve":1,"companySize":"15-50人","district":"海淀区","companyLabelList":["带薪年假","午餐补助","绩效奖金","交通补助"],"adWord":0,"appShow":0,"deliver":0,"formatCreateTime":"2016-08-26","gradeDescription":null,"companyFullName":"依通（北京）科技有限公司","businessZones":null,"imState":"sevenDays","lastLogin":1472202223000,"publisherId":3953006,"explain":null,"plus":null,"pcShow":0},{"companyId":29697,"companyShortName":"方圆奇正","createTime":"2016-08-26 13:45:03","positionId":2069581,"positionAdvantage":"五险一金 弹性工作时间","salary":"15k-20k","score":0,"workYear":"3-5年","education":"大专","city":"北京","positionName":"C++开发工程师","companyLogo":"i/image/M00/47/3B/CgqKkVeO9LOAcy2hAAAbBjBdgqo275.png","financeStage":"初创型(未融资)","industryField":"移动互联网,游戏","jobNature":"全职","approve":1,"companySize":"50-150人","district":null,"companyLabelList":["节日礼物","团建","绩效奖金","岗位晋升"],"adWord":0,"appShow":0,"deliver":0,"formatCreateTime":"2016-08-26","gradeDescription":null,"companyFullName":"北京方圆奇正数码科技有限公司","businessZones":null,"imState":"disabled","lastLogin":1472549422000,"publisherId":416058,"explain":null,"plus":null,"pcShow":0},{"companyId":1650,"companyShortName":"联想集团","createTime":"2016-08-26 13:12:41","positionId":2292857,"positionAdvantage":"技术氛围优团队实力强,联想正编,互联网项目","salary":"15k-30k","score":0,"workYear":"不限","education":"不限","city":"北京","positionName":"客户端工具C++高级开发工程师","companyLogo":"i/image/M00/01/59/Cgp3O1Zn9kCAAW4jAABX8W4A-fw360.jpg","financeStage":"上市公司","industryField":"移动互联网,数据服务","jobNature":"全职","approve":1,"companySize":"2000人以上","district":null,"companyLabelList":["技能培训","待遇优厚","晋升空间","五险一金"],"adWord":0,"appShow":0,"deliver":0,"formatCreateTime":"2016-08-26","gradeDescription":null,"companyFullName":"联想（北京）有限公司","businessZones":null,"imState":"today","lastLogin":1472524935000,"publisherId":3906792,"explain":null,"plus":null,"pcShow":0},{"companyId":105852,"companyShortName":"悦琦医疗","createTime":"2016-08-26 13:03:44","positionId":2197764,"positionAdvantage":"朝阳行业，伙伴nice，下午茶歇， 福利齐全","salary":"15k-25k","score":0,"workYear":"5-10年","education":"本科","city":"北京","positionName":"c#高级软件工程师","companyLogo":"image2/M00/15/5C/CgqLKVZC0t-AKYWeAAAUhD0BJZQ817.jpg?cc=0.8042706234846264","financeStage":"成长型(不需要融资)","industryField":"医疗健康","jobNature":"全职","approve":1,"companySize":"50-150人","district":null,"companyLabelList":["节日礼物","年底双薪","带薪年假","绩效奖金"],"adWord":0,"appShow":0,"deliver":0,"formatCreateTime":"2016-08-26","gradeDescription":null,"companyFullName":"北京悦琦创通科技有限公司","businessZones":null,"imState":"disabled","lastLogin":1472186717000,"publisherId":3132520,"explain":null,"plus":null,"pcShow":0},{"companyId":520,"companyShortName":"小米","createTime":"2016-08-26 13:03:44","positionId":1726246,"positionAdvantage":"在小米梦想有温度","salary":"15k-30k","score":0,"workYear":"1-3年","education":"本科","city":"北京","positionName":"C++软件开发工程师","companyLogo":"image1/M00/00/03/CgYXBlTUV_uAY85GAAAVtFKXIv8322.jpg","financeStage":"成熟型(D轮及以上)","industryField":"移动互联网","jobNature":"全职","approve":1,"companySize":"2000人以上","district":"海淀区","companyLabelList":["快速成长","免费班车","扁平管理","技能培训"],"adWord":0,"appShow":0,"deliver":0,"formatCreateTime":"2016-08-26","gradeDescription":null,"companyFullName":"北京小米科技有限责任公司","businessZones":["清河","小营","上地","清河","小营","上地"],"imState":"today","lastLogin":1472556140000,"publisherId":4787943,"explain":null,"plus":null,"pcShow":0},{"companyId":23727,"companyShortName":"知网","createTime":"2016-08-26 13:01:02","positionId":2088027,"positionAdvantage":"五险二金、年假、免费早午餐、住宿","salary":"8k-15k","score":0,"workYear":"1-3年","education":"本科","city":"北京","positionName":"C++","companyLogo":"i/image/M00/00/6D/CgqKkVZJj_qAIz4tAAAZsDXnarY482.jpg","financeStage":"上市公司","industryField":"移动互联网,电子商务","jobNature":"全职","approve":1,"companySize":"2000人以上","district":"海淀区","companyLabelList":["美女多多","带薪年假","绩效奖金","岗位晋升"],"adWord":0,"appShow":0,"deliver":0,"formatCreateTime":"2016-08-26","gradeDescription":null,"companyFullName":"同方知网（北京）技术有限公司","businessZones":["西三旗","清河","小营"],"imState":"disabled","lastLogin":1472533864000,"publisherId":2006268,"explain":null,"plus":null,"pcShow":0}]}},"code":0}