{"success":true,"requestId":null,"msg":null,"resubmitToken":null,"content":{"pageNo":24,"pageSize":15,"positionResult":{"totalCount":1236,"resultSize":15,"locationInfo":{"city":"北京","district":null,"queryByGisCode":false,"businessZone":null,"locationCode":null},"queryAnalysisInfo":{"positionName":"c","companyName":null,"usefulCompany":false,"industryName":null},"strategyProperty":{"name":"dm-csearch-newSimScorer","id":1},"result":[{"companyId":36513,"companyShortName":"微创","createTime":"2016-08-26 10:48:18","positionId":1876413,"positionAdvantage":"六险一金 带薪年假 带薪病假","salary":"15k-30k","score":0,"workYear":"3-5年","education":"本科","city":"北京","positionName":"高级软件工程师（Python/C++等）","companyLogo":"i/image/M00/01/B2/Cgp3O1Zzr9GAdpGkAAAWW2BuXJc040.png","financeStage":"成熟型(不需要融资)","industryField":"移动互联网,电子商务","jobNature":"全职","approve":0,"companySize":"2000人以上","district":"海淀区","companyLabelList":["年底双薪","节日礼物","技能培训","免费班车"],"adWord":0,"appShow":0,"deliver":0,"formatCreateTime":"2016-08-26","gradeDescription":null,"companyFullName":"上海微创软件股份有限公司北京分公司","businessZones":null,"imState":"disabled","lastLogin":1472548267000,"publisherId":3435204,"explain":null,"plus":null,"pcShow":0},{"companyId":93436,"companyShortName":"神武互动","createTime":"2016-08-26 10:39:31","positionId":2033335,"positionAdvantage":"发展空间大 大神带 美女多 福利好","salary":"4k-5k","score":0,"workYear":"不限","education":"大专","city":"北京","positionName":"C++实习生","companyLogo":"image2/M00/01/BD/CgpzWlXlTV2AKKr-AAAPbrDFCiw480.jpg?cc=0.860534084299191","financeStage":"初创型(天使轮)","industryField":"游戏","jobNature":"全职","approve":0,"companySize":"50-150人","district":"朝阳区","companyLabelList":["绩效奖金","岗位晋升","扁平管理","管理规范"],"adWord":0,"appShow":0,"deliver":0,"formatCreateTime":"2016-08-26","gradeDescription":null,"companyFullName":"北京神武互动网络技术公司","businessZones":["来广营","望京"],"imState":"disabled","lastLogin":1472179163000,"publisherId":2439015,"explain":null,"plus":null,"pcShow":0},{"companyId":1686,"companyShortName":"爱奇艺","createTime":"2016-08-26 10:35:09","positionId":1621607,"positionAdvantage":"14薪 12天带薪年假 六险一金 项目奖金","salary":"15k-25k","score":0,"workYear":"3-5年","education":"本科","city":"北京","positionName":"C/C++网络开发高级工程师","companyLogo":"image1/M00/00/06/Cgo8PFTUWAaAbD7PAACAXTzCmiw113.jpg","financeStage":"成熟型(D轮及以上)","industryField":"广告营销,文化娱乐","jobNature":"全职","approve":1,"companySize":"2000人以上","district":"海淀区","companyLabelList":["绩效奖金","五险一金","交通补助","带薪年假"],"adWord":0,"appShow":0,"deliver":0,"formatCreateTime":"2016-08-26","gradeDescription":null,"companyFullName":"北京爱奇艺科技有限公司","businessZones":["中关村","北京大学","苏州街"],"imState":"disabled","lastLogin":1472553945000,"publisherId":8305,"explain":null,"plus":null,"pcShow":0},{"companyId":46067,"companyShortName":"乐学在线","createTime":"2016-08-26 10:30:01","positionId":1813493,"positionAdvantage":"免费早餐、午餐补助、补充医保、发展迅速","salary":"15k-25k","score":0,"workYear":"3-5年","education":"本科","city":"北京","positionName":"c++客户端开发工程师","companyLogo":"image1/M00/1C/DD/CgYXBlUnc1WAA02eAAB_Hk-vxvA120.png","financeStage":"成长型(A轮)","industryField":"教育","jobNature":"全职","approve":1,"companySize":"50-150人","district":"海淀区","companyLabelList":["节日礼物","股票期权","年度旅游","扁平管理"],"adWord":0,"appShow":0,"deliver":0,"formatCreateTime":"2016-08-26","gradeDescription":null,"companyFullName":"北京乐学创想教育科技有限公司","businessZones":["苏州街","万泉河","颐和园"],"imState":"disabled","lastLogin":1472277051000,"publisherId":5061604,"explain":null,"plus":null,"pcShow":0},{"companyId":107435,"companyShortName":"熊猫TV","createTime":"2016-08-26 10:19:14","positionId":2245133,"positionAdvantage":"CEO是王思聪~","salary":"15k-30k","score":0,"workYear":"3-5年","education":"本科","city":"北京","positionName":"Linux C++","companyLogo":"i/image/M00/50/6F/Cgp3O1ez-maAVqVvAACHDXnYX1w719.png","financeStage":"初创型(未融资)","industryField":"移动互联网,文化娱乐","jobNature":"全职","approve":0,"companySize":"150-500人","district":"朝阳区","companyLabelList":["年底双薪","带薪年假","午餐补助","绩效奖金"],"adWord":0,"appShow":0,"deliver":0,"formatCreateTime":"2016-08-26","gradeDescription":null,"companyFullName":"上海熊猫互娱文化有限公司北京分公司","businessZones":["望京","大山子","花家地"],"imState":"disabled","lastLogin":1472186618000,"publisherId":3230721,"explain":null,"plus":null,"pcShow":0},{"companyId":49865,"companyShortName":"赛诺威盛","createTime":"2016-08-26 10:17:18","positionId":2291546,"positionAdvantage":"技术大牛、七险一金、团队氛围好","salary":"8k-16k","score":0,"workYear":"不限","education":"本科","city":"北京","positionName":"C++软件开发","companyLogo":"image1/M00/3B/D3/Cgo8PFWx2NiACrwkAAB4_YLpE0k142.png","financeStage":"成长型(B轮)","industryField":"医疗健康","jobNature":"全职","approve":1,"companySize":"50-150人","district":"大兴区","companyLabelList":["带薪年假","通讯津贴","五险一金","定期体检"],"adWord":0,"appShow":0,"deliver":0,"formatCreateTime":"2016-08-26","gradeDescription":null,"companyFullName":"赛诺威盛科技（北京）有限公司","businessZones":null,"imState":"disabled","lastLogin":1472538447000,"publisherId":3742783,"explain":null,"plus":null,"pcShow":0},{"companyId":87620,"companyShortName":"汉仪字库","createTime":"2016-08-26 10:15:08","positionId":1901116,"positionAdvantage":"弹性工作制,福利待遇优,靠谱团队,进步空间大","salary":"8k-15k","score":0,"workYear":"不限","education":"本科","city":"北京","positionName":"C#","companyLogo":"i/image/M00/27/93/CgqKkVcoViOADsqpAAA4AQwevkc011.png","financeStage":"成长型(不需要融资)","industryField":"移动互联网,文化娱乐","jobNature":"全职","approve":1,"companySize":"50-150人","district":"海淀区","companyLabelList":["技能培训","节日礼物","带薪年假","绩效奖金"],"adWord":0,"appShow":0,"deliver":0,"formatCreateTime":"2016-08-26","gradeDescription":null,"companyFullName":"北京汉仪科印信息技术有限公司","businessZones":["公主坟","万寿路"],"imState":"sevenDays","lastLogin":1472178260000,"publisherId":2398507,"explain":null,"plus":null,"pcShow":0},{"companyId":4286,"companyShortName":"竞技世界","createTime":"2016-08-26 10:03:49","positionId":2170411,"positionAdvantage":"过节费,年终奖,境内外游,健康体检","salary":"20k-30k","score":0,"workYear":"3-5年","education":"本科","city":"北京","positionName":"C++","companyLogo":"image1/M00/00/0A/Cgo8PFTUWBeAP0x-AABLzvA2eJ0892.png","financeStage":"成熟型(不需要融资)","industryField":"移动互联网,游戏","jobNature":"全职","approve":1,"companySize":"500-2000人","district":null,"companyLabelList":["节日礼物","技能培训","年底双薪","年度旅游"],"adWord":0,"appShow":0,"deliver":0,"formatCreateTime":"2016-08-26","gradeDescription":null,"companyFullName":"竞技世界（北京）网络技术有限公司","businessZones":null,"imState":"today","lastLogin":1472543919000,"publisherId":5509129,"explain":null,"plus":null,"pcShow":0},{"companyId":52449,"companyShortName":"超级球场","createTime":"2016-08-26 10:01:12","positionId":1583677,"positionAdvantage":"运动、健康、智能，发展空间广阔。","salary":"10k-20k","score":0,"workYear":"3-5年","education":"本科","city":"北京","positionName":"C++开发工程师","companyLogo":"i/image/M00/4C/38/CgqKkVehu8SAZKBsAAArwH_kMTI333.png","financeStage":"成长型(A轮)","industryField":"移动互联网,硬件","jobNature":"全职","approve":1,"companySize":"15-50人","district":"朝阳区","companyLabelList":["专项奖金","股票期权","扁平管理","帅哥多"],"adWord":0,"appShow":0,"deliver":0,"formatCreateTime":"2016-08-26","gradeDescription":null,"companyFullName":"北京海石天杰科技有限公司","businessZones":["望京","大山子","花家地"],"imState":"threeDays","lastLogin":1472359132000,"publisherId":1311380,"explain":null,"plus":null,"pcShow":0},{"companyId":7292,"companyShortName":"畅聊天下(派派交友）","createTime":"2016-08-26 10:00:54","positionId":1635500,"positionAdvantage":"期权，期权，期权!!!","salary":"15k-30k","score":0,"workYear":"3-5年","education":"本科","city":"北京","positionName":"C++服务器开发工程师","companyLogo":"image1/M00/1A/42/CgYXBlUbifGASvN9AACTHYLzJKc557.jpg","financeStage":"成长型(B轮)","industryField":"移动互联网","jobNature":"全职","approve":1,"companySize":"150-500人","district":"海淀区","companyLabelList":["年底双薪","午餐补助","带薪年假","股票期权"],"adWord":0,"appShow":0,"deliver":0,"formatCreateTime":"2016-08-26","gradeDescription":null,"companyFullName":"北京畅聊天下科技有限公司","businessZones":["上地","西二旗","马连洼"],"imState":"today","lastLogin":1472551885000,"publisherId":3616515,"explain":null,"plus":null,"pcShow":0},{"companyId":101299,"companyShortName":"长天科技","createTime":"2016-08-26 09:53:19","positionId":2291261,"positionAdvantage":"五险一金、带薪年假","salary":"8k-13k","score":0,"workYear":"1-3年","education":"本科","city":"北京","positionName":"C++","companyLogo":"image2/M00/0E/32/CgpzWlYkXWKAKxfnAAASDShW0hE295.jpg?cc=0.26237007273995594","financeStage":"上市公司","industryField":"移动互联网,电子商务","jobNature":"全职","approve":1,"companySize":"500-2000人","district":"西城区","companyLabelList":["技能培训","岗位晋升","管理规范","定期体检"],"adWord":0,"appShow":0,"deliver":0,"formatCreateTime":"2016-08-26","gradeDescription":null,"companyFullName":"长天科技有限公司","businessZones":null,"imState":"disabled","lastLogin":1472437695000,"publisherId":2866990,"explain":null,"plus":null,"pcShow":0},{"companyId":7903,"companyShortName":"天鹏恒宇","createTime":"2016-08-26 09:52:46","positionId":1541839,"positionAdvantage":"五险一金 全勤奖 餐补 绩效奖金","salary":"6k-9k","score":0,"workYear":"1-3年","education":"大专","city":"北京","positionName":"C#","companyLogo":"i/image/M00/22/3F/Cgp3O1cUgcOAUZ7EAACK8CqTjBs926.png","financeStage":"初创型(天使轮)","industryField":"金融,医疗健康","jobNature":"全职","approve":1,"companySize":"50-150人","district":"海淀区","companyLabelList":["绩效奖金","五险一金","带薪年假","午餐补助"],"adWord":0,"appShow":0,"deliver":0,"formatCreateTime":"2016-08-26","gradeDescription":null,"companyFullName":"北京天鹏恒宇科技发展有限公司","businessZones":["上地","西二旗","马连洼"],"imState":"overSevenDays","lastLogin":1471830313000,"publisherId":3130765,"explain":null,"plus":null,"pcShow":0},{"companyId":131545,"companyShortName":"邻萌宝","createTime":"2016-08-26 09:46:43","positionId":2256303,"positionAdvantage":"福利待遇","salary":"10k-20k","score":0,"workYear":"1-3年","education":"大专","city":"北京","positionName":"C++开发","companyLogo":"i/image/M00/3E/9A/Cgp3O1d02LqAbWEhAABr20pce4o217.png","financeStage":"成长型(A轮)","industryField":"移动互联网,游戏","jobNature":"全职","approve":0,"companySize":"15-50人","district":null,"companyLabelList":null,"adWord":0,"appShow":0,"deliver":0,"formatCreateTime":"2016-08-26","gradeDescription":null,"companyFullName":"瓦力必达科技（北京）有限公司","businessZones":null,"imState":"disabled","lastLogin":1472521392000,"publisherId":5180782,"explain":null,"plus":null,"pcShow":0},{"companyId":93925,"companyShortName":"凯泰铭","createTime":"2016-08-26 09:19:37","positionId":1784390,"positionAdvantage":"独栋办公楼完美职场晋升期权项目奖金样样有","salary":"8k-15k","score":0,"workYear":"3-5年","education":"本科","city":"北京","positionName":"C++开发工程师","companyLogo":"image2/M00/06/75/CgpzWlX6NRKAEAUjAABNM999VMQ023.png","financeStage":"初创型(天使轮)","industryField":"移动互联网,其他","jobNature":"全职","approve":1,"companySize":"50-150人","district":"朝阳区","companyLabelList":["节日礼物","股票期权","带薪年假","岗位晋升"],"adWord":0,"appShow":0,"deliver":0,"formatCreateTime":"2016-08-26","gradeDescription":null,"companyFullName":"凯泰铭科技(北京)有限公司","businessZones":["十里堡","四惠","八里庄"],"imState":"today","lastLogin":1472558707000,"publisherId":4986588,"explain":null,"plus":null,"pcShow":0},{"companyId":135820,"companyShortName":"联合信源","createTime":"2016-08-26 09:15:41","positionId":2007955,"positionAdvantage":"公司具有非常大的发展前景，员工福利待遇好","salary":"6k-12k","score":0,"workYear":"1-3年","education":"本科","city":"北京","positionName":"C++软件工程师","companyLogo":"i/image/M00/3B/AF/Cgp3O1dsnsmAR4pgAAAX8BOA8pk727.jpg","financeStage":"初创型(未融资)","industryField":"移动互联网,电子商务","jobNature":"全职","approve":0,"companySize":"15-50人","district":"海淀区","companyLabelList":null,"adWord":0,"appShow":0,"deliver":0,"formatCreateTime":"2016-08-26","gradeDescription":null,"companyFullName":"联合信源数字音视频技术（北京）有限公司","businessZones":["西二旗","龙泽","回龙观"],"imState":"sevenDays","lastLogin":1472173921000,"publisherId":5435758,"explain":null,"plus":null,"pcShow":0}]}},"code":0}