{"resubmitToken":null,"success":true,"requestId":null,"msg":null,"content":{"pageNo":25,"pageSize":15,"positionResult":{"totalCount":1236,"resultSize":15,"locationInfo":{"city":"北京","district":null,"queryByGisCode":false,"businessZone":null,"locationCode":null},"queryAnalysisInfo":{"positionName":"c","companyName":null,"industryName":null,"usefulCompany":false},"strategyProperty":{"name":"dm-csearch-newSimScorer","id":1},"result":[{"companyFullName":"上海微创软件股份有限公司北京分公司","adWord":0,"companyId":36513,"formatCreateTime":"2016-08-26","businessZones":null,"imState":"disabled","lastLogin":1472548267000,"positionId":1977230,"industryField":"移动互联网,电子商务","education":"本科","workYear":"3-5年","city":"北京","positionAdvantage":"六险一金 弹性工作 带薪年假 带薪病假","createTime":"2016-08-26 10:48:11","salary":"10k-20k","positionName":"C++\\C#\\Python","companySize":"2000人以上","companyShortName":"微创","companyLogo":"i/image/M00/01/B2/Cgp3O1Zzr9GAdpGkAAAWW2BuXJc040.png","financeStage":"成熟型(不需要融资)","approve":0,"jobNature":"全职","companyLabelList":["年底双薪","节日礼物","技能培训","免费班车"],"district":"海淀区","score":0,"publisherId":3435204,"explain":null,"plus":null,"pcShow":0,"appShow":0,"deliver":0,"gradeDescription":null},{"companyFullName":"北京爱奇艺科技有限公司","adWord":0,"companyId":1686,"formatCreateTime":"2016-08-26","businessZones":["中关村","北京大学","苏州街"],"imState":"disabled","lastLogin":1472553945000,"positionId":1764135,"industryField":"广告营销,文化娱乐","education":"本科","workYear":"3-5年","city":"北京","positionAdvantage":"六险一金 12天带薪年假 14薪","createTime":"2016-08-26 10:35:08","salary":"18k-36k","positionName":"C++推荐系统引擎开发","companySize":"2000人以上","companyShortName":"爱奇艺","companyLogo":"image1/M00/00/06/Cgo8PFTUWAaAbD7PAACAXTzCmiw113.jpg","financeStage":"成熟型(D轮及以上)","approve":1,"jobNature":"全职","companyLabelList":["绩效奖金","五险一金","交通补助","带薪年假"],"district":"海淀区","score":0,"publisherId":8305,"explain":null,"plus":null,"pcShow":0,"appShow":0,"deliver":0,"gradeDescription":null},{"companyFullName":"上海华腾软件系统有限公司","adWord":0,"companyId":26980,"formatCreateTime":"2016-08-26","businessZones":["东四","海运仓","东直门"],"imState":"today","lastLogin":1472535717000,"positionId":1866920,"industryField":"金融","education":"本科","workYear":"3-5年","city":"北京","positionAdvantage":"可接触银行核心系统 出差天津或大同","createTime":"2016-08-26 09:14:04","salary":"10k-16k","positionName":"C","companySize":"2000人以上","companyShortName":"上海华腾软件系统有限公司","companyLogo":"i/image/M00/00/13/CgqKkVYnW7aAXbvlAAA6B3nzAzM362.png","financeStage":"上市公司","approve":0,"jobNature":"全职","companyLabelList":["年底双薪","午餐补助","带薪年假","定期体检"],"district":"东城区","score":0,"publisherId":4831489,"explain":null,"plus":null,"pcShow":0,"appShow":0,"deliver":0,"gradeDescription":null},{"companyFullName":"北京人人投网络科技有限公司","adWord":0,"companyId":35876,"formatCreateTime":"2016-08-26","businessZones":["西客站","广外大街","天宁寺"],"imState":"disabled","lastLogin":1472547163000,"positionId":1762219,"industryField":"金融","education":"本科","workYear":"3-5年","city":"北京","positionAdvantage":"五险一金 带薪年假 股权激励","createTime":"2016-08-26 09:08:02","salary":"15k-20k","positionName":"C++","companySize":"500-2000人","companyShortName":"人人投","companyLogo":"image1/M00/26/24/CgYXBlVUGo-AFGUpAABi2LQSnhw239.gif","financeStage":"成长型(A轮)","approve":1,"jobNature":"全职","companyLabelList":["节日礼物","提供住宿","带薪年假","绩效奖金"],"district":"西城区","score":0,"publisherId":1674452,"explain":null,"plus":null,"pcShow":0,"appShow":0,"deliver":0,"gradeDescription":null},{"companyFullName":"北京浩瀚深度信息技术股份有限公司","adWord":0,"companyId":27072,"formatCreateTime":"2016-08-26","businessZones":null,"imState":"today","lastLogin":1472533086000,"positionId":2152514,"industryField":"硬件,数据服务","education":"本科","workYear":"3-5年","city":"北京","positionAdvantage":"发展前景、零食供应、待遇优厚、员工休息室","createTime":"2016-08-26 09:01:06","salary":"15k-20k","positionName":"C++","companySize":"150-500人","companyShortName":"浩瀚深度","companyLogo":"image1/M00/00/3A/CgYXBlTUXKqAbnErAADhxb664Us880.png","financeStage":"上市公司","approve":0,"jobNature":"全职","companyLabelList":["绩效奖金","年底双薪","五险一金","通讯津贴"],"district":null,"score":0,"publisherId":865828,"explain":null,"plus":null,"pcShow":0,"appShow":0,"deliver":0,"gradeDescription":null},{"companyFullName":"苏州万琦威电子股份有限公司","adWord":0,"companyId":111604,"formatCreateTime":"2016-08-26","businessZones":null,"imState":"today","lastLogin":1472538858000,"positionId":2282530,"industryField":"移动互联网,数据服务","education":"本科","workYear":"3-5年","city":"北京","positionAdvantage":"PC端,功能开发,迭代更新,运维","createTime":"2016-08-26 08:55:52","salary":"10k-20k","positionName":"C# .net开发工程师","companySize":"50-150人","companyShortName":"万琦威","companyLogo":"i/image/M00/02/2A/CgqKkVaEhV2ADJqiAAAE8EsF2AQ027.png","financeStage":"成长型(不需要融资)","approve":0,"jobNature":"全职","companyLabelList":["年底双薪","专项奖金","股票期权","绩效奖金"],"district":"朝阳区","score":0,"publisherId":3649025,"explain":null,"plus":null,"pcShow":0,"appShow":0,"deliver":0,"gradeDescription":null},{"companyFullName":"深圳云聚汇数码有限公司","adWord":0,"companyId":57455,"formatCreateTime":"2016-08-26","businessZones":["望京","花家地","来广营"],"imState":"today","lastLogin":1472546886000,"positionId":1820470,"industryField":"移动互联网","education":"本科","workYear":"3-5年","city":"北京","positionAdvantage":"期权激励、偏平管理、简单、阳光","createTime":"2016-08-26 08:54:15","salary":"20k-40k","positionName":"Linux C/C++后台工程师","companySize":"50-150人","companyShortName":"云聚汇","companyLogo":"i/image/M00/03/46/CgqKkVayscOAOKODAAGw-YcGT0Y311.png","financeStage":"成长型(A轮)","approve":0,"jobNature":"全职","companyLabelList":["绩效奖金","弹性工作","帅哥多","美女多"],"district":"朝阳区","score":0,"publisherId":1447573,"explain":null,"plus":null,"pcShow":0,"appShow":0,"deliver":0,"gradeDescription":null},{"companyFullName":"北京三快在线科技有限公司","adWord":0,"companyId":50702,"formatCreateTime":"2016-08-25","businessZones":["望京","来广营"],"imState":"today","lastLogin":1472575129000,"positionId":2253397,"industryField":"移动互联网,O2O","education":"不限","workYear":"3-5年","city":"北京","positionAdvantage":"免费班车股票期权带薪年假绩效奖金五险一金","createTime":"2016-08-25 19:36:44","salary":"15k-30k","positionName":"C端视觉设计师","companySize":"2000人以上","companyShortName":"美团点评","companyLogo":"i/image/M00/4B/6C/CgqKkVefHv-AFoRzAAAuALF7ZZ0419.png","financeStage":"成熟型(D轮及以上)","approve":1,"jobNature":"全职","companyLabelList":["技能培训","绩效奖金","岗位晋升","领导好"],"district":"朝阳区","score":0,"publisherId":1524021,"explain":null,"plus":null,"pcShow":0,"appShow":0,"deliver":0,"gradeDescription":null},{"companyFullName":"北京尚佳崇业教育科技有限公司","adWord":0,"companyId":7182,"formatCreateTime":"2016-08-25","businessZones":["望京"],"imState":"today","lastLogin":1472554384000,"positionId":2290483,"industryField":"电子商务,教育","education":"本科","workYear":"不限","city":"北京","positionAdvantage":"BAT团队+15薪+中国好老板（舍得给）","createTime":"2016-08-25 19:33:12","salary":"10k-20k","positionName":"C++研发工程师","companySize":"2000人以上","companyShortName":"尚德机构","companyLogo":"image1/M00/00/0F/Cgo8PFTUWCqAIq8oAAB5MvmojGc956.jpg","financeStage":"成熟型(C轮)","approve":1,"jobNature":"全职","companyLabelList":["绩效奖金","专项奖金","五险一金","带薪年假"],"district":"朝阳区","score":0,"publisherId":371879,"explain":null,"plus":null,"pcShow":0,"appShow":0,"deliver":0,"gradeDescription":null},{"companyFullName":"北京前方技术有限公司","adWord":0,"companyId":94800,"formatCreateTime":"2016-08-25","businessZones":["上地","马连洼","西二旗"],"imState":"today","lastLogin":1472521193000,"positionId":1081785,"industryField":"移动互联网,企业服务","education":"本科","workYear":"1-3年","city":"北京","positionAdvantage":"加入前方，这里才是你实现梦想的地方","createTime":"2016-08-25 18:32:56","salary":"6k-12k","positionName":"C#","companySize":"50-150人","companyShortName":"北京前方","companyLogo":"i/image/M00/00/07/CgqKkVYkkHKAVvMyAAAQgwv-uyM364.jpg","financeStage":"初创型(天使轮)","approve":0,"jobNature":"全职","companyLabelList":["年底双薪","股票期权","带薪年假","绩效奖金"],"district":"海淀区","score":0,"publisherId":2519307,"explain":null,"plus":null,"pcShow":0,"appShow":0,"deliver":0,"gradeDescription":null},{"companyFullName":"北京中公未来教育咨询有限公司","adWord":0,"companyId":22925,"formatCreateTime":"2016-08-25","businessZones":["清河"],"imState":"disabled","lastLogin":1472461076000,"positionId":2290234,"industryField":"教育","education":"不限","workYear":"1-3年","city":"北京","positionAdvantage":"五险一金、绩效奖金、包吃、带薪年假、体检","createTime":"2016-08-25 18:24:30","salary":"20k-30k","positionName":"C++","companySize":"2000人以上","companyShortName":"中公教育","companyLogo":"image1/M00/00/2C/CgYXBlTUXHSANv14AACziSSVvXc422.jpg","financeStage":"初创型(未融资)","approve":1,"jobNature":"全职","companyLabelList":["年终分红","绩效奖金","五险一金","带薪年假"],"district":"海淀区","score":0,"publisherId":671006,"explain":null,"plus":null,"pcShow":0,"appShow":0,"deliver":0,"gradeDescription":null},{"companyFullName":"北京华生恒业科技有限公司","adWord":0,"companyId":41861,"formatCreateTime":"2016-08-25","businessZones":["五道口","中关村","清华大学"],"imState":"today","lastLogin":1472550666000,"positionId":870957,"industryField":"医疗健康,移动互联网","education":"本科","workYear":"不限","city":"北京","positionAdvantage":"期权 弹性工作 跨领域机会 快速成长空间","createTime":"2016-08-25 18:16:27","salary":"8k-13k","positionName":"C++","companySize":"50-150人","companyShortName":"华生恒业","companyLogo":"image1/M00/3E/18/Cgo8PFW6zzKAf1NPAAAPC0qaUOQ154.jpg","financeStage":"成长型(B轮)","approve":1,"jobNature":"全职","companyLabelList":["节日礼物","带薪年假","绩效奖金","岗位晋升"],"district":"海淀区","score":0,"publisherId":782743,"explain":null,"plus":null,"pcShow":0,"appShow":0,"deliver":0,"gradeDescription":null},{"companyFullName":"北京深思数盾科技有限公司","adWord":0,"companyId":21190,"formatCreateTime":"2016-08-25","businessZones":["西二旗","龙泽","回龙观"],"imState":"disabled","lastLogin":1472459544000,"positionId":2204674,"industryField":"信息安全,移动互联网","education":"本科","workYear":"1-3年","city":"北京","positionAdvantage":"寻找有追求的奋斗者，提供培养机会和空间！","createTime":"2016-08-25 17:50:47","salary":"10k-20k","positionName":"C/C++ 外壳开发--软件保护","companySize":"50-150人","companyShortName":"北京深思数盾科技有限公司","companyLogo":"i/image/M00/18/44/CgqKkVbzg2uAPoNJAADlBapDFtA063.jpg","financeStage":"初创型(未融资)","approve":0,"jobNature":"全职","companyLabelList":["信息安全保护","交通补助","带薪年假","节日礼物"],"district":"海淀区","score":0,"publisherId":243065,"explain":null,"plus":null,"pcShow":0,"appShow":0,"deliver":0,"gradeDescription":null},{"companyFullName":"成都宏迅达科技有限公司","adWord":0,"companyId":132159,"formatCreateTime":"2016-08-25","businessZones":["五道口","清华大学","中关村"],"imState":"disabled","lastLogin":1472555657000,"positionId":2289950,"industryField":"移动互联网,电子商务","education":"不限","workYear":"3-5年","city":"北京","positionAdvantage":"3年开发经验","createTime":"2016-08-25 17:49:43","salary":"15k-16k","positionName":"C#","companySize":"15-50人","companyShortName":"宏迅达","companyLogo":"i/image/M00/31/90/CgqKkVdLuNSARurYAALb2cgUDiw863.png","financeStage":"初创型(不需要融资)","approve":0,"jobNature":"全职","companyLabelList":null,"district":"海淀区","score":0,"publisherId":3580010,"explain":null,"plus":null,"pcShow":0,"appShow":0,"deliver":0,"gradeDescription":null},{"companyFullName":"北京中视广信科技有限公司","adWord":0,"companyId":9653,"formatCreateTime":"2016-08-25","businessZones":["复兴门","南礼士路","西便门"],"imState":"disabled","lastLogin":1472550548000,"positionId":2215847,"industryField":"数据服务,分类信息","education":"本科","workYear":"5-10年","city":"北京","positionAdvantage":"五险一金，午餐补助，年终奖金，定期体检","createTime":"2016-08-25 17:48:32","salary":"15k-25k","positionName":"C++项目经理","companySize":"150-500人","companyShortName":"北京中视广信","companyLogo":"image1/M00/00/14/CgYXBlTUWDyAXAN4AABzweqqFfU799.jpg","financeStage":"初创型(未融资)","approve":1,"jobNature":"全职","companyLabelList":["五险一金","年终分红","专项奖金","节日礼物"],"district":"西城区","score":0,"publisherId":5159573,"explain":null,"plus":null,"pcShow":0,"appShow":0,"deliver":0,"gradeDescription":null}]}},"code":0}