{"msg":null,"resubmitToken":null,"success":true,"requestId":null,"content":{"pageNo":26,"pageSize":15,"positionResult":{"totalCount":1236,"resultSize":15,"locationInfo":{"city":"北京","district":null,"locationCode":null,"businessZone":null,"queryByGisCode":false},"queryAnalysisInfo":{"positionName":"c","companyName":null,"usefulCompany":false,"industryName":null},"strategyProperty":{"name":"dm-csearch-newSimScorer","id":1},"result":[{"companyId":27072,"formatCreateTime":"2016-08-26","score":0,"positionId":2152558,"positionName":"C++","createTime":"2016-08-26 09:01:02","positionAdvantage":"专业研发团队","salary":"10k-20k","approve":0,"workYear":"3-5年","education":"本科","city":"北京","companyLogo":"image1/M00/00/3A/CgYXBlTUXKqAbnErAADhxb664Us880.png","jobNature":"全职","industryField":"硬件,数据服务","companyShortName":"浩瀚深度","financeStage":"上市公司","companySize":"150-500人","companyLabelList":["绩效奖金","年底双薪","五险一金","通讯津贴"],"district":null,"businessZones":null,"imState":"today","lastLogin":1472533086000,"publisherId":865828,"explain":null,"plus":null,"pcShow":0,"appShow":0,"deliver":0,"gradeDescription":null,"companyFullName":"北京浩瀚深度信息技术股份有限公司","adWord":0},{"companyId":7182,"formatCreateTime":"2016-08-25","score":0,"positionId":2290466,"positionName":"C++研发工程师","createTime":"2016-08-25 19:28:52","positionAdvantage":"五险一金 春节双倍假期 15薪","salary":"15k-30k","approve":1,"workYear":"1年以下","education":"本科","city":"北京","companyLogo":"image1/M00/00/0F/Cgo8PFTUWCqAIq8oAAB5MvmojGc956.jpg","jobNature":"全职","industryField":"电子商务,教育","companyShortName":"尚德机构","financeStage":"成熟型(C轮)","companySize":"2000人以上","companyLabelList":["绩效奖金","专项奖金","五险一金","带薪年假"],"district":"朝阳区","businessZones":["望京"],"imState":"today","lastLogin":1472554384000,"publisherId":371879,"explain":null,"plus":null,"pcShow":0,"appShow":0,"deliver":0,"gradeDescription":null,"companyFullName":"北京尚佳崇业教育科技有限公司","adWord":0},{"companyId":1686,"formatCreateTime":"2016-08-25","score":0,"positionId":1742855,"positionName":"Linux C/C++开发高级工程师","createTime":"2016-08-25 19:20:47","positionAdvantage":"14薪 六险一金","salary":"18k-30k","approve":1,"workYear":"3-5年","education":"本科","city":"北京","companyLogo":"image1/M00/00/06/Cgo8PFTUWAaAbD7PAACAXTzCmiw113.jpg","jobNature":"全职","industryField":"广告营销,文化娱乐","companyShortName":"爱奇艺","financeStage":"成熟型(D轮及以上)","companySize":"2000人以上","companyLabelList":["绩效奖金","五险一金","交通补助","带薪年假"],"district":"海淀区","businessZones":["北京大学","苏州街","中关村","北京大学","苏州街"],"imState":"sevenDays","lastLogin":1472186304000,"publisherId":982960,"explain":null,"plus":null,"pcShow":0,"appShow":0,"deliver":0,"gradeDescription":null,"companyFullName":"北京爱奇艺科技有限公司","adWord":0},{"companyId":21190,"formatCreateTime":"2016-08-25","score":0,"positionId":633123,"positionName":"C/C++开发工程师","createTime":"2016-08-25 17:50:32","positionAdvantage":"寻找有追求的奋斗者，提供培养机会和空间！","salary":"10k-20k","approve":0,"workYear":"1-3年","education":"本科","city":"北京","companyLogo":"i/image/M00/18/44/CgqKkVbzg2uAPoNJAADlBapDFtA063.jpg","jobNature":"全职","industryField":"信息安全,移动互联网","companyShortName":"北京深思数盾科技有限公司","financeStage":"初创型(未融资)","companySize":"50-150人","companyLabelList":["信息安全保护","交通补助","带薪年假","节日礼物"],"district":"海淀区","businessZones":["西二旗","龙泽","回龙观"],"imState":"disabled","lastLogin":1472459544000,"publisherId":243065,"explain":null,"plus":null,"pcShow":0,"appShow":0,"deliver":0,"gradeDescription":null,"companyFullName":"北京深思数盾科技有限公司","adWord":0},{"companyId":1914,"formatCreateTime":"2016-08-25","score":0,"positionId":2213823,"positionName":"大数据基础平台高级工程师（C、C++）","createTime":"2016-08-25 17:43:15","positionAdvantage":"优秀团队，核心业务","salary":"15k-25k","approve":1,"workYear":"3-5年","education":"本科","city":"北京","companyLogo":"i/image/M00/01/39/Cgp3O1Zk9luAeL0jAAAO0FvOuQE553.png","jobNature":"全职","industryField":"数据服务,文化娱乐","companyShortName":"优酷土豆","financeStage":"上市公司","companySize":"2000人以上","companyLabelList":["带薪年假","岗位晋升","五险一金","弹性工作"],"district":"东城区","businessZones":["安贞","安华","和平里"],"imState":"disabled","lastLogin":1472521896000,"publisherId":3146137,"explain":null,"plus":null,"pcShow":0,"appShow":0,"deliver":0,"gradeDescription":null,"companyFullName":"合一网络技术（北京）有限公司","adWord":0},{"companyId":123777,"formatCreateTime":"2016-08-25","score":0,"positionId":2224560,"positionName":"C#工程师","createTime":"2016-08-25 17:21:06","positionAdvantage":"带薪年假 免费体检 节日福利","salary":"6k-12k","approve":0,"workYear":"1-3年","education":"本科","city":"北京","companyLogo":"i/image/M00/2E/03/CgqKkVc9jmCAI8DpAAD09YLPnBk157.png","jobNature":"全职","industryField":"电子商务,企业服务","companyShortName":"通力互联","financeStage":"成熟型(不需要融资)","companySize":"2000人以上","companyLabelList":["绩效奖金","交通补助","定期体检","通讯津贴"],"district":"海淀区","businessZones":["五道口","北京大学"],"imState":"disabled","lastLogin":1472543779000,"publisherId":5201191,"explain":null,"plus":null,"pcShow":0,"appShow":0,"deliver":0,"gradeDescription":null,"companyFullName":"北京通力互联技术服务有限公司","adWord":0},{"companyId":138188,"formatCreateTime":"2016-08-25","score":0,"positionId":2191846,"positionName":"C++工程师","createTime":"2016-08-25 17:13:10","positionAdvantage":"绩效激励,岗位晋升,六险一金,弹性工作","salary":"8k-14k","approve":0,"workYear":"1-3年","education":"本科","city":"北京","companyLogo":"i/image/M00/43/DC/CgqKkVeEYg2AetF_AAAv1YfHHMc911.JPG","jobNature":"全职","industryField":"移动互联网,文化娱乐","companyShortName":"高德体育","financeStage":"上市公司","companySize":"150-500人","companyLabelList":null,"district":"西城区","businessZones":null,"imState":"disabled","lastLogin":1472539758000,"publisherId":5591606,"explain":null,"plus":null,"pcShow":0,"appShow":0,"deliver":0,"gradeDescription":null,"companyFullName":"北京高德体育文化有限责任公司","adWord":0},{"companyId":35043,"formatCreateTime":"2016-08-25","score":0,"positionId":2289558,"positionName":"C++开发软件工程师","createTime":"2016-08-25 17:06:21","positionAdvantage":"六险一金 年终奖金 绩效奖金 餐补 交补","salary":"8k-13k","approve":1,"workYear":"不限","education":"本科","city":"北京","companyLogo":"image1/M00/20/1B/Cgo8PFU1-eCAOfN5AABe4RnEjUU519.png","jobNature":"全职","industryField":"移动互联网","companyShortName":"福昕软件","financeStage":"成熟型(D轮及以上)","companySize":"50-150人","companyLabelList":["岗位晋升","定期体检","年度旅游","五险一金"],"district":null,"businessZones":null,"imState":"today","lastLogin":1472527493000,"publisherId":604876,"explain":null,"plus":null,"pcShow":0,"appShow":0,"deliver":0,"gradeDescription":null,"companyFullName":"福建福昕软件开发股份有限公司北京分公司","adWord":0},{"companyId":85554,"formatCreateTime":"2016-08-25","score":0,"positionId":925379,"positionName":"C++软件工程师","createTime":"2016-08-25 17:04:23","positionAdvantage":"中央企业，平台高，福利待遇好，重视人才","salary":"10k-20k","approve":0,"workYear":"1-3年","education":"本科","city":"北京","companyLogo":"image1/M00/3C/DC/CgYXBlW245iAMkDqAABQqjARHGk400.png?cc=0.14547535991183624","jobNature":"全职","industryField":"移动互联网","companyShortName":"中航信研发中心新分销","financeStage":"成熟型(不需要融资)","companySize":"2000人以上","companyLabelList":["技能培训","年底双薪","带薪年假","领导好"],"district":"朝阳区","businessZones":["大屯","奥运村","亚运村"],"imState":"today","lastLogin":1472540462000,"publisherId":2191603,"explain":null,"plus":null,"pcShow":0,"appShow":0,"deliver":0,"gradeDescription":null,"companyFullName":"中国民航信息网络股份有限公司研发中心新分销","adWord":0},{"companyId":45832,"formatCreateTime":"2016-08-25","score":0,"positionId":2289353,"positionName":"C++","createTime":"2016-08-25 16:44:49","positionAdvantage":"五险一金 带薪年假","salary":"15k-25k","approve":0,"workYear":"3-5年","education":"大专","city":"北京","companyLogo":"image1/M00/00/75/Cgo8PFTUXaOAaOgbAACp0w8A0Zc664.png","jobNature":"全职","industryField":"电子商务,金融","companyShortName":"全融通支付","financeStage":"成长型(不需要融资)","companySize":"150-500人","companyLabelList":["节日礼物","技能培训","绩效奖金","年度旅游"],"district":"朝阳区","businessZones":["大屯","奥运村","亚运村"],"imState":"disabled","lastLogin":1472550897000,"publisherId":5993055,"explain":null,"plus":null,"pcShow":0,"appShow":0,"deliver":0,"gradeDescription":null,"companyFullName":"鹏全融通（北京）支付科技有限公司","adWord":0},{"companyId":7072,"formatCreateTime":"2016-08-25","score":0,"positionId":2289324,"positionName":"C++开发实习生","createTime":"2016-08-25 16:42:44","positionAdvantage":"弹性工作,团队活动,氛围良好","salary":"2k-3k","approve":1,"workYear":"应届毕业生","education":"本科","city":"北京","companyLogo":"image1/M00/00/0F/CgYXBlTUWCmACZGiAAAo3K_t5kQ414.jpg","jobNature":"实习","industryField":"移动互联网,教育","companyShortName":"Tstudy","financeStage":"成长型(B轮)","companySize":"50-150人","companyLabelList":["技能培训","年底双薪","节日礼物","年度旅游"],"district":null,"businessZones":null,"imState":"today","lastLogin":1472544163000,"publisherId":78738,"explain":null,"plus":null,"pcShow":0,"appShow":0,"deliver":0,"gradeDescription":null,"companyFullName":"北京拓思德科技有限公司","adWord":0},{"companyId":31889,"formatCreateTime":"2016-08-25","score":0,"positionId":1957947,"positionName":"C/C开发工程师（andriod安全方向）","createTime":"2016-08-25 16:36:29","positionAdvantage":"五天八小时不加班，八险一金，年终1-3薪","salary":"8k-16k","approve":1,"workYear":"3-5年","education":"不限","city":"北京","companyLogo":"image1/M00/00/49/Cgo8PFTUXOqAQdlfAACvqnBZT0E973.jpg","jobNature":"全职","industryField":"移动互联网","companyShortName":"越亮传奇","financeStage":"初创型(未融资)","companySize":"500-2000人","companyLabelList":["带薪年假","通讯津贴","定期体检","五险一金"],"district":"西城区","businessZones":["西单","和平门","宣武门"],"imState":"today","lastLogin":1472549647000,"publisherId":475140,"explain":null,"plus":null,"pcShow":0,"appShow":0,"deliver":0,"gradeDescription":null,"companyFullName":"越亮传奇科技股份有限公司","adWord":0},{"companyId":36513,"formatCreateTime":"2016-08-25","score":0,"positionId":2289092,"positionName":"C#","createTime":"2016-08-25 16:16:35","positionAdvantage":"Azure云项目好、大牛多、六险一金、领导好","salary":"14k-20k","approve":0,"workYear":"3-5年","education":"本科","city":"北京","companyLogo":"i/image/M00/01/B2/Cgp3O1Zzr9GAdpGkAAAWW2BuXJc040.png","jobNature":"全职","industryField":"移动互联网,电子商务","companyShortName":"微创","financeStage":"成熟型(不需要融资)","companySize":"2000人以上","companyLabelList":["年底双薪","节日礼物","技能培训","免费班车"],"district":"海淀区","businessZones":null,"imState":"disabled","lastLogin":1472551727000,"publisherId":2618434,"explain":null,"plus":null,"pcShow":0,"appShow":0,"deliver":0,"gradeDescription":null,"companyFullName":"上海微创软件股份有限公司北京分公司","adWord":0},{"companyId":26087,"formatCreateTime":"2016-08-25","score":0,"positionId":2219957,"positionName":"招聘windows c#程序员","createTime":"2016-08-25 16:14:08","positionAdvantage":"技术大牛带队+弹性时间+年底是15薪","salary":"15k-28k","approve":1,"workYear":"1-3年","education":"本科","city":"北京","companyLogo":"i/image/M00/00/39/CgqKkVY22syAKmMvAAAuOdqjRZk617.jpg","jobNature":"全职","industryField":"企业服务","companyShortName":"美洽","financeStage":"成长型(A轮)","companySize":"50-150人","companyLabelList":["不加班","全员期权","专项奖金","五险一金"],"district":"海淀区","businessZones":["中关村","人民大学","知春路"],"imState":"today","lastLogin":1472536560000,"publisherId":376164,"explain":null,"plus":null,"pcShow":0,"appShow":0,"deliver":0,"gradeDescription":null,"companyFullName":"成都美洽网络科技有限公司","adWord":0},{"companyId":105376,"formatCreateTime":"2016-08-25","score":0,"positionId":1812833,"positionName":"C#开发工程师","createTime":"2016-08-25 15:57:25","positionAdvantage":"工作环境佳，成长速度快，有晋升空间","salary":"15k-25k","approve":1,"workYear":"3-5年","education":"本科","city":"北京","companyLogo":"image2/M00/14/77/CgpzWlZAHVCARPpzAAAMtnt4zsM031.jpg?cc=0.48810233594849706","jobNature":"全职","industryField":"移动互联网,O2O","companyShortName":"本木医疗","financeStage":"成长型(不需要融资)","companySize":"50-150人","companyLabelList":["股票期权","专项奖金","绩效奖金","午餐补助"],"district":"朝阳区","businessZones":["朝阳门","朝外","建外大街"],"imState":"today","lastLogin":1472559326000,"publisherId":3412981,"explain":null,"plus":null,"pcShow":0,"appShow":0,"deliver":0,"gradeDescription":null,"companyFullName":"北京怡合春天科技有限公司","adWord":0}]}},"code":0}