{"success":true,"requestId":null,"msg":null,"resubmitToken":null,"content":{"pageNo":27,"pageSize":15,"positionResult":{"totalCount":1236,"resultSize":15,"locationInfo":{"city":"北京","district":null,"queryByGisCode":false,"businessZone":null,"locationCode":null},"queryAnalysisInfo":{"positionName":"c","companyName":null,"usefulCompany":false,"industryName":null},"strategyProperty":{"name":"dm-csearch-newSimScorer","id":1},"result":[{"companyId":7182,"companyShortName":"尚德机构","createTime":"2016-08-25 19:27:09","positionId":2290462,"positionAdvantage":"BAT团队+15薪+舍得给+妹子活泼可爱","salary":"10k-20k","score":0,"workYear":"应届毕业生","education":"本科","city":"北京","positionName":"C++研发工程师","companyLogo":"image1/M00/00/0F/Cgo8PFTUWCqAIq8oAAB5MvmojGc956.jpg","financeStage":"成熟型(C轮)","industryField":"电子商务,教育","jobNature":"全职","approve":1,"companySize":"2000人以上","district":"朝阳区","companyLabelList":["绩效奖金","专项奖金","五险一金","带薪年假"],"adWord":0,"appShow":0,"deliver":0,"formatCreateTime":"2016-08-25","gradeDescription":null,"companyFullName":"北京尚佳崇业教育科技有限公司","businessZones":["望京"],"imState":"today","lastLogin":1472554384000,"publisherId":371879,"explain":null,"plus":null,"pcShow":0},{"companyId":44107,"companyShortName":"象云","createTime":"2016-08-25 15:46:15","positionId":2197425,"positionAdvantage":"弹性时间,项目奖金,绩效奖金,节日福利","salary":"15k-30k","score":0,"workYear":"1-3年","education":"大专","city":"北京","positionName":"C语言网络开发工程师","companyLogo":"image1/M00/00/6F/Cgo8PFTUXYyASVJkAACXDFef2ck404.jpg","financeStage":"成长型(B轮)","industryField":"数据服务","jobNature":"全职","approve":0,"companySize":"50-150人","district":"西城区","companyLabelList":["午餐补助","带薪年假","绩效奖金","股票期权"],"adWord":0,"appShow":0,"deliver":0,"formatCreateTime":"2016-08-25","gradeDescription":null,"companyFullName":"北京企商在线数据通信科技有限公司","businessZones":["白石桥","车公庄"],"imState":"today","lastLogin":1472546465000,"publisherId":5319246,"explain":null,"plus":null,"pcShow":0},{"companyId":141931,"companyShortName":"Otureo","createTime":"2016-08-25 15:45:56","positionId":2288815,"positionAdvantage":"清华校友,科技公司,人工智能,C/C++","salary":"10k-12k","score":0,"workYear":"不限","education":"本科","city":"北京","positionName":"C++","companyLogo":"i/image/M00/4B/B6/Cgp3O1egQf2AaDUPAAAO130Gg_Y688.jpg","financeStage":"初创型(未融资)","industryField":"其他","jobNature":"全职","approve":0,"companySize":"少于15人","district":"海淀区","companyLabelList":["定期体检","年底双薪","领导好","五险一金"],"adWord":0,"appShow":0,"deliver":0,"formatCreateTime":"2016-08-25","gradeDescription":null,"companyFullName":"泓图睿语（北京）科技有限公司","businessZones":["苏州街","中关村","苏州桥"],"imState":"disabled","lastLogin":1472175059000,"publisherId":5809867,"explain":null,"plus":null,"pcShow":0},{"companyId":77306,"companyShortName":"零零无限","createTime":"2016-08-25 15:42:24","positionId":2027878,"positionAdvantage":"嵌入式人工智能，核心软件","salary":"15k-30k","score":0,"workYear":"3-5年","education":"本科","city":"北京","positionName":"软件开发测试工程师（C/C++ &amp; Linux)","companyLogo":"i/image/M00/26/0F/CgqKkVcgU1aABK_iAAAV-LXFris985.png","financeStage":"成长型(A轮)","industryField":"硬件","jobNature":"全职","approve":1,"companySize":"50-150人","district":null,"companyLabelList":null,"adWord":0,"appShow":0,"deliver":0,"formatCreateTime":"2016-08-25","gradeDescription":null,"companyFullName":"北京零零无限科技有限公司","businessZones":null,"imState":"today","lastLogin":1472556957000,"publisherId":205919,"explain":null,"plus":null,"pcShow":0},{"companyId":122913,"companyShortName":"鼎盛视讯","createTime":"2016-08-25 15:34:14","positionId":2054716,"positionAdvantage":"五险一金 年底双薪 餐费、交通、通讯补助","salary":"10k-15k","score":0,"workYear":"3-5年","education":"本科","city":"北京","positionName":"C#","companyLogo":"i/image/M00/1E/72/Cgp3O1cHcZ-AFLj9AADHh0EOPkY729.jpg","financeStage":"初创型(未融资)","industryField":"信息安全","jobNature":"全职","approve":0,"companySize":"50-150人","district":"海淀区","companyLabelList":["年底双薪","带薪年假","通讯津贴","交通补助"],"adWord":0,"appShow":0,"deliver":0,"formatCreateTime":"2016-08-25","gradeDescription":null,"companyFullName":"北京中天鼎盛视讯科技有限公司","businessZones":["军博","木樨地","三里河"],"imState":"disabled","lastLogin":1472197356000,"publisherId":4707159,"explain":null,"plus":null,"pcShow":0},{"companyId":133,"companyShortName":"猎豹移动","createTime":"2016-08-25 15:27:42","positionId":2087275,"positionAdvantage":"上市公司，领导nice，核心团队~","salary":"30k-45k","score":0,"workYear":"3-5年","education":"本科","city":"北京","positionName":"资深C++开发工程师","companyLogo":"image1/M00/39/70/CgYXBlWo3nqABJTsAADJ3hn5gmE062.jpg","financeStage":"上市公司","industryField":"移动互联网,信息安全","jobNature":"全职","approve":1,"companySize":"500-2000人","district":"朝阳区","companyLabelList":["带薪年假","美女前台","超赞年终奖","一公里工作圈"],"adWord":0,"appShow":0,"deliver":0,"formatCreateTime":"2016-08-25","gradeDescription":null,"companyFullName":"北京金山网络科技有限公司","businessZones":["姚家园","十里堡","高碑店"],"imState":"today","lastLogin":1472563400000,"publisherId":1528313,"explain":null,"plus":null,"pcShow":0},{"companyId":32638,"companyShortName":"MaxMax","createTime":"2016-08-25 15:20:56","positionId":2048254,"positionAdvantage":"一起用产品改变世界","salary":"10k-18k","score":0,"workYear":"1-3年","education":"本科","city":"北京","positionName":"C++/QT工程师","companyLogo":"image1/M00/00/4B/Cgo8PFTUXPSACqT4AAAwVUwY15U538.png","financeStage":"成长型(A轮)","industryField":"移动互联网,硬件","jobNature":"全职","approve":1,"companySize":"15-50人","district":"朝阳区","companyLabelList":["股票期权","岗位晋升","扁平管理","阿姨好吃午餐"],"adWord":0,"appShow":0,"deliver":0,"formatCreateTime":"2016-08-25","gradeDescription":null,"companyFullName":"北京美讯美通信息科技有限公司","businessZones":["工体","三里屯","团结湖"],"imState":"today","lastLogin":1472560037000,"publisherId":439759,"explain":null,"plus":null,"pcShow":0},{"companyId":128842,"companyShortName":"欣方智能","createTime":"2016-08-25 15:13:44","positionId":2288512,"positionAdvantage":"有大牛带、临近地铁","salary":"5k-8k","score":0,"workYear":"1年以下","education":"本科","city":"北京","positionName":"C++开发工程师","companyLogo":"i/image/M00/2A/26/Cgp3O1cxdd6APMkuAAG6HQ1ScEw044.jpg","financeStage":"成长型(不需要融资)","industryField":"移动互联网,数据服务","jobNature":"全职","approve":0,"companySize":"150-500人","district":"海淀区","companyLabelList":["股票期权","定期体检","午餐补助","不加班"],"adWord":0,"appShow":0,"deliver":0,"formatCreateTime":"2016-08-25","gradeDescription":null,"companyFullName":"上海欣方智能系统有限公司北京分公司","businessZones":["上地","西二旗","马连洼"],"imState":"today","lastLogin":1472548419000,"publisherId":5038106,"explain":null,"plus":null,"pcShow":0},{"companyId":68153,"companyShortName":"星动乐创","createTime":"2016-08-25 15:10:34","positionId":2255568,"positionAdvantage":"周末双休","salary":"4k-8k","score":0,"workYear":"不限","education":"本科","city":"北京","positionName":"C++客户端框架开发","companyLogo":"i/image/M00/02/C5/CgqKkVacYl-ATw_kAAAR7wzmoDQ130.jpg","financeStage":"初创型(未融资)","industryField":"移动互联网","jobNature":"全职","approve":0,"companySize":"15-50人","district":null,"companyLabelList":["节日礼物","绩效奖金","岗位晋升","管理规范"],"adWord":0,"appShow":0,"deliver":0,"formatCreateTime":"2016-08-25","gradeDescription":null,"companyFullName":"北京星动乐创科技有限公司","businessZones":null,"imState":"disabled","lastLogin":1472537117000,"publisherId":1662437,"explain":null,"plus":null,"pcShow":0},{"companyId":58936,"companyShortName":"众晶数码","createTime":"2016-08-25 15:06:37","positionId":2255109,"positionAdvantage":"高薪资,高福利","salary":"20k-30k","score":0,"workYear":"不限","education":"本科","city":"北京","positionName":"C++软件工程师","companyLogo":"image1/M00/16/A1/CgYXBlUPbqyARs5WAABUcmQAScw081.png","financeStage":"初创型(不需要融资)","industryField":"移动互联网","jobNature":"全职","approve":1,"companySize":"15-50人","district":"海淀区","companyLabelList":["技能培训","年底双薪","节日礼物","绩效奖金"],"adWord":0,"appShow":0,"deliver":0,"formatCreateTime":"2016-08-25","gradeDescription":null,"companyFullName":"北京众晶锐驰科技有限公司","businessZones":["上地","马连洼","西二旗"],"imState":"today","lastLogin":1472555190000,"publisherId":1489472,"explain":null,"plus":null,"pcShow":0},{"companyId":35641,"companyShortName":"第一视频","createTime":"2016-08-25 15:00:52","positionId":2015318,"positionAdvantage":"五险一金 餐补 免费班车 节日福利","salary":"20k-30k","score":0,"workYear":"3-5年","education":"本科","city":"北京","positionName":"C++","companyLogo":"image1/M00/00/54/Cgo8PFTUXR6APKASAACqZ37feIU469.jpg","financeStage":"上市公司","industryField":"文化娱乐","jobNature":"全职","approve":0,"companySize":"500-2000人","district":"朝阳区","companyLabelList":["技能培训","节日礼物","免费班车","带薪年假"],"adWord":0,"appShow":0,"deliver":0,"formatCreateTime":"2016-08-25","gradeDescription":null,"companyFullName":"第一视频（北京）网络技术有限公司","businessZones":["望京","来广营"],"imState":"disabled","lastLogin":1472543033000,"publisherId":1674532,"explain":null,"plus":null,"pcShow":0},{"companyId":17975,"companyShortName":"北京柒柒","createTime":"2016-08-25 14:58:47","positionId":2288374,"positionAdvantage":"五险一金,带薪年假,全勤奖,年底分红","salary":"20k-30k","score":0,"workYear":"3-5年","education":"本科","city":"北京","positionName":"C++服务端开发工程师","companyLogo":"i/image/M00/47/CF/CgqKkVeQkY2ABJngAAS07XJ9wPM241.png","financeStage":"初创型(未融资)","industryField":"移动互联网,游戏","jobNature":"全职","approve":0,"companySize":"50-150人","district":"东城区","companyLabelList":["岗位晋升","法定节假日","年底双薪","带薪年假"],"adWord":0,"appShow":0,"deliver":0,"formatCreateTime":"2016-08-25","gradeDescription":null,"companyFullName":"北京柒柒网络科技有限公司","businessZones":["新世界","崇文门","磁器口"],"imState":"today","lastLogin":1472527543000,"publisherId":1373799,"explain":null,"plus":null,"pcShow":0},{"companyId":5812,"companyShortName":"用友","createTime":"2016-08-25 14:56:03","positionId":383087,"positionAdvantage":"五险一金 班车 不加班 团队合作 班车","salary":"12k-15k","score":0,"workYear":"3-5年","education":"本科","city":"北京","positionName":"c#工程师","companyLogo":"image1/M00/00/0C/Cgo8PFTUWCCAaF4PAAAm3kBS87s438.png","financeStage":"上市公司","industryField":"企业服务,数据服务","jobNature":"全职","approve":1,"companySize":"2000人以上","district":"海淀区","companyLabelList":["技能培训","节日礼物","免费班车","岗位晋升"],"adWord":0,"appShow":0,"deliver":0,"formatCreateTime":"2016-08-25","gradeDescription":null,"companyFullName":"用友网络科技股份有限公司","businessZones":["西北旺"],"imState":"disabled","lastLogin":1472452046000,"publisherId":727122,"explain":null,"plus":null,"pcShow":0},{"companyId":123777,"companyShortName":"通力互联","createTime":"2016-08-25 14:30:54","positionId":2226626,"positionAdvantage":"年假多，工作环境良好，晋升空间大，稳定。","salary":"10k-20k","score":0,"workYear":"3-5年","education":"本科","city":"北京","positionName":"C++软件开发工程师","companyLogo":"i/image/M00/2E/03/CgqKkVc9jmCAI8DpAAD09YLPnBk157.png","financeStage":"成熟型(不需要融资)","industryField":"电子商务,企业服务","jobNature":"全职","approve":0,"companySize":"2000人以上","district":"海淀区","companyLabelList":["绩效奖金","交通补助","定期体检","通讯津贴"],"adWord":0,"appShow":0,"deliver":0,"formatCreateTime":"2016-08-25","gradeDescription":null,"companyFullName":"北京通力互联技术服务有限公司","businessZones":["清华大学","中关村"],"imState":"disabled","lastLogin":1472551109000,"publisherId":5894390,"explain":null,"plus":null,"pcShow":0},{"companyId":81904,"companyShortName":"创优天下","createTime":"2016-08-25 14:25:22","positionId":2246073,"positionAdvantage":"技术为核心，成长空间大，大型项目等你挑战","salary":"15k-25k","score":0,"workYear":"1-3年","education":"本科","city":"北京","positionName":"C++/Node.js开发","companyLogo":"image1/M00/36/55/Cgo8PFWeHj6AUN2nAABTTt7sNEo961.jpg?cc=0.33867357997223735","financeStage":"初创型(天使轮)","industryField":"教育,游戏","jobNature":"全职","approve":1,"companySize":"50-150人","district":null,"companyLabelList":["带薪年假","绩效奖金","扁平管理","管理规范"],"adWord":0,"appShow":0,"deliver":0,"formatCreateTime":"2016-08-25","gradeDescription":null,"companyFullName":"北京创优天下网络科技有限公司","businessZones":null,"imState":"today","lastLogin":1472545423000,"publisherId":2082998,"explain":null,"plus":null,"pcShow":0}]}},"code":0}