{"success":true,"requestId":null,"msg":null,"resubmitToken":null,"content":{"pageNo":30,"pageSize":15,"positionResult":{"totalCount":1236,"resultSize":15,"locationInfo":{"city":"北京","district":null,"queryByGisCode":false,"businessZone":null,"locationCode":null},"queryAnalysisInfo":{"positionName":"c","companyName":null,"usefulCompany":false,"industryName":null},"strategyProperty":{"name":"dm-csearch-newSimScorer","id":1},"result":[{"companyId":5854,"companyShortName":"中科方德软件有限公司","createTime":"2016-08-25 13:56:46","positionId":1882948,"positionAdvantage":"六险一金、年度体检、带薪年假、","salary":"8k-13k","score":0,"workYear":"1-3年","education":"本科","city":"北京","positionName":"C++ （QT）","companyLogo":"image1/M00/00/0D/CgYXBlTUWCCAUrC7AABo-Z5RRDI900.png","financeStage":"成熟型(不需要融资)","industryField":"移动互联网,企业服务","jobNature":"全职","approve":1,"companySize":"500-2000人","district":"海淀区","companyLabelList":["股票期权","带薪年假","绩效奖金","扁平管理"],"adWord":0,"appShow":0,"deliver":0,"formatCreateTime":"2016-08-25","gradeDescription":null,"companyFullName":"中科方德软件有限公司","businessZones":["中关村","知春路","双榆树"],"imState":"disabled","lastLogin":1472535852000,"publisherId":1701066,"explain":null,"plus":null,"pcShow":0},{"companyId":7535,"companyShortName":"什么值得买","createTime":"2016-08-25 11:48:14","positionId":1429586,"positionAdvantage":"六险一金+发展前景+成长型","salary":"6k-10k","score":0,"workYear":"不限","education":"不限","city":"北京","positionName":"资深编辑（3C家电、时尚运动、家居生活）","companyLogo":"image1/M00/0E/D6/CgYXBlT8Q5SAQgeqAADJyCXW1sY530.jpg","financeStage":"成长型(A轮)","industryField":"电子商务,文化娱乐","jobNature":"全职","approve":1,"companySize":"150-500人","district":"丰台区","companyLabelList":["技能培训","带薪年假","各种主题趴","海量产品体验"],"adWord":0,"appShow":0,"deliver":0,"formatCreateTime":"2016-08-25","gradeDescription":null,"companyFullName":"北京值得买科技股份有限公司","businessZones":["洋桥","马家堡","角门"],"imState":"today","lastLogin":1472557639000,"publisherId":87072,"explain":null,"plus":null,"pcShow":0},{"companyId":4184,"companyShortName":"思特奇Si-tech","createTime":"2016-08-25 11:25:16","positionId":1968381,"positionAdvantage":"七险一金，弹性工时","salary":"20k-30k","score":0,"workYear":"5-10年","education":"本科","city":"北京","positionName":"C/C++技术专家","companyLogo":"image1/M00/00/0A/Cgo8PFTUWBaAEBkAAAB-Og1M0To804.jpg","financeStage":"成熟型(不需要融资)","industryField":"数据服务","jobNature":"全职","approve":1,"companySize":"2000人以上","district":"海淀区","companyLabelList":["绩效奖金 ","专项奖金 ","五险一金 ","通讯津贴 "],"adWord":0,"appShow":0,"deliver":0,"formatCreateTime":"2016-08-25","gradeDescription":null,"companyFullName":"北京思特奇信息技术股份有限公司","businessZones":["牡丹园","北太平庄","学院路"],"imState":"today","lastLogin":1472556285000,"publisherId":247055,"explain":null,"plus":null,"pcShow":0},{"companyId":132527,"companyShortName":"清研讯科","createTime":"2016-08-25 10:46:49","positionId":2286480,"positionAdvantage":"创新 开放 成长 优质薪酬&amp;福利&amp;期权","salary":"10k-20k","score":0,"workYear":"1-3年","education":"本科","city":"北京","positionName":"C++软件工程师","companyLogo":"i/image/M00/32/2D/Cgp3O1dNX7eAUfzJAAAS0b3ep5Y815.png","financeStage":"成长型(A轮)","industryField":"电子商务","jobNature":"全职","approve":0,"companySize":"15-50人","district":"海淀区","companyLabelList":null,"adWord":0,"appShow":0,"deliver":0,"formatCreateTime":"2016-08-25","gradeDescription":null,"companyFullName":"清研讯科（北京）科技有限公司","businessZones":["清河"],"imState":"disabled","lastLogin":1472095300000,"publisherId":5611078,"explain":null,"plus":null,"pcShow":0},{"companyId":3866,"companyShortName":"联想利泰","createTime":"2016-08-25 10:42:42","positionId":2286409,"positionAdvantage":"晋升空间","salary":"8k-15k","score":0,"workYear":"1-3年","education":"大专","city":"北京","positionName":"C++开发工程师","companyLogo":"i/image/M00/2B/98/Cgp3O1c1ZdaAIjU3AAA7TsArYD4046.PNG","financeStage":"初创型(未融资)","industryField":"移动互联网,招聘","jobNature":"全职","approve":1,"companySize":"500-2000人","district":null,"companyLabelList":["节日礼物","带薪年假","岗位晋升","领导好"],"adWord":0,"appShow":0,"deliver":0,"formatCreateTime":"2016-08-25","gradeDescription":null,"companyFullName":"北京联想利泰软件有限公司","businessZones":null,"imState":"disabled","lastLogin":1472440558000,"publisherId":5650417,"explain":null,"plus":null,"pcShow":0},{"companyId":17007,"companyShortName":"中通天鸿","createTime":"2016-08-25 10:36:42","positionId":1460778,"positionAdvantage":"一个实现自我的平台","salary":"10k-15k","score":0,"workYear":"1-3年","education":"本科","city":"北京","positionName":"C++","companyLogo":"i/image/M00/03/A8/CgqKkVbCeFGAbEPrAACG5TUoI1A196.png","financeStage":"初创型(未融资)","industryField":"移动互联网,企业服务","jobNature":"全职","approve":1,"companySize":"150-500人","district":"朝阳区","companyLabelList":["年底双薪","带薪年假","通讯津贴","午餐补助"],"adWord":0,"appShow":0,"deliver":0,"formatCreateTime":"2016-08-25","gradeDescription":null,"companyFullName":"中通天鸿（北京）通信科技有限公司","businessZones":["奥运村","北沙滩","健翔桥"],"imState":"today","lastLogin":1472538820000,"publisherId":564761,"explain":null,"plus":null,"pcShow":0},{"companyId":58098,"companyShortName":"中铁物流集团","createTime":"2016-08-25 10:35:54","positionId":575850,"positionAdvantage":"发展前景广阔","salary":"10k-15k","score":0,"workYear":"1-3年","education":"大专","city":"北京","positionName":"C#","companyLogo":"image1/M00/17/53/CgYXBlURKSuADZQNAADJdP6HbE0730.jpg","financeStage":"成熟型(不需要融资)","industryField":"分类信息","jobNature":"全职","approve":1,"companySize":"2000人以上","district":"朝阳区","companyLabelList":["节日礼物","带薪年假","绩效奖金","岗位晋升"],"adWord":0,"appShow":0,"deliver":0,"formatCreateTime":"2016-08-25","gradeDescription":null,"companyFullName":"中铁物流集团有限公司","businessZones":null,"imState":"disabled","lastLogin":1472534894000,"publisherId":1466736,"explain":null,"plus":null,"pcShow":0},{"companyId":78436,"companyShortName":"易佰","createTime":"2016-08-25 10:34:41","positionId":2286284,"positionAdvantage":"准上市公司 扁平管理 福利待遇好","salary":"15k-25k","score":0,"workYear":"3-5年","education":"本科","city":"北京","positionName":"C++开发工程师","companyLogo":"image1/M00/30/7B/CgYXBlWI2-WAcaQzAAAyqdPss3I432.png","financeStage":"成熟型(C轮)","industryField":"金融","jobNature":"全职","approve":0,"companySize":"50-150人","district":"海淀区","companyLabelList":["节日礼物","带薪年假","绩效奖金","岗位晋升"],"adWord":0,"appShow":0,"deliver":0,"formatCreateTime":"2016-08-25","gradeDescription":null,"companyFullName":"北京易佰在线资产管理有限公司","businessZones":["西北旺"],"imState":"disabled","lastLogin":1472542010000,"publisherId":1969595,"explain":null,"plus":null,"pcShow":0},{"companyId":5714,"companyShortName":"国信美投 Meritros","createTime":"2016-08-25 10:30:20","positionId":1555776,"positionAdvantage":"薪资优越 晋升空间大 办公环境好","salary":"10k-16k","score":0,"workYear":"不限","education":"大专","city":"北京","positionName":"C++开发工程师","companyLogo":"image1/M00/00/0C/CgYXBlTUWCCATdYtAABIwcRAPEc299.png","financeStage":"上市公司","industryField":"移动互联网,企业服务","jobNature":"全职","approve":0,"companySize":"2000人以上","district":"朝阳区","companyLabelList":["国际化团队","五险一金","岗位晋升","帅哥多"],"adWord":0,"appShow":0,"deliver":0,"formatCreateTime":"2016-08-25","gradeDescription":null,"companyFullName":"Splitforce, Inc.","businessZones":["望京","花家地","大山子"],"imState":"disabled","lastLogin":1472530182000,"publisherId":3434418,"explain":null,"plus":null,"pcShow":0},{"companyId":1575,"companyShortName":"百度","createTime":"2016-08-25 10:29:35","positionId":2167318,"positionAdvantage":"公司发展平台大，福利待遇好","salary":"15k-30k","score":0,"workYear":"1-3年","education":"本科","city":"北京","positionName":"C++","companyLogo":"image1/M00/00/06/CgYXBlTUWAWAOBXrAABGHHFb0q8748.jpg","financeStage":"上市公司","industryField":"移动互联网,数据服务","jobNature":"全职","approve":1,"companySize":"2000人以上","district":"海淀区","companyLabelList":["股票期权","弹性工作","五险一金","免费班车"],"adWord":0,"appShow":0,"deliver":0,"formatCreateTime":"2016-08-25","gradeDescription":null,"companyFullName":"百度在线网络技术（北京）有限公司","businessZones":["西北旺","马连洼","上地"],"imState":"disabled","lastLogin":1472554684000,"publisherId":5788085,"explain":null,"plus":null,"pcShow":0},{"companyId":39842,"companyShortName":"纬创软件","createTime":"2016-08-25 10:27:30","positionId":2254582,"positionAdvantage":"五险一金+年终奖金+免费体检+免费旅游","salary":"8k-15k","score":0,"workYear":"3-5年","education":"本科","city":"北京","positionName":"C++","companyLogo":"image1/M00/00/62/Cgo8PFTUXVKAQ1uRAABc0P_m_Og661.jpg","financeStage":"上市公司","industryField":"金融,数据服务","jobNature":"全职","approve":1,"companySize":"500-2000人","district":"昌平区","companyLabelList":["技能培训","节日礼物","年底双薪","带薪年假"],"adWord":0,"appShow":0,"deliver":0,"formatCreateTime":"2016-08-25","gradeDescription":null,"companyFullName":"纬创软件（北京）有限公司武汉分公司","businessZones":null,"imState":"disabled","lastLogin":1472540251000,"publisherId":4992417,"explain":null,"plus":null,"pcShow":0},{"companyId":134149,"companyShortName":"众维星空","createTime":"2016-08-25 10:25:09","positionId":1951273,"positionAdvantage":"成长空间大，发展前景好。","salary":"10k-20k","score":0,"workYear":"1-3年","education":"本科","city":"北京","positionName":"C++","companyLogo":"i/image/M00/36/A9/CgqKkVdeVYeAF3nvAAATeIExNOg002.png","financeStage":"初创型(未融资)","industryField":"其他","jobNature":"全职","approve":0,"companySize":"50-150人","district":"大兴区","companyLabelList":null,"adWord":0,"appShow":0,"deliver":0,"formatCreateTime":"2016-08-25","gradeDescription":null,"companyFullName":"北京众维星空图形技术有限公司","businessZones":null,"imState":"today","lastLogin":1472543176000,"publisherId":4278518,"explain":null,"plus":null,"pcShow":0},{"companyId":77306,"companyShortName":"零零无限","createTime":"2016-08-25 10:14:01","positionId":2027875,"positionAdvantage":"嵌入式人工智能，核心软件","salary":"15k-30k","score":0,"workYear":"3-5年","education":"本科","city":"北京","positionName":"软件开发测试工程师（C/C++ &amp; Linux)","companyLogo":"i/image/M00/26/0F/CgqKkVcgU1aABK_iAAAV-LXFris985.png","financeStage":"成长型(A轮)","industryField":"硬件","jobNature":"全职","approve":1,"companySize":"50-150人","district":null,"companyLabelList":null,"adWord":0,"appShow":0,"deliver":0,"formatCreateTime":"2016-08-25","gradeDescription":null,"companyFullName":"北京零零无限科技有限公司","businessZones":null,"imState":"today","lastLogin":1472552302000,"publisherId":5056206,"explain":null,"plus":null,"pcShow":0},{"companyId":104601,"companyShortName":"百度外卖","createTime":"2016-08-25 10:09:10","positionId":2067142,"positionAdvantage":"高薪 期权 带薪年假 岗位晋升 发展空间","salary":"15k-30k","score":0,"workYear":"1-3年","education":"本科","city":"北京","positionName":"C/C++开发工程师","companyLogo":"image2/M00/13/09/CgpzWlY5nAyATp-rAABoQyerlBE060.jpg?cc=0.10944942501373589","financeStage":"成长型(B轮)","industryField":"O2O,生活服务","jobNature":"全职","approve":0,"companySize":"500-2000人","district":null,"companyLabelList":["带薪年假","岗位晋升","领导好","通讯津贴"],"adWord":0,"appShow":0,"deliver":0,"formatCreateTime":"2016-08-25","gradeDescription":null,"companyFullName":"百度外卖","businessZones":null,"imState":"disabled","lastLogin":1472090891000,"publisherId":4378189,"explain":null,"plus":null,"pcShow":0},{"companyId":56498,"companyShortName":"多点","createTime":"2016-08-25 10:05:39","positionId":2285938,"positionAdvantage":"前沿行业 全额五险一金 全员持股 氛围nice","salary":"15k-30k","score":0,"workYear":"3-5年","education":"本科","city":"北京","positionName":"c++工程师","companyLogo":"i/image/M00/02/66/CgqKkVaOH92AS-P3AAAR2xmagUE151.jpg","financeStage":"成长型(B轮)","industryField":"移动互联网","jobNature":"全职","approve":1,"companySize":"50-150人","district":null,"companyLabelList":["前沿行业","顶级团队","温暖氛围","弹性工作"],"adWord":0,"appShow":0,"deliver":0,"formatCreateTime":"2016-08-25","gradeDescription":null,"companyFullName":"北京多点在线科技有限公司","businessZones":null,"imState":"today","lastLogin":1472572860000,"publisherId":1420258,"explain":null,"plus":null,"pcShow":0}]}},"code":0}