{"success":true,"requestId":null,"msg":null,"resubmitToken":null,"content":{"pageNo":31,"pageSize":15,"positionResult":{"totalCount":1236,"resultSize":15,"locationInfo":{"queryByGisCode":false,"businessZone":null,"locationCode":null,"city":"北京","district":null},"queryAnalysisInfo":{"industryName":null,"usefulCompany":false,"positionName":"c","companyName":null},"strategyProperty":{"name":"dm-csearch-newSimScorer","id":1},"result":[{"companyId":5854,"positionName":"C","workYear":"不限","education":"本科","jobNature":"全职","financeStage":"成熟型(不需要融资)","companyLogo":"image1/M00/00/0D/CgYXBlTUWCCAUrC7AABo-Z5RRDI900.png","industryField":"移动互联网,企业服务","companyShortName":"中科方德软件有限公司","city":"北京","salary":"9k-18k","positionId":667965,"positionAdvantage":"六险一金 午餐补助 交通补助","district":"海淀区","createTime":"2016-08-25 13:56:36","companyLabelList":["股票期权","带薪年假","绩效奖金","扁平管理"],"approve":1,"companySize":"500-2000人","score":0,"companyFullName":"中科方德软件有限公司","adWord":0,"formatCreateTime":"2016-08-25","publisherId":1701066,"explain":null,"plus":null,"pcShow":0,"appShow":0,"deliver":0,"gradeDescription":null,"businessZones":["中关村","知春路","双榆树"],"imState":"disabled","lastLogin":1472535852000},{"companyId":4184,"positionName":"C/C++工程师","workYear":"1-3年","education":"本科","jobNature":"全职","financeStage":"成熟型(不需要融资)","companyLogo":"image1/M00/00/0A/Cgo8PFTUWBaAEBkAAAB-Og1M0To804.jpg","industryField":"数据服务","companyShortName":"思特奇Si-tech","city":"北京","salary":"6k-12k","positionId":1968354,"positionAdvantage":"参与大型项目开发、从中学习和锻炼","district":"海淀区","createTime":"2016-08-25 11:25:00","companyLabelList":["绩效奖金 ","专项奖金 ","五险一金 ","通讯津贴 "],"approve":1,"companySize":"2000人以上","score":0,"companyFullName":"北京思特奇信息技术股份有限公司","adWord":0,"formatCreateTime":"2016-08-25","publisherId":247055,"explain":null,"plus":null,"pcShow":0,"appShow":0,"deliver":0,"gradeDescription":null,"businessZones":["牡丹园","北太平庄","学院路"],"imState":"today","lastLogin":1472556285000},{"companyId":58098,"positionName":"c#研发工程师","workYear":"3-5年","education":"本科","jobNature":"全职","financeStage":"成熟型(不需要融资)","companyLogo":"image1/M00/17/53/CgYXBlURKSuADZQNAADJdP6HbE0730.jpg","industryField":"分类信息","companyShortName":"中铁物流集团","city":"北京","salary":"8k-15k","positionId":756809,"positionAdvantage":"发展空间，免费班车、带薪假期、餐补","district":"朝阳区","createTime":"2016-08-25 10:35:53","companyLabelList":["节日礼物","带薪年假","绩效奖金","岗位晋升"],"approve":1,"companySize":"2000人以上","score":0,"companyFullName":"中铁物流集团有限公司","adWord":0,"formatCreateTime":"2016-08-25","publisherId":1466736,"explain":null,"plus":null,"pcShow":0,"appShow":0,"deliver":0,"gradeDescription":null,"businessZones":null,"imState":"disabled","lastLogin":1472534894000},{"companyId":108856,"positionName":"C#asp.net高级工程师","workYear":"5-10年","education":"大专","jobNature":"全职","financeStage":"成长型(A轮)","companyLogo":"i/image/M00/42/5B/Cgp3O1d_OeGAVrRvAABZK4YkkVc390.png","industryField":"移动互联网,游戏","companyShortName":"批容推趣","city":"北京","salary":"15k-30k","positionId":1352972,"positionAdvantage":"年底双薪，弹性工作，扁平管理，绩效奖金","district":"海淀区","createTime":"2016-08-25 10:04:30","companyLabelList":["年底双薪","股票期权","年终分红","带薪年假"],"approve":0,"companySize":"50-150人","score":0,"companyFullName":"上海批容推趣网络科技有限公司北京分公司","adWord":0,"formatCreateTime":"2016-08-25","publisherId":3508991,"explain":null,"plus":null,"pcShow":0,"appShow":0,"deliver":0,"gradeDescription":null,"businessZones":["五道口"],"imState":"disabled","lastLogin":1472549623000},{"companyId":5024,"positionName":"通讯研发工程师（C++/Golang/Erlang）","workYear":"3-5年","education":"本科","jobNature":"全职","financeStage":"成长型(B轮)","companyLogo":"i/image/M00/31/A9/Cgp3O1dL6LKAI_AjAAAOJNsbELA604.png","industryField":"移动互联网,企业服务","companyShortName":"环信","city":"北京","salary":"20k-40k","positionId":2285883,"positionAdvantage":"股票期权、六险一金","district":"海淀区","createTime":"2016-08-25 09:59:42","companyLabelList":["扁平管理","弹性工作","六险一金","商业补充保险"],"approve":1,"companySize":"150-500人","score":0,"companyFullName":"北京易掌云峰科技有限公司","adWord":0,"formatCreateTime":"2016-08-25","publisherId":5577403,"explain":null,"plus":null,"pcShow":0,"appShow":0,"deliver":0,"gradeDescription":null,"businessZones":["中关村","双榆树","双安"],"imState":"today","lastLogin":1472555257000},{"companyId":61466,"positionName":"C#","workYear":"1-3年","education":"大专","jobNature":"全职","financeStage":"初创型(天使轮)","companyLogo":"image1/M00/1A/E0/CgYXBlUd6_-AZHC0AACqS4LesxI131.jpg","industryField":"移动互联网,电子商务","companyShortName":"云启正通","city":"北京","salary":"8k-10k","positionId":1899219,"positionAdvantage":"五险一金，绩效，话补，餐补","district":"海淀区","createTime":"2016-08-25 09:55:41","companyLabelList":["年底双薪","专项奖金","岗位晋升","扁平管理"],"approve":1,"companySize":"15-50人","score":0,"companyFullName":"云启正通（北京）科技有限公司","adWord":0,"formatCreateTime":"2016-08-25","publisherId":2116794,"explain":null,"plus":null,"pcShow":0,"appShow":0,"deliver":0,"gradeDescription":null,"businessZones":["五道口","学院路","北航"],"imState":"disabled","lastLogin":1472090105000},{"companyId":84958,"positionName":"C++","workYear":"1-3年","education":"本科","jobNature":"全职","financeStage":"初创型(天使轮)","companyLogo":"i/image/M00/2C/A0/CgqKkVc5rXGADO45AAAKs5KUdYY764.jpg","industryField":"移动互联网,硬件","companyShortName":"腾客科技","city":"北京","salary":"12k-24k","positionId":2285838,"positionAdvantage":"五险一金、期权激励、年度旅游、年终奖等","district":"海淀区","createTime":"2016-08-25 09:55:36","companyLabelList":["岗位晋升","管理规范","午餐补助","年底双薪"],"approve":0,"companySize":"少于15人","score":0,"companyFullName":"北京市腾客科技有限公司","adWord":0,"formatCreateTime":"2016-08-25","publisherId":3914215,"explain":null,"plus":null,"pcShow":0,"appShow":0,"deliver":0,"gradeDescription":null,"businessZones":["五道口","清华大学","中关村"],"imState":"today","lastLogin":1472544618000},{"companyId":92857,"positionName":"C语言开发工程师","workYear":"1-3年","education":"本科","jobNature":"全职","financeStage":"成长型(不需要融资)","companyLogo":"i/image/M00/32/94/CgqKkVdOrSmAEqvHAAIfocyvaGU809.png","industryField":"移动互联网,企业服务","companyShortName":"江南天安","city":"北京","salary":"8k-16k","positionId":1990246,"positionAdvantage":"优秀团队,发展机会,六险一金,丰富活动","district":"海淀区","createTime":"2016-08-25 09:51:15","companyLabelList":["带薪年假","扁平管理","定期体检","通讯津贴"],"approve":1,"companySize":"150-500人","score":0,"companyFullName":"北京江南天安科技有限公司","adWord":0,"formatCreateTime":"2016-08-25","publisherId":2402023,"explain":null,"plus":null,"pcShow":0,"appShow":0,"deliver":0,"gradeDescription":null,"businessZones":["马甸","北太平庄","牡丹园"],"imState":"today","lastLogin":1472568174000},{"companyId":35630,"positionName":"C++开发工程师 （windows，跨平台）","workYear":"5-10年","education":"大专","jobNature":"全职","financeStage":"成长型(A轮)","companyLogo":"image1/M00/1C/CD/Cgo8PFUnRoaABHOIAACAkPVErk8851.png","industryField":"数据服务","companyShortName":"青藤云安全","city":"北京","salary":"15k-30k","positionId":1072816,"positionAdvantage":"五险一金 年底双薪 零食水果 餐补 员工福利","district":"海淀区","createTime":"2016-08-25 09:47:45","companyLabelList":["五险一金","年底双薪","带薪年假","扁平管理"],"approve":1,"companySize":"15-50人","score":0,"companyFullName":"北京升鑫网络科技有限公司","adWord":0,"formatCreateTime":"2016-08-25","publisherId":619567,"explain":null,"plus":null,"pcShow":0,"appShow":0,"deliver":0,"gradeDescription":null,"businessZones":["上地","马连洼","西二旗"],"imState":"today","lastLogin":1472522105000},{"companyId":487,"positionName":"C++服务器开发工程师","workYear":"3-5年","education":"本科","jobNature":"全职","financeStage":"上市公司","companyLogo":"image1/M00/0D/9C/Cgo8PFT4IQSAG0AtAABW35OKyUs933.jpg","industryField":"游戏","companyShortName":"蓝港互动集团","city":"北京","salary":"15k-30k","positionId":805565,"positionAdvantage":"五险一金、补充医疗、年底双薪等","district":"朝阳区","createTime":"2016-08-25 09:45:40","companyLabelList":["年底双薪","节日礼物","技能培训","绩效奖金"],"approve":1,"companySize":"500-2000人","score":0,"companyFullName":"蓝港在线（北京）科技有限公司","adWord":0,"formatCreateTime":"2016-08-25","publisherId":1367395,"explain":null,"plus":null,"pcShow":0,"appShow":0,"deliver":0,"gradeDescription":null,"businessZones":["来广营","望京"],"imState":"disabled","lastLogin":1470886876000},{"companyId":29789,"positionName":"C++开发工程师","workYear":"3-5年","education":"本科","jobNature":"全职","financeStage":"成长型(B轮)","companyLogo":"i/image/M00/14/45/CgqKkVbpCXaALwOxAAAKxYyWtuM099.jpg","industryField":"移动互联网","companyShortName":"众享比特","city":"北京","salary":"15k-30k","positionId":2264252,"positionAdvantage":"全额缴纳一金，员工旅游，股票期权等","district":"朝阳区","createTime":"2016-08-25 09:40:41","companyLabelList":["股票期权","五险一金","弹性工作","年终分红"],"approve":1,"companySize":"15-50人","score":0,"companyFullName":"北京众享比特科技有限公司","adWord":0,"formatCreateTime":"2016-08-25","publisherId":418808,"explain":null,"plus":null,"pcShow":0,"appShow":0,"deliver":0,"gradeDescription":null,"businessZones":["将台路","酒仙桥","大山子"],"imState":"today","lastLogin":1472540888000},{"companyId":82491,"positionName":"C++/python","workYear":"3-5年","education":"本科","jobNature":"全职","financeStage":"初创型(天使轮)","companyLogo":"image1/M00/37/A3/CgYXBlWjbXCAagdGAACpr793qfk040.png?cc=0.32484901580028236","industryField":"移动互联网,数据服务","companyShortName":"中创三优","city":"北京","salary":"15k-30k","positionId":2197655,"positionAdvantage":"发展空间大，弹性工作制","district":"海淀区","createTime":"2016-08-25 09:40:40","companyLabelList":["年底双薪","股票期权","专项奖金","绩效奖金"],"approve":1,"companySize":"50-150人","score":0,"companyFullName":"中创三优（北京）科技有限公司","adWord":0,"formatCreateTime":"2016-08-25","publisherId":2104614,"explain":null,"plus":null,"pcShow":0,"appShow":0,"deliver":0,"gradeDescription":null,"businessZones":["车公庄","甘家口","航天桥"],"imState":"disabled","lastLogin":1472432257000},{"companyId":451,"positionName":"C++","workYear":"3-5年","education":"本科","jobNature":"全职","financeStage":"上市公司","companyLogo":"image1/M00/00/03/CgYXBlTUV_qALGv0AABEuOJDipU378.jpg","industryField":"移动互联网 ,游戏","companyShortName":"腾讯","city":"北京","salary":"20k-40k","positionId":2141715,"positionAdvantage":"金融","district":"海淀区","createTime":"2016-08-25 09:36:27","companyLabelList":["免费班车","成长空间","年度旅游","岗位晋升"],"approve":1,"companySize":"2000人以上","score":0,"companyFullName":"腾讯科技(深圳)有限公司","adWord":0,"formatCreateTime":"2016-08-25","publisherId":822009,"explain":null,"plus":null,"pcShow":0,"appShow":0,"deliver":0,"gradeDescription":null,"businessZones":null,"imState":"threeDays","lastLogin":1472453815000},{"companyId":347,"positionName":"C","workYear":"5-10年","education":"本科","jobNature":"全职","financeStage":"上市公司","companyLogo":"i/image/M00/54/5E/CgqKkVfDxgCAMb-GAAC2FtnWUVE377.jpg","industryField":"移动互联网","companyShortName":"阿里巴巴","city":"北京","salary":"22k-43k","positionId":2210570,"positionAdvantage":"阿里云-虚拟网络(SDN/NFV)","district":"朝阳区","createTime":"2016-08-25 09:18:52","companyLabelList":["美女多","领导好","发展前景好","简单"],"approve":1,"companySize":"2000人以上","score":0,"companyFullName":"阿里巴巴（中国）网络技术有限公司","adWord":0,"formatCreateTime":"2016-08-25","publisherId":1593888,"explain":null,"plus":null,"pcShow":0,"appShow":0,"deliver":0,"gradeDescription":null,"businessZones":["望京","大山子","酒仙桥"],"imState":"disabled","lastLogin":1472559047000},{"companyId":55546,"positionName":"C++","workYear":"1-3年","education":"本科","jobNature":"全职","financeStage":"成长型(不需要融资)","companyLogo":"image1/M00/0F/2C/Cgo8PFT8-jSASqLsAABNb2roIIw952.jpg","industryField":"移动互联网","companyShortName":"飞思达","city":"北京","salary":"7k-11k","positionId":482212,"positionAdvantage":"较大学习成长空间，团队活动，氛围轻松","district":"海淀区","createTime":"2016-08-25 09:05:00","companyLabelList":["技能培训","节日礼物","带薪年假","绩效奖金"],"approve":0,"companySize":"50-150人","score":0,"companyFullName":"飞思达技术（北京）有限公司","adWord":0,"formatCreateTime":"2016-08-25","publisherId":1393778,"explain":null,"plus":null,"pcShow":0,"appShow":0,"deliver":0,"gradeDescription":null,"businessZones":["上地","马连洼","西二旗"],"imState":"disabled","lastLogin":1472520482000}]}},"code":0}