{"success":true,"requestId":null,"msg":null,"resubmitToken":null,"code":0,"content":{"pageNo":34,"pageSize":15,"positionResult":{"resultSize":15,"totalCount":1236,"locationInfo":{"queryByGisCode":false,"businessZone":null,"locationCode":null,"city":"北京","district":null},"queryAnalysisInfo":{"industryName":null,"usefulCompany":false,"positionName":"c","companyName":null},"strategyProperty":{"name":"dm-csearch-newSimScorer","id":1},"result":[{"companyId":8136,"businessZones":null,"imState":"overSevenDays","lastLogin":1471589735000,"publisherId":96954,"explain":null,"plus":null,"pcShow":0,"appShow":0,"deliver":0,"gradeDescription":null,"companyFullName":"北京佳讯飞鸿电气股份有限公司","formatCreateTime":"2016-08-24","positionName":"C++/C#","workYear":"3-5年","education":"本科","jobNature":"全职","companyLogo":"image1/M00/00/11/Cgo8PFTUWDGAciSbAABRt4Bhq3M215.jpg","salary":"10k-20k","city":"北京","financeStage":"上市公司","industryField":"数据服务,文化娱乐","positionId":2048600,"approve":1,"createTime":"2016-08-24 17:22:40","positionAdvantage":"七险一金、带薪年假、年终奖金","district":"海淀区","companyShortName":"佳讯飞鸿","companyLabelList":["免费班车","带薪年假","七险一金","员工持股"],"score":0,"companySize":"150-500人","adWord":0},{"companyId":28884,"businessZones":["德胜门","北太平庄","新街口"],"imState":"disabled","lastLogin":1472547983000,"publisherId":388833,"explain":null,"plus":null,"pcShow":0,"appShow":0,"deliver":0,"gradeDescription":null,"companyFullName":"北京鼎盾信息科技有限公司","formatCreateTime":"2016-08-24","positionName":"C++/QT开发工程师","workYear":"3-5年","education":"大专","jobNature":"全职","companyLogo":"i/image/M00/30/72/Cgp3O1dGjXiAQqhHAAASqrXY7Mk009.jpg","salary":"6k-12k","city":"北京","financeStage":"上市公司","industryField":"移动互联网","positionId":2147233,"approve":0,"createTime":"2016-08-24 16:28:46","positionAdvantage":"五险一金 商业保险 午餐补助 年度体检","district":"西城区","companyShortName":"鼎盾科技","companyLabelList":["绩效奖金","五险一金","带薪年假","节日礼物"],"score":0,"companySize":"15-50人","adWord":0},{"companyId":62538,"businessZones":["牡丹园","北太平庄","学院路"],"imState":"threeDays","lastLogin":1472454229000,"publisherId":5865390,"explain":null,"plus":null,"pcShow":0,"appShow":0,"deliver":0,"gradeDescription":null,"companyFullName":"北京掌上先机网络科技有限公司","formatCreateTime":"2016-08-24","positionName":"C++","workYear":"应届毕业生","education":"本科","jobNature":"全职","companyLogo":"image1/M00/1C/8C/CgYXBlUmMq6AUp6gAACSVayov5k777.png","salary":"5k-8k","city":"北京","financeStage":"成长型(不需要融资)","industryField":"移动互联网,电子商务","positionId":2235863,"approve":1,"createTime":"2016-08-24 16:20:18","positionAdvantage":"福利补贴,五险一金,年底双薪,带薪年假","district":"海淀区","companyShortName":"掌上先机-旺店通ERP","companyLabelList":["技能培训","节日礼物","专项奖金","带薪年假"],"score":0,"companySize":"150-500人","adWord":0},{"companyId":99484,"businessZones":["上地","马连洼","西二旗"],"imState":"disabled","lastLogin":1472175073000,"publisherId":1541247,"explain":null,"plus":null,"pcShow":0,"appShow":0,"deliver":0,"gradeDescription":null,"companyFullName":"上海欣方智能系统有限公司","formatCreateTime":"2016-08-24","positionName":"C++","workYear":"1-3年","education":"本科","jobNature":"全职","companyLogo":"i/image/M00/04/2F/Cgp3O1bG1kmAdrlLAABBZhDLFLc975.jpg","salary":"8k-12k","city":"北京","financeStage":"初创型(未融资)","industryField":"信息安全,数据服务","positionId":1796462,"approve":0,"createTime":"2016-08-24 16:03:19","positionAdvantage":"临近地铁、六险一金，福利待遇好","district":"海淀区","companyShortName":"上海欣方","companyLabelList":null,"score":0,"companySize":"150-500人","adWord":0},{"companyId":123777,"businessZones":["望京","大山子","花家地"],"imState":"disabled","lastLogin":1472551826000,"publisherId":5249718,"explain":null,"plus":null,"pcShow":0,"appShow":0,"deliver":0,"gradeDescription":null,"companyFullName":"北京通力互联技术服务有限公司","formatCreateTime":"2016-08-24","positionName":"C","workYear":"1-3年","education":"本科","jobNature":"全职","companyLogo":"i/image/M00/2E/03/CgqKkVc9jmCAI8DpAAD09YLPnBk157.png","salary":"10k-18k","city":"北京","financeStage":"成熟型(不需要融资)","industryField":"电子商务,企业服务","positionId":2084051,"approve":0,"createTime":"2016-08-24 15:35:34","positionAdvantage":"大平台 好项目 高薪资","district":"朝阳区","companyShortName":"通力互联","companyLabelList":["绩效奖金","交通补助","定期体检","通讯津贴"],"score":0,"companySize":"2000人以上","adWord":0},{"companyId":3866,"businessZones":null,"imState":"threeDays","lastLogin":1472444026000,"publisherId":2545745,"explain":null,"plus":null,"pcShow":0,"appShow":0,"deliver":0,"gradeDescription":null,"companyFullName":"北京联想利泰软件有限公司","formatCreateTime":"2016-08-24","positionName":"Windows C++开发工程师","workYear":"3-5年","education":"不限","jobNature":"全职","companyLogo":"i/image/M00/2B/98/Cgp3O1c1ZdaAIjU3AAA7TsArYD4046.PNG","salary":"10k-15k","city":"北京","financeStage":"初创型(未融资)","industryField":"移动互联网,招聘","positionId":2151596,"approve":1,"createTime":"2016-08-24 15:15:06","positionAdvantage":"产品流 大项目 大平台 五险一金 带薪年假","district":null,"companyShortName":"联想利泰","companyLabelList":["节日礼物","带薪年假","岗位晋升","领导好"],"score":0,"companySize":"500-2000人","adWord":0},{"companyId":127567,"businessZones":["大望路","红庙","华贸"],"imState":"today","lastLogin":1472546141000,"publisherId":371857,"explain":null,"plus":null,"pcShow":0,"appShow":0,"deliver":0,"gradeDescription":null,"companyFullName":"北京智锐管理咨询有限公司","formatCreateTime":"2016-08-24","positionName":"C++","workYear":"3-5年","education":"不限","jobNature":"全职","companyLogo":"i/image/M00/26/D3/Cgp3O1ci_3eAL45JAAByX0QYoIg026.jpg","salary":"20k-40k","city":"北京","financeStage":"初创型(未融资)","industryField":"招聘,企业服务","positionId":2236292,"approve":0,"createTime":"2016-08-24 15:05:54","positionAdvantage":"互联网金融大数据 前景好 领导nice","district":"朝阳区","companyShortName":"Wits Global","companyLabelList":null,"score":0,"companySize":"15-50人","adWord":0},{"companyId":126957,"businessZones":["西二旗","龙泽","回龙观"],"imState":"today","lastLogin":1472551411000,"publisherId":4913750,"explain":null,"plus":null,"pcShow":0,"appShow":0,"deliver":0,"gradeDescription":null,"companyFullName":"北京算云联科科技有限公司","formatCreateTime":"2016-08-24","positionName":"Linux C工程师","workYear":"3-5年","education":"本科","jobNature":"全职","companyLogo":"i/image/M00/25/B4/CgqKkVcfNBaAX_UlAAAGN2o1zqo160.png","salary":"10k-20k","city":"北京","financeStage":"成长型(A轮)","industryField":"移动互联网,硬件","positionId":2098241,"approve":0,"createTime":"2016-08-24 15:05:35","positionAdvantage":"六险一金，年底奖金，周末双休，午餐补助","district":"海淀区","companyShortName":"北京算云联科","companyLabelList":["午餐补助","定期体检","弹性工作","五险一金"],"score":0,"companySize":"150-500人","adWord":0},{"companyId":24406,"businessZones":["牡丹园","北太平庄","学院路"],"imState":"today","lastLogin":1472519086000,"publisherId":5190661,"explain":null,"plus":null,"pcShow":0,"appShow":0,"deliver":0,"gradeDescription":null,"companyFullName":"北京北大方正电子有限公司","formatCreateTime":"2016-08-24","positionName":"C++","workYear":"3-5年","education":"本科","jobNature":"全职","companyLogo":"image1/M00/0A/CF/CgYXBlTwPYqAeGHBAABJwkw8Z8I860.jpg","salary":"15k-30k","city":"北京","financeStage":"上市公司","industryField":"移动互联网,数据服务","positionId":2282689,"approve":1,"createTime":"2016-08-24 14:59:21","positionAdvantage":"14-18薪 六险一金 弹性工作","district":"海淀区","companyShortName":"方正电子","companyLabelList":["技能培训","免费班车","岗位晋升","管理规范"],"score":0,"companySize":"500-2000人","adWord":0},{"companyId":95466,"businessZones":["西二旗","龙泽","回龙观"],"imState":"today","lastLogin":1472551585000,"publisherId":2569278,"explain":null,"plus":null,"pcShow":0,"appShow":0,"deliver":0,"gradeDescription":null,"companyFullName":"北京亿赛通科技发展有限责任公司","formatCreateTime":"2016-08-24","positionName":"C++软件工程师","workYear":"3-5年","education":"本科","jobNature":"全职","companyLogo":"image2/M00/05/39/CgpzWlX2XmaAYj9rAABoUzXjgGc034.jpg?cc=0.5235326825641096","salary":"10k-20k","city":"北京","financeStage":"上市公司","industryField":"信息安全","positionId":1946503,"approve":1,"createTime":"2016-08-24 14:54:52","positionAdvantage":"有竞争力的薪资福利，良好的发展前景","district":"海淀区","companyShortName":"亿赛通","companyLabelList":["带薪年假","定期体检","五险一金","弹性工作"],"score":0,"companySize":"150-500人","adWord":0},{"companyId":1686,"businessZones":["中关村","北京大学","苏州街"],"imState":"today","lastLogin":1472540487000,"publisherId":2278796,"explain":null,"plus":null,"pcShow":0,"appShow":0,"deliver":0,"gradeDescription":null,"companyFullName":"北京爱奇艺科技有限公司","formatCreateTime":"2016-08-24","positionName":"C++开发leader","workYear":"5-10年","education":"本科","jobNature":"全职","companyLogo":"image1/M00/00/06/Cgo8PFTUWAaAbD7PAACAXTzCmiw113.jpg","salary":"30k-40k","city":"北京","financeStage":"成熟型(D轮及以上)","industryField":"广告营销,文化娱乐","positionId":2282631,"approve":1,"createTime":"2016-08-24 14:51:40","positionAdvantage":"12天年假 六险一金","district":"海淀区","companyShortName":"爱奇艺","companyLabelList":["绩效奖金","五险一金","交通补助","带薪年假"],"score":0,"companySize":"2000人以上","adWord":0},{"companyId":97462,"businessZones":null,"imState":"today","lastLogin":1472529549000,"publisherId":2659485,"explain":null,"plus":null,"pcShow":0,"appShow":0,"deliver":0,"gradeDescription":null,"companyFullName":"北京开运联合信息技术股份有限公司","formatCreateTime":"2016-08-24","positionName":"C++","workYear":"3-5年","education":"本科","jobNature":"全职","companyLogo":"image2/M00/08/BF/CgqLKVYDzYWAf1G2AAAOwZVjw-U785.jpg","salary":"10k-20k","city":"北京","financeStage":"上市公司","industryField":"移动互联网","positionId":2282390,"approve":1,"createTime":"2016-08-24 14:29:32","positionAdvantage":"年底福利，定期涨薪，定期出游","district":"朝阳区","companyShortName":"开运联合","companyLabelList":["技能培训","节日礼物","股票期权","带薪年假"],"score":0,"companySize":"150-500人","adWord":0},{"companyId":25317,"businessZones":null,"imState":"disabled","lastLogin":1472018728000,"publisherId":1562953,"explain":null,"plus":null,"pcShow":0,"appShow":0,"deliver":0,"gradeDescription":null,"companyFullName":"深圳市金证科技股份有限公司","formatCreateTime":"2016-08-24","positionName":"C++","workYear":"3-5年","education":"本科","jobNature":"全职","companyLogo":"image1/M00/00/34/Cgo8PFTUXJOAMEEpAAAroeFn454603.jpg","salary":"10k-20k","city":"北京","financeStage":"上市公司","industryField":"金融","positionId":1724658,"approve":1,"createTime":"2016-08-24 14:16:15","positionAdvantage":"互联网金融行业","district":null,"companyShortName":"金证股份","companyLabelList":["激情的团队","股票期权","努力变大牛","有舞台给您跳"],"score":0,"companySize":"2000人以上","adWord":0},{"companyId":137835,"businessZones":["清河"],"imState":"disabled","lastLogin":1472544910000,"publisherId":5576867,"explain":null,"plus":null,"pcShow":0,"appShow":0,"deliver":0,"gradeDescription":null,"companyFullName":"北京吉优特软件有限公司","formatCreateTime":"2016-08-24","positionName":"C#，VB，.net工程师，数据库开发工程师","workYear":"1-3年","education":"不限","jobNature":"全职","companyLogo":"i/image/M00/47/34/Cgp3O1eO58CADXZbAAEDioPKJgI628.jpg","salary":"6k-12k","city":"北京","financeStage":"初创型(未融资)","industryField":"硬件,数据服务","positionId":2121435,"approve":0,"createTime":"2016-08-24 14:13:45","positionAdvantage":"五险一金、年终奖金、定期体检","district":"海淀区","companyShortName":"吉优特","companyLabelList":null,"score":0,"companySize":"15-50人","adWord":0},{"companyId":62866,"businessZones":["西三旗","回龙观","清河"],"imState":"disabled","lastLogin":1472571175000,"publisherId":1466141,"explain":null,"plus":null,"pcShow":0,"appShow":0,"deliver":0,"gradeDescription":null,"companyFullName":"北京筑业志远软件开发有限公司","formatCreateTime":"2016-08-24","positionName":"C#","workYear":"1-3年","education":"本科","jobNature":"全职","companyLogo":"image1/M00/1D/04/CgYXBlUoe72AXy7gAACxzYNGeeo204.png","salary":"10k-15k","city":"北京","financeStage":"初创型(未融资)","industryField":"移动互联网","positionId":1784708,"approve":1,"createTime":"2016-08-24 14:08:34","positionAdvantage":"高新技术，行业领先","district":"昌平区","companyShortName":"筑业软件","companyLabelList":["节日礼物","带薪年假","岗位晋升","年度旅游"],"score":0,"companySize":"150-500人","adWord":0}]}}}