{"success":true,"requestId":null,"msg":null,"resubmitToken":null,"content":{"pageNo":35,"pageSize":15,"positionResult":{"resultSize":15,"totalCount":1236,"locationInfo":{"city":"北京","district":null,"queryByGisCode":false,"locationCode":null,"businessZone":null},"queryAnalysisInfo":{"positionName":"c","companyName":null,"usefulCompany":false,"industryName":null},"strategyProperty":{"name":"dm-csearch-newSimScorer","id":1},"result":[{"createTime":"2016-08-24 17:22:33","formatCreateTime":"2016-08-24","companyId":8136,"positionName":"Linux C++","workYear":"3-5年","education":"本科","jobNature":"全职","companyShortName":"佳讯飞鸿","city":"北京","salary":"10k-20k","financeStage":"上市公司","positionId":1365053,"companyLogo":"image1/M00/00/11/Cgo8PFTUWDGAciSbAABRt4Bhq3M215.jpg","positionAdvantage":"七险一金、餐补、年终奖金","approve":1,"district":"海淀区","score":0,"companyLabelList":["免费班车","带薪年假","七险一金","员工持股"],"industryField":"数据服务,文化娱乐","companySize":"150-500人","imState":"overSevenDays","lastLogin":1471589735000,"publisherId":96954,"explain":null,"plus":null,"pcShow":0,"appShow":0,"deliver":0,"gradeDescription":null,"businessZones":null,"companyFullName":"北京佳讯飞鸿电气股份有限公司","adWord":0},{"createTime":"2016-08-24 14:57:08","formatCreateTime":"2016-08-24","companyId":24406,"positionName":"C++（后台方向）","workYear":"1-3年","education":"本科","jobNature":"全职","companyShortName":"方正电子","city":"北京","salary":"15k-25k","financeStage":"上市公司","positionId":2282673,"companyLogo":"image1/M00/0A/CF/CgYXBlTwPYqAeGHBAABJwkw8Z8I860.jpg","positionAdvantage":"14-18薪 六险一金 领导nice","approve":1,"district":null,"score":0,"companyLabelList":["技能培训","免费班车","岗位晋升","管理规范"],"industryField":"移动互联网,数据服务","companySize":"500-2000人","imState":"today","lastLogin":1472519086000,"publisherId":5190661,"explain":null,"plus":null,"pcShow":0,"appShow":0,"deliver":0,"gradeDescription":null,"businessZones":null,"companyFullName":"北京北大方正电子有限公司","adWord":0},{"createTime":"2016-08-24 14:50:47","formatCreateTime":"2016-08-24","companyId":1686,"positionName":"C++开发工程师","workYear":"5-10年","education":"本科","jobNature":"全职","companyShortName":"爱奇艺","city":"北京","salary":"25k-35k","financeStage":"成熟型(D轮及以上)","positionId":2282625,"companyLogo":"image1/M00/00/06/Cgo8PFTUWAaAbD7PAACAXTzCmiw113.jpg","positionAdvantage":"12天年假 六险一金","approve":1,"district":"海淀区","score":0,"companyLabelList":["绩效奖金","五险一金","交通补助","带薪年假"],"industryField":"广告营销,文化娱乐","companySize":"2000人以上","imState":"today","lastLogin":1472540487000,"publisherId":2278796,"explain":null,"plus":null,"pcShow":0,"appShow":0,"deliver":0,"gradeDescription":null,"businessZones":["中关村","北京大学","苏州街"],"companyFullName":"北京爱奇艺科技有限公司","adWord":0},{"createTime":"2016-08-24 14:08:22","formatCreateTime":"2016-08-24","companyId":78094,"positionName":"C++软件工程师","workYear":"1-3年","education":"本科","jobNature":"全职","companyShortName":"通元软件","city":"北京","salary":"8k-16k","financeStage":"成长型(不需要融资)","positionId":903934,"companyLogo":"image1/M00/2F/BA/CgYXBlWDaNWAdbHqAAAN_oMkIFY580.jpg?cc=0.9708812581375241","positionAdvantage":"公司发展前景好，待遇优厚。","approve":1,"district":"海淀区","score":0,"companyLabelList":["绩效奖金","年度旅游","扁平管理","领导好"],"industryField":"移动互联网,教育","companySize":"50-150人","imState":"disabled","lastLogin":1472542714000,"publisherId":1968127,"explain":null,"plus":null,"pcShow":0,"appShow":0,"deliver":0,"gradeDescription":null,"businessZones":["上地","西二旗","马连洼"],"companyFullName":"北京通元动力软件技术有限责任公司","adWord":0},{"createTime":"2016-08-24 14:00:54","formatCreateTime":"2016-08-24","companyId":53137,"positionName":"C++/QT工程师","workYear":"1-3年","education":"本科","jobNature":"全职","companyShortName":"金色家园科技","city":"北京","salary":"10k-20k","financeStage":"成熟型(不需要融资)","positionId":1929462,"companyLogo":"image1/M00/26/84/CgYXBlVVpKmAT16vAAB-lRbYIa8041.jpg","positionAdvantage":"领导好,福利好,14薪,发展空间大","approve":1,"district":"东城区","score":0,"companyLabelList":["节日礼物","带薪年假","绩效奖金","管理规范"],"industryField":"O2O","companySize":"500-2000人","imState":"today","lastLogin":1472537157000,"publisherId":1326958,"explain":null,"plus":null,"pcShow":0,"appShow":0,"deliver":0,"gradeDescription":null,"businessZones":["广渠门","光明楼","花市"],"companyFullName":"金色家园网络科技有限公司","adWord":0},{"createTime":"2016-08-24 13:37:50","formatCreateTime":"2016-08-24","companyId":139048,"positionName":"c++高级开发工程师","workYear":"5-10年","education":"本科","jobNature":"全职","companyShortName":"驭能者","city":"北京","salary":"5k-10k","financeStage":"初创型(未融资)","positionId":2281948,"companyLogo":"i/image/M00/46/45/Cgp3O1eMZjuAWTC4AAAQhsI8S_c777.jpg","positionAdvantage":"优秀的企业文化，优于行业的薪资","approve":0,"district":null,"score":0,"companyLabelList":["定期体检","岗位晋升","五险一金","商业保险"],"industryField":"其他","companySize":"50-150人","imState":"disabled","lastLogin":1472558921000,"publisherId":5927252,"explain":null,"plus":null,"pcShow":0,"appShow":0,"deliver":0,"gradeDescription":null,"businessZones":null,"companyFullName":"北京驭能者能源科技有限公司","adWord":0},{"createTime":"2016-08-24 13:37:17","formatCreateTime":"2016-08-24","companyId":108087,"positionName":"C++开发工程师","workYear":"3-5年","education":"大专","jobNature":"全职","companyShortName":"中创慧谷","city":"北京","salary":"10k-15k","financeStage":"初创型(未融资)","positionId":1803753,"companyLogo":"i/image/M00/2A/30/Cgp3O1cxgFCAMWZVAAART5JI2Gs508.png","positionAdvantage":"成长空间大，发展前景好","approve":0,"district":"西城区","score":0,"companyLabelList":null,"industryField":"其他","companySize":"15-50人","imState":"disabled","lastLogin":1472089966000,"publisherId":4052219,"explain":null,"plus":null,"pcShow":0,"appShow":0,"deliver":0,"gradeDescription":null,"businessZones":["西直门","官园"],"companyFullName":"中创立方慧谷科技（北京）有限公司","adWord":0},{"createTime":"2016-08-24 13:34:54","formatCreateTime":"2016-08-24","companyId":35773,"positionName":"C#/.Net开发工程师","workYear":"1-3年","education":"本科","jobNature":"全职","companyShortName":"众荟—慧评事业部","city":"北京","salary":"10k-15k","financeStage":"成长型(B轮)","positionId":1734558,"companyLogo":"image1/M00/22/01/CgYXBlU_Oh2AOP8UAABqv_I1YpM238.jpg","positionAdvantage":"五险一金 补充医疗 绩效奖金 弹性工作","approve":1,"district":"海淀区","score":0,"companyLabelList":["节日礼物","股票期权","带薪年假","绩效奖金"],"industryField":"旅游,数据服务","companySize":"500-2000人","imState":"disabled","lastLogin":1472544095000,"publisherId":648748,"explain":null,"plus":null,"pcShow":0,"appShow":0,"deliver":0,"gradeDescription":null,"businessZones":["马甸","北太平庄","牡丹园"],"companyFullName":"北京益商慧评网络科技有限公司","adWord":0},{"createTime":"2016-08-24 13:24:04","formatCreateTime":"2016-08-24","companyId":112030,"positionName":"C","workYear":"3-5年","education":"本科","jobNature":"全职","companyShortName":"翼辉信息","city":"北京","salary":"15k-25k","financeStage":"成长型(A轮)","positionId":2281878,"companyLogo":"i/image/M00/03/28/CgqKkVasWkGAKAusAAAWdmkNwy4481.png","positionAdvantage":"六险一金、社保公积金公司补贴、带薪年假","approve":0,"district":"海淀区","score":0,"companyLabelList":null,"industryField":"硬件","companySize":"15-50人","imState":"disabled","lastLogin":1472175618000,"publisherId":3677868,"explain":null,"plus":null,"pcShow":0,"appShow":0,"deliver":0,"gradeDescription":null,"businessZones":null,"companyFullName":"北京翼辉信息技术有限公司","adWord":0},{"createTime":"2016-08-24 13:22:51","formatCreateTime":"2016-08-24","companyId":24984,"positionName":"C#工程师","workYear":"1-3年","education":"大专","jobNature":"全职","companyShortName":"医联","city":"北京","salary":"10k-15k","financeStage":"成长型(B轮)","positionId":2228329,"companyLogo":"i/image/M00/05/E2/Cgp3O1bL1d-AZdsWAAAROo8ljn4602.png","positionAdvantage":"定期团建,五险一金,部门活动","approve":1,"district":"朝阳区","score":0,"companyLabelList":["专项奖金","绩效奖金","岗位晋升","扁平管理"],"industryField":"社交网络,医疗健康","companySize":"500-2000人","imState":"disabled","lastLogin":1472540435000,"publisherId":2130407,"explain":null,"plus":null,"pcShow":0,"appShow":0,"deliver":0,"gradeDescription":null,"businessZones":["建外大街","CBD","东大桥"],"companyFullName":"成都医云科技有限公司","adWord":0},{"createTime":"2016-08-24 13:12:11","formatCreateTime":"2016-08-24","companyId":4762,"positionName":"GIS-C/S开发工程师","workYear":"1-3年","education":"本科","jobNature":"全职","companyShortName":"东软睿道","city":"北京","salary":"15k-20k","financeStage":"上市公司","positionId":2249448,"companyLogo":"i/image/M00/3A/CB/Cgp3O1dqOR2ALjpjAABmjVHyTic993.jpg","positionAdvantage":"五险一金,午餐补助,带薪年假,弹性工作","approve":0,"district":null,"score":0,"companyLabelList":["绩效奖金","五险一金","带薪年假","交通补助"],"industryField":"移动互联网,教育","companySize":"2000人以上","imState":"disabled","lastLogin":1472192571000,"publisherId":5828327,"explain":null,"plus":null,"pcShow":0,"appShow":0,"deliver":0,"gradeDescription":null,"businessZones":null,"companyFullName":"东软睿道教育信息技术有限公司","adWord":0},{"createTime":"2016-08-24 12:05:18","formatCreateTime":"2016-08-24","companyId":20191,"positionName":"C++工程师","workYear":"1-3年","education":"本科","jobNature":"全职","companyShortName":"璧合科技","city":"北京","salary":"10k-15k","financeStage":"上市公司","positionId":2281624,"companyLogo":"image1/M00/00/25/Cgo8PFTUWIGALql1AAAoa3VOWUk311.jpg","positionAdvantage":"五险一金，午餐补助，年度旅游、节日福利等","approve":0,"district":null,"score":0,"companyLabelList":["绩效奖金","股票期权","马尔代夫旅游","五险一金"],"industryField":"移动互联网,生活服务","companySize":"50-150人","imState":"disabled","lastLogin":1472521862000,"publisherId":3077432,"explain":null,"plus":null,"pcShow":0,"appShow":0,"deliver":0,"gradeDescription":null,"businessZones":null,"companyFullName":"北京璧合科技有限公司","adWord":0},{"createTime":"2016-08-24 11:57:40","formatCreateTime":"2016-08-24","companyId":59251,"positionName":"C++高级开发工程师","workYear":"3-5年","education":"大专","jobNature":"全职","companyShortName":"映客直播","city":"北京","salary":"18k-30k","financeStage":"成长型(B轮)","positionId":2281565,"companyLogo":"i/image/M00/08/49/Cgp3O1bPycGAMj0hAAAgshBCvv4840.jpg","positionAdvantage":"福利完善,年底奖金,环境优美,帅哥美女","approve":1,"district":"朝阳区","score":0,"companyLabelList":["年底双薪","专项奖金","股票期权","带薪年假"],"industryField":"移动互联网,文化娱乐","companySize":"500-2000人","imState":"today","lastLogin":1472559160000,"publisherId":1467174,"explain":null,"plus":null,"pcShow":0,"appShow":0,"deliver":0,"gradeDescription":null,"businessZones":["望京","大山子","花家地"],"companyFullName":"北京蜜莱坞网络科技有限公司","adWord":0},{"createTime":"2016-08-24 11:04:53","formatCreateTime":"2016-08-24","companyId":28465,"positionName":"高级linux C开发工程师","workYear":"3-5年","education":"本科","jobNature":"全职","companyShortName":"全讯汇聚网络科技","city":"北京","salary":"15k-30k","financeStage":"成长型(A轮)","positionId":603391,"companyLogo":"image1/M00/00/3E/CgYXBlTUXL6AUQd4AACAyG7rUbQ201.jpg","positionAdvantage":"弹性工作制、五险一金、股票期权、带薪年假","approve":1,"district":"丰台区","score":0,"companyLabelList":["年底双薪","五险一金","带薪年假","年度旅游"],"industryField":"移动互联网,数据服务","companySize":"50-150人","imState":"disabled","lastLogin":1472454635000,"publisherId":375051,"explain":null,"plus":null,"pcShow":0,"appShow":0,"deliver":0,"gradeDescription":null,"businessZones":["嘉园","马家堡","草桥"],"companyFullName":"全讯汇聚网络科技(北京)有限公司","adWord":0},{"createTime":"2016-08-24 10:56:27","formatCreateTime":"2016-08-24","companyId":123777,"positionName":".net开发工程师 C/S方向","workYear":"5-10年","education":"大专","jobNature":"全职","companyShortName":"通力互联","city":"北京","salary":"12k-24k","financeStage":"成熟型(不需要融资)","positionId":2095985,"companyLogo":"i/image/M00/2E/03/CgqKkVc9jmCAI8DpAAD09YLPnBk157.png","positionAdvantage":"平台 个人成长 薪酬福利","approve":0,"district":null,"score":0,"companyLabelList":["绩效奖金","交通补助","定期体检","通讯津贴"],"industryField":"电子商务,企业服务","companySize":"2000人以上","imState":"disabled","lastLogin":1472451628000,"publisherId":285310,"explain":null,"plus":null,"pcShow":0,"appShow":0,"deliver":0,"gradeDescription":null,"businessZones":null,"companyFullName":"北京通力互联技术服务有限公司","adWord":0}]}},"code":0}