{"resubmitToken":null,"success":true,"requestId":null,"msg":null,"content":{"pageNo":36,"pageSize":15,"positionResult":{"totalCount":1236,"resultSize":15,"locationInfo":{"city":"北京","district":null,"queryByGisCode":false,"businessZone":null,"locationCode":null},"queryAnalysisInfo":{"positionName":"c","companyName":null,"industryName":null,"usefulCompany":false},"strategyProperty":{"name":"dm-csearch-newSimScorer","id":1},"result":[{"companyFullName":"成都医云科技有限公司","adWord":0,"companyId":24984,"formatCreateTime":"2016-08-24","businessZones":["国贸","CBD","东大桥"],"imState":"disabled","lastLogin":1472540435000,"positionId":1495900,"industryField":"社交网络,医疗健康","education":"本科","workYear":"1-3年","city":"北京","positionAdvantage":"弹性制办公，公司氛围活跃，定期举办活动","createTime":"2016-08-24 13:22:47","salary":"10k-15k","positionName":"C#工程师","companySize":"500-2000人","companyShortName":"医联","companyLogo":"i/image/M00/05/E2/Cgp3O1bL1d-AZdsWAAAROo8ljn4602.png","financeStage":"成长型(B轮)","approve":1,"jobNature":"全职","companyLabelList":["专项奖金","绩效奖金","岗位晋升","扁平管理"],"district":"朝阳区","score":0,"publisherId":2130407,"explain":null,"plus":null,"pcShow":0,"appShow":0,"deliver":0,"gradeDescription":null},{"companyFullName":"北京驭能者能源科技有限公司","adWord":0,"companyId":139048,"formatCreateTime":"2016-08-24","businessZones":["奥运村","北沙滩"],"imState":"disabled","lastLogin":1472558921000,"positionId":2280875,"industryField":"其他","education":"本科","workYear":"3-5年","city":"北京","positionAdvantage":"优秀的企业文化，优于行业的薪资","createTime":"2016-08-24 11:01:03","salary":"5k-10k","positionName":"C++","companySize":"50-150人","companyShortName":"驭能者","companyLogo":"i/image/M00/46/45/Cgp3O1eMZjuAWTC4AAAQhsI8S_c777.jpg","financeStage":"初创型(未融资)","approve":0,"jobNature":"全职","companyLabelList":["定期体检","岗位晋升","五险一金","商业保险"],"district":"朝阳区","score":0,"publisherId":5927252,"explain":null,"plus":null,"pcShow":0,"appShow":0,"deliver":0,"gradeDescription":null},{"companyFullName":"北京智能管家科技有限公司","adWord":0,"companyId":50604,"formatCreateTime":"2016-08-24","businessZones":["立水桥"],"imState":"today","lastLogin":1472549584000,"positionId":1753235,"industryField":"硬件","education":"本科","workYear":"3-5年","city":"北京","positionAdvantage":"优秀团队，弹性上班，福利好","createTime":"2016-08-24 10:53:08","salary":"20k-35k","positionName":"C++高级开发工程师","companySize":"150-500人","companyShortName":"roobo","companyLogo":"image1/M00/15/5F/Cgo8PFUKWS-AX_i9AAAzuotizOM181.png","financeStage":"成长型(A轮)","approve":1,"jobNature":"全职","companyLabelList":["年底双薪","节日礼物","技能培训","年度旅游"],"district":"朝阳区","score":0,"publisherId":989716,"explain":null,"plus":null,"pcShow":0,"appShow":0,"deliver":0,"gradeDescription":null},{"companyFullName":"中科宏宇（北京）文化发展有限公司","adWord":0,"companyId":137148,"formatCreateTime":"2016-08-24","businessZones":null,"imState":"overSevenDays","lastLogin":1471256050000,"positionId":2053345,"industryField":"教育","education":"大专","workYear":"1-3年","city":"北京","positionAdvantage":"双休、五险、法定假日、绩效奖金、全勤奖","createTime":"2016-08-24 10:51:43","salary":"8k-15k","positionName":".NET/C#","companySize":"150-500人","companyShortName":"中教数据库","companyLogo":"i/image/M00/40/8F/Cgp3O1d7FsSAJlbDAAAYAlj7yCU065.jpg","financeStage":"初创型(未融资)","approve":0,"jobNature":"全职","companyLabelList":["专项奖金","绩效奖金","年终分红","带薪年假"],"district":null,"score":0,"publisherId":5535957,"explain":null,"plus":null,"pcShow":0,"appShow":0,"deliver":0,"gradeDescription":null},{"companyFullName":"北京新东方迅程网络科技有限公司","adWord":0,"companyId":9933,"formatCreateTime":"2016-08-24","businessZones":["中关村","苏州街","北京大学"],"imState":"disabled","lastLogin":1472458041000,"positionId":1331389,"industryField":"移动互联网,教育","education":"大专","workYear":"3-5年","city":"北京","positionAdvantage":"在线教育 直播 流媒体 服务器 C++","createTime":"2016-08-24 10:47:46","salary":"13k-18k","positionName":"流媒体服务器开发工程师/C++开发工程师","companySize":"500-2000人","companyShortName":"新东方在线","companyLogo":"image2/M00/06/F3/CgpzWlX7zc-AAWMNAAASvyef_n0773.jpg","financeStage":"成熟型(不需要融资)","approve":1,"jobNature":"全职","companyLabelList":["年度旅游","定期体检","免费健身","交通补助"],"district":"海淀区","score":0,"publisherId":762222,"explain":null,"plus":null,"pcShow":0,"appShow":0,"deliver":0,"gradeDescription":null},{"companyFullName":"北京趣玩互动信息技术有限公司","adWord":0,"companyId":100493,"formatCreateTime":"2016-08-24","businessZones":null,"imState":"today","lastLogin":1472539194000,"positionId":2244320,"industryField":"移动互联网","education":"不限","workYear":"3-5年","city":"北京","positionAdvantage":"期权,五险一金,带薪年假,免费伙食","createTime":"2016-08-24 10:35:14","salary":"15k-30k","positionName":"C++","companySize":"15-50人","companyShortName":"趣玩互动","companyLogo":"i/image/M00/0C/09/Cgp3O1bWsPKAdX5LAAARi6JsbDw632.jpg","financeStage":"初创型(天使轮)","approve":1,"jobNature":"全职","companyLabelList":["股票期权","带薪年假","绩效奖金","岗位晋升"],"district":"朝阳区","score":0,"publisherId":2813268,"explain":null,"plus":null,"pcShow":0,"appShow":0,"deliver":0,"gradeDescription":null},{"companyFullName":"博彦科技股份有限公司","adWord":0,"companyId":63383,"formatCreateTime":"2016-08-24","businessZones":["苏州街","中关村","苏州桥"],"imState":"today","lastLogin":1472551390000,"positionId":1923748,"industryField":"企业服务,数据服务","education":"本科","workYear":"1-3年","city":"北京","positionAdvantage":"生日会 下午茶 健身房 免费班车","createTime":"2016-08-24 10:32:02","salary":"8k-15k","positionName":"C#开发","companySize":"2000人以上","companyShortName":"博彦科技","companyLogo":"image1/M00/43/C0/Cgo8PFXSyROAXr5CAAATF5nO3SI031.jpg","financeStage":"上市公司","approve":1,"jobNature":"全职","companyLabelList":["技能培训","节日礼物","免费班车","带薪年假"],"district":"海淀区","score":0,"publisherId":3677126,"explain":null,"plus":null,"pcShow":0,"appShow":0,"deliver":0,"gradeDescription":null},{"companyFullName":"云角（北京）信息技术有限公司","adWord":0,"companyId":56550,"formatCreateTime":"2016-08-24","businessZones":["上地","西二旗","马连洼"],"imState":"disabled","lastLogin":1472548595000,"positionId":515289,"industryField":"数据服务","education":"本科","workYear":"1-3年","city":"北京","positionAdvantage":"云计算Top服务公司、高薪、高福利","createTime":"2016-08-24 10:25:38","salary":"8k-15k","positionName":"C#开发工程师（云计算行业）","companySize":"50-150人","companyShortName":"云角（北京）","companyLogo":"image1/M00/11/86/Cgo8PFUBEc-ARmEXAAA3isFzgyQ907.jpg","financeStage":"初创型(未融资)","approve":0,"jobNature":"全职","companyLabelList":["技能培训","期权激励","岗位晋升","年度旅游"],"district":"海淀区","score":0,"publisherId":1421187,"explain":null,"plus":null,"pcShow":0,"appShow":0,"deliver":0,"gradeDescription":null},{"companyFullName":"北京东舟软件有限公司","adWord":0,"companyId":53088,"formatCreateTime":"2016-08-24","businessZones":["上地","马连洼","西二旗"],"imState":"today","lastLogin":1472551743000,"positionId":1836795,"industryField":"移动互联网,企业服务","education":"大专","workYear":"1-3年","city":"北京","positionAdvantage":"五险一金、年终奖金、带薪年假、员工旅游","createTime":"2016-08-24 10:14:52","salary":"10k-20k","positionName":"C# .NET研发工程师","companySize":"50-150人","companyShortName":"东舟","companyLogo":"image1/M00/1D/8D/Cgo8PFUrX2aAYieFAABRBrQlIP8569.jpg","financeStage":"成长型(不需要融资)","approve":1,"jobNature":"全职","companyLabelList":["绩效奖金","岗位晋升","年度旅游","扁平管理"],"district":"海淀区","score":0,"publisherId":4357047,"explain":null,"plus":null,"pcShow":0,"appShow":0,"deliver":0,"gradeDescription":null},{"companyFullName":"Verycloud-云端网络","adWord":0,"companyId":84604,"formatCreateTime":"2016-08-24","businessZones":["小关","惠新里","对外经贸"],"imState":"sevenDays","lastLogin":1472003563000,"positionId":1528178,"industryField":"移动互联网,数据服务","education":"本科","workYear":"1-3年","city":"北京","positionAdvantage":"上市公司 无责任底薪 全勤奖金 绩效奖金","createTime":"2016-08-24 10:05:07","salary":"10k-20k","positionName":"视频直播加速工程师（服务器、CDN、C++、JAVA）","companySize":"150-500人","companyShortName":"Verycloud-云端网络","companyLogo":"image1/M00/3B/51/CgYXBlWwRFyAZumuAAAK9B535MM920.JPG?cc=0.7115170346502397","financeStage":"上市公司","approve":0,"jobNature":"全职","companyLabelList":["专项奖金","带薪年假","岗位晋升","管理规范"],"district":"朝阳区","score":0,"publisherId":3091919,"explain":null,"plus":null,"pcShow":0,"appShow":0,"deliver":0,"gradeDescription":null},{"companyFullName":"北京通力互联技术服务有限公司","adWord":0,"companyId":123777,"formatCreateTime":"2016-08-24","businessZones":null,"imState":"today","lastLogin":1472550990000,"positionId":2183619,"industryField":"电子商务,企业服务","education":"本科","workYear":"1-3年","city":"北京","positionAdvantage":"一流平台，免费班车，免费体检，五险一金","createTime":"2016-08-24 10:03:22","salary":"8k-10k","positionName":"C#","companySize":"2000人以上","companyShortName":"通力互联","companyLogo":"i/image/M00/2E/03/CgqKkVc9jmCAI8DpAAD09YLPnBk157.png","financeStage":"成熟型(不需要融资)","approve":0,"jobNature":"全职","companyLabelList":["绩效奖金","交通补助","定期体检","通讯津贴"],"district":"海淀区","score":0,"publisherId":5345557,"explain":null,"plus":null,"pcShow":0,"appShow":0,"deliver":0,"gradeDescription":null},{"companyFullName":"北京每日优鲜电子商务有限公司","adWord":0,"companyId":39934,"formatCreateTime":"2016-08-24","businessZones":["望京","大山子","酒仙桥"],"imState":"today","lastLogin":1472555740000,"positionId":1621790,"industryField":"移动互联网,电子商务","education":"本科","workYear":"1-3年","city":"北京","positionAdvantage":"福利待遇好，发展前景好，领导nice","createTime":"2016-08-24 09:59:04","salary":"15k-30k","positionName":"C端产品经理（偏基础购物流程）","companySize":"150-500人","companyShortName":"每日优鲜","companyLogo":"image1/M00/33/F0/CgYXBlWVHo2AJ2kfAADcOU-43sg621.jpg","financeStage":"成长型(B轮)","approve":1,"jobNature":"全职","companyLabelList":["节日礼物","年度旅游","岗位晋升","管理规范"],"district":"朝阳区","score":0,"publisherId":785866,"explain":null,"plus":null,"pcShow":0,"appShow":0,"deliver":0,"gradeDescription":null},{"companyFullName":"北京淘金者科技有限公司","adWord":0,"companyId":16647,"formatCreateTime":"2016-08-24","businessZones":["望京","大山子","酒仙桥"],"imState":"sevenDays","lastLogin":1472192469000,"positionId":986617,"industryField":"移动互联网,金融","education":"本科","workYear":"1-3年","city":"北京","positionAdvantage":"免费午餐，五险一金","createTime":"2016-08-24 09:55:17","salary":"12k-24k","positionName":"ASP.Net C# 开发工程师","companySize":"50-150人","companyShortName":"牛股王","companyLogo":"image1/M00/00/1F/Cgo8PFTUWGqAPk6RAACkWTRnMNU011.png","financeStage":"成熟型(C轮)","approve":1,"jobNature":"全职","companyLabelList":["岗位晋升","扁平管理","领导好","美女多"],"district":"朝阳区","score":0,"publisherId":722824,"explain":null,"plus":null,"pcShow":0,"appShow":0,"deliver":0,"gradeDescription":null},{"companyFullName":"北京比特安索信息技术有限公司","adWord":0,"companyId":16279,"formatCreateTime":"2016-08-24","businessZones":["清河"],"imState":"today","lastLogin":1472542747000,"positionId":1166761,"industryField":"信息安全","education":"本科","workYear":"1-3年","city":"北京","positionAdvantage":"技术大牛指导，国际领先产品，工资高","createTime":"2016-08-24 09:52:15","salary":"2k-4k","positionName":"C/C++开发工程师","companySize":"少于15人","companyShortName":"比特安索","companyLogo":"image1/M00/00/1E/Cgo8PFTUWGiAHEe5AABrK_IF6Q0937.jpg","financeStage":"初创型(未融资)","approve":1,"jobNature":"实习","companyLabelList":["技能培训","股票期权","绩效奖金","岗位晋升"],"district":"海淀区","score":0,"publisherId":190831,"explain":null,"plus":null,"pcShow":0,"appShow":0,"deliver":0,"gradeDescription":null},{"companyFullName":"北京极地信息技术有限公司","adWord":0,"companyId":35216,"formatCreateTime":"2016-08-24","businessZones":["学院路","北航","北太平庄"],"imState":"disabled","lastLogin":1472451480000,"positionId":228833,"industryField":"信息安全","education":"大专","workYear":"1-3年","city":"北京","positionAdvantage":"五险一金 带薪年假 免费班车 晋升空间大","createTime":"2016-08-24 09:49:59","salary":"6k-10k","positionName":"C/C++开发工程师","companySize":"150-500人","companyShortName":"极地安全","companyLogo":"i/image/M00/43/4B/CgqKkVeDF5-AdyEXAABYCxne9ko091.png","financeStage":"上市公司","approve":1,"jobNature":"全职","companyLabelList":["年底双薪","免费班车","股票期权","带薪年假"],"district":"海淀区","score":0,"publisherId":610765,"explain":null,"plus":null,"pcShow":0,"appShow":0,"deliver":0,"gradeDescription":null}]}},"code":0}