{"success":true,"requestId":null,"msg":null,"resubmitToken":null,"content":{"pageNo":37,"pageSize":15,"positionResult":{"totalCount":1236,"resultSize":15,"locationInfo":{"queryByGisCode":false,"businessZone":null,"locationCode":null,"city":"北京","district":null},"queryAnalysisInfo":{"industryName":null,"usefulCompany":false,"positionName":"c","companyName":null},"strategyProperty":{"name":"dm-csearch-newSimScorer","id":1},"result":[{"companyId":137148,"positionName":"C#","workYear":"1-3年","education":"本科","jobNature":"全职","financeStage":"初创型(未融资)","companyLogo":"i/image/M00/40/8F/Cgp3O1d7FsSAJlbDAAAYAlj7yCU065.jpg","industryField":"教育","companyShortName":"中教数据库","city":"北京","salary":"10k-15k","positionId":2062482,"positionAdvantage":"双休、五险、法定假日、绩效奖金、全勤奖","district":"房山区","createTime":"2016-08-24 10:51:40","companyLabelList":["专项奖金","绩效奖金","年终分红","带薪年假"],"approve":0,"companySize":"150-500人","score":0,"companyFullName":"中科宏宇（北京）文化发展有限公司","adWord":0,"formatCreateTime":"2016-08-24","publisherId":5535957,"explain":null,"plus":null,"pcShow":0,"appShow":0,"deliver":0,"gradeDescription":null,"businessZones":["长阳","良乡"],"imState":"overSevenDays","lastLogin":1471256050000},{"companyId":84604,"positionName":"Linux C/C++的招聘需求","workYear":"3-5年","education":"大专","jobNature":"全职","financeStage":"上市公司","companyLogo":"image1/M00/3B/51/CgYXBlWwRFyAZumuAAAK9B535MM920.JPG?cc=0.7115170346502397","industryField":"移动互联网,数据服务","companyShortName":"Verycloud-云端网络","city":"北京","salary":"15k-30k","positionId":2163341,"positionAdvantage":"期权激励,年底多薪,五险一金,弹性","district":"朝阳区","createTime":"2016-08-24 10:05:05","companyLabelList":["专项奖金","带薪年假","岗位晋升","管理规范"],"approve":0,"companySize":"150-500人","score":0,"companyFullName":"Verycloud-云端网络","adWord":0,"formatCreateTime":"2016-08-24","publisherId":3091919,"explain":null,"plus":null,"pcShow":0,"appShow":0,"deliver":0,"gradeDescription":null,"businessZones":null,"imState":"sevenDays","lastLogin":1472003563000},{"companyId":40459,"positionName":"C++开发工程师（监控视频分析方向）","workYear":"3-5年","education":"本科","jobNature":"全职","financeStage":"成长型(A轮)","companyLogo":"image1/M00/09/16/CgYXBlTZ3NWAf2r4AABF8mR1rac247.jpg","industryField":"移动互联网","companyShortName":"SenseTime","city":"北京","salary":"15k-30k","positionId":1794607,"positionAdvantage":"发展空间 技术大牛 弹性工作 休闲餐点","district":"海淀区","createTime":"2016-08-24 09:48:08","companyLabelList":["五险一金","弹性工作","丰盛三餐","发展空间大"],"approve":1,"companySize":"500-2000人","score":0,"companyFullName":"北京市商汤科技开发有限公司","adWord":0,"formatCreateTime":"2016-08-24","publisherId":742249,"explain":null,"plus":null,"pcShow":0,"appShow":0,"deliver":0,"gradeDescription":null,"businessZones":["五道口","清华大学","中关村"],"imState":"today","lastLogin":1472551452000},{"companyId":701,"positionName":"C++开发工程师","workYear":"1-3年","education":"本科","jobNature":"全职","financeStage":"上市公司","companyLogo":"image1/M00/00/04/Cgo8PFTUV_2APkHsAAATfxnET1o764.gif","industryField":"移动互联网,电子商务","companyShortName":"亿玛在线-互联网营销领航者","city":"北京","salary":"15k-25k","positionId":1271458,"positionAdvantage":"12年，上市，中国最大的电商大数据交易平台","district":"朝阳区","createTime":"2016-08-24 09:44:59","companyLabelList":["技能培训","绩效奖金","年度旅游","岗位晋升"],"approve":1,"companySize":"500-2000人","score":0,"companyFullName":"北京亿玛在线科技有限公司","adWord":0,"formatCreateTime":"2016-08-24","publisherId":1692560,"explain":null,"plus":null,"pcShow":0,"appShow":0,"deliver":0,"gradeDescription":null,"businessZones":["管庄","双桥"],"imState":"today","lastLogin":1472545532000},{"companyId":50702,"positionName":"服务端高级Java研发工程师-旅游C端","workYear":"3-5年","education":"本科","jobNature":"全职","financeStage":"成熟型(D轮及以上)","companyLogo":"i/image/M00/4B/6C/CgqKkVefHv-AFoRzAAAuALF7ZZ0419.png","industryField":"移动互联网,O2O","companyShortName":"美团点评","city":"北京","salary":"20k-40k","positionId":1912161,"positionAdvantage":"O2O，技术控","district":"朝阳区","createTime":"2016-08-24 09:34:53","companyLabelList":["技能培训","绩效奖金","岗位晋升","领导好"],"approve":1,"companySize":"2000人以上","score":0,"companyFullName":"北京三快在线科技有限公司","adWord":0,"formatCreateTime":"2016-08-24","publisherId":1979411,"explain":null,"plus":null,"pcShow":0,"appShow":0,"deliver":0,"gradeDescription":null,"businessZones":["望京","来广营"],"imState":"today","lastLogin":1472576110000},{"companyId":54515,"positionName":"C#开发工程师","workYear":"1-3年","education":"本科","jobNature":"全职","financeStage":"上市公司","companyLogo":"image1/M00/0C/F8/Cgo8PFT2oIuAcBBxAABQTeHQQQY940.png","industryField":"移动互联网","companyShortName":"联想","city":"北京","salary":"10k-15k","positionId":2072473,"positionAdvantage":"五险一金、节假日福利、补助、奖金","district":"海淀区","createTime":"2016-08-24 09:34:33","companyLabelList":["节日礼物","免费班车","带薪年假","绩效奖金"],"approve":1,"companySize":"2000人以上","score":0,"companyFullName":"北京联想调频科技有限公司","adWord":0,"formatCreateTime":"2016-08-24","publisherId":5545626,"explain":null,"plus":null,"pcShow":0,"appShow":0,"deliver":0,"gradeDescription":null,"businessZones":["西二旗","龙泽","回龙观"],"imState":"disabled","lastLogin":1472109281000},{"companyId":97238,"positionName":"C","workYear":"不限","education":"本科","jobNature":"全职","financeStage":"成长型(不需要融资)","companyLogo":"image2/M00/07/D5/CgqLKVYAxBiARcgOAABaKjYjFso273.gif?cc=0.6650173212401569","industryField":"移动互联网,信息安全","companyShortName":"比威网络技术有限公司","city":"北京","salary":"5k-10k","positionId":1818073,"positionAdvantage":"高薪诚聘嵌入式软件开发人员","district":"海淀区","createTime":"2016-08-24 09:27:07","companyLabelList":["技能培训","年底双薪","带薪年假","年度旅游"],"approve":0,"companySize":"50-150人","score":0,"companyFullName":"比威网络技术有限公司","adWord":0,"formatCreateTime":"2016-08-24","publisherId":5070127,"explain":null,"plus":null,"pcShow":0,"appShow":0,"deliver":0,"gradeDescription":null,"businessZones":["五道口","清华大学","中关村"],"imState":"disabled","lastLogin":1472536697000},{"companyId":69419,"positionName":"C语言工程师","workYear":"1-3年","education":"大专","jobNature":"全职","financeStage":"成长型(B轮)","companyLogo":"image1/M00/25/DC/Cgo8PFVS7wmAUcXCAACRzAcOFpg858.png","industryField":"硬件","companyShortName":"煜邦电力","city":"北京","salary":"7k-13k","positionId":2147260,"positionAdvantage":"电力行业股改完成拟上市公司，情景广阔","district":"朝阳区","createTime":"2016-08-24 09:25:38","companyLabelList":["节日礼物","技能培训","绩效奖金","岗位晋升"],"approve":1,"companySize":"500-2000人","score":0,"companyFullName":"北京煜邦电力技术股份有限公司","adWord":0,"formatCreateTime":"2016-08-24","publisherId":1685011,"explain":null,"plus":null,"pcShow":0,"appShow":0,"deliver":0,"gradeDescription":null,"businessZones":["安贞","和平街","和平里"],"imState":"disabled","lastLogin":1472549159000},{"companyId":24406,"positionName":"C++高级开发工程师(000906)","workYear":"3-5年","education":"不限","jobNature":"全职","financeStage":"上市公司","companyLogo":"image1/M00/0A/CF/CgYXBlTwPYqAeGHBAABJwkw8Z8I860.jpg","industryField":"移动互联网,数据服务","companyShortName":"方正电子","city":"北京","salary":"15k-25k","positionId":2164120,"positionAdvantage":"福利好，平台大，工作氛围棒","district":"海淀区","createTime":"2016-08-24 09:23:04","companyLabelList":["技能培训","免费班车","岗位晋升","管理规范"],"approve":1,"companySize":"500-2000人","score":0,"companyFullName":"北京北大方正电子有限公司","adWord":0,"formatCreateTime":"2016-08-24","publisherId":293674,"explain":null,"plus":null,"pcShow":0,"appShow":0,"deliver":0,"gradeDescription":null,"businessZones":null,"imState":"today","lastLogin":1472553365000},{"companyId":127068,"positionName":"C++服务器开发工程师","workYear":"3-5年","education":"本科","jobNature":"全职","financeStage":"初创型(天使轮)","companyLogo":"i/image/M00/28/D5/CgqKkVcsQ_6AcCUaAAAQtNXau9Y736.png","industryField":"硬件","companyShortName":"极限元","city":"北京","salary":"15k-25k","positionId":1915545,"positionAdvantage":"五险一金 弹性工作 水果晚餐 节日福利","district":"海淀区","createTime":"2016-08-24 09:22:18","companyLabelList":["五险一金","水果软饮","加班晚餐","带薪年假"],"approve":0,"companySize":"15-50人","score":0,"companyFullName":"极限元（北京）智能科技有限公司","adWord":0,"formatCreateTime":"2016-08-24","publisherId":4927479,"explain":null,"plus":null,"pcShow":0,"appShow":0,"deliver":0,"gradeDescription":null,"businessZones":["上地","马连洼","西二旗"],"imState":"sevenDays","lastLogin":1472011004000},{"companyId":3866,"positionName":"C++工程师（五道口）","workYear":"3-5年","education":"本科","jobNature":"全职","financeStage":"初创型(未融资)","companyLogo":"i/image/M00/2B/98/Cgp3O1c1ZdaAIjU3AAA7TsArYD4046.PNG","industryField":"移动互联网,招聘","companyShortName":"联想利泰","city":"北京","salary":"10k-15k","positionId":1149223,"positionAdvantage":"五险一金，带薪年假，双休，生活交通便利","district":"海淀区","createTime":"2016-08-24 09:14:45","companyLabelList":["节日礼物","带薪年假","岗位晋升","领导好"],"approve":1,"companySize":"500-2000人","score":0,"companyFullName":"北京联想利泰软件有限公司","adWord":0,"formatCreateTime":"2016-08-24","publisherId":433948,"explain":null,"plus":null,"pcShow":0,"appShow":0,"deliver":0,"gradeDescription":null,"businessZones":["五道口","清华大学","中关村"],"imState":"disabled","lastLogin":1472556260000},{"companyId":79983,"positionName":"C#","workYear":"1-3年","education":"本科","jobNature":"全职","financeStage":"初创型(未融资)","companyLogo":"image1/M00/33/0F/Cgo8PFWSUnCAR6GCAAAoVx5ARXk273.png?cc=0.4898386048153043","industryField":"移动互联网,数据服务","companyShortName":"希格玛仿真","city":"北京","salary":"10k-15k","positionId":2088389,"positionAdvantage":"五险、双休、年假","district":"朝阳区","createTime":"2016-08-24 09:12:06","companyLabelList":["绩效奖金","岗位晋升","领导好","交通补助"],"approve":0,"companySize":"少于15人","score":0,"companyFullName":"北京希格玛仿真技术有限公司","adWord":0,"formatCreateTime":"2016-08-24","publisherId":4703991,"explain":null,"plus":null,"pcShow":0,"appShow":0,"deliver":0,"gradeDescription":null,"businessZones":["四惠","百子湾","大望路"],"imState":"disabled","lastLogin":1472001017000},{"companyId":28723,"positionName":"高级C++开发工程师","workYear":"5-10年","education":"本科","jobNature":"全职","financeStage":"上市公司","companyLogo":"images/logo_default.png","industryField":"移动互联网,电子商务","companyShortName":"苏宁北研","city":"北京","salary":"15k-30k","positionId":1337185,"positionAdvantage":"广阔的发展空间，完善的福利制度。","district":"朝阳区","createTime":"2016-08-24 09:08:28","companyLabelList":["专项奖金","五险一金","带薪年假","免费班车"],"approve":0,"companySize":"2000人以上","score":0,"companyFullName":"苏宁云商集团IT总部北京研发中心","adWord":0,"formatCreateTime":"2016-08-24","publisherId":1716229,"explain":null,"plus":null,"pcShow":0,"appShow":0,"deliver":0,"gradeDescription":null,"businessZones":["望京","来广营"],"imState":"disabled","lastLogin":1472528261000},{"companyId":63045,"positionName":"C#软件工程师","workYear":"1-3年","education":"本科","jobNature":"全职","financeStage":"初创型(未融资)","companyLogo":"images/logo_default.png","industryField":"教育","companyShortName":"同方知网数字出版技术股份有限公司","city":"北京","salary":"8k-16k","positionId":891362,"positionAdvantage":"五险二金、年假、免费早午餐、住宿。","district":"海淀区","createTime":"2016-08-24 09:00:50","companyLabelList":["节日礼物","免费班车","绩效奖金","扁平管理"],"approve":0,"companySize":"2000人以上","score":0,"companyFullName":"同方知网数字出版技术股份有限公司","adWord":0,"formatCreateTime":"2016-08-24","publisherId":2127797,"explain":null,"plus":null,"pcShow":0,"appShow":0,"deliver":0,"gradeDescription":null,"businessZones":["清河","西三旗","小营"],"imState":"disabled","lastLogin":1472543040000},{"companyId":138604,"positionName":"Windows平台C开发","workYear":"5-10年","education":"本科","jobNature":"全职","financeStage":"成长型(不需要融资)","companyLogo":"i/image/M00/45/1E/Cgp3O1eHQD6AGsevAABvc46nAoM367.gif","industryField":"移动互联网,信息安全","companyShortName":"信大捷安北京分公司","city":"北京","salary":"15k-25k","positionId":2121069,"positionAdvantage":"五险一金 薪酬福利好 平台好 晋升空间大","district":"海淀区","createTime":"2016-08-24 08:50:58","companyLabelList":["带薪年假","午餐补助","交通补助","定期体检"],"approve":0,"companySize":"150-500人","score":0,"companyFullName":"郑州信大捷安信息技术股份有限公司北京分公司","adWord":0,"formatCreateTime":"2016-08-24","publisherId":5626543,"explain":null,"plus":null,"pcShow":0,"appShow":0,"deliver":0,"gradeDescription":null,"businessZones":["中关村","知春路","双榆树"],"imState":"disabled","lastLogin":1471999846000}]}},"code":0}