{"success":true,"requestId":null,"msg":null,"resubmitToken":null,"content":{"pageNo":39,"pageSize":15,"positionResult":{"totalCount":1236,"resultSize":15,"locationInfo":{"city":"北京","district":null,"queryByGisCode":false,"businessZone":null,"locationCode":null},"queryAnalysisInfo":{"positionName":"c","companyName":null,"usefulCompany":false,"industryName":null},"strategyProperty":{"name":"dm-csearch-newSimScorer","id":1},"result":[{"companyId":127068,"companyShortName":"极限元","createTime":"2016-08-24 09:22:00","positionId":2186712,"positionAdvantage":"年底双薪 节假日福利 五险一金 水果下午茶","salary":"15k-30k","score":0,"workYear":"3-5年","education":"本科","city":"北京","positionName":"C++/Linux服务器开发工程师","companyLogo":"i/image/M00/28/D5/CgqKkVcsQ_6AcCUaAAAQtNXau9Y736.png","financeStage":"初创型(天使轮)","industryField":"硬件","jobNature":"全职","approve":0,"companySize":"15-50人","district":"海淀区","companyLabelList":["五险一金","水果软饮","加班晚餐","带薪年假"],"adWord":0,"appShow":0,"deliver":0,"formatCreateTime":"2016-08-24","gradeDescription":null,"companyFullName":"极限元（北京）智能科技有限公司","businessZones":["上地","马连洼","西二旗"],"imState":"disabled","lastLogin":1470205724000,"publisherId":5830276,"explain":null,"plus":null,"pcShow":0},{"companyId":124192,"companyShortName":"闲徕互娱","createTime":"2016-08-23 20:48:00","positionId":2195973,"positionAdvantage":"年底最低14薪资 节节千元红包","salary":"20k-30k","score":0,"workYear":"3-5年","education":"本科","city":"北京","positionName":"C++","companyLogo":"i/image/M00/54/E5/Cgp3O1fFRZiAOthRAABUxt3Nnp8567.jpg","financeStage":"成熟型(不需要融资)","industryField":"游戏","jobNature":"全职","approve":1,"companySize":"500-2000人","district":"朝阳区","companyLabelList":["年底双薪","股票期权","带薪年假","午餐补助"],"adWord":0,"appShow":0,"deliver":0,"formatCreateTime":"2016-08-23","gradeDescription":null,"companyFullName":"北京闲徕互娱网络科技有限公司","businessZones":["北苑"],"imState":"today","lastLogin":1472545682000,"publisherId":4673764,"explain":null,"plus":null,"pcShow":0},{"companyId":140033,"companyShortName":"北京联合永道软件股份有限公司","createTime":"2016-08-23 17:07:26","positionId":2277981,"positionAdvantage":"五险一金、绩效奖金、午餐补贴、节日福利","salary":"5k-8k","score":0,"workYear":"不限","education":"本科","city":"北京","positionName":"C","companyLogo":"i/image/M00/47/66/CgqKkVePQbKAAkBVAAA9bKilxpk300.png","financeStage":"上市公司","industryField":"移动互联网","jobNature":"全职","approve":0,"companySize":"500-2000人","district":"海淀区","companyLabelList":null,"adWord":0,"appShow":0,"deliver":0,"formatCreateTime":"2016-08-23","gradeDescription":null,"companyFullName":"北京联合永道软件股份有限公司","businessZones":["西二旗","龙泽","回龙观"],"imState":"disabled","lastLogin":1472544764000,"publisherId":5289898,"explain":null,"plus":null,"pcShow":0},{"companyId":37099,"companyShortName":"百度","createTime":"2016-08-23 16:53:07","positionId":2213030,"positionAdvantage":"核心研发项目，五险一金，先进技术平台","salary":"15k-30k","score":0,"workYear":"3-5年","education":"本科","city":"北京","positionName":"自动驾驶事业部_C++仿真器开发工程师","companyLogo":"i/image/M00/03/3B/Cgp3O1awdYKAaopbAABFI3RQsu4671.png","financeStage":"上市公司","industryField":"移动互联网","jobNature":"全职","approve":0,"companySize":"2000人以上","district":"海淀区","companyLabelList":["弹性工作","五险一金","节日礼物","带薪年假"],"adWord":0,"appShow":0,"deliver":0,"formatCreateTime":"2016-08-23","gradeDescription":null,"companyFullName":"百度时代网络技术(北京)有限公司","businessZones":["西北旺","马连洼","上地"],"imState":"disabled","lastLogin":1472552077000,"publisherId":5318940,"explain":null,"plus":null,"pcShow":0},{"companyId":53088,"companyShortName":"东舟","createTime":"2016-08-23 16:46:40","positionId":1908323,"positionAdvantage":"五险一金、节日福利、扁平化管理","salary":"8k-16k","score":0,"workYear":"1-3年","education":"本科","city":"北京","positionName":"C#开发工程师","companyLogo":"image1/M00/1D/8D/Cgo8PFUrX2aAYieFAABRBrQlIP8569.jpg","financeStage":"成长型(不需要融资)","industryField":"移动互联网,企业服务","jobNature":"全职","approve":1,"companySize":"50-150人","district":"海淀区","companyLabelList":["绩效奖金","岗位晋升","年度旅游","扁平管理"],"adWord":0,"appShow":0,"deliver":0,"formatCreateTime":"2016-08-23","gradeDescription":null,"companyFullName":"北京东舟软件有限公司","businessZones":["上地","马连洼","西二旗"],"imState":"today","lastLogin":1472551612000,"publisherId":5070257,"explain":null,"plus":null,"pcShow":0},{"companyId":50702,"companyShortName":"美团点评","createTime":"2016-08-23 16:26:47","positionId":2034383,"positionAdvantage":"核心业务部门，数据量大","salary":"20k-40k","score":0,"workYear":"3-5年","education":"本科","city":"北京","positionName":"高级开发工程师（Java/PHP/Python/C++)","companyLogo":"i/image/M00/4B/6C/CgqKkVefHv-AFoRzAAAuALF7ZZ0419.png","financeStage":"成熟型(D轮及以上)","industryField":"移动互联网,O2O","jobNature":"全职","approve":1,"companySize":"2000人以上","district":"朝阳区","companyLabelList":["技能培训","绩效奖金","岗位晋升","领导好"],"adWord":0,"appShow":0,"deliver":0,"formatCreateTime":"2016-08-23","gradeDescription":null,"companyFullName":"北京三快在线科技有限公司","businessZones":["大山子","望京","酒仙桥"],"imState":"disabled","lastLogin":1472547471000,"publisherId":1920734,"explain":null,"plus":null,"pcShow":0},{"companyId":24406,"companyShortName":"方正电子","createTime":"2016-08-23 16:24:51","positionId":2050131,"positionAdvantage":"五险一金；补充医保；餐饮补贴；带薪年假","salary":"8k-12k","score":0,"workYear":"不限","education":"本科","city":"北京","positionName":"YF-C++ &amp; Java 开发工程师","companyLogo":"image1/M00/0A/CF/CgYXBlTwPYqAeGHBAABJwkw8Z8I860.jpg","financeStage":"上市公司","industryField":"移动互联网,数据服务","jobNature":"全职","approve":1,"companySize":"500-2000人","district":null,"companyLabelList":["技能培训","免费班车","岗位晋升","管理规范"],"adWord":0,"appShow":0,"deliver":0,"formatCreateTime":"2016-08-23","gradeDescription":null,"companyFullName":"北京北大方正电子有限公司","businessZones":null,"imState":"sevenDays","lastLogin":1472092766000,"publisherId":5191026,"explain":null,"plus":null,"pcShow":0},{"companyId":4158,"companyShortName":"美秒科技","createTime":"2016-08-23 16:21:15","positionId":306808,"positionAdvantage":"住宿补贴、五险一金、交通便利、发展好","salary":"12k-15k","score":0,"workYear":"1-3年","education":"不限","city":"北京","positionName":"C++/C工程师","companyLogo":"image1/M00/00/0A/CgYXBlTUWBaAX5ybAACq-EA7pSc619.jpg","financeStage":"成长型(A轮)","industryField":"移动互联网,电子商务","jobNature":"全职","approve":1,"companySize":"15-50人","district":"海淀区","companyLabelList":["交通补助","股票期权","弹性工作","免费晚餐"],"adWord":0,"appShow":0,"deliver":0,"formatCreateTime":"2016-08-23","gradeDescription":null,"companyFullName":"北京美秒科技有限公司","businessZones":["西二旗","龙泽","回龙观"],"imState":"today","lastLogin":1472551672000,"publisherId":71928,"explain":null,"plus":null,"pcShow":0},{"companyId":125525,"companyShortName":"文脉互动","createTime":"2016-08-23 16:18:43","positionId":1820070,"positionAdvantage":"拥有5000w月流水项目，职位晋升空间大","salary":"10k-20k","score":0,"workYear":"1-3年","education":"大专","city":"北京","positionName":"C# web开发工程师","companyLogo":"i/image/M00/48/E4/Cgp3O1eVu3KAdSeVAAAO5JRhRJ0582.jpg","financeStage":"成长型(A轮)","industryField":"移动互联网,游戏","jobNature":"全职","approve":1,"companySize":"50-150人","district":"朝阳区","companyLabelList":null,"adWord":0,"appShow":0,"deliver":0,"formatCreateTime":"2016-08-23","gradeDescription":null,"companyFullName":"北京文脉互动科技有限公司","businessZones":["大山子","酒仙桥"],"imState":"today","lastLogin":1472529317000,"publisherId":4849875,"explain":null,"plus":null,"pcShow":0},{"companyId":76795,"companyShortName":"爱朗格瑞","createTime":"2016-08-23 15:49:21","positionId":2207744,"positionAdvantage":"五险一金 带薪年假 节日福利","salary":"5k-10k","score":0,"workYear":"1-3年","education":"本科","city":"北京","positionName":"C++开发工程师","companyLogo":"image2/M00/06/E2/CgpzWlX7qH2AJZhWAAAMzQ8Crs8109.jpg","financeStage":"成长型(不需要融资)","industryField":"企业服务,其他","jobNature":"全职","approve":1,"companySize":"150-500人","district":"海淀区","companyLabelList":["年底双薪","带薪年假","绩效奖金","扁平管理"],"adWord":0,"appShow":0,"deliver":0,"formatCreateTime":"2016-08-23","gradeDescription":null,"companyFullName":"北京爱朗格瑞科技有限公司","businessZones":["小营","清河","西三旗"],"imState":"today","lastLogin":1472532311000,"publisherId":1554668,"explain":null,"plus":null,"pcShow":0},{"companyId":23727,"companyShortName":"知网","createTime":"2016-08-23 15:44:41","positionId":737664,"positionAdvantage":"五险二金、年假、免费早午餐、住宿、班车","salary":"9k-15k","score":0,"workYear":"不限","education":"本科","city":"北京","positionName":"C++","companyLogo":"i/image/M00/00/6D/CgqKkVZJj_qAIz4tAAAZsDXnarY482.jpg","financeStage":"上市公司","industryField":"移动互联网,电子商务","jobNature":"全职","approve":1,"companySize":"2000人以上","district":"海淀区","companyLabelList":["美女多多","带薪年假","绩效奖金","岗位晋升"],"adWord":0,"appShow":0,"deliver":0,"formatCreateTime":"2016-08-23","gradeDescription":null,"companyFullName":"同方知网（北京）技术有限公司","businessZones":["西三旗","清河","小营"],"imState":"today","lastLogin":1472534050000,"publisherId":1701044,"explain":null,"plus":null,"pcShow":0},{"companyId":95008,"companyShortName":"宇信科技","createTime":"2016-08-23 15:21:57","positionId":2008336,"positionAdvantage":"项目稳定 六险一金 年底奖金","salary":"12k-15k","score":0,"workYear":"3-5年","education":"本科","city":"北京","positionName":"C","companyLogo":"i/image/M00/4A/98/CgqKkVebDjSAayrdAAASoTqM9io393.jpg","financeStage":"成熟型(不需要融资)","industryField":"移动互联网,金融","jobNature":"全职","approve":0,"companySize":"2000人以上","district":"海淀区","companyLabelList":["技能培训","带薪年假","绩效奖金","岗位晋升"],"adWord":0,"appShow":0,"deliver":0,"formatCreateTime":"2016-08-23","gradeDescription":null,"companyFullName":"北京宇信科技集团股份有限公司","businessZones":["西二旗","龙泽","回龙观"],"imState":"disabled","lastLogin":1472546008000,"publisherId":5102559,"explain":null,"plus":null,"pcShow":0},{"companyId":113856,"companyShortName":"作业帮","createTime":"2016-08-23 15:09:47","positionId":2149095,"positionAdvantage":"扁平化管理，技术氛围，免费三餐，租房补贴","salary":"15k-30k","score":0,"workYear":"3-5年","education":"本科","city":"北京","positionName":"流媒体研发工程师（C++）","companyLogo":"i/image/M00/4E/40/CgqKkVeqlb2AF8JlAAAktQnnu8U850.png","financeStage":"成长型(B轮)","industryField":"移动互联网,教育","jobNature":"全职","approve":0,"companySize":"150-500人","district":"海淀区","companyLabelList":["股票期权","免费三餐","打车报销","14薪"],"adWord":0,"appShow":0,"deliver":0,"formatCreateTime":"2016-08-23","gradeDescription":null,"companyFullName":"小船出海教育科技（北京）有限公司","businessZones":["上地","西二旗","马连洼"],"imState":"today","lastLogin":1472563430000,"publisherId":5504534,"explain":null,"plus":null,"pcShow":0},{"companyId":71471,"companyShortName":"北京华电天益信息科技有限公司","createTime":"2016-08-23 14:46:04","positionId":684005,"positionAdvantage":"依托大学研究中心，氛围好，轻松，假期多","salary":"5k-10k","score":0,"workYear":"不限","education":"本科","city":"北京","positionName":"C","companyLogo":"image1/M00/28/30/CgYXBlVehVOAbW1fAABvZqDIz78145.jpg","financeStage":"成长型(不需要融资)","industryField":"信息安全","jobNature":"全职","approve":0,"companySize":"50-150人","district":"昌平区","companyLabelList":["技能培训","绩效奖金","领导好","交通补助"],"adWord":0,"appShow":0,"deliver":0,"formatCreateTime":"2016-08-23","gradeDescription":null,"companyFullName":"北京华电天益信息科技有限公司","businessZones":["回龙观","龙泽"],"imState":"disabled","lastLogin":1472520199000,"publisherId":1720869,"explain":null,"plus":null,"pcShow":0},{"companyId":40459,"companyShortName":"SenseTime","createTime":"2016-08-23 14:33:27","positionId":2276344,"positionAdvantage":"发展空间 技术大牛 弹性工作 休闲餐点","salary":"5k-10k","score":0,"workYear":"不限","education":"本科","city":"北京","positionName":"C++开发实习生（算法开发）","companyLogo":"image1/M00/09/16/CgYXBlTZ3NWAf2r4AABF8mR1rac247.jpg","financeStage":"成长型(A轮)","industryField":"移动互联网","jobNature":"实习","approve":1,"companySize":"500-2000人","district":null,"companyLabelList":["五险一金","弹性工作","丰盛三餐","发展空间大"],"adWord":0,"appShow":0,"deliver":0,"formatCreateTime":"2016-08-23","gradeDescription":null,"companyFullName":"北京市商汤科技开发有限公司","businessZones":null,"imState":"today","lastLogin":1472551452000,"publisherId":742249,"explain":null,"plus":null,"pcShow":0}]}},"code":0}