{"msg":null,"resubmitToken":null,"success":true,"requestId":null,"content":{"pageNo":4,"pageSize":15,"positionResult":{"totalCount":1236,"resultSize":15,"locationInfo":{"city":"北京","district":null,"locationCode":null,"businessZone":null,"queryByGisCode":false},"queryAnalysisInfo":{"positionName":"c","companyName":null,"usefulCompany":false,"industryName":null},"strategyProperty":{"name":"dm-csearch-newSimScorer","id":1},"result":[{"companyId":3172,"formatCreateTime":"15:04发布","score":0,"positionId":1702296,"positionName":"C++服务器开发工程师（手游）","createTime":"2016-08-30 15:04:59","positionAdvantage":"五险一金，全额公积金，年终多薪，全勤奖","salary":"7k-14k","approve":1,"workYear":"1-3年","education":"本科","city":"北京","companyLogo":"image1/M00/00/08/Cgo8PFTUWBCAfzP6AABG69ShgY0595.png","jobNature":"全职","industryField":"游戏","companyShortName":"九天互动软件","financeStage":"成长型(B轮)","companySize":"50-150人","companyLabelList":["年终分红","股票期权","五险一金","节日礼物"],"district":"朝阳区","businessZones":["安慧桥","亚运村","小关"],"imState":"today","lastLogin":1472549411000,"publisherId":4797614,"explain":null,"plus":null,"pcShow":0,"appShow":0,"deliver":0,"gradeDescription":null,"companyFullName":"北京九天互动软件有限公司","adWord":0},{"companyId":3866,"formatCreateTime":"14:58发布","score":0,"positionId":2160643,"positionName":"C++开发工程师-中级","createTime":"2016-08-30 14:58:06","positionAdvantage":"薪资待遇，服务端开发，信息安全，生态圈","salary":"14k-16k","approve":1,"workYear":"1-3年","education":"本科","city":"北京","companyLogo":"i/image/M00/2B/98/Cgp3O1c1ZdaAIjU3AAA7TsArYD4046.PNG","jobNature":"全职","industryField":"移动互联网,招聘","companyShortName":"联想利泰","financeStage":"初创型(未融资)","companySize":"500-2000人","companyLabelList":["节日礼物","带薪年假","岗位晋升","领导好"],"district":"海淀区","businessZones":["西二旗","龙泽","回龙观"],"imState":"today","lastLogin":1472566200000,"publisherId":2019185,"explain":null,"plus":null,"pcShow":0,"appShow":0,"deliver":0,"gradeDescription":null,"companyFullName":"北京联想利泰软件有限公司","adWord":0},{"companyId":131016,"formatCreateTime":"14:51发布","score":0,"positionId":2305672,"positionName":"C++工程师","createTime":"2016-08-30 14:51:02","positionAdvantage":"薪资优厚、五险一金、年底多薪","salary":"20k-35k","approve":0,"workYear":"3-5年","education":"本科","city":"北京","companyLogo":"i/image/M00/2F/25/Cgp3O1dCtsKAbrKnAAAKjuCP_VE046.jpg","jobNature":"全职","industryField":"移动互联网,信息安全","companyShortName":"睿峰股份","financeStage":"初创型(未融资)","companySize":"50-150人","companyLabelList":["年底双薪","股票期权","绩效奖金","年终分红"],"district":"朝阳区","businessZones":["望京"],"imState":"disabled","lastLogin":1472539566000,"publisherId":5070644,"explain":null,"plus":null,"pcShow":0,"appShow":0,"deliver":0,"gradeDescription":null,"companyFullName":"睿峰网云(北京)科技股份有限公司","adWord":0},{"companyId":10369,"formatCreateTime":"14:45发布","score":0,"positionId":1902240,"positionName":"C++开发工程师（完美世界乐逍遥工作室2017年毕业生招聘）","createTime":"2016-08-30 14:45:36","positionAdvantage":"六险一金 奖金 年假 加班费 旅游","salary":"12k-16k","approve":1,"workYear":"不限","education":"硕士","city":"北京","companyLogo":"image1/M00/00/15/CgYXBlTUWECAXAksAABGkmdtwig327.jpg","jobNature":"实习","industryField":"移动互联网,游戏","companyShortName":"完美世界","financeStage":"上市公司","companySize":"2000人以上","companyLabelList":["绩效奖金","五险一金","带薪年假","年度旅游"],"district":null,"businessZones":null,"imState":"disabled","lastLogin":1472550421000,"publisherId":1535919,"explain":null,"plus":null,"pcShow":0,"appShow":0,"deliver":0,"gradeDescription":null,"companyFullName":"完美世界(北京)网络技术有限公司","adWord":0},{"companyId":26980,"formatCreateTime":"14:42发布","score":0,"positionId":2107224,"positionName":"C开发（银行项目）","createTime":"2016-08-30 14:42:14","positionAdvantage":"五险一金，公积金全额缴纳，年终奖","salary":"10k-20k","approve":0,"workYear":"1-3年","education":"本科","city":"北京","companyLogo":"i/image/M00/00/13/CgqKkVYnW7aAXbvlAAA6B3nzAzM362.png","jobNature":"全职","industryField":"金融","companyShortName":"上海华腾软件系统有限公司","financeStage":"上市公司","companySize":"2000人以上","companyLabelList":["年底双薪","午餐补助","带薪年假","定期体检"],"district":"朝阳区","businessZones":["朝阳门","东直门","工体"],"imState":"disabled","lastLogin":1472547792000,"publisherId":3269523,"explain":null,"plus":null,"pcShow":0,"appShow":0,"deliver":0,"gradeDescription":null,"companyFullName":"上海华腾软件系统有限公司","adWord":0},{"companyId":107608,"formatCreateTime":"14:39发布","score":0,"positionId":2119525,"positionName":"C++美企项目推广顾问","createTime":"2016-08-30 14:39:17","positionAdvantage":"帮助程序员赴美做IT，享受高薪高品质生活","salary":"40k-80k","approve":0,"workYear":"不限","education":"本科","city":"北京","companyLogo":"i/image/M00/00/C2/CgqKkVZVHmSAWPtRAASUg0iUVuI932.jpg","jobNature":"全职","industryField":"教育","companyShortName":"MUM计算机","financeStage":"初创型(不需要融资)","companySize":"少于15人","companyLabelList":["赴美工作","美元薪水","告别996","技术前沿"],"district":null,"businessZones":null,"imState":"disabled","lastLogin":1472554855000,"publisherId":5179785,"explain":null,"plus":null,"pcShow":0,"appShow":0,"deliver":0,"gradeDescription":null,"companyFullName":"北京玛赫西计算机教育咨询有限公司","adWord":0},{"companyId":25021,"formatCreateTime":"14:32发布","score":0,"positionId":2305480,"positionName":"C++工程师","createTime":"2016-08-30 14:32:31","positionAdvantage":"微博平台,上市公司,核心业务,发展空间大","salary":"15k-30k","approve":0,"workYear":"1-3年","education":"本科","city":"北京","companyLogo":"image1/M00/2A/10/Cgo8PFVpRQWAIyMQAABwOlPdDJ4570.png","jobNature":"全职","industryField":"移动互联网,社交网络","companyShortName":"新浪微博","financeStage":"上市公司","companySize":"2000人以上","companyLabelList":["技能培训","股票期权","带薪年假","绩效奖金"],"district":"海淀区","businessZones":["马连洼"],"imState":"disabled","lastLogin":1472543623000,"publisherId":6023655,"explain":null,"plus":null,"pcShow":0,"appShow":0,"deliver":0,"gradeDescription":null,"companyFullName":"新浪微博","adWord":0},{"companyId":133001,"formatCreateTime":"14:31发布","score":0,"positionId":2083213,"positionName":"C/C++高级研发工程师","createTime":"2016-08-30 14:31:44","positionAdvantage":"五险一金，加班补助 通讯补贴 带薪年假等","salary":"15k-30k","approve":0,"workYear":"3-5年","education":"本科","city":"北京","companyLogo":"i/image/M00/37/94/CgqKkVdgyzOAXGOnAAAg_8oL7XU115.png","jobNature":"全职","industryField":"移动互联网,企业服务","companyShortName":"视界云","financeStage":"成长型(A轮)","companySize":"50-150人","companyLabelList":null,"district":"朝阳区","businessZones":["太阳宫","国展","三元桥"],"imState":"today","lastLogin":1472536972000,"publisherId":5362286,"explain":null,"plus":null,"pcShow":0,"appShow":0,"deliver":0,"gradeDescription":null,"companyFullName":"北京视界云天科技有限公司","adWord":0},{"companyId":47323,"formatCreateTime":"14:26发布","score":0,"positionId":670932,"positionName":"C#","createTime":"2016-08-30 14:26:29","positionAdvantage":"行业龙头地位 大牛导师 C轮融资 居住证","salary":"11k-22k","approve":1,"workYear":"3-5年","education":"本科","city":"北京","companyLogo":"i/image/M00/1B/E5/CgqKkVb-JPiAH55zAAAGmR36eIM506.png","jobNature":"全职","industryField":"企业服务,数据服务","companyShortName":"北森云计算","financeStage":"上市公司","companySize":"500-2000人","companyLabelList":["节日礼物","年度旅游","定期体检","弹性工作"],"district":"海淀区","businessZones":["上地","马连洼","西二旗"],"imState":"disabled","lastLogin":1472525036000,"publisherId":1363898,"explain":null,"plus":null,"pcShow":0,"appShow":0,"deliver":0,"gradeDescription":null,"companyFullName":"北京北森云计算股份有限公司","adWord":0},{"companyId":52004,"formatCreateTime":"14:18发布","score":0,"positionId":2275699,"positionName":"C#开发工程师","createTime":"2016-08-30 14:18:51","positionAdvantage":"福利待遇佳,晋升空间大","salary":"12k-20k","approve":1,"workYear":"1-3年","education":"大专","city":"北京","companyLogo":"i/image/M00/00/74/CgqKkVZKxtGAanCFAABr-ejHs8A702.png","jobNature":"全职","industryField":"移动互联网,数据服务","companyShortName":"透云科技","financeStage":"成长型(不需要融资)","companySize":"150-500人","companyLabelList":["节日礼物","年底双薪","股票期权","带薪年假"],"district":"东城区","businessZones":null,"imState":"overSevenDays","lastLogin":1471928860000,"publisherId":1303294,"explain":null,"plus":null,"pcShow":0,"appShow":0,"deliver":0,"gradeDescription":null,"companyFullName":"上海透云物联网科技有限公司","adWord":0},{"companyId":72193,"formatCreateTime":"14:17发布","score":0,"positionId":2305322,"positionName":"GPDB-C/C++软件开发工程师","createTime":"2016-08-30 14:17:56","positionAdvantage":"Pre-IPO Equity, Flexible Working Hours","salary":"20k-35k","approve":0,"workYear":"3-5年","education":"本科","city":"北京","companyLogo":"i/image/M00/13/69/Cgp3O1bngIqAFQF2AAAP3AtJQ7U720.png","jobNature":"全职","industryField":"数据服务","companyShortName":"毕威拓科技（北京）有限公司","financeStage":"成熟型(不需要融资)","companySize":"500-2000人","companyLabelList":["技能培训","节日礼物","股票期权","带薪年假"],"district":"海淀区","businessZones":["中关村"],"imState":"disabled","lastLogin":1472570865000,"publisherId":5544900,"explain":null,"plus":null,"pcShow":0,"appShow":0,"deliver":0,"gradeDescription":null,"companyFullName":"Pivotal","adWord":0},{"companyId":21474,"formatCreateTime":"14:13发布","score":0,"positionId":428491,"positionName":"C++工程师，QT研发工程师","createTime":"2016-08-30 14:13:17","positionAdvantage":"团队活跃领导好，技术牛x有期权，六险一金","salary":"10k-20k","approve":1,"workYear":"1-3年","education":"本科","city":"北京","companyLogo":"image1/M00/20/18/CgYXBlU19iSAUtXeAABr7iOZRbs256.jpg","jobNature":"全职","industryField":"电子商务","companyShortName":"必要商城","financeStage":"成长型(不需要融资)","companySize":"50-150人","companyLabelList":["团队建设","商业医疗保险","带薪年假","绩效奖金"],"district":"朝阳区","businessZones":["朝外","京广桥","呼家楼"],"imState":"today","lastLogin":1472548676000,"publisherId":573389,"explain":null,"plus":null,"pcShow":0,"appShow":0,"deliver":0,"gradeDescription":null,"companyFullName":"珠海必要科技有限公司","adWord":0},{"companyId":58140,"formatCreateTime":"14:03发布","score":0,"positionId":545637,"positionName":"Linux C/C++ 开发牛人","createTime":"2016-08-30 14:03:41","positionAdvantage":"五险一金、股票期权、外地员工解决住房","salary":"15k-30k","approve":0,"workYear":"3-5年","education":"本科","city":"北京","companyLogo":"image1/M00/1A/66/Cgo8PFUbv86AJ8iBAABeyuMHiSA310.png","jobNature":"全职","industryField":"信息安全,移动互联网","companyShortName":"北京天空卫士网络安全","financeStage":"成长型(A轮)","companySize":"50-150人","companyLabelList":["入职分股票","住房通迅补贴","年内启动B轮","薪水高"],"district":"大兴区","businessZones":["亦庄"],"imState":"disabled","lastLogin":1472537020000,"publisherId":1464825,"explain":null,"plus":null,"pcShow":0,"appShow":0,"deliver":0,"gradeDescription":null,"companyFullName":"北京天空卫士网络安全技术有限公司","adWord":0},{"companyId":83406,"formatCreateTime":"13:54发布","score":0,"positionId":2305101,"positionName":"C++","createTime":"2016-08-30 13:54:13","positionAdvantage":"固定14薪，弹性上班，五险一金全额","salary":"25k-35k","approve":1,"workYear":"3-5年","education":"本科","city":"北京","companyLogo":"image1/M00/39/3B/Cgo8PFWocLmAc65aAAAXst87_ko845.jpg?cc=0.9886415004730225","jobNature":"全职","industryField":"电子商务,生活服务","companyShortName":"创新远大","financeStage":"初创型(不需要融资)","companySize":"15-50人","companyLabelList":["节日礼物","带薪年假","绩效奖金","岗位晋升"],"district":"西城区","businessZones":["安贞","安华"],"imState":"disabled","lastLogin":1472536343000,"publisherId":4546308,"explain":null,"plus":null,"pcShow":0,"appShow":0,"deliver":0,"gradeDescription":null,"companyFullName":"北京创新远大科技有限公司","adWord":0},{"companyId":48227,"formatCreateTime":"13:04发布","score":0,"positionId":1710006,"positionName":"C++","createTime":"2016-08-30 13:04:26","positionAdvantage":"7小时工作制，福利优厚","salary":"10k-20k","approve":1,"workYear":"1-3年","education":"本科","city":"北京","companyLogo":"image1/M00/00/7D/CgYXBlTUXcWAESJkAAB1GAyPYX0028.png","jobNature":"全职","industryField":"其他","companyShortName":"国科环宇","financeStage":"成长型(不需要融资)","companySize":"150-500人","companyLabelList":["节日礼物","技能培训","绩效奖金","岗位晋升"],"district":"海淀区","businessZones":["中关村","知春路","双榆树"],"imState":"today","lastLogin":1472548750000,"publisherId":939630,"explain":null,"plus":null,"pcShow":0,"appShow":0,"deliver":0,"gradeDescription":null,"companyFullName":"北京国科环宇空间技术有限公司","adWord":0}]}},"code":0}