{"msg":null,"success":true,"requestId":null,"resubmitToken":null,"content":{"pageNo":42,"pageSize":15,"positionResult":{"queryAnalysisInfo":{"industryName":null,"usefulCompany":false,"positionName":"c","companyName":null},"strategyProperty":{"name":"dm-csearch-newSimScorer","id":1},"totalCount":1236,"resultSize":15,"locationInfo":{"businessZone":null,"locationCode":null,"queryByGisCode":false,"city":"北京","district":null},"result":[{"companyId":83608,"explain":null,"plus":null,"pcShow":0,"appShow":0,"deliver":0,"gradeDescription":null,"businessZones":null,"imState":"disabled","lastLogin":1472089588000,"publisherId":2136190,"positionName":"C++","workYear":"3-5年","education":"本科","jobNature":"全职","positionId":2273892,"createTime":"2016-08-23 09:51:19","city":"北京","companyLogo":"image1/M00/39/99/CgYXBlWqEdOASshZAAAICQLcIH4085.jpg?cc=0.27826874097809196","industryField":"移动互联网,招聘","positionAdvantage":"新能源+互联网 行业垄断 稳定性好","salary":"18k-30k","companySize":"50-150人","approve":0,"financeStage":"成长型(A轮)","companyLabelList":["技能培训","年底双薪","股票期权","专项奖金"],"district":"海淀区","companyShortName":"智博联才","score":0,"formatCreateTime":"2016-08-23","companyFullName":"北京智博联才企业管理咨询有限公司","adWord":0},{"companyId":3866,"explain":null,"plus":null,"pcShow":0,"appShow":0,"deliver":0,"gradeDescription":null,"businessZones":["西便门","天宁寺","长椿街"],"imState":"disabled","lastLogin":1472526920000,"publisherId":5371854,"positionName":"Linux C","workYear":"1-3年","education":"大专","jobNature":"全职","positionId":2188768,"createTime":"2016-08-23 09:45:57","city":"北京","companyLogo":"i/image/M00/2B/98/Cgp3O1c1ZdaAIjU3AAA7TsArYD4046.PNG","industryField":"移动互联网,招聘","positionAdvantage":"平台高，有晋升空间","salary":"9k-11k","companySize":"500-2000人","approve":1,"financeStage":"初创型(未融资)","companyLabelList":["节日礼物","带薪年假","岗位晋升","领导好"],"district":"海淀区","companyShortName":"联想利泰","score":0,"formatCreateTime":"2016-08-23","companyFullName":"北京联想利泰软件有限公司","adWord":0},{"companyId":6014,"explain":null,"plus":null,"pcShow":0,"appShow":0,"deliver":0,"gradeDescription":null,"businessZones":["西三旗","清河","小营"],"imState":"disabled","lastLogin":1472549608000,"publisherId":5946490,"positionName":"linux c 研发工程师","workYear":"3-5年","education":"本科","jobNature":"全职","positionId":2273812,"createTime":"2016-08-23 09:45:33","city":"北京","companyLogo":"image1/M00/00/0D/CgYXBlTUWCGAJQxoAACnWFBjSxU987.png","industryField":"移动互联网,信息安全","positionAdvantage":"五险一金 员工旅游 绩效奖金 年终奖金","salary":"10k-15k","companySize":"150-500人","approve":0,"financeStage":"上市公司","companyLabelList":["五险一金","通讯津贴","带薪年假","交通补助"],"district":"海淀区","companyShortName":"鼎普","score":0,"formatCreateTime":"2016-08-23","companyFullName":"北京鼎普科技股份有限公司","adWord":0},{"companyId":61488,"explain":null,"plus":null,"pcShow":0,"appShow":0,"deliver":0,"gradeDescription":null,"businessZones":null,"imState":"today","lastLogin":1472548940000,"publisherId":965544,"positionName":"C++多媒体研发工程师（中高级）","workYear":"不限","education":"本科","jobNature":"全职","positionId":2235126,"createTime":"2016-08-23 09:38:04","city":"北京","companyLogo":"image1/M00/1A/E1/CgYXBlUd7k-AAGqpAAAljq6bCv4669.png","industryField":"文化娱乐,硬件","positionAdvantage":"额外医保,五险一金,宽松环境,补助","salary":"15k-30k","companySize":"2000人以上","approve":1,"financeStage":"上市公司","companyLabelList":["年底双薪","专项奖金","绩效奖金","交通补助"],"district":"大兴区","companyShortName":"四达时代集团","score":0,"formatCreateTime":"2016-08-23","companyFullName":"北京四达时代软件技术股份有限公司","adWord":0},{"companyId":329,"explain":null,"plus":null,"pcShow":0,"appShow":0,"deliver":0,"gradeDescription":null,"businessZones":["五道口","清华大学","中关村"],"imState":"disabled","lastLogin":1472517887000,"publisherId":5766313,"positionName":"C++高级开发工程师","workYear":"5-10年","education":"本科","jobNature":"全职","positionId":2241421,"createTime":"2016-08-23 09:37:09","city":"北京","companyLogo":"image1/M00/1C/DB/Cgo8PFUnbyyAOmwZAABKPABIzv8461.png","industryField":"数据服务,文化娱乐","positionAdvantage":"优秀团队 上升空间 年底双薪 多月奖金","salary":"25k-40k","companySize":"2000人以上","approve":1,"financeStage":"上市公司","companyLabelList":["节日礼物","技能培训","免费班车","带薪年假"],"district":"海淀区","companyShortName":"网易","score":0,"formatCreateTime":"2016-08-23","companyFullName":"网之易信息技术（北京）有限公司","adWord":0},{"companyId":64229,"explain":null,"plus":null,"pcShow":0,"appShow":0,"deliver":0,"gradeDescription":null,"businessZones":["知春路","蓟门桥","学院路"],"imState":"disabled","lastLogin":1472539402000,"publisherId":1596239,"positionName":"Linux c /c++研发工程师","workYear":"3-5年","education":"本科","jobNature":"全职","positionId":1486155,"createTime":"2016-08-23 09:31:02","city":"北京","companyLogo":"images/logo_default.png","industryField":"移动互联网,数据服务","positionAdvantage":"住宿+餐补+五险一金","salary":"10k-20k","companySize":"50-150人","approve":0,"financeStage":"初创型(天使轮)","companyLabelList":["技能培训","股票期权","带薪年假","绩效奖金"],"district":"海淀区","companyShortName":"中科同向","score":0,"formatCreateTime":"2016-08-23","companyFullName":"北京中科同向信息技术有限公司","adWord":0},{"companyId":30141,"explain":null,"plus":null,"pcShow":0,"appShow":0,"deliver":0,"gradeDescription":null,"businessZones":null,"imState":"disabled","lastLogin":1472528519000,"publisherId":5374221,"positionName":"C++","workYear":"不限","education":"本科","jobNature":"全职","positionId":2273482,"createTime":"2016-08-23 09:23:21","city":"北京","companyLogo":"image1/M00/00/43/CgYXBlTUXNOAVx6sAAB7EcVq-NQ785.png","industryField":"硬件,文化娱乐","positionAdvantage":"六险一金 补充商业医疗保险 双休","salary":"9k-17k","companySize":"500-2000人","approve":0,"financeStage":"初创型(未融资)","companyLabelList":["节日礼物","领导好","交通补助","午餐补助"],"district":"海淀区","companyShortName":"大洋传媒","score":0,"formatCreateTime":"2016-08-23","companyFullName":"中科大洋传媒技术服务有限公司","adWord":0},{"companyId":4286,"explain":null,"plus":null,"pcShow":0,"appShow":0,"deliver":0,"gradeDescription":null,"businessZones":null,"imState":"today","lastLogin":1472553265000,"publisherId":41316,"positionName":"C++","workYear":"5-10年","education":"本科","jobNature":"全职","positionId":2122925,"createTime":"2016-08-23 09:04:05","city":"北京","companyLogo":"image1/M00/00/0A/Cgo8PFTUWBeAP0x-AABLzvA2eJ0892.png","industryField":"移动互联网,游戏","positionAdvantage":"过节费，旅游，年终奖金，各种福利等着你！","salary":"20k-28k","companySize":"500-2000人","approve":1,"financeStage":"成熟型(不需要融资)","companyLabelList":["节日礼物","技能培训","年底双薪","年度旅游"],"district":"海淀区","companyShortName":"竞技世界","score":0,"formatCreateTime":"2016-08-23","companyFullName":"竞技世界（北京）网络技术有限公司","adWord":0},{"companyId":4210,"explain":null,"plus":null,"pcShow":0,"appShow":0,"deliver":0,"gradeDescription":null,"businessZones":["苏州街","苏州桥","万泉河"],"imState":"disabled","lastLogin":1471876031000,"publisherId":4759721,"positionName":"linux下的c/c++/golang开发","workYear":"不限","education":"本科","jobNature":"全职","positionId":2273115,"createTime":"2016-08-22 22:42:21","city":"北京","companyLogo":"i/image/M00/0A/EA/Cgp3O1bVQVeAIYLlAAAFpvfzivk147.jpg","industryField":"移动互联网,企业服务","positionAdvantage":"人脸识别","salary":"25k-50k","companySize":"2000人以上","approve":1,"financeStage":"上市公司","companyLabelList":["五险一金","绩效奖金","技能培训","管理规范"],"district":"海淀区","companyShortName":"神州信息","score":0,"formatCreateTime":"2016-08-22","companyFullName":"神州数码信息服务股份有限公司","adWord":0},{"companyId":57049,"explain":null,"plus":null,"pcShow":0,"appShow":0,"deliver":0,"gradeDescription":null,"businessZones":["苏州街","北京大学","颐和园"],"imState":"disabled","lastLogin":1472557918000,"publisherId":6177,"positionName":"产品经理（To C）","workYear":"3-5年","education":"本科","jobNature":"全职","positionId":2272948,"createTime":"2016-08-22 19:58:15","city":"北京","companyLogo":"image1/M00/28/51/CgYXBlVe82KAIfcpAACHc88-U5Y861.jpg","industryField":"金融","positionAdvantage":"团队优秀，谷歌背景的合伙人","salary":"20k-40k","companySize":"50-150人","approve":1,"financeStage":"成长型(A轮)","companyLabelList":["技能培训","节日礼物","股票期权","带薪年假"],"district":"海淀区","companyShortName":"InnoTREE","score":0,"formatCreateTime":"2016-08-22","companyFullName":"北京因果树网络科技有限公司","adWord":0},{"companyId":123607,"explain":null,"plus":null,"pcShow":0,"appShow":0,"deliver":0,"gradeDescription":null,"businessZones":["望京","大山子","花家地"],"imState":"disabled","lastLogin":1472519973000,"publisherId":4742243,"positionName":"导航定位c++ 开发工程师","workYear":"3-5年","education":"本科","jobNature":"全职","positionId":1694224,"createTime":"2016-08-22 19:14:45","city":"北京","companyLogo":"i/image/M00/1D/DB/CgqKkVcF7BmAYDQWAAAHbugvguM308.jpg","industryField":"移动互联网","positionAdvantage":"福利待遇优厚","salary":"20k-35k","companySize":"15-50人","approve":0,"financeStage":"初创型(未融资)","companyLabelList":null,"district":"朝阳区","companyShortName":"Qinshi tech","score":0,"formatCreateTime":"2016-08-22","companyFullName":"北京勤实信科科技有限责任公司","adWord":0},{"companyId":24406,"explain":null,"plus":null,"pcShow":0,"appShow":0,"deliver":0,"gradeDescription":null,"businessZones":["上地","马连洼","西二旗"],"imState":"disabled","lastLogin":1472188522000,"publisherId":5198302,"positionName":"C#.net、WPF软件开发工程师","workYear":"3-5年","education":"本科","jobNature":"全职","positionId":1928009,"createTime":"2016-08-22 18:06:31","city":"北京","companyLogo":"image1/M00/0A/CF/CgYXBlTwPYqAeGHBAABJwkw8Z8I860.jpg","industryField":"移动互联网,数据服务","positionAdvantage":"六险一金、就餐补助、员工食堂","salary":"10k-20k","companySize":"500-2000人","approve":1,"financeStage":"上市公司","companyLabelList":["技能培训","免费班车","岗位晋升","管理规范"],"district":"海淀区","companyShortName":"方正电子","score":0,"formatCreateTime":"2016-08-22","companyFullName":"北京北大方正电子有限公司","adWord":0},{"companyId":17793,"explain":null,"plus":null,"pcShow":0,"appShow":0,"deliver":0,"gradeDescription":null,"businessZones":["双桥"],"imState":"today","lastLogin":1472552103000,"publisherId":2432708,"positionName":"C++","workYear":"不限","education":"本科","jobNature":"全职","positionId":1700883,"createTime":"2016-08-22 17:44:42","city":"北京","companyLogo":"image1/M00/00/21/Cgo8PFTUWHGAUuVNAAA9ePvBRYI599.png","industryField":"企业服务,信息安全","positionAdvantage":"包食宿、别墅工作、五险一金、发展空间大","salary":"6k-11k","companySize":"15-50人","approve":0,"financeStage":"初创型(未融资)","companyLabelList":["节日礼物","技能培训","专项奖金","年度旅游"],"district":"朝阳区","companyShortName":"艾瑞斯通","score":0,"formatCreateTime":"2016-08-22","companyFullName":"深圳艾瑞斯通技术有限公司","adWord":0},{"companyId":106284,"explain":null,"plus":null,"pcShow":0,"appShow":0,"deliver":0,"gradeDescription":null,"businessZones":["上地","西二旗","马连洼"],"imState":"today","lastLogin":1472547750000,"publisherId":3374023,"positionName":"C开发工程师","workYear":"不限","education":"本科","jobNature":"全职","positionId":2272112,"createTime":"2016-08-22 17:27:19","city":"北京","companyLogo":"i/image/M00/02/6E/CgqKkVaPPK2AFP9_AABFmGDbaro430.png","industryField":"移动互联网,电子商务","positionAdvantage":"五险一金、带薪年假、节日礼品、餐补","salary":"6k-10k","companySize":"500-2000人","approve":1,"financeStage":"成熟型(不需要融资)","companyLabelList":["岗位晋升","扁平管理","领导好","美女多"],"district":"海淀区","companyShortName":"蜂巢天下","score":0,"formatCreateTime":"2016-08-22","companyFullName":"北京蜂巢天下信息技术有限公司","adWord":0},{"companyId":62794,"explain":null,"plus":null,"pcShow":0,"appShow":0,"deliver":0,"gradeDescription":null,"businessZones":["西三旗"],"imState":"disabled","lastLogin":1472460119000,"publisherId":1569656,"positionName":"C++","workYear":"1年以下","education":"本科","jobNature":"全职","positionId":2134766,"createTime":"2016-08-22 17:18:35","city":"北京","companyLogo":"image2/M00/04/AF/CgqLKVXykgCAbkZdAAAD5pRgesM681.PNG","industryField":"文化娱乐","positionAdvantage":"五险一金、补充医疗、绩效奖金、弹性工作。","salary":"6k-8k","companySize":"150-500人","approve":0,"financeStage":"初创型(未融资)","companyLabelList":["技能培训","绩效奖金","岗位晋升","年度旅游"],"district":"海淀区","companyShortName":"翰博尔","score":0,"formatCreateTime":"2016-08-22","companyFullName":"北京翰博尔信息科技有限公司","adWord":0}]}},"code":0}