{"msg":null,"success":true,"requestId":null,"resubmitToken":null,"content":{"pageNo":43,"pageSize":15,"positionResult":{"queryAnalysisInfo":{"industryName":null,"usefulCompany":false,"positionName":"c","companyName":null},"strategyProperty":{"name":"dm-csearch-newSimScorer","id":1},"totalCount":1236,"resultSize":15,"locationInfo":{"businessZone":null,"locationCode":null,"queryByGisCode":false,"city":"北京","district":null},"result":[{"companyId":6014,"explain":null,"plus":null,"pcShow":0,"appShow":0,"deliver":0,"gradeDescription":null,"businessZones":["西三旗","清河","小营"],"imState":"disabled","lastLogin":1472549608000,"publisherId":5946490,"positionName":"windows C++中级开发师","workYear":"1-3年","education":"本科","jobNature":"全职","positionId":2273719,"createTime":"2016-08-23 09:39:54","city":"北京","companyLogo":"image1/M00/00/0D/CgYXBlTUWCGAJQxoAACnWFBjSxU987.png","industryField":"移动互联网,信息安全","positionAdvantage":"五险一金 节假日福利 日常福利","salary":"10k-15k","companySize":"150-500人","approve":0,"financeStage":"上市公司","companyLabelList":["五险一金","通讯津贴","带薪年假","交通补助"],"district":"海淀区","companyShortName":"鼎普","score":0,"formatCreateTime":"2016-08-23","companyFullName":"北京鼎普科技股份有限公司","adWord":0},{"companyId":61488,"explain":null,"plus":null,"pcShow":0,"appShow":0,"deliver":0,"gradeDescription":null,"businessZones":null,"imState":"today","lastLogin":1472548940000,"publisherId":965544,"positionName":"高级C++开发工程师","workYear":"3-5年","education":"本科","jobNature":"全职","positionId":554672,"createTime":"2016-08-23 09:20:36","city":"北京","companyLogo":"image1/M00/1A/E1/CgYXBlUd7k-AAGqpAAAljq6bCv4669.png","industryField":"文化娱乐,硬件","positionAdvantage":"广阔的发展平台，有竞争力的薪酬","salary":"20k-40k","companySize":"2000人以上","approve":1,"financeStage":"上市公司","companyLabelList":["年底双薪","专项奖金","绩效奖金","交通补助"],"district":"通州区","companyShortName":"四达时代集团","score":0,"formatCreateTime":"2016-08-23","companyFullName":"北京四达时代软件技术股份有限公司","adWord":0},{"companyId":3866,"explain":null,"plus":null,"pcShow":0,"appShow":0,"deliver":0,"gradeDescription":null,"businessZones":null,"imState":"disabled","lastLogin":1471946749000,"publisherId":406310,"positionName":"C++后台开发工程师--南礼士路","workYear":"1-3年","education":"大专","jobNature":"全职","positionId":2273388,"createTime":"2016-08-23 09:15:03","city":"北京","companyLogo":"i/image/M00/2B/98/Cgp3O1c1ZdaAIjU3AAA7TsArYD4046.PNG","industryField":"移动互联网,招聘","positionAdvantage":"电科院工作机会，五险一金，带薪年假","salary":"9k-14k","companySize":"500-2000人","approve":1,"financeStage":"初创型(未融资)","companyLabelList":["节日礼物","带薪年假","岗位晋升","领导好"],"district":null,"companyShortName":"联想利泰","score":0,"formatCreateTime":"2016-08-23","companyFullName":"北京联想利泰软件有限公司","adWord":0},{"companyId":4286,"explain":null,"plus":null,"pcShow":0,"appShow":0,"deliver":0,"gradeDescription":null,"businessZones":null,"imState":"today","lastLogin":1472553265000,"publisherId":41316,"positionName":"C++","workYear":"3-5年","education":"本科","jobNature":"全职","positionId":2122874,"createTime":"2016-08-23 09:04:04","city":"北京","companyLogo":"image1/M00/00/0A/Cgo8PFTUWBeAP0x-AABLzvA2eJ0892.png","industryField":"移动互联网,游戏","positionAdvantage":"过节费，旅游，年终奖金，各种福利等着你！","salary":"15k-25k","companySize":"500-2000人","approve":1,"financeStage":"成熟型(不需要融资)","companyLabelList":["节日礼物","技能培训","年底双薪","年度旅游"],"district":"海淀区","companyShortName":"竞技世界","score":0,"formatCreateTime":"2016-08-23","companyFullName":"竞技世界（北京）网络技术有限公司","adWord":0},{"companyId":116698,"explain":null,"plus":null,"pcShow":0,"appShow":0,"deliver":0,"gradeDescription":null,"businessZones":["西直门","交通大学"],"imState":"disabled","lastLogin":1472198736000,"publisherId":4160501,"positionName":"C++软件工程师(中级）","workYear":"3-5年","education":"本科","jobNature":"全职","positionId":1843979,"createTime":"2016-08-22 17:02:44","city":"北京","companyLogo":"i/image/M00/08/87/CgqKkVbQEI2ACmBoAAAICdWDNtU437.png","industryField":"信息安全,企业服务","positionAdvantage":"五险一金、补充医疗保险、年终奖。","salary":"10k-15k","companySize":"50-150人","approve":0,"financeStage":"初创型(未融资)","companyLabelList":null,"district":"海淀区","companyShortName":"志成凌云","score":0,"formatCreateTime":"2016-08-22","companyFullName":"志成凌云（北京）科技有限公司","adWord":0},{"companyId":123777,"explain":null,"plus":null,"pcShow":0,"appShow":0,"deliver":0,"gradeDescription":null,"businessZones":["西北旺","马连洼","上地"],"imState":"disabled","lastLogin":1472452420000,"publisherId":971513,"positionName":"C","workYear":"1年以下","education":"本科","jobNature":"全职","positionId":1741518,"createTime":"2016-08-22 16:55:21","city":"北京","companyLogo":"i/image/M00/2E/03/CgqKkVc9jmCAI8DpAAD09YLPnBk157.png","industryField":"电子商务,企业服务","positionAdvantage":"福利好， 技术大咖，工资高，有班车","salary":"10k-18k","companySize":"2000人以上","approve":0,"financeStage":"成熟型(不需要融资)","companyLabelList":["绩效奖金","交通补助","定期体检","通讯津贴"],"district":"海淀区","companyShortName":"通力互联","score":0,"formatCreateTime":"2016-08-22","companyFullName":"北京通力互联技术服务有限公司","adWord":0},{"companyId":97757,"explain":null,"plus":null,"pcShow":0,"appShow":0,"deliver":0,"gradeDescription":null,"businessZones":["望京","大山子","花家地"],"imState":"today","lastLogin":1472553247000,"publisherId":2908930,"positionName":"C开发工程师","workYear":"1年以下","education":"本科","jobNature":"全职","positionId":1960963,"createTime":"2016-08-22 16:48:23","city":"北京","companyLogo":"i/image/M00/2C/DB/Cgp3O1c6jH6AaawIAAA2Davn-cQ927.png","industryField":"移动互联网,电子商务","positionAdvantage":"创业团队，扁平化，大牛团队，机会多多","salary":"7k-9k","companySize":"50-150人","approve":1,"financeStage":"成长型(不需要融资)","companyLabelList":["技能培训","年底双薪","带薪年假","岗位晋升"],"district":"朝阳区","companyShortName":"九休旅行","score":0,"formatCreateTime":"2016-08-22","companyFullName":"北京九休信息科技有限公司","adWord":0},{"companyId":140033,"explain":null,"plus":null,"pcShow":0,"appShow":0,"deliver":0,"gradeDescription":null,"businessZones":["西二旗","龙泽","回龙观"],"imState":"overSevenDays","lastLogin":1471940667000,"publisherId":5932973,"positionName":"初级c、网络操作系统软件开发工程师","workYear":"不限","education":"本科","jobNature":"全职","positionId":2271529,"createTime":"2016-08-22 16:35:42","city":"北京","companyLogo":"i/image/M00/47/66/CgqKkVePQbKAAkBVAAA9bKilxpk300.png","industryField":"移动互联网","positionAdvantage":"五险一金,带薪病假,带薪年假,餐补等","salary":"6k-8k","companySize":"500-2000人","approve":0,"financeStage":"上市公司","companyLabelList":null,"district":"海淀区","companyShortName":"北京联合永道软件股份有限公司","score":0,"formatCreateTime":"2016-08-22","companyFullName":"北京联合永道软件股份有限公司","adWord":0},{"companyId":9995,"explain":null,"plus":null,"pcShow":0,"appShow":0,"deliver":0,"gradeDescription":null,"businessZones":["西二旗"],"imState":"overSevenDays","lastLogin":1471488133000,"publisherId":5630085,"positionName":"C语言（研究院）","workYear":"不限","education":"本科","jobNature":"全职","positionId":2147203,"createTime":"2016-08-22 16:34:42","city":"北京","companyLogo":"i/image/M00/00/96/Cgp3O1ZOk2WAF-VNAABfjim7IyU208.jpg","industryField":"信息安全","positionAdvantage":"信息安全,年终奖,七险一金","salary":"10k-15k","companySize":"2000人以上","approve":1,"financeStage":"上市公司","companyLabelList":["五险一金","弹性工作","交通补助","定期体检"],"district":"海淀区","companyShortName":"北京天融信公司","score":0,"formatCreateTime":"2016-08-22","companyFullName":"北京天融信网络安全","adWord":0},{"companyId":24972,"explain":null,"plus":null,"pcShow":0,"appShow":0,"deliver":0,"gradeDescription":null,"businessZones":null,"imState":"disabled","lastLogin":1471852275000,"publisherId":970023,"positionName":"C++","workYear":"1-3年","education":"本科","jobNature":"全职","positionId":1912186,"createTime":"2016-08-22 16:07:33","city":"北京","companyLogo":"image1/M00/00/33/CgYXBlTUXI-ADD3ZAACABNCdj2A066.jpg","industryField":"移动互联网,硬件","positionAdvantage":"多媒体 流媒体服务器","salary":"8k-15k","companySize":"500-2000人","approve":1,"financeStage":"上市公司","companyLabelList":["节日礼物","技能培训","免费班车","带薪年假"],"district":"海淀区","companyShortName":"竞业达","score":0,"formatCreateTime":"2016-08-22","companyFullName":"北京竞业达数码科技有限公司","adWord":0},{"companyId":3038,"explain":null,"plus":null,"pcShow":0,"appShow":0,"deliver":0,"gradeDescription":null,"businessZones":["中关村","知春路","双榆树"],"imState":"today","lastLogin":1472556751000,"publisherId":1314138,"positionName":"C#开发工程师","workYear":"1-3年","education":"本科","jobNature":"全职","positionId":1638559,"createTime":"2016-08-22 15:56:08","city":"北京","companyLogo":"image1/M00/00/08/Cgo8PFTUWA-AdaTRAAA79zuDOBc464.jpg","industryField":"数据服务","positionAdvantage":"六险一金、弹性工作、奖金丰厚、技术牛人多","salary":"10k-15k","companySize":"500-2000人","approve":1,"financeStage":"成熟型(C轮)","companyLabelList":["年度旅游","节日礼物","年底双薪","带薪年假"],"district":"海淀区","companyShortName":"Gridsum 国双","score":0,"formatCreateTime":"2016-08-22","companyFullName":"北京国双科技有限公司","adWord":0},{"companyId":55122,"explain":null,"plus":null,"pcShow":0,"appShow":0,"deliver":0,"gradeDescription":null,"businessZones":["三元桥","左家庄","国展"],"imState":"disabled","lastLogin":1472203556000,"publisherId":1372849,"positionName":"C++","workYear":"1-3年","education":"大专","jobNature":"全职","positionId":1892710,"createTime":"2016-08-22 15:37:16","city":"北京","companyLogo":"image1/M00/0D/E3/CgYXBlT5GD6AH_e6AAAwafXYBuE149.jpg","industryField":"硬件,其他","positionAdvantage":"发展空间，技术大牛，弹性工作，休闲餐点","salary":"10k-20k","companySize":"50-150人","approve":0,"financeStage":"初创型(天使轮)","companyLabelList":["节日礼物","带薪年假","领导好","定期体检"],"district":"朝阳区","companyShortName":"赛维安讯","score":0,"formatCreateTime":"2016-08-22","companyFullName":"北京赛维安讯科技发展有限公司","adWord":0},{"companyId":114259,"explain":null,"plus":null,"pcShow":0,"appShow":0,"deliver":0,"gradeDescription":null,"businessZones":["上地","马连洼","西二旗"],"imState":"sevenDays","lastLogin":1472205234000,"publisherId":2819771,"positionName":"C语言高级讲师","workYear":"1-3年","education":"本科","jobNature":"全职","positionId":1856581,"createTime":"2016-08-22 15:35:23","city":"北京","companyLogo":"i/image/M00/03/9A/CgqKkVbBkYyAV_3AAAAYK2bvgTg524.png","industryField":"教育","positionAdvantage":"稳定、人脉","salary":"8k-12k","companySize":"2000人以上","approve":1,"financeStage":"初创型(未融资)","companyLabelList":null,"district":"海淀区","companyShortName":"北京八维研修学院","score":0,"formatCreateTime":"2016-08-22","companyFullName":"北京八维研修学院","adWord":0},{"companyId":42581,"explain":null,"plus":null,"pcShow":0,"appShow":0,"deliver":0,"gradeDescription":null,"businessZones":["知春路","中关村","双榆树"],"imState":"today","lastLogin":1472550547000,"publisherId":800036,"positionName":"C++开发","workYear":"3-5年","education":"本科","jobNature":"全职","positionId":2025756,"createTime":"2016-08-22 15:32:01","city":"北京","companyLogo":"images/logo_default.png","industryField":"移动互联网,文化娱乐","positionAdvantage":"福利待遇好 有前景","salary":"8k-12k","companySize":"15-50人","approve":0,"financeStage":"成长型(A轮)","companyLabelList":["节日礼物","年底双薪","带薪年假","绩效奖金"],"district":"海淀区","companyShortName":"摩威尔科技","score":0,"formatCreateTime":"2016-08-22","companyFullName":"北京摩威尔科技发展有限公司","adWord":0},{"companyId":35778,"explain":null,"plus":null,"pcShow":0,"appShow":0,"deliver":0,"gradeDescription":null,"businessZones":["亮马桥","燕莎","三元桥"],"imState":"today","lastLogin":1472559778000,"publisherId":1684967,"positionName":"C++","workYear":"3-5年","education":"本科","jobNature":"全职","positionId":1656446,"createTime":"2016-08-22 15:20:27","city":"北京","companyLogo":"image2/M00/0C/0E/CgqLKVYbTRuAf2AwAAAuRkrna80187.PNG","industryField":"移动互联网","positionAdvantage":"员工享受带薪年假及13薪，领导好颜值高！","salary":"15k-20k","companySize":"50-150人","approve":1,"financeStage":"成熟型(D轮及以上)","companyLabelList":["节日礼物","帅哥多","美女多","领导好"],"district":"朝阳区","companyShortName":"释码大华","score":0,"formatCreateTime":"2016-08-22","companyFullName":"北京释码大华科技有限公司","adWord":0}]}},"code":0}