{"msg":null,"resubmitToken":null,"success":true,"requestId":null,"content":{"pageNo":44,"pageSize":15,"positionResult":{"totalCount":1236,"resultSize":15,"locationInfo":{"city":"北京","district":null,"locationCode":null,"businessZone":null,"queryByGisCode":false},"queryAnalysisInfo":{"positionName":"c","companyName":null,"usefulCompany":false,"industryName":null},"strategyProperty":{"name":"dm-csearch-newSimScorer","id":1},"result":[{"companyId":4286,"formatCreateTime":"2016-08-23","score":0,"positionId":2122821,"positionName":"C++","createTime":"2016-08-23 09:04:03","positionAdvantage":"过节费，旅游，年终奖金，各种福利等着你！","salary":"15k-26k","approve":1,"workYear":"3-5年","education":"本科","city":"北京","companyLogo":"image1/M00/00/0A/Cgo8PFTUWBeAP0x-AABLzvA2eJ0892.png","jobNature":"全职","industryField":"移动互联网,游戏","companyShortName":"竞技世界","financeStage":"成熟型(不需要融资)","companySize":"500-2000人","companyLabelList":["节日礼物","技能培训","年底双薪","年度旅游"],"district":"海淀区","businessZones":null,"imState":"today","lastLogin":1472553265000,"publisherId":41316,"explain":null,"plus":null,"pcShow":0,"appShow":0,"deliver":0,"gradeDescription":null,"companyFullName":"竞技世界（北京）网络技术有限公司","adWord":0},{"companyId":116698,"formatCreateTime":"2016-08-22","score":0,"positionId":1520414,"positionName":"C++软件工程师（初级）","createTime":"2016-08-22 17:02:40","positionAdvantage":"五险一金、补充医疗保险、年终奖。","salary":"4k-7k","approve":0,"workYear":"1年以下","education":"本科","city":"北京","companyLogo":"i/image/M00/08/87/CgqKkVbQEI2ACmBoAAAICdWDNtU437.png","jobNature":"全职","industryField":"信息安全,企业服务","companyShortName":"志成凌云","financeStage":"初创型(未融资)","companySize":"50-150人","companyLabelList":null,"district":"海淀区","businessZones":["西直门","交通大学"],"imState":"disabled","lastLogin":1472198736000,"publisherId":4160501,"explain":null,"plus":null,"pcShow":0,"appShow":0,"deliver":0,"gradeDescription":null,"companyFullName":"志成凌云（北京）科技有限公司","adWord":0},{"companyId":9995,"formatCreateTime":"2016-08-22","score":0,"positionId":2146990,"positionName":"C（数据安全）","createTime":"2016-08-22 16:34:42","positionAdvantage":"年终奖,七险一金,平台大","salary":"10k-15k","approve":1,"workYear":"1年以下","education":"本科","city":"北京","companyLogo":"i/image/M00/00/96/Cgp3O1ZOk2WAF-VNAABfjim7IyU208.jpg","jobNature":"全职","industryField":"信息安全","companyShortName":"北京天融信公司","financeStage":"上市公司","companySize":"2000人以上","companyLabelList":["五险一金","弹性工作","交通补助","定期体检"],"district":"海淀区","businessZones":["西二旗"],"imState":"overSevenDays","lastLogin":1471488133000,"publisherId":5630085,"explain":null,"plus":null,"pcShow":0,"appShow":0,"deliver":0,"gradeDescription":null,"companyFullName":"北京天融信网络安全","adWord":0},{"companyId":140033,"formatCreateTime":"2016-08-22","score":0,"positionId":2271468,"positionName":"C","createTime":"2016-08-22 16:30:05","positionAdvantage":"五险一金,餐补,带薪年假,带薪病假等","salary":"6k-8k","approve":0,"workYear":"不限","education":"本科","city":"北京","companyLogo":"i/image/M00/47/66/CgqKkVePQbKAAkBVAAA9bKilxpk300.png","jobNature":"全职","industryField":"移动互联网","companyShortName":"北京联合永道软件股份有限公司","financeStage":"上市公司","companySize":"500-2000人","companyLabelList":null,"district":"海淀区","businessZones":["西二旗","龙泽","回龙观"],"imState":"overSevenDays","lastLogin":1471940667000,"publisherId":5932973,"explain":null,"plus":null,"pcShow":0,"appShow":0,"deliver":0,"gradeDescription":null,"companyFullName":"北京联合永道软件股份有限公司","adWord":0},{"companyId":23291,"formatCreateTime":"2016-08-22","score":0,"positionId":509919,"positionName":"资深c/c++系统研发工程师-存储方向","createTime":"2016-08-22 15:07:36","positionAdvantage":"海量数据平台 亿级用户数 火箭般的成长速度","salary":"15k-30k","approve":1,"workYear":"3-5年","education":"本科","city":"北京","companyLogo":"image1/M00/00/2D/Cgo8PFTUXHmAQ6K2AAA-xp7F-7c908.jpg","jobNature":"全职","industryField":"移动互联网,硬件","companyShortName":"美图公司","financeStage":"成熟型(C轮)","companySize":"500-2000人","companyLabelList":["节日礼物","与大牛共事","福利健全","五险一金"],"district":"海淀区","businessZones":["奥运村","北沙滩","二里庄"],"imState":"threeDays","lastLogin":1472457802000,"publisherId":272753,"explain":null,"plus":null,"pcShow":0,"appShow":0,"deliver":0,"gradeDescription":null,"companyFullName":"厦门美图之家科技有限公司","adWord":0},{"companyId":145131,"formatCreateTime":"2016-08-22","score":0,"positionId":2270536,"positionName":"C# JAVA","createTime":"2016-08-22 15:06:53","positionAdvantage":"温馨的办公环境+节日福利+年底双薪+饭补","salary":"20k-30k","approve":0,"workYear":"1-3年","education":"本科","city":"北京","companyLogo":"i/image/M00/52/0F/Cgp3O1e6nzuAFDyYAAAMfaqylXU746.jpg","jobNature":"全职","industryField":"移动互联网,游戏","companyShortName":"一家新兴的互联网科技公司","financeStage":"初创型(未融资)","companySize":"15-50人","companyLabelList":null,"district":"朝阳区","businessZones":["大屯","奥运村","亚运村"],"imState":"disabled","lastLogin":1472537248000,"publisherId":5963211,"explain":null,"plus":null,"pcShow":0,"appShow":0,"deliver":0,"gradeDescription":null,"companyFullName":"北京游戏计划网络科技有限公司","adWord":0},{"companyId":4158,"formatCreateTime":"2016-08-22","score":0,"positionId":2270299,"positionName":"C++开发","createTime":"2016-08-22 14:45:02","positionAdvantage":"发展好、氛围棒、福利好、领导棒","salary":"10k-15k","approve":1,"workYear":"1-3年","education":"本科","city":"北京","companyLogo":"image1/M00/00/0A/CgYXBlTUWBaAX5ybAACq-EA7pSc619.jpg","jobNature":"全职","industryField":"移动互联网,电子商务","companyShortName":"美秒科技","financeStage":"成长型(A轮)","companySize":"15-50人","companyLabelList":["交通补助","股票期权","弹性工作","免费晚餐"],"district":"海淀区","businessZones":["西二旗","龙泽","回龙观"],"imState":"today","lastLogin":1472551672000,"publisherId":71928,"explain":null,"plus":null,"pcShow":0,"appShow":0,"deliver":0,"gradeDescription":null,"companyFullName":"北京美秒科技有限公司","adWord":0},{"companyId":25592,"formatCreateTime":"2016-08-22","score":0,"positionId":970119,"positionName":"广告引擎开发工程师（linux C++/Java）","createTime":"2016-08-22 14:44:31","positionAdvantage":"大数据量、亿级用户、高并发和高性能","salary":"15k-25k","approve":1,"workYear":"1-3年","education":"本科","city":"北京","companyLogo":"image1/M00/00/35/Cgo8PFTUXJeAJhm5AAAyDX2QCwc674.jpg","jobNature":"全职","industryField":"文化娱乐","companyShortName":"新浪网","financeStage":"上市公司","companySize":"2000人以上","companyLabelList":["免费班车","岗位晋升","五险一金","定期体检"],"district":"海淀区","businessZones":["西北旺","上地"],"imState":"disabled","lastLogin":1472538950000,"publisherId":2274311,"explain":null,"plus":null,"pcShow":0,"appShow":0,"deliver":0,"gradeDescription":null,"companyFullName":"新浪网技术（中国）有限公司","adWord":0},{"companyId":123777,"formatCreateTime":"2016-08-22","score":0,"positionId":1938643,"positionName":"c/c++开发工程师","createTime":"2016-08-22 14:21:36","positionAdvantage":"薪资优越 晋升空间大 办公环境好","salary":"10k-16k","approve":0,"workYear":"3-5年","education":"大专","city":"北京","companyLogo":"i/image/M00/2E/03/CgqKkVc9jmCAI8DpAAD09YLPnBk157.png","jobNature":"全职","industryField":"电子商务,企业服务","companyShortName":"通力互联","financeStage":"成熟型(不需要融资)","companySize":"2000人以上","companyLabelList":["绩效奖金","交通补助","定期体检","通讯津贴"],"district":"朝阳区","businessZones":["望京","花家地","大山子"],"imState":"disabled","lastLogin":1472530443000,"publisherId":5180986,"explain":null,"plus":null,"pcShow":0,"appShow":0,"deliver":0,"gradeDescription":null,"companyFullName":"北京通力互联技术服务有限公司","adWord":0},{"companyId":17313,"formatCreateTime":"2016-08-22","score":0,"positionId":2106591,"positionName":"C#实习生","createTime":"2016-08-22 13:19:00","positionAdvantage":"福利好,团队融洽,十四薪","salary":"3k-6k","approve":0,"workYear":"1年以下","education":"大专","city":"北京","companyLogo":"image1/M00/00/20/Cgo8PFTUWG-AdJGaAAApeH95wAs099.jpg","jobNature":"实习","industryField":"企业服务","companyShortName":"金数通（北京）科技有限公司","financeStage":"初创型(不需要融资)","companySize":"少于15人","companyLabelList":["技能培训","专项奖金","股票期权","带薪年假"],"district":null,"businessZones":null,"imState":"overSevenDays","lastLogin":1471948250000,"publisherId":200397,"explain":null,"plus":null,"pcShow":0,"appShow":0,"deliver":0,"gradeDescription":null,"companyFullName":"金数通（北京）科技有限公司","adWord":0},{"companyId":121937,"formatCreateTime":"2016-08-22","score":0,"positionId":2269498,"positionName":"C++开发工程师","createTime":"2016-08-22 13:18:23","positionAdvantage":"VR相关，发挥空间大，团队技术实力强","salary":"10k-20k","approve":0,"workYear":"1-3年","education":"本科","city":"北京","companyLogo":"i/image/M00/19/F8/CgqKkVb4_VOAVjWeAACUkkscMEk577.png","jobNature":"全职","industryField":"文化娱乐","companyShortName":"shambala","financeStage":"上市公司","companySize":"150-500人","companyLabelList":["带薪年假","定期体检","津贴","年终奖"],"district":"海淀区","businessZones":["中关村","知春路","双榆树"],"imState":"disabled","lastLogin":1472551277000,"publisherId":4663920,"explain":null,"plus":null,"pcShow":0,"appShow":0,"deliver":0,"gradeDescription":null,"companyFullName":"东方梦幻文化产业投资有限公司","adWord":0},{"companyId":43254,"formatCreateTime":"2016-08-22","score":0,"positionId":2123422,"positionName":"C++开发工程师","createTime":"2016-08-22 12:53:16","positionAdvantage":"五险一金 带薪年假 用餐补助 AR VR","salary":"10k-15k","approve":1,"workYear":"3-5年","education":"本科","city":"北京","companyLogo":"i/image/M00/40/3A/CgqKkVd6IZaAIrD3AAA25SwbQEc909.jpg","jobNature":"全职","industryField":"游戏,文化娱乐","companyShortName":"七维科技","financeStage":"初创型(天使轮)","companySize":"50-150人","companyLabelList":["技能培训","带薪年假","绩效奖金","岗位晋升"],"district":"东城区","businessZones":["和平里","雍和宫","安定门"],"imState":"sevenDays","lastLogin":1472087472000,"publisherId":815110,"explain":null,"plus":null,"pcShow":0,"appShow":0,"deliver":0,"gradeDescription":null,"companyFullName":"北京七维视觉科技有限公司","adWord":0},{"companyId":127137,"formatCreateTime":"2016-08-22","score":0,"positionId":2269280,"positionName":"C++","createTime":"2016-08-22 12:19:17","positionAdvantage":"薪资待遇高 福利好 发展稳定","salary":"8k-12k","approve":0,"workYear":"1-3年","education":"大专","city":"北京","companyLogo":"i/image/M00/26/DE/CgqKkVcjHOWAa6LIAABs6-CND9Y808.png","jobNature":"全职","industryField":"其他","companyShortName":"深圳智装","financeStage":"初创型(未融资)","companySize":"50-150人","companyLabelList":["年底双薪","股票期权","绩效奖金","年终分红"],"district":"丰台区","businessZones":["西客站","六里桥","太平桥"],"imState":"disabled","lastLogin":1472460116000,"publisherId":3776891,"explain":null,"plus":null,"pcShow":0,"appShow":0,"deliver":0,"gradeDescription":null,"companyFullName":"深圳智装科技有限公司","adWord":0},{"companyId":62668,"formatCreateTime":"2016-08-22","score":0,"positionId":1720738,"positionName":"实习C++工程师","createTime":"2016-08-22 11:45:11","positionAdvantage":"弹性工作制 发展空间大 可转正","salary":"3k-6k","approve":1,"workYear":"应届毕业生","education":"本科","city":"北京","companyLogo":"i/image/M00/01/6D/Cgp3O1ZqZFeAL2xeAAAtSuTFcUw887.jpg","jobNature":"实习","industryField":"教育","companyShortName":"嗨学网","financeStage":"成长型(B轮)","companySize":"500-2000人","companyLabelList":["技能培训","节日礼物","带薪年假","绩效奖金"],"district":"朝阳区","businessZones":["北苑","立水桥"],"imState":"today","lastLogin":1472566880000,"publisherId":215211,"explain":null,"plus":null,"pcShow":0,"appShow":0,"deliver":0,"gradeDescription":null,"companyFullName":"北京嗨学网教育科技有限公司","adWord":0},{"companyId":75712,"formatCreateTime":"2016-08-22","score":0,"positionId":779774,"positionName":"C# 软件工程师 北京","createTime":"2016-08-22 11:09:06","positionAdvantage":"金融IT行业，职业生涯的加油站！","salary":"7k以上","approve":1,"workYear":"1年以下","education":"本科","city":"北京","companyLogo":"i/image/M00/00/0E/CgqKkVYmOHmALFVKAAATmnL1nC0474.jpg","jobNature":"全职","industryField":"企业服务,金融","companyShortName":"宝硕友盈","financeStage":"上市公司","companySize":"150-500人","companyLabelList":["技能培训","专项奖金","绩效奖金","岗位晋升"],"district":"西城区","businessZones":["阜成门","南礼士路","月坛"],"imState":"today","lastLogin":1472550815000,"publisherId":1894057,"explain":null,"plus":null,"pcShow":0,"appShow":0,"deliver":0,"gradeDescription":null,"companyFullName":"友盈（上海）信息技术有限公司","adWord":0}]}},"code":0}