{"success":true,"requestId":null,"msg":null,"resubmitToken":null,"content":{"pageNo":46,"pageSize":15,"positionResult":{"resultSize":15,"totalCount":1236,"locationInfo":{"city":"北京","district":null,"queryByGisCode":false,"locationCode":null,"businessZone":null},"queryAnalysisInfo":{"positionName":"c","companyName":null,"usefulCompany":false,"industryName":null},"strategyProperty":{"name":"dm-csearch-newSimScorer","id":1},"result":[{"createTime":"2016-08-22 09:38:06","formatCreateTime":"2016-08-22","companyId":64012,"positionName":"C++","workYear":"3-5年","education":"本科","jobNature":"全职","companyShortName":"飞讯数码","city":"北京","salary":"10k-15k","financeStage":"初创型(未融资)","positionId":2189099,"companyLogo":"i/image/M00/4C/2C/Cgp3O1ehqUqAGh_uAAAxFGFlWy4604.jpg","positionAdvantage":"平台好 项目优 免费午餐 下午茶 临地铁","approve":1,"district":"大兴区","score":0,"companyLabelList":["技能培训","年底双薪","带薪年假","领导好"],"industryField":"移动互联网,文化娱乐","companySize":"150-500人","imState":"disabled","lastLogin":1472525382000,"publisherId":4754716,"explain":null,"plus":null,"pcShow":0,"appShow":0,"deliver":0,"gradeDescription":null,"businessZones":null,"companyFullName":"北京飞讯数码科技有限公司","adWord":0},{"createTime":"2016-08-22 09:27:38","formatCreateTime":"2016-08-22","companyId":7182,"positionName":"C++","workYear":"1-3年","education":"本科","jobNature":"全职","companyShortName":"尚德机构","city":"北京","salary":"15k-30k","financeStage":"成熟型(C轮)","positionId":1940530,"companyLogo":"image1/M00/00/0F/Cgo8PFTUWCqAIq8oAAB5MvmojGc956.jpg","positionAdvantage":"15薪资 带薪年假 专业团队 定期分享","approve":1,"district":"朝阳区","score":0,"companyLabelList":["绩效奖金","专项奖金","五险一金","带薪年假"],"industryField":"电子商务,教育","companySize":"2000人以上","imState":"disabled","lastLogin":1471951485000,"publisherId":80608,"explain":null,"plus":null,"pcShow":0,"appShow":0,"deliver":0,"gradeDescription":null,"businessZones":["望京","花家地","大山子"],"companyFullName":"北京尚佳崇业教育科技有限公司","adWord":0},{"createTime":"2016-08-22 09:25:22","formatCreateTime":"2016-08-22","companyId":55565,"positionName":"C#","workYear":"3-5年","education":"大专","jobNature":"全职","companyShortName":"融安特智能","city":"北京","salary":"10k-20k","financeStage":"上市公司","positionId":2226098,"companyLogo":"image1/M00/0F/4E/Cgo8PFT9E5CALSlJAACX12LXOLA707.jpg","positionAdvantage":"温馨宿舍、上市公司、萌妹子多多、五险一金","approve":0,"district":"通州区","score":0,"companyLabelList":["年底双薪","节日礼物","技能培训","带薪年假"],"industryField":"电子商务,金融","companySize":"150-500人","imState":"disabled","lastLogin":1472089310000,"publisherId":3229079,"explain":null,"plus":null,"pcShow":0,"appShow":0,"deliver":0,"gradeDescription":null,"businessZones":["马驹桥"],"companyFullName":"北京融安特智能科技有限公司","adWord":0},{"createTime":"2016-08-22 09:23:58","formatCreateTime":"2016-08-22","companyId":108976,"positionName":"C#工程师","workYear":"不限","education":"大专","jobNature":"全职","companyShortName":"乐华建","city":"北京","salary":"7k-14k","financeStage":"成长型(不需要融资)","positionId":1589368,"companyLogo":"i/image/M00/01/1D/Cgp3O1ZgCf6AJ9p8AAAlmhlED4Y935.png","positionAdvantage":"开放务实的工作环境","approve":0,"district":"朝阳区","score":0,"companyLabelList":null,"industryField":"其他","companySize":"50-150人","imState":"disabled","lastLogin":1472534483000,"publisherId":3422497,"explain":null,"plus":null,"pcShow":0,"appShow":0,"deliver":0,"gradeDescription":null,"businessZones":["团结湖","朝阳公园","三里屯"],"companyFullName":"乐华建科技（北京）有限公司","adWord":0},{"createTime":"2016-08-22 09:12:44","formatCreateTime":"2016-08-22","companyId":106986,"positionName":"C++高级软件工程师（cocos2d方向）","workYear":"5-10年","education":"本科","jobNature":"全职","companyShortName":"乐教乐学","city":"北京","salary":"20k-35k","financeStage":"初创型(未融资)","positionId":2216815,"companyLogo":"i/image/M00/04/02/CgqKkVbFZeKAHhO8AABlcVg25xY312.png","positionAdvantage":"周末双休 带薪年假","approve":1,"district":"海淀区","score":0,"companyLabelList":["技能培训","绩效奖金","岗位晋升","管理规范"],"industryField":"电子商务,教育","companySize":"50-150人","imState":"today","lastLogin":1472549091000,"publisherId":3194056,"explain":null,"plus":null,"pcShow":0,"appShow":0,"deliver":0,"gradeDescription":null,"businessZones":["白石桥","魏公村","万寿寺"],"companyFullName":"北京乐教乐学教育科技有限责任公司","adWord":0},{"createTime":"2016-08-21 22:34:06","formatCreateTime":"2016-08-21","companyId":4992,"positionName":"C++","workYear":"3-5年","education":"本科","jobNature":"全职","companyShortName":"东方嘉禾","city":"北京","salary":"15k-18k","financeStage":"上市公司","positionId":2119994,"companyLogo":"image1/M00/00/0B/CgYXBlTUWByAJeiHAAAreZQW3GQ962.png","positionAdvantage":"新三板上市公司","approve":1,"district":"东城区","score":0,"companyLabelList":["技能培训","节日礼物","绩效奖金","岗位晋升"],"industryField":"移动互联网,文化娱乐","companySize":"50-150人","imState":"today","lastLogin":1472551041000,"publisherId":49248,"explain":null,"plus":null,"pcShow":0,"appShow":0,"deliver":0,"gradeDescription":null,"businessZones":["雍和宫","北新桥","安定门"],"companyFullName":"北京东方嘉禾文化发展有限公司","adWord":0},{"createTime":"2016-08-21 21:58:27","formatCreateTime":"2016-08-21","companyId":50702,"positionName":"研发工程师（Java/PHP/Python/C++)","workYear":"1-3年","education":"本科","jobNature":"全职","companyShortName":"美团点评","city":"北京","salary":"15k-25k","financeStage":"成熟型(D轮及以上)","positionId":2034403,"companyLogo":"i/image/M00/4B/6C/CgqKkVefHv-AFoRzAAAuALF7ZZ0419.png","positionAdvantage":"核心业务部门，数据量大，接触多语言开发","approve":1,"district":"朝阳区","score":0,"companyLabelList":["技能培训","绩效奖金","岗位晋升","领导好"],"industryField":"移动互联网,O2O","companySize":"2000人以上","imState":"disabled","lastLogin":1472547471000,"publisherId":1920734,"explain":null,"plus":null,"pcShow":0,"appShow":0,"deliver":0,"gradeDescription":null,"businessZones":["大山子","望京","酒仙桥"],"companyFullName":"北京三快在线科技有限公司","adWord":0},{"createTime":"2016-08-21 18:07:21","formatCreateTime":"2016-08-21","companyId":12673,"positionName":"C#","workYear":"1-3年","education":"大专","jobNature":"全职","companyShortName":"海融软件","city":"北京","salary":"7k-11k","financeStage":"初创型(未融资)","positionId":1917963,"companyLogo":"image1/M00/00/19/Cgo8PFTUWFGAHD12AABDfDXxebw923.png","positionAdvantage":"给研发奖金提成，有大牛指导","approve":1,"district":"房山区","score":0,"companyLabelList":["年终分红","专项奖金","五险一金","带薪年假"],"industryField":"医疗健康","companySize":"少于15人","imState":"overSevenDays","lastLogin":1471773840000,"publisherId":932467,"explain":null,"plus":null,"pcShow":0,"appShow":0,"deliver":0,"gradeDescription":null,"businessZones":["长阳","良乡"],"companyFullName":"北京海融宏阳软件技术有限公司","adWord":0},{"createTime":"2016-08-21 16:19:43","formatCreateTime":"2016-08-21","companyId":25317,"positionName":"C++","workYear":"5-10年","education":"本科","jobNature":"全职","companyShortName":"金证股份","city":"北京","salary":"15k-20k","financeStage":"上市公司","positionId":1866112,"companyLogo":"image1/M00/00/34/Cgo8PFTUXJOAMEEpAAAroeFn454603.jpg","positionAdvantage":"金融行业","approve":1,"district":"西城区","score":0,"companyLabelList":["激情的团队","股票期权","努力变大牛","有舞台给您跳"],"industryField":"金融","companySize":"2000人以上","imState":"disabled","lastLogin":1472549627000,"publisherId":2104380,"explain":null,"plus":null,"pcShow":0,"appShow":0,"deliver":0,"gradeDescription":null,"businessZones":null,"companyFullName":"深圳市金证科技股份有限公司","adWord":0},{"createTime":"2016-08-20 16:54:38","formatCreateTime":"2016-08-20","companyId":106303,"positionName":"集团总部-大数据中心-C++开发工程师（投放引擎）","workYear":"1-3年","education":"本科","jobNature":"全职","companyShortName":"搜狐媒体","city":"北京","salary":"15k-25k","financeStage":"上市公司","positionId":1894948,"companyLogo":"i/image/M00/00/60/CgqKkVZFhiKAe07DAAAMN2gO144456.jpg","positionAdvantage":"一年15天年假，弹性工作时间，文化灵活","approve":1,"district":"海淀区","score":0,"companyLabelList":["节日礼物","项目奖金","弹性工作时间","15天年假"],"industryField":"移动互联网,广告营销","companySize":"2000人以上","imState":"disabled","lastLogin":1472590808000,"publisherId":1867,"explain":null,"plus":null,"pcShow":0,"appShow":0,"deliver":0,"gradeDescription":null,"businessZones":null,"companyFullName":"搜狐媒体","adWord":0},{"createTime":"2016-08-20 16:53:02","formatCreateTime":"2016-08-20","companyId":3194,"positionName":"集团总部-网络运营部-云平台开发工程师(C语言）","workYear":"不限","education":"本科","jobNature":"全职","companyShortName":"搜狐","city":"北京","salary":"15k-25k","financeStage":"上市公司","positionId":1666607,"companyLogo":"image1/M00/00/08/CgYXBlTUWBCARg09AACo4K_cFeU807.png","positionAdvantage":"一年15天年假，弹性工作时间，文化灵活","approve":1,"district":"海淀区","score":0,"companyLabelList":["节日礼物","技能培训","绩效奖金","年度旅游"],"industryField":"移动互联网,文化娱乐","companySize":"2000人以上","imState":"disabled","lastLogin":1463109950000,"publisherId":641959,"explain":null,"plus":null,"pcShow":0,"appShow":0,"deliver":0,"gradeDescription":null,"businessZones":["中关村","知春路","双榆树"],"companyFullName":"北京搜狐新媒体信息技术有限公司","adWord":0},{"createTime":"2016-08-20 16:13:17","formatCreateTime":"2016-08-20","companyId":75215,"positionName":"C++工程师","workYear":"1-3年","education":"大专","jobNature":"全职","companyShortName":"小葵","city":"北京","salary":"13k-17k","financeStage":"初创型(天使轮)","positionId":2266056,"companyLogo":"image1/M00/2D/8C/Cgo8PFV5QICAJ6JUAAAWf_6tgYs442.png?cc=0.8781674930360168","positionAdvantage":"C++工程师","approve":0,"district":"海淀区","score":0,"companyLabelList":["年终分红","交通补助","弹性工作","定期体检"],"industryField":"移动互联网,数据服务","companySize":"少于15人","imState":"disabled","lastLogin":1472292991000,"publisherId":1854943,"explain":null,"plus":null,"pcShow":0,"appShow":0,"deliver":0,"gradeDescription":null,"businessZones":["苏州街","苏州桥","万泉河"],"companyFullName":"北京小葵信息技术有限公司","adWord":0},{"createTime":"2016-08-19 19:27:21","formatCreateTime":"2016-08-19","companyId":56028,"positionName":"windows/C++开发工程师","workYear":"3-5年","education":"本科","jobNature":"全职","companyShortName":"灵镜VR","city":"北京","salary":"15k-25k","financeStage":"成长型(A轮)","positionId":2099669,"companyLogo":"i/image/M00/00/C9/CgqKkVZVigmABmQHAAAV1FUDKV8715.jpg","positionAdvantage":"股票期股 五险一金 带薪年假 技术牛人","approve":1,"district":"朝阳区","score":0,"companyLabelList":["带薪年假","岗位晋升","扁平管理","帅哥多"],"industryField":"游戏,硬件","companySize":"50-150人","imState":"disabled","lastLogin":1471858393000,"publisherId":456900,"explain":null,"plus":null,"pcShow":0,"appShow":0,"deliver":0,"gradeDescription":null,"businessZones":["望京","花家地","大山子"],"companyFullName":"北京维阿时代科技有限公司","adWord":0},{"createTime":"2016-08-19 17:55:59","formatCreateTime":"2016-08-19","companyId":94749,"positionName":"C++软件开发工程师","workYear":"1-3年","education":"本科","jobNature":"全职","companyShortName":"捷安申谋","city":"北京","salary":"6k-12k","financeStage":"成长型(不需要融资)","positionId":1625486,"companyLogo":"i/image/M00/02/87/CgqKkVaTUieATL3ZAABEkY7rd6I069.png","positionAdvantage":"各项补助、奖金","approve":0,"district":"海淀区","score":0,"companyLabelList":null,"industryField":"其他","companySize":"50-150人","imState":"disabled","lastLogin":1472105825000,"publisherId":3741519,"explain":null,"plus":null,"pcShow":0,"appShow":0,"deliver":0,"gradeDescription":null,"businessZones":["八里庄","四季青","定慧寺"],"companyFullName":"北京捷安申谋军工科技有限公司","adWord":0},{"createTime":"2016-08-19 17:07:09","formatCreateTime":"2016-08-19","companyId":6110,"positionName":"C#高级工程师","workYear":"3-5年","education":"本科","jobNature":"全职","companyShortName":"北京搜房科技发展有限公司","city":"北京","salary":"9k-15k","financeStage":"上市公司","positionId":2107778,"companyLogo":"i/image/M00/30/EA/CgqKkVdIBY6ALxM_AACKdNN_NLs107.jpg","positionAdvantage":"中国互联网行业TOP10！","approve":1,"district":"丰台区","score":0,"companyLabelList":["岗位晋升","扁平管理","管理规范","领导好"],"industryField":"移动互联网,金融","companySize":"2000人以上","imState":"today","lastLogin":1472522637000,"publisherId":2045908,"explain":null,"plus":null,"pcShow":0,"appShow":0,"deliver":0,"gradeDescription":null,"businessZones":["世界公园","科技园区","看丹桥"],"companyFullName":"北京搜房科技发展有限公司","adWord":0}]}},"code":0}