{"success":true,"requestId":null,"msg":null,"resubmitToken":null,"code":0,"content":{"pageNo":47,"pageSize":15,"positionResult":{"resultSize":15,"totalCount":1236,"locationInfo":{"queryByGisCode":false,"businessZone":null,"locationCode":null,"city":"北京","district":null},"queryAnalysisInfo":{"industryName":null,"usefulCompany":false,"positionName":"c","companyName":null},"strategyProperty":{"name":"dm-csearch-newSimScorer","id":1},"result":[{"companyId":25317,"businessZones":["朝阳门","东直门","海运仓"],"imState":"today","lastLogin":1472522554000,"publisherId":4696003,"explain":null,"plus":null,"pcShow":0,"appShow":0,"deliver":0,"gradeDescription":null,"companyFullName":"深圳市金证科技股份有限公司","formatCreateTime":"2016-08-19","positionName":"C++/Java","workYear":"3-5年","education":"本科","jobNature":"全职","companyLogo":"image1/M00/00/34/Cgo8PFTUXJOAMEEpAAAroeFn454603.jpg","salary":"10k-20k","city":"北京","financeStage":"上市公司","industryField":"金融","positionId":1960729,"approve":1,"createTime":"2016-08-19 17:14:59","positionAdvantage":"五险一金，假期多多，过节福利","district":"朝阳区","companyShortName":"金证股份","companyLabelList":["激情的团队","股票期权","努力变大牛","有舞台给您跳"],"score":0,"companySize":"2000人以上","adWord":0},{"companyId":141531,"businessZones":["酒仙桥","将台路","大山子"],"imState":"disabled","lastLogin":1472566473000,"publisherId":5785559,"explain":null,"plus":null,"pcShow":0,"appShow":0,"deliver":0,"gradeDescription":null,"companyFullName":"北京卫达科技有限公司","formatCreateTime":"2016-08-19","positionName":"软件开发工程师（c/c++）","workYear":"1-3年","education":"本科","jobNature":"全职","companyLogo":"i/image/M00/4B/45/CgqKkVee4HiAO8gwAAD2EsgtzBo854.jpg","salary":"10k-15k","city":"北京","financeStage":"初创型(天使轮)","industryField":"信息安全,数据服务","positionId":2264141,"approve":1,"createTime":"2016-08-19 17:02:16","positionAdvantage":"五险一金 项目奖金 股权激励","district":"朝阳区","companyShortName":"卫达安全","companyLabelList":["年底双薪","绩效奖金","交通补助","帅哥多"],"score":0,"companySize":"50-150人","adWord":0},{"companyId":98900,"businessZones":["朝阳门","朝外","东四"],"imState":"sevenDays","lastLogin":1472008362000,"publisherId":3420148,"explain":null,"plus":null,"pcShow":0,"appShow":0,"deliver":0,"gradeDescription":null,"companyFullName":"北京元支点信息安全技术有限公司","formatCreateTime":"2016-08-19","positionName":"C开发 Linux","workYear":"3-5年","education":"本科","jobNature":"全职","companyLogo":"image2/M00/0A/12/CgpzWlYSDXSAXznBAAHLJSH9e1Q180.jpg?cc=0.5992847575305618","salary":"15k-20k","city":"北京","financeStage":"初创型(未融资)","industryField":"信息安全,数据服务","positionId":1314442,"approve":0,"createTime":"2016-08-19 16:57:56","positionAdvantage":"福利待遇，发展前景","district":"东城区","companyShortName":"元支点","companyLabelList":["技能培训","节日礼物","股票期权","绩效奖金"],"score":0,"companySize":"少于15人","adWord":0},{"companyId":55137,"businessZones":null,"imState":"threeDays","lastLogin":1472439700000,"publisherId":4865861,"explain":null,"plus":null,"pcShow":0,"appShow":0,"deliver":0,"gradeDescription":null,"companyFullName":"北京贝瑞和康生物技术股份有限公司","formatCreateTime":"2016-08-19","positionName":"高级C++工程师","workYear":"3-5年","education":"大专","jobNature":"全职","companyLogo":"i/image/M00/07/9C/CgqKkVbOlI6AShZCAAAVDbUFOFY087.jpg","salary":"12k-20k","city":"北京","financeStage":"成长型(B轮)","industryField":"医疗健康","positionId":2264083,"approve":1,"createTime":"2016-08-19 16:56:46","positionAdvantage":"高新技术企业 管理成熟 免费班车 七险一金","district":"朝阳区","companyShortName":"贝瑞和康","companyLabelList":["技能培训","节日礼物","免费班车","带薪年假"],"score":0,"companySize":"500-2000人","adWord":0},{"companyId":114259,"businessZones":["西红门","同兴园"],"imState":"disabled","lastLogin":1472029327000,"publisherId":5447580,"explain":null,"plus":null,"pcShow":0,"appShow":0,"deliver":0,"gradeDescription":null,"companyFullName":"北京八维研修学院","formatCreateTime":"2016-08-19","positionName":"C语言讲师","workYear":"1-3年","education":"本科","jobNature":"全职","companyLogo":"i/image/M00/03/9A/CgqKkVbBkYyAV_3AAAAYK2bvgTg524.png","salary":"9k-12k","city":"北京","financeStage":"初创型(未融资)","industryField":"教育","positionId":2264064,"approve":1,"createTime":"2016-08-19 16:55:07","positionAdvantage":"内部晋升空间大","district":"大兴区","companyShortName":"北京八维研修学院","companyLabelList":null,"score":0,"companySize":"2000人以上","adWord":0},{"companyId":102150,"businessZones":null,"imState":"overSevenDays","lastLogin":1471595325000,"publisherId":5478228,"explain":null,"plus":null,"pcShow":0,"appShow":0,"deliver":0,"gradeDescription":null,"companyFullName":"北京修业时代科技有限公司","formatCreateTime":"2016-08-19","positionName":"C++软件开发工程师","workYear":"1-3年","education":"本科","jobNature":"全职","companyLogo":"i/image/M00/36/C5/CgqKkVdefxCAVCPHAAAa3n4d60M794.jpg","salary":"10k-20k","city":"北京","financeStage":"成长型(不需要融资)","industryField":"信息安全,硬件","positionId":2016277,"approve":1,"createTime":"2016-08-19 16:52:59","positionAdvantage":"带薪休假 年终奖 弹性工作制 绩效奖金","district":"昌平区","companyShortName":"修业科技","companyLabelList":["绩效奖金","通讯津贴","交通补助","弹性工作"],"score":0,"companySize":"50-150人","adWord":0},{"companyId":22365,"businessZones":null,"imState":"disabled","lastLogin":1472186984000,"publisherId":1842301,"explain":null,"plus":null,"pcShow":0,"appShow":0,"deliver":0,"gradeDescription":null,"companyFullName":"北京四海华辰科技有限公司","formatCreateTime":"2016-08-19","positionName":"C++","workYear":"不限","education":"大专","jobNature":"全职","companyLogo":"image1/M00/00/2A/Cgo8PFTUXG2AbexpAACsHtNRxyo152.jpg","salary":"4k-7k","city":"北京","financeStage":"成长型(B轮)","industryField":"医疗健康","positionId":2224969,"approve":0,"createTime":"2016-08-19 16:43:59","positionAdvantage":"五险一金交通补助电话补助免费三餐","district":"朝阳区","companyShortName":"四海华辰","companyLabelList":null,"score":0,"companySize":"150-500人","adWord":0},{"companyId":54093,"businessZones":["马甸","北太平庄","健翔桥"],"imState":"disabled","lastLogin":1472520351000,"publisherId":1350971,"explain":null,"plus":null,"pcShow":0,"appShow":0,"deliver":0,"gradeDescription":null,"companyFullName":"大连飞创信息技术有限公司北京分公司","formatCreateTime":"2016-08-19","positionName":"C++高级软件开发工程师","workYear":"5-10年","education":"本科","jobNature":"全职","companyLogo":"image1/M00/0E/26/Cgo8PFT5fB2AAW4WAAEJajZRrXw309.png","salary":"15k-25k","city":"北京","financeStage":"成长型(不需要融资)","industryField":"金融","positionId":1458813,"approve":1,"createTime":"2016-08-19 16:05:20","positionAdvantage":"一年15月薪/五险一金/商业保险/餐费补助等","district":"朝阳区","companyShortName":"飞创北京","companyLabelList":["岗位晋升","扁平管理","餐费补助","五险一金"],"score":0,"companySize":"150-500人","adWord":0},{"companyId":70001,"businessZones":["五道口","学院路","北航"],"imState":"disabled","lastLogin":1471595380000,"publisherId":1693627,"explain":null,"plus":null,"pcShow":0,"appShow":0,"deliver":0,"gradeDescription":null,"companyFullName":"同方泰德软件（北京）有限公司","formatCreateTime":"2016-08-19","positionName":"C++","workYear":"1-3年","education":"本科","jobNature":"全职","companyLogo":"image1/M00/26/7C/CgYXBlVVjumAYNCoAABL_z7_1qw529.png","salary":"7k-12k","city":"北京","financeStage":"上市公司","industryField":"移动互联网,其他","positionId":1672374,"approve":1,"createTime":"2016-08-19 15:59:05","positionAdvantage":"全险、上市公司、巨大发展前景","district":"海淀区","companyShortName":"同方泰德","companyLabelList":["技能培训","节日礼物","专项奖金","股票期权"],"score":0,"companySize":"2000人以上","adWord":0},{"companyId":57992,"businessZones":["中关村","知春路","双榆树"],"imState":"overSevenDays","lastLogin":1471932156000,"publisherId":1465188,"explain":null,"plus":null,"pcShow":0,"appShow":0,"deliver":0,"gradeDescription":null,"companyFullName":"西思艾（北京）软件有限公司","formatCreateTime":"2016-08-19","positionName":"C#软件开发工程师（外企急聘）","workYear":"1-3年","education":"本科","jobNature":"全职","companyLogo":"image1/M00/14/B8/Cgo8PFUI9neAYn-9AABPz3IkuAk521.jpg","salary":"8k-15k","city":"北京","financeStage":"初创型(不需要融资)","industryField":"移动互联网,数据服务","positionId":2263394,"approve":0,"createTime":"2016-08-19 15:44:22","positionAdvantage":"领导好,出国机会,六险一金,同事关系好","district":"海淀区","companyShortName":"西思艾","companyLabelList":["赴美培训","年底双薪","带薪年假","年度旅游"],"score":0,"companySize":"15-50人","adWord":0},{"companyId":144304,"businessZones":["来广营","望京"],"imState":"disabled","lastLogin":1472435240000,"publisherId":5926532,"explain":null,"plus":null,"pcShow":0,"appShow":0,"deliver":0,"gradeDescription":null,"companyFullName":"北京威动科技有限公司","formatCreateTime":"2016-08-19","positionName":"C++","workYear":"1-3年","education":"本科","jobNature":"全职","companyLogo":"i/image/M00/50/13/Cgp3O1ey1POAEof7AABQJmF8gw0744.png","salary":"10k-20k","city":"北京","financeStage":"成长型(不需要融资)","industryField":"移动互联网","positionId":2263343,"approve":1,"createTime":"2016-08-19 15:38:42","positionAdvantage":"弹性时间 午休延长 午餐补助 红包抢不停","district":"朝阳区","companyShortName":"威动科技","companyLabelList":["带薪年假","午餐补助","午休延长","弹性时间"],"score":0,"companySize":"150-500人","adWord":0},{"companyId":69146,"businessZones":["南磨房","百子湾","大望路"],"imState":"sevenDays","lastLogin":1472172152000,"publisherId":2169676,"explain":null,"plus":null,"pcShow":0,"appShow":0,"deliver":0,"gradeDescription":null,"companyFullName":"北京辰森世纪科技股份有限公司","formatCreateTime":"2016-08-19","positionName":"C++","workYear":"1-3年","education":"本科","jobNature":"全职","companyLogo":"image1/M00/2B/0C/CgYXBlVucHyASMSoAABRW3duAgU033.png","salary":"10k-20k","city":"北京","financeStage":"初创型(未融资)","industryField":"移动互联网","positionId":2263031,"approve":1,"createTime":"2016-08-19 15:03:23","positionAdvantage":"员工聚餐、节日晚会、旅游活动等","district":"朝阳区","companyShortName":"北京辰森世纪科技股份有限公司","companyLabelList":["岗位晋升","绩效奖金","技能培训","领导好"],"score":0,"companySize":"150-500人","adWord":0},{"companyId":7292,"businessZones":["上地","西二旗","马连洼"],"imState":"today","lastLogin":1472537690000,"publisherId":83356,"explain":null,"plus":null,"pcShow":0,"appShow":0,"deliver":0,"gradeDescription":null,"companyFullName":"北京畅聊天下科技有限公司","formatCreateTime":"2016-08-19","positionName":"服务器开发工程师（C++)","workYear":"3-5年","education":"本科","jobNature":"全职","companyLogo":"image1/M00/1A/42/CgYXBlUbifGASvN9AACTHYLzJKc557.jpg","salary":"20k-30k","city":"北京","financeStage":"成长型(B轮)","industryField":"移动互联网","positionId":2262918,"approve":1,"createTime":"2016-08-19 14:49:42","positionAdvantage":"五险一金","district":"海淀区","companyShortName":"畅聊天下(派派交友）","companyLabelList":["年底双薪","午餐补助","带薪年假","股票期权"],"score":0,"companySize":"150-500人","adWord":0},{"companyId":108763,"businessZones":["天坛","体育馆路","磁器口"],"imState":"today","lastLogin":1472536199000,"publisherId":4760307,"explain":null,"plus":null,"pcShow":0,"appShow":0,"deliver":0,"gradeDescription":null,"companyFullName":"北京鑫通运科信息技术有限公司","formatCreateTime":"2016-08-19","positionName":"C++","workYear":"3-5年","education":"本科","jobNature":"全职","companyLogo":"i/image/M00/1E/3E/CgqKkVcHE4qABGq5AACdH8Sff3U850.jpg","salary":"8k-15k","city":"北京","financeStage":"初创型(未融资)","industryField":"移动互联网,电子商务","positionId":1727911,"approve":1,"createTime":"2016-08-19 14:38:13","positionAdvantage":"五险一金，周末双休等","district":"东城区","companyShortName":"物联网","companyLabelList":["专项奖金","带薪年假","领导好"],"score":0,"companySize":"50-150人","adWord":0},{"companyId":144651,"businessZones":["知春路","北航","学院路"],"imState":"disabled","lastLogin":1472023756000,"publisherId":5940294,"explain":null,"plus":null,"pcShow":0,"appShow":0,"deliver":0,"gradeDescription":null,"companyFullName":"北京九天翱翔科技有限公司","formatCreateTime":"2016-08-19","positionName":"C#高级软件工程师","workYear":"3-5年","education":"不限","jobNature":"全职","companyLogo":"i/image/M00/51/40/Cgp3O1e2okeAH-jDAAATlg5NrHw531.jpg","salary":"10k-15k","city":"北京","financeStage":"初创型(未融资)","industryField":"企业服务,数据服务","positionId":2262679,"approve":0,"createTime":"2016-08-19 14:23:32","positionAdvantage":"五险一金 绩效奖金 专业培训 定期体检","district":"海淀区","companyShortName":"九天翱翔","companyLabelList":null,"score":0,"companySize":"15-50人","adWord":0}]}}}