{"resubmitToken":null,"success":true,"requestId":null,"msg":null,"content":{"pageNo":48,"pageSize":15,"positionResult":{"totalCount":1236,"resultSize":15,"locationInfo":{"city":"北京","district":null,"queryByGisCode":false,"businessZone":null,"locationCode":null},"queryAnalysisInfo":{"positionName":"c","companyName":null,"industryName":null,"usefulCompany":false},"strategyProperty":{"name":"dm-csearch-newSimScorer","id":1},"result":[{"companyFullName":"深圳市金证科技股份有限公司","adWord":0,"companyId":25317,"formatCreateTime":"2016-08-19","businessZones":null,"imState":"today","lastLogin":1472522554000,"positionId":1960783,"industryField":"金融","education":"本科","workYear":"3-5年","city":"北京","positionAdvantage":"五险一金，假期多多，过节福利","createTime":"2016-08-19 17:14:53","salary":"10k-20k","positionName":"C++","companySize":"2000人以上","companyShortName":"金证股份","companyLogo":"image1/M00/00/34/Cgo8PFTUXJOAMEEpAAAroeFn454603.jpg","financeStage":"上市公司","approve":1,"jobNature":"全职","companyLabelList":["激情的团队","股票期权","努力变大牛","有舞台给您跳"],"district":null,"score":0,"publisherId":4696003,"explain":null,"plus":null,"pcShow":0,"appShow":0,"deliver":0,"gradeDescription":null},{"companyFullName":"大连飞创信息技术有限公司北京分公司","adWord":0,"companyId":54093,"formatCreateTime":"2016-08-19","businessZones":["马甸","北太平庄","健翔桥"],"imState":"disabled","lastLogin":1472520351000,"positionId":1458800,"industryField":"金融","education":"本科","workYear":"1-3年","city":"北京","positionAdvantage":"一年15月薪/五险一金/商业保险/餐费补助等","createTime":"2016-08-19 16:05:19","salary":"8k-12k","positionName":"C++软件开发工程师","companySize":"150-500人","companyShortName":"飞创北京","companyLogo":"image1/M00/0E/26/Cgo8PFT5fB2AAW4WAAEJajZRrXw309.png","financeStage":"成长型(不需要融资)","approve":1,"jobNature":"全职","companyLabelList":["岗位晋升","扁平管理","餐费补助","五险一金"],"district":"朝阳区","score":0,"publisherId":1350971,"explain":null,"plus":null,"pcShow":0,"appShow":0,"deliver":0,"gradeDescription":null},{"companyFullName":"西思艾（北京）软件有限公司","adWord":0,"companyId":57992,"formatCreateTime":"2016-08-19","businessZones":["中关村","知春路","双榆树"],"imState":"overSevenDays","lastLogin":1471932156000,"positionId":2263383,"industryField":"移动互联网,数据服务","education":"本科","workYear":"1-3年","city":"北京","positionAdvantage":"领导好,出国机会,六险一金,同事关系好","createTime":"2016-08-19 15:43:17","salary":"8k-15k","positionName":".Net/C#软件开发工程师","companySize":"15-50人","companyShortName":"西思艾","companyLogo":"image1/M00/14/B8/Cgo8PFUI9neAYn-9AABPz3IkuAk521.jpg","financeStage":"初创型(不需要融资)","approve":0,"jobNature":"全职","companyLabelList":["赴美培训","年底双薪","带薪年假","年度旅游"],"district":"海淀区","score":0,"publisherId":1465188,"explain":null,"plus":null,"pcShow":0,"appShow":0,"deliver":0,"gradeDescription":null},{"companyFullName":"百度时代网络技术(北京)有限公司","adWord":0,"companyId":37099,"formatCreateTime":"2016-08-19","businessZones":["西二旗","龙泽","回龙观"],"imState":"disabled","lastLogin":1472547365000,"positionId":2135606,"industryField":"移动互联网","education":"硕士","workYear":"不限","city":"北京","positionAdvantage":"发展前景大，良好的团队氛围，待遇优厚","createTime":"2016-08-19 14:07:14","salary":"3k-4k","positionName":"移动分发搜索产品部_C/C++研发实习生","companySize":"2000人以上","companyShortName":"百度","companyLogo":"i/image/M00/03/3B/Cgp3O1awdYKAaopbAABFI3RQsu4671.png","financeStage":"上市公司","approve":0,"jobNature":"实习","companyLabelList":["弹性工作","五险一金","节日礼物","带薪年假"],"district":"海淀区","score":0,"publisherId":3181335,"explain":null,"plus":null,"pcShow":0,"appShow":0,"deliver":0,"gradeDescription":null},{"companyFullName":"北京宏锐星通科技有限公司","adWord":0,"companyId":55513,"formatCreateTime":"2016-08-19","businessZones":["西二旗","龙泽","回龙观"],"imState":"threeDays","lastLogin":1472440002000,"positionId":2214860,"industryField":"硬件,分类信息","education":"本科","workYear":"3-5年","city":"北京","positionAdvantage":"年终奖金各种补助带薪年假补充医疗节日福利","createTime":"2016-08-19 14:04:40","salary":"7k-14k","positionName":"C#软件工程师","companySize":"50-150人","companyShortName":"北京宏锐星通科技有限公司","companyLogo":"image1/M00/0E/C3/Cgo8PFT8HR-AeuYeAABzsYMxdU8171.png","financeStage":"成熟型(D轮及以上)","approve":1,"jobNature":"全职","companyLabelList":["年底双薪","节日礼物","技能培训","绩效奖金"],"district":"海淀区","score":0,"publisherId":1385386,"explain":null,"plus":null,"pcShow":0,"appShow":0,"deliver":0,"gradeDescription":null},{"companyFullName":"北京锐安科技有限公司","adWord":0,"companyId":21575,"formatCreateTime":"2016-08-19","businessZones":["西三旗","清河","小营"],"imState":"disabled","lastLogin":1472456494000,"positionId":2262394,"industryField":"信息安全,数据服务","education":"本科","workYear":"应届毕业生","city":"北京","positionAdvantage":"七险一金；午餐补助；带薪年假；年终奖","createTime":"2016-08-19 13:47:45","salary":"6k-10k","positionName":"LINUX C++软件工程师（应届生）","companySize":"500-2000人","companyShortName":"锐安","companyLogo":"image1/M00/00/28/Cgo8PFTUWIyAcgOnAABLMYa08DE596.png","financeStage":"初创型(未融资)","approve":1,"jobNature":"全职","companyLabelList":["年底双薪","节日礼物","岗位晋升","管理规范"],"district":"海淀区","score":0,"publisherId":247335,"explain":null,"plus":null,"pcShow":0,"appShow":0,"deliver":0,"gradeDescription":null},{"companyFullName":"用友超客网络技术有限公司","adWord":0,"companyId":92897,"formatCreateTime":"2016-08-19","businessZones":["西北旺"],"imState":"today","lastLogin":1472533792000,"positionId":2262155,"industryField":"社交网络","education":"本科","workYear":"1-3年","city":"北京","positionAdvantage":"大公司平台，薪酬福利完善","createTime":"2016-08-19 13:06:47","salary":"12k-18k","positionName":"C#","companySize":"500-2000人","companyShortName":"超客网络","companyLogo":"image2/M00/03/94/CgqLKVXunHqAO6vSAAAPqN1JGPY334.png?cc=0.4912325774785131","financeStage":"成熟型(不需要融资)","approve":1,"jobNature":"全职","companyLabelList":["技能培训","免费班车","股票期权","带薪年假"],"district":"海淀区","score":0,"publisherId":2405760,"explain":null,"plus":null,"pcShow":0,"appShow":0,"deliver":0,"gradeDescription":null},{"companyFullName":"大唐网络有限公司","adWord":0,"companyId":115879,"formatCreateTime":"2016-08-19","businessZones":null,"imState":"overSevenDays","lastLogin":1471841613000,"positionId":2262128,"industryField":"移动互联网","education":"本科","workYear":"5-10年","city":"北京","positionAdvantage":"五险一金 节日礼品 年底奖励 员工旅游","createTime":"2016-08-19 12:50:46","salary":"10k-20k","positionName":"C#","companySize":"150-500人","companyShortName":"大唐网络有限公司","companyLogo":"i/image/M00/05/DA/Cgp3O1bL0AuABkCfAAAUUNx4Txg205.jpg","financeStage":"成长型(不需要融资)","approve":0,"jobNature":"全职","companyLabelList":["带薪年假","节日礼物","管理规范","岗位晋升"],"district":"海淀区","score":0,"publisherId":5891306,"explain":null,"plus":null,"pcShow":0,"appShow":0,"deliver":0,"gradeDescription":null},{"companyFullName":"微梦创科网络科技（中国）有限公司","adWord":0,"companyId":5832,"formatCreateTime":"2016-08-19","businessZones":null,"imState":"today","lastLogin":1472523982000,"positionId":2220237,"industryField":"移动互联网","education":"本科","workYear":"1-3年","city":"北京","positionAdvantage":"大数据及海量用户访问，技术挑战，成长空间","createTime":"2016-08-19 12:41:24","salary":"15k-30k","positionName":"C/C++视频研发工程师-流媒体-P2P","companySize":"2000人以上","companyShortName":"新浪微博","companyLogo":"image1/M00/00/0D/CgYXBlTUWCCAdkhOAABNgyvZQag818.jpg","financeStage":"上市公司","approve":0,"jobNature":"全职","companyLabelList":["年底双薪","专项奖金","股票期权","五险一金"],"district":null,"score":0,"publisherId":761845,"explain":null,"plus":null,"pcShow":0,"appShow":0,"deliver":0,"gradeDescription":null},{"companyFullName":"北京神秘谷数字科技有限公司","adWord":0,"companyId":129213,"formatCreateTime":"2016-08-19","businessZones":["四惠","百子湾","大望路"],"imState":"disabled","lastLogin":1472550189000,"positionId":2262082,"industryField":"其他","education":"本科","workYear":"3-5年","city":"北京","positionAdvantage":"岗位晋升 发展空间大","createTime":"2016-08-19 12:22:24","salary":"15k-20k","positionName":"人机交互C++高级工程师","companySize":"15-50人","companyShortName":"神秘谷","companyLogo":"i/image/M00/2B/A6/CgqKkVc1hSKAZg92AAAJw6P5NOs342.jpg","financeStage":"初创型(天使轮)","approve":0,"jobNature":"全职","companyLabelList":null,"district":"朝阳区","score":0,"publisherId":5053585,"explain":null,"plus":null,"pcShow":0,"appShow":0,"deliver":0,"gradeDescription":null},{"companyFullName":"京东金融","adWord":0,"companyId":534,"formatCreateTime":"2016-08-19","businessZones":null,"imState":"disabled","lastLogin":1472548038000,"positionId":1858777,"industryField":"金融","education":"本科","workYear":"3-5年","city":"北京","positionAdvantage":"带薪年假，年底双薪，年终奖","createTime":"2016-08-19 11:58:43","salary":"15k-25k","positionName":"C/C++安全工程师","companySize":"2000人以上","companyShortName":"京东金融","companyLogo":"i/image/M00/27/AB/CgqKkVcoggeATC36AABg5cLaGcs502.PNG","financeStage":"上市公司","approve":1,"jobNature":"全职","companyLabelList":["供应链金融","消费金融","众筹业务","支付业务"],"district":"通州区","score":0,"publisherId":751349,"explain":null,"plus":null,"pcShow":0,"appShow":0,"deliver":0,"gradeDescription":null},{"companyFullName":"达闼科技（北京）有限公司","adWord":0,"companyId":67118,"formatCreateTime":"2016-08-19","businessZones":["望京","大山子","花家地"],"imState":"disabled","lastLogin":1472009689000,"positionId":2018694,"industryField":"移动互联网","education":"本科","workYear":"3-5年","city":"北京","positionAdvantage":"六险一金 餐补 通讯补 双薪 环境好","createTime":"2016-08-19 11:41:12","salary":"15k-25k","positionName":"C++","companySize":"50-150人","companyShortName":"达闼科技","companyLogo":"image1/M00/3C/F2/CgYXBlW3B-GAH_QyAAAPBAVi4W0817.jpg","financeStage":"成长型(A轮)","approve":1,"jobNature":"全职","companyLabelList":["年底双薪","技能培训","绩效奖金","岗位晋升"],"district":"朝阳区","score":0,"publisherId":1683999,"explain":null,"plus":null,"pcShow":0,"appShow":0,"deliver":0,"gradeDescription":null},{"companyFullName":"北京盛泰华夏科技有限公司","adWord":0,"companyId":9815,"formatCreateTime":"2016-08-19","businessZones":["东四","朝阳门"],"imState":"today","lastLogin":1472547171000,"positionId":407325,"industryField":"移动互联网,O2O","education":"硕士","workYear":"不限","city":"北京","positionAdvantage":"四个月半年奖，公司潜力大，尊重员工","createTime":"2016-08-19 11:37:28","salary":"25k-50k","positionName":"C++算法高级工程师","companySize":"50-150人","companyShortName":"美宅","companyLogo":"i/image/M00/21/54/Cgp3O1cQkYuAc9Z-AAAIXuRa7Rw809.png","financeStage":"成长型(A轮)","approve":1,"jobNature":"全职","companyLabelList":["年终分红","绩效奖金","五险一金","带薪年假"],"district":"东城区","score":0,"publisherId":325697,"explain":null,"plus":null,"pcShow":0,"appShow":0,"deliver":0,"gradeDescription":null},{"companyFullName":"北京畅游天下网络技术有限公司","adWord":0,"companyId":280,"formatCreateTime":"2016-08-19","businessZones":null,"imState":"disabled","lastLogin":1472554636000,"positionId":2219137,"industryField":"移动互联网,游戏","education":"大专","workYear":"5-10年","city":"北京","positionAdvantage":"福利超赞+平台好+扁平管理+创新度高","createTime":"2016-08-19 11:36:46","salary":"20k-40k","positionName":"C++高级开发工程师","companySize":"2000人以上","companyShortName":"畅游","companyLogo":"image2/M00/03/0F/CgpzWlXtI2KANowdAAAvdtLPVb4516.jpg","financeStage":"上市公司","approve":1,"jobNature":"全职","companyLabelList":["节日礼物","技能培训","带薪年假","岗位晋升"],"district":null,"score":0,"publisherId":1860861,"explain":null,"plus":null,"pcShow":0,"appShow":0,"deliver":0,"gradeDescription":null},{"companyFullName":"上海欣方智能系统有限公司北京分公司","adWord":0,"companyId":128842,"formatCreateTime":"2016-08-19","businessZones":null,"imState":"today","lastLogin":1472548419000,"positionId":1950710,"industryField":"移动互联网,数据服务","education":"本科","workYear":"5-10年","city":"北京","positionAdvantage":"带项目、有期权","createTime":"2016-08-19 11:07:25","salary":"18k-25k","positionName":"高级C++工程师","companySize":"150-500人","companyShortName":"欣方智能","companyLogo":"i/image/M00/2A/26/Cgp3O1cxdd6APMkuAAG6HQ1ScEw044.jpg","financeStage":"成长型(不需要融资)","approve":0,"jobNature":"全职","companyLabelList":["股票期权","定期体检","午餐补助","不加班"],"district":null,"score":0,"publisherId":5038106,"explain":null,"plus":null,"pcShow":0,"appShow":0,"deliver":0,"gradeDescription":null}]}},"code":0}