{"success":true,"requestId":null,"msg":null,"resubmitToken":null,"code":0,"content":{"pageNo":49,"pageSize":15,"positionResult":{"resultSize":15,"totalCount":1236,"locationInfo":{"queryByGisCode":false,"businessZone":null,"locationCode":null,"city":"北京","district":null},"queryAnalysisInfo":{"industryName":null,"usefulCompany":false,"positionName":"c","companyName":null},"strategyProperty":{"name":"dm-csearch-newSimScorer","id":1},"result":[{"companyId":144735,"businessZones":null,"imState":"threeDays","lastLogin":1472434266000,"publisherId":5942854,"explain":null,"plus":null,"pcShow":0,"appShow":0,"deliver":0,"gradeDescription":null,"companyFullName":"北京云创世联科技股份有限公司","formatCreateTime":"2016-08-19","positionName":"C/C++软件研发工程师","workYear":"1-3年","education":"本科","jobNature":"全职","companyLogo":"i/image/M00/51/2A/CgqKkVe2b_iAXwruAAAE7wFdDU4062.jpg","salary":"10k-15k","city":"北京","financeStage":"成长型(不需要融资)","industryField":"信息安全,数据服务","positionId":2261289,"approve":0,"createTime":"2016-08-19 10:54:18","positionAdvantage":"带薪年假股票期权弹性工作节日礼物技能培训","district":"昌平区","companyShortName":"云创","companyLabelList":["带薪年假","专项奖金","股票期权","年终分红"],"score":0,"companySize":"50-150人","adWord":0},{"companyId":2176,"businessZones":null,"imState":"threeDays","lastLogin":1472458962000,"publisherId":5498525,"explain":null,"plus":null,"pcShow":0,"appShow":0,"deliver":0,"gradeDescription":null,"companyFullName":"动艺时光信息技术（北京）有限公司","formatCreateTime":"2016-08-19","positionName":"玩具3C品类经理(买手方向)","workYear":"不限","education":"不限","jobNature":"全职","companyLogo":"image1/M00/0D/83/CgYXBlT38uSAViMqAABuuVqkP74226.png","salary":"10k-20k","city":"北京","financeStage":"成熟型(C轮)","industryField":"移动互联网,文化娱乐","positionId":2065563,"approve":1,"createTime":"2016-08-19 10:45:23","positionAdvantage":"福利好,地理位置佳,公司前景好","district":"朝阳区","companyShortName":"时光网-Mtime","companyLabelList":["带薪年假","绩效奖金","补充商业保险","定期体检"],"score":0,"companySize":"150-500人","adWord":0},{"companyId":114110,"businessZones":null,"imState":"overSevenDays","lastLogin":1471828967000,"publisherId":1735744,"explain":null,"plus":null,"pcShow":0,"appShow":0,"deliver":0,"gradeDescription":null,"companyFullName":"乐视网信息技术（北京）股份有限公司","formatCreateTime":"2016-08-19","positionName":"C++ 高级开发工程师","workYear":"1-3年","education":"本科","jobNature":"全职","companyLogo":"i/image/M00/04/2B/Cgp3O1bGwzWAEAB4AAAbnMQCudk783.jpg","salary":"15k-25k","city":"北京","financeStage":"上市公司","industryField":"移动互联网","positionId":2135939,"approve":1,"createTime":"2016-08-19 10:42:09","positionAdvantage":"专车接送、全员持股、有竞争力的薪酬福利","district":null,"companyShortName":"乐视","companyLabelList":["股票期权","交通补助","通讯津贴","带薪年假"],"score":0,"companySize":"2000人以上","adWord":0},{"companyId":31233,"businessZones":["建外大街","国贸","CBD"],"imState":"disabled","lastLogin":1472005241000,"publisherId":458393,"explain":null,"plus":null,"pcShow":0,"appShow":0,"deliver":0,"gradeDescription":null,"companyFullName":"星锐互娱（北京）科技有限公司","formatCreateTime":"2016-08-19","positionName":"C++后端主程","workYear":"1-3年","education":"本科","jobNature":"全职","companyLogo":"image1/M00/00/47/CgYXBlTUXOKAMRcVAACEyaHKTak108.jpg","salary":"10k-20k","city":"北京","financeStage":"成长型(A轮)","industryField":"移动互联网,游戏","positionId":2212825,"approve":0,"createTime":"2016-08-19 10:35:47","positionAdvantage":"一切皆有可能，只等你来","district":"朝阳区","companyShortName":"星锐互娱","companyLabelList":["年底双薪","股票期权","晚餐补助","扁平管理"],"score":0,"companySize":"15-50人","adWord":0},{"companyId":144615,"businessZones":null,"imState":"disabled","lastLogin":1472525052000,"publisherId":5939660,"explain":null,"plus":null,"pcShow":0,"appShow":0,"deliver":0,"gradeDescription":null,"companyFullName":"莱诺斯科技（北京)股份有限公司","formatCreateTime":"2016-08-19","positionName":"C++工程师","workYear":"3-5年","education":"本科","jobNature":"全职","companyLogo":"i/image/M00/51/25/Cgp3O1e2Z4-ATgjiAAAPxCGq-IQ606.png","salary":"10k-20k","city":"北京","financeStage":"成长型(不需要融资)","industryField":"其他","positionId":2260854,"approve":1,"createTime":"2016-08-19 10:17:58","positionAdvantage":"五险一金&amp;带薪年假","district":null,"companyShortName":"莱诺斯科技","companyLabelList":["专项奖金","带薪年假","弹性工作","年度旅游"],"score":0,"companySize":"50-150人","adWord":0},{"companyId":39320,"businessZones":["五道口","清华大学","中关村"],"imState":"disabled","lastLogin":1472541128000,"publisherId":5651478,"explain":null,"plus":null,"pcShow":0,"appShow":0,"deliver":0,"gradeDescription":null,"companyFullName":"北京华誉爱学教育科技有限公司","formatCreateTime":"2016-08-19","positionName":"C++开发工程师","workYear":"1-3年","education":"本科","jobNature":"全职","companyLogo":"image1/M00/00/60/Cgo8PFTUXUuACT50AACBfcolX2A587.jpg","salary":"10k-18k","city":"北京","financeStage":"成熟型(C轮)","industryField":"教育","positionId":2161488,"approve":0,"createTime":"2016-08-19 10:15:53","positionAdvantage":"良好的办公环境，轻松的办公氛围。","district":"海淀区","companyShortName":"爱学堂","companyLabelList":["带薪年假","岗位晋升","领导好","五险一金"],"score":0,"companySize":"150-500人","adWord":0},{"companyId":25317,"businessZones":null,"imState":"today","lastLogin":1472573446000,"publisherId":5715150,"explain":null,"plus":null,"pcShow":0,"appShow":0,"deliver":0,"gradeDescription":null,"companyFullName":"深圳市金证科技股份有限公司","formatCreateTime":"2016-08-19","positionName":"C++","workYear":"3-5年","education":"本科","jobNature":"全职","companyLogo":"image1/M00/00/34/Cgo8PFTUXJOAMEEpAAAroeFn454603.jpg","salary":"13k-20k","city":"北京","financeStage":"上市公司","industryField":"金融","positionId":2153988,"approve":1,"createTime":"2016-08-19 10:11:49","positionAdvantage":"上市公司，证券行业，领导nice","district":"西城区","companyShortName":"金证股份","companyLabelList":["激情的团队","股票期权","努力变大牛","有舞台给您跳"],"score":0,"companySize":"2000人以上","adWord":0},{"companyId":65318,"businessZones":["来广营","望京"],"imState":"sevenDays","lastLogin":1472194705000,"publisherId":5052868,"explain":null,"plus":null,"pcShow":0,"appShow":0,"deliver":0,"gradeDescription":null,"companyFullName":"北京雪人科技有限公司","formatCreateTime":"2016-08-19","positionName":"C++VR游戏客户端程序师","workYear":"1-3年","education":"不限","jobNature":"全职","companyLogo":"image1/M00/20/9B/CgYXBlU3vQSAeJLsAABupImfCEU098.PNG","salary":"8k-15k","city":"北京","financeStage":"初创型(天使轮)","industryField":"其他","positionId":1809884,"approve":1,"createTime":"2016-08-19 09:44:47","positionAdvantage":"待遇优厚，福利完善，行业发展前景好","district":"朝阳区","companyShortName":"雪人科技","companyLabelList":["技能培训","岗位晋升","年度旅游","扁平管理"],"score":0,"companySize":"15-50人","adWord":0},{"companyId":135416,"businessZones":null,"imState":"sevenDays","lastLogin":1472088500000,"publisherId":5417069,"explain":null,"plus":null,"pcShow":0,"appShow":0,"deliver":0,"gradeDescription":null,"companyFullName":"北京中科紫鑫科技有限责任公司","formatCreateTime":"2016-08-19","positionName":"C#","workYear":"应届毕业生","education":"本科","jobNature":"全职","companyLogo":"i/image/M00/3A/42/CgqKkVdo7CCAYsbbAAApUeSIBVY526.png","salary":"4k-6k","city":"北京","financeStage":"初创型(未融资)","industryField":"其他","positionId":2167565,"approve":0,"createTime":"2016-08-19 09:19:16","positionAdvantage":"五险一金，福利优厚欢迎加入！","district":null,"companyShortName":"中科紫鑫","companyLabelList":null,"score":0,"companySize":"50-150人","adWord":0},{"companyId":18645,"businessZones":["万寿路","公主坟","军博"],"imState":"today","lastLogin":1472515321000,"publisherId":218083,"explain":null,"plus":null,"pcShow":0,"appShow":0,"deliver":0,"gradeDescription":null,"companyFullName":"北京纵横盛世软件有限公司","formatCreateTime":"2016-08-19","positionName":"C#开发工程师","workYear":"1-3年","education":"大专","jobNature":"全职","companyLogo":"image1/M00/00/22/CgYXBlTUWHeAEbXiAABJ3H7SXsY492.jpg","salary":"6k-12k","city":"北京","financeStage":"初创型(未融资)","industryField":"移动互联网,电子商务","positionId":98763,"approve":1,"createTime":"2016-08-19 08:31:19","positionAdvantage":"试用期五险一金","district":"海淀区","companyShortName":"纵横盛世","companyLabelList":["年终分红","年底双薪","五险一金","带薪年假"],"score":0,"companySize":"150-500人","adWord":0},{"companyId":132327,"businessZones":null,"imState":"today","lastLogin":1472563821000,"publisherId":5223896,"explain":null,"plus":null,"pcShow":0,"appShow":0,"deliver":0,"gradeDescription":null,"companyFullName":"北京永晨卓睿数据科技有限公司","formatCreateTime":"2016-08-18","positionName":"C++研发工程师","workYear":"1-3年","education":"大专","jobNature":"全职","companyLogo":"i/image/M00/32/0F/CgqKkVdNLKCAS9-GAAB76ld-Mno332.png","salary":"6k-10k","city":"北京","financeStage":"初创型(未融资)","industryField":"移动互联网,数据服务","positionId":2259897,"approve":0,"createTime":"2016-08-18 21:41:00","positionAdvantage":"五险一金，年底双薪，弹性工作，带薪年假","district":null,"companyShortName":"永晨卓睿","companyLabelList":null,"score":0,"companySize":"少于15人","adWord":0},{"companyId":102322,"businessZones":null,"imState":"today","lastLogin":1472566476000,"publisherId":4119007,"explain":null,"plus":null,"pcShow":0,"appShow":0,"deliver":0,"gradeDescription":null,"companyFullName":"北京小度信息科技有限公司","formatCreateTime":"2016-08-18","positionName":"C++研发工程师/高级研发工程师","workYear":"1-3年","education":"本科","jobNature":"全职","companyLogo":"image2/M00/0F/99/CgqLKVYpCC-AM3x0AAAXqRToP2Q509.jpg?cc=0.06094056670553982","salary":"15k-30k","city":"北京","financeStage":"成熟型(不需要融资)","industryField":"移动互联网,O2O","positionId":1905988,"approve":0,"createTime":"2016-08-18 19:13:57","positionAdvantage":"技术牛人云集 有挑战的事情 有前景的项目","district":null,"companyShortName":"百度外卖","companyLabelList":["绩效奖金","股票期权","交通补助","定期体检"],"score":0,"companySize":"2000人以上","adWord":0},{"companyId":128201,"businessZones":null,"imState":"today","lastLogin":1472547831000,"publisherId":4993279,"explain":null,"plus":null,"pcShow":0,"appShow":0,"deliver":0,"gradeDescription":null,"companyFullName":"北京橙子维阿科技有限公司","formatCreateTime":"2016-08-18","positionName":"C++高级工程师（VR）","workYear":"3-5年","education":"本科","jobNature":"全职","companyLogo":"i/image/M00/28/71/CgqKkVcq9QuASvc4AABmc5yxw_4413.png","salary":"20k-30k","city":"北京","financeStage":"初创型(天使轮)","industryField":"移动互联网,游戏","positionId":2259165,"approve":0,"createTime":"2016-08-18 17:57:11","positionAdvantage":"VR高级技术岗、公司氛围浓厚、成长空间巨大","district":null,"companyShortName":"橙子VR","companyLabelList":["股票期权","午餐补助","员工旅游","员工聚餐"],"score":0,"companySize":"15-50人","adWord":0},{"companyId":19475,"businessZones":null,"imState":"today","lastLogin":1472529997000,"publisherId":4526968,"explain":null,"plus":null,"pcShow":0,"appShow":0,"deliver":0,"gradeDescription":null,"companyFullName":"上海享学网络科技有限公司","formatCreateTime":"2016-08-18","positionName":"直播客户端开发工程师（C++）","workYear":"3-5年","education":"本科","jobNature":"全职","companyLogo":"image1/M00/31/5B/Cgo8PFWLdSuAPhV3AAAk_-Hgugs729.jpg","salary":"25k-50k","city":"北京","financeStage":"成熟型(C轮)","industryField":"移动互联网","positionId":2259006,"approve":1,"createTime":"2016-08-18 17:41:09","positionAdvantage":"福利待遇好，团队优秀，空间无限~","district":null,"companyShortName":"疯狂老师","companyLabelList":["五险一金","股票期权","年终分红","绩效奖金"],"score":0,"companySize":"150-500人","adWord":0},{"companyId":8040,"businessZones":null,"imState":"today","lastLogin":1472548541000,"publisherId":95746,"explain":null,"plus":null,"pcShow":0,"appShow":0,"deliver":0,"gradeDescription":null,"companyFullName":"星核动力（北京）网络科技有限公司","formatCreateTime":"2016-08-18","positionName":"C++软件工程师","workYear":"1-3年","education":"本科","jobNature":"全职","companyLogo":"i/image/M00/40/1F/Cgp3O1d6A8SAPdqHAAO3PLRGCeE420.png","salary":"10k-20k","city":"北京","financeStage":"成长型(A轮)","industryField":"游戏","positionId":2125471,"approve":1,"createTime":"2016-08-18 17:34:24","positionAdvantage":"代码闷骚滴你，快来加入我们吧~~","district":null,"companyShortName":"星核动力","companyLabelList":["年终分红","带薪年假","补充医疗保险","节日礼物"],"score":0,"companySize":"50-150人","adWord":0}]}}}