{"success":true,"requestId":null,"msg":null,"resubmitToken":null,"code":0,"content":{"pageNo":52,"pageSize":15,"positionResult":{"resultSize":15,"totalCount":1236,"locationInfo":{"queryByGisCode":false,"businessZone":null,"locationCode":null,"city":"北京","district":null},"queryAnalysisInfo":{"industryName":null,"usefulCompany":false,"positionName":"c","companyName":null},"strategyProperty":{"name":"dm-csearch-newSimScorer","id":1},"result":[{"companyId":24507,"businessZones":["中关村","五道口","北京大学"],"imState":"disabled","lastLogin":1472578424000,"publisherId":291791,"explain":null,"plus":null,"pcShow":0,"appShow":0,"deliver":0,"gradeDescription":null,"companyFullName":"北京越千交通技术有限公司","formatCreateTime":"2016-08-17","positionName":"无人机飞控开发程序员/c++","workYear":"3-5年","education":"本科","jobNature":"全职","companyLogo":"image1/M00/00/32/CgYXBlTUXImAFkvwAABs5Shvy0c939.JPG","salary":"8k-16k","city":"北京","financeStage":"初创型(未融资)","industryField":"移动互联网,硬件","positionId":1685006,"approve":0,"createTime":"2016-08-17 22:20:16","positionAdvantage":"绩效奖金 年终分红 股票期权 包吃 包住","district":"海淀区","companyShortName":"越千交通","companyLabelList":["年终分红","年底双薪","绩效奖金","五险一金"],"score":0,"companySize":"15-50人","adWord":0},{"companyId":135608,"businessZones":null,"imState":"disabled","lastLogin":1471927929000,"publisherId":5426800,"explain":null,"plus":null,"pcShow":0,"appShow":0,"deliver":0,"gradeDescription":null,"companyFullName":"北京索英电气技术有限公司","formatCreateTime":"2016-08-17","positionName":"C#","workYear":"不限","education":"本科","jobNature":"全职","companyLogo":"i/image/M00/3A/C1/CgqKkVdqLF-AbvTdAAApoug83bA626.png","salary":"10k-20k","city":"北京","financeStage":"初创型(未融资)","industryField":"移动互联网,硬件","positionId":1999340,"approve":0,"createTime":"2016-08-17 18:24:19","positionAdvantage":"完善福利、无天花板提升空间","district":"海淀区","companyShortName":"索英电气","companyLabelList":null,"score":0,"companySize":"150-500人","adWord":0},{"companyId":14999,"businessZones":["高碑店","十里堡","甘露园"],"imState":"disabled","lastLogin":1472437832000,"publisherId":174863,"explain":null,"plus":null,"pcShow":0,"appShow":0,"deliver":0,"gradeDescription":null,"companyFullName":"北京保益互动科技发展有限公司","formatCreateTime":"2016-08-17","positionName":"Windows初级工程师（C++）","workYear":"不限","education":"大专","jobNature":"全职","companyLogo":"images/logo_default.png","salary":"7k-10k","city":"北京","financeStage":"初创型(未融资)","industryField":"移动互联网,医疗健康","positionId":866749,"approve":0,"createTime":"2016-08-17 17:46:17","positionAdvantage":"宽松的办公环境、充满挑战的工作内容","district":"朝阳区","companyShortName":"保益互动","companyLabelList":["股票期权","五险一金","午餐补助","定期体检"],"score":0,"companySize":"15-50人","adWord":0},{"companyId":23594,"businessZones":["大望路","华贸","四惠"],"imState":"disabled","lastLogin":1471933918000,"publisherId":5935422,"explain":null,"plus":null,"pcShow":0,"appShow":0,"deliver":0,"gradeDescription":null,"companyFullName":"北京彩云在线技术开发有限公司","formatCreateTime":"2016-08-17","positionName":"C++开发工程师","workYear":"1-3年","education":"本科","jobNature":"全职","companyLogo":"i/image/M00/50/8D/CgqKkVe0LrOAKIBGAAAXPbSgW4I152.jpg","salary":"10k-15k","city":"北京","financeStage":"成熟型(C轮)","industryField":"移动互联网","positionId":2252939,"approve":1,"createTime":"2016-08-17 17:38:25","positionAdvantage":"多米音乐","district":"朝阳区","companyShortName":"及时星标识","companyLabelList":["绩效奖金 ","股票期权 ","年底双薪 ","五险一金 "],"score":0,"companySize":"50-150人","adWord":0},{"companyId":20439,"businessZones":null,"imState":"disabled","lastLogin":1472195451000,"publisherId":235063,"explain":null,"plus":null,"pcShow":0,"appShow":0,"deliver":0,"gradeDescription":null,"companyFullName":"北京集联软件科技有限公司","formatCreateTime":"2016-08-17","positionName":"C语言开发工程师","workYear":"1-3年","education":"本科","jobNature":"全职","companyLogo":"image1/M00/00/25/Cgo8PFTUWIOAcA8UAACK8stsRmI244.jpg","salary":"7k-10k","city":"北京","financeStage":"初创型(未融资)","industryField":"金融","positionId":2212867,"approve":0,"createTime":"2016-08-17 17:34:48","positionAdvantage":"五险一金 定期体检 旅游","district":null,"companyShortName":"集联软件","companyLabelList":["技能培训","带薪年假","绩效奖金","岗位晋升"],"score":0,"companySize":"150-500人","adWord":0},{"companyId":139869,"businessZones":["北苑","立水桥"],"imState":"overSevenDays","lastLogin":1471233355000,"publisherId":4394270,"explain":null,"plus":null,"pcShow":0,"appShow":0,"deliver":0,"gradeDescription":null,"companyFullName":"北京飞瑞现实科技有限公司","formatCreateTime":"2016-08-17","positionName":"C++","workYear":"3-5年","education":"本科","jobNature":"全职","companyLogo":"i/image/M00/47/36/CgqKkVeO602ARfQmAAA02f0Qcs0345.png","salary":"10k-15k","city":"北京","financeStage":"初创型(不需要融资)","industryField":"教育","positionId":2121633,"approve":0,"createTime":"2016-08-17 17:33:53","positionAdvantage":"五险一金、定期体检、发展前景","district":"朝阳区","companyShortName":"飞瑞现实","companyLabelList":null,"score":0,"companySize":"15-50人","adWord":0},{"companyId":67555,"businessZones":["西二旗","龙泽","回龙观"],"imState":"disabled","lastLogin":1472452706000,"publisherId":1700491,"explain":null,"plus":null,"pcShow":0,"appShow":0,"deliver":0,"gradeDescription":null,"companyFullName":"北京本来工坊科技有限公司","formatCreateTime":"2016-08-17","positionName":"C","workYear":"1-3年","education":"本科","jobNature":"全职","companyLogo":"i/image/M00/00/6E/CgqKkVZJn4OAfkq_AAAVQCmoK4o163.jpg","salary":"10k-19k","city":"北京","financeStage":"成长型(B轮)","industryField":"O2O","positionId":1550714,"approve":1,"createTime":"2016-08-17 17:12:12","positionAdvantage":"福利多 不加班","district":"海淀区","companyShortName":"本来生活网","companyLabelList":["技能培训","年底双薪","节日礼物","绩效奖金"],"score":0,"companySize":"2000人以上","adWord":0},{"companyId":50702,"businessZones":["大山子","望京","酒仙桥"],"imState":"disabled","lastLogin":1472548516000,"publisherId":5569850,"explain":null,"plus":null,"pcShow":0,"appShow":0,"deliver":0,"gradeDescription":null,"companyFullName":"北京三快在线科技有限公司","formatCreateTime":"2016-08-17","positionName":"C端产品经理（用户平台方向）&nbsp;","workYear":"3-5年","education":"本科","jobNature":"全职","companyLogo":"i/image/M00/4B/6C/CgqKkVefHv-AFoRzAAAuALF7ZZ0419.png","salary":"20k-35k","city":"北京","financeStage":"成熟型(D轮及以上)","industryField":"移动互联网,O2O","positionId":2091458,"approve":1,"createTime":"2016-08-17 16:59:17","positionAdvantage":"核心业务部门，用户量庞大","district":"朝阳区","companyShortName":"美团点评","companyLabelList":["技能培训","绩效奖金","岗位晋升","领导好"],"score":0,"companySize":"2000人以上","adWord":0},{"companyId":37099,"businessZones":["西北旺","马连洼","上地"],"imState":"disabled","lastLogin":1472549224000,"publisherId":978046,"explain":null,"plus":null,"pcShow":0,"appShow":0,"deliver":0,"gradeDescription":null,"companyFullName":"百度时代网络技术(北京)有限公司","formatCreateTime":"2016-08-17","positionName":"C++","workYear":"不限","education":"本科","jobNature":"全职","companyLogo":"i/image/M00/03/3B/Cgp3O1awdYKAaopbAABFI3RQsu4671.png","salary":"15k-30k","city":"北京","financeStage":"上市公司","industryField":"移动互联网","positionId":2252383,"approve":0,"createTime":"2016-08-17 16:47:02","positionAdvantage":"百度","district":"海淀区","companyShortName":"百度","companyLabelList":["弹性工作","五险一金","节日礼物","带薪年假"],"score":0,"companySize":"2000人以上","adWord":0},{"companyId":102278,"businessZones":null,"imState":"disabled","lastLogin":1472536639000,"publisherId":2913750,"explain":null,"plus":null,"pcShow":0,"appShow":0,"deliver":0,"gradeDescription":null,"companyFullName":"北京柠檬微趣科技有限公司","formatCreateTime":"2016-08-17","positionName":"C++前端开发工程师","workYear":"3-5年","education":"本科","jobNature":"全职","companyLogo":"image2/M00/0F/84/CgpzWlYoqRyADPLHAACCEgQz_kc089.png?cc=0.8069875850342214","salary":"15k-25k","city":"北京","financeStage":"成长型(A轮)","industryField":"游戏","positionId":2251851,"approve":1,"createTime":"2016-08-17 15:56:20","positionAdvantage":"成功项目、技术大牛带领、工作气氛活泼","district":null,"companyShortName":"柠檬微趣","companyLabelList":["带薪年假","绩效奖金","年度旅游","美女多"],"score":0,"companySize":"50-150人","adWord":0},{"companyId":6998,"businessZones":["知春路","学院路","北航"],"imState":"disabled","lastLogin":1472460597000,"publisherId":2598644,"explain":null,"plus":null,"pcShow":0,"appShow":0,"deliver":0,"gradeDescription":null,"companyFullName":"北京风行在线技术有限公司","formatCreateTime":"2016-08-17","positionName":"linux C/C++","workYear":"1-3年","education":"本科","jobNature":"全职","companyLogo":"image1/M00/38/8E/Cgo8PFWmDIeAev1SAAAMlG8ry4I344.jpg","salary":"15k-25k","city":"北京","financeStage":"成熟型(D轮及以上)","industryField":"文化娱乐","positionId":2250957,"approve":1,"createTime":"2016-08-17 14:46:13","positionAdvantage":"六险一金，15薪，弹性工作时间","district":"海淀区","companyShortName":"风行网","companyLabelList":["技能培训","节日礼物","绩效奖金","岗位晋升"],"score":0,"companySize":"500-2000人","adWord":0},{"companyId":137285,"businessZones":["上地","马连洼","西二旗"],"imState":"disabled","lastLogin":1471484605000,"publisherId":5546526,"explain":null,"plus":null,"pcShow":0,"appShow":0,"deliver":0,"gradeDescription":null,"companyFullName":"北京华医互联科技有限公司","formatCreateTime":"2016-08-17","positionName":"C#","workYear":"1-3年","education":"本科","jobNature":"全职","companyLogo":"i/image/M00/40/D8/CgqKkVd7cDKAdoQnAABeyK8aRTw344.jpg","salary":"8k-15k","city":"北京","financeStage":"初创型(不需要融资)","industryField":"移动互联网","positionId":2138964,"approve":0,"createTime":"2016-08-17 13:16:38","positionAdvantage":"发展前景好，美女多、领导好","district":"海淀区","companyShortName":"华医互联","companyLabelList":null,"score":0,"companySize":"15-50人","adWord":0},{"companyId":33381,"businessZones":["中关村","北京大学","五道口"],"imState":"disabled","lastLogin":1472545692000,"publisherId":5807954,"explain":null,"plus":null,"pcShow":0,"appShow":0,"deliver":0,"gradeDescription":null,"companyFullName":"高知特信息技术(上海)有限公司","formatCreateTime":"2016-08-17","positionName":"C#","workYear":"1-3年","education":"本科","jobNature":"全职","companyLogo":"i/image/M00/3D/FA/CgqKkVdzahGAJM0XAAAw_bwj8yE084.jpg","salary":"8k-15k","city":"北京","financeStage":"上市公司","industryField":"移动互联网","positionId":2201189,"approve":0,"createTime":"2016-08-17 11:40:26","positionAdvantage":"年终多薪、绩效奖金、津贴","district":"海淀区","companyShortName":"高知特","companyLabelList":["节日礼物","年底双薪","免费班车","带薪年假"],"score":0,"companySize":"2000人以上","adWord":0},{"companyId":9261,"businessZones":["西北旺","马连洼","上地"],"imState":"disabled","lastLogin":1472558293000,"publisherId":800904,"explain":null,"plus":null,"pcShow":0,"appShow":0,"deliver":0,"gradeDescription":null,"companyFullName":"百度（中国）有限公司","formatCreateTime":"2016-08-17","positionName":"C++实习生","workYear":"不限","education":"本科","jobNature":"实习","companyLogo":"image1/M00/3D/D2/CgYXBlW5q4qASA_KAAAMXmcC_Zk290.jpg?cc=0.2853215398595885","salary":"5k-7k","city":"北京","financeStage":"上市公司","industryField":"移动互联网","positionId":2196378,"approve":0,"createTime":"2016-08-17 11:35:51","positionAdvantage":"有转正机会","district":"海淀区","companyShortName":"百度","companyLabelList":["年假","技能培训","节日礼物","岗位晋升"],"score":0,"companySize":"2000人以上","adWord":0},{"companyId":28111,"businessZones":["上地","马连洼","西二旗"],"imState":"disabled","lastLogin":1471499192000,"publisherId":1373107,"explain":null,"plus":null,"pcShow":0,"appShow":0,"deliver":0,"gradeDescription":null,"companyFullName":"鸿合科技有限公司","formatCreateTime":"2016-08-17","positionName":"C++","workYear":"1-3年","education":"大专","jobNature":"全职","companyLogo":"image1/M00/00/3D/CgYXBlTUXLiAG7GMAAA3JBHyW8c434.png","salary":"10k-15k","city":"北京","financeStage":"初创型(未融资)","industryField":"教育","positionId":2249533,"approve":1,"createTime":"2016-08-17 11:26:14","positionAdvantage":"五险一金 良好的办公环境 扁平化管理","district":"海淀区","companyShortName":"鸿合科技","companyLabelList":["年底双薪","专项奖金","五险一金","带薪年假"],"score":0,"companySize":"2000人以上","adWord":0}]}}}