{"success":true,"requestId":null,"resubmitToken":null,"msg":null,"content":{"pageNo":55,"pageSize":15,"positionResult":{"resultSize":15,"totalCount":1236,"locationInfo":{"businessZone":null,"queryByGisCode":false,"locationCode":null,"city":"北京","district":null},"queryAnalysisInfo":{"industryName":null,"usefulCompany":false,"positionName":"c","companyName":null},"strategyProperty":{"name":"dm-csearch-newSimScorer","id":1},"result":[{"formatCreateTime":"2016-08-15","createTime":"2016-08-15 19:33:49","companyId":119153,"positionName":"C#开发工程师","education":"本科","city":"北京","positionId":1893060,"financeStage":"上市公司","companyShortName":"51Talk 无忧英语","companyLogo":"i/image/M00/12/D3/Cgp3O1bmVr-AOGHYAABsWK_3bSI050.JPG","salary":"8k-15k","industryField":"移动互联网,教育","district":"海淀区","companyLabelList":["交通补助","带薪年假","股票期权"],"positionAdvantage":"免费早晚餐，各种福利，惊喜不断","jobNature":"全职","workYear":"1-3年","approve":0,"score":0,"companySize":"2000人以上","businessZones":["上地","西二旗","马连洼"],"imState":"today","lastLogin":1472542665000,"publisherId":4505716,"explain":null,"plus":null,"pcShow":0,"appShow":0,"deliver":0,"gradeDescription":null,"companyFullName":"北京大生在线科技有限公司","adWord":0},{"formatCreateTime":"2016-08-15","createTime":"2016-08-15 17:35:19","companyId":1537,"positionName":"垂直搜索-C/C++高级开发工程师","education":"本科","city":"北京","positionId":2109302,"financeStage":"成熟型(C轮)","companyShortName":"搜狗","companyLogo":"image2/M00/04/33/CgpzWlXw72aAb7sYAAAL-t8ysD4816.jpg","salary":"20k-30k","industryField":"移动互联网,数据服务","district":null,"companyLabelList":["五险一金","带薪年假","午餐补助","定期体检"],"positionAdvantage":"大数据、高并发生产环境，团队技术底蕴好","jobNature":"全职","workYear":"1-3年","approve":1,"score":0,"companySize":"2000人以上","businessZones":null,"imState":"disabled","lastLogin":1472541482000,"publisherId":702425,"explain":null,"plus":null,"pcShow":0,"appShow":0,"deliver":0,"gradeDescription":null,"companyFullName":"北京搜狗科技发展有限公司","adWord":0},{"formatCreateTime":"2016-08-15","createTime":"2016-08-15 16:54:47","companyId":41201,"positionName":"C++高级开发工程师-北京","education":"本科","city":"北京","positionId":2239747,"financeStage":"初创型(天使轮)","companyShortName":"海基科技","companyLogo":"image1/M00/00/66/Cgo8PFTUXWWAcG4-AABmRtjDYGk188.png","salary":"9k-15k","industryField":"移动互联网","district":null,"companyLabelList":["节日礼物","技能培训","绩效奖金","年度旅游"],"positionAdvantage":"七险一金、餐补、话补、年终奖","jobNature":"全职","workYear":"5-10年","approve":0,"score":0,"companySize":"50-150人","businessZones":null,"imState":"disabled","lastLogin":1472535738000,"publisherId":766626,"explain":null,"plus":null,"pcShow":0,"appShow":0,"deliver":0,"gradeDescription":null,"companyFullName":"上海海基盛元软件科技有限公司","adWord":0},{"formatCreateTime":"2016-08-15","createTime":"2016-08-15 14:29:54","companyId":71042,"positionName":"C#","education":"大专","city":"北京","positionId":1524668,"financeStage":"成长型(不需要融资)","companyShortName":"北京德馨同创科技发展有限公司","companyLogo":"i/image/M00/00/CA/Cgp3O1ZVnOOAUlhAAABlmwogUjM241.jpg","salary":"7k-10k","industryField":"企业服务,数据服务","district":"海淀区","companyLabelList":["技能培训","绩效奖金","年度旅游","岗位晋升"],"positionAdvantage":"五险一金、军工背景.....写不下啦！","jobNature":"全职","workYear":"1-3年","approve":0,"score":0,"companySize":"50-150人","businessZones":["马连洼","颐和园"],"imState":"disabled","lastLogin":1471242430000,"publisherId":2281974,"explain":null,"plus":null,"pcShow":0,"appShow":0,"deliver":0,"gradeDescription":null,"companyFullName":"北京德馨同创科技发展有限责任公司","adWord":0},{"formatCreateTime":"2016-08-15","createTime":"2016-08-15 13:46:47","companyId":5323,"positionName":"C","education":"本科","city":"北京","positionId":1024034,"financeStage":"成长型(B轮)","companyShortName":"天元特通","companyLogo":"image2/M00/04/06/CgqLKVXv_QqABhLUAAAIz5ccW1g839.jpg","salary":"8k-16k","industryField":"企业服务","district":"朝阳区","companyLabelList":["节日礼物","技能培训","绩效奖金","年度旅游"],"positionAdvantage":"全额五险一金","jobNature":"全职","workYear":"1-3年","approve":0,"score":0,"companySize":"50-150人","businessZones":["小关","安慧桥","安贞"],"imState":"today","lastLogin":1472519307000,"publisherId":1568333,"explain":null,"plus":null,"pcShow":0,"appShow":0,"deliver":0,"gradeDescription":null,"companyFullName":"北京天元特通科技有限公司","adWord":0},{"formatCreateTime":"2016-08-15","createTime":"2016-08-15 13:30:38","companyId":59885,"positionName":"C++","education":"本科","city":"北京","positionId":2160210,"financeStage":"初创型(未融资)","companyShortName":"惠颐科技","companyLogo":"image1/M00/1A/45/CgYXBlUbjO6AbQppAABjmxCt2nE199.png","salary":"8k-10k","industryField":"移动互联网","district":"海淀区","companyLabelList":["年底双薪","带薪年假","绩效奖金","年终分红"],"positionAdvantage":"五险一金年底双薪带薪年假节日福利弹性工作","jobNature":"全职","workYear":"1-3年","approve":1,"score":0,"companySize":"50-150人","businessZones":["五道口","学院路","北航"],"imState":"disabled","lastLogin":1472553896000,"publisherId":1509538,"explain":null,"plus":null,"pcShow":0,"appShow":0,"deliver":0,"gradeDescription":null,"companyFullName":"北京惠颐科技有限公司","adWord":0},{"formatCreateTime":"2016-08-15","createTime":"2016-08-15 13:06:37","companyId":42005,"positionName":".Net高级工程师（C/S架构）","education":"本科","city":"北京","positionId":2237782,"financeStage":"成长型(A轮)","companyShortName":"复方科技","companyLogo":"image1/M00/00/68/CgYXBlTUXXCAMe0-AAA0hUyrTLE969.jpg","salary":"10k-18k","industryField":"移动互联网,医疗健康","district":"海淀区","companyLabelList":["年底双薪","节日礼物","年度旅游","岗位晋升"],"positionAdvantage":"福利丰厚,团队靠谱,氛围轻松,互联网","jobNature":"全职","workYear":"3-5年","approve":1,"score":0,"companySize":"150-500人","businessZones":["知春路","北航","学院路"],"imState":"today","lastLogin":1472532955000,"publisherId":5917051,"explain":null,"plus":null,"pcShow":0,"appShow":0,"deliver":0,"gradeDescription":null,"companyFullName":"北京复方科技有限公司","adWord":0},{"formatCreateTime":"2016-08-15","createTime":"2016-08-15 12:05:51","companyId":36513,"positionName":"C#开发工程师","education":"本科","city":"北京","positionId":2237625,"financeStage":"成熟型(不需要融资)","companyShortName":"微创","companyLogo":"i/image/M00/01/B2/Cgp3O1Zzr9GAdpGkAAAWW2BuXJc040.png","salary":"5k-10k","industryField":"移动互联网,电子商务","district":null,"companyLabelList":["年底双薪","节日礼物","技能培训","免费班车"],"positionAdvantage":"加入最优秀团队，六险一金，年假，年终奖","jobNature":"全职","workYear":"不限","approve":0,"score":0,"companySize":"2000人以上","businessZones":null,"imState":"disabled","lastLogin":1472551727000,"publisherId":2618434,"explain":null,"plus":null,"pcShow":0,"appShow":0,"deliver":0,"gradeDescription":null,"companyFullName":"上海微创软件股份有限公司北京分公司","adWord":0},{"formatCreateTime":"2016-08-15","createTime":"2016-08-15 11:36:13","companyId":25317,"positionName":"C++ 北京","education":"本科","city":"北京","positionId":2171601,"financeStage":"上市公司","companyShortName":"金证股份","companyLogo":"image1/M00/00/34/Cgo8PFTUXJOAMEEpAAAroeFn454603.jpg","salary":"13k-18k","industryField":"金融","district":null,"companyLabelList":["激情的团队","股票期权","努力变大牛","有舞台给您跳"],"positionAdvantage":"上市公司，证券行业","jobNature":"全职","workYear":"3-5年","approve":1,"score":0,"companySize":"2000人以上","businessZones":null,"imState":"today","lastLogin":1472573446000,"publisherId":5715150,"explain":null,"plus":null,"pcShow":0,"appShow":0,"deliver":0,"gradeDescription":null,"companyFullName":"深圳市金证科技股份有限公司","adWord":0},{"formatCreateTime":"2016-08-15","createTime":"2016-08-15 11:10:23","companyId":7508,"positionName":"C/C++搜索引擎开发","education":"大专","city":"北京","positionId":903595,"financeStage":"成长型(不需要融资)","companyShortName":"一网全城","companyLogo":"image1/M00/00/10/Cgo8PFTUWCyAB2kfAAB0JsN_v7E261.jpg","salary":"15k-20k","industryField":"电子商务","district":"朝阳区","companyLabelList":["五险一金","扁平管理","节日礼物","领导好"],"positionAdvantage":"区域电商，政府支持，创业团队，氛围愉快","jobNature":"全职","workYear":"1-3年","approve":1,"score":0,"companySize":"150-500人","businessZones":["双井","南磨房","劲松"],"imState":"disabled","lastLogin":1471230579000,"publisherId":86678,"explain":null,"plus":null,"pcShow":0,"appShow":0,"deliver":0,"gradeDescription":null,"companyFullName":"吉林市统泰一网全城电子商务有限公司","adWord":0},{"formatCreateTime":"2016-08-15","createTime":"2016-08-15 10:50:41","companyId":8332,"positionName":"Linux C/C++开发工程师","education":"本科","city":"北京","positionId":1882156,"financeStage":"上市公司","companyShortName":"任子行","companyLogo":"image1/M00/38/6F/CgYXBlWl0HSAFVzWAABLcPjLxCc226.jpg","salary":"15k-20k","industryField":"移动互联网","district":"朝阳区","companyLabelList":["年终奖金","绩效奖金","年度旅游","美女多"],"positionAdvantage":"上市公司 股权激励 年终奖","jobNature":"全职","workYear":"3-5年","approve":1,"score":0,"companySize":"500-2000人","businessZones":["马甸","北太平庄","健翔桥"],"imState":"disabled","lastLogin":1472460803000,"publisherId":5177327,"explain":null,"plus":null,"pcShow":0,"appShow":0,"deliver":0,"gradeDescription":null,"companyFullName":"任子行网络技术股份有限公司","adWord":0},{"formatCreateTime":"2016-08-15","createTime":"2016-08-15 10:48:09","companyId":139761,"positionName":"C++","education":"本科","city":"北京","positionId":2201518,"financeStage":"初创型(不需要融资)","companyShortName":"天鹏国际","companyLogo":"i/image/M00/46/DD/CgqKkVeNzseAOOSzAAAOGzR92OM962.jpg","salary":"8k-16k","industryField":"其他","district":"朝阳区","companyLabelList":null,"positionAdvantage":"中法合资,带薪培训,高补贴","jobNature":"全职","workYear":"1-3年","approve":0,"score":0,"companySize":"15-50人","businessZones":null,"imState":"today","lastLogin":1472567934000,"publisherId":5696857,"explain":null,"plus":null,"pcShow":0,"appShow":0,"deliver":0,"gradeDescription":null,"companyFullName":"深圳市天鹏国际货运代理有限公司","adWord":0},{"formatCreateTime":"2016-08-15","createTime":"2016-08-15 10:45:16","companyId":718,"positionName":"Python/C++ 后端开发工程师","education":"本科","city":"北京","positionId":2236644,"financeStage":"上市公司","companyShortName":"腾讯","companyLogo":"image1/M00/10/F6/Cgo8PFT_8gyAHE_VAACEHkeY0jo769.jpg","salary":"15k-25k","industryField":"移动互联网","district":null,"companyLabelList":["节日礼物","技能培训","免费娱乐设施","岗位晋升"],"positionAdvantage":"腾讯财经后台高级开发工程师","jobNature":"全职","workYear":"3-5年","approve":1,"score":0,"companySize":"2000人以上","businessZones":null,"imState":"today","lastLogin":1472521664000,"publisherId":2347937,"explain":null,"plus":null,"pcShow":0,"appShow":0,"deliver":0,"gradeDescription":null,"companyFullName":"腾讯科技(北京)有限公司","adWord":0},{"formatCreateTime":"2016-08-15","createTime":"2016-08-15 10:30:55","companyId":82689,"positionName":"C++","education":"本科","city":"北京","positionId":1083579,"financeStage":"成长型(B轮)","companyShortName":"PICA8","companyLogo":"image1/M00/38/0A/Cgo8PFWkojGAPDG1AABUFnnOE-g426.jpg?cc=0.9245518406387419","salary":"13k-26k","industryField":"移动互联网,数据服务","district":"海淀区","companyLabelList":["年底双薪","股票期权","带薪年假","绩效奖金"],"positionAdvantage":"标准的五险一金领导好学院式的管理风格","jobNature":"全职","workYear":"1-3年","approve":1,"score":0,"companySize":"50-150人","businessZones":["中关村","知春路","双榆树"],"imState":"sevenDays","lastLogin":1472175517000,"publisherId":2027441,"explain":null,"plus":null,"pcShow":0,"appShow":0,"deliver":0,"gradeDescription":null,"companyFullName":"北京品科技术有限公司","adWord":0},{"formatCreateTime":"2016-08-15","createTime":"2016-08-15 10:27:31","companyId":57386,"positionName":"C#","education":"大专","city":"北京","positionId":1538978,"financeStage":"初创型(未融资)","companyShortName":"春草软件","companyLogo":"image1/M00/13/4D/Cgo8PFUGVLeAOgS2AABuarHdhPU253.jpg","salary":"8k-15k","industryField":"医疗健康","district":"海淀区","companyLabelList":null,"positionAdvantage":"带薪年假、员工体检、五险、做五休二","jobNature":"全职","workYear":"不限","approve":1,"score":0,"companySize":"15-50人","businessZones":["上地","马连洼","颐和园"],"imState":"disabled","lastLogin":1471491997000,"publisherId":1447930,"explain":null,"plus":null,"pcShow":0,"appShow":0,"deliver":0,"gradeDescription":null,"companyFullName":"北京春草软件科技有限责任公司","adWord":0}]}},"code":0}