{"msg":null,"resubmitToken":null,"success":true,"requestId":null,"content":{"pageNo":56,"pageSize":15,"positionResult":{"totalCount":1236,"resultSize":15,"locationInfo":{"city":"北京","district":null,"locationCode":null,"businessZone":null,"queryByGisCode":false},"queryAnalysisInfo":{"positionName":"c","companyName":null,"usefulCompany":false,"industryName":null},"strategyProperty":{"name":"dm-csearch-newSimScorer","id":1},"result":[{"companyId":71042,"formatCreateTime":"2016-08-15","score":0,"positionId":1392293,"positionName":"C++中级研发工程师（OSG或QGIS方向）","createTime":"2016-08-15 14:29:48","positionAdvantage":"五险一金、大咖牛人、军工背景","salary":"10k-18k","approve":0,"workYear":"1-3年","education":"大专","city":"北京","companyLogo":"i/image/M00/00/CA/Cgp3O1ZVnOOAUlhAAABlmwogUjM241.jpg","jobNature":"全职","industryField":"企业服务,数据服务","companyShortName":"北京德馨同创科技发展有限公司","financeStage":"成长型(不需要融资)","companySize":"50-150人","companyLabelList":["技能培训","绩效奖金","年度旅游","岗位晋升"],"district":"海淀区","businessZones":["马连洼","颐和园"],"imState":"disabled","lastLogin":1471242430000,"publisherId":2281974,"explain":null,"plus":null,"pcShow":0,"appShow":0,"deliver":0,"gradeDescription":null,"companyFullName":"北京德馨同创科技发展有限责任公司","adWord":0},{"companyId":5323,"formatCreateTime":"2016-08-15","score":0,"positionId":1359143,"positionName":"Linux C开发（网络编程 高级）","createTime":"2016-08-15 13:46:46","positionAdvantage":"全额五险一金 1年3次带薪旅游","salary":"8k-16k","approve":0,"workYear":"1-3年","education":"本科","city":"北京","companyLogo":"image2/M00/04/06/CgqLKVXv_QqABhLUAAAIz5ccW1g839.jpg","jobNature":"全职","industryField":"企业服务","companyShortName":"天元特通","financeStage":"成长型(B轮)","companySize":"50-150人","companyLabelList":["节日礼物","技能培训","绩效奖金","年度旅游"],"district":"朝阳区","businessZones":["小关","安慧桥","安贞"],"imState":"today","lastLogin":1472519307000,"publisherId":1568333,"explain":null,"plus":null,"pcShow":0,"appShow":0,"deliver":0,"gradeDescription":null,"companyFullName":"北京天元特通科技有限公司","adWord":0},{"companyId":8332,"formatCreateTime":"2016-08-15","score":0,"positionId":1927233,"positionName":"Linux C/C++ 开发工程师","createTime":"2016-08-15 10:50:33","positionAdvantage":"上市公司 股权激励 年终奖","salary":"8k-10k","approve":1,"workYear":"1-3年","education":"本科","city":"北京","companyLogo":"image1/M00/38/6F/CgYXBlWl0HSAFVzWAABLcPjLxCc226.jpg","jobNature":"全职","industryField":"移动互联网","companyShortName":"任子行","financeStage":"上市公司","companySize":"500-2000人","companyLabelList":["年终奖金","绩效奖金","年度旅游","美女多"],"district":"朝阳区","businessZones":["马甸","北太平庄","健翔桥"],"imState":"disabled","lastLogin":1472460803000,"publisherId":5177327,"explain":null,"plus":null,"pcShow":0,"appShow":0,"deliver":0,"gradeDescription":null,"companyFullName":"任子行网络技术股份有限公司","adWord":0},{"companyId":21372,"formatCreateTime":"2016-08-15","score":0,"positionId":646601,"positionName":"C程序员","createTime":"2016-08-15 09:51:45","positionAdvantage":"五险一金","salary":"8k-14k","approve":1,"workYear":"1-3年","education":"本科","city":"北京","companyLogo":"i/image/M00/2B/18/CgqKkVcz85aAUyt4AAAnh1HgHtQ724.jpg","jobNature":"全职","industryField":"生活服务","companyShortName":"搜房网","financeStage":"上市公司","companySize":"2000人以上","companyLabelList":["股票期权","带薪年假","绩效奖金","午餐补助"],"district":"丰台区","businessZones":["世界公园","科技园区","看丹桥"],"imState":"disabled","lastLogin":1472521449000,"publisherId":1595150,"explain":null,"plus":null,"pcShow":0,"appShow":0,"deliver":0,"gradeDescription":null,"companyFullName":"北京搜房网络技术有限公司","adWord":0},{"companyId":138823,"formatCreateTime":"2016-08-15","score":0,"positionId":2235590,"positionName":"量化平台开发工程师&nbsp;（C++）","createTime":"2016-08-15 09:22:08","positionAdvantage":"业绩提成、员工体检、员工旅游、午餐补助","salary":"18k-30k","approve":0,"workYear":"不限","education":"不限","city":"北京","companyLogo":"i/image/M00/44/94/CgqKkVeF7UqATaXIAAALtNDof3Q414.jpg","jobNature":"全职","industryField":"金融","companyShortName":"华勤投资","financeStage":"初创型(不需要融资)","companySize":"15-50人","companyLabelList":null,"district":null,"businessZones":null,"imState":"disabled","lastLogin":1472172574000,"publisherId":5638861,"explain":null,"plus":null,"pcShow":0,"appShow":0,"deliver":0,"gradeDescription":null,"companyFullName":"华勤投资有限公司","adWord":0},{"companyId":61585,"formatCreateTime":"2016-08-14","score":0,"positionId":2177812,"positionName":"C/C++ 开发工程师 【老牌企业、军工项目】","createTime":"2016-08-14 18:21:18","positionAdvantage":"五险一金、补充医疗、通讯补助、餐补","salary":"10k-20k","approve":0,"workYear":"1-3年","education":"本科","city":"北京","companyLogo":"image2/M00/06/35/CgpzWlX5MfaAbAmjAAAW-dqhFZw807.jpg?cc=0.9672677288763225","jobNature":"全职","industryField":"企业服务,数据服务","companyShortName":"海基科技","financeStage":"成长型(不需要融资)","companySize":"150-500人","companyLabelList":["技能培训","带薪年假","扁平管理","领导好"],"district":null,"businessZones":null,"imState":"disabled","lastLogin":1472522281000,"publisherId":2599099,"explain":null,"plus":null,"pcShow":0,"appShow":0,"deliver":0,"gradeDescription":null,"companyFullName":"北京海基嘉盛科技有限公司","adWord":0},{"companyId":280,"formatCreateTime":"2016-08-14","score":0,"positionId":1661158,"positionName":"C++研发工程师","createTime":"2016-08-14 16:27:17","positionAdvantage":"平台大，福利好（年底双薪、健身房等）","salary":"15k-25k","approve":1,"workYear":"3-5年","education":"大专","city":"北京","companyLogo":"image2/M00/03/0F/CgpzWlXtI2KANowdAAAvdtLPVb4516.jpg","jobNature":"全职","industryField":"移动互联网,游戏","companyShortName":"畅游","financeStage":"上市公司","companySize":"2000人以上","companyLabelList":["节日礼物","技能培训","带薪年假","岗位晋升"],"district":"石景山区","businessZones":["八角","古城","杨庄"],"imState":"disabled","lastLogin":1471582490000,"publisherId":4697845,"explain":null,"plus":null,"pcShow":0,"appShow":0,"deliver":0,"gradeDescription":null,"companyFullName":"北京畅游天下网络技术有限公司","adWord":0},{"companyId":4094,"formatCreateTime":"2016-08-13","score":0,"positionId":2234169,"positionName":"C","createTime":"2016-08-13 13:39:12","positionAdvantage":"职位诱惑 : 整体负责后台业务，待遇丰厚","salary":"15k-30k","approve":0,"workYear":"不限","education":"本科","city":"北京","companyLogo":"image1/M00/00/0A/Cgo8PFTUWBWAPNcQAACRZ46h_Ic247.jpg","jobNature":"全职","industryField":"移动互联网","companyShortName":"爱唱","financeStage":"成长型(A轮)","companySize":"15-50人","companyLabelList":["股票期权","年底双薪","五险一金","通讯津贴"],"district":"海淀区","businessZones":["中关村","人民大学"],"imState":"disabled","lastLogin":1472275605000,"publisherId":4056798,"explain":null,"plus":null,"pcShow":0,"appShow":0,"deliver":0,"gradeDescription":null,"companyFullName":"北京星辉点点科技有限公司","adWord":0},{"companyId":19625,"formatCreateTime":"2016-08-12","score":0,"positionId":2233653,"positionName":"Senior Software Engineer高级软件工程师---C++","createTime":"2016-08-12 22:14:16","positionAdvantage":"班车覆盖全北京市 美资世界500强 医疗行业","salary":"15k-30k","approve":0,"workYear":"3-5年","education":"本科","city":"北京","companyLogo":"image1/M00/00/24/CgYXBlTUWH2ACOxkAAA2PKw155E506.jpg","jobNature":"全职","industryField":"医疗健康,信息安全","companyShortName":"GE Healthcare","financeStage":"上市公司","companySize":"2000人以上","companyLabelList":["技能培训","免费班车","管理规范"],"district":"大兴区","businessZones":["亦庄"],"imState":"overSevenDays","lastLogin":1471962847000,"publisherId":5881168,"explain":null,"plus":null,"pcShow":0,"appShow":0,"deliver":0,"gradeDescription":null,"companyFullName":"GE通用电气","adWord":0},{"companyId":92555,"formatCreateTime":"2016-08-12","score":0,"positionId":2198347,"positionName":"C++开发工程师","createTime":"2016-08-12 13:17:18","positionAdvantage":"A股上市公司、六险一金、一日三餐免费自助","salary":"10k-20k","approve":0,"workYear":"不限","education":"本科","city":"北京","companyLogo":"image2/M00/00/97/CgpzWlXew-CAD6YaAAAUClpj-RI689.jpg?cc=0.5984917539171875","jobNature":"全职","industryField":"其他","companyShortName":"信威集团","financeStage":"上市公司","companySize":"500-2000人","companyLabelList":["年底双薪","股票期权","专项奖金","带薪年假"],"district":"海淀区","businessZones":["西北旺","上地","马连洼"],"imState":"disabled","lastLogin":1471862130000,"publisherId":2396038,"explain":null,"plus":null,"pcShow":0,"appShow":0,"deliver":0,"gradeDescription":null,"companyFullName":"北京信威通信技术股份有限公司","adWord":0},{"companyId":101014,"formatCreateTime":"2016-08-12","score":0,"positionId":2230594,"positionName":"C#","createTime":"2016-08-12 12:37:02","positionAdvantage":"环境好、技术大牛、项目好、职位晋升空间大","salary":"15k-30k","approve":0,"workYear":"3-5年","education":"大专","city":"北京","companyLogo":"i/image/M00/03/49/Cgp3O1azBWeATfepAAASwcbK7xE329.jpg","jobNature":"全职","industryField":"移动互联网,金融","companyShortName":"银谷","financeStage":"成熟型(不需要融资)","companySize":"2000人以上","companyLabelList":["节日礼物","专项奖金","带薪年假","绩效奖金"],"district":"朝阳区","businessZones":["朝阳门","朝外","东四"],"imState":"disabled","lastLogin":1472546875000,"publisherId":5882801,"explain":null,"plus":null,"pcShow":0,"appShow":0,"deliver":0,"gradeDescription":null,"companyFullName":"东方银谷（北京）投资管理有限公司","adWord":0},{"companyId":3866,"formatCreateTime":"2016-08-12","score":0,"positionId":2118389,"positionName":"C++高级开发工程师","createTime":"2016-08-12 12:04:48","positionAdvantage":"大数据","salary":"15k-20k","approve":1,"workYear":"1-3年","education":"本科","city":"北京","companyLogo":"i/image/M00/2B/98/Cgp3O1c1ZdaAIjU3AAA7TsArYD4046.PNG","jobNature":"全职","industryField":"移动互联网,招聘","companyShortName":"联想利泰","financeStage":"初创型(未融资)","companySize":"500-2000人","companyLabelList":["节日礼物","带薪年假","岗位晋升","领导好"],"district":"海淀区","businessZones":null,"imState":"today","lastLogin":1472527519000,"publisherId":4673141,"explain":null,"plus":null,"pcShow":0,"appShow":0,"deliver":0,"gradeDescription":null,"companyFullName":"北京联想利泰软件有限公司","adWord":0},{"companyId":82706,"formatCreateTime":"2016-08-12","score":0,"positionId":2230211,"positionName":"C#开发工程师","createTime":"2016-08-12 11:34:36","positionAdvantage":"技术合伙人","salary":"8k-15k","approve":0,"workYear":"3-5年","education":"本科","city":"北京","companyLogo":"image1/M00/38/11/CgYXBlWkrF2AeMVyAAAy3Pkmy3E980.png?cc=0.5388247725482668","jobNature":"全职","industryField":"移动互联网,医疗健康","companyShortName":"正远科技","financeStage":"初创型(不需要融资)","companySize":"15-50人","companyLabelList":["年底双薪","专项奖金","带薪年假","绩效奖金"],"district":"海淀区","businessZones":["上地","西二旗","马连洼"],"imState":"disabled","lastLogin":1471234895000,"publisherId":770784,"explain":null,"plus":null,"pcShow":0,"appShow":0,"deliver":0,"gradeDescription":null,"companyFullName":"北京中兴正远科技有限公司","adWord":0},{"companyId":123777,"formatCreateTime":"2016-08-12","score":0,"positionId":1912305,"positionName":"C++西二旗","createTime":"2016-08-12 11:14:14","positionAdvantage":"优秀团队，办公环境优美，大神带你飞","salary":"10k-15k","approve":0,"workYear":"1-3年","education":"本科","city":"北京","companyLogo":"i/image/M00/2E/03/CgqKkVc9jmCAI8DpAAD09YLPnBk157.png","jobNature":"全职","industryField":"电子商务,企业服务","companyShortName":"通力互联","financeStage":"成熟型(不需要融资)","companySize":"2000人以上","companyLabelList":["绩效奖金","交通补助","定期体检","通讯津贴"],"district":"海淀区","businessZones":["西二旗","龙泽","回龙观"],"imState":"today","lastLogin":1472566881000,"publisherId":5095344,"explain":null,"plus":null,"pcShow":0,"appShow":0,"deliver":0,"gradeDescription":null,"companyFullName":"北京通力互联技术服务有限公司","adWord":0},{"companyId":134716,"formatCreateTime":"2016-08-12","score":0,"positionId":2229933,"positionName":"c#研发工程师","createTime":"2016-08-12 11:07:07","positionAdvantage":"双休,五险一金,员工旅游,高温补贴","salary":"10k-15k","approve":0,"workYear":"1-3年","education":"本科","city":"北京","companyLogo":"i/image/M00/41/BF/CgqKkVd9uzmADKdBAAAO5Pohjeo682.png","jobNature":"全职","industryField":"移动互联网,电子商务","companyShortName":"达顺昌盛","financeStage":"初创型(未融资)","companySize":"15-50人","companyLabelList":null,"district":"海淀区","businessZones":null,"imState":"disabled","lastLogin":1472181407000,"publisherId":5374291,"explain":null,"plus":null,"pcShow":0,"appShow":0,"deliver":0,"gradeDescription":null,"companyFullName":"北京达顺昌盛技术有限公司","adWord":0}]}},"code":0}