{"resubmitToken":null,"success":true,"requestId":null,"msg":null,"content":{"pageNo":6,"pageSize":15,"positionResult":{"totalCount":1236,"resultSize":15,"locationInfo":{"city":"北京","district":null,"businessZone":null,"queryByGisCode":false,"locationCode":null},"queryAnalysisInfo":{"positionName":"c","companyName":null,"industryName":null,"usefulCompany":false},"strategyProperty":{"name":"dm-csearch-newSimScorer","id":1},"result":[{"companyId":18453,"positionName":"高级软件工程师（C++）","workYear":"5-10年","education":"本科","jobNature":"全职","createTime":"2016-08-30 13:03:27","companyShortName":"中体彩科技发展有限公司","positionId":2213427,"salary":"15k-25k","approve":1,"city":"北京","positionAdvantage":"弹性工作 补充保险 活动丰富 地体附近","companyLogo":"i/image/M00/3E/AA/CgqKkVd08bKACmHuAAA_rri0itw880.jpg","industryField":"移动互联网,电子商务","companyLabelList":["五险一金","通讯津贴","带薪年假","免费班车"],"financeStage":"成长型(不需要融资)","district":"朝阳区","score":0,"companySize":"150-500人","companyFullName":"中体彩科技发展有限公司","adWord":0,"formatCreateTime":"13:03发布","imState":"sevenDays","lastLogin":1472029986000,"publisherId":5853323,"explain":null,"plus":null,"pcShow":0,"appShow":0,"deliver":0,"gradeDescription":null,"businessZones":["劲松","南磨房"]},{"companyId":114494,"positionName":"C++服务器端开发","workYear":"3-5年","education":"本科","jobNature":"全职","createTime":"2016-08-30 11:33:44","companyShortName":"trustdata","positionId":1778063,"salary":"15k-30k","approve":0,"city":"北京","positionAdvantage":"6险一金 弹性工作 5A办公区 班车接送","companyLogo":"i/image/M00/03/B9/Cgp3O1bC1J-AOWIqAACOEUDAfD0722.jpg","industryField":"数据服务,移动互联网","companyLabelList":["年底双薪","绩效奖金","股票期权","带薪年假"],"financeStage":"成长型(A轮)","district":"朝阳区","score":0,"companySize":"15-50人","companyFullName":"北京麒麟心通网络技术有限公司","adWord":0,"formatCreateTime":"11:33发布","imState":"disabled","lastLogin":1472527716000,"publisherId":4857047,"explain":null,"plus":null,"pcShow":0,"appShow":0,"deliver":0,"gradeDescription":null,"businessZones":["大山子","望京","酒仙桥"]},{"companyId":78649,"positionName":"C++ 高级软件工程师","workYear":"3-5年","education":"本科","jobNature":"全职","createTime":"2016-08-30 11:22:20","companyShortName":"龙浩通信","positionId":818578,"salary":"12k-16k","approve":1,"city":"北京","positionAdvantage":"国企非外包,名校硕博团队,双休年假食堂地铁","companyLogo":"image1/M00/45/D5/CgYXBlXeuFiAKtV3AAAWg0Y9Mu8086.PNG","industryField":"企业服务,数据服务","companyLabelList":["内部食堂","定期体检","五险一金","国企非外包"],"financeStage":"成长型(不需要融资)","district":"海淀区","score":0,"companySize":"50-150人","companyFullName":"龙浩通信公司","adWord":0,"formatCreateTime":"11:22发布","imState":"today","lastLogin":1472535934000,"publisherId":1993872,"explain":null,"plus":null,"pcShow":0,"appShow":0,"deliver":0,"gradeDescription":null,"businessZones":["西苑","颐和园"]},{"companyId":42680,"positionName":"C/C++ 软件工程师 （实习）","workYear":"不限","education":"本科","jobNature":"实习","createTime":"2016-08-30 10:56:51","companyShortName":"SmartX","positionId":2108932,"salary":"3k-6k","approve":1,"city":"北京","positionAdvantage":"高速发展，工程师文化","companyLogo":"i/image/M00/00/AE/CgqKkVZSyWaAcfE7AAAxflCqtSU272.png","industryField":"数据服务","companyLabelList":["股票期权","扁平管理","五险一金","午餐补助"],"financeStage":"成长型(A轮)","district":"海淀区","score":0,"companySize":"15-50人","companyFullName":"北京志凌海纳科技有限公司","adWord":0,"formatCreateTime":"10:56发布","imState":"today","lastLogin":1472569167000,"publisherId":801571,"explain":null,"plus":null,"pcShow":0,"appShow":0,"deliver":0,"gradeDescription":null,"businessZones":["中关村","知春路","双榆树"]},{"companyId":29496,"positionName":"产品经理【c端用户事业部】","workYear":"1-3年","education":"本科","jobNature":"全职","createTime":"2016-08-30 10:56:37","companyShortName":"闪银奇异","positionId":2092411,"salary":"10k-20k","approve":1,"city":"北京","positionAdvantage":"六险一金 补充医疗 自助午餐 年度体检","companyLogo":"image1/M00/00/41/Cgo8PFTUXMuAeMAuAABAtFBcbOM313.png","industryField":"移动互联网,金融","companyLabelList":["13~15薪","晋升空间大","定期体检","能力定薪"],"financeStage":"成长型(B轮)","district":"朝阳区","score":0,"companySize":"150-500人","companyFullName":"北京闪银奇异科技有限公司","adWord":0,"formatCreateTime":"10:56发布","imState":"disabled","lastLogin":1472548788000,"publisherId":410602,"explain":null,"plus":null,"pcShow":0,"appShow":0,"deliver":0,"gradeDescription":null,"businessZones":["团结湖","朝阳公园","三里屯"]},{"companyId":3038,"positionName":"C#开发工程师（高级）","workYear":"3-5年","education":"本科","jobNature":"全职","createTime":"2016-08-30 10:52:49","companyShortName":"Gridsum 国双","positionId":1638540,"salary":"13k-25k","approve":1,"city":"北京","positionAdvantage":"六险一金、弹性工作、奖金丰厚、技术牛人多","companyLogo":"image1/M00/00/08/Cgo8PFTUWA-AdaTRAAA79zuDOBc464.jpg","industryField":"数据服务","companyLabelList":["年度旅游","节日礼物","年底双薪","带薪年假"],"financeStage":"成熟型(C轮)","district":"海淀区","score":0,"companySize":"500-2000人","companyFullName":"北京国双科技有限公司","adWord":0,"formatCreateTime":"10:52发布","imState":"today","lastLogin":1472556751000,"publisherId":1314138,"explain":null,"plus":null,"pcShow":0,"appShow":0,"deliver":0,"gradeDescription":null,"businessZones":["中关村","知春路","双榆树"]},{"companyId":104601,"positionName":"核心服务研发工程师(go/java/c)","workYear":"1-3年","education":"本科","jobNature":"全职","createTime":"2016-08-30 10:38:52","companyShortName":"百度外卖","positionId":2227759,"salary":"15k-30k","approve":0,"city":"北京","positionAdvantage":"O2O，并发高，数据量大","companyLogo":"image2/M00/13/09/CgpzWlY5nAyATp-rAABoQyerlBE060.jpg?cc=0.10944942501373589","industryField":"O2O,生活服务","companyLabelList":["带薪年假","岗位晋升","领导好","通讯津贴"],"financeStage":"成长型(B轮)","district":null,"score":0,"companySize":"500-2000人","companyFullName":"百度外卖","adWord":0,"formatCreateTime":"10:38发布","imState":"today","lastLogin":1472524615000,"publisherId":3740807,"explain":null,"plus":null,"pcShow":0,"appShow":0,"deliver":0,"gradeDescription":null,"businessZones":null},{"companyId":68153,"positionName":"C++后台服务器框架开发","workYear":"1年以下","education":"本科","jobNature":"全职","createTime":"2016-08-30 10:38:31","companyShortName":"星动乐创","positionId":1025287,"salary":"5k-10k","approve":0,"city":"北京","positionAdvantage":"周末双休 五险一金 餐补 公司环境好","companyLogo":"i/image/M00/02/C5/CgqKkVacYl-ATw_kAAAR7wzmoDQ130.jpg","industryField":"移动互联网","companyLabelList":["节日礼物","绩效奖金","岗位晋升","管理规范"],"financeStage":"初创型(未融资)","district":null,"score":0,"companySize":"15-50人","companyFullName":"北京星动乐创科技有限公司","adWord":0,"formatCreateTime":"10:38发布","imState":"disabled","lastLogin":1472537117000,"publisherId":1662437,"explain":null,"plus":null,"pcShow":0,"appShow":0,"deliver":0,"gradeDescription":null,"businessZones":null},{"companyId":114106,"positionName":"C++","workYear":"3-5年","education":"大专","jobNature":"全职","createTime":"2016-08-30 10:30:56","companyShortName":"交互工场","positionId":2303662,"salary":"8k-15k","approve":0,"city":"北京","positionAdvantage":"福利优厚、期权奖励、五险一金、工作餐","companyLogo":"i/image/M00/03/8E/CgqKkVbBRJeAUKvcAAAKPqLFya4407.png","industryField":"移动互联网","companyLabelList":["年底双薪","股票期权","年终分红","带薪年假"],"financeStage":"初创型(不需要融资)","district":"海淀区","score":0,"companySize":"少于15人","companyFullName":"北京交互工场科技有限公司","adWord":0,"formatCreateTime":"10:30发布","imState":"today","lastLogin":1472543712000,"publisherId":3828712,"explain":null,"plus":null,"pcShow":0,"appShow":0,"deliver":0,"gradeDescription":null,"businessZones":["五道口","清华大学","中关村"]},{"companyId":62802,"positionName":"C++","workYear":"3-5年","education":"本科","jobNature":"全职","createTime":"2016-08-30 10:29:43","companyShortName":"灵伴科技","positionId":1579206,"salary":"13k-25k","approve":1,"city":"北京","positionAdvantage":"五险一金+14薪，技术大牛团队，咖啡零食。","companyLogo":"image2/M00/0C/F9/CgpzWlYd8qaACMsrAAAYIbXkEHQ414.png","industryField":"移动互联网,硬件","companyLabelList":["股票期权","绩效奖金","年度旅游","帅哥多"],"financeStage":"成长型(B轮)","district":"海淀区","score":0,"companySize":"15-50人","companyFullName":"北京灵伴未来科技有限公司","adWord":0,"formatCreateTime":"10:29发布","imState":"today","lastLogin":1472551673000,"publisherId":1464141,"explain":null,"plus":null,"pcShow":0,"appShow":0,"deliver":0,"gradeDescription":null,"businessZones":["五道口","学院路","北航"]},{"companyId":8103,"positionName":"Linux C/C++","workYear":"3-5年","education":"本科","jobNature":"全职","createTime":"2016-08-30 10:28:44","companyShortName":"汽车之家","positionId":1409694,"salary":"15k-25k","approve":1,"city":"北京","positionAdvantage":"福利待遇好 零食水果饮料不限","companyLogo":"i/image/M00/01/80/CgqKkVZuPraAN3O6AACFeBgN7dY620.jpg","industryField":"移动互联网,文化娱乐","companyLabelList":["技能培训","节日礼物","带薪年假","绩效奖金"],"financeStage":"上市公司","district":"海淀区","score":0,"companySize":"2000人以上","companyFullName":"北京车之家信息技术有限公司","adWord":0,"formatCreateTime":"10:28发布","imState":"today","lastLogin":1472551384000,"publisherId":3719299,"explain":null,"plus":null,"pcShow":0,"appShow":0,"deliver":0,"gradeDescription":null,"businessZones":["中关村","苏州街","苏州桥"]},{"companyId":57043,"positionName":"流媒体服务端开发工程师（C/C++方向）","workYear":"3-5年","education":"本科","jobNature":"全职","createTime":"2016-08-30 10:26:08","companyShortName":"阳光兔","positionId":2167449,"salary":"15k-25k","approve":0,"city":"北京","positionAdvantage":"五险一金，上班时间弹性","companyLogo":"i/image/M00/35/17/CgqKkVdXzK-AQAX-AAD137T90wc470.jpg","industryField":"移动互联网,教育","companyLabelList":["技能培训","年底双薪","节日礼物","绩效奖金"],"financeStage":"初创型(天使轮)","district":"朝阳区","score":0,"companySize":"50-150人","companyFullName":"阳光兔（北京）科技有限公司","adWord":0,"formatCreateTime":"10:26发布","imState":"disabled","lastLogin":1472548151000,"publisherId":2170494,"explain":null,"plus":null,"pcShow":0,"appShow":0,"deliver":0,"gradeDescription":null,"businessZones":["大望路","华贸","百子湾"]},{"companyId":3866,"positionName":"C#-OA主管-五道口","workYear":"3-5年","education":"本科","jobNature":"全职","createTime":"2016-08-30 10:21:20","companyShortName":"联想利泰","positionId":2303541,"salary":"10k-15k","approve":1,"city":"北京","positionAdvantage":"五险一金 不加班 餐补 员工福利","companyLogo":"i/image/M00/2B/98/Cgp3O1c1ZdaAIjU3AAA7TsArYD4046.PNG","industryField":"移动互联网,招聘","companyLabelList":["节日礼物","带薪年假","岗位晋升","领导好"],"financeStage":"初创型(未融资)","district":"海淀区","score":0,"companySize":"500-2000人","companyFullName":"北京联想利泰软件有限公司","adWord":0,"formatCreateTime":"10:21发布","imState":"disabled","lastLogin":1472540425000,"publisherId":1654348,"explain":null,"plus":null,"pcShow":0,"appShow":0,"deliver":0,"gradeDescription":null,"businessZones":["中关村"]},{"companyId":53525,"positionName":"C#","workYear":"3-5年","education":"本科","jobNature":"全职","createTime":"2016-08-30 10:15:52","companyShortName":"停简单","positionId":2303466,"salary":"10k-20k","approve":1,"city":"北京","positionAdvantage":"五险一金 弹性工作 工作餐","companyLogo":"image1/M00/19/86/CgYXBlUZHvCAY-ZtAACnbt8-ZTM715.jpg","industryField":"移动互联网,O2O","companyLabelList":["节日礼物","股票期权","岗位晋升","扁平管理"],"financeStage":"成长型(A轮)","district":"海淀区","score":0,"companySize":"150-500人","companyFullName":"北京停简单信息技术有限公司","adWord":0,"formatCreateTime":"10:15发布","imState":"disabled","lastLogin":1472548734000,"publisherId":1523411,"explain":null,"plus":null,"pcShow":0,"appShow":0,"deliver":0,"gradeDescription":null,"businessZones":["五道口","中关村","清华大学"]},{"companyId":72439,"positionName":"C#","workYear":"1-3年","education":"大专","jobNature":"全职","createTime":"2016-08-30 10:14:43","companyShortName":"拓天速贷","positionId":2273640,"salary":"15k-30k","approve":1,"city":"北京","positionAdvantage":"环境良好","companyLogo":"image1/M00/36/37/CgYXBlWd5PKAHbfCAAAZDkvYvo4527.png","industryField":"金融","companyLabelList":["节日礼物","专项奖金","带薪年假","绩效奖金"],"financeStage":"成长型(不需要融资)","district":"丰台区","score":0,"companySize":"150-500人","companyFullName":"拓天伟业（北京）金融信息服务有限公司","adWord":0,"formatCreateTime":"10:14发布","imState":"today","lastLogin":1472523207000,"publisherId":2278100,"explain":null,"plus":null,"pcShow":0,"appShow":0,"deliver":0,"gradeDescription":null,"businessZones":["嘉园","马家堡","角门"]}]}},"code":0}