{"success":true,"requestId":null,"msg":null,"resubmitToken":null,"content":{"pageNo":61,"pageSize":15,"positionResult":{"resultSize":15,"totalCount":1236,"locationInfo":{"city":"北京","district":null,"queryByGisCode":false,"locationCode":null,"businessZone":null},"queryAnalysisInfo":{"positionName":"c","companyName":null,"usefulCompany":false,"industryName":null},"strategyProperty":{"name":"dm-csearch-newSimScorer","id":1},"result":[{"createTime":"2016-08-09 09:43:27","formatCreateTime":"2016-08-09","companyId":21372,"positionName":"C#高级工程师","workYear":"3-5年","education":"本科","jobNature":"全职","companyShortName":"搜房网","city":"北京","salary":"13k-25k","financeStage":"上市公司","positionId":1455640,"companyLogo":"i/image/M00/2B/18/CgqKkVcz85aAUyt4AAAnh1HgHtQ724.jpg","positionAdvantage":"福利待遇好，晋升空间大","approve":1,"district":"丰台区","score":0,"companyLabelList":["股票期权","带薪年假","绩效奖金","午餐补助"],"industryField":"生活服务","companySize":"2000人以上","imState":"today","lastLogin":1472548186000,"publisherId":78194,"explain":null,"plus":null,"pcShow":0,"appShow":0,"deliver":0,"gradeDescription":null,"businessZones":["世界公园","科技园区","看丹桥"],"companyFullName":"北京搜房网络技术有限公司","adWord":0},{"createTime":"2016-08-09 09:35:19","formatCreateTime":"2016-08-09","companyId":134716,"positionName":"c#研发工程师","workYear":"1-3年","education":"本科","jobNature":"全职","companyShortName":"达顺昌盛","city":"北京","salary":"10k-15k","financeStage":"初创型(未融资)","positionId":2211026,"companyLogo":"i/image/M00/41/BF/CgqKkVd9uzmADKdBAAAO5Pohjeo682.png","positionAdvantage":"双休，五险一金，员工旅游","approve":0,"district":"海淀区","score":0,"companyLabelList":null,"industryField":"移动互联网,电子商务","companySize":"15-50人","imState":"disabled","lastLogin":1472181407000,"publisherId":5374291,"explain":null,"plus":null,"pcShow":0,"appShow":0,"deliver":0,"gradeDescription":null,"businessZones":null,"companyFullName":"北京达顺昌盛技术有限公司","adWord":0},{"createTime":"2016-08-08 18:34:46","formatCreateTime":"2016-08-08","companyId":69393,"positionName":"C#软件工程师","workYear":"1-3年","education":"大专","jobNature":"全职","companyShortName":"汉能","city":"北京","salary":"6k-10k","financeStage":"上市公司","positionId":2210103,"companyLogo":"image1/M00/25/E8/Cgo8PFVTCHSAZVeiAABI0srpO6I116.png","positionAdvantage":"全额五险一金，双休，海外工作","approve":0,"district":"昌平区","score":0,"companyLabelList":["节日礼物","技能培训","绩效奖金","岗位晋升"],"industryField":"移动互联网,其他","companySize":"2000人以上","imState":"today","lastLogin":1472518827000,"publisherId":5872072,"explain":null,"plus":null,"pcShow":0,"appShow":0,"deliver":0,"gradeDescription":null,"businessZones":null,"companyFullName":"汉能控股集团","adWord":0},{"createTime":"2016-08-08 18:20:07","formatCreateTime":"2016-08-08","companyId":143068,"positionName":"C++工程师(windows客户端)","workYear":"1-3年","education":"本科","jobNature":"全职","companyShortName":"汇视科技","city":"北京","salary":"8k-15k","financeStage":"成熟型(C轮)","positionId":2210000,"companyLogo":"i/image/M00/4D/BE/Cgp3O1eoVqKAB9s0AAAYxFuq-JY573.jpg","positionAdvantage":"双休,五险一金,带薪年假,年度体检","approve":1,"district":"朝阳区","score":0,"companyLabelList":null,"industryField":"移动互联网","companySize":"15-50人","imState":"disabled","lastLogin":1471503196000,"publisherId":5870444,"explain":null,"plus":null,"pcShow":0,"appShow":0,"deliver":0,"gradeDescription":null,"businessZones":["大望路","华贸","百子湾"],"companyFullName":"汇视科技（北京）有限公司","adWord":0},{"createTime":"2016-08-08 18:14:36","formatCreateTime":"2016-08-08","companyId":6110,"positionName":"NET 开发工程师 C#","workYear":"1-3年","education":"本科","jobNature":"全职","companyShortName":"北京搜房科技发展有限公司","city":"北京","salary":"7k-13k","financeStage":"上市公司","positionId":554587,"companyLogo":"i/image/M00/30/EA/CgqKkVdIBY6ALxM_AACKdNN_NLs107.jpg","positionAdvantage":"五险一金、奖励奖金 正常14月月薪 上市企业","approve":1,"district":"丰台区","score":0,"companyLabelList":["岗位晋升","扁平管理","管理规范","领导好"],"industryField":"移动互联网,金融","companySize":"2000人以上","imState":"overSevenDays","lastLogin":1471843587000,"publisherId":1504844,"explain":null,"plus":null,"pcShow":0,"appShow":0,"deliver":0,"gradeDescription":null,"businessZones":["花乡","看丹桥"],"companyFullName":"北京搜房科技发展有限公司","adWord":0},{"createTime":"2016-08-08 17:49:05","formatCreateTime":"2016-08-08","companyId":134388,"positionName":"C#程序员","workYear":"1-3年","education":"大专","jobNature":"全职","companyShortName":"腾实信","city":"北京","salary":"8k-15k","financeStage":"上市公司","positionId":1961401,"companyLogo":"i/image/M00/37/3F/CgqKkVdfxdWAHoFxAABfaB7QCVM852.jpg","positionAdvantage":"高新企业 加班少","approve":0,"district":"海淀区","score":0,"companyLabelList":null,"industryField":"教育,移动互联网","companySize":"15-50人","imState":"disabled","lastLogin":1472088171000,"publisherId":5350653,"explain":null,"plus":null,"pcShow":0,"appShow":0,"deliver":0,"gradeDescription":null,"businessZones":["北太平庄","健翔桥","牡丹园"],"companyFullName":"北京腾实信科技股份有限公司","adWord":0},{"createTime":"2016-08-08 16:13:07","formatCreateTime":"2016-08-08","companyId":142949,"positionName":"C++","workYear":"1-3年","education":"本科","jobNature":"全职","companyShortName":"中国通号城轨公司","city":"北京","salary":"9k-18k","financeStage":"上市公司","positionId":2208805,"companyLogo":"i/image/M00/4D/A9/CgqKkVeoMhqAHSfDAACe4XsDZCg291.jpg","positionAdvantage":"带薪年假,交通补助,午餐补助","approve":1,"district":"丰台区","score":0,"companyLabelList":["带薪年假","定期体检","交通补助","午餐补助"],"industryField":"其他","companySize":"500-2000人","imState":"overSevenDays","lastLogin":1470895693000,"publisherId":5767673,"explain":null,"plus":null,"pcShow":0,"appShow":0,"deliver":0,"gradeDescription":null,"businessZones":["花乡","看丹桥"],"companyFullName":"北京通号国铁城市轨道技术有限公司","adWord":0},{"createTime":"2016-08-08 15:03:51","formatCreateTime":"2016-08-08","companyId":96928,"positionName":"C++高级软件工程师","workYear":"1-3年","education":"本科","jobNature":"全职","companyShortName":"数字太和","city":"北京","salary":"10k-20k","financeStage":"初创型(未融资)","positionId":1950850,"companyLogo":"image2/M00/07/57/CgqLKVX_YQCAfAQnAAB3MlnFmyY535.jpg?cc=0.9202011646702886","positionAdvantage":"五险一金,带薪年假,餐补,岗位培训,行业优势","approve":0,"district":null,"score":0,"companyLabelList":["技能培训","带薪年假","年度旅游","岗位晋升"],"industryField":"移动互联网","companySize":"50-150人","imState":"disabled","lastLogin":1470638854000,"publisherId":2638279,"explain":null,"plus":null,"pcShow":0,"appShow":0,"deliver":0,"gradeDescription":null,"businessZones":null,"companyFullName":"北京数字太和科技有限责任公司","adWord":0},{"createTime":"2016-08-08 14:39:58","formatCreateTime":"2016-08-08","companyId":131821,"positionName":"c/c++技术专家","workYear":"5-10年","education":"本科","jobNature":"全职","companyShortName":"北京思特奇企业","city":"北京","salary":"18k-30k","financeStage":"成熟型(不需要融资)","positionId":1891841,"companyLogo":"i/image/M00/30/C2/CgqKkVdHrzCAQu36AAATPc_TGU4430.jpg","positionAdvantage":"全额保险、项目奖金、7.5小时*5弹性工作制","approve":0,"district":"海淀区","score":0,"companyLabelList":null,"industryField":"电子商务,生活服务","companySize":"2000人以上","imState":"threeDays","lastLogin":1472435094000,"publisherId":3871869,"explain":null,"plus":null,"pcShow":0,"appShow":0,"deliver":0,"gradeDescription":null,"businessZones":["牡丹园","北太平庄","马甸"],"companyFullName":"南通诺代尔贸易有限公司","adWord":0},{"createTime":"2016-08-08 14:36:14","formatCreateTime":"2016-08-08","companyId":131996,"positionName":"C++高级工程师","workYear":"1-3年","education":"本科","jobNature":"全职","companyShortName":"麦哲科技","city":"北京","salary":"15k-20k","financeStage":"成长型(B轮)","positionId":2207732,"companyLogo":"i/image/M00/31/F1/Cgp3O1dM9-qAS5pJAAAOBBq4ERw989.jpg","positionAdvantage":"五险一金、弹性工作、优厚的福利待遇、","approve":1,"district":"海淀区","score":0,"companyLabelList":["绩效奖金","午餐补助","通讯津贴","交通补助"],"industryField":"硬件,其他","companySize":"50-150人","imState":"overSevenDays","lastLogin":1471837101000,"publisherId":5869643,"explain":null,"plus":null,"pcShow":0,"appShow":0,"deliver":0,"gradeDescription":null,"businessZones":["上地","西北旺","马连洼"],"companyFullName":"北京麦哲科技有限公司","adWord":0},{"createTime":"2016-08-08 13:52:20","formatCreateTime":"2016-08-08","companyId":37554,"positionName":"C++软件开发工程师","workYear":"3-5年","education":"本科","jobNature":"全职","companyShortName":"和利时","city":"北京","salary":"10k-18k","financeStage":"上市公司","positionId":2052634,"companyLogo":"i/image/M00/3E/50/Cgp3O1d0bU2AHerJAAAE1eRq3KE567.jpg","positionAdvantage":"全年15-16薪，免费班车，食堂，补充医疗","approve":1,"district":"大兴区","score":0,"companyLabelList":["技能培训","年底双薪","节日礼物","绩效奖金"],"industryField":"硬件","companySize":"2000人以上","imState":"disabled","lastLogin":1470875156000,"publisherId":669908,"explain":null,"plus":null,"pcShow":0,"appShow":0,"deliver":0,"gradeDescription":null,"businessZones":["亦庄"],"companyFullName":"北京和利时系统工程有限公司","adWord":0},{"createTime":"2016-08-08 11:53:32","formatCreateTime":"2016-08-08","companyId":12451,"positionName":"C#","workYear":"1-3年","education":"硕士","jobNature":"全职","companyShortName":"量邦科技","city":"北京","salary":"10k-15k","financeStage":"上市公司","positionId":2206574,"companyLogo":"i/image/M00/36/8F/Cgp3O1deLD6AEIzjAABBxws3XR8567.jpg","positionAdvantage":"五险一金、扁平管理、发展晋升空间","approve":0,"district":"海淀区","score":0,"companyLabelList":["技能培训","专项奖金","扁平管理","管理规范"],"industryField":"移动互联网","companySize":"50-150人","imState":"disabled","lastLogin":1471931833000,"publisherId":153007,"explain":null,"plus":null,"pcShow":0,"appShow":0,"deliver":0,"gradeDescription":null,"businessZones":["中关村","当代","人民大学"],"companyFullName":"量邦信息科技（北京）有限公司","adWord":0},{"createTime":"2016-08-08 11:45:59","formatCreateTime":"2016-08-08","companyId":130887,"positionName":"C++服务器开发","workYear":"1-3年","education":"本科","jobNature":"全职","companyShortName":"祖龙娱乐","city":"北京","salary":"15k-20k","financeStage":"成熟型(不需要融资)","positionId":2206476,"companyLogo":"i/image/M00/4A/75/Cgp3O1eawIuAdMmlAABKw_z-CZc364.png","positionAdvantage":"清华大神带你飞 免费下午茶无限喝","approve":0,"district":"东城区","score":0,"companyLabelList":["带薪年假","午餐补助","绩效奖金","定期体检"],"industryField":"游戏,移动互联网","companySize":"500-2000人","imState":"disabled","lastLogin":1470979833000,"publisherId":5786051,"explain":null,"plus":null,"pcShow":0,"appShow":0,"deliver":0,"gradeDescription":null,"businessZones":["和平里","雍和宫","安定门"],"companyFullName":"祖龙(天津)科技有限公司","adWord":0},{"createTime":"2016-08-08 11:28:28","formatCreateTime":"2016-08-08","companyId":79603,"positionName":"C++","workYear":"1-3年","education":"大专","jobNature":"全职","companyShortName":"博宏信息","city":"北京","salary":"10k-20k","financeStage":"成长型(不需要融资)","positionId":2206265,"companyLogo":"i/image/M00/03/48/CgqKkVay4kGAPp6pAAAoNijh3h4222.jpg","positionAdvantage":"福利待遇、帅哥如浮云","approve":1,"district":"朝阳区","score":0,"companyLabelList":["节日礼物","年底双薪","专项奖金","带薪年假"],"industryField":"金融,数据服务","companySize":"150-500人","imState":"disabled","lastLogin":1472195898000,"publisherId":5652276,"explain":null,"plus":null,"pcShow":0,"appShow":0,"deliver":0,"gradeDescription":null,"businessZones":["安贞","小关","安华"],"companyFullName":"博宏信息技术有限公司","adWord":0},{"createTime":"2016-08-08 11:20:58","formatCreateTime":"2016-08-08","companyId":7292,"positionName":"C++开发工程师","workYear":"5-10年","education":"本科","jobNature":"全职","companyShortName":"畅聊天下(派派交友）","city":"北京","salary":"15k-30k","financeStage":"成长型(B轮)","positionId":2206180,"companyLogo":"image1/M00/1A/42/CgYXBlUbifGASvN9AACTHYLzJKc557.jpg","positionAdvantage":"晋升快、奖金丰厚、期权奖励","approve":1,"district":"海淀区","score":0,"companyLabelList":["年底双薪","午餐补助","带薪年假","股票期权"],"industryField":"移动互联网","companySize":"150-500人","imState":"today","lastLogin":1472538157000,"publisherId":3724866,"explain":null,"plus":null,"pcShow":0,"appShow":0,"deliver":0,"gradeDescription":null,"businessZones":["上地","西二旗","马连洼"],"companyFullName":"北京畅聊天下科技有限公司","adWord":0}]}},"code":0}