{"resubmitToken":null,"success":true,"requestId":null,"msg":null,"content":{"pageNo":64,"pageSize":15,"positionResult":{"totalCount":1236,"resultSize":15,"locationInfo":{"city":"北京","district":null,"businessZone":null,"queryByGisCode":false,"locationCode":null},"queryAnalysisInfo":{"positionName":"c","companyName":null,"industryName":null,"usefulCompany":false},"strategyProperty":{"name":"dm-csearch-newSimScorer","id":1},"result":[{"companyId":83974,"positionName":"C++应用开发","workYear":"应届毕业生","education":"本科","jobNature":"全职","createTime":"2016-08-05 18:02:08","companyShortName":"金美通信","positionId":2201704,"salary":"4k-6k","approve":1,"city":"北京","positionAdvantage":"有师傅带、五险一金、年度体检、补充医疗","companyLogo":"image1/M00/3A/71/Cgo8PFWtq-KAGZ_zAAAQ87-ucXw456.JPG?cc=0.5057264773640782","industryField":"信息安全,其他","companyLabelList":["技能培训","带薪年假","绩效奖金","管理规范"],"financeStage":"上市公司","district":"海淀区","score":0,"companySize":"50-150人","companyFullName":"重庆金美通信有限责任公司北京技术分公司","adWord":0,"formatCreateTime":"2016-08-05","imState":"overSevenDays","lastLogin":1470726096000,"publisherId":2152267,"explain":null,"plus":null,"pcShow":0,"appShow":0,"deliver":0,"gradeDescription":null,"businessZones":["五棵松","永定路","青塔"]},{"companyId":14707,"positionName":"C/C++","workYear":"1-3年","education":"本科","jobNature":"全职","createTime":"2016-08-05 16:21:03","companyShortName":"同方鼎欣","positionId":2099232,"salary":"8k-10k","approve":1,"city":"北京","positionAdvantage":"六险一金","companyLogo":"i/image/M00/2A/9D/CgqKkVcywCeASrGhAABNIiXa05M682.JPG","industryField":"移动互联网","companyLabelList":["绩效奖金","五险一金","带薪年假","定期体检"],"financeStage":"上市公司","district":"海淀区","score":0,"companySize":"500-2000人","companyFullName":"同方鼎欣信息技术有限公司","adWord":0,"formatCreateTime":"2016-08-05","imState":"threeDays","lastLogin":1472450759000,"publisherId":3002182,"explain":null,"plus":null,"pcShow":0,"appShow":0,"deliver":0,"gradeDescription":null,"businessZones":["上地","西北旺","马连洼"]},{"companyId":1650,"positionName":"C++（偏界面开发）","workYear":"不限","education":"本科","jobNature":"全职","createTime":"2016-08-05 12:21:03","companyShortName":"联想集团","positionId":2198896,"salary":"8k-15k","approve":1,"city":"北京","positionAdvantage":"六险一金、战略产品","companyLogo":"i/image/M00/01/59/Cgp3O1Zn9kCAAW4jAABX8W4A-fw360.jpg","industryField":"移动互联网,数据服务","companyLabelList":["技能培训","待遇优厚","晋升空间","五险一金"],"financeStage":"上市公司","district":"海淀区","score":0,"companySize":"2000人以上","companyFullName":"联想（北京）有限公司","adWord":0,"formatCreateTime":"2016-08-05","imState":"disabled","lastLogin":1472182240000,"publisherId":2004104,"explain":null,"plus":null,"pcShow":0,"appShow":0,"deliver":0,"gradeDescription":null,"businessZones":["上地","西二旗","马连洼"]},{"companyId":347,"positionName":"C++研发专家","workYear":"5-10年","education":"本科","jobNature":"全职","createTime":"2016-08-04 15:42:23","companyShortName":"阿里巴巴","positionId":2194336,"salary":"20k-40k","approve":1,"city":"北京","positionAdvantage":"年终双薪,绩效奖金,技术牛人,优质福利","companyLogo":"i/image/M00/54/5E/CgqKkVfDxgCAMb-GAAC2FtnWUVE377.jpg","industryField":"移动互联网","companyLabelList":["美女多","领导好","发展前景好","简单"],"financeStage":"上市公司","district":"朝阳区","score":0,"companySize":"2000人以上","companyFullName":"阿里巴巴（中国）网络技术有限公司","adWord":0,"formatCreateTime":"2016-08-04","imState":"disabled","lastLogin":1470815409000,"publisherId":1504855,"explain":null,"plus":null,"pcShow":0,"appShow":0,"deliver":0,"gradeDescription":null,"businessZones":["姚家园"]},{"companyId":118015,"positionName":"C#软件开发工程师","workYear":"1-3年","education":"大专","jobNature":"全职","createTime":"2016-08-04 15:24:16","companyShortName":"永创合利体育","positionId":2194123,"salary":"8k-10k","approve":0,"city":"北京","positionAdvantage":"专业比赛赛事，亲临比赛现场。","companyLogo":"i/image/M00/2C/DB/Cgp3O1c6jIiAIHEDAABn3ffLekE732.jpg","industryField":"移动互联网","companyLabelList":["年底双薪","带薪年假","午餐补助","定期体检"],"financeStage":"初创型(不需要融资)","district":null,"score":0,"companySize":"15-50人","companyFullName":"北京永创合利体育发展有限公司","adWord":0,"formatCreateTime":"2016-08-04","imState":"overSevenDays","lastLogin":1471226751000,"publisherId":3953315,"explain":null,"plus":null,"pcShow":0,"appShow":0,"deliver":0,"gradeDescription":null,"businessZones":null},{"companyId":436,"positionName":"windows C++软件开发工程师","workYear":"5-10年","education":"本科","jobNature":"全职","createTime":"2016-08-04 13:40:05","companyShortName":"360","positionId":1953283,"salary":"15k-25k","approve":1,"city":"北京","positionAdvantage":"团队架构扁平，有足够的空间做有挑战的事情","companyLogo":"image1/M00/26/1E/Cgo8PFVUDROAf7zrAABr5cEcbGQ572.jpg","industryField":"移动互联网,游戏","companyLabelList":null,"financeStage":"上市公司","district":"朝阳区","score":0,"companySize":"50-150人","companyFullName":"奇虎360科技有限公司","adWord":0,"formatCreateTime":"2016-08-04","imState":"disabled","lastLogin":1472198838000,"publisherId":563991,"explain":null,"plus":null,"pcShow":0,"appShow":0,"deliver":0,"gradeDescription":null,"businessZones":["酒仙桥","大山子","将台路"]},{"companyId":119329,"positionName":"C++开发工程师","workYear":"1-3年","education":"大专","jobNature":"全职","createTime":"2016-08-04 13:27:38","companyShortName":"书生电子","positionId":1601141,"salary":"6k-12k","approve":1,"city":"北京","positionAdvantage":"无无","companyLogo":"i/image/M00/13/99/Cgp3O1bnt9uAfQQRAAAQUBtcN5M551.jpg","industryField":"信息安全,数据服务","companyLabelList":null,"financeStage":"成长型(不需要融资)","district":"朝阳区","score":0,"companySize":"150-500人","companyFullName":"北京书生电子技术有限公司","adWord":0,"formatCreateTime":"2016-08-04","imState":"disabled","lastLogin":1470288415000,"publisherId":4514054,"explain":null,"plus":null,"pcShow":0,"appShow":0,"deliver":0,"gradeDescription":null,"businessZones":["安贞","小关","安华"]},{"companyId":84826,"positionName":"中级C#软件工程师","workYear":"3-5年","education":"本科","jobNature":"全职","createTime":"2016-08-04 13:17:35","companyShortName":"大象科技","positionId":1745526,"salary":"8k-15k","approve":0,"city":"北京","positionAdvantage":"五险一金 奖金 补贴 住宿 旅游 带薪假","companyLogo":"image1/M00/3B/8D/CgYXBlWws7WAAFoUAABXqF0NI4o361.jpg?cc=0.2930350892711431","industryField":"数据服务,硬件","companyLabelList":["带薪年假","岗位晋升","年度旅游","美女多"],"financeStage":"成熟型(D轮及以上)","district":"海淀区","score":0,"companySize":"50-150人","companyFullName":"北京大象科技有限公司","adWord":0,"formatCreateTime":"2016-08-04","imState":"disabled","lastLogin":1470287834000,"publisherId":3121151,"explain":null,"plus":null,"pcShow":0,"appShow":0,"deliver":0,"gradeDescription":null,"businessZones":["西直门","交通大学","西直门","交通大学"]},{"companyId":8414,"positionName":"C++后端开发工程师","workYear":"3-5年","education":"本科","jobNature":"全职","createTime":"2016-08-04 12:57:16","companyShortName":"一点资讯","positionId":1758848,"salary":"15k-25k","approve":1,"city":"北京","positionAdvantage":"发展空间大,良好氛围,优秀团队,股票期权","companyLogo":"image1/M00/00/11/CgYXBlTUWDOAeZQdAABbV0qQVPE716.jpg","industryField":"移动互联网","companyLabelList":["带薪年假","午餐补助","扁平管理","弹性工作"],"financeStage":"成熟型(D轮及以上)","district":"海淀区","score":0,"companySize":"500-2000人","companyFullName":"一点网聚科技有限公司","adWord":0,"formatCreateTime":"2016-08-04","imState":"today","lastLogin":1472548798000,"publisherId":731558,"explain":null,"plus":null,"pcShow":0,"appShow":0,"deliver":0,"gradeDescription":null,"businessZones":["五道口","学院路","北航"]},{"companyId":6998,"positionName":"杀毒软件开发工程师（windows c++）","workYear":"3-5年","education":"本科","jobNature":"全职","createTime":"2016-08-04 11:53:34","companyShortName":"风行网","positionId":1928069,"salary":"20k-30k","approve":1,"city":"北京","positionAdvantage":"六险一金、带薪年假，年终15个月","companyLogo":"image1/M00/38/8E/Cgo8PFWmDIeAev1SAAAMlG8ry4I344.jpg","industryField":"文化娱乐","companyLabelList":["技能培训","节日礼物","绩效奖金","岗位晋升"],"financeStage":"成熟型(D轮及以上)","district":"海淀区","score":0,"companySize":"500-2000人","companyFullName":"北京风行在线技术有限公司","adWord":0,"formatCreateTime":"2016-08-04","imState":"disabled","lastLogin":1467016039000,"publisherId":257700,"explain":null,"plus":null,"pcShow":0,"appShow":0,"deliver":0,"gradeDescription":null,"businessZones":["知春路","学院路","北航"]},{"companyId":81830,"positionName":"C++开发工程师","workYear":"3-5年","education":"本科","jobNature":"全职","createTime":"2016-08-04 11:38:11","companyShortName":"华宇","positionId":866275,"salary":"10k-18k","approve":1,"city":"北京","positionAdvantage":"18月薪，职位晋升","companyLogo":"image1/M00/36/3C/CgYXBlWd6weAXEcwAABH8DQWt0c194.jpg?cc=0.23389221099205315","industryField":"信息安全,数据服务","companyLabelList":["技能培训","带薪年假","绩效奖金","岗位晋升"],"financeStage":"上市公司","district":"海淀区","score":0,"companySize":"2000人以上","companyFullName":"北京华宇信息技术有限公司","adWord":0,"formatCreateTime":"2016-08-04","imState":"sevenDays","lastLogin":1472104329000,"publisherId":2081473,"explain":null,"plus":null,"pcShow":0,"appShow":0,"deliver":0,"gradeDescription":null,"businessZones":["西三旗","清河","小营"]},{"companyId":142417,"positionName":"C++服务器开发工程师","workYear":"3-5年","education":"本科","jobNature":"全职","createTime":"2016-08-04 10:56:45","companyShortName":"合乐智趣","positionId":2191684,"salary":"15k-25k","approve":0,"city":"北京","positionAdvantage":"六险一金 新三板 年底奖金 福利齐全","companyLogo":"i/image/M00/4C/6A/Cgp3O1eiqGmAFe2CAABteXkKp1Q262.jpg","industryField":"游戏,移动互联网","companyLabelList":["年底双薪","绩效奖金","年终分红","定期体检"],"financeStage":"上市公司","district":"海淀区","score":0,"companySize":"150-500人","companyFullName":"北京汇享合一信息技术有限公司","adWord":0,"formatCreateTime":"2016-08-04","imState":"disabled","lastLogin":1470384379000,"publisherId":5838991,"explain":null,"plus":null,"pcShow":0,"appShow":0,"deliver":0,"gradeDescription":null,"businessZones":["知春路","北航","学院路"]},{"companyId":4802,"positionName":"图形平台C++高级软件工程师","workYear":"3-5年","education":"不限","jobNature":"全职","createTime":"2016-08-04 10:52:44","companyShortName":"广联达","positionId":2133287,"salary":"20k-30k","approve":0,"city":"北京","positionAdvantage":"弹性工作制、福利待遇、旅游活动","companyLogo":"image1/M00/10/C0/CgYXBlT_qTqAcEQ0AABKeP9o52k964.jpg","industryField":"数据服务","companyLabelList":["年终分红","绩效奖金","五险一金","午餐补助"],"financeStage":"上市公司","district":"海淀区","score":0,"companySize":"2000人以上","companyFullName":"广联达软件股份有限公司","adWord":0,"formatCreateTime":"2016-08-04","imState":"sevenDays","lastLogin":1472092635000,"publisherId":5697976,"explain":null,"plus":null,"pcShow":0,"appShow":0,"deliver":0,"gradeDescription":null,"businessZones":["上地","西北旺","马连洼"]},{"companyId":101516,"positionName":"C++/Python高级研发工程师","workYear":"3-5年","education":"本科","jobNature":"全职","createTime":"2016-08-04 10:14:20","companyShortName":"视连通","positionId":2095817,"salary":"15k-25k","approve":1,"city":"北京","positionAdvantage":"股票期权年度旅游扁平化带薪年假地铁周边","companyLogo":"image2/M00/0E/82/CgqLKVYlCuSAevnYAAAPRgT98_U216.jpg?cc=0.30488349590450525","industryField":"企业服务,数据服务","companyLabelList":["股票期权","带薪年假","绩效奖金","岗位晋升"],"financeStage":"初创型(天使轮)","district":"昌平区","score":0,"companySize":"少于15人","companyFullName":"北京视连通科技有限公司","adWord":0,"formatCreateTime":"2016-08-04","imState":"overSevenDays","lastLogin":1471317342000,"publisherId":5647389,"explain":null,"plus":null,"pcShow":0,"appShow":0,"deliver":0,"gradeDescription":null,"businessZones":null},{"companyId":128051,"positionName":"C#","workYear":"3-5年","education":"本科","jobNature":"全职","createTime":"2016-08-04 09:58:01","companyShortName":"北欧巨魔","positionId":1789434,"salary":"10k-20k","approve":0,"city":"北京","positionAdvantage":"良好团队氛围，巨大发展前景","companyLogo":"i/image/M00/28/89/Cgp3O1crIwaAHUhvAAKCWneZOoE700.png","industryField":"游戏","companyLabelList":null,"financeStage":"初创型(天使轮)","district":"朝阳区","score":0,"companySize":"15-50人","companyFullName":"北欧巨魔（北京）科技有限公司","adWord":0,"formatCreateTime":"2016-08-04","imState":"today","lastLogin":1472546413000,"publisherId":4958127,"explain":null,"plus":null,"pcShow":0,"appShow":0,"deliver":0,"gradeDescription":null,"businessZones":["广渠门","CBD","双井"]}]}},"code":0}