{"msg":null,"success":true,"requestId":null,"resubmitToken":null,"content":{"pageNo":66,"pageSize":15,"positionResult":{"queryAnalysisInfo":{"industryName":null,"usefulCompany":false,"positionName":"c","companyName":null},"strategyProperty":{"name":"dm-csearch-newSimScorer","id":1},"totalCount":1236,"resultSize":15,"locationInfo":{"businessZone":null,"locationCode":null,"queryByGisCode":false,"city":"北京","district":null},"result":[{"companyId":3328,"explain":null,"plus":null,"pcShow":0,"appShow":0,"deliver":0,"gradeDescription":null,"businessZones":["中关村","北京大学","苏州街"],"imState":"disabled","lastLogin":1472551475000,"publisherId":3685986,"positionName":"客户端开发（C++流媒体播放器）","workYear":"5-10年","education":"本科","jobNature":"全职","positionId":1394511,"createTime":"2016-08-03 13:58:32","city":"北京","companyLogo":"image1/M00/00/09/Cgo8PFTUWBGALraJAAAeTBKK4IU791.png","industryField":"移动互联网,教育","positionAdvantage":"美国上市在线教育公司，高端人才配股","salary":"20k-35k","companySize":"2000人以上","approve":1,"financeStage":"上市公司","companyLabelList":["上市公司","领军企业","五险一金","住福计划"],"district":"海淀区","companyShortName":"好未来","score":0,"formatCreateTime":"2016-08-03","companyFullName":"北京世纪好未来教育科技有限公司","adWord":0},{"companyId":91626,"explain":null,"plus":null,"pcShow":0,"appShow":0,"deliver":0,"gradeDescription":null,"businessZones":["北苑","来广营"],"imState":"disabled","lastLogin":1472035996000,"publisherId":2369587,"positionName":"C++","workYear":"1-3年","education":"大专","jobNature":"全职","positionId":2185465,"createTime":"2016-08-03 11:36:17","city":"北京","companyLogo":"image1/M00/45/34/Cgo8PFXajp-AExRGAAAKhsCZJrQ783.jpg?cc=0.2842966604512185","industryField":"移动互联网,企业服务","positionAdvantage":"五险一金 节假日礼品 年底双薪","salary":"9k-12k","companySize":"50-150人","approve":0,"financeStage":"成长型(A轮)","companyLabelList":["年底双薪","专项奖金","带薪年假","绩效奖金"],"district":"朝阳区","companyShortName":"互融时代","score":0,"formatCreateTime":"2016-08-03","companyFullName":"北京互融时代软件有限公司","adWord":0},{"companyId":142086,"explain":null,"plus":null,"pcShow":0,"appShow":0,"deliver":0,"gradeDescription":null,"businessZones":null,"imState":"disabled","lastLogin":1471587779000,"publisherId":5618021,"positionName":"C++高级开发工程师","workYear":"5-10年","education":"本科","jobNature":"全职","positionId":2185364,"createTime":"2016-08-03 11:28:34","city":"北京","companyLogo":"i/image/M00/4C/03/CgqKkVehWkeAfjFRAAAitfbhgI0694.jpg","industryField":"移动互联网,游戏","positionAdvantage":"发展空间大","salary":"18k-25k","companySize":"15-50人","approve":0,"financeStage":"初创型(天使轮)","companyLabelList":null,"district":"通州区","companyShortName":"北京燕麦互娱科技有限公司","score":0,"formatCreateTime":"2016-08-03","companyFullName":"北京燕麦互娱科技有限公司","adWord":0},{"companyId":103480,"explain":null,"plus":null,"pcShow":0,"appShow":0,"deliver":0,"gradeDescription":null,"businessZones":["科技园区","看丹桥","北大地"],"imState":"disabled","lastLogin":1470193713000,"publisherId":3011456,"positionName":"C++开发工程师","workYear":"不限","education":"本科","jobNature":"全职","positionId":2048155,"createTime":"2016-08-03 11:26:05","city":"北京","companyLogo":"image2/M00/11/37/CgpzWlYxfN6AfNefAABL83rADh0084.jpg?cc=0.9097318341955543","industryField":"移动互联网,其他","positionAdvantage":"五险一金、年终奖、带薪休假、项目奖金","salary":"10k-20k","companySize":"15-50人","approve":0,"financeStage":"初创型(未融资)","companyLabelList":["技能培训","年底双薪","专项奖金","带薪年假"],"district":"丰台区","companyShortName":"易桥","score":0,"formatCreateTime":"2016-08-03","companyFullName":"北京易桥凯丰模拟科技有限公司","adWord":0},{"companyId":138303,"explain":null,"plus":null,"pcShow":0,"appShow":0,"deliver":0,"gradeDescription":null,"businessZones":["车公庄","展览路","官园"],"imState":"disabled","lastLogin":1472467453000,"publisherId":5555186,"positionName":"C++高级开发工程师","workYear":"3-5年","education":"本科","jobNature":"全职","positionId":2091152,"createTime":"2016-08-03 09:53:47","city":"北京","companyLogo":"i/image/M00/44/84/Cgp3O1eF1oCAfip9AADFVPDWgks027.jpg","industryField":"移动互联网,游戏","positionAdvantage":"七险一金，绩效奖金，领导好，氛围好。","salary":"10k-20k","companySize":"50-150人","approve":0,"financeStage":"成长型(A轮)","companyLabelList":null,"district":"西城区","companyShortName":"柠檬微趣","score":0,"formatCreateTime":"2016-08-03","companyFullName":"北京柠檬微趣科技股份有限公司","adWord":0},{"companyId":138517,"explain":null,"plus":null,"pcShow":0,"appShow":0,"deliver":0,"gradeDescription":null,"businessZones":null,"imState":"overSevenDays","lastLogin":1471654056000,"publisherId":4648538,"positionName":"C#工程师","workYear":"1-3年","education":"大专","jobNature":"全职","positionId":2183667,"createTime":"2016-08-03 09:17:36","city":"北京","companyLogo":"i/image/M00/43/D0/CgqKkVeEVZWAFJ83AABZHohJNp4122.png","industryField":"游戏","positionAdvantage":"开发自由","salary":"5k-8k","companySize":"15-50人","approve":0,"financeStage":"初创型(天使轮)","companyLabelList":null,"district":"海淀区","companyShortName":"灵境雪山豹","score":0,"formatCreateTime":"2016-08-03","companyFullName":"北京灵境雪山豹科技有限公司","adWord":0},{"companyId":133,"explain":null,"plus":null,"pcShow":0,"appShow":0,"deliver":0,"gradeDescription":null,"businessZones":null,"imState":"today","lastLogin":1472526253000,"publisherId":3342647,"positionName":"分布式服务研发工程师（C++/GO）","workYear":"3-5年","education":"本科","jobNature":"全职","positionId":1830911,"createTime":"2016-08-02 18:33:40","city":"北京","companyLogo":"image1/M00/39/70/CgYXBlWo3nqABJTsAADJ3hn5gmE062.jpg","industryField":"移动互联网,信息安全","positionAdvantage":"上市公司 七险一金 超长带薪年假","salary":"20k-40k","companySize":"500-2000人","approve":1,"financeStage":"上市公司","companyLabelList":["带薪年假","美女前台","超赞年终奖","一公里工作圈"],"district":null,"companyShortName":"猎豹移动","score":0,"formatCreateTime":"2016-08-02","companyFullName":"北京金山网络科技有限公司","adWord":0},{"companyId":22287,"explain":null,"plus":null,"pcShow":0,"appShow":0,"deliver":0,"gradeDescription":null,"businessZones":["上地","西二旗","马连洼"],"imState":"disabled","lastLogin":1472005798000,"publisherId":302031,"positionName":"C#/.net开发","workYear":"3-5年","education":"大专","jobNature":"全职","positionId":1766548,"createTime":"2016-08-02 15:35:08","city":"北京","companyLogo":"image1/M00/00/2A/Cgo8PFTUXGyABLpiAACf0uNYoRc953.jpg","industryField":"教育,文化娱乐","positionAdvantage":"项目奖金 餐补 全勤奖 团队好 交通补","salary":"13k-16k","companySize":"150-500人","approve":0,"financeStage":"成长型(不需要融资)","companyLabelList":["绩效奖金","通讯津贴","交通补助","带薪年假"],"district":"海淀区","companyShortName":"爱迪科森","score":0,"formatCreateTime":"2016-08-02","companyFullName":"北京爱迪科森教育科技股份有限公司","adWord":0},{"companyId":347,"explain":null,"plus":null,"pcShow":0,"appShow":0,"deliver":0,"gradeDescription":null,"businessZones":["望京","大山子","酒仙桥"],"imState":"disabled","lastLogin":1471945911000,"publisherId":937757,"positionName":"C++","workYear":"3-5年","education":"本科","jobNature":"全职","positionId":2181091,"createTime":"2016-08-02 15:26:46","city":"北京","companyLogo":"i/image/M00/54/5E/CgqKkVfDxgCAMb-GAAC2FtnWUVE377.jpg","industryField":"移动互联网","positionAdvantage":"作为核心成员参与阿里巴巴广告系统建设","salary":"30k-50k","companySize":"2000人以上","approve":1,"financeStage":"上市公司","companyLabelList":["美女多","领导好","发展前景好","简单"],"district":"朝阳区","companyShortName":"阿里巴巴","score":0,"formatCreateTime":"2016-08-02","companyFullName":"阿里巴巴（中国）网络技术有限公司","adWord":0},{"companyId":95608,"explain":null,"plus":null,"pcShow":0,"appShow":0,"deliver":0,"gradeDescription":null,"businessZones":["亮马桥","三元桥","燕莎"],"imState":"disabled","lastLogin":1470384610000,"publisherId":924884,"positionName":"C中级开发工程师","workYear":"3-5年","education":"大专","jobNature":"全职","positionId":1814624,"createTime":"2016-08-02 14:12:11","city":"北京","companyLogo":"image2/M00/05/52/CgpzWlX2gh2AW71RAAAQxNN0E-Q066.jpg?cc=0.4881216757930815","industryField":"移动互联网","positionAdvantage":"技术提升空间，未来的企业合伙人","salary":"10k-20k","companySize":"150-500人","approve":0,"financeStage":"初创型(未融资)","companyLabelList":["技能培训","带薪年假","绩效奖金","扁平管理"],"district":"朝阳区","companyShortName":"上海睿民","score":0,"formatCreateTime":"2016-08-02","companyFullName":"上海睿民互联网科技有限公司","adWord":0},{"companyId":85467,"explain":null,"plus":null,"pcShow":0,"appShow":0,"deliver":0,"gradeDescription":null,"businessZones":["望京","大山子","花家地"],"imState":"disabled","lastLogin":1472547018000,"publisherId":5818585,"positionName":"C++","workYear":"3-5年","education":"不限","jobNature":"全职","positionId":2179434,"createTime":"2016-08-02 11:39:15","city":"北京","companyLogo":"i/image/M00/02/B4/CgqKkVaYjpaAGoisAAAgLQmp5LI462.jpg","industryField":"移动互联网,O2O","positionAdvantage":"五险一金,绩效奖金,股票期权,加班补助","salary":"15k-20k","companySize":"50-150人","approve":1,"financeStage":"成长型(A轮)","companyLabelList":["节日礼物","股票期权","带薪年假","绩效奖金"],"district":"朝阳区","companyShortName":"奥菲传媒","score":0,"formatCreateTime":"2016-08-02","companyFullName":"上海奥菲广告传媒有限公司北京分公司","adWord":0},{"companyId":128012,"explain":null,"plus":null,"pcShow":0,"appShow":0,"deliver":0,"gradeDescription":null,"businessZones":null,"imState":"disabled","lastLogin":1471569460000,"publisherId":4949988,"positionName":"C++","workYear":"3-5年","education":"本科","jobNature":"全职","positionId":1788494,"createTime":"2016-08-02 10:54:43","city":"北京","companyLogo":"i/image/M00/28/7E/Cgp3O1crCXyAe2UDAAB4FR6p830638.png","industryField":"其他","positionAdvantage":"扁平化管理 领导好 餐补 房补","salary":"15k-20k","companySize":"少于15人","approve":0,"financeStage":"初创型(未融资)","companyLabelList":null,"district":"大兴区","companyShortName":"北京德沃尔兴科技有限公司","score":0,"formatCreateTime":"2016-08-02","companyFullName":"北京德沃尔兴科技有限公司","adWord":0},{"companyId":88544,"explain":null,"plus":null,"pcShow":0,"appShow":0,"deliver":0,"gradeDescription":null,"businessZones":["北太平庄","蓟门桥","牡丹园"],"imState":"disabled","lastLogin":1472548854000,"publisherId":2275655,"positionName":"服务端开发C++","workYear":"3-5年","education":"本科","jobNature":"全职","positionId":974114,"createTime":"2016-08-02 10:38:35","city":"北京","companyLogo":"image1/M00/41/A9/CgYXBlXJXd-AYr0NAABqHr33cpU201.png?cc=0.8848431922961026","industryField":"移动互联网,游戏","positionAdvantage":"优秀的技术团队，发展空间大","salary":"15k-25k","companySize":"15-50人","approve":0,"financeStage":"成长型(A轮)","companyLabelList":["带薪年假","绩效奖金","岗位晋升","年度旅游"],"district":"海淀区","companyShortName":"光合起源","score":0,"formatCreateTime":"2016-08-02","companyFullName":"北京光合起源网络科技有限公司","adWord":0},{"companyId":34292,"explain":null,"plus":null,"pcShow":0,"appShow":0,"deliver":0,"gradeDescription":null,"businessZones":["西北旺","马连洼","上地"],"imState":"disabled","lastLogin":1471338740000,"publisherId":587195,"positionName":"windows C++开发","workYear":"1-3年","education":"本科","jobNature":"全职","positionId":1733068,"createTime":"2016-08-02 10:37:00","city":"北京","companyLogo":"image1/M00/00/50/CgYXBlTUXQuAUhvLAAAs5aza8Fk495.jpg","industryField":"移动互联网","positionAdvantage":"六险一金、竞争力薪酬、十三薪","salary":"10k-20k","companySize":"150-500人","approve":0,"financeStage":"成长型(B轮)","companyLabelList":["节日礼物","带薪年假","绩效奖金","年度旅游"],"district":"海淀区","companyShortName":"永信至诚","score":0,"formatCreateTime":"2016-08-02","companyFullName":"北京永信至诚科技有限公司","adWord":0},{"companyId":60226,"explain":null,"plus":null,"pcShow":0,"appShow":0,"deliver":0,"gradeDescription":null,"businessZones":["望京","花家地","来广营"],"imState":"disabled","lastLogin":1471165754000,"publisherId":5818455,"positionName":"C#","workYear":"3-5年","education":"本科","jobNature":"全职","positionId":2178444,"createTime":"2016-08-02 10:12:39","city":"北京","companyLogo":"image1/M00/18/D2/Cgo8PFUWWb6ATadeAABAV1U4Dt4284.png","industryField":"金融","positionAdvantage":"C# WPF软件开发","salary":"8k-16k","companySize":"500-2000人","approve":1,"financeStage":"成熟型(不需要融资)","companyLabelList":["年底双薪","节日礼物","技能培训","绩效奖金"],"district":"朝阳区","companyShortName":"赞同科技","score":0,"formatCreateTime":"2016-08-02","companyFullName":"北京赞同科技发展有限公司","adWord":0}]}},"code":0}