{"success":true,"requestId":null,"resubmitToken":null,"msg":null,"content":{"pageNo":67,"pageSize":15,"positionResult":{"resultSize":15,"totalCount":1236,"locationInfo":{"businessZone":null,"queryByGisCode":false,"locationCode":null,"city":"北京","district":null},"queryAnalysisInfo":{"industryName":null,"usefulCompany":false,"positionName":"c","companyName":null},"strategyProperty":{"name":"dm-csearch-newSimScorer","id":1},"result":[{"formatCreateTime":"2016-08-03","createTime":"2016-08-03 11:34:21","companyId":91626,"positionName":"C++","education":"大专","city":"北京","positionId":2185441,"financeStage":"成长型(A轮)","companyShortName":"互融时代","companyLogo":"image1/M00/45/34/Cgo8PFXajp-AExRGAAAKhsCZJrQ783.jpg?cc=0.2842966604512185","salary":"8k-12k","industryField":"移动互联网,企业服务","district":"朝阳区","companyLabelList":["年底双薪","专项奖金","带薪年假","绩效奖金"],"positionAdvantage":"C++软件开发 五险一金 年底双薪 节假日礼品","jobNature":"全职","workYear":"1-3年","approve":0,"score":0,"companySize":"50-150人","businessZones":["北苑","来广营"],"imState":"disabled","lastLogin":1472035996000,"publisherId":2369587,"explain":null,"plus":null,"pcShow":0,"appShow":0,"deliver":0,"gradeDescription":null,"companyFullName":"北京互融时代软件有限公司","adWord":0},{"formatCreateTime":"2016-08-02","createTime":"2016-08-02 10:36:59","companyId":34292,"positionName":"Linux c/c++开发（北京）","education":"本科","city":"北京","positionId":1733018,"financeStage":"成长型(B轮)","companyShortName":"永信至诚","companyLogo":"image1/M00/00/50/CgYXBlTUXQuAUhvLAAAs5aza8Fk495.jpg","salary":"10k-20k","industryField":"移动互联网","district":"海淀区","companyLabelList":["节日礼物","带薪年假","绩效奖金","年度旅游"],"positionAdvantage":"六险一金、竞争力薪酬、团队经费","jobNature":"全职","workYear":"1-3年","approve":0,"score":0,"companySize":"150-500人","businessZones":["西北旺","马连洼","上地"],"imState":"disabled","lastLogin":1471338740000,"publisherId":587195,"explain":null,"plus":null,"pcShow":0,"appShow":0,"deliver":0,"gradeDescription":null,"companyFullName":"北京永信至诚科技有限公司","adWord":0},{"formatCreateTime":"2016-08-02","createTime":"2016-08-02 10:06:47","companyId":41664,"positionName":"C++","education":"不限","city":"北京","positionId":2050495,"financeStage":"初创型(天使轮)","companyShortName":"北京数字家圆","companyLogo":"images/logo_default.png","salary":"8k-15k","industryField":"移动互联网","district":"海淀区","companyLabelList":["技能培训","节日礼物","年底双薪","带薪年假"],"positionAdvantage":"五险一金 提供住宿","jobNature":"全职","workYear":"1-3年","approve":0,"score":0,"companySize":"50-150人","businessZones":["远大路","世纪城","四季青"],"imState":"disabled","lastLogin":1471569298000,"publisherId":559724,"explain":null,"plus":null,"pcShow":0,"appShow":0,"deliver":0,"gradeDescription":null,"companyFullName":"北京速帮网络技术有限公司","adWord":0},{"formatCreateTime":"2016-08-02","createTime":"2016-08-02 10:03:37","companyId":134770,"positionName":"C++","education":"本科","city":"北京","positionId":2047505,"financeStage":"初创型(未融资)","companyShortName":"Vbyte流媒体云","companyLogo":"i/image/M00/38/49/Cgp3O1diZkWAb1WmAAAGbN7Rym4514.png","salary":"15k-20k","industryField":"移动互联网","district":null,"companyLabelList":null,"positionAdvantage":"小而美的团队，明朗的公司未来","jobNature":"全职","workYear":"不限","approve":0,"score":0,"companySize":"15-50人","businessZones":null,"imState":"disabled","lastLogin":1470625145000,"publisherId":5374839,"explain":null,"plus":null,"pcShow":0,"appShow":0,"deliver":0,"gradeDescription":null,"companyFullName":"苏州月光石网络科技有限公司","adWord":0},{"formatCreateTime":"2016-08-02","createTime":"2016-08-02 09:42:54","companyId":16059,"positionName":"linux c++应用开发工程师","education":"大专","city":"北京","positionId":1820292,"financeStage":"初创型(未融资)","companyShortName":"瑞星","companyLogo":"image1/M00/35/B0/CgYXBlWcilSALGwcAAB-NfWGh88550.jpg","salary":"10k-18k","industryField":"企业服务","district":"海淀区","companyLabelList":["年底双薪","五险一金","带薪年假","定期体检"],"positionAdvantage":"20年信息安全企业，年底双薪，长期带薪年假","jobNature":"全职","workYear":"1-3年","approve":1,"score":0,"companySize":"150-500人","businessZones":null,"imState":"disabled","lastLogin":1470706581000,"publisherId":1981035,"explain":null,"plus":null,"pcShow":0,"appShow":0,"deliver":0,"gradeDescription":null,"companyFullName":"北京瑞星信息技术有限公司","adWord":0},{"formatCreateTime":"2016-08-02","createTime":"2016-08-02 09:28:56","companyId":5624,"positionName":"C++服务器程序","education":"大专","city":"北京","positionId":25248,"financeStage":"初创型(未融资)","companyShortName":"卓越游戏（locojoy）","companyLogo":"i/image/M00/4B/CF/Cgp3O1egcuWARe1JAAARvCtSCcM252.jpg","salary":"15k-25k","industryField":"游戏","district":"朝阳区","companyLabelList":["带薪年假","给力餐补","岗位晋升","扁平管理"],"positionAdvantage":"行业领先企业","jobNature":"全职","workYear":"1-3年","approve":1,"score":0,"companySize":"500-2000人","businessZones":["北苑","立水桥"],"imState":"overSevenDays","lastLogin":1470886698000,"publisherId":56762,"explain":null,"plus":null,"pcShow":0,"appShow":0,"deliver":0,"gradeDescription":null,"companyFullName":"北京乐动卓越信息技术有限公司","adWord":0},{"formatCreateTime":"2016-08-02","createTime":"2016-08-02 09:06:07","companyId":6110,"positionName":"C# .net","education":"本科","city":"北京","positionId":406061,"financeStage":"上市公司","companyShortName":"北京搜房科技发展有限公司","companyLogo":"i/image/M00/30/EA/CgqKkVdIBY6ALxM_AACKdNN_NLs107.jpg","salary":"12k-16k","industryField":"移动互联网,金融","district":"丰台区","companyLabelList":["岗位晋升","扁平管理","管理规范","领导好"],"positionAdvantage":"年中年底奖金","jobNature":"全职","workYear":"3-5年","approve":1,"score":0,"companySize":"2000人以上","businessZones":["花乡","看丹桥"],"imState":"disabled","lastLogin":1470121952000,"publisherId":966731,"explain":null,"plus":null,"pcShow":0,"appShow":0,"deliver":0,"gradeDescription":null,"companyFullName":"北京搜房科技发展有限公司","adWord":0},{"formatCreateTime":"2016-08-02","createTime":"2016-08-02 00:45:13","companyId":108620,"positionName":"高性能交易系统C++开发","education":"硕士","city":"北京","positionId":2042482,"financeStage":"初创型(不需要融资)","companyShortName":"伯兄资产","companyLogo":"i/image/M00/00/FF/Cgp3O1ZdVSKAFMtYAAA7n2GBfU4156.PNG","salary":"40k-50k","industryField":"金融","district":"朝阳区","companyLabelList":["绩效奖金","年底双薪","年终分红","带薪年假"],"positionAdvantage":"HermanMiller，MacPro，年假，带薪休假","jobNature":"全职","workYear":"1-3年","approve":0,"score":0,"companySize":"少于15人","businessZones":["京广桥","CBD","呼家楼"],"imState":"disabled","lastLogin":1471533969000,"publisherId":3392842,"explain":null,"plus":null,"pcShow":0,"appShow":0,"deliver":0,"gradeDescription":null,"companyFullName":"上海伯兄投资管理有限公司","adWord":0},{"formatCreateTime":"2016-08-01","createTime":"2016-08-01 17:41:17","companyId":123777,"positionName":"C","education":"本科","city":"北京","positionId":2143524,"financeStage":"成熟型(不需要融资)","companyShortName":"通力互联","companyLogo":"i/image/M00/2E/03/CgqKkVc9jmCAI8DpAAD09YLPnBk157.png","salary":"5k-6k","industryField":"电子商务,企业服务","district":"海淀区","companyLabelList":["绩效奖金","交通补助","定期体检","通讯津贴"],"positionAdvantage":"师傅带，季度郊游，员工活动","jobNature":"全职","workYear":"应届毕业生","approve":0,"score":0,"companySize":"2000人以上","businessZones":["西二旗"],"imState":"overSevenDays","lastLogin":1471933617000,"publisherId":5181371,"explain":null,"plus":null,"pcShow":0,"appShow":0,"deliver":0,"gradeDescription":null,"companyFullName":"北京通力互联技术服务有限公司","adWord":0},{"formatCreateTime":"2016-08-01","createTime":"2016-08-01 14:51:42","companyId":100992,"positionName":"C#软件开发工程师","education":"大专","city":"北京","positionId":1938726,"financeStage":"成长型(不需要融资)","companyShortName":"荣耀软件","companyLogo":"i/image/M00/28/15/CgqKkVcpw7GACbZxAAALf-Ym_ZU551.jpg","salary":"8k-13k","industryField":"移动互联网,硬件","district":"朝阳区","companyLabelList":["节日礼物","带薪年假","绩效奖金","岗位晋升"],"positionAdvantage":"团队融洽，领导nice 技术大牛 发展稳定","jobNature":"全职","workYear":"1-3年","approve":1,"score":0,"companySize":"50-150人","businessZones":["四惠","八里庄","大望路"],"imState":"today","lastLogin":1472551748000,"publisherId":5299462,"explain":null,"plus":null,"pcShow":0,"appShow":0,"deliver":0,"gradeDescription":null,"companyFullName":"北京荣耀美业软件科技有限公司","adWord":0},{"formatCreateTime":"2016-08-01","createTime":"2016-08-01 12:00:41","companyId":141806,"positionName":"C#","education":"大专","city":"北京","positionId":2173986,"financeStage":"初创型(天使轮)","companyShortName":"北京奇游灵动科技有限公司","companyLogo":"i/image/M00/4B/36/Cgp3O1eew8KAeimLAAAp92-igJk682.png","salary":"8k-12k","industryField":"移动互联网","district":"朝阳区","companyLabelList":["年底双薪","绩效奖金","帅哥多","领导好"],"positionAdvantage":"五险一金、绩效奖金、全勤奖、节日福利","jobNature":"全职","workYear":"1-3年","approve":0,"score":0,"companySize":"15-50人","businessZones":["百子湾","南磨房"],"imState":"overSevenDays","lastLogin":1471335309000,"publisherId":5808856,"explain":null,"plus":null,"pcShow":0,"appShow":0,"deliver":0,"gradeDescription":null,"companyFullName":"北京奇游灵动科技有限公司","adWord":0},{"formatCreateTime":"2016-08-01","createTime":"2016-08-01 11:57:07","companyId":132402,"positionName":"C++开发工程师","education":"硕士","city":"北京","positionId":2173945,"financeStage":"上市公司","companyShortName":"博源恒芯科技","companyLogo":"i/image/M00/4B/36/CgqKkVeexVKAItbDAABppaSfynw110.PNG","salary":"10k-20k","industryField":"其他","district":"海淀区","companyLabelList":null,"positionAdvantage":"C++,C#,SNMP,MIB","jobNature":"全职","workYear":"1-3年","approve":0,"score":0,"companySize":"50-150人","businessZones":["北太平庄","牡丹园","健翔桥"],"imState":"disabled","lastLogin":1470273629000,"publisherId":5228649,"explain":null,"plus":null,"pcShow":0,"appShow":0,"deliver":0,"gradeDescription":null,"companyFullName":"北京博源恒芯科技有限公司","adWord":0},{"formatCreateTime":"2016-08-01","createTime":"2016-08-01 11:47:07","companyId":124866,"positionName":"C#","education":"本科","city":"北京","positionId":1998064,"financeStage":"初创型(未融资)","companyShortName":"北京领创","companyLogo":"i/image/M00/20/E4/Cgp3O1cPSdWAAE3AAACFE2f8ZdE504.jpg","salary":"8k-16k","industryField":"移动互联网,硬件","district":"海淀区","companyLabelList":["年终分红","带薪年假","绩效奖金","弹性工作"],"positionAdvantage":"独立核算、利润分红、弹性工作制、旅游","jobNature":"全职","workYear":"不限","approve":0,"score":0,"companySize":"50-150人","businessZones":["上地","西二旗","马连洼"],"imState":"overSevenDays","lastLogin":1471488242000,"publisherId":4813068,"explain":null,"plus":null,"pcShow":0,"appShow":0,"deliver":0,"gradeDescription":null,"companyFullName":"北京领创拓展科技发展有限公司","adWord":0},{"formatCreateTime":"2016-08-01","createTime":"2016-08-01 11:18:24","companyId":25021,"positionName":"微博广告平台研发实习生(c/c++/go)","education":"本科","city":"北京","positionId":2173472,"financeStage":"上市公司","companyShortName":"新浪微博","companyLogo":"image1/M00/2A/10/Cgo8PFVpRQWAIyMQAABwOlPdDJ4570.png","salary":"4k-7k","industryField":"移动互联网,社交网络","district":"海淀区","companyLabelList":["技能培训","股票期权","带薪年假","绩效奖金"],"positionAdvantage":"自由 激情 牛人 妹子","jobNature":"实习","workYear":"不限","approve":0,"score":0,"companySize":"2000人以上","businessZones":["西北旺","马连洼","上地"],"imState":"disabled","lastLogin":1471228171000,"publisherId":5809143,"explain":null,"plus":null,"pcShow":0,"appShow":0,"deliver":0,"gradeDescription":null,"companyFullName":"新浪微博","adWord":0},{"formatCreateTime":"2016-08-01","createTime":"2016-08-01 10:52:36","companyId":24654,"positionName":"三维GIS C++开发工程师","education":"本科","city":"北京","positionId":2173142,"financeStage":"成熟型(C轮)","companyShortName":"吉威时代","companyLogo":"image1/M00/00/32/Cgo8PFTUXIuAPbiwAAAs9MLmcDY374.jpg","salary":"15k-30k","industryField":"企业服务","district":null,"companyLabelList":["年终分红","五险一金","通讯津贴","交通补助"],"positionAdvantage":"核心岗位，工作氛围融洽","jobNature":"全职","workYear":"不限","approve":0,"score":0,"companySize":"500-2000人","businessZones":null,"imState":"disabled","lastLogin":1471915598000,"publisherId":424214,"explain":null,"plus":null,"pcShow":0,"appShow":0,"deliver":0,"gradeDescription":null,"companyFullName":"北京吉威时代软件技术有限公司","adWord":0}]}},"code":0}