{"success":true,"requestId":null,"msg":null,"resubmitToken":null,"code":0,"content":{"pageNo":69,"pageSize":15,"positionResult":{"resultSize":15,"totalCount":1236,"locationInfo":{"queryByGisCode":false,"businessZone":null,"locationCode":null,"city":"北京","district":null},"queryAnalysisInfo":{"industryName":null,"usefulCompany":false,"positionName":"c","companyName":null},"strategyProperty":{"name":"dm-csearch-newSimScorer","id":1},"result":[{"companyId":124866,"businessZones":["上地","西二旗","马连洼"],"imState":"overSevenDays","lastLogin":1471488242000,"publisherId":4813068,"explain":null,"plus":null,"pcShow":0,"appShow":0,"deliver":0,"gradeDescription":null,"companyFullName":"北京领创拓展科技发展有限公司","formatCreateTime":"2016-08-01","positionName":"C#","workYear":"1-3年","education":"本科","jobNature":"全职","companyLogo":"i/image/M00/20/E4/Cgp3O1cPSdWAAE3AAACFE2f8ZdE504.jpg","salary":"8k-16k","city":"北京","financeStage":"初创型(未融资)","industryField":"移动互联网,硬件","positionId":1859842,"approve":0,"createTime":"2016-08-01 11:47:04","positionAdvantage":"项目分红 年假 五险一金","district":"海淀区","companyShortName":"北京领创","companyLabelList":["年终分红","带薪年假","绩效奖金","弹性工作"],"score":0,"companySize":"50-150人","adWord":0},{"companyId":50702,"businessZones":["望京","来广营"],"imState":"overSevenDays","lastLogin":1471189053000,"publisherId":5042468,"explain":null,"plus":null,"pcShow":0,"appShow":0,"deliver":0,"gradeDescription":null,"companyFullName":"北京三快在线科技有限公司","formatCreateTime":"2016-07-29","positionName":"服务端高级研发工程师-旅游C端","workYear":"3-5年","education":"本科","jobNature":"全职","companyLogo":"i/image/M00/4B/6C/CgqKkVefHv-AFoRzAAAuALF7ZZ0419.png","salary":"20k-40k","city":"北京","financeStage":"成熟型(D轮及以上)","industryField":"移动互联网,O2O","positionId":1938361,"approve":1,"createTime":"2016-07-29 17:03:20","positionAdvantage":"福利待遇","district":"朝阳区","companyShortName":"美团点评","companyLabelList":["技能培训","绩效奖金","岗位晋升","领导好"],"score":0,"companySize":"2000人以上","adWord":0},{"companyId":59316,"businessZones":null,"imState":"today","lastLogin":1472536854000,"publisherId":2359452,"explain":null,"plus":null,"pcShow":0,"appShow":0,"deliver":0,"gradeDescription":null,"companyFullName":"北京聚智未来科技股份有限公司","formatCreateTime":"2016-07-29","positionName":"产品经理-K12 C2C教育平台","workYear":"3-5年","education":"本科","jobNature":"全职","companyLogo":"i/image/M00/11/74/CgqKkVbiIxeAe8aFAAALzAao6tw057.png","salary":"15k-25k","city":"北京","financeStage":"上市公司","industryField":"移动互联网,教育","positionId":2016958,"approve":1,"createTime":"2016-07-29 14:45:33","positionAdvantage":"五险一金，餐饮补贴，弹性工作，带薪年假","district":null,"companyShortName":"优学习","companyLabelList":["技能培训","节日礼物","股票期权","带薪年假"],"score":0,"companySize":"150-500人","adWord":0},{"companyId":136389,"businessZones":["八里庄","十里堡","四惠"],"imState":"threeDays","lastLogin":1472433969000,"publisherId":5489882,"explain":null,"plus":null,"pcShow":0,"appShow":0,"deliver":0,"gradeDescription":null,"companyFullName":"国信嘉宁数据技术有限公司","formatCreateTime":"2016-07-29","positionName":"C#","workYear":"1-3年","education":"本科","jobNature":"全职","companyLogo":"i/image/M00/3D/7E/CgqKkVdyNM-AHFZwAAAGKabwWUE046.png","salary":"8k-15k","city":"北京","financeStage":"成长型(不需要融资)","industryField":"信息安全,数据服务","positionId":2097293,"approve":1,"createTime":"2016-07-29 12:09:08","positionAdvantage":"福利待遇好","district":"朝阳区","companyShortName":"国信嘉宁","companyLabelList":null,"score":0,"companySize":"150-500人","adWord":0},{"companyId":23951,"businessZones":["四惠","十里堡","甘露园"],"imState":"disabled","lastLogin":1472001750000,"publisherId":282482,"explain":null,"plus":null,"pcShow":0,"appShow":0,"deliver":0,"gradeDescription":null,"companyFullName":"北京快网科技有限公司","formatCreateTime":"2016-07-29","positionName":"Linux C/C++开发工程师","workYear":"3-5年","education":"大专","jobNature":"全职","companyLogo":"image1/M00/00/30/Cgo8PFTUXIKAOPsfAADkbWCJdAQ268.jpg","salary":"10k-20k","city":"北京","financeStage":"上市公司","industryField":"移动互联网,数据服务","positionId":132800,"approve":0,"createTime":"2016-07-29 11:51:46","positionAdvantage":"上市企业、14薪","district":"朝阳区","companyShortName":"北京快网","companyLabelList":["绩效奖金","五险一金","带薪年假","通讯津贴"],"score":0,"companySize":"150-500人","adWord":0},{"companyId":23727,"businessZones":["西三旗","清河","小营"],"imState":"disabled","lastLogin":1469760011000,"publisherId":1857546,"explain":null,"plus":null,"pcShow":0,"appShow":0,"deliver":0,"gradeDescription":null,"companyFullName":"同方知网（北京）技术有限公司","formatCreateTime":"2016-07-29","positionName":"C#","workYear":"1-3年","education":"本科","jobNature":"全职","companyLogo":"i/image/M00/00/6D/CgqKkVZJj_qAIz4tAAAZsDXnarY482.jpg","salary":"10k-15k","city":"北京","financeStage":"上市公司","industryField":"移动互联网,电子商务","positionId":759052,"approve":1,"createTime":"2016-07-29 10:40:58","positionAdvantage":"良好的企业文化和福利待遇","district":"海淀区","companyShortName":"知网","companyLabelList":["美女多多","带薪年假","绩效奖金","岗位晋升"],"score":0,"companySize":"2000人以上","adWord":0},{"companyId":76714,"businessZones":["五道口","清华大学","中关村"],"imState":"disabled","lastLogin":1471832376000,"publisherId":3756597,"explain":null,"plus":null,"pcShow":0,"appShow":0,"deliver":0,"gradeDescription":null,"companyFullName":"北京南天软件有限公司","formatCreateTime":"2016-07-29","positionName":"C","workYear":"3-5年","education":"本科","jobNature":"全职","companyLogo":"i/image/M00/15/5E/Cgp3O1brmSCAAAGjAABWDu7WoSc128.png","salary":"9k-17k","city":"北京","financeStage":"上市公司","industryField":"金融","positionId":1902370,"approve":0,"createTime":"2016-07-29 10:08:13","positionAdvantage":"五险一金 年终奖 定时体检 节日补助","district":"海淀区","companyShortName":"南软","companyLabelList":["交通补助","午餐补助","带薪年假","年底双薪"],"score":0,"companySize":"500-2000人","adWord":0},{"companyId":52935,"businessZones":null,"imState":"disabled","lastLogin":1469770053000,"publisherId":4164180,"explain":null,"plus":null,"pcShow":0,"appShow":0,"deliver":0,"gradeDescription":null,"companyFullName":"北京欧维博思软件有限公司","formatCreateTime":"2016-07-29","positionName":"C#-客户端","workYear":"1-3年","education":"本科","jobNature":"全职","companyLogo":"i/image/M00/17/A5/Cgp3O1byMeKAD7XMAAAYC-s18WQ968.jpg","salary":"10k-17k","city":"北京","financeStage":"成长型(不需要融资)","industryField":"企业服务,数据服务","positionId":1949207,"approve":1,"createTime":"2016-07-29 09:36:32","positionAdvantage":"六险一金+绩效奖金+员工旅游+定期团建","district":null,"companyShortName":"FuturMaster","companyLabelList":["英语培训","巴黎培训","弹性工作","六险一金"],"score":0,"companySize":"150-500人","adWord":0},{"companyId":8665,"businessZones":["工体","朝阳门","三里屯"],"imState":"disabled","lastLogin":1470712056000,"publisherId":106895,"explain":null,"plus":null,"pcShow":0,"appShow":0,"deliver":0,"gradeDescription":null,"companyFullName":"深圳市金蝶中间件软件系统有限公司","formatCreateTime":"2016-07-29","positionName":"高级开发工程师（QT\\C++）","workYear":"3-5年","education":"本科","jobNature":"全职","companyLogo":"image1/M00/00/12/Cgo8PFTUWDWAa5W5AABXknoZHRw998.jpg","salary":"13k-15k","city":"北京","financeStage":"成熟型(C轮)","industryField":"移动互联网,企业服务","positionId":2124637,"approve":1,"createTime":"2016-07-29 09:23:01","positionAdvantage":"五险一金 带薪年假、绩效奖金、免费体检","district":"东城区","companyShortName":"金蝶中间件","companyLabelList":["岗位晋升","管理规范","五险一金"],"score":0,"companySize":"2000人以上","adWord":0},{"companyId":136390,"businessZones":["学院路","北航","五道口"],"imState":"overSevenDays","lastLogin":1471679171000,"publisherId":444299,"explain":null,"plus":null,"pcShow":0,"appShow":0,"deliver":0,"gradeDescription":null,"companyFullName":"北京中科开迪软件有限公司","formatCreateTime":"2016-07-29","positionName":"C++","workYear":"1-3年","education":"本科","jobNature":"全职","companyLogo":"i/image/M00/3D/67/CgqKkVdyGTCAclOnAACXxbBVsIM751.png","salary":"12k-24k","city":"北京","financeStage":"初创型(天使轮)","industryField":"数据服务","positionId":2155661,"approve":0,"createTime":"2016-07-29 08:46:54","positionAdvantage":"团队和谐,免费中晚餐,弹性工作制,工作环境优","district":"海淀区","companyShortName":"KDS","companyLabelList":null,"score":0,"companySize":"15-50人","adWord":0},{"companyId":141320,"businessZones":["学院路","北航","北太平庄"],"imState":"overSevenDays","lastLogin":1471836732000,"publisherId":5776736,"explain":null,"plus":null,"pcShow":0,"appShow":0,"deliver":0,"gradeDescription":null,"companyFullName":"北京易驾佳信息科技有限公司","formatCreateTime":"2016-07-28","positionName":"C/C++软件开发工程师","workYear":"1-3年","education":"本科","jobNature":"全职","companyLogo":"i/image/M00/4A/3B/Cgp3O1eZuzGAAXl1AAHuVT0GccU140.png","salary":"8k-12k","city":"北京","financeStage":"初创型(不需要融资)","industryField":"其他","positionId":2164143,"approve":0,"createTime":"2016-07-28 18:14:27","positionAdvantage":"世界前沿产品，提供一个实现自我的舞台","district":"海淀区","companyShortName":"北京易驾佳信息科技有限公司","companyLabelList":null,"score":0,"companySize":"15-50人","adWord":0},{"companyId":64615,"businessZones":["鲁谷","永乐","八宝山"],"imState":"disabled","lastLogin":1470191440000,"publisherId":1604525,"explain":null,"plus":null,"pcShow":0,"appShow":0,"deliver":0,"gradeDescription":null,"companyFullName":"北京百酷门科技有限公司","formatCreateTime":"2016-07-28","positionName":"手游客户端开发C++","workYear":"不限","education":"大专","jobNature":"全职","companyLogo":"image1/M00/1F/BA/CgYXBlU0quWAHnAmAABJsqi9zvE981.png","salary":"5k-10k","city":"北京","financeStage":"初创型(不需要融资)","industryField":"移动互联网,游戏","positionId":937715,"approve":0,"createTime":"2016-07-28 17:58:42","positionAdvantage":"大牛主程 快速成长 周周双休 不加班","district":"石景山区","companyShortName":"百酷门","companyLabelList":["年底双薪","专项奖金","带薪年假","扁平管理"],"score":0,"companySize":"15-50人","adWord":0},{"companyId":114110,"businessZones":["姚家园","石佛营","十里堡"],"imState":"disabled","lastLogin":1471939320000,"publisherId":1608735,"explain":null,"plus":null,"pcShow":0,"appShow":0,"deliver":0,"gradeDescription":null,"companyFullName":"乐视网信息技术（北京）股份有限公司","formatCreateTime":"2016-07-28","positionName":"C++ 搜索引擎资深研发工程师","workYear":"3-5年","education":"本科","jobNature":"全职","companyLogo":"i/image/M00/04/2B/Cgp3O1bGwzWAEAB4AAAbnMQCudk783.jpg","salary":"30k-40k","city":"北京","financeStage":"上市公司","industryField":"移动互联网","positionId":596558,"approve":1,"createTime":"2016-07-28 17:57:04","positionAdvantage":"弹性工作制，交通补助，通信补助","district":"朝阳区","companyShortName":"乐视","companyLabelList":["股票期权","交通补助","通讯津贴","带薪年假"],"score":0,"companySize":"2000人以上","adWord":0},{"companyId":85467,"businessZones":null,"imState":"overSevenDays","lastLogin":1469691452000,"publisherId":5030148,"explain":null,"plus":null,"pcShow":0,"appShow":0,"deliver":0,"gradeDescription":null,"companyFullName":"上海奥菲广告传媒有限公司北京分公司","formatCreateTime":"2016-07-28","positionName":"C++高级工程师（DSP、DMP开发）","workYear":"5-10年","education":"大专","jobNature":"全职","companyLogo":"i/image/M00/02/B4/CgqKkVaYjpaAGoisAAAgLQmp5LI462.jpg","salary":"18k-25k","city":"北京","financeStage":"成长型(A轮)","industryField":"移动互联网,O2O","positionId":2114713,"approve":1,"createTime":"2016-07-28 15:52:06","positionAdvantage":"行业热、领导好、福利全、颜值高","district":null,"companyShortName":"奥菲传媒","companyLabelList":["节日礼物","股票期权","带薪年假","绩效奖金"],"score":0,"companySize":"50-150人","adWord":0},{"companyId":131953,"businessZones":["上地","马连洼","西二旗"],"imState":"disabled","lastLogin":1470190028000,"publisherId":5199585,"explain":null,"plus":null,"pcShow":0,"appShow":0,"deliver":0,"gradeDescription":null,"companyFullName":"禾责科技（北京）有限公司","formatCreateTime":"2016-07-28","positionName":"C++","workYear":"1-3年","education":"本科","jobNature":"全职","companyLogo":"i/image/M00/30/E4/CgqKkVdH9_2AfBTBAAAKjO4Gvok151.jpg","salary":"10k-15k","city":"北京","financeStage":"初创型(未融资)","industryField":"移动互联网,企业服务","positionId":2109760,"approve":0,"createTime":"2016-07-28 15:46:16","positionAdvantage":"个人发展","district":"海淀区","companyShortName":"禾责科技","companyLabelList":["带薪年假","弹性工作","领导好","技能培训"],"score":0,"companySize":"少于15人","adWord":0}]}}}