{"success":true,"requestId":null,"resubmitToken":null,"msg":null,"content":{"pageNo":70,"pageSize":15,"positionResult":{"resultSize":15,"totalCount":1236,"locationInfo":{"businessZone":null,"queryByGisCode":false,"locationCode":null,"city":"北京","district":null},"queryAnalysisInfo":{"industryName":null,"usefulCompany":false,"positionName":"c","companyName":null},"strategyProperty":{"name":"dm-csearch-newSimScorer","id":1},"result":[{"formatCreateTime":"2016-08-01","createTime":"2016-08-01 11:47:02","companyId":124866,"positionName":"C#","education":"本科","city":"北京","positionId":1942361,"financeStage":"初创型(未融资)","companyShortName":"北京领创","companyLogo":"i/image/M00/20/E4/Cgp3O1cPSdWAAE3AAACFE2f8ZdE504.jpg","salary":"8k-16k","industryField":"移动互联网,硬件","district":"海淀区","companyLabelList":["年终分红","带薪年假","绩效奖金","弹性工作"],"positionAdvantage":"独立核算，五险一金，弹性工作制，年底分红","jobNature":"全职","workYear":"1-3年","approve":0,"score":0,"companySize":"50-150人","businessZones":["上地","西二旗","马连洼"],"imState":"overSevenDays","lastLogin":1471488242000,"publisherId":4813068,"explain":null,"plus":null,"pcShow":0,"appShow":0,"deliver":0,"gradeDescription":null,"companyFullName":"北京领创拓展科技发展有限公司","adWord":0},{"formatCreateTime":"2016-07-29","createTime":"2016-07-29 14:45:31","companyId":59316,"positionName":"产品经理-K12 C2C教育平台","education":"本科","city":"北京","positionId":2016956,"financeStage":"上市公司","companyShortName":"优学习","companyLogo":"i/image/M00/11/74/CgqKkVbiIxeAe8aFAAALzAao6tw057.png","salary":"15k-25k","industryField":"移动互联网,教育","district":null,"companyLabelList":["技能培训","节日礼物","股票期权","带薪年假"],"positionAdvantage":"五险一金，餐饮补贴，弹性工作，带薪年假","jobNature":"全职","workYear":"3-5年","approve":1,"score":0,"companySize":"150-500人","businessZones":null,"imState":"today","lastLogin":1472536854000,"publisherId":2359452,"explain":null,"plus":null,"pcShow":0,"appShow":0,"deliver":0,"gradeDescription":null,"companyFullName":"北京聚智未来科技股份有限公司","adWord":0},{"formatCreateTime":"2016-07-29","createTime":"2016-07-29 09:36:32","companyId":52935,"positionName":"C#-服务端","education":"本科","city":"北京","positionId":1949217,"financeStage":"成长型(不需要融资)","companyShortName":"FuturMaster","companyLogo":"i/image/M00/17/A5/Cgp3O1byMeKAD7XMAAAYC-s18WQ968.jpg","salary":"10k-17k","industryField":"企业服务,数据服务","district":null,"companyLabelList":["英语培训","巴黎培训","弹性工作","六险一金"],"positionAdvantage":"六险一金+绩效奖金+员工旅游+定期团建","jobNature":"全职","workYear":"1-3年","approve":1,"score":0,"companySize":"150-500人","businessZones":null,"imState":"disabled","lastLogin":1469770053000,"publisherId":4164180,"explain":null,"plus":null,"pcShow":0,"appShow":0,"deliver":0,"gradeDescription":null,"companyFullName":"北京欧维博思软件有限公司","adWord":0},{"formatCreateTime":"2016-07-28","createTime":"2016-07-28 17:58:41","companyId":64615,"positionName":"游戏开发工程师C++","education":"大专","city":"北京","positionId":593058,"financeStage":"初创型(不需要融资)","companyShortName":"百酷门","companyLogo":"image1/M00/1F/BA/CgYXBlU0quWAHnAmAABJsqi9zvE981.png","salary":"5k-10k","industryField":"移动互联网,游戏","district":"石景山区","companyLabelList":["年底双薪","专项奖金","带薪年假","扁平管理"],"positionAdvantage":"大牛主程 快速成长 周周双休 不加班","jobNature":"全职","workYear":"不限","approve":0,"score":0,"companySize":"15-50人","businessZones":["鲁谷","永乐","八宝山"],"imState":"disabled","lastLogin":1470191440000,"publisherId":1604525,"explain":null,"plus":null,"pcShow":0,"appShow":0,"deliver":0,"gradeDescription":null,"companyFullName":"北京百酷门科技有限公司","adWord":0},{"formatCreateTime":"2016-07-28","createTime":"2016-07-28 17:56:31","companyId":114110,"positionName":"C++ 搜索引擎开发工程师","education":"本科","city":"北京","positionId":596491,"financeStage":"上市公司","companyShortName":"乐视","companyLogo":"i/image/M00/04/2B/Cgp3O1bGwzWAEAB4AAAbnMQCudk783.jpg","salary":"15k-25k","industryField":"移动互联网","district":"朝阳区","companyLabelList":["股票期权","交通补助","通讯津贴","带薪年假"],"positionAdvantage":"弹性工作制，交通补助，通信补助","jobNature":"全职","workYear":"1-3年","approve":1,"score":0,"companySize":"2000人以上","businessZones":["姚家园","石佛营","十里堡"],"imState":"disabled","lastLogin":1471939320000,"publisherId":1608735,"explain":null,"plus":null,"pcShow":0,"appShow":0,"deliver":0,"gradeDescription":null,"companyFullName":"乐视网信息技术（北京）股份有限公司","adWord":0},{"formatCreateTime":"2016-07-28","createTime":"2016-07-28 14:48:19","companyId":89843,"positionName":"C++","education":"不限","city":"北京","positionId":994735,"financeStage":"成长型(不需要融资)","companyShortName":"北琪医疗","companyLogo":"image1/M00/43/52/Cgo8PFXRQ-WASGRFAABLvKTsDS0722.jpg?cc=0.9194447039626539","salary":"8k-10k","industryField":"医疗健康","district":"海淀区","companyLabelList":["年底双薪","免费班车","带薪年假","绩效奖金"],"positionAdvantage":"高薪；五险一金；带薪年假；免费班车及午餐","jobNature":"全职","workYear":"不限","approve":1,"score":0,"companySize":"50-150人","businessZones":["四季青"],"imState":"disabled","lastLogin":1472565569000,"publisherId":2321258,"explain":null,"plus":null,"pcShow":0,"appShow":0,"deliver":0,"gradeDescription":null,"companyFullName":"北京北琪医疗科技有限公司","adWord":0},{"formatCreateTime":"2016-07-28","createTime":"2016-07-28 11:42:26","companyId":24542,"positionName":"C++服务器开发工程师","education":"本科","city":"北京","positionId":179908,"financeStage":"上市公司","companyShortName":"华清飞扬","companyLogo":"image1/M00/31/19/CgYXBlWKf4CALk0gAABQ-E1peWY641.jpg","salary":"10k-20k","industryField":"游戏","district":"东城区","companyLabelList":["年底双薪","绩效奖金","年度旅游","岗位晋升"],"positionAdvantage":"六险一金 双休 12天年假","jobNature":"全职","workYear":"1-3年","approve":1,"score":0,"companySize":"150-500人","businessZones":["北京站","建国门"],"imState":"threeDays","lastLogin":1472463191000,"publisherId":396917,"explain":null,"plus":null,"pcShow":0,"appShow":0,"deliver":0,"gradeDescription":null,"companyFullName":"北京华清飞扬通信技术有限公司","adWord":0},{"formatCreateTime":"2016-07-28","createTime":"2016-07-28 11:21:46","companyId":39120,"positionName":"C#开发工程师","education":"大专","city":"北京","positionId":1946987,"financeStage":"上市公司","companyShortName":"漫道科技","companyLogo":"i/image/M00/01/EA/Cgp3O1Z7VMqATSCuAAA_10zMFN0011.png","salary":"10k-15k","industryField":"移动互联网,电子商务","district":"海淀区","companyLabelList":["带薪年假","绩效奖金","岗位晋升","定期体检"],"positionAdvantage":"五险一金 绩效奖金 年底双薪","jobNature":"全职","workYear":"3-5年","approve":1,"score":0,"companySize":"500-2000人","businessZones":["苏州桥","万柳","万泉河"],"imState":"threeDays","lastLogin":1472456210000,"publisherId":1614188,"explain":null,"plus":null,"pcShow":0,"appShow":0,"deliver":0,"gradeDescription":null,"companyFullName":"北京创世漫道科技有限公司","adWord":0},{"formatCreateTime":"2016-07-28","createTime":"2016-07-28 10:30:34","companyId":329,"positionName":"C++后台开发工程师","education":"硕士","city":"北京","positionId":1944025,"financeStage":"上市公司","companyShortName":"网易","companyLogo":"image1/M00/1C/DB/Cgo8PFUnbyyAOmwZAABKPABIzv8461.png","salary":"25k-30k","industryField":"数据服务,文化娱乐","district":null,"companyLabelList":["节日礼物","技能培训","免费班车","带薪年假"],"positionAdvantage":"平台大，工作有挑战","jobNature":"全职","workYear":"3-5年","approve":1,"score":0,"companySize":"2000人以上","businessZones":null,"imState":"today","lastLogin":1472550869000,"publisherId":118683,"explain":null,"plus":null,"pcShow":0,"appShow":0,"deliver":0,"gradeDescription":null,"companyFullName":"网之易信息技术（北京）有限公司","adWord":0},{"formatCreateTime":"2016-07-27","createTime":"2016-07-27 20:07:17","companyId":107423,"positionName":"PHP高级开发工程师-C2B业务部","education":"本科","city":"北京","positionId":2158449,"financeStage":"成长型(A轮)","companyShortName":"瓜子二手车直卖网","companyLogo":"i/image/M00/0B/AE/Cgp3O1bWYyOAQo96AAC1TQO-4Cg541.jpg","salary":"25k-35k","industryField":"O2O","district":"海淀区","companyLabelList":["带薪年假","弹性工作","免费班车","美女多"],"positionAdvantage":"大牛带队 新业务 期权多多","jobNature":"全职","workYear":"3-5年","approve":0,"score":0,"companySize":"2000人以上","businessZones":["上地","马连洼","西二旗"],"imState":"today","lastLogin":1472555599000,"publisherId":3548181,"explain":null,"plus":null,"pcShow":0,"appShow":0,"deliver":0,"gradeDescription":null,"companyFullName":"车好多旧机动车经纪(北京)有限公司","adWord":0},{"formatCreateTime":"2016-07-27","createTime":"2016-07-27 17:27:45","companyId":141214,"positionName":"C","education":"本科","city":"北京","positionId":2157603,"financeStage":"上市公司","companyShortName":"华高世纪","companyLogo":"i/image/M00/49/D7/CgqKkVeYb4iARZiMAACfMevyLls716.png","salary":"10k-20k","industryField":"硬件","district":"朝阳区","companyLabelList":null,"positionAdvantage":"地铁、动车行业","jobNature":"全职","workYear":"5-10年","approve":0,"score":0,"companySize":"150-500人","businessZones":["大山子","酒仙桥","将台路"],"imState":"disabled","lastLogin":1472012257000,"publisherId":5770394,"explain":null,"plus":null,"pcShow":0,"appShow":0,"deliver":0,"gradeDescription":null,"companyFullName":"北京华高世纪科技股份有限公司","adWord":0},{"formatCreateTime":"2016-07-27","createTime":"2016-07-27 17:18:56","companyId":91,"positionName":"架构师 C++","education":"本科","city":"北京","positionId":1754081,"financeStage":"上市公司","companyShortName":"阿里巴巴移动事业群-高德","companyLogo":"i/image/M00/01/92/CgqKkVZv9oyAebyDAACpLbec-1E022.jpg","salary":"30k-50k","industryField":"移动互联网","district":"朝阳区","companyLabelList":["弹性工作","帅哥多","美女多","五险一金"],"positionAdvantage":"大阿里， 数据平台， 地图专家","jobNature":"全职","workYear":"5-10年","approve":1,"score":0,"companySize":"2000人以上","businessZones":["望京","花家地","大山子"],"imState":"disabled","lastLogin":1472540217000,"publisherId":820566,"explain":null,"plus":null,"pcShow":0,"appShow":0,"deliver":0,"gradeDescription":null,"companyFullName":"高德软件有限公司","adWord":0},{"formatCreateTime":"2016-07-27","createTime":"2016-07-27 16:10:07","companyId":140983,"positionName":"c#工程师","education":"大专","city":"北京","positionId":2156841,"financeStage":"初创型(未融资)","companyShortName":"江苏乐希","companyLogo":"i/image/M00/49/CC/CgqKkVeYXZCAU0n8AAAHhbw8ZHM581.gif","salary":"3k-5k","industryField":"移动互联网,硬件","district":"海淀区","companyLabelList":null,"positionAdvantage":"工作时间和地点可以自由分配，薪资待遇从优","jobNature":"兼职","workYear":"不限","approve":0,"score":0,"companySize":"50-150人","businessZones":null,"imState":"disabled","lastLogin":1471483333000,"publisherId":5759070,"explain":null,"plus":null,"pcShow":0,"appShow":0,"deliver":0,"gradeDescription":null,"companyFullName":"江苏乐希科技有限公司","adWord":0},{"formatCreateTime":"2016-07-27","createTime":"2016-07-27 15:40:24","companyId":39793,"positionName":"C++","education":"本科","city":"北京","positionId":1815975,"financeStage":"成熟型(不需要融资)","companyShortName":"中科院自动化所","companyLogo":"image1/M00/00/61/CgYXBlTUXVGAdnarAACeb6MPuzM189.jpg","salary":"1k-2k","industryField":"数据服务","district":"海淀区","companyLabelList":["带薪年假","岗位晋升","定期体检","五险一金"],"positionAdvantage":"良好的成长发展平台","jobNature":"实习","workYear":"不限","approve":0,"score":0,"companySize":"2000人以上","businessZones":null,"imState":"disabled","lastLogin":1472434602000,"publisherId":697876,"explain":null,"plus":null,"pcShow":0,"appShow":0,"deliver":0,"gradeDescription":null,"companyFullName":"中国科学院自动化研究所","adWord":0},{"formatCreateTime":"2016-07-27","createTime":"2016-07-27 15:15:58","companyId":40970,"positionName":"C/C++工程师","education":"本科","city":"北京","positionId":1426179,"financeStage":"成熟型(不需要融资)","companyShortName":"中科院信工所","companyLogo":"image2/M00/07/29/CgpzWlX9_AiAVXHCAAAKv8J_xRI472.jpg","salary":"6k-8k","industryField":"移动互联网","district":"海淀区","companyLabelList":["免费班车","带薪年假","绩效奖金","岗位晋升"],"positionAdvantage":"五险一金，双休，环境好","jobNature":"全职","workYear":"不限","approve":0,"score":0,"companySize":"500-2000人","businessZones":["香山"],"imState":"today","lastLogin":1472541533000,"publisherId":3758497,"explain":null,"plus":null,"pcShow":0,"appShow":0,"deliver":0,"gradeDescription":null,"companyFullName":"中国科学院信息工程研究所","adWord":0}]}},"code":0}