{"success":true,"requestId":null,"resubmitToken":null,"msg":null,"content":{"pageNo":71,"pageSize":15,"positionResult":{"resultSize":15,"totalCount":1236,"locationInfo":{"businessZone":null,"queryByGisCode":false,"locationCode":null,"city":"北京","district":null},"queryAnalysisInfo":{"industryName":null,"usefulCompany":false,"positionName":"c","companyName":null},"strategyProperty":{"name":"dm-csearch-newSimScorer","id":1},"result":[{"formatCreateTime":"2016-07-29","createTime":"2016-07-29 09:36:31","companyId":52935,"positionName":"C++","education":"本科","city":"北京","positionId":1536748,"financeStage":"成长型(不需要融资)","companyShortName":"FuturMaster","companyLogo":"i/image/M00/17/A5/Cgp3O1byMeKAD7XMAAAYC-s18WQ968.jpg","salary":"15k-25k","industryField":"企业服务,数据服务","district":"朝阳区","companyLabelList":["英语培训","巴黎培训","弹性工作","六险一金"],"positionAdvantage":"六险一金+绩效奖金+员工旅游+定期团建","jobNature":"全职","workYear":"3-5年","approve":1,"score":0,"companySize":"150-500人","businessZones":["工体","三里屯","团结湖"],"imState":"disabled","lastLogin":1469770053000,"publisherId":4164180,"explain":null,"plus":null,"pcShow":0,"appShow":0,"deliver":0,"gradeDescription":null,"companyFullName":"北京欧维博思软件有限公司","adWord":0},{"formatCreateTime":"2016-07-28","createTime":"2016-07-28 17:58:39","companyId":64615,"positionName":"移动游戏开发工程师C++","education":"大专","city":"北京","positionId":593092,"financeStage":"初创型(不需要融资)","companyShortName":"百酷门","companyLogo":"image1/M00/1F/BA/CgYXBlU0quWAHnAmAABJsqi9zvE981.png","salary":"5k-9k","industryField":"移动互联网,游戏","district":"石景山区","companyLabelList":["年底双薪","专项奖金","带薪年假","扁平管理"],"positionAdvantage":"大牛主程 快速成长 周周双休 不加班","jobNature":"全职","workYear":"不限","approve":0,"score":0,"companySize":"15-50人","businessZones":["鲁谷","永乐","八宝山"],"imState":"disabled","lastLogin":1470191440000,"publisherId":1604525,"explain":null,"plus":null,"pcShow":0,"appShow":0,"deliver":0,"gradeDescription":null,"companyFullName":"北京百酷门科技有限公司","adWord":0},{"formatCreateTime":"2016-07-27","createTime":"2016-07-27 20:04:27","companyId":107423,"positionName":"PHP高级研发工程师-C2C部门","education":"本科","city":"北京","positionId":2158439,"financeStage":"成长型(A轮)","companyShortName":"瓜子二手车直卖网","companyLogo":"i/image/M00/0B/AE/Cgp3O1bWYyOAQo96AAC1TQO-4Cg541.jpg","salary":"25k-35k","industryField":"O2O","district":"海淀区","companyLabelList":["带薪年假","弹性工作","免费班车","美女多"],"positionAdvantage":"C2C 重要业务部门 高薪 年终奖多多","jobNature":"全职","workYear":"3-5年","approve":0,"score":0,"companySize":"2000人以上","businessZones":["上地","马连洼","西二旗"],"imState":"today","lastLogin":1472555599000,"publisherId":3548181,"explain":null,"plus":null,"pcShow":0,"appShow":0,"deliver":0,"gradeDescription":null,"companyFullName":"车好多旧机动车经纪(北京)有限公司","adWord":0},{"formatCreateTime":"2016-07-27","createTime":"2016-07-27 17:18:31","companyId":91,"positionName":"C++后端服务高级研发工程师","education":"本科","city":"北京","positionId":390550,"financeStage":"上市公司","companyShortName":"阿里巴巴移动事业群-高德","companyLogo":"i/image/M00/01/92/CgqKkVZv9oyAebyDAACpLbec-1E022.jpg","salary":"20k-30k","industryField":"移动互联网","district":"朝阳区","companyLabelList":["弹性工作","帅哥多","美女多","五险一金"],"positionAdvantage":"大阿里， 数据专家","jobNature":"全职","workYear":"3-5年","approve":1,"score":0,"companySize":"2000人以上","businessZones":["望京","花家地","大山子"],"imState":"disabled","lastLogin":1472540217000,"publisherId":820566,"explain":null,"plus":null,"pcShow":0,"appShow":0,"deliver":0,"gradeDescription":null,"companyFullName":"高德软件有限公司","adWord":0},{"formatCreateTime":"2016-07-27","createTime":"2016-07-27 15:40:12","companyId":39793,"positionName":"C++","education":"硕士","city":"北京","positionId":1245663,"financeStage":"成熟型(不需要融资)","companyShortName":"中科院自动化所","companyLogo":"image1/M00/00/61/CgYXBlTUXVGAdnarAACeb6MPuzM189.jpg","salary":"1k-2k","industryField":"数据服务","district":"海淀区","companyLabelList":["带薪年假","岗位晋升","定期体检","五险一金"],"positionAdvantage":"氛围好 可以参加实际项目研发","jobNature":"实习","workYear":"不限","approve":0,"score":0,"companySize":"2000人以上","businessZones":["中关村","知春路","双榆树"],"imState":"disabled","lastLogin":1472434602000,"publisherId":697876,"explain":null,"plus":null,"pcShow":0,"appShow":0,"deliver":0,"gradeDescription":null,"companyFullName":"中国科学院自动化研究所","adWord":0},{"formatCreateTime":"2016-07-27","createTime":"2016-07-27 14:54:03","companyId":123864,"positionName":"C++软件工程师","education":"本科","city":"北京","positionId":1913512,"financeStage":"初创型(天使轮)","companyShortName":"曼美","companyLogo":"i/image/M00/49/CC/CgqKkVeYXPuAf3uJAAAbl5wMT2A083.jpg","salary":"15k-20k","industryField":"社交网络,企业服务","district":"朝阳区","companyLabelList":null,"positionAdvantage":"外企氛围，现磨咖啡及不限量小吃，带薪年假","jobNature":"全职","workYear":"3-5年","approve":0,"score":0,"companySize":"15-50人","businessZones":null,"imState":"today","lastLogin":1472568036000,"publisherId":4760622,"explain":null,"plus":null,"pcShow":0,"appShow":0,"deliver":0,"gradeDescription":null,"companyFullName":"北京曼美传媒科技有限公司","adWord":0},{"formatCreateTime":"2016-07-27","createTime":"2016-07-27 14:41:07","companyId":12557,"positionName":"零售3C行业客户销售","education":"本科","city":"北京","positionId":1397385,"financeStage":"成熟型(D轮及以上)","companyShortName":"百分点","companyLogo":"i/image/M00/00/F8/Cgp3O1Zc7oGASDcdAACj7bpYee8931.png","salary":"8k-15k","industryField":"数据服务","district":"朝阳区","companyLabelList":["节日礼物","年底双薪","定期体检","通讯津贴"],"positionAdvantage":"13薪；弹性工作时间；","jobNature":"全职","workYear":"3-5年","approve":1,"score":0,"companySize":"500-2000人","businessZones":["大屯","奥运村","亚运村"],"imState":"overSevenDays","lastLogin":1470624399000,"publisherId":2240135,"explain":null,"plus":null,"pcShow":0,"appShow":0,"deliver":0,"gradeDescription":null,"companyFullName":"北京百分点信息科技有限公司","adWord":0},{"formatCreateTime":"2016-07-27","createTime":"2016-07-27 13:50:08","companyId":127515,"positionName":"C#研发工程师","education":"本科","city":"北京","positionId":1973010,"financeStage":"上市公司","companyShortName":"搜房网","companyLogo":"i/image/M00/26/D3/CgqKkVci_sWAKNQgAAB1XwCg7Vo206.png","salary":"10k-20k","industryField":"数据服务,企业服务","district":"丰台区","companyLabelList":["年底双薪","午餐补助","带薪年假","定期体检"],"positionAdvantage":"五险一金、支付方向、工作氛围轻松","jobNature":"全职","workYear":"3-5年","approve":0,"score":0,"companySize":"2000人以上","businessZones":["花乡","看丹桥"],"imState":"overSevenDays","lastLogin":1470708156000,"publisherId":3114061,"explain":null,"plus":null,"pcShow":0,"appShow":0,"deliver":0,"gradeDescription":null,"companyFullName":"北京搜房网络技术有限公司","adWord":0},{"formatCreateTime":"2016-07-27","createTime":"2016-07-27 13:40:32","companyId":108931,"positionName":"C + +开发","education":"本科","city":"北京","positionId":1368194,"financeStage":"初创型(不需要融资)","companyShortName":"联程科技","companyLogo":"i/image/M00/01/46/Cgp3O1ZmUVyAZNnuAAAqG9Pt5y8371.jpg","salary":"15k-20k","industryField":"信息安全,企业服务","district":"海淀区","companyLabelList":null,"positionAdvantage":"五险一金、弹性时间、餐补、交通通讯补助","jobNature":"全职","workYear":"3-5年","approve":1,"score":0,"companySize":"15-50人","businessZones":["中关村","苏州街","苏州桥"],"imState":"disabled","lastLogin":1469597854000,"publisherId":3419535,"explain":null,"plus":null,"pcShow":0,"appShow":0,"deliver":0,"gradeDescription":null,"companyFullName":"北京联程科技有限责任公司","adWord":0},{"formatCreateTime":"2016-07-27","createTime":"2016-07-27 12:02:35","companyId":105391,"positionName":"技术合伙人，架构师，C语言程序高手","education":"本科","city":"北京","positionId":2154675,"financeStage":"初创型(未融资)","companyShortName":"北京新桥信通","companyLogo":"image2/M00/14/81/CgpzWlZAMX-AOwAXAABkWHJMw1g103.png?cc=0.9932741657830775","salary":"25k-50k","industryField":"企业服务,数据服务","district":"昌平区","companyLabelList":["带薪年假","通讯津贴","五险一金","交通补助"],"positionAdvantage":"公司拟上新三板，股票期权","jobNature":"全职","workYear":"5-10年","approve":0,"score":0,"companySize":"15-50人","businessZones":["沙河"],"imState":"disabled","lastLogin":1472440003000,"publisherId":3111268,"explain":null,"plus":null,"pcShow":0,"appShow":0,"deliver":0,"gradeDescription":null,"companyFullName":"北京新桥信通科技有限公司","adWord":0},{"formatCreateTime":"2016-07-27","createTime":"2016-07-27 11:36:33","companyId":128482,"positionName":"C/C++","education":"大专","city":"北京","positionId":1793858,"financeStage":"初创型(不需要融资)","companyShortName":"CoyoteGames","companyLogo":"i/image/M00/28/E9/Cgp3O1csdAaAa6k4AABG9Va-go4204.jpg","salary":"8k-13k","industryField":"游戏,移动互联网","district":"东城区","companyLabelList":null,"positionAdvantage":"弹性工作，员工健身，节日慰问，生日月","jobNature":"全职","workYear":"1-3年","approve":0,"score":0,"companySize":"15-50人","businessZones":["雍和宫","安定门","北新桥","雍和宫","安定门","北新桥"],"imState":"today","lastLogin":1472540102000,"publisherId":3719293,"explain":null,"plus":null,"pcShow":0,"appShow":0,"deliver":0,"gradeDescription":null,"companyFullName":"科游迪（北京）信息技术有限公司","adWord":0},{"formatCreateTime":"2016-07-27","createTime":"2016-07-27 10:50:46","companyId":140907,"positionName":".NET(C#)软件工程师（3名）","education":"本科","city":"北京","positionId":2153840,"financeStage":"成熟型(不需要融资)","companyShortName":"北京博纳电气股份有限公司","companyLogo":"i/image/M00/49/AF/Cgp3O1eYJjmAeOEdAAARWDu6oks379.jpg","salary":"8k-13k","industryField":"其他","district":"昌平区","companyLabelList":null,"positionAdvantage":"13薪、五险一金、带薪年假、项目奖金","jobNature":"全职","workYear":"1-3年","approve":1,"score":0,"companySize":"500-2000人","businessZones":["回龙观","龙泽"],"imState":"today","lastLogin":1472565507000,"publisherId":5757047,"explain":null,"plus":null,"pcShow":0,"appShow":0,"deliver":0,"gradeDescription":null,"companyFullName":"北京博纳电气股份有限公司","adWord":0},{"formatCreateTime":"2016-07-27","createTime":"2016-07-27 10:18:38","companyId":42538,"positionName":"C++","education":"本科","city":"北京","positionId":2153437,"financeStage":"成熟型(不需要融资)","companyShortName":"博奥生物","companyLogo":"image1/M00/00/6A/Cgo8PFTUXXeAdRwrAAC9ZL7rzqE438.PNG","salary":"10k-20k","industryField":"医疗健康","district":"昌平区","companyLabelList":["技能培训","年底双薪","节日礼物","绩效奖金"],"positionAdvantage":"六险一金 带薪年假 国有控股 工作居住证；","jobNature":"全职","workYear":"3-5年","approve":1,"score":0,"companySize":"500-2000人","businessZones":null,"imState":"disabled","lastLogin":1469597334000,"publisherId":5766597,"explain":null,"plus":null,"pcShow":0,"appShow":0,"deliver":0,"gradeDescription":null,"companyFullName":"博奥生物集团有限公司","adWord":0},{"formatCreateTime":"2016-07-27","createTime":"2016-07-27 10:00:03","companyId":78059,"positionName":"C#.net","education":"大专","city":"北京","positionId":2153192,"financeStage":"初创型(未融资)","companyShortName":"1039科技","companyLogo":"image1/M00/38/EE/CgYXBlWnSWiAR-ZeAAAZOQDLzOc901.png","salary":"8k-10k","industryField":"移动互联网,企业服务","district":"丰台区","companyLabelList":["节日礼物","专项奖金","绩效奖金","岗位晋升"],"positionAdvantage":"弹性考勤","jobNature":"全职","workYear":"1-3年","approve":1,"score":0,"companySize":"50-150人","businessZones":["西客站","六里桥","太平桥"],"imState":"overSevenDays","lastLogin":1471601613000,"publisherId":5218424,"explain":null,"plus":null,"pcShow":0,"appShow":0,"deliver":0,"gradeDescription":null,"companyFullName":"北京壹零叁玖科技发展有限公司","adWord":0},{"formatCreateTime":"2016-07-27","createTime":"2016-07-27 09:57:03","companyId":8144,"positionName":"Windows开发工程师（C++）","education":"本科","city":"北京","positionId":2153153,"financeStage":"成长型(不需要融资)","companyShortName":"创而新","companyLogo":"image1/M00/00/11/Cgo8PFTUWDGAGy6oAABJBy-7JP8207.png","salary":"10k-20k","industryField":"移动互联网,教育","district":"海淀区","companyLabelList":["股票期权","专项奖金","绩效奖金","五险一金"],"positionAdvantage":"教育行业攒人品哟~~","jobNature":"全职","workYear":"1-3年","approve":1,"score":0,"companySize":"150-500人","businessZones":["万柳","苏州桥","万泉河"],"imState":"disabled","lastLogin":1472522993000,"publisherId":1617548,"explain":null,"plus":null,"pcShow":0,"appShow":0,"deliver":0,"gradeDescription":null,"companyFullName":"创而新（中国）科技有限公司","adWord":0}]}},"code":0}