{"success":true,"requestId":null,"msg":null,"resubmitToken":null,"content":{"pageNo":72,"pageSize":15,"positionResult":{"resultSize":15,"totalCount":1236,"locationInfo":{"city":"北京","district":null,"queryByGisCode":false,"locationCode":null,"businessZone":null},"queryAnalysisInfo":{"positionName":"c","companyName":null,"usefulCompany":false,"industryName":null},"strategyProperty":{"name":"dm-csearch-newSimScorer","id":1},"result":[{"createTime":"2016-07-27 17:18:23","formatCreateTime":"2016-07-27","companyId":91,"positionName":"C++ 服务端开发工程师","workYear":"3-5年","education":"本科","jobNature":"全职","companyShortName":"阿里巴巴移动事业群-高德","city":"北京","salary":"15k-25k","financeStage":"上市公司","positionId":835297,"companyLogo":"i/image/M00/01/92/CgqKkVZv9oyAebyDAACpLbec-1E022.jpg","positionAdvantage":"大阿里， 数据专家","approve":1,"district":"朝阳区","score":0,"companyLabelList":["弹性工作","帅哥多","美女多","五险一金"],"industryField":"移动互联网","companySize":"2000人以上","imState":"disabled","lastLogin":1472540217000,"publisherId":820566,"explain":null,"plus":null,"pcShow":0,"appShow":0,"deliver":0,"gradeDescription":null,"businessZones":["望京","花家地","大山子"],"companyFullName":"高德软件有限公司","adWord":0},{"createTime":"2016-07-27 14:53:48","formatCreateTime":"2016-07-27","companyId":123864,"positionName":"C++高级软件工程师","workYear":"5-10年","education":"本科","jobNature":"全职","companyShortName":"曼美","city":"北京","salary":"20k-30k","financeStage":"初创型(天使轮)","positionId":1913396,"companyLogo":"i/image/M00/49/CC/CgqKkVeYXPuAf3uJAAAbl5wMT2A083.jpg","positionAdvantage":"外企氛围，现磨咖啡及不限量小吃，带薪年假","approve":0,"district":"朝阳区","score":0,"companyLabelList":null,"industryField":"社交网络,企业服务","companySize":"15-50人","imState":"today","lastLogin":1472568036000,"publisherId":4760622,"explain":null,"plus":null,"pcShow":0,"appShow":0,"deliver":0,"gradeDescription":null,"businessZones":null,"companyFullName":"北京曼美传媒科技有限公司","adWord":0},{"createTime":"2016-07-27 11:58:31","formatCreateTime":"2016-07-27","companyId":105391,"positionName":"ASP.NET(C#)软件工程师","workYear":"3-5年","education":"本科","jobNature":"全职","companyShortName":"北京新桥信通","city":"北京","salary":"7k-13k","financeStage":"初创型(未融资)","positionId":1821533,"companyLogo":"image2/M00/14/81/CgpzWlZAMX-AOwAXAABkWHJMw1g103.png?cc=0.9932741657830775","positionAdvantage":"五险一金，待遇优厚","approve":0,"district":"昌平区","score":0,"companyLabelList":["带薪年假","通讯津贴","五险一金","交通补助"],"industryField":"企业服务,数据服务","companySize":"15-50人","imState":"disabled","lastLogin":1472440003000,"publisherId":3111268,"explain":null,"plus":null,"pcShow":0,"appShow":0,"deliver":0,"gradeDescription":null,"businessZones":["沙河"],"companyFullName":"北京新桥信通科技有限公司","adWord":0},{"createTime":"2016-07-27 10:47:06","formatCreateTime":"2016-07-27","companyId":140907,"positionName":"中高级.NET(C#)软件工程师（2名）","workYear":"5-10年","education":"本科","jobNature":"全职","companyShortName":"北京博纳电气股份有限公司","city":"北京","salary":"15k-20k","financeStage":"成熟型(不需要融资)","positionId":2153779,"companyLogo":"i/image/M00/49/AF/Cgp3O1eYJjmAeOEdAAARWDu6oks379.jpg","positionAdvantage":"13薪、五险一金、带薪年假、项目奖金","approve":1,"district":"昌平区","score":0,"companyLabelList":null,"industryField":"其他","companySize":"500-2000人","imState":"today","lastLogin":1472565507000,"publisherId":5757047,"explain":null,"plus":null,"pcShow":0,"appShow":0,"deliver":0,"gradeDescription":null,"businessZones":["回龙观","龙泽"],"companyFullName":"北京博纳电气股份有限公司","adWord":0},{"createTime":"2016-07-26 21:38:26","formatCreateTime":"2016-07-26","companyId":54013,"positionName":"C# 桌面应用工程师","workYear":"1-3年","education":"本科","jobNature":"全职","companyShortName":"比特恒旺","city":"北京","salary":"4k-8k","financeStage":"初创型(未融资)","positionId":2111039,"companyLogo":"image1/M00/3F/C6/CgYXBlXBn1mAH9mvAAA9wPOHAt4151.png","positionAdvantage":"工作时间灵活，工作有趣，不枯燥。","approve":0,"district":"昌平区","score":0,"companyLabelList":["技能培训","节日礼物","带薪年假","绩效奖金"],"industryField":"数据服务,硬件","companySize":"少于15人","imState":"disabled","lastLogin":1470620065000,"publisherId":1348299,"explain":null,"plus":null,"pcShow":0,"appShow":0,"deliver":0,"gradeDescription":null,"businessZones":["昌平县城","城南","马池口"],"companyFullName":"北京比特恒旺信息技术有限公司","adWord":0},{"createTime":"2016-07-26 18:08:54","formatCreateTime":"2016-07-26","companyId":4098,"positionName":"C++","workYear":"3-5年","education":"本科","jobNature":"全职","companyShortName":"阿里娱乐宝事业部","city":"北京","salary":"20k-30k","financeStage":"上市公司","positionId":2151468,"companyLogo":"i/image/M00/1E/1D/Cgp3O1cGX_GAMNc6AACpLbec-1E726.jpg","positionAdvantage":"数据全链路营销、牛人互动为技术插上翅膀！","approve":0,"district":"朝阳区","score":0,"companyLabelList":["年终分红","绩效奖金","股票期权","年底双薪"],"industryField":"O2O","companySize":"2000人以上","imState":"disabled","lastLogin":1471696222000,"publisherId":5760095,"explain":null,"plus":null,"pcShow":0,"appShow":0,"deliver":0,"gradeDescription":null,"businessZones":["望京","大山子","花家地"],"companyFullName":"淘宝（中国）软件有限公司","adWord":0},{"createTime":"2016-07-26 17:14:14","formatCreateTime":"2016-07-26","companyId":130757,"positionName":"C#","workYear":"3-5年","education":"不限","jobNature":"全职","companyShortName":"听花科技","city":"北京","salary":"10k-18k","financeStage":"初创型(不需要融资)","positionId":1856814,"companyLogo":"i/image/M00/2E/66/Cgp3O1c-5ZWAehQjAAAjoc0GHfE730.png","positionAdvantage":"团队氛围和谐 项目前景好 零食水果","approve":0,"district":"朝阳区","score":0,"companyLabelList":["股票期权","年终分红","带薪年假"],"industryField":"电子商务","companySize":"15-50人","imState":"overSevenDays","lastLogin":1471871774000,"publisherId":2470565,"explain":null,"plus":null,"pcShow":0,"appShow":0,"deliver":0,"gradeDescription":null,"businessZones":["四惠","十里堡","甘露园"],"companyFullName":"湖南羊圈生物科技有限公司","adWord":0},{"createTime":"2016-07-26 17:08:26","formatCreateTime":"2016-07-26","companyId":118879,"positionName":"C#开发工程师","workYear":"1-3年","education":"大专","jobNature":"全职","companyShortName":"博韩伟业","city":"北京","salary":"8k-13k","financeStage":"上市公司","positionId":1583942,"companyLogo":"i/image/M00/11/8B/Cgp3O1biPzGADceaAABoVK7-phI727.png","positionAdvantage":"上市公司 制度完善 福利好 各种补助 节日费","approve":0,"district":"石景山区","score":0,"companyLabelList":["绩效奖金","通讯津贴","交通补助","午餐补助"],"industryField":"企业服务","companySize":"150-500人","imState":"disabled","lastLogin":1470028746000,"publisherId":2300009,"explain":null,"plus":null,"pcShow":0,"appShow":0,"deliver":0,"gradeDescription":null,"businessZones":["八大处","苹果园","杨庄"],"companyFullName":"博韩伟业（北京）科技有限公司","adWord":0},{"createTime":"2016-07-26 15:38:52","formatCreateTime":"2016-07-26","companyId":80305,"positionName":"C++开发工程师","workYear":"3-5年","education":"大专","jobNature":"全职","companyShortName":"融泰","city":"北京","salary":"10k-18k","financeStage":"初创型(未融资)","positionId":2117685,"companyLogo":"image1/M00/33/E7/CgYXBlWVBRiAV51sAABj11Mh5SA449.png","positionAdvantage":"项目高端，五险一金","approve":0,"district":"海淀区","score":0,"companyLabelList":["年底双薪","带薪年假","岗位晋升","领导好"],"industryField":"其他","companySize":"150-500人","imState":"today","lastLogin":1472547413000,"publisherId":5078613,"explain":null,"plus":null,"pcShow":0,"appShow":0,"deliver":0,"gradeDescription":null,"businessZones":["西北旺"],"companyFullName":"南京融泰信息技术有限公司","adWord":0},{"createTime":"2016-07-26 13:24:11","formatCreateTime":"2016-07-26","companyId":92545,"positionName":"C++","workYear":"3-5年","education":"本科","jobNature":"全职","companyShortName":"清华同方物联网本部","city":"北京","salary":"10k-20k","financeStage":"上市公司","positionId":2148410,"companyLogo":"image2/M00/00/86/CgqLKVXenuqAPNTtAAAZKRfwhrc162.jpg?cc=0.9893199066936552","positionAdvantage":"氛围好、大牛多、空间大","approve":0,"district":"海淀区","score":0,"companyLabelList":null,"industryField":"移动互联网,信息安全","companySize":"500-2000人","imState":"disabled","lastLogin":1470120847000,"publisherId":2379678,"explain":null,"plus":null,"pcShow":0,"appShow":0,"deliver":0,"gradeDescription":null,"businessZones":["五道口","学院路","北航"],"companyFullName":"同方-物联网应用产业本部","adWord":0},{"createTime":"2016-07-26 10:14:39","formatCreateTime":"2016-07-26","companyId":110088,"positionName":"linux C嵌入式软件研发工程师","workYear":"1-3年","education":"不限","jobNature":"全职","companyShortName":"赛博兴安","city":"北京","salary":"6k-12k","financeStage":"成长型(A轮)","positionId":1931913,"companyLogo":"i/image/M00/01/84/Cgp3O1Zue_6AYUUxAAAWOh3gbsU571.JPG","positionAdvantage":"奖金丰厚、福利多多、平台宽广","approve":0,"district":null,"score":0,"companyLabelList":["餐交话补","丰厚奖金","五险一金","节日礼品"],"industryField":"信息安全,移动互联网","companySize":"150-500人","imState":"today","lastLogin":1472537038000,"publisherId":3545060,"explain":null,"plus":null,"pcShow":0,"appShow":0,"deliver":0,"gradeDescription":null,"businessZones":null,"companyFullName":"北京赛博兴安科技有限公司","adWord":0},{"createTime":"2016-07-26 10:07:22","formatCreateTime":"2016-07-26","companyId":53137,"positionName":"QT/c++工程师","workYear":"3-5年","education":"本科","jobNature":"全职","companyShortName":"金色家园科技","city":"北京","salary":"15k-30k","financeStage":"成熟型(不需要融资)","positionId":1854516,"companyLogo":"image1/M00/26/84/CgYXBlVVpKmAT16vAAB-lRbYIa8041.jpg","positionAdvantage":"14薪,领导好,晋升空间大","approve":1,"district":"东城区","score":0,"companyLabelList":["节日礼物","带薪年假","绩效奖金","管理规范"],"industryField":"O2O","companySize":"500-2000人","imState":"overSevenDays","lastLogin":1468291495000,"publisherId":5134666,"explain":null,"plus":null,"pcShow":0,"appShow":0,"deliver":0,"gradeDescription":null,"businessZones":["广渠门","光明楼","花市"],"companyFullName":"金色家园网络科技有限公司","adWord":0},{"createTime":"2016-07-25 19:40:06","formatCreateTime":"2016-07-25","companyId":31173,"positionName":"C++","workYear":"1-3年","education":"本科","jobNature":"全职","companyShortName":"悠易","city":"北京","salary":"15k-30k","financeStage":"成熟型(C轮)","positionId":2089129,"companyLogo":"image1/M00/00/47/Cgo8PFTUXOGAfeaIAAAs4ZoDAYo947.png","positionAdvantage":"五险一金 股票期权 海外旅游 商业保险","approve":1,"district":"朝阳区","score":0,"companyLabelList":["节日礼物","技能培训","绩效奖金","年度旅游"],"industryField":"广告营销","companySize":"150-500人","imState":"threeDays","lastLogin":1472449698000,"publisherId":589805,"explain":null,"plus":null,"pcShow":0,"appShow":0,"deliver":0,"gradeDescription":null,"businessZones":["呼家楼","京广桥","朝外"],"companyFullName":"悠易互通（北京）广告有限公司","adWord":0},{"createTime":"2016-07-25 19:10:49","formatCreateTime":"2016-07-25","companyId":5946,"positionName":"C++音视频开发工程师","workYear":"5-10年","education":"本科","jobNature":"全职","companyShortName":"赤子城","city":"北京","salary":"18k-36k","financeStage":"成熟型(C轮)","positionId":2145529,"companyLogo":"i/image/M00/1D/42/CgqKkVcEfVKAahS6AABDLCfK3K4304.JPG","positionAdvantage":"14薪+开发自由+弹性工作+出国旅游","approve":1,"district":"朝阳区","score":0,"companyLabelList":["股票期权","学习氛围好","扁平管理","交通方便"],"industryField":"移动互联网,游戏","companySize":"150-500人","imState":"overSevenDays","lastLogin":1469444721000,"publisherId":5287032,"explain":null,"plus":null,"pcShow":0,"appShow":0,"deliver":0,"gradeDescription":null,"businessZones":["亮马桥","燕莎"],"companyFullName":"赤子城网络技术（北京）有限公司","adWord":0},{"createTime":"2016-07-25 16:18:01","formatCreateTime":"2016-07-25","companyId":111686,"positionName":"C","workYear":"1-3年","education":"本科","jobNature":"全职","companyShortName":"北清视通","city":"北京","salary":"10k-15k","financeStage":"初创型(未融资)","positionId":2064184,"companyLogo":"i/image/M00/02/3D/Cgp3O1aJweSAEOWCAAARsflhMBg624.png","positionAdvantage":"车饭补五险一金，节日礼生日趴，部门聚团建","approve":0,"district":"海淀区","score":0,"companyLabelList":null,"industryField":"信息安全,硬件","companySize":"50-150人","imState":"disabled","lastLogin":1472524994000,"publisherId":3663858,"explain":null,"plus":null,"pcShow":0,"appShow":0,"deliver":0,"gradeDescription":null,"businessZones":["上地","马连洼","西二旗"],"companyFullName":"北京北清视通信息技术有限公司","adWord":0}]}},"code":0}