{"resubmitToken":null,"success":true,"requestId":null,"msg":null,"content":{"pageNo":73,"pageSize":15,"positionResult":{"totalCount":1236,"resultSize":15,"locationInfo":{"city":"北京","district":null,"queryByGisCode":false,"businessZone":null,"locationCode":null},"queryAnalysisInfo":{"positionName":"c","companyName":null,"industryName":null,"usefulCompany":false},"strategyProperty":{"name":"dm-csearch-newSimScorer","id":1},"result":[{"companyFullName":"高德软件有限公司","adWord":0,"companyId":91,"formatCreateTime":"2016-07-27","businessZones":["望京","花家地","大山子"],"imState":"today","lastLogin":1472536371000,"positionId":2156486,"industryField":"移动互联网","education":"本科","workYear":"5-10年","city":"北京","positionAdvantage":"阿里福利全都有","createTime":"2016-07-27 15:42:21","salary":"25k-35k","positionName":"C++","companySize":"2000人以上","companyShortName":"阿里巴巴移动事业群-高德","companyLogo":"i/image/M00/01/92/CgqKkVZv9oyAebyDAACpLbec-1E022.jpg","financeStage":"上市公司","approve":1,"jobNature":"全职","companyLabelList":["弹性工作","帅哥多","美女多","五险一金"],"district":"朝阳区","score":0,"publisherId":686535,"explain":null,"plus":null,"pcShow":0,"appShow":0,"deliver":0,"gradeDescription":null},{"companyFullName":"北京曼美传媒科技有限公司","adWord":0,"companyId":123864,"formatCreateTime":"2016-07-27","businessZones":null,"imState":"today","lastLogin":1472568036000,"positionId":2155417,"industryField":"社交网络,企业服务","education":"硕士","workYear":"5-10年","city":"北京","positionAdvantage":"外企氛围,现磨咖啡,不限量小吃,带薪年假","createTime":"2016-07-27 14:12:03","salary":"20k-30k","positionName":"C++云存储后端开发工程师","companySize":"15-50人","companyShortName":"曼美","companyLogo":"i/image/M00/49/CC/CgqKkVeYXPuAf3uJAAAbl5wMT2A083.jpg","financeStage":"初创型(天使轮)","approve":0,"jobNature":"全职","companyLabelList":null,"district":"朝阳区","score":0,"publisherId":4760622,"explain":null,"plus":null,"pcShow":0,"appShow":0,"deliver":0,"gradeDescription":null},{"companyFullName":"北京新桥信通科技有限公司","adWord":0,"companyId":105391,"formatCreateTime":"2016-07-27","businessZones":null,"imState":"disabled","lastLogin":1472440003000,"positionId":2154631,"industryField":"企业服务,数据服务","education":"本科","workYear":"3-5年","city":"北京","positionAdvantage":"五险一金，待遇优厚，有股票期权","createTime":"2016-07-27 11:58:15","salary":"15k-25k","positionName":"C语言软件工程师","companySize":"15-50人","companyShortName":"北京新桥信通","companyLogo":"image2/M00/14/81/CgpzWlZAMX-AOwAXAABkWHJMw1g103.png?cc=0.9932741657830775","financeStage":"初创型(未融资)","approve":0,"jobNature":"全职","companyLabelList":["带薪年假","通讯津贴","五险一金","交通补助"],"district":null,"score":0,"publisherId":3111268,"explain":null,"plus":null,"pcShow":0,"appShow":0,"deliver":0,"gradeDescription":null},{"companyFullName":"北京赛博兴安科技有限公司","adWord":0,"companyId":110088,"formatCreateTime":"2016-07-26","businessZones":["龙泽","回龙观","西二旗"],"imState":"today","lastLogin":1472537038000,"positionId":1733928,"industryField":"信息安全,移动互联网","education":"不限","workYear":"5-10年","city":"北京","positionAdvantage":"奖金丰厚、福利多多、平台宽广","createTime":"2016-07-26 10:14:37","salary":"10k-16k","positionName":"Linux C高级研发工程师","companySize":"150-500人","companyShortName":"赛博兴安","companyLogo":"i/image/M00/01/84/Cgp3O1Zue_6AYUUxAAAWOh3gbsU571.JPG","financeStage":"成长型(A轮)","approve":0,"jobNature":"全职","companyLabelList":["餐交话补","丰厚奖金","五险一金","节日礼品"],"district":"昌平区","score":0,"publisherId":3545060,"explain":null,"plus":null,"pcShow":0,"appShow":0,"deliver":0,"gradeDescription":null},{"companyFullName":"北京北清视通信息技术有限公司","adWord":0,"companyId":111686,"formatCreateTime":"2016-07-25","businessZones":["上地","马连洼","西二旗"],"imState":"disabled","lastLogin":1472524994000,"positionId":2064161,"industryField":"信息安全,硬件","education":"本科","workYear":"1-3年","city":"北京","positionAdvantage":"车饭补五险一金，节日礼生日趴，部门聚团建","createTime":"2016-07-25 16:17:58","salary":"8k-15k","positionName":"C++","companySize":"50-150人","companyShortName":"北清视通","companyLogo":"i/image/M00/02/3D/Cgp3O1aJweSAEOWCAAARsflhMBg624.png","financeStage":"初创型(未融资)","approve":0,"jobNature":"全职","companyLabelList":null,"district":"海淀区","score":0,"publisherId":3663858,"explain":null,"plus":null,"pcShow":0,"appShow":0,"deliver":0,"gradeDescription":null},{"companyFullName":"北京蓝海讯通科技有限公司","adWord":0,"companyId":52410,"formatCreateTime":"2016-07-25","businessZones":["西三旗","清河","小营"],"imState":"today","lastLogin":1472559028000,"positionId":1889320,"industryField":"企业服务,数据服务","education":"本科","workYear":"1-3年","city":"北京","positionAdvantage":"六险一金 每月一天带薪病假","createTime":"2016-07-25 13:41:11","salary":"13k-26k","positionName":"C/C++开发工程师（PHP探针方向）","companySize":"150-500人","companyShortName":"OneAPM 蓝海讯通","companyLogo":"image1/M00/09/36/Cgo8PFTbDlaAfXikAACDQCtRzwU003.png","financeStage":"成熟型(D轮及以上)","approve":1,"jobNature":"全职","companyLabelList":["技能培训","绩效奖金","岗位晋升","帅哥多"],"district":"海淀区","score":0,"publisherId":75056,"explain":null,"plus":null,"pcShow":0,"appShow":0,"deliver":0,"gradeDescription":null},{"companyFullName":"井创（北京）科技有限公司","adWord":0,"companyId":136540,"formatCreateTime":"2016-07-25","businessZones":["大屯","奥运村","亚运村"],"imState":"disabled","lastLogin":1470039153000,"positionId":2140847,"industryField":"移动互联网","education":"本科","workYear":"3-5年","city":"北京","positionAdvantage":"空间大","createTime":"2016-07-25 10:55:23","salary":"15k-25k","positionName":"C++","companySize":"15-50人","companyShortName":"井创","companyLogo":"i/image/M00/3E/0C/CgqKkVdzgb-AClblAAAyoskhRho169.png","financeStage":"初创型(未融资)","approve":0,"jobNature":"全职","companyLabelList":null,"district":"朝阳区","score":0,"publisherId":5498466,"explain":null,"plus":null,"pcShow":0,"appShow":0,"deliver":0,"gradeDescription":null},{"companyFullName":"爆娱文化传媒（北京）有限公司","adWord":0,"companyId":113188,"formatCreateTime":"2016-07-22","businessZones":["亮马桥","三元桥","燕莎"],"imState":"disabled","lastLogin":1469432179000,"positionId":2136490,"industryField":"文化娱乐,移动互联网","education":"大专","workYear":"5-10年","city":"北京","positionAdvantage":"弹性工作制 午餐补助 期权激励","createTime":"2016-07-22 16:32:19","salary":"25k-30k","positionName":"高级c++工程师","companySize":"15-50人","companyShortName":"爆娱娱乐","companyLogo":"i/image/M00/02/DF/Cgp3O1afPcuAWhBkAAF5e8l4hR0721.jpg","financeStage":"初创型(天使轮)","approve":1,"jobNature":"全职","companyLabelList":["股票期权","绩效奖金","年终分红","午餐补助"],"district":"朝阳区","score":0,"publisherId":3094303,"explain":null,"plus":null,"pcShow":0,"appShow":0,"deliver":0,"gradeDescription":null},{"companyFullName":"北京海泰方圆科技有限公司","adWord":0,"companyId":38464,"formatCreateTime":"2016-07-22","businessZones":["西二旗"],"imState":"overSevenDays","lastLogin":1471827020000,"positionId":2136007,"industryField":"信息安全","education":"本科","workYear":"3-5年","city":"北京","positionAdvantage":"学习机会多，晋升空间大","createTime":"2016-07-22 15:34:40","salary":"10k-15k","positionName":"C语言工程师","companySize":"150-500人","companyShortName":"海泰方圆","companyLogo":"images/logo_default.png","financeStage":"初创型(未融资)","approve":0,"jobNature":"全职","companyLabelList":["技能培训","节日礼物","年底双薪","带薪年假"],"district":"海淀区","score":0,"publisherId":5726993,"explain":null,"plus":null,"pcShow":0,"appShow":0,"deliver":0,"gradeDescription":null},{"companyFullName":"锐珂亚太投资管理（上海）有限公司","adWord":0,"companyId":140259,"formatCreateTime":"2016-07-22","businessZones":null,"imState":"disabled","lastLogin":1470737167000,"positionId":2135663,"industryField":"医疗健康","education":"本科","workYear":"1-3年","city":"北京","positionAdvantage":"发展空间,公司文化,技术培训,软技巧培训","createTime":"2016-07-22 14:55:00","salary":"10k-13k","positionName":"C#","companySize":"500-2000人","companyShortName":"锐珂医疗","companyLogo":"i/image/M00/47/FF/Cgp3O1eRf9SANBQkAABQ51J1CJg839.png","financeStage":"成熟型(不需要融资)","approve":1,"jobNature":"全职","companyLabelList":null,"district":"朝阳区","score":0,"publisherId":5707076,"explain":null,"plus":null,"pcShow":0,"appShow":0,"deliver":0,"gradeDescription":null},{"companyFullName":"北京海兰信数据科技股份有限公司","adWord":0,"companyId":46345,"formatCreateTime":"2016-07-22","businessZones":null,"imState":"disabled","lastLogin":1470708608000,"positionId":2133533,"industryField":"硬件,数据服务","education":"本科","workYear":"3-5年","city":"北京","positionAdvantage":"五险一金 弹性工作 体检 旅游 项目奖 班车","createTime":"2016-07-22 10:30:31","salary":"10k-20k","positionName":"C#","companySize":"150-500人","companyShortName":"海兰信","companyLogo":"image1/M00/00/77/CgYXBlTUXauAFbxSAACvT1O2H28819.jpg","financeStage":"上市公司","approve":0,"jobNature":"全职","companyLabelList":["技能培训","年底双薪","节日礼物","绩效奖金"],"district":"海淀区","score":0,"publisherId":1619154,"explain":null,"plus":null,"pcShow":0,"appShow":0,"deliver":0,"gradeDescription":null},{"companyFullName":"北京神舟航天软件技术有限公司","adWord":0,"companyId":21607,"formatCreateTime":"2016-07-21","businessZones":null,"imState":"disabled","lastLogin":1472539319000,"positionId":2130854,"industryField":"企业服务","education":"本科","workYear":"1-3年","city":"北京","positionAdvantage":"弹性工作+六险一金+节日福利+加班少","createTime":"2016-07-21 16:34:53","salary":"10k-20k","positionName":"C++开发工程师","companySize":"500-2000人","companyShortName":"神软","companyLogo":"i/image/M00/29/02/Cgp3O1ctUbmABgDGAAbA5mQApHM639.JPG","financeStage":"成熟型(不需要融资)","approve":0,"jobNature":"全职","companyLabelList":["绩效奖金","年终分红","五险一金","带薪年假"],"district":"海淀区","score":0,"publisherId":5162049,"explain":null,"plus":null,"pcShow":0,"appShow":0,"deliver":0,"gradeDescription":null},{"companyFullName":"锦绣家城（北京）科技股份有限公司","adWord":0,"companyId":139619,"formatCreateTime":"2016-07-21","businessZones":["管庄","定福庄","双桥"],"imState":"disabled","lastLogin":1470218226000,"positionId":2130268,"industryField":"移动互联网,文化娱乐","education":"大专","workYear":"3-5年","city":"北京","positionAdvantage":"微信书,有期权,自出版","createTime":"2016-07-21 15:43:50","salary":"6k-12k","positionName":"C#","companySize":"50-150人","companyShortName":"微爪书，智能出版，社交一键成书","companyLogo":"i/image/M00/46/DB/CgqKkVeNzFeAUspVAABU53wHQYY099.png","financeStage":"初创型(未融资)","approve":0,"jobNature":"全职","companyLabelList":null,"district":"朝阳区","score":0,"publisherId":5109344,"explain":null,"plus":null,"pcShow":0,"appShow":0,"deliver":0,"gradeDescription":null},{"companyFullName":"成都知道创宇信息技术有限公司","adWord":0,"companyId":53142,"formatCreateTime":"2016-07-21","businessZones":["望京","大山子","花家地"],"imState":"today","lastLogin":1472548078000,"positionId":2130162,"industryField":"信息安全","education":"不限","workYear":"3-5年","city":"北京","positionAdvantage":"技术氛围好,福利待遇优","createTime":"2016-07-21 15:31:48","salary":"10k-20k","positionName":"C语言工程师","companySize":"150-500人","companyShortName":"知道创宇","companyLogo":"image1/M00/0A/91/Cgo8PFTv0n2AXR0yAABljvMCQ9s765.png","financeStage":"成熟型(C轮)","approve":1,"jobNature":"全职","companyLabelList":["节日礼物","岗位晋升","美女多","领导好"],"district":"朝阳区","score":0,"publisherId":1330184,"explain":null,"plus":null,"pcShow":0,"appShow":0,"deliver":0,"gradeDescription":null},{"companyFullName":"北京巴别时代科技有公司限","adWord":0,"companyId":56494,"formatCreateTime":"2016-07-21","businessZones":["学院路","北航","知春路"],"imState":"disabled","lastLogin":1472543420000,"positionId":2127612,"industryField":"游戏","education":"本科","workYear":"1-3年","city":"北京","positionAdvantage":"项目奖金，年底双薪，弹性工作，发展前景好","createTime":"2016-07-21 10:43:06","salary":"10k-15k","positionName":"C++开发工程师","companySize":"500-2000人","companyShortName":"巴别时代","companyLogo":"i/image/M00/14/61/CgqKkVbpKcyAQGoWAABMRNIDrdk893.jpg","financeStage":"成熟型(不需要融资)","approve":1,"jobNature":"全职","companyLabelList":["节日礼物","技能培训","年度旅游","岗位晋升"],"district":"海淀区","score":0,"publisherId":2175030,"explain":null,"plus":null,"pcShow":0,"appShow":0,"deliver":0,"gradeDescription":null}]}},"code":0}