{"success":true,"requestId":null,"msg":null,"resubmitToken":null,"content":{"pageNo":77,"pageSize":15,"positionResult":{"totalCount":1236,"resultSize":15,"locationInfo":{"city":"北京","district":null,"queryByGisCode":false,"businessZone":null,"locationCode":null},"queryAnalysisInfo":{"positionName":"c","companyName":null,"usefulCompany":false,"industryName":null},"strategyProperty":{"name":"dm-csearch-newSimScorer","id":1},"result":[{"companyId":119153,"companyShortName":"51Talk 无忧英语","createTime":"2016-07-18 09:33:30","positionId":1151484,"positionAdvantage":"免费早餐，晚餐，各种福利，惊喜不断","salary":"15k-25k","score":0,"workYear":"3-5年","education":"本科","city":"北京","positionName":"linux C++---技术部","companyLogo":"i/image/M00/12/D3/Cgp3O1bmVr-AOGHYAABsWK_3bSI050.JPG","financeStage":"上市公司","industryField":"移动互联网,教育","jobNature":"全职","approve":0,"companySize":"2000人以上","district":"海淀区","companyLabelList":["交通补助","带薪年假","股票期权"],"adWord":0,"appShow":0,"deliver":0,"formatCreateTime":"2016-07-18","gradeDescription":null,"companyFullName":"北京大生在线科技有限公司","businessZones":["上地","西二旗","马连洼"],"imState":"today","lastLogin":1472575142000,"publisherId":602053,"explain":null,"plus":null,"pcShow":0},{"companyId":1537,"companyShortName":"搜狗","createTime":"2016-07-15 10:58:52","positionId":1146036,"positionAdvantage":"技术基础扎实、鼓励创新求变","salary":"15k-25k","score":0,"workYear":"3-5年","education":"本科","city":"北京","positionName":"搜狗地图-地图渲染C++高级开发工程师-北京-01135","companyLogo":"image2/M00/04/33/CgpzWlXw72aAb7sYAAAL-t8ysD4816.jpg","financeStage":"成熟型(C轮)","industryField":"移动互联网,数据服务","jobNature":"全职","approve":1,"companySize":"2000人以上","district":"海淀区","companyLabelList":["五险一金","带薪年假","午餐补助","定期体检"],"adWord":0,"appShow":0,"deliver":0,"formatCreateTime":"2016-07-15","gradeDescription":null,"companyFullName":"北京搜狗科技发展有限公司","businessZones":["五道口","清华大学","中关村"],"imState":"today","lastLogin":1472557518000,"publisherId":73392,"explain":null,"plus":null,"pcShow":0},{"companyId":123777,"companyShortName":"通力互联","createTime":"2016-07-14 16:36:23","positionId":1888820,"positionAdvantage":"五险一金、带薪年假、环境舒适、不出差","salary":"10k-20k","score":0,"workYear":"3-5年","education":"本科","city":"北京","positionName":"C++开发工程师","companyLogo":"i/image/M00/2E/03/CgqKkVc9jmCAI8DpAAD09YLPnBk157.png","financeStage":"成熟型(不需要融资)","industryField":"电子商务,企业服务","jobNature":"全职","approve":0,"companySize":"2000人以上","district":"海淀区","companyLabelList":["绩效奖金","交通补助","定期体检","通讯津贴"],"adWord":0,"appShow":0,"deliver":0,"formatCreateTime":"2016-07-14","gradeDescription":null,"companyFullName":"北京通力互联技术服务有限公司","businessZones":["五道口","清华大学","中关村"],"imState":"disabled","lastLogin":1469440915000,"publisherId":3755088,"explain":null,"plus":null,"pcShow":0},{"companyId":97238,"companyShortName":"比威网络技术有限公司","createTime":"2016-07-14 15:06:17","positionId":2097762,"positionAdvantage":"待遇优厚，晋升空间大","salary":"5k-10k","score":0,"workYear":"不限","education":"本科","city":"北京","positionName":"嵌入式C语言程序员","companyLogo":"image2/M00/07/D5/CgqLKVYAxBiARcgOAABaKjYjFso273.gif?cc=0.6650173212401569","financeStage":"成长型(不需要融资)","industryField":"移动互联网,信息安全","jobNature":"全职","approve":0,"companySize":"50-150人","district":"海淀区","companyLabelList":["技能培训","年底双薪","带薪年假","年度旅游"],"adWord":0,"appShow":0,"deliver":0,"formatCreateTime":"2016-07-14","gradeDescription":null,"companyFullName":"比威网络技术有限公司","businessZones":null,"imState":"disabled","lastLogin":1471936209000,"publisherId":3965183,"explain":null,"plus":null,"pcShow":0},{"companyId":58362,"companyShortName":"信狐天诚","createTime":"2016-07-14 13:58:40","positionId":2097020,"positionAdvantage":"五险一金,带薪年假,发展空间大,股权激励","salary":"7k-12k","score":0,"workYear":"不限","education":"本科","city":"北京","positionName":"C++","companyLogo":"image1/M00/19/63/Cgo8PFUY7faAIiSjAABoDmpTsI0316.jpg","financeStage":"初创型(未融资)","industryField":"移动互联网","jobNature":"全职","approve":1,"companySize":"15-50人","district":"海淀区","companyLabelList":["技能培训","绩效奖金","岗位晋升","五险一金"],"adWord":0,"appShow":0,"deliver":0,"formatCreateTime":"2016-07-14","gradeDescription":null,"companyFullName":"北京信狐天诚软件科技有限公司","businessZones":["永定路","五棵松","青塔"],"imState":"overSevenDays","lastLogin":1468921211000,"publisherId":1473271,"explain":null,"plus":null,"pcShow":0},{"companyId":36406,"companyShortName":"天之华","createTime":"2016-07-14 10:53:17","positionId":821068,"positionAdvantage":"五险一金、带薪年假、上升空间大等","salary":"8k-15k","score":0,"workYear":"1-3年","education":"本科","city":"北京","positionName":"C#","companyLogo":"images/logo_default.png","financeStage":"初创型(未融资)","industryField":"数据服务","jobNature":"全职","approve":0,"companySize":"50-150人","district":"海淀区","companyLabelList":["技能培训","节日礼物","带薪年假","绩效奖金"],"adWord":0,"appShow":0,"deliver":0,"formatCreateTime":"2016-07-14","gradeDescription":null,"companyFullName":"北京天之华软件系统技术有限责任公司","businessZones":["北太平庄","牡丹园","蓟门桥"],"imState":"disabled","lastLogin":1472456352000,"publisherId":794865,"explain":null,"plus":null,"pcShow":0},{"companyId":132787,"companyShortName":"明讯互联","createTime":"2016-07-14 10:37:39","positionId":1928383,"positionAdvantage":"五险一金，周末双休，领导 nice，免费零食","salary":"15k-30k","score":0,"workYear":"3-5年","education":"大专","city":"北京","positionName":"Linux C/C++ 高级开发工程师","companyLogo":"i/image/M00/32/D5/CgqKkVdPvKaAM4iVAAAOwyO6jHY141.png","financeStage":"初创型(不需要融资)","industryField":"移动互联网","jobNature":"全职","approve":0,"companySize":"15-50人","district":null,"companyLabelList":["带薪年假","弹性工作","领导好","五险一金"],"adWord":0,"appShow":0,"deliver":0,"formatCreateTime":"2016-07-14","gradeDescription":null,"companyFullName":"北京明讯互联科技有限公司","businessZones":null,"imState":"disabled","lastLogin":1470022489000,"publisherId":5247683,"explain":null,"plus":null,"pcShow":0},{"companyId":108931,"companyShortName":"联程科技","createTime":"2016-07-14 09:55:38","positionId":1966062,"positionAdvantage":"五险一金、餐补、交通通讯补助","salary":"15k-20k","score":0,"workYear":"3-5年","education":"本科","city":"北京","positionName":"C++","companyLogo":"i/image/M00/01/46/Cgp3O1ZmUVyAZNnuAAAqG9Pt5y8371.jpg","financeStage":"初创型(不需要融资)","industryField":"信息安全,企业服务","jobNature":"全职","approve":1,"companySize":"15-50人","district":"海淀区","companyLabelList":null,"adWord":0,"appShow":0,"deliver":0,"formatCreateTime":"2016-07-14","gradeDescription":null,"companyFullName":"北京联程科技有限责任公司","businessZones":["中关村","苏州街","苏州桥"],"imState":"disabled","lastLogin":1469597854000,"publisherId":3419535,"explain":null,"plus":null,"pcShow":0},{"companyId":21575,"companyShortName":"锐安","createTime":"2016-07-14 09:23:46","positionId":1990596,"positionAdvantage":"五险一金、带薪年假、午餐补助、电话补助","salary":"13k-18k","score":0,"workYear":"3-5年","education":"本科","city":"北京","positionName":"C++ LINUX软件工程师","companyLogo":"image1/M00/00/28/Cgo8PFTUWIyAcgOnAABLMYa08DE596.png","financeStage":"初创型(未融资)","industryField":"信息安全,数据服务","jobNature":"全职","approve":1,"companySize":"500-2000人","district":"海淀区","companyLabelList":["年底双薪","节日礼物","岗位晋升","管理规范"],"adWord":0,"appShow":0,"deliver":0,"formatCreateTime":"2016-07-14","gradeDescription":null,"companyFullName":"北京锐安科技有限公司","businessZones":["西三旗","清河","小营"],"imState":"disabled","lastLogin":1472456494000,"publisherId":247335,"explain":null,"plus":null,"pcShow":0},{"companyId":74022,"companyShortName":"金风易通","createTime":"2016-07-14 09:21:14","positionId":807779,"positionAdvantage":"舒适的办公环境，弹性工作制","salary":"8k-10k","score":0,"workYear":"3-5年","education":"大专","city":"北京","positionName":"C#软件工程师","companyLogo":"image1/M00/2B/0A/CgYXBlVubjKAY5OhAABtReDNTIU405.jpg","financeStage":"成长型(不需要融资)","industryField":"医疗健康","jobNature":"全职","approve":1,"companySize":"50-150人","district":"朝阳区","companyLabelList":["技能培训","节日礼物","带薪年假","绩效奖金"],"adWord":0,"appShow":0,"deliver":0,"formatCreateTime":"2016-07-14","gradeDescription":null,"companyFullName":"北京金风易通科技有限公司","businessZones":["立水桥","北苑"],"imState":"overSevenDays","lastLogin":1470822259000,"publisherId":1831144,"explain":null,"plus":null,"pcShow":0},{"companyId":130079,"companyShortName":"北京兰云","createTime":"2016-07-13 17:26:24","positionId":2093173,"positionAdvantage":"股票期权,五险一金,节日福利","salary":"10k-20k","score":0,"workYear":"1-3年","education":"不限","city":"北京","positionName":"C/C++逆向分析（反汇编）工程师","companyLogo":"i/image/M00/2D/07/CgqKkVc60xqAAR2wAAHKle3BR7o645.png","financeStage":"初创型(天使轮)","industryField":"信息安全,数据服务","jobNature":"全职","approve":0,"companySize":"15-50人","district":"海淀区","companyLabelList":null,"adWord":0,"appShow":0,"deliver":0,"formatCreateTime":"2016-07-13","gradeDescription":null,"companyFullName":"北京兰云科技有限公司","businessZones":["马连洼","西北旺","上地"],"imState":"disabled","lastLogin":1468398873000,"publisherId":5509006,"explain":null,"plus":null,"pcShow":0},{"companyId":137433,"companyShortName":"亿唐都科技","createTime":"2016-07-13 17:19:23","positionId":2053960,"positionAdvantage":"五险一金、多种福利、员工旅游、健康体检","salary":"15k-25k","score":0,"workYear":"3-5年","education":"本科","city":"北京","positionName":"诚聘C/C++工程师，视频处理方向","companyLogo":"i/image/M00/40/D9/CgqKkVd7cJyACbSoAABFrekJhCg991.png","financeStage":"成长型(不需要融资)","industryField":"移动互联网","jobNature":"全职","approve":0,"companySize":"50-150人","district":"朝阳区","companyLabelList":null,"adWord":0,"appShow":0,"deliver":0,"formatCreateTime":"2016-07-13","gradeDescription":null,"companyFullName":"亿唐都科技（北京）有限公司","businessZones":["国展","左家庄","三元桥"],"imState":"disabled","lastLogin":1468566366000,"publisherId":5555216,"explain":null,"plus":null,"pcShow":0},{"companyId":35309,"companyShortName":"闪翼游戏","createTime":"2016-07-13 16:22:02","positionId":661945,"positionAdvantage":"项目奖金分红","salary":"15k-25k","score":0,"workYear":"3-5年","education":"本科","city":"北京","positionName":"C#服务端","companyLogo":"i/image/M00/1D/52/CgqKkVcEktuAcd1nAACbK-T7gIA236.jpg","financeStage":"初创型(未融资)","industryField":"移动互联网,游戏","jobNature":"全职","approve":1,"companySize":"15-50人","district":"朝阳区","companyLabelList":["技能培训","节日礼物","年底双薪","股票期权"],"adWord":0,"appShow":0,"deliver":0,"formatCreateTime":"2016-07-13","gradeDescription":null,"companyFullName":"北京星游互动科技有限公司","businessZones":["小关","惠新里","对外经贸"],"imState":"overSevenDays","lastLogin":1471267053000,"publisherId":611245,"explain":null,"plus":null,"pcShow":0},{"companyId":69494,"companyShortName":"宣爱智能","createTime":"2016-07-13 15:21:30","positionId":1916621,"positionAdvantage":"五险一金、带薪年假、晋升快、 帅哥美女多","salary":"6k-12k","score":0,"workYear":"1-3年","education":"本科","city":"北京","positionName":"C++工程师","companyLogo":"image1/M00/3F/B3/CgYXBlXBfVSAOi6tAAAe-ir6HRU758.jpg","financeStage":"上市公司","industryField":"移动互联网,教育","jobNature":"全职","approve":1,"companySize":"150-500人","district":"朝阳区","companyLabelList":["技能培训","节日礼物","绩效奖金","岗位晋升"],"adWord":0,"appShow":0,"deliver":0,"formatCreateTime":"2016-07-13","gradeDescription":null,"companyFullName":"北京宣爱智能模拟技术股份公司","businessZones":["酒仙桥"],"imState":"overSevenDays","lastLogin":1471310773000,"publisherId":3805395,"explain":null,"plus":null,"pcShow":0},{"companyId":58431,"companyShortName":"浩辰软件","createTime":"2016-07-13 12:48:51","positionId":950849,"positionAdvantage":"五险一金，年终奖金，职业发展空间","salary":"8k-15k","score":0,"workYear":"3-5年","education":"大专","city":"北京","positionName":"C++工程师","companyLogo":"image1/M00/2F/29/Cgo8PFWA9kqAOCSXAAAMxeR1-HA018.jpg","financeStage":"成长型(不需要融资)","industryField":"移动互联网,数据服务","jobNature":"全职","approve":1,"companySize":"150-500人","district":"朝阳区","companyLabelList":["技能培训","节日礼物","年底双薪","免费班车"],"adWord":0,"appShow":0,"deliver":0,"formatCreateTime":"2016-07-13","gradeDescription":null,"companyFullName":"苏州浩辰软件股份有限公司北京分公司","businessZones":["大山子","酒仙桥","将台路"],"imState":"disabled","lastLogin":1470385165000,"publisherId":1474424,"explain":null,"plus":null,"pcShow":0}]}},"code":0}