{"resubmitToken":null,"success":true,"requestId":null,"msg":null,"content":{"pageNo":78,"pageSize":15,"positionResult":{"totalCount":1236,"resultSize":15,"locationInfo":{"city":"北京","district":null,"queryByGisCode":false,"businessZone":null,"locationCode":null},"queryAnalysisInfo":{"positionName":"c","companyName":null,"industryName":null,"usefulCompany":false},"strategyProperty":{"name":"dm-csearch-newSimScorer","id":1},"result":[{"companyFullName":"北京大生在线科技有限公司","adWord":0,"companyId":119153,"formatCreateTime":"2016-07-18","businessZones":["上地","西二旗","马连洼"],"imState":"today","lastLogin":1472575142000,"positionId":754238,"industryField":"移动互联网,教育","education":"本科","workYear":"3-5年","city":"北京","positionAdvantage":"国际化管理、行业大咖领军、平等开放氛围","createTime":"2016-07-18 09:33:30","salary":"25k-30k","positionName":"Linux C/ C++高级工程师(音视频)","companySize":"2000人以上","companyShortName":"51Talk 无忧英语","companyLogo":"i/image/M00/12/D3/Cgp3O1bmVr-AOGHYAABsWK_3bSI050.JPG","financeStage":"上市公司","approve":0,"jobNature":"全职","companyLabelList":["交通补助","带薪年假","股票期权"],"district":"海淀区","score":0,"publisherId":602053,"explain":null,"plus":null,"pcShow":0,"appShow":0,"deliver":0,"gradeDescription":null},{"companyFullName":"北京搜狗科技发展有限公司","adWord":0,"companyId":1537,"formatCreateTime":"2016-07-15","businessZones":["五道口","清华大学","中关村"],"imState":"today","lastLogin":1472557518000,"positionId":1969714,"industryField":"移动互联网,数据服务","education":"本科","workYear":"3-5年","city":"北京","positionAdvantage":"技术卓越，成长迅速，平台实力强大。","createTime":"2016-07-15 10:58:45","salary":"15k-30k","positionName":"商业基础工程-C++开发工程师","companySize":"2000人以上","companyShortName":"搜狗","companyLogo":"image2/M00/04/33/CgpzWlXw72aAb7sYAAAL-t8ysD4816.jpg","financeStage":"成熟型(C轮)","approve":1,"jobNature":"全职","companyLabelList":["五险一金","带薪年假","午餐补助","定期体检"],"district":"海淀区","score":0,"publisherId":73392,"explain":null,"plus":null,"pcShow":0,"appShow":0,"deliver":0,"gradeDescription":null},{"companyFullName":"北京联程科技有限责任公司","adWord":0,"companyId":108931,"formatCreateTime":"2016-07-14","businessZones":["苏州街","中关村","北京大学"],"imState":"disabled","lastLogin":1469597854000,"positionId":1966076,"industryField":"信息安全,企业服务","education":"大专","workYear":"不限","city":"北京","positionAdvantage":"弹性上班时间、餐补、交通通讯补助","createTime":"2016-07-14 09:55:37","salary":"5k-8k","positionName":"C++ 研发","companySize":"15-50人","companyShortName":"联程科技","companyLogo":"i/image/M00/01/46/Cgp3O1ZmUVyAZNnuAAAqG9Pt5y8371.jpg","financeStage":"初创型(不需要融资)","approve":1,"jobNature":"全职","companyLabelList":null,"district":"海淀区","score":0,"publisherId":3419535,"explain":null,"plus":null,"pcShow":0,"appShow":0,"deliver":0,"gradeDescription":null},{"companyFullName":"北京达顺昌盛技术有限公司","adWord":0,"companyId":134716,"formatCreateTime":"2016-07-13","businessZones":null,"imState":"disabled","lastLogin":1472181407000,"positionId":2088721,"industryField":"移动互联网,电子商务","education":"本科","workYear":"1-3年","city":"北京","positionAdvantage":"双休，五险一金，员工旅游","createTime":"2016-07-13 10:04:58","salary":"10k-15k","positionName":"C#研发工程师","companySize":"15-50人","companyShortName":"达顺昌盛","companyLogo":"i/image/M00/41/BF/CgqKkVd9uzmADKdBAAAO5Pohjeo682.png","financeStage":"初创型(未融资)","approve":0,"jobNature":"全职","companyLabelList":null,"district":"海淀区","score":0,"publisherId":5374291,"explain":null,"plus":null,"pcShow":0,"appShow":0,"deliver":0,"gradeDescription":null},{"companyFullName":"北京众鸣世纪科技有限公司","adWord":0,"companyId":4668,"formatCreateTime":"2016-07-12","businessZones":["上地","西二旗","马连洼"],"imState":"today","lastLogin":1472554085000,"positionId":2087612,"industryField":"电子商务,生活服务","education":"本科","workYear":"3-5年","city":"北京","positionAdvantage":"公司健身中心 全额工资基数五险一金 出国游","createTime":"2016-07-12 19:45:00","salary":"15k-30k","positionName":"C++","companySize":"500-2000人","companyShortName":"科锐国际人力资源有限公司","companyLogo":"i/image/M00/4A/9C/Cgp3O1ebFeWAZ3KXAAADRAPmjjg245.png","financeStage":"成熟型(D轮及以上)","approve":0,"jobNature":"全职","companyLabelList":["五险一金","帅哥多","领导好","岗位晋升"],"district":"海淀区","score":0,"publisherId":5113763,"explain":null,"plus":null,"pcShow":0,"appShow":0,"deliver":0,"gradeDescription":null},{"companyFullName":"北京中搜网络技术股份有限公司第一分公司","adWord":0,"companyId":53185,"formatCreateTime":"2016-07-12","businessZones":["亮马桥","三元桥","燕莎"],"imState":"disabled","lastLogin":1471946883000,"positionId":2086946,"industryField":"移动互联网","education":"本科","workYear":"3-5年","city":"北京","positionAdvantage":"福利：六险一金+14薪+出国旅游+弹性工作制","createTime":"2016-07-12 17:43:47","salary":"18k-36k","positionName":"C++音视频开发工程师","companySize":"500-2000人","companyShortName":"中搜","companyLogo":"images/logo_default.png","financeStage":"上市公司","approve":0,"jobNature":"全职","companyLabelList":["技能培训","节日礼物","股票期权","带薪年假"],"district":"朝阳区","score":0,"publisherId":1343646,"explain":null,"plus":null,"pcShow":0,"appShow":0,"deliver":0,"gradeDescription":null},{"companyFullName":"万法通（北京）法律咨询有限公司","adWord":0,"companyId":101865,"formatCreateTime":"2016-07-12","businessZones":null,"imState":"disabled","lastLogin":1468838799000,"positionId":2086451,"industryField":"企业服务,教育","education":"不限","workYear":"1-3年","city":"北京","positionAdvantage":"扁平化的氛围","createTime":"2016-07-12 16:57:59","salary":"7k-10k","positionName":"Asp.net程序员/net程序员（C#）","companySize":"15-50人","companyShortName":"万法通","companyLogo":"image2/M00/0F/08/CgpzWlYnE1uASrLzAAA5JtYZnq4187.png?cc=0.7827334799803793","financeStage":"初创型(不需要融资)","approve":0,"jobNature":"全职","companyLabelList":["技能培训","专项奖金","带薪年假","绩效奖金"],"district":"朝阳区","score":0,"publisherId":5612511,"explain":null,"plus":null,"pcShow":0,"appShow":0,"deliver":0,"gradeDescription":null},{"companyFullName":"阿里巴巴（中国）网络技术有限公司","adWord":0,"companyId":347,"formatCreateTime":"2016-07-12","businessZones":["南磨房","百子湾"],"imState":"threeDays","lastLogin":1472460944000,"positionId":1772928,"industryField":"移动互联网","education":"本科","workYear":"3-5年","city":"北京","positionAdvantage":"股票期权 五险一金 扁平空间 技术大牛","createTime":"2016-07-12 16:44:19","salary":"20k-40k","positionName":"高级JAVA/C++研发工程师/专家","companySize":"2000人以上","companyShortName":"阿里巴巴","companyLogo":"i/image/M00/54/5E/CgqKkVfDxgCAMb-GAAC2FtnWUVE377.jpg","financeStage":"上市公司","approve":1,"jobNature":"全职","companyLabelList":["美女多","领导好","发展前景好","简单"],"district":"朝阳区","score":0,"publisherId":4941151,"explain":null,"plus":null,"pcShow":0,"appShow":0,"deliver":0,"gradeDescription":null},{"companyFullName":"百度在线网络技术（北京）有限公司","adWord":0,"companyId":1575,"formatCreateTime":"2016-07-12","businessZones":null,"imState":"disabled","lastLogin":1472193911000,"positionId":1766400,"industryField":"移动互联网,数据服务","education":"本科","workYear":"3-5年","city":"北京","positionAdvantage":"公司规模大，发展前景好","createTime":"2016-07-12 15:52:42","salary":"15k-20k","positionName":"C++高级研发工程师","companySize":"2000人以上","companyShortName":"百度","companyLogo":"image1/M00/00/06/CgYXBlTUWAWAOBXrAABGHHFb0q8748.jpg","financeStage":"上市公司","approve":1,"jobNature":"全职","companyLabelList":["股票期权","弹性工作","五险一金","免费班车"],"district":"海淀区","score":0,"publisherId":4743226,"explain":null,"plus":null,"pcShow":0,"appShow":0,"deliver":0,"gradeDescription":null},{"companyFullName":"苏宁云商集团股份有限公司","adWord":0,"companyId":13817,"formatCreateTime":"2016-07-12","businessZones":["望京","来广营"],"imState":"disabled","lastLogin":1470723485000,"positionId":396055,"industryField":"O2O","education":"本科","workYear":"5-10年","city":"北京","positionAdvantage":"完善的福利体系，广阔的发展平台","createTime":"2016-07-12 14:16:10","salary":"15k-25k","positionName":"高级C++开发工程师","companySize":"2000人以上","companyShortName":"苏宁云商","companyLogo":"i/image/M00/01/1D/Cgp3O1ZgCjmAaevKAAALcfqugY0178.png","financeStage":"上市公司","approve":1,"jobNature":"全职","companyLabelList":["节日礼物","带薪年假","绩效奖金","岗位晋升"],"district":"朝阳区","score":0,"publisherId":869756,"explain":null,"plus":null,"pcShow":0,"appShow":0,"deliver":0,"gradeDescription":null},{"companyFullName":"北京一站通电子商务有限公司","adWord":0,"companyId":137740,"formatCreateTime":"2016-07-12","businessZones":["马连洼","颐和园"],"imState":"overSevenDays","lastLogin":1468548727000,"positionId":2083645,"industryField":"电子商务","education":"本科","workYear":"1-3年","city":"北京","positionAdvantage":"五险一金，年底双薪，各种福利应有尽有","createTime":"2016-07-12 11:32:21","salary":"9k-15k","positionName":"C#高级研发工程师","companySize":"少于15人","companyShortName":"北京一站通","companyLogo":"i/image/M00/41/6C/Cgp3O1d8vTGAL_JoAAAV6vIFQMc031.png","financeStage":"初创型(未融资)","approve":1,"jobNature":"全职","companyLabelList":null,"district":"海淀区","score":0,"publisherId":5569735,"explain":null,"plus":null,"pcShow":0,"appShow":0,"deliver":0,"gradeDescription":null},{"companyFullName":"北京超维创想信息技术有限公司","adWord":0,"companyId":133602,"formatCreateTime":"2016-07-12","businessZones":["上地","马连洼","西二旗"],"imState":"disabled","lastLogin":1469427248000,"positionId":1935915,"industryField":"数据服务,其他","education":"大专","workYear":"1-3年","city":"北京","positionAdvantage":"可培养做项目经理","createTime":"2016-07-12 09:48:38","salary":"10k-15k","positionName":"C++项目经理","companySize":"50-150人","companyShortName":"超维创想","companyLogo":"i/image/M00/34/F5/Cgp3O1dXeTSABODeAABcY3iBTHg250.png","financeStage":"成长型(不需要融资)","approve":0,"jobNature":"全职","companyLabelList":null,"district":"海淀区","score":0,"publisherId":5291458,"explain":null,"plus":null,"pcShow":0,"appShow":0,"deliver":0,"gradeDescription":null},{"companyFullName":"北京天工科仪辐射技术有限公司","adWord":0,"companyId":47140,"formatCreateTime":"2016-07-12","businessZones":["上地","西二旗","马连洼"],"imState":"overSevenDays","lastLogin":1470895678000,"positionId":450644,"industryField":"企业服务,硬件","education":"本科","workYear":"应届毕业生","city":"北京","positionAdvantage":"航天专业软件开发，前景广阔","createTime":"2016-07-12 08:54:19","salary":"7k-10k","positionName":"C#软件工程师","companySize":"15-50人","companyShortName":"天工科仪","companyLogo":"image1/M00/00/79/Cgo8PFTUXbeAQNA1AABfnpxPwGM437.jpg","financeStage":"初创型(未融资)","approve":0,"jobNature":"全职","companyLabelList":["节日礼物","带薪年假","领导好","五险一金"],"district":"海淀区","score":0,"publisherId":912728,"explain":null,"plus":null,"pcShow":0,"appShow":0,"deliver":0,"gradeDescription":null},{"companyFullName":"北京开天创世科技有限公司","adWord":0,"companyId":73666,"formatCreateTime":"2016-07-11","businessZones":["望京","大山子","花家地"],"imState":"disabled","lastLogin":1468314107000,"positionId":1699454,"industryField":"移动互联网,游戏","education":"大专","workYear":"1-3年","city":"北京","positionAdvantage":"高薪工资+五险一金+项目分红+餐补+交通补","createTime":"2016-07-11 17:00:42","salary":"15k-30k","positionName":"游戏C++服务器","companySize":"50-150人","companyShortName":"开天创世","companyLogo":"image1/M00/2A/B0/Cgo8PFVtElqAYWk9AAA6Fsc6EW8428.jpg","financeStage":"成长型(A轮)","approve":0,"jobNature":"全职","companyLabelList":["技能培训","节日礼物","专项奖金","带薪年假"],"district":"朝阳区","score":0,"publisherId":1928247,"explain":null,"plus":null,"pcShow":0,"appShow":0,"deliver":0,"gradeDescription":null},{"companyFullName":"游酷盛世科技（北京）有限公司","adWord":0,"companyId":116929,"formatCreateTime":"2016-07-11","businessZones":["大望路","CBD","国贸"],"imState":"overSevenDays","lastLogin":1471831854000,"positionId":1944841,"industryField":"游戏,移动互联网","education":"本科","workYear":"1-3年","city":"北京","positionAdvantage":"优厚的薪资福利，完善的晋升制度","createTime":"2016-07-11 16:19:05","salary":"15k-25k","positionName":"C++","companySize":"15-50人","companyShortName":"游酷盛世","companyLogo":"i/image/M00/0A/CC/CgqKkVbVFEiAXfbpAAAckapxpNg433.jpg","financeStage":"初创型(不需要融资)","approve":1,"jobNature":"全职","companyLabelList":["专项奖金","股票期权","绩效奖金","年终分红"],"district":"朝阳区","score":0,"publisherId":4195811,"explain":null,"plus":null,"pcShow":0,"appShow":0,"deliver":0,"gradeDescription":null}]}},"code":0}