{"success":true,"requestId":null,"msg":null,"resubmitToken":null,"code":0,"content":{"pageNo":8,"pageSize":15,"positionResult":{"resultSize":15,"totalCount":1236,"locationInfo":{"queryByGisCode":false,"businessZone":null,"locationCode":null,"city":"北京","district":null},"queryAnalysisInfo":{"industryName":null,"usefulCompany":false,"positionName":"c","companyName":null},"strategyProperty":{"name":"dm-csearch-newSimScorer","id":1},"result":[{"companyId":90948,"businessZones":["五道口","学院路","北航"],"imState":"disabled","lastLogin":1472551059000,"publisherId":4869542,"explain":null,"plus":null,"pcShow":0,"appShow":0,"deliver":0,"gradeDescription":null,"companyFullName":"广州神马移动信息科技有限公司","formatCreateTime":"10:08发布","positionName":"C++资深在线推荐研发工程师","workYear":"3-5年","education":"本科","jobNature":"全职","companyLogo":"i/image/M00/3A/C0/CgqKkVdqKraAMLP-AAAS3BFTUAA734.png","salary":"20k-30k","city":"北京","financeStage":"成熟型(不需要融资)","industryField":"移动互联网","positionId":2239588,"approve":1,"createTime":"2016-08-30 10:08:16","positionAdvantage":"年终奖,绩效奖,带薪假期,六险一金","district":"海淀区","companyShortName":"阿里巴巴－神马搜索","companyLabelList":["年底双薪","股票期权","专项奖金","带薪年假"],"score":0,"companySize":"500-2000人","adWord":0},{"companyId":356,"businessZones":["西二旗","龙泽","回龙观"],"imState":"today","lastLogin":1472552637000,"publisherId":619924,"explain":null,"plus":null,"pcShow":0,"appShow":0,"deliver":0,"gradeDescription":null,"companyFullName":"北京捷通华声科技股份有限公司","formatCreateTime":"09:58发布","positionName":"C++开发工程师","workYear":"3-5年","education":"本科","jobNature":"全职","companyLogo":"image1/M00/15/99/CgYXBlUKqGWAEiHsAABgvyF4n6Y615.jpg","salary":"10k-20k","city":"北京","financeStage":"成长型(不需要融资)","industryField":"移动互联网,数据服务","positionId":2089921,"approve":1,"createTime":"2016-08-30 09:58:59","positionAdvantage":"项目奖金、绩效奖金、半年调薪","district":"海淀区","companyShortName":"捷通华声","companyLabelList":["股票期权","半年调薪","绩效奖金多","晋升空间大"],"score":0,"companySize":"150-500人","adWord":0},{"companyId":142231,"businessZones":["大山子","酒仙桥","将台路"],"imState":"disabled","lastLogin":1472545468000,"publisherId":5829638,"explain":null,"plus":null,"pcShow":0,"appShow":0,"deliver":0,"gradeDescription":null,"companyFullName":"北京游漫天成网络技术有限公司","formatCreateTime":"09:56发布","positionName":"C","workYear":"1-3年","education":"大专","jobNature":"全职","companyLogo":"i/image/M00/4C/15/CgqKkVehfYmAK9hFAAA5JX2uqoc071.png","salary":"10k-20k","city":"北京","financeStage":"成长型(不需要融资)","industryField":"移动互联网,企业服务","positionId":2303223,"approve":0,"createTime":"2016-08-30 09:56:56","positionAdvantage":"周末双休 弹性工作时间 五险一金 各种福利","district":"朝阳区","companyShortName":"游漫天成","companyLabelList":["年底双薪","专项奖金","带薪年假","年终分红"],"score":0,"companySize":"50-150人","adWord":0},{"companyId":4802,"businessZones":["上地","西二旗","马连洼"],"imState":"today","lastLogin":1472541091000,"publisherId":249308,"explain":null,"plus":null,"pcShow":0,"appShow":0,"deliver":0,"gradeDescription":null,"companyFullName":"广联达软件股份有限公司","formatCreateTime":"09:56发布","positionName":"C++","workYear":"1-3年","education":"本科","jobNature":"全职","companyLogo":"image1/M00/10/C0/CgYXBlT_qTqAcEQ0AABKeP9o52k964.jpg","salary":"18k-25k","city":"北京","financeStage":"上市公司","industryField":"数据服务","positionId":1535696,"approve":0,"createTime":"2016-08-30 09:56:15","positionAdvantage":"发展空间大","district":"海淀区","companyShortName":"广联达","companyLabelList":["年终分红","绩效奖金","五险一金","午餐补助"],"score":0,"companySize":"2000人以上","adWord":0},{"companyId":10519,"businessZones":["大屯","奥运村","亚运村"],"imState":"today","lastLogin":1472540936000,"publisherId":1737737,"explain":null,"plus":null,"pcShow":0,"appShow":0,"deliver":0,"gradeDescription":null,"companyFullName":"中国民航信息网络股份有限公司","formatCreateTime":"09:53发布","positionName":"中级C++软件工程师","workYear":"3-5年","education":"本科","jobNature":"全职","companyLogo":"image1/M00/00/15/CgYXBlTUWEKAE1HeAACEAu2pVvk388.PNG","salary":"12k-20k","city":"北京","financeStage":"成熟型(不需要融资)","industryField":"移动互联网","positionId":2015791,"approve":1,"createTime":"2016-08-30 09:53:06","positionAdvantage":"央企，稳定，机遇。","district":"朝阳区","companyShortName":"中国民航信息网络股份有限公司","companyLabelList":["年底双薪","技能培训","待遇优厚","五险二金"],"score":0,"companySize":"2000人以上","adWord":0},{"companyId":701,"businessZones":["双桥","管庄","定福庄"],"imState":"disabled","lastLogin":1472544536000,"publisherId":2296090,"explain":null,"plus":null,"pcShow":0,"appShow":0,"deliver":0,"gradeDescription":null,"companyFullName":"北京亿玛在线科技有限公司","formatCreateTime":"09:50发布","positionName":"高级C++开发工程师 （大数据）","workYear":"不限","education":"大专","jobNature":"全职","companyLogo":"image1/M00/00/04/Cgo8PFTUV_2APkHsAAATfxnET1o764.gif","salary":"15k-30k","city":"北京","financeStage":"上市公司","industryField":"移动互联网,电子商务","positionId":2208607,"approve":1,"createTime":"2016-08-30 09:50:46","positionAdvantage":"补充医疗，弹性工作，班车接送，带薪年假","district":"朝阳区","companyShortName":"亿玛在线-互联网营销领航者","companyLabelList":["技能培训","绩效奖金","年度旅游","岗位晋升"],"score":0,"companySize":"500-2000人","adWord":0},{"companyId":171,"businessZones":null,"imState":"today","lastLogin":1472521824000,"publisherId":830848,"explain":null,"plus":null,"pcShow":0,"appShow":0,"deliver":0,"gradeDescription":null,"companyFullName":"活力世纪科技（北京）有限公司","formatCreateTime":"09:50发布","positionName":"JAVA/C++检索研发工程师","workYear":"不限","education":"本科","jobNature":"全职","companyLogo":"i/image/M00/17/19/CgqKkVbw82CAAmBDAABb58-N6IM299.png","salary":"15k-25k","city":"北京","financeStage":"成熟型(C轮)","industryField":"移动互联网","positionId":2303125,"approve":1,"createTime":"2016-08-30 09:50:43","positionAdvantage":"优秀员工随公司逐步发展会有股票奖励","district":null,"companyShortName":"航班管家","companyLabelList":["技能培训","带薪年假","扁平管理","绩效津贴"],"score":0,"companySize":"150-500人","adWord":0},{"companyId":114841,"businessZones":null,"imState":"sevenDays","lastLogin":1472042169000,"publisherId":3895131,"explain":null,"plus":null,"pcShow":0,"appShow":0,"deliver":0,"gradeDescription":null,"companyFullName":"北京因特睿软件有限公司","formatCreateTime":"09:50发布","positionName":"高级研发工程师（Java 、 C#、.net）","workYear":"3-5年","education":"本科","jobNature":"全职","companyLogo":"i/image/M00/04/02/Cgp3O1bFYjuAVa8jAAAgWYB1an4025.png","salary":"15k-30k","city":"北京","financeStage":"成长型(A轮)","industryField":"移动互联网","positionId":2179479,"approve":0,"createTime":"2016-08-30 09:50:17","positionAdvantage":"五险一金，绩效奖金，弹性工作，股票期权","district":null,"companyShortName":"因特睿","companyLabelList":null,"score":0,"companySize":"50-150人","adWord":0},{"companyId":122355,"businessZones":null,"imState":"threeDays","lastLogin":1472441078000,"publisherId":6014554,"explain":null,"plus":null,"pcShow":0,"appShow":0,"deliver":0,"gradeDescription":null,"companyFullName":"嘉琪科技（北京）有限公司","formatCreateTime":"09:48发布","positionName":"C++","workYear":"3-5年","education":"本科","jobNature":"全职","companyLogo":"i/image/M00/1A/FF/CgqKkVb7fleAUZUqAAArNrtvr-o795.png","salary":"18k-25k","city":"北京","financeStage":"成长型(不需要融资)","industryField":"电子商务,移动互联网","positionId":2303079,"approve":0,"createTime":"2016-08-30 09:48:46","positionAdvantage":"C++","district":"东城区","companyShortName":"嘉琪科技","companyLabelList":null,"score":0,"companySize":"50-150人","adWord":0},{"companyId":1686,"businessZones":["中关村","北京大学","苏州街"],"imState":"today","lastLogin":1472546333000,"publisherId":24712,"explain":null,"plus":null,"pcShow":0,"appShow":0,"deliver":0,"gradeDescription":null,"companyFullName":"北京爱奇艺科技有限公司","formatCreateTime":"09:47发布","positionName":"搜索引擎Linux后端高级开发工程师(c++)","workYear":"不限","education":"本科","jobNature":"全职","companyLogo":"image1/M00/00/06/Cgo8PFTUWAaAbD7PAACAXTzCmiw113.jpg","salary":"14k以上","city":"北京","financeStage":"成熟型(D轮及以上)","industryField":"广告营销,文化娱乐","positionId":128870,"approve":1,"createTime":"2016-08-30 09:47:24","positionAdvantage":"高并发的网络引擎，Linux、网络编程","district":"海淀区","companyShortName":"爱奇艺","companyLabelList":["绩效奖金","五险一金","交通补助","带薪年假"],"score":0,"companySize":"2000人以上","adWord":0},{"companyId":5812,"businessZones":["西北旺"],"imState":"disabled","lastLogin":1472521236000,"publisherId":2235091,"explain":null,"plus":null,"pcShow":0,"appShow":0,"deliver":0,"gradeDescription":null,"companyFullName":"用友网络科技股份有限公司","formatCreateTime":"09:43发布","positionName":"C++高级工程师","workYear":"3-5年","education":"本科","jobNature":"全职","companyLogo":"image1/M00/00/0C/Cgo8PFTUWCCAaF4PAAAm3kBS87s438.png","salary":"15k-25k","city":"北京","financeStage":"上市公司","industryField":"企业服务,数据服务","positionId":2031490,"approve":1,"createTime":"2016-08-30 09:43:56","positionAdvantage":"免费班车 餐补 绩效奖 年终奖 节日福利等","district":"海淀区","companyShortName":"用友","companyLabelList":["技能培训","节日礼物","免费班车","岗位晋升"],"score":0,"companySize":"2000人以上","adWord":0},{"companyId":43807,"businessZones":null,"imState":"today","lastLogin":1472527846000,"publisherId":913349,"explain":null,"plus":null,"pcShow":0,"appShow":0,"deliver":0,"gradeDescription":null,"companyFullName":"深圳市智美达科技股份有限公司","formatCreateTime":"09:41发布","positionName":"C++工程师","workYear":"3-5年","education":"本科","jobNature":"全职","companyLogo":"image1/M00/00/6E/Cgo8PFTUXYiAB379AABAu807Zy0245.png","salary":"18k-30k","city":"北京","financeStage":"成长型(A轮)","industryField":"移动互联网","positionId":2078055,"approve":1,"createTime":"2016-08-30 09:41:30","positionAdvantage":"智能硬件,互联网","district":"海淀区","companyShortName":"智美达","companyLabelList":["节日礼物","技能培训","专项奖金","股票期权"],"score":0,"companySize":"500-2000人","adWord":0},{"companyId":75066,"businessZones":["牡丹园","北太平庄","学院路"],"imState":"disabled","lastLogin":1472520804000,"publisherId":1746670,"explain":null,"plus":null,"pcShow":0,"appShow":0,"deliver":0,"gradeDescription":null,"companyFullName":"北大方正信息产业集团有限公司","formatCreateTime":"09:33发布","positionName":"C++开发","workYear":"3-5年","education":"本科","jobNature":"全职","companyLogo":"image1/M00/2C/63/Cgo8PFV1Lq-AcLE7AADH2HyZI44215.jpg?cc=0.42167636449448764","salary":"15k-25k","city":"北京","financeStage":"上市公司","industryField":"数据服务,硬件","positionId":2064785,"approve":1,"createTime":"2016-08-30 09:33:42","positionAdvantage":"14-18薪 六险一金 弹性上班","district":"海淀区","companyShortName":"方正IT","companyLabelList":["节日礼物","股票期权","专项奖金","带薪年假"],"score":0,"companySize":"2000人以上","adWord":0},{"companyId":6006,"businessZones":null,"imState":"today","lastLogin":1472548208000,"publisherId":61224,"explain":null,"plus":null,"pcShow":0,"appShow":0,"deliver":0,"gradeDescription":null,"companyFullName":"北京数码大方科技股份有限公司","formatCreateTime":"09:28发布","positionName":"C++开发工程师-北京","workYear":"1-3年","education":"本科","jobNature":"全职","companyLogo":"image1/M00/00/0D/CgYXBlTUWCGAPyYuAABEkT-NOHI938.jpg","salary":"8k-15k","city":"北京","financeStage":"上市公司","industryField":"移动互联网,数据服务","positionId":516704,"approve":1,"createTime":"2016-08-30 09:28:44","positionAdvantage":"高新技术 学习成长 弹性工作 五险一金","district":"海淀区","companyShortName":"CAXA","companyLabelList":["绩效奖金","带薪年假","交通补助","弹性工作"],"score":0,"companySize":"500-2000人","adWord":0},{"companyId":56035,"businessZones":["朝阳门","朝外","工体"],"imState":"disabled","lastLogin":1472520317000,"publisherId":1403858,"explain":null,"plus":null,"pcShow":0,"appShow":0,"deliver":0,"gradeDescription":null,"companyFullName":"北京格尔国信科技有限公司","formatCreateTime":"09:28发布","positionName":"C++开发工程师","workYear":"1-3年","education":"本科","jobNature":"全职","companyLogo":"image2/M00/0D/43/CgqLKVYfDVmAaB_OAAAQSUOj53c558.jpg?cc=0.5427452966105193","salary":"8k-12k","city":"北京","financeStage":"成长型(不需要融资)","industryField":"信息安全","positionId":1819129,"approve":1,"createTime":"2016-08-30 09:28:31","positionAdvantage":"五险一金、带薪年假、年轻团队","district":"东城区","companyShortName":"格尔国信","companyLabelList":["带薪年假","年度旅游","定期体检","五险一金"],"score":0,"companySize":"50-150人","adWord":0}]}}}