{"msg":null,"success":true,"requestId":null,"resubmitToken":null,"content":{"pageNo":83,"pageSize":15,"positionResult":{"queryAnalysisInfo":{"industryName":null,"usefulCompany":false,"positionName":"c","companyName":null},"strategyProperty":{"name":"dm-csearch-newSimScorer","id":1},"totalCount":1236,"resultSize":6,"locationInfo":{"businessZone":null,"locationCode":null,"queryByGisCode":false,"city":"北京","district":null},"result":[{"companyId":4286,"explain":null,"plus":null,"pcShow":0,"appShow":0,"deliver":0,"gradeDescription":null,"businessZones":null,"imState":"today","lastLogin":1472553265000,"publisherId":41316,"positionName":"C++","workYear":"3-5年","education":"本科","jobNature":"全职","positionId":2044708,"createTime":"2016-08-22 13:20:43","city":"北京","companyLogo":"image1/M00/00/0A/Cgo8PFTUWBeAP0x-AABLzvA2eJ0892.png","industryField":"移动互联网,游戏","positionAdvantage":"过节费，旅游，年终奖金，各种福利等着你！","salary":"15k-25k","companySize":"500-2000人","approve":1,"financeStage":"成熟型(不需要融资)","companyLabelList":["节日礼物","技能培训","年底双薪","年度旅游"],"district":null,"companyShortName":"竞技世界","score":0,"formatCreateTime":"2016-08-22","companyFullName":"竞技世界（北京）网络技术有限公司","adWord":0},{"companyId":119153,"explain":null,"plus":null,"pcShow":0,"appShow":0,"deliver":0,"gradeDescription":null,"businessZones":["上地","西二旗","马连洼"],"imState":"today","lastLogin":1472575142000,"publisherId":602053,"positionName":"C++","workYear":"3-5年","education":"本科","jobNature":"全职","positionId":1151466,"createTime":"2016-07-18 09:33:29","city":"北京","companyLogo":"i/image/M00/12/D3/Cgp3O1bmVr-AOGHYAABsWK_3bSI050.JPG","industryField":"移动互联网,教育","positionAdvantage":"免费早餐晚餐，各种福利，惊喜不断","salary":"15k-25k","companySize":"2000人以上","approve":0,"financeStage":"上市公司","companyLabelList":["交通补助","带薪年假","股票期权"],"district":"海淀区","companyShortName":"51Talk 无忧英语","score":0,"formatCreateTime":"2016-07-18","companyFullName":"北京大生在线科技有限公司","adWord":0},{"companyId":119153,"explain":null,"plus":null,"pcShow":0,"appShow":0,"deliver":0,"gradeDescription":null,"businessZones":["上地","西二旗","马连洼"],"imState":"today","lastLogin":1472575142000,"publisherId":602053,"positionName":"C++实习生","workYear":"不限","education":"本科","jobNature":"实习","positionId":1388600,"createTime":"2016-07-18 09:33:29","city":"北京","companyLogo":"i/image/M00/12/D3/Cgp3O1bmVr-AOGHYAABsWK_3bSI050.JPG","industryField":"移动互联网,教育","positionAdvantage":"专业培训，免费晚餐，弹性工作","salary":"2k-4k","companySize":"2000人以上","approve":0,"financeStage":"上市公司","companyLabelList":["交通补助","带薪年假","股票期权"],"district":"海淀区","companyShortName":"51Talk 无忧英语","score":0,"formatCreateTime":"2016-07-18","companyFullName":"北京大生在线科技有限公司","adWord":0},{"companyId":1537,"explain":null,"plus":null,"pcShow":0,"appShow":0,"deliver":0,"gradeDescription":null,"businessZones":["五道口","清华大学","中关村"],"imState":"today","lastLogin":1472557518000,"publisherId":73392,"positionName":"网页搜索-开放平台C++工程师","workYear":"3-5年","education":"本科","jobNature":"全职","positionId":1118679,"createTime":"2016-07-15 10:58:38","city":"北京","companyLogo":"image2/M00/04/33/CgpzWlXw72aAb7sYAAAL-t8ysD4816.jpg","industryField":"移动互联网,数据服务","positionAdvantage":"核心产品 成长空间大 深厚技术沉淀","salary":"15k-25k","companySize":"2000人以上","approve":1,"financeStage":"成熟型(C轮)","companyLabelList":["五险一金","带薪年假","午餐补助","定期体检"],"district":"海淀区","companyShortName":"搜狗","score":0,"formatCreateTime":"2016-07-15","companyFullName":"北京搜狗科技发展有限公司","adWord":0},{"companyId":1537,"explain":null,"plus":null,"pcShow":0,"appShow":0,"deliver":0,"gradeDescription":null,"businessZones":["五道口","清华大学","中关村"],"imState":"today","lastLogin":1472557518000,"publisherId":73392,"positionName":"搜狗开放平台-C++高级开发工程师","workYear":"3-5年","education":"本科","jobNature":"全职","positionId":2049982,"createTime":"2016-07-05 09:39:09","city":"北京","companyLogo":"image2/M00/04/33/CgpzWlXw72aAb7sYAAAL-t8ysD4816.jpg","industryField":"移动互联网,数据服务","positionAdvantage":"数据体系，承载搜索核心技术，上亿数据量","salary":"15k-30k","companySize":"2000人以上","approve":1,"financeStage":"成熟型(C轮)","companyLabelList":["五险一金","带薪年假","午餐补助","定期体检"],"district":"海淀区","companyShortName":"搜狗","score":0,"formatCreateTime":"2016-07-05","companyFullName":"北京搜狗科技发展有限公司","adWord":0},{"companyId":91,"explain":null,"plus":null,"pcShow":0,"appShow":0,"deliver":0,"gradeDescription":null,"businessZones":["望京","花家地","大山子"],"imState":"today","lastLogin":1472536371000,"publisherId":686535,"positionName":"C++","workYear":"5-10年","education":"本科","jobNature":"全职","positionId":2055684,"createTime":"2016-07-05 21:12:24","city":"北京","companyLogo":"i/image/M00/01/92/CgqKkVZv9oyAebyDAACpLbec-1E022.jpg","industryField":"移动互联网","positionAdvantage":"阿里平台 绩效奖金 导航专家","salary":"20k-40k","companySize":"2000人以上","approve":1,"financeStage":"上市公司","companyLabelList":["弹性工作","帅哥多","美女多","五险一金"],"district":"朝阳区","companyShortName":"阿里巴巴移动事业群-高德","score":0,"formatCreateTime":"2016-07-05","companyFullName":"高德软件有限公司","adWord":0}]}},"code":0}