{"success":true,"requestId":null,"msg":null,"resubmitToken":null,"code":0,"content":{"pageNo":43,"pageSize":15,"positionResult":{"resultSize":15,"totalCount":974,"locationInfo":{"queryByGisCode":false,"businessZone":null,"locationCode":null,"city":"北京","district":null},"queryAnalysisInfo":{"industryName":null,"usefulCompany":false,"positionName":"ios","companyName":null},"strategyProperty":{"name":"dm-csearch-newSimScorer","id":1},"result":[{"companyId":1914,"businessZones":["中关村","北京大学","苏州街"],"imState":"today","lastLogin":1472549525000,"publisherId":4679250,"explain":null,"plus":null,"pcShow":0,"appShow":0,"deliver":0,"gradeDescription":null,"companyFullName":"合一网络技术（北京）有限公司","formatCreateTime":"2016-08-17","positionName":"iOS高级开发","workYear":"3-5年","education":"本科","jobNature":"全职","companyLogo":"i/image/M00/01/39/Cgp3O1Zk9luAeL0jAAAO0FvOuQE553.png","salary":"15k-25k","city":"北京","financeStage":"上市公司","industryField":"数据服务,文化娱乐","positionId":1662540,"approve":1,"createTime":"2016-08-17 13:12:06","positionAdvantage":"五险一金、商业保险、带薪年假、试用全薪","district":"海淀区","companyShortName":"优酷土豆","companyLabelList":["带薪年假","岗位晋升","五险一金","弹性工作"],"score":0,"companySize":"2000人以上","adWord":0},{"companyId":61488,"businessZones":null,"imState":"today","lastLogin":1472548940000,"publisherId":965544,"explain":null,"plus":null,"pcShow":0,"appShow":0,"deliver":0,"gradeDescription":null,"companyFullName":"北京四达时代软件技术股份有限公司","formatCreateTime":"2016-08-17","positionName":"iOS","workYear":"3-5年","education":"本科","jobNature":"全职","companyLogo":"image1/M00/1A/E1/CgYXBlUd7k-AAGqpAAAljq6bCv4669.png","salary":"12k-24k","city":"北京","financeStage":"上市公司","industryField":"文化娱乐,硬件","positionId":1887751,"approve":1,"createTime":"2016-08-17 11:24:54","positionAdvantage":"企业规模大 福利待遇高","district":"大兴区","companyShortName":"四达时代集团","companyLabelList":["年底双薪","专项奖金","绩效奖金","交通补助"],"score":0,"companySize":"2000人以上","adWord":0},{"companyId":130183,"businessZones":["安贞","小关","安华"],"imState":"today","lastLogin":1472554326000,"publisherId":5102660,"explain":null,"plus":null,"pcShow":0,"appShow":0,"deliver":0,"gradeDescription":null,"companyFullName":"北京先声教育科技有限公司","formatCreateTime":"2016-08-16","positionName":"iOS工程师","workYear":"3-5年","education":"本科","jobNature":"全职","companyLogo":"i/image/M00/2D/6C/Cgp3O1c7-suAM997AAAHuVMiuMs373.png","salary":"15k-25k","city":"北京","financeStage":"初创型(天使轮)","industryField":"移动互联网","positionId":2247008,"approve":0,"createTime":"2016-08-16 18:23:19","positionAdvantage":"五险一金，弹性工作，期权激励","district":"朝阳区","companyShortName":"先声教育","companyLabelList":null,"score":0,"companySize":"15-50人","adWord":0},{"companyId":119144,"businessZones":["海运仓","东直门","东四"],"imState":"disabled","lastLogin":1472441711000,"publisherId":5772127,"explain":null,"plus":null,"pcShow":0,"appShow":0,"deliver":0,"gradeDescription":null,"companyFullName":"荐才（北京）投资管理有限公司","formatCreateTime":"2016-08-16","positionName":"iOS架构","workYear":"3-5年","education":"大专","jobNature":"全职","companyLogo":"i/image/M00/12/B0/Cgp3O1bmLtGAQguWAAI0_pkC2d0082.png","salary":"25k-35k","city":"北京","financeStage":"初创型(天使轮)","industryField":"移动互联网,金融","positionId":2157885,"approve":0,"createTime":"2016-08-16 17:53:09","positionAdvantage":"14薪 五险一金 不加班","district":"朝阳区","companyShortName":"荐才投资","companyLabelList":null,"score":0,"companySize":"150-500人","adWord":0},{"companyId":22687,"businessZones":["双榆树","中关村","大钟寺"],"imState":"disabled","lastLogin":1471835077000,"publisherId":263988,"explain":null,"plus":null,"pcShow":0,"appShow":0,"deliver":0,"gradeDescription":null,"companyFullName":"北京乐钱金融信息服务有限公司","formatCreateTime":"2016-08-16","positionName":"iOS、Android客户端开发实习生（不符合任职要求的勿扰）","workYear":"不限","education":"硕士","jobNature":"实习","companyLogo":"image1/M00/00/2C/CgYXBlTUXHGAI0KOAAAmF1eq0pE909.jpg","salary":"1k-2k","city":"北京","financeStage":"初创型(天使轮)","industryField":"金融","positionId":1783860,"approve":1,"createTime":"2016-08-16 17:49:27","positionAdvantage":"晋升空间大 办公环境优美气氛好","district":"海淀区","companyShortName":"乐钱","companyLabelList":["年底三薪","股票期权","带薪年假","通讯津贴"],"score":0,"companySize":"50-150人","adWord":0},{"companyId":130135,"businessZones":["大望路","华贸","红庙"],"imState":"threeDays","lastLogin":1472452552000,"publisherId":4944774,"explain":null,"plus":null,"pcShow":0,"appShow":0,"deliver":0,"gradeDescription":null,"companyFullName":"视觉（中国）文化发展股份有限公司北京分公司","formatCreateTime":"2016-08-16","positionName":"iOS","workYear":"3-5年","education":"本科","jobNature":"全职","companyLogo":"i/image/M00/2D/F3/CgqKkVc9chWAX8-6AABIa9_FV78596.png","salary":"10k-15k","city":"北京","financeStage":"上市公司","industryField":"移动互联网","positionId":2246371,"approve":1,"createTime":"2016-08-16 17:20:10","positionAdvantage":"互联网上市公司、团队氛围好、福利完善","district":"朝阳区","companyShortName":"视觉中国","companyLabelList":null,"score":0,"companySize":"150-500人","adWord":0},{"companyId":142800,"businessZones":["望京","来广营"],"imState":"disabled","lastLogin":1472025243000,"publisherId":5808871,"explain":null,"plus":null,"pcShow":0,"appShow":0,"deliver":0,"gradeDescription":null,"companyFullName":"北京猫眼文化传媒有限公司","formatCreateTime":"2016-08-16","positionName":"高级iOS开发工程师","workYear":"3-5年","education":"本科","jobNature":"全职","companyLogo":"i/image/M00/4E/F3/Cgp3O1etThWASFAWAAAW8eQEc9I253.png","salary":"20k-35k","city":"北京","financeStage":"初创型(未融资)","industryField":"移动互联网,文化娱乐","positionId":2245239,"approve":0,"createTime":"2016-08-16 15:32:34","positionAdvantage":"技术氛围赞发展空间大弹性工作时间补充医疗","district":"朝阳区","companyShortName":"猫眼电影","companyLabelList":null,"score":0,"companySize":"500-2000人","adWord":0},{"companyId":108041,"businessZones":["上地","西北旺","马连洼"],"imState":"sevenDays","lastLogin":1472032208000,"publisherId":4805887,"explain":null,"plus":null,"pcShow":0,"appShow":0,"deliver":0,"gradeDescription":null,"companyFullName":"仁济天下（北京）科技有限公司","formatCreateTime":"2016-08-16","positionName":"iOS高级开发工程师","workYear":"3-5年","education":"本科","jobNature":"全职","companyLogo":"i/image/M00/01/43/Cgp3O1ZlrymAGKe3AAAuYxL0uTw209.png","salary":"18k-30k","city":"北京","financeStage":"成长型(A轮)","industryField":"移动互联网,医疗健康","positionId":2244998,"approve":0,"createTime":"2016-08-16 15:08:07","positionAdvantage":"弹性工作制、五险一金、带薪年假、各种补助","district":"海淀区","companyShortName":"名医帮","companyLabelList":null,"score":0,"companySize":"50-150人","adWord":0},{"companyId":968,"businessZones":["小西天","德胜门","积水潭"],"imState":"today","lastLogin":1472549411000,"publisherId":41758,"explain":null,"plus":null,"pcShow":0,"appShow":0,"deliver":0,"gradeDescription":null,"companyFullName":"缤刻普锐（北京）科技有限责任公司","formatCreateTime":"2016-08-16","positionName":"iOS高级开发工程师","workYear":"3-5年","education":"本科","jobNature":"全职","companyLogo":"i/image/M00/00/21/Cgp3O1Yt2LyABF1tAAAJUhzkjSM894.jpg","salary":"18k-28k","city":"北京","financeStage":"成长型(B轮)","industryField":"移动互联网","positionId":464139,"approve":1,"createTime":"2016-08-16 13:37:00","positionAdvantage":"行业发展前景好，公司发展好，发展空间大","district":"西城区","companyShortName":"有品 PICOOC","companyLabelList":["年底双薪","股票期权","绩效奖金","带薪年假"],"score":0,"companySize":"50-150人","adWord":0},{"companyId":1331,"businessZones":null,"imState":"today","lastLogin":1472537293000,"publisherId":8455,"explain":null,"plus":null,"pcShow":0,"appShow":0,"deliver":0,"gradeDescription":null,"companyFullName":"多盟睿达科技（中国）有限公司","formatCreateTime":"2016-08-16","positionName":"iOS客户端研发工程师","workYear":"1-3年","education":"本科","jobNature":"全职","companyLogo":"image1/M00/00/05/Cgo8PFTUWAOAYJkXAAC-mLoSPQk193.jpg","salary":"10k-20k","city":"北京","financeStage":"成长型(不需要融资)","industryField":"移动互联网,广告营销","positionId":2032420,"approve":1,"createTime":"2016-08-16 11:41:25","positionAdvantage":"美女如云 各种补助 六险一金","district":null,"companyShortName":"多盟","companyLabelList":["年底双薪","专项奖金","带薪年假","绩效奖金"],"score":0,"companySize":"150-500人","adWord":0},{"companyId":100836,"businessZones":null,"imState":"disabled","lastLogin":1472524659000,"publisherId":2836007,"explain":null,"plus":null,"pcShow":0,"appShow":0,"deliver":0,"gradeDescription":null,"companyFullName":"北京云视博科技发展有限公司","formatCreateTime":"2016-08-16","positionName":"iOS视频滤镜研发高级工程师","workYear":"5-10年","education":"本科","jobNature":"全职","companyLogo":"i/image/M00/45/93/Cgp3O1eIsuOABBJRAABG_jg9wps461.png","salary":"15k-20k","city":"北京","financeStage":"初创型(天使轮)","industryField":"移动互联网,电子商务","positionId":2169325,"approve":1,"createTime":"2016-08-16 09:49:12","positionAdvantage":"五险一金","district":null,"companyShortName":"云视博","companyLabelList":["交通补助","五险一金","岗位晋升"],"score":0,"companySize":"15-50人","adWord":0},{"companyId":143949,"businessZones":["中关村","苏州街","苏州桥"],"imState":"overSevenDays","lastLogin":1471844167000,"publisherId":4982011,"explain":null,"plus":null,"pcShow":0,"appShow":0,"deliver":0,"gradeDescription":null,"companyFullName":"北京未来九点零科技有限责任公司","formatCreateTime":"2016-08-16","positionName":"iOS","workYear":"3-5年","education":"本科","jobNature":"全职","companyLogo":"i/image/M00/4F/B5/Cgp3O1exqvWASSq1AAAW_lWSZmU294.jpg","salary":"15k-25k","city":"北京","financeStage":"成熟型(不需要融资)","industryField":"O2O,移动互联网","positionId":2241319,"approve":0,"createTime":"2016-08-16 00:33:40","positionAdvantage":"前景好,领导好","district":"海淀区","companyShortName":"七彩世界集团子公司","companyLabelList":null,"score":0,"companySize":"500-2000人","adWord":0},{"companyId":135405,"businessZones":["石佛营","十里堡","姚家园"],"imState":"disabled","lastLogin":1471834395000,"publisherId":731183,"explain":null,"plus":null,"pcShow":0,"appShow":0,"deliver":0,"gradeDescription":null,"companyFullName":"联子网络科技（北京）有限公司","formatCreateTime":"2016-08-15","positionName":"iOS","workYear":"5-10年","education":"大专","jobNature":"全职","companyLogo":"i/image/M00/3A/38/CgqKkVdo372AKqmLAAAGKOif_EU534.png","salary":"15k-25k","city":"北京","financeStage":"初创型(天使轮)","industryField":"移动互联网,社交网络","positionId":2206623,"approve":0,"createTime":"2016-08-15 20:21:11","positionAdvantage":"互联网公司，五险一金，环境好，老板Nice","district":"朝阳区","companyShortName":"联子网络","companyLabelList":null,"score":0,"companySize":"15-50人","adWord":0},{"companyId":1575,"businessZones":["西北旺","马连洼","上地"],"imState":"sevenDays","lastLogin":1472178687000,"publisherId":5517919,"explain":null,"plus":null,"pcShow":0,"appShow":0,"deliver":0,"gradeDescription":null,"companyFullName":"百度在线网络技术（北京）有限公司","formatCreateTime":"2016-08-15","positionName":"iOS","workYear":"3-5年","education":"本科","jobNature":"全职","companyLogo":"image1/M00/00/06/CgYXBlTUWAWAOBXrAABGHHFb0q8748.jpg","salary":"20k-40k","city":"北京","financeStage":"上市公司","industryField":"移动互联网,数据服务","positionId":2036945,"approve":1,"createTime":"2016-08-15 17:55:40","positionAdvantage":"平台高，待遇好，工作环境舒适，学习机会多","district":"海淀区","companyShortName":"百度","companyLabelList":["股票期权","弹性工作","五险一金","免费班车"],"score":0,"companySize":"2000人以上","adWord":0},{"companyId":25592,"businessZones":null,"imState":"sevenDays","lastLogin":1472020893000,"publisherId":1841744,"explain":null,"plus":null,"pcShow":0,"appShow":0,"deliver":0,"gradeDescription":null,"companyFullName":"新浪网技术（中国）有限公司","formatCreateTime":"2016-08-15","positionName":"iOS开发工程师","workYear":"1-3年","education":"本科","jobNature":"全职","companyLogo":"image1/M00/00/35/Cgo8PFTUXJeAJhm5AAAyDX2QCwc674.jpg","salary":"12k-15k","city":"北京","financeStage":"上市公司","industryField":"文化娱乐","positionId":1082915,"approve":1,"createTime":"2016-08-15 17:01:25","positionAdvantage":"新浪体育招贤纳士~福利多多~快到碗里来！","district":"海淀区","companyShortName":"新浪网","companyLabelList":["免费班车","岗位晋升","五险一金","定期体检"],"score":0,"companySize":"2000人以上","adWord":0}]}}}