{"msg":null,"success":true,"requestId":null,"resubmitToken":null,"content":{"pageNo":55,"pageSize":15,"positionResult":{"queryAnalysisInfo":{"industryName":null,"usefulCompany":false,"positionName":"ios","companyName":null},"strategyProperty":{"name":"dm-csearch-newSimScorer","id":1},"totalCount":974,"resultSize":15,"locationInfo":{"businessZone":null,"locationCode":null,"queryByGisCode":false,"city":"北京","district":null},"result":[{"companyId":29703,"explain":null,"plus":null,"pcShow":0,"appShow":0,"deliver":0,"gradeDescription":null,"businessZones":["四季青","田村","五棵松"],"imState":"disabled","lastLogin":1472583713000,"publisherId":2146304,"positionName":"iOS","workYear":"1-3年","education":"本科","jobNature":"全职","positionId":2089915,"createTime":"2016-07-27 16:10:22","city":"北京","companyLogo":"image1/M00/2D/90/Cgo8PFV5SbCAfqQ3AAAmFssZ7LY754.jpg","industryField":"数据服务,文化娱乐","positionAdvantage":"六险一金","salary":"10k-20k","companySize":"500-2000人","approve":1,"financeStage":"成熟型(不需要融资)","companyLabelList":["技能培训","年底双薪","节日礼物","绩效奖金"],"district":"海淀区","companyShortName":"新奥特视频","score":0,"formatCreateTime":"2016-07-27","companyFullName":"新奥特(北京)视频技术有限公司","adWord":0},{"companyId":115290,"explain":null,"plus":null,"pcShow":0,"appShow":0,"deliver":0,"gradeDescription":null,"businessZones":["回龙观","龙泽"],"imState":"disabled","lastLogin":1472558153000,"publisherId":3515860,"positionName":"iOS开发","workYear":"1-3年","education":"本科","jobNature":"全职","positionId":1700209,"createTime":"2016-07-27 14:04:50","city":"北京","companyLogo":"i/image/M00/04/29/Cgp3O1bGvaeANFadAACq99s_LNQ931.png","industryField":"移动互联网","positionAdvantage":"加入超强实力的团队，快速成长！","salary":"8k-16k","companySize":"少于15人","approve":0,"financeStage":"初创型(天使轮)","companyLabelList":null,"district":"昌平区","companyShortName":"幂视科技","score":0,"formatCreateTime":"2016-07-27","companyFullName":"北京幂视科技有限责任公司","adWord":0},{"companyId":88199,"explain":null,"plus":null,"pcShow":0,"appShow":0,"deliver":0,"gradeDescription":null,"businessZones":["北苑","立水桥"],"imState":"disabled","lastLogin":1469807662000,"publisherId":2268036,"positionName":"高级iOS开发","workYear":"3-5年","education":"本科","jobNature":"全职","positionId":1136747,"createTime":"2016-07-27 13:26:25","city":"北京","companyLogo":"i/image/M00/3D/52/Cgp3O1dx-WqAdFNvAACEfIl6Reo191.jpg","industryField":"移动互联网,O2O","positionAdvantage":"项目靠谱，期权股份，有前景","salary":"20k-25k","companySize":"15-50人","approve":1,"financeStage":"成长型(A轮)","companyLabelList":["股票期权","扁平管理","五险一金","弹性工作"],"district":"朝阳区","companyShortName":"助梦工场","score":0,"formatCreateTime":"2016-07-27","companyFullName":"北京助梦工场科技有限公司","adWord":0},{"companyId":138751,"explain":null,"plus":null,"pcShow":0,"appShow":0,"deliver":0,"gradeDescription":null,"businessZones":["阜成门","官园","展览路"],"imState":"disabled","lastLogin":1471253114000,"publisherId":5614825,"positionName":"IOS工程师","workYear":"1-3年","education":"本科","jobNature":"全职","positionId":2092934,"createTime":"2016-07-27 09:38:12","city":"北京","companyLogo":"i/image/M00/44/81/CgqKkVeF0fiATTPCAAARjBDwoYQ879.jpg","industryField":"电子商务,O2O","positionAdvantage":"五险二金 绩效奖金 提供早午工作餐等","salary":"9k-17k","companySize":"50-150人","approve":0,"financeStage":"初创型(未融资)","companyLabelList":null,"district":"西城区","companyShortName":"新华互联","score":0,"formatCreateTime":"2016-07-27","companyFullName":"新华互联电子商务有限责任公司","adWord":0},{"companyId":61276,"explain":null,"plus":null,"pcShow":0,"appShow":0,"deliver":0,"gradeDescription":null,"businessZones":["北苑","立水桥"],"imState":"disabled","lastLogin":1469601390000,"publisherId":5626484,"positionName":"IOS开发工程师","workYear":"3-5年","education":"本科","jobNature":"全职","positionId":2084554,"createTime":"2016-07-27 09:29:16","city":"北京","companyLogo":"image1/M00/29/60/CgYXBlVlT--AYETxAABU7PgyJJQ364.jpg","industryField":"其他","positionAdvantage":"良好的发展前景","salary":"10k-20k","companySize":"500-2000人","approve":0,"financeStage":"上市公司","companyLabelList":["年底双薪","带薪年假","五险一金","午餐补助"],"district":"朝阳区","companyShortName":"TSC","score":0,"formatCreateTime":"2016-07-27","companyFullName":"北京TSC海洋石油装备有限公司","adWord":0},{"companyId":23682,"explain":null,"plus":null,"pcShow":0,"appShow":0,"deliver":0,"gradeDescription":null,"businessZones":["白石桥","车公庄","甘家口"],"imState":"threeDays","lastLogin":1472473820000,"publisherId":277782,"positionName":"iOS开发工程师","workYear":"1-3年","education":"本科","jobNature":"全职","positionId":2152657,"createTime":"2016-07-27 09:21:39","city":"北京","companyLogo":"image1/M00/00/2F/Cgo8PFTUXH6AeZH_AAB0rWVdeZo125.jpg","industryField":"广告营销","positionAdvantage":"上市公司，汽车大数据营销专家","salary":"15k-20k","companySize":"500-2000人","approve":1,"financeStage":"上市公司","companyLabelList":["年终分红","绩效奖金","五险一金","交通补助"],"district":"海淀区","companyShortName":"CIG","score":0,"formatCreateTime":"2016-07-27","companyFullName":"北京新意互动广告有限公司","adWord":0},{"companyId":53612,"explain":null,"plus":null,"pcShow":0,"appShow":0,"deliver":0,"gradeDescription":null,"businessZones":["大山子","花家地"],"imState":"disabled","lastLogin":1472449786000,"publisherId":41174,"positionName":"IOS/Android 高级开发/开发专家","workYear":"3-5年","education":"不限","jobNature":"全职","positionId":2151689,"createTime":"2016-07-26 18:42:15","city":"北京","companyLogo":"image1/M00/15/DA/Cgo8PFULleqAK2uXAABkRHA5Prk251.jpg","industryField":"电子商务","positionAdvantage":"平台、阿里福利","salary":"20k-40k","companySize":"2000人以上","approve":0,"financeStage":"上市公司","companyLabelList":["节日礼物","免费班车","绩效奖金","岗位晋升"],"district":"朝阳区","companyShortName":"阿里巴巴","score":0,"formatCreateTime":"2016-07-26","companyFullName":"阿里巴巴网络技术(中国)有限公司","adWord":0},{"companyId":118346,"explain":null,"plus":null,"pcShow":0,"appShow":0,"deliver":0,"gradeDescription":null,"businessZones":["大山子","酒仙桥","将台路"],"imState":"today","lastLogin":1472535744000,"publisherId":4527302,"positionName":"iOS高级开发工程师","workYear":"3-5年","education":"本科","jobNature":"全职","positionId":1878115,"createTime":"2016-07-26 16:45:08","city":"北京","companyLogo":"i/image/M00/0F/C2/Cgp3O1bef8OAHcRxAAAUv0EXSwg135.png","industryField":"移动互联网","positionAdvantage":"至少16薪、五险一金、知名企业、绩效奖金","salary":"25k-50k","companySize":"150-500人","approve":1,"financeStage":"成熟型(D轮及以上)","companyLabelList":["绩效奖金","股票期权","岗位晋升","五险一金"],"district":"朝阳区","companyShortName":"纷享逍客","score":0,"formatCreateTime":"2016-07-26","companyFullName":"成都恒游创意科技有限公司","adWord":0},{"companyId":131557,"explain":null,"plus":null,"pcShow":0,"appShow":0,"deliver":0,"gradeDescription":null,"businessZones":["嘉园","马家堡","草桥"],"imState":"overSevenDays","lastLogin":1470203976000,"publisherId":4337928,"positionName":"移动开发（Android/IOS）","workYear":"不限","education":"本科","jobNature":"全职","positionId":1896529,"createTime":"2016-07-26 15:48:52","city":"北京","companyLogo":"i/image/M00/31/AF/Cgp3O1dL85CAM_2rAAAT6mqD4VI458.jpg","industryField":"移动互联网,数据服务","positionAdvantage":"让生活更美好","salary":"15k-25k","companySize":"少于15人","approve":1,"financeStage":"初创型(未融资)","companyLabelList":["技能培训","弹性工作","扁平管理","岗位晋升"],"district":"丰台区","companyShortName":"无记","score":0,"formatCreateTime":"2016-07-26","companyFullName":"无记（北京）信息技术有限公司","adWord":0},{"companyId":114110,"explain":null,"plus":null,"pcShow":0,"appShow":0,"deliver":0,"gradeDescription":null,"businessZones":null,"imState":"overSevenDays","lastLogin":1471500197000,"publisherId":870401,"positionName":"iOS高级开发工程师","workYear":"1-3年","education":"本科","jobNature":"全职","positionId":2148556,"createTime":"2016-07-26 13:42:51","city":"北京","companyLogo":"i/image/M00/04/2B/Cgp3O1bGwzWAEAB4AAAbnMQCudk783.jpg","industryField":"移动互联网","positionAdvantage":"平台好，发展有前景，团队氛围好","salary":"15k-20k","companySize":"2000人以上","approve":1,"financeStage":"上市公司","companyLabelList":["股票期权","交通补助","通讯津贴","带薪年假"],"district":null,"companyShortName":"乐视","score":0,"formatCreateTime":"2016-07-26","companyFullName":"乐视网信息技术（北京）股份有限公司","adWord":0},{"companyId":49157,"explain":null,"plus":null,"pcShow":0,"appShow":0,"deliver":0,"gradeDescription":null,"businessZones":["朝外","东大桥","京广桥"],"imState":"overSevenDays","lastLogin":1470994123000,"publisherId":5577534,"positionName":"高级ios工程师","workYear":"3-5年","education":"本科","jobNature":"全职","positionId":2071612,"createTime":"2016-07-26 11:59:07","city":"北京","companyLogo":"i/image/M00/00/C7/CgqKkVZVaBWAMLVcAAAbjeORt38529.png","industryField":"金融","positionAdvantage":"福利待遇好，发展前景大，成熟型公司","salary":"20k-40k","companySize":"500-2000人","approve":0,"financeStage":"成长型(A轮)","companyLabelList":["技能培训","带薪年假","绩效奖金","岗位晋升"],"district":"朝阳区","companyShortName":"中国先锋金融集团","score":0,"formatCreateTime":"2016-07-26","companyFullName":"中国先锋金融集团（第一房贷）","adWord":0},{"companyId":84925,"explain":null,"plus":null,"pcShow":0,"appShow":0,"deliver":0,"gradeDescription":null,"businessZones":["城南","昌平县城","城北"],"imState":"disabled","lastLogin":1472441536000,"publisherId":2172996,"positionName":"iOS","workYear":"1年以下","education":"本科","jobNature":"全职","positionId":2147438,"createTime":"2016-07-26 10:58:21","city":"北京","companyLogo":"image1/M00/3B/C0/CgYXBlWxqciAdVLcAAANrr5AKWQ812.png?cc=0.6938636302947998","industryField":"移动互联网,电子商务","positionAdvantage":"上下班自由,工资不低,股权激励,非期权","salary":"8k-15k","companySize":"15-50人","approve":0,"financeStage":"初创型(未融资)","companyLabelList":["带薪年假","绩效奖金","领导好","帅哥多"],"district":"昌平区","companyShortName":"大牛网络","score":0,"formatCreateTime":"2016-07-26","companyFullName":"青岛大牛网络科技有限公司","adWord":0},{"companyId":661,"explain":null,"plus":null,"pcShow":0,"appShow":0,"deliver":0,"gradeDescription":null,"businessZones":["望京","大山子","花家地"],"imState":"disabled","lastLogin":1472435015000,"publisherId":5682281,"positionName":"iOS","workYear":"3-5年","education":"本科","jobNature":"全职","positionId":2147002,"createTime":"2016-07-26 10:25:03","city":"北京","companyLogo":"image1/M00/00/04/Cgo8PFTUV_2Af15bAABRC_R2x0g985.jpg","industryField":"数据服务,文化娱乐","positionAdvantage":"福利待遇，发展前景，技术成长，团队氛围","salary":"20k-40k","companySize":"2000人以上","approve":0,"financeStage":"上市公司","companyLabelList":["股票期权","绩效奖金","年终分红","年底双薪"],"district":"朝阳区","companyShortName":"阿里云","score":0,"formatCreateTime":"2016-07-26","companyFullName":"北京阿里巴巴云计算技术有限公司","adWord":0},{"companyId":136838,"explain":null,"plus":null,"pcShow":0,"appShow":0,"deliver":0,"gradeDescription":null,"businessZones":["东小口","立水桥","天通苑"],"imState":"disabled","lastLogin":1469446788000,"publisherId":5512869,"positionName":"iOS","workYear":"3-5年","education":"本科","jobNature":"全职","positionId":2145642,"createTime":"2016-07-25 19:50:26","city":"北京","companyLogo":"i/image/M00/3E/9D/Cgp3O1d03gqASs21AAAQeWrG534474.png","industryField":"移动互联网,企业服务","positionAdvantage":"美女多,餐补,交通补,弹性","salary":"10k-15k","companySize":"15-50人","approve":0,"financeStage":"初创型(不需要融资)","companyLabelList":["年底双薪","股票期权","绩效奖金","带薪年假"],"district":"昌平区","companyShortName":"云帆互联科技","score":0,"formatCreateTime":"2016-07-25","companyFullName":"北京云帆互联科技有限公司","adWord":0},{"companyId":5946,"explain":null,"plus":null,"pcShow":0,"appShow":0,"deliver":0,"gradeDescription":null,"businessZones":["亮马桥","燕莎"],"imState":"overSevenDays","lastLogin":1469444721000,"publisherId":5287032,"positionName":"iOS高级研发","workYear":"5-10年","education":"本科","jobNature":"全职","positionId":2145500,"createTime":"2016-07-25 19:07:42","city":"北京","companyLogo":"i/image/M00/1D/42/CgqKkVcEfVKAahS6AABDLCfK3K4304.JPG","industryField":"移动互联网,游戏","positionAdvantage":"14薪+开发自由+弹性工作+出国旅游","salary":"15k-30k","companySize":"150-500人","approve":1,"financeStage":"成熟型(C轮)","companyLabelList":["股票期权","学习氛围好","扁平管理","交通方便"],"district":"朝阳区","companyShortName":"赤子城","score":0,"formatCreateTime":"2016-07-25","companyFullName":"赤子城网络技术（北京）有限公司","adWord":0}]}},"code":0}