{"success":true,"requestId":null,"msg":null,"resubmitToken":null,"content":{"pageNo":8,"pageSize":15,"positionResult":{"resultSize":15,"totalCount":974,"locationInfo":{"city":"北京","district":null,"queryByGisCode":false,"locationCode":null,"businessZone":null},"queryAnalysisInfo":{"positionName":"ios","companyName":null,"usefulCompany":false,"industryName":null},"strategyProperty":{"name":"dm-csearch-newSimScorer","id":1},"result":[{"createTime":"2016-08-30 12:29:59","formatCreateTime":"12:29发布","companyId":50476,"positionName":"iOS","workYear":"3-5年","education":"本科","jobNature":"全职","companyShortName":"盈泰财富云","city":"北京","salary":"15k-30k","financeStage":"成长型(A轮)","positionId":1807197,"companyLogo":"image1/M00/00/84/Cgo8PFTUXeSAKU0pAAButaDUfeY414.jpg","positionAdvantage":"股权激励 六险一金 18薪 优于同业的薪酬","approve":1,"district":"东城区","score":0,"companyLabelList":["技能培训","岗位晋升","年终分红","股票期权"],"industryField":"移动互联网,金融","companySize":"50-150人","imState":"disabled","lastLogin":1472531290000,"publisherId":5050016,"explain":null,"plus":null,"pcShow":0,"appShow":0,"deliver":0,"gradeDescription":null,"businessZones":["和平里","雍和宫","安定门"],"companyFullName":"北京盈泰财富云电子商务有限公司","adWord":0},{"createTime":"2016-08-30 11:18:32","formatCreateTime":"11:18发布","companyId":50889,"positionName":"高级iOS工程师","workYear":"3-5年","education":"本科","jobNature":"全职","companyShortName":"和创科技（红圈营销）","city":"北京","salary":"20k-35k","financeStage":"上市公司","positionId":2304208,"companyLogo":"i/image/M00/03/44/Cgp3O1ax7JWAOSzUAABS3OF0A7w289.jpg","positionAdvantage":"上市公司，持续股权激励，技术极客云集！","approve":1,"district":null,"score":0,"companyLabelList":["弹性工作","敏捷研发","股票期权","年底双薪"],"industryField":"移动互联网,企业服务","companySize":"2000人以上","imState":"today","lastLogin":1472550012000,"publisherId":994817,"explain":null,"plus":null,"pcShow":0,"appShow":0,"deliver":0,"gradeDescription":null,"businessZones":null,"companyFullName":"和创（北京）科技股份有限公司","adWord":0},{"createTime":"2016-08-30 07:35:16","formatCreateTime":"07:35发布","companyId":545,"positionName":"高级ios开发工程师","workYear":"3-5年","education":"大专","jobNature":"全职","companyShortName":"魔方网","city":"北京","salary":"20k-30k","financeStage":"成长型(B轮)","positionId":1103688,"companyLogo":"i/image/M00/32/84/Cgp3O1dOkYiAbJj8AAAIRq_e27w229.png","positionAdvantage":"五险一金，下午茶，定期体检，年底14薪","approve":1,"district":"朝阳区","score":0,"companyLabelList":["年底双薪","股票期权","绩效奖金","年终分红"],"industryField":"移动互联网,游戏","companySize":"150-500人","imState":"today","lastLogin":1472513429000,"publisherId":2611559,"explain":null,"plus":null,"pcShow":0,"appShow":0,"deliver":0,"gradeDescription":null,"businessZones":["望京","花家地","来广营"],"companyFullName":"芜湖魔方网络信息服务有限公司北京技术分公司","adWord":0},{"createTime":"2016-08-29 20:52:14","formatCreateTime":"1天前发布","companyId":108324,"positionName":"iOS","workYear":"3-5年","education":"本科","jobNature":"全职","companyShortName":"众人公司","city":"北京","salary":"15k-20k","financeStage":"上市公司","positionId":1708110,"companyLogo":"i/image/M00/00/FE/Cgp3O1ZdS_WAHOJKAAAzDCQX8dM645.png","positionAdvantage":"五险一金全额","approve":0,"district":"海淀区","score":0,"companyLabelList":["专项奖金","股票期权","绩效奖金","带薪年假"],"industryField":"移动互联网,金融","companySize":"50-150人","imState":"today","lastLogin":1472564609000,"publisherId":3344566,"explain":null,"plus":null,"pcShow":0,"appShow":0,"deliver":0,"gradeDescription":null,"businessZones":["西北旺"],"companyFullName":"北京青年众人网络安全技术有限公司","adWord":0},{"createTime":"2016-08-29 20:47:05","formatCreateTime":"1天前发布","companyId":81107,"positionName":"iOS实习生(985/211)","workYear":"应届毕业生","education":"本科","jobNature":"实习","companyShortName":"一亩田","city":"北京","salary":"6k-11k","financeStage":"成长型(B轮)","positionId":2302275,"companyLogo":"image1/M00/34/EF/Cgo8PFWaJjqAPZNrAAhf-KXA424476.png?cc=0.37455519335344434","positionAdvantage":"全员持股，五险一金，年底双薪","approve":1,"district":"海淀区","score":0,"companyLabelList":["节日礼物","年底双薪","专项奖金","股票期权"],"industryField":"移动互联网,电子商务","companySize":"2000人以上","imState":"today","lastLogin":1472554305000,"publisherId":2060980,"explain":null,"plus":null,"pcShow":0,"appShow":0,"deliver":0,"gradeDescription":null,"businessZones":["学院路","北航","知春路"],"companyFullName":"北京一人一亩田网络科技有限公司","adWord":0},{"createTime":"2016-08-29 19:59:15","formatCreateTime":"1天前发布","companyId":41823,"positionName":"iOS研发工程师","workYear":"1-3年","education":"大专","jobNature":"全职","companyShortName":"58到家","city":"北京","salary":"15k-25k","financeStage":"成长型(A轮)","positionId":635509,"companyLogo":"i/image/M00/01/CC/Cgp3O1Z3ydqAGMD9AAAZzkx2ztQ555.png","positionAdvantage":"58同城创业项目、六险一金、弹性工时等","approve":1,"district":"朝阳区","score":0,"companyLabelList":["节日礼物","技能培训","股票期权","免费班车"],"industryField":"O2O,生活服务","companySize":"2000人以上","imState":"today","lastLogin":1472559591000,"publisherId":1612829,"explain":null,"plus":null,"pcShow":0,"appShow":0,"deliver":0,"gradeDescription":null,"businessZones":["小营","对外经贸","芍药居"],"companyFullName":"天津五八到家生活服务有限公司","adWord":0},{"createTime":"2016-08-29 18:47:38","formatCreateTime":"1天前发布","companyId":1211,"positionName":"高级IOS开发工程师","workYear":"5-10年","education":"本科","jobNature":"全职","companyShortName":"易观智库","city":"北京","salary":"15k-25k","financeStage":"成长型(A轮)","positionId":2301989,"companyLogo":"i/image/M00/4C/F7/CgqKkVekUOqAQZfmAAEp0x0YXXQ383.jpg","positionAdvantage":"互联网大数据领先品牌 弹性工作 六险一金","approve":1,"district":"朝阳区","score":0,"companyLabelList":["专项奖金","午餐补助","技能培训","扁平管理"],"industryField":"移动互联网,数据服务","companySize":"150-500人","imState":"today","lastLogin":1472554956000,"publisherId":753135,"explain":null,"plus":null,"pcShow":0,"appShow":0,"deliver":0,"gradeDescription":null,"businessZones":["望京","花家地","来广营"],"companyFullName":"北京易观网络信息咨询有限公司","adWord":0},{"createTime":"2016-08-29 18:35:05","formatCreateTime":"1天前发布","companyId":26508,"positionName":"iOS开发工程师","workYear":"3-5年","education":"本科","jobNature":"全职","companyShortName":"iHandy","city":"北京","salary":"15k-25k","financeStage":"成长型(不需要融资)","positionId":577344,"companyLogo":"i/image/M00/13/A6/Cgp3O1bnxKGAT_c6AAAWrOvgp1A992.jpg","positionAdvantage":"六险一金 定期体检 节假日福利 发展空间大","approve":1,"district":"海淀区","score":0,"companyLabelList":["节日礼物","年度旅游","定期体检","六险一金"],"industryField":"移动互联网","companySize":"150-500人","imState":"today","lastLogin":1472557976000,"publisherId":1368080,"explain":null,"plus":null,"pcShow":0,"appShow":0,"deliver":0,"gradeDescription":null,"businessZones":["五道口","清华大学","中关村"],"companyFullName":"北京汉迪世纪科技有限公司","adWord":0},{"createTime":"2016-08-29 18:30:06","formatCreateTime":"1天前发布","companyId":4148,"positionName":"iOS工程师/高级工程师","workYear":"3-5年","education":"本科","jobNature":"全职","companyShortName":"艺龙旅行网","city":"北京","salary":"18k-35k","financeStage":"上市公司","positionId":1371639,"companyLogo":"image1/M00/00/0A/CgYXBlTUWBaAba-9AABi72ItxnU259.jpg","positionAdvantage":"清晰明确的职业发展路线","approve":1,"district":"朝阳区","score":0,"companyLabelList":["最佳雇主","爱旅游","免息贷款","年底双薪"],"industryField":"移动互联网,旅游","companySize":"2000人以上","imState":"today","lastLogin":1472530879000,"publisherId":1605537,"explain":null,"plus":null,"pcShow":0,"appShow":0,"deliver":0,"gradeDescription":null,"businessZones":["酒仙桥","大山子","将台路"],"companyFullName":"艺龙网信息技术（北京）有限公司","adWord":0},{"createTime":"2016-08-29 18:24:13","formatCreateTime":"1天前发布","companyId":42899,"positionName":"资深iOS开发工程师","workYear":"3-5年","education":"本科","jobNature":"全职","companyShortName":"小蚁","city":"北京","salary":"15k-30k","financeStage":"成熟型(C轮)","positionId":899974,"companyLogo":"image2/M00/11/69/CgqLKVYx6mCAEWmWAAA8Uo7yHIc510.jpg?cc=0.24744720198214054","positionAdvantage":"六险一金、股票期权、餐补、水果零食","approve":1,"district":"海淀区","score":0,"companyLabelList":["年底双薪","节日礼物","技能培训","年度旅游"],"industryField":"移动互联网,硬件","companySize":"150-500人","imState":"today","lastLogin":1472523108000,"publisherId":808170,"explain":null,"plus":null,"pcShow":0,"appShow":0,"deliver":0,"gradeDescription":null,"businessZones":["清河","上地"],"companyFullName":"上海小蚁科技有限公司","adWord":0},{"createTime":"2016-08-29 18:22:47","formatCreateTime":"1天前发布","companyId":67674,"positionName":"(Android/IOS)移动端测试工程师","workYear":"1-3年","education":"本科","jobNature":"全职","companyShortName":"新浪微博","city":"北京","salary":"8k-16k","financeStage":"上市公司","positionId":2270979,"companyLogo":"image1/M00/23/B4/Cgo8PFVJfWGAHGwpAABPtAXVXWg767.jpg","positionAdvantage":"福利待遇好、带薪年假","approve":0,"district":null,"score":0,"companyLabelList":["年底双薪","带薪年假","绩效奖金","岗位晋升"],"industryField":"移动互联网,社交网络","companySize":"2000人以上","imState":"disabled","lastLogin":1472551960000,"publisherId":829707,"explain":null,"plus":null,"pcShow":0,"appShow":0,"deliver":0,"gradeDescription":null,"businessZones":null,"companyFullName":"微梦创科网络科技（中国）有限公司","adWord":0},{"createTime":"2016-08-29 18:22:15","formatCreateTime":"1天前发布","companyId":41104,"positionName":"iOS研发工程师","workYear":"1-3年","education":"本科","jobNature":"全职","companyShortName":"顺顺留学（北京）","city":"北京","salary":"12k-20k","financeStage":"成长型(A轮)","positionId":2301815,"companyLogo":"i/image/M00/00/08/Cgp3O1YkqMyAfmc3AACag1arLrs426.JPG","positionAdvantage":"五险一金 年终奖","approve":1,"district":"朝阳区","score":0,"companyLabelList":["节日礼物","股票期权","带薪年假","岗位晋升"],"industryField":"移动互联网,O2O","companySize":"150-500人","imState":"today","lastLogin":1472546250000,"publisherId":764310,"explain":null,"plus":null,"pcShow":0,"appShow":0,"deliver":0,"gradeDescription":null,"businessZones":["三里屯","团结湖","工体"],"companyFullName":"北京顺顺必达信息咨询有限公司","adWord":0},{"createTime":"2016-08-29 18:19:05","formatCreateTime":"1天前发布","companyId":113856,"positionName":"iOS开发工程师","workYear":"3-5年","education":"本科","jobNature":"全职","companyShortName":"作业帮","city":"北京","salary":"20k-35k","financeStage":"成长型(B轮)","positionId":1690484,"companyLogo":"i/image/M00/4E/40/CgqKkVeqlb2AF8JlAAAktQnnu8U850.png","positionAdvantage":"技术牛人多、免费三餐、住房补贴、14薪","approve":0,"district":null,"score":0,"companyLabelList":["股票期权","免费三餐","打车报销","14薪"],"industryField":"移动互联网,教育","companySize":"150-500人","imState":"sevenDays","lastLogin":1472054016000,"publisherId":4768675,"explain":null,"plus":null,"pcShow":0,"appShow":0,"deliver":0,"gradeDescription":null,"businessZones":null,"companyFullName":"小船出海教育科技（北京）有限公司","adWord":0},{"createTime":"2016-08-29 18:16:21","formatCreateTime":"1天前发布","companyId":25439,"positionName":"iOS高级工程师技术经理","workYear":"3-5年","education":"本科","jobNature":"全职","companyShortName":"Udesk－企业级智能客服平台","city":"北京","salary":"20k-30k","financeStage":"成长型(B轮)","positionId":2206771,"companyLogo":"i/image/M00/3D/F6/Cgp3O1dzZCuAUcW4AAA8ceAZVDQ330.png","positionAdvantage":"团队强悍，待遇丰厚","approve":1,"district":"西城区","score":0,"companyLabelList":["股票期权","团队强悍","高成长高回报","企业爆发前期"],"industryField":"企业服务,数据服务","companySize":"150-500人","imState":"today","lastLogin":1472569483000,"publisherId":2674637,"explain":null,"plus":null,"pcShow":0,"appShow":0,"deliver":0,"gradeDescription":null,"businessZones":["西直门","动物园","官园"],"companyFullName":"北京沃丰时代数据科技有限公司","adWord":0},{"createTime":"2016-08-29 17:51:42","formatCreateTime":"1天前发布","companyId":740,"positionName":"ios开发工程师","workYear":"3-5年","education":"本科","jobNature":"全职","companyShortName":"时趣social-touch","city":"北京","salary":"15k-20k","financeStage":"成熟型(D轮及以上)","positionId":2086415,"companyLogo":"image1/M00/12/43/Cgo8PFUCjeuAATJIAACYQGdLe1U616.jpg","positionAdvantage":"晋升空间大 弹性时间 联想控股","approve":1,"district":"朝阳区","score":0,"companyLabelList":["弹性工作","免费咖啡","年终奖金","交通补助"],"industryField":"移动互联网","companySize":"500-2000人","imState":"today","lastLogin":1472541660000,"publisherId":19070,"explain":null,"plus":null,"pcShow":0,"appShow":0,"deliver":0,"gradeDescription":null,"businessZones":["双井","南磨房","劲松"],"companyFullName":"时趣互动（北京）科技有限公司","adWord":0}]}},"code":0}