{"resubmitToken":null,"success":true,"requestId":null,"msg":null,"content":{"pageNo":61,"pageSize":15,"positionResult":{"totalCount":974,"resultSize":15,"locationInfo":{"city":"北京","district":null,"businessZone":null,"queryByGisCode":false,"locationCode":null},"queryAnalysisInfo":{"positionName":"ios","companyName":null,"industryName":null,"usefulCompany":false},"strategyProperty":{"name":"dm-csearch-newSimScorer","id":1},"result":[{"companyId":37975,"positionName":"ios工程师","workYear":"3-5年","education":"大专","jobNature":"全职","createTime":"2016-07-12 15:49:30","companyShortName":"神工","positionId":2085722,"salary":"20k-25k","approve":1,"city":"北京","positionAdvantage":"六险一金，环境发展平台","companyLogo":"image1/M00/00/5C/CgYXBlTUXTuAEWpAAABv8dNf1R0730.jpg","industryField":"移动互联网,电子商务","companyLabelList":["技能培训","节日礼物","绩效奖金","岗位晋升"],"financeStage":"成长型(B轮)","district":"朝阳区","score":0,"companySize":"150-500人","companyFullName":"神工众志（北京）科技有限公司","adWord":0,"formatCreateTime":"2016-07-12","imState":"overSevenDays","lastLogin":1468313710000,"publisherId":2062599,"explain":null,"plus":null,"pcShow":0,"appShow":0,"deliver":0,"gradeDescription":null,"businessZones":["知春路","大钟寺","双榆树"]},{"companyId":55446,"positionName":"资深iOS开发工程师(000552)","workYear":"不限","education":"本科","jobNature":"全职","createTime":"2016-07-11 20:34:51","companyShortName":"链家网","positionId":1864336,"salary":"30k-50k","approve":1,"city":"北京","positionAdvantage":"弹性工作制、免费三餐、薪资福利好","companyLogo":"i/image/M00/03/92/Cgp3O1bBZp6ANvoaAAAb17EHQMc096.png","industryField":"移动互联网,O2O","companyLabelList":["股票期权","带薪年假","绩效奖金","扁平管理"],"financeStage":"初创型(未融资)","district":"海淀区","score":0,"companySize":"500-2000人","companyFullName":"链家网（北京）科技有限公司","adWord":0,"formatCreateTime":"2016-07-11","imState":"disabled","lastLogin":1472551964000,"publisherId":6133,"explain":null,"plus":null,"pcShow":0,"appShow":0,"deliver":0,"gradeDescription":null,"businessZones":null},{"companyId":4782,"positionName":"高级iOS开发工程师","workYear":"3-5年","education":"大专","jobNature":"全职","createTime":"2016-07-11 14:36:44","companyShortName":"国信灵通","positionId":2078722,"salary":"9k-15k","approve":1,"city":"北京","positionAdvantage":"弹性工作 补充医疗","companyLogo":"image1/M00/00/0B/CgYXBlTUWBqAdN8tAABK7F6mVQk747.png","industryField":"移动互联网,企业服务","companyLabelList":["节日礼物","扁平管理","领导好","五险一金"],"financeStage":"初创型(未融资)","district":"东城区","score":0,"companySize":"150-500人","companyFullName":"北京国信灵通网络科技有限公司","adWord":0,"formatCreateTime":"2016-07-11","imState":"disabled","lastLogin":1470806350000,"publisherId":47006,"explain":null,"plus":null,"pcShow":0,"appShow":0,"deliver":0,"gradeDescription":null,"businessZones":["和平里","雍和宫","安定门"]},{"companyId":138325,"positionName":"iOS高级工程师","workYear":"3-5年","education":"大专","jobNature":"全职","createTime":"2016-07-11 13:35:28","companyShortName":"北京无花果科技","positionId":2078141,"salary":"15k-30k","approve":0,"city":"北京","positionAdvantage":"五险一金 带薪假 饭补 弹性工作 扁平管理","companyLogo":"i/image/M00/43/43/Cgp3O1eDDz6AVFZcAAAb7MsXguY363.png","industryField":"移动互联网","companyLabelList":["带薪年假","午餐补助","美女多","帅哥多"],"financeStage":"初创型(不需要融资)","district":"朝阳区","score":0,"companySize":"15-50人","companyFullName":"北京无花果科技咨询有限公司","adWord":0,"formatCreateTime":"2016-07-11","imState":"disabled","lastLogin":1471247683000,"publisherId":5548081,"explain":null,"plus":null,"pcShow":0,"appShow":0,"deliver":0,"gradeDescription":null,"businessZones":["望京","来广营"]},{"companyId":27298,"positionName":"iOS研发工程师（统招二本以上学历，4——8年经验）","workYear":"5-10年","education":"本科","jobNature":"全职","createTime":"2016-07-11 13:21:02","companyShortName":"蓝信移动（北京）科技有限公司","positionId":2078016,"salary":"15k-30k","approve":1,"city":"北京","positionAdvantage":"弹性上班、咖啡零食下午茶水果、B轮正资产","companyLogo":"image1/M00/00/3A/CgYXBlTUXK6AQ5FnAACLXTVODJM142.png","industryField":"移动互联网","companyLabelList":["技能培训","节日礼物","带薪年假","餐补"],"financeStage":"成长型(A轮)","district":"海淀区","score":0,"companySize":"150-500人","companyFullName":"蓝信工场（北京）科技有限公司","adWord":0,"formatCreateTime":"2016-07-11","imState":"overSevenDays","lastLogin":1471240044000,"publisherId":406781,"explain":null,"plus":null,"pcShow":0,"appShow":0,"deliver":0,"gradeDescription":null,"businessZones":["知春路","双榆树","大钟寺"]},{"companyId":102796,"positionName":"iOS","workYear":"3-5年","education":"本科","jobNature":"全职","createTime":"2016-07-11 11:22:17","companyShortName":"滴滴出行","positionId":2077331,"salary":"20k-35k","approve":0,"city":"北京","positionAdvantage":"平台好，牛人多，奖金多，有期权","companyLogo":"image2/M00/10/51/CgqLKVYt3X6AM3jeAAA7ivNTiPg788.jpg?cc=0.486460896441713","industryField":"移动互联网","companyLabelList":["节日礼物","专项奖金","带薪年假","绩效奖金"],"financeStage":"成熟型(D轮及以上)","district":"海淀区","score":0,"companySize":"2000人以上","companyFullName":"滴滴出行","adWord":0,"formatCreateTime":"2016-07-11","imState":"disabled","lastLogin":1472520517000,"publisherId":5498814,"explain":null,"plus":null,"pcShow":0,"appShow":0,"deliver":0,"gradeDescription":null,"businessZones":["西北旺","马连洼","上地"]},{"companyId":74767,"positionName":"iOS","workYear":"1-3年","education":"大专","jobNature":"全职","createTime":"2016-07-11 10:55:00","companyShortName":"铜车马","positionId":2076929,"salary":"10k-20k","approve":0,"city":"北京","positionAdvantage":"技术大牛和漂亮美眉在等您一起工作哦~","companyLogo":"image1/M00/2B/D2/Cgo8PFVxbTOAYFmcAAAPvhdanOs430.jpg","industryField":"移动互联网,社交网络","companyLabelList":["带薪年假","绩效奖金","五险一金"],"financeStage":"成长型(A轮)","district":"朝阳区","score":0,"companySize":"15-50人","companyFullName":"铜车马（北京）信息技术有限公司","adWord":0,"formatCreateTime":"2016-07-11","imState":"disabled","lastLogin":1468462262000,"publisherId":1844263,"explain":null,"plus":null,"pcShow":0,"appShow":0,"deliver":0,"gradeDescription":null,"businessZones":["大望路","红庙","华贸"]},{"companyId":15457,"positionName":"IOS高级开发工程师","workYear":"3-5年","education":"本科","jobNature":"全职","createTime":"2016-07-11 09:05:07","companyShortName":"中青旅遨游网","positionId":653179,"salary":"18k-23k","approve":1,"city":"北京","positionAdvantage":"上市公司，绩效奖，七险二金，餐补，旅游券","companyLogo":"image1/M00/00/1D/CgYXBlTUWGOAN1QOAACtzDpGLoA864.jpg","industryField":"旅游","companyLabelList":["岗位晋升","年度旅游","扁平管理","管理规范"],"financeStage":"上市公司","district":"西城区","score":0,"companySize":"500-2000人","companyFullName":"中青旅控股股份有限公司","adWord":0,"formatCreateTime":"2016-07-11","imState":"today","lastLogin":1472526977000,"publisherId":1679736,"explain":null,"plus":null,"pcShow":0,"appShow":0,"deliver":0,"gradeDescription":null,"businessZones":["展览路","阜成门","官园"]},{"companyId":116793,"positionName":"iOS工程师","workYear":"不限","education":"不限","jobNature":"全职","createTime":"2016-07-09 17:49:17","companyShortName":"99广场舞","positionId":2074516,"salary":"13k-25k","approve":0,"city":"北京","positionAdvantage":"福利待遇好，技术团队优秀，业务接地气","companyLogo":"i/image/M00/08/D7/Cgp3O1bRH1WAQqosAABYSxKHQWA906.jpg","industryField":"移动互联网","companyLabelList":["领导好","六险一金","每年多次旅游","餐补+全勤奖"],"financeStage":"成长型(A轮)","district":"海淀区","score":0,"companySize":"50-150人","companyFullName":"北京久久互动文化传媒有限公司","adWord":0,"formatCreateTime":"2016-07-09","imState":"disabled","lastLogin":1471834537000,"publisherId":5599417,"explain":null,"plus":null,"pcShow":0,"appShow":0,"deliver":0,"gradeDescription":null,"businessZones":["知春路","学院路","北航"]},{"companyId":1914,"positionName":"iOS TeamLeader","workYear":"3-5年","education":"本科","jobNature":"全职","createTime":"2016-07-09 13:19:25","companyShortName":"优酷土豆","positionId":1846470,"salary":"20k-40k","approve":1,"city":"北京","positionAdvantage":"快速扩张期，机会多，补助给力，各种报销！","companyLogo":"i/image/M00/01/39/Cgp3O1Zk9luAeL0jAAAO0FvOuQE553.png","industryField":"数据服务,文化娱乐","companyLabelList":["带薪年假","岗位晋升","五险一金","弹性工作"],"financeStage":"上市公司","district":"海淀区","score":0,"companySize":"2000人以上","companyFullName":"合一网络技术（北京）有限公司","adWord":0,"formatCreateTime":"2016-07-09","imState":"disabled","lastLogin":1470287614000,"publisherId":4661754,"explain":null,"plus":null,"pcShow":0,"appShow":0,"deliver":0,"gradeDescription":null,"businessZones":["中关村","北京大学","苏州街"]},{"companyId":7182,"positionName":"iOS开发工程师","workYear":"3-5年","education":"本科","jobNature":"全职","createTime":"2016-07-08 18:46:54","companyShortName":"尚德机构","positionId":2073321,"salary":"15k-30k","approve":1,"city":"北京","positionAdvantage":"五险一金 绩效奖金 准上市公司","companyLogo":"image1/M00/00/0F/Cgo8PFTUWCqAIq8oAAB5MvmojGc956.jpg","industryField":"电子商务,教育","companyLabelList":["绩效奖金","专项奖金","五险一金","带薪年假"],"financeStage":"成熟型(C轮)","district":"朝阳区","score":0,"companySize":"2000人以上","companyFullName":"北京尚佳崇业教育科技有限公司","adWord":0,"formatCreateTime":"2016-07-08","imState":"today","lastLogin":1472552920000,"publisherId":2059957,"explain":null,"plus":null,"pcShow":0,"appShow":0,"deliver":0,"gradeDescription":null,"businessZones":["来广营","望京"]},{"companyId":138194,"positionName":"iOS","workYear":"1-3年","education":"本科","jobNature":"全职","createTime":"2016-07-08 17:44:31","companyShortName":"回款管家","positionId":2072916,"salary":"10k-15k","approve":1,"city":"北京","positionAdvantage":"项目处于快速发展期","companyLogo":"i/image/M00/42/7A/Cgp3O1d_b5eAH6x1AAA6Tfb6Aec625.png","industryField":"企业服务","companyLabelList":["弹性工作","岗位晋升","绩效奖金"],"financeStage":"初创型(未融资)","district":"海淀区","score":0,"companySize":"少于15人","companyFullName":"北京数云互联科技有限公司","adWord":0,"formatCreateTime":"2016-07-08","imState":"threeDays","lastLogin":1472434336000,"publisherId":5589812,"explain":null,"plus":null,"pcShow":0,"appShow":0,"deliver":0,"gradeDescription":null,"businessZones":["西北旺"]},{"companyId":120295,"positionName":"高级iOS工程师","workYear":"5-10年","education":"本科","jobNature":"全职","createTime":"2016-07-08 11:36:29","companyShortName":"Super-in","positionId":2006405,"salary":"20k-25k","approve":0,"city":"北京","positionAdvantage":"待遇从优，五险一金，免费外教，出国旅游","companyLogo":"i/image/M00/15/7D/Cgp3O1bryqOASd1eAAAMK3BYdyo779.jpg","industryField":"电子商务","companyLabelList":null,"financeStage":"成长型(A轮)","district":null,"score":0,"companySize":"15-50人","companyFullName":"第七宝贝咨询服务（北京）有限公司","adWord":0,"formatCreateTime":"2016-07-08","imState":"today","lastLogin":1472554313000,"publisherId":4563024,"explain":null,"plus":null,"pcShow":0,"appShow":0,"deliver":0,"gradeDescription":null,"businessZones":null},{"companyId":1994,"positionName":"iOS","workYear":"3-5年","education":"大专","jobNature":"全职","createTime":"2016-07-07 17:50:43","companyShortName":"指点无限","positionId":2023433,"salary":"12k-20k","approve":1,"city":"北京","positionAdvantage":"带薪年假 年底双薪 五险一金","companyLogo":"image1/M00/33/DE/Cgo8PFWU9fqAdBOmAAANW2uA2R4743.jpg","industryField":"电子商务,O2O","companyLabelList":["节日礼物","免费班车","岗位晋升","十四薪"],"financeStage":"成熟型(C轮)","district":"朝阳区","score":0,"companySize":"150-500人","companyFullName":"指点无限（北京）科技有限公司","adWord":0,"formatCreateTime":"2016-07-07","imState":"disabled","lastLogin":1471590466000,"publisherId":2021366,"explain":null,"plus":null,"pcShow":0,"appShow":0,"deliver":0,"gradeDescription":null,"businessZones":["四惠","十里堡","百子湾"]},{"companyId":128156,"positionName":"iOS","workYear":"不限","education":"本科","jobNature":"全职","createTime":"2016-07-07 15:04:53","companyShortName":"钻时科技","positionId":1807107,"salary":"8k-10k","approve":0,"city":"北京","positionAdvantage":"提供员工良好工作环境，职位前景无限","companyLogo":"i/image/M00/28/5F/Cgp3O1cq1JaAY4_3AAIzjV5jGw4517.jpg","industryField":"移动互联网","companyLabelList":null,"financeStage":"初创型(不需要融资)","district":"门头沟区","score":0,"companySize":"少于15人","companyFullName":"钻时科技(北京)有限公司","adWord":0,"formatCreateTime":"2016-07-07","imState":"overSevenDays","lastLogin":1471308894000,"publisherId":4992292,"explain":null,"plus":null,"pcShow":0,"appShow":0,"deliver":0,"gradeDescription":null,"businessZones":["永定"]}]}},"code":0}