{"success":true,"requestId":null,"resubmitToken":null,"msg":null,"content":{"pageNo":46,"pageSize":15,"positionResult":{"resultSize":15,"totalCount":974,"locationInfo":{"businessZone":null,"queryByGisCode":false,"locationCode":null,"city":"北京","district":null},"queryAnalysisInfo":{"industryName":null,"usefulCompany":false,"positionName":"ios","companyName":null},"strategyProperty":{"name":"dm-csearch-newSimScorer","id":1},"result":[{"formatCreateTime":"2016-08-11","createTime":"2016-08-11 18:24:00","companyId":1856,"positionName":"高级iOS开发","education":"大专","city":"北京","positionId":2003113,"financeStage":"成长型(A轮)","companyShortName":"创投圈","companyLogo":"i/image/M00/47/D9/Cgp3O1eQqmeATzNOAACOd2PMZCw003.png","salary":"20k-35k","industryField":"金融","district":null,"companyLabelList":["互联网","金融","创投","天使投资"],"positionAdvantage":"福利优越","jobNature":"全职","workYear":"3-5年","approve":1,"score":0,"companySize":"15-50人","businessZones":null,"imState":"sevenDays","lastLogin":1472115224000,"publisherId":129795,"explain":null,"plus":null,"pcShow":0,"appShow":0,"deliver":0,"gradeDescription":null,"companyFullName":"北京海蓝创景投资咨询有限公司","adWord":0},{"formatCreateTime":"2016-08-11","createTime":"2016-08-11 17:18:27","companyId":70932,"positionName":"iOS开发工程师","education":"本科","city":"北京","positionId":1277022,"financeStage":"成长型(B轮)","companyShortName":"房总管","companyLogo":"i/image/M00/00/AF/CgqKkVZS1JqAX0nlAAAM4WdO2o4525.png","salary":"10k-20k","industryField":"O2O","district":"朝阳区","companyLabelList":["年底双薪","节日礼物","绩效奖金","岗位晋升"],"positionAdvantage":"a轮融资顺利发展空间大","jobNature":"全职","workYear":"1-3年","approve":1,"score":0,"companySize":"50-150人","businessZones":["望京","大山子","花家地"],"imState":"today","lastLogin":1472554551000,"publisherId":1708539,"explain":null,"plus":null,"pcShow":0,"appShow":0,"deliver":0,"gradeDescription":null,"companyFullName":"北京房总管网络技术有限公司","adWord":0},{"formatCreateTime":"2016-08-11","createTime":"2016-08-11 16:07:47","companyId":28393,"positionName":"iOS工程师","education":"本科","city":"北京","positionId":1181400,"financeStage":"成长型(B轮)","companyShortName":"云校","companyLogo":"image1/M00/00/3E/CgYXBlTUXL2ANrS3AAB8JdlqzI8331.jpg","salary":"15k-30k","industryField":"教育,数据服务","district":"朝阳区","companyLabelList":["技能培训","节日礼物","股票期权","带薪年假"],"positionAdvantage":"百度T11创业公司，技术氛围浓厚","jobNature":"全职","workYear":"3-5年","approve":1,"score":0,"companySize":"150-500人","businessZones":["望京","大山子","花家地"],"imState":"today","lastLogin":1472560280000,"publisherId":373381,"explain":null,"plus":null,"pcShow":0,"appShow":0,"deliver":0,"gradeDescription":null,"companyFullName":"北京华樾信息技术研究院","adWord":0},{"formatCreateTime":"2016-08-11","createTime":"2016-08-11 16:06:31","companyId":134316,"positionName":"iOS","education":"大专","city":"北京","positionId":2226686,"financeStage":"成长型(不需要融资)","companyShortName":"洋窝儿","companyLogo":"i/image/M00/37/26/Cgp3O1dfo56Ado7_AAAvnTQYyNY897.png","salary":"15k-25k","industryField":"电子商务,O2O","district":"东城区","companyLabelList":null,"positionAdvantage":"五险一金,员工福利,补助","jobNature":"全职","workYear":"不限","approve":1,"score":0,"companySize":"50-150人","businessZones":["朝阳门","朝外","东四"],"imState":"disabled","lastLogin":1470906335000,"publisherId":5893794,"explain":null,"plus":null,"pcShow":0,"appShow":0,"deliver":0,"gradeDescription":null,"companyFullName":"北京康源汇行科技有限公司","adWord":0},{"formatCreateTime":"2016-08-11","createTime":"2016-08-11 15:44:21","companyId":329,"positionName":"资深iOS开发工程师","education":"硕士","city":"北京","positionId":1638912,"financeStage":"上市公司","companyShortName":"网易","companyLogo":"image1/M00/1C/DB/Cgo8PFUnbyyAOmwZAABKPABIzv8461.png","salary":"25k-50k","industryField":"数据服务,文化娱乐","district":"海淀区","companyLabelList":["节日礼物","技能培训","免费班车","带薪年假"],"positionAdvantage":"免费午餐晚餐+每年旅游+班车","jobNature":"全职","workYear":"3-5年","approve":1,"score":0,"companySize":"2000人以上","businessZones":["西北旺","马连洼","上地"],"imState":"threeDays","lastLogin":1472436458000,"publisherId":2925704,"explain":null,"plus":null,"pcShow":0,"appShow":0,"deliver":0,"gradeDescription":null,"companyFullName":"网之易信息技术（北京）有限公司","adWord":0},{"formatCreateTime":"2016-08-11","createTime":"2016-08-11 15:41:41","companyId":114110,"positionName":"iOS","education":"本科","city":"北京","positionId":1944891,"financeStage":"上市公司","companyShortName":"乐视","companyLogo":"i/image/M00/04/2B/Cgp3O1bGwzWAEAB4AAAbnMQCudk783.jpg","salary":"15k-25k","industryField":"移动互联网","district":"朝阳区","companyLabelList":["股票期权","交通补助","通讯津贴","带薪年假"],"positionAdvantage":"涵盖多个方向的智能硬件产品，股权激励","jobNature":"全职","workYear":"3-5年","approve":1,"score":0,"companySize":"2000人以上","businessZones":["石佛营","姚家园","十里堡"],"imState":"today","lastLogin":1472528121000,"publisherId":5320010,"explain":null,"plus":null,"pcShow":0,"appShow":0,"deliver":0,"gradeDescription":null,"companyFullName":"乐视网信息技术（北京）股份有限公司","adWord":0},{"formatCreateTime":"2016-08-11","createTime":"2016-08-11 15:33:55","companyId":43735,"positionName":"iOS高级开发工程师","education":"本科","city":"北京","positionId":490349,"financeStage":"成长型(B轮)","companyShortName":"虚拟院线","companyLogo":"image1/M00/00/6E/CgYXBlTUXYeAO_xPAABavMsZeXM410.jpg","salary":"10k-20k","industryField":"移动互联网,文化娱乐","district":"朝阳区","companyLabelList":["年底双薪","节日礼物","绩效奖金","年度旅游"],"positionAdvantage":"晓明筑梦 成就梦想","jobNature":"全职","workYear":"3-5年","approve":1,"score":0,"companySize":"15-50人","businessZones":["呼家楼","京广桥","CBD"],"imState":"today","lastLogin":1472547615000,"publisherId":827292,"explain":null,"plus":null,"pcShow":0,"appShow":0,"deliver":0,"gradeDescription":null,"companyFullName":"北京晓明筑梦数据服务有限公司","adWord":0},{"formatCreateTime":"2016-08-11","createTime":"2016-08-11 15:27:17","companyId":4836,"positionName":"Android或者ios(测试开发职位)","education":"本科","city":"北京","positionId":1982588,"financeStage":"上市公司","companyShortName":"京东商城","companyLogo":"image2/M00/07/C8/CgpzWlYAsfGATpk7AAAJkGWG2kk774.png?cc=0.19381895544938743","salary":"15k-30k","industryField":"电子商务","district":null,"companyLabelList":["技能培训","年底双薪","节日礼物","绩效奖金"],"positionAdvantage":"年底双薪,餐补，全勤奖，五险一金","jobNature":"全职","workYear":"3-5年","approve":1,"score":0,"companySize":"2000人以上","businessZones":null,"imState":"disabled","lastLogin":1472532133000,"publisherId":3923976,"explain":null,"plus":null,"pcShow":0,"appShow":0,"deliver":0,"gradeDescription":null,"companyFullName":"北京京东尚科信息技术有限公司","adWord":0},{"formatCreateTime":"2016-08-11","createTime":"2016-08-11 15:08:59","companyId":118474,"positionName":"iOS","education":"本科","city":"北京","positionId":2226121,"financeStage":"初创型(未融资)","companyShortName":"微服机器人","companyLogo":"i/image/M00/0F/E3/Cgp3O1bepC6AV086AAA-S538qVg991.jpg","salary":"15k-20k","industryField":"硬件,企业服务","district":"朝阳区","companyLabelList":["年底双薪","午餐补助","带薪年假","定期体检"],"positionAdvantage":"五险一金带薪年假定期体检绩效奖金午餐补助","jobNature":"全职","workYear":"3-5年","approve":1,"score":0,"companySize":"15-50人","businessZones":["望京","大山子","花家地"],"imState":"today","lastLogin":1472561384000,"publisherId":4342954,"explain":null,"plus":null,"pcShow":0,"appShow":0,"deliver":0,"gradeDescription":null,"companyFullName":"深圳微服机器人科技有限公司","adWord":0},{"formatCreateTime":"2016-08-11","createTime":"2016-08-11 13:53:42","companyId":328,"positionName":"iOS","education":"大专","city":"北京","positionId":1988140,"financeStage":"成熟型(C轮)","companyShortName":"考拉FM","companyLogo":"image1/M00/1E/B9/CgYXBlUvZOWATYhDAACLGlG72Kw005.jpg","salary":"15k-25k","industryField":"移动互联网","district":"海淀区","companyLabelList":["技能培训","年底双薪","产品创新","绩效奖金"],"positionAdvantage":"年终奖 绩效奖金 带薪年假","jobNature":"全职","workYear":"3-5年","approve":1,"score":0,"companySize":"150-500人","businessZones":["颐和园","西苑","北京大学"],"imState":"today","lastLogin":1472553359000,"publisherId":276614,"explain":null,"plus":null,"pcShow":0,"appShow":0,"deliver":0,"gradeDescription":null,"companyFullName":"众联智领科技（北京）有限公司","adWord":0},{"formatCreateTime":"2016-08-11","createTime":"2016-08-11 13:18:01","companyId":41823,"positionName":"iOS开发工程师","education":"本科","city":"北京","positionId":787710,"financeStage":"成长型(A轮)","companyShortName":"58到家","companyLogo":"i/image/M00/01/CC/Cgp3O1Z3ydqAGMD9AAAZzkx2ztQ555.png","salary":"15k-30k","industryField":"O2O,生活服务","district":"朝阳区","companyLabelList":["节日礼物","技能培训","股票期权","免费班车"],"positionAdvantage":"O2O领域的龙头潜力巨大，服务业崛起领航者","jobNature":"全职","workYear":"3-5年","approve":1,"score":0,"companySize":"2000人以上","businessZones":["小营","对外经贸","芍药居"],"imState":"overSevenDays","lastLogin":1471614059000,"publisherId":1623797,"explain":null,"plus":null,"pcShow":0,"appShow":0,"deliver":0,"gradeDescription":null,"companyFullName":"天津五八到家生活服务有限公司","adWord":0},{"formatCreateTime":"2016-08-11","createTime":"2016-08-11 11:27:24","companyId":1575,"positionName":"百度_高级iOS研发工程师","education":"本科","city":"北京","positionId":2179791,"financeStage":"上市公司","companyShortName":"百度","companyLogo":"image1/M00/00/06/CgYXBlTUWAWAOBXrAABGHHFb0q8748.jpg","salary":"15k-30k","industryField":"移动互联网,数据服务","district":"海淀区","companyLabelList":["股票期权","弹性工作","五险一金","免费班车"],"positionAdvantage":"弹性工作制 工作环境好 优秀团队","jobNature":"全职","workYear":"3-5年","approve":1,"score":0,"companySize":"2000人以上","businessZones":["西北旺","马连洼","上地"],"imState":"disabled","lastLogin":1470996298000,"publisherId":5819487,"explain":null,"plus":null,"pcShow":0,"appShow":0,"deliver":0,"gradeDescription":null,"companyFullName":"百度在线网络技术（北京）有限公司","adWord":0},{"formatCreateTime":"2016-08-11","createTime":"2016-08-11 10:54:53","companyId":121,"positionName":"iOS开发工程师（中级）","education":"本科","city":"北京","positionId":1996294,"financeStage":"成熟型(C轮)","companyShortName":"墨迹天气","companyLogo":"image1/M00/00/02/CgYXBlTUV_SAC4JmAABlUkwC7D0180.png","salary":"15k-25k","industryField":"移动互联网,生活服务","district":"朝阳区","companyLabelList":["五险一金","弹性工作","岗位晋升","帅哥多"],"positionAdvantage":"年底双薪 免费午餐 拟上市公司","jobNature":"全职","workYear":"3-5年","approve":1,"score":0,"companySize":"150-500人","businessZones":["将台路","酒仙桥","大山子"],"imState":"today","lastLogin":1472555439000,"publisherId":25324,"explain":null,"plus":null,"pcShow":0,"appShow":0,"deliver":0,"gradeDescription":null,"companyFullName":"北京墨迹风云科技股份有限公司","adWord":0},{"formatCreateTime":"2016-08-11","createTime":"2016-08-11 10:14:50","companyId":134042,"positionName":"iOS","education":"本科","city":"北京","positionId":2223578,"financeStage":"成熟型(C轮)","companyShortName":"海致BDP","companyLogo":"i/image/M00/36/F1/Cgp3O1de9kuAMs7wAAAL_C3igi0677.png","salary":"10k-20k","industryField":"移动互联网,企业服务","district":"海淀区","companyLabelList":["股票期权","交通补助","带薪年假","定期体检"],"positionAdvantage":"五险一金 高薪 高额补助 丰厚项目奖金","jobNature":"全职","workYear":"1-3年","approve":0,"score":0,"companySize":"150-500人","businessZones":["清河"],"imState":"today","lastLogin":1472555638000,"publisherId":4293978,"explain":null,"plus":null,"pcShow":0,"appShow":0,"deliver":0,"gradeDescription":null,"companyFullName":"海致网络技术(北京)有限公司","adWord":0},{"formatCreateTime":"2016-08-11","createTime":"2016-08-11 09:56:23","companyId":78888,"positionName":"ios开发工程师","education":"本科","city":"北京","positionId":2223325,"financeStage":"成长型(不需要融资)","companyShortName":"联通支付有限公司","companyLogo":"image1/M00/31/17/Cgo8PFWKeomAfndYAABabD62AuA124.jpg?cc=0.5847436480689794","salary":"10k-15k","industryField":"移动互联网","district":"西城区","companyLabelList":["带薪年假","交通补助","通讯津贴","午餐补助"],"positionAdvantage":"五险一金、带薪年假、各种补助、年底奖金","jobNature":"全职","workYear":"1-3年","approve":1,"score":0,"companySize":"150-500人","businessZones":null,"imState":"today","lastLogin":1472543888000,"publisherId":1997600,"explain":null,"plus":null,"pcShow":0,"appShow":0,"deliver":0,"gradeDescription":null,"companyFullName":"联通支付有限公司","adWord":0}]}},"code":0}