{"msg":null,"success":true,"requestId":null,"resubmitToken":null,"content":{"pageNo":3,"pageSize":15,"positionResult":{"queryAnalysisInfo":{"industryName":null,"usefulCompany":false,"positionName":"ios","companyName":null},"strategyProperty":{"name":"dm-csearch-newSimScorer","id":1},"totalCount":974,"resultSize":15,"locationInfo":{"businessZone":null,"locationCode":null,"queryByGisCode":false,"city":"北京","district":null},"result":[{"companyId":6678,"explain":null,"plus":null,"pcShow":0,"appShow":0,"deliver":0,"gradeDescription":null,"businessZones":null,"imState":"disabled","lastLogin":1472550951000,"publisherId":5066008,"positionName":"高级iOS工程师","workYear":"3-5年","education":"本科","jobNature":"全职","positionId":2306671,"createTime":"2016-08-30 16:41:20","city":"北京","companyLogo":"image1/M00/00/0E/Cgo8PFTUWCaACjS7AABTpR_TaPw933.jpg","industryField":"金融","positionAdvantage":"互联网金融知名企业，技术团队大咖多多","salary":"20k-35k","companySize":"150-500人","approve":1,"financeStage":"成长型(A轮)","companyLabelList":["绩效奖金","年底双薪","五险一金","交通补助"],"district":null,"companyShortName":"人人贷","score":0,"formatCreateTime":"16:41发布","companyFullName":"人人贷商务顾问（北京）有限公司","adWord":0},{"companyId":50889,"explain":null,"plus":null,"pcShow":0,"appShow":0,"deliver":0,"gradeDescription":null,"businessZones":["新街口","德胜门","小西天"],"imState":"today","lastLogin":1472545709000,"publisherId":4793543,"positionName":"iOS开发工程师","workYear":"3-5年","education":"本科","jobNature":"全职","positionId":2026998,"createTime":"2016-08-30 15:21:54","city":"北京","companyLogo":"i/image/M00/03/44/Cgp3O1ax7JWAOSzUAABS3OF0A7w289.jpg","industryField":"移动互联网,企业服务","positionAdvantage":"上市公司，持续股权激励，重视员工关怀","salary":"20k-35k","companySize":"2000人以上","approve":1,"financeStage":"上市公司","companyLabelList":["弹性工作","敏捷研发","股票期权","年底双薪"],"district":"西城区","companyShortName":"和创科技（红圈营销）","score":0,"formatCreateTime":"15:21发布","companyFullName":"和创（北京）科技股份有限公司","adWord":0},{"companyId":50702,"explain":null,"plus":null,"pcShow":0,"appShow":0,"deliver":0,"gradeDescription":null,"businessZones":["望京","大山子","花家地"],"imState":"disabled","lastLogin":1472549796000,"publisherId":1969571,"positionName":"高级iOS开发工程师","workYear":"3-5年","education":"本科","jobNature":"全职","positionId":812326,"createTime":"2016-08-30 15:13:24","city":"北京","companyLogo":"i/image/M00/4B/6C/CgqKkVefHv-AFoRzAAAuALF7ZZ0419.png","industryField":"移动互联网,O2O","positionAdvantage":"班车接送，离市区近，工作环境氛围好","salary":"20k-30k","companySize":"2000人以上","approve":1,"financeStage":"成熟型(D轮及以上)","companyLabelList":["技能培训","绩效奖金","岗位晋升","领导好"],"district":"朝阳区","companyShortName":"美团点评","score":0,"formatCreateTime":"15:13发布","companyFullName":"北京三快在线科技有限公司","adWord":0},{"companyId":25021,"explain":null,"plus":null,"pcShow":0,"appShow":0,"deliver":0,"gradeDescription":null,"businessZones":["马连洼"],"imState":"disabled","lastLogin":1472543623000,"publisherId":6023655,"positionName":"iOS架构工程师","workYear":"3-5年","education":"本科","jobNature":"全职","positionId":2305850,"createTime":"2016-08-30 15:11:32","city":"北京","companyLogo":"image1/M00/2A/10/Cgo8PFVpRQWAIyMQAABwOlPdDJ4570.png","industryField":"移动互联网,社交网络","positionAdvantage":"微博平台,上市公司,核心业务,发展空间大","salary":"15k-30k","companySize":"2000人以上","approve":0,"financeStage":"上市公司","companyLabelList":["技能培训","股票期权","带薪年假","绩效奖金"],"district":"海淀区","companyShortName":"新浪微博","score":0,"formatCreateTime":"15:11发布","companyFullName":"新浪微博","adWord":0},{"companyId":114110,"explain":null,"plus":null,"pcShow":0,"appShow":0,"deliver":0,"gradeDescription":null,"businessZones":["石佛营","姚家园","十里堡"],"imState":"disabled","lastLogin":1472549395000,"publisherId":222907,"positionName":"高级IOS开发工程师","workYear":"5-10年","education":"本科","jobNature":"全职","positionId":1432782,"createTime":"2016-08-30 15:04:27","city":"北京","companyLogo":"i/image/M00/04/2B/Cgp3O1bGwzWAEAB4AAAbnMQCudk783.jpg","industryField":"移动互联网","positionAdvantage":"免费商业保险,全员持股计划,技术培训","salary":"18k-25k","companySize":"2000人以上","approve":1,"financeStage":"上市公司","companyLabelList":["股票期权","交通补助","通讯津贴","带薪年假"],"district":"朝阳区","companyShortName":"乐视","score":0,"formatCreateTime":"15:04发布","companyFullName":"乐视网信息技术（北京）股份有限公司","adWord":0},{"companyId":42726,"explain":null,"plus":null,"pcShow":0,"appShow":0,"deliver":0,"gradeDescription":null,"businessZones":null,"imState":"today","lastLogin":1472540604000,"publisherId":2405673,"positionName":"iOS高级开发工程师","workYear":"3-5年","education":"本科","jobNature":"全职","positionId":2086636,"createTime":"2016-08-30 15:03:44","city":"北京","companyLogo":"i/image/M00/01/00/CgqKkVZdY1uATMhqAABAKUfYxmE247.png","industryField":"生活服务","positionAdvantage":"五险一金 弹性工作 带薪年假","salary":"15k-25k","companySize":"150-500人","approve":1,"financeStage":"成长型(B轮)","companyLabelList":["节日礼物","技能培训","绩效奖金","岗位晋升"],"district":"大兴区","companyShortName":"多彩饰家","score":0,"formatCreateTime":"15:03发布","companyFullName":"多彩饰家（北京）品牌管理有限公司","adWord":0},{"companyId":230,"explain":null,"plus":null,"pcShow":0,"appShow":0,"deliver":0,"gradeDescription":null,"businessZones":["健翔桥","奥运村","二里庄"],"imState":"disabled","lastLogin":1472552052000,"publisherId":2697780,"positionName":"iOS","workYear":"3-5年","education":"本科","jobNature":"全职","positionId":2276325,"createTime":"2016-08-30 15:01:08","city":"北京","companyLogo":"image1/M00/00/02/Cgo8PFTUV_aAHol_AABY9qGbFjo831.png","industryField":"数据服务","positionAdvantage":"上市公司 大数据 弹性工作","salary":"20k-30k","companySize":"500-2000人","approve":1,"financeStage":"上市公司","companyLabelList":["绩效奖金","五险一金","通讯津贴","带薪年假"],"district":"朝阳区","companyShortName":"拓尔思TRS","score":0,"formatCreateTime":"15:01发布","companyFullName":"北京拓尔思信息技术股份有限公司","adWord":0},{"companyId":22391,"explain":null,"plus":null,"pcShow":0,"appShow":0,"deliver":0,"gradeDescription":null,"businessZones":["白石桥","魏公村","万寿寺"],"imState":"today","lastLogin":1472540923000,"publisherId":5106904,"positionName":"iOS工程师","workYear":"1-3年","education":"本科","jobNature":"全职","positionId":2037057,"createTime":"2016-08-30 15:00:38","city":"北京","companyLogo":"image1/M00/16/E3/CgYXBlUP1WaALrvkAACg0cLAYdM529.jpg","industryField":"金融","positionAdvantage":"联想控股 服务于三农 年底双薪 餐费补助","salary":"10k-20k","companySize":"150-500人","approve":1,"financeStage":"成长型(A轮)","companyLabelList":["团队建设","绩效奖金","年度旅游","岗位晋升"],"district":"海淀区","companyShortName":"翼龙贷网","score":0,"formatCreateTime":"15:00发布","companyFullName":"北京同城翼龙网络科技有限公司","adWord":0},{"companyId":126927,"explain":null,"plus":null,"pcShow":0,"appShow":0,"deliver":0,"gradeDescription":null,"businessZones":["来广营","望京"],"imState":"disabled","lastLogin":1472539829000,"publisherId":5920160,"positionName":"iOS","workYear":"1年以下","education":"大专","jobNature":"全职","positionId":2240788,"createTime":"2016-08-30 14:50:41","city":"北京","companyLogo":"i/image/M00/3A/55/CgqKkVdpBYiAVxdGAAAnweb5KvU231.png","industryField":"移动互联网,数据服务","positionAdvantage":"公司福利好，项目佳，领导NICE，团队逗逼","salary":"6k-8k","companySize":"50-150人","approve":0,"financeStage":"成长型(不需要融资)","companyLabelList":["专项奖金","带薪年假","交通补助","午餐补助"],"district":"朝阳区","companyShortName":"嘀一巴士","score":0,"formatCreateTime":"14:50发布","companyFullName":"嘀一科技（北京）有限公司","adWord":0},{"companyId":59251,"explain":null,"plus":null,"pcShow":0,"appShow":0,"deliver":0,"gradeDescription":null,"businessZones":["望京","大山子","花家地"],"imState":"today","lastLogin":1472559160000,"publisherId":1467174,"positionName":"iOS开发工程师","workYear":"1-3年","education":"本科","jobNature":"全职","positionId":2305661,"createTime":"2016-08-30 14:49:53","city":"北京","companyLogo":"i/image/M00/08/49/Cgp3O1bPycGAMj0hAAAgshBCvv4840.jpg","industryField":"移动互联网,文化娱乐","positionAdvantage":"福利完善,年底奖金,环境优美,帅哥美女","salary":"15k-20k","companySize":"500-2000人","approve":1,"financeStage":"成长型(B轮)","companyLabelList":["年底双薪","专项奖金","股票期权","带薪年假"],"district":"朝阳区","companyShortName":"映客直播","score":0,"formatCreateTime":"14:49发布","companyFullName":"北京蜜莱坞网络科技有限公司","adWord":0},{"companyId":144769,"explain":null,"plus":null,"pcShow":0,"appShow":0,"deliver":0,"gradeDescription":null,"businessZones":["方庄","东铁匠营","刘家窑"],"imState":"disabled","lastLogin":1472539753000,"publisherId":5944930,"positionName":"iOS","workYear":"不限","education":"不限","jobNature":"全职","positionId":2273084,"createTime":"2016-08-30 14:49:19","city":"北京","companyLogo":"i/image/M00/51/5B/CgqKkVe222WAbc36AAAPS2j4QOY962.jpg","industryField":"电子商务","positionAdvantage":"享受工作 享受生活","salary":"10k-20k","companySize":"150-500人","approve":0,"financeStage":"成长型(不需要融资)","companyLabelList":null,"district":"丰台区","companyShortName":"秦山源","score":0,"formatCreateTime":"14:49发布","companyFullName":"佛坪县秦山源现代农业开发有限公司","adWord":0},{"companyId":97420,"explain":null,"plus":null,"pcShow":0,"appShow":0,"deliver":0,"gradeDescription":null,"businessZones":["中关村","苏州街","苏州桥"],"imState":"disabled","lastLogin":1472548414000,"publisherId":2656610,"positionName":"iOS","workYear":"5-10年","education":"本科","jobNature":"全职","positionId":2275185,"createTime":"2016-08-30 14:40:02","city":"北京","companyLogo":"image2/M00/08/15/CgqLKVYBSF-AWfWLAAMDsOdt9rA551.png?cc=0.5246585914865136","industryField":"移动互联网,金融","positionAdvantage":"互联网金融国家队，福利好","salary":"20k-35k","companySize":"50-150人","approve":1,"financeStage":"成长型(不需要融资)","companyLabelList":["绩效奖金","五险一金","扁平管理","定期体检"],"district":"海淀区","companyShortName":"中证互联","score":0,"formatCreateTime":"14:40发布","companyFullName":"中证互联股份有限公司","adWord":0},{"companyId":329,"explain":null,"plus":null,"pcShow":0,"appShow":0,"deliver":0,"gradeDescription":null,"businessZones":["西北旺"],"imState":"today","lastLogin":1472564751000,"publisherId":3756743,"positionName":"iOS","workYear":"3-5年","education":"本科","jobNature":"全职","positionId":1855581,"createTime":"2016-08-30 14:23:51","city":"北京","companyLogo":"image1/M00/1C/DB/Cgo8PFUnbyyAOmwZAABKPABIzv8461.png","industryField":"数据服务,文化娱乐","positionAdvantage":"免费午餐晚餐、班车、健身房","salary":"15k-25k","companySize":"2000人以上","approve":1,"financeStage":"上市公司","companyLabelList":["节日礼物","技能培训","免费班车","带薪年假"],"district":"海淀区","companyShortName":"网易","score":0,"formatCreateTime":"14:23发布","companyFullName":"网之易信息技术（北京）有限公司","adWord":0},{"companyId":94680,"explain":null,"plus":null,"pcShow":0,"appShow":0,"deliver":0,"gradeDescription":null,"businessZones":["航天桥","八里庄","花园桥"],"imState":"disabled","lastLogin":1472538164000,"publisherId":2514157,"positionName":"iOS开发实习生","workYear":"不限","education":"本科","jobNature":"实习","positionId":1139297,"createTime":"2016-08-30 14:22:54","city":"北京","companyLogo":"image2/M00/03/D2/CgqLKVXvnuWAdFdPAAAUOZBWZ5c011.png?cc=0.10282203485257924","industryField":"电子商务","positionAdvantage":"有导师指导且参与核心的设计与开发！","salary":"2k-4k","companySize":"15-50人","approve":0,"financeStage":"初创型(天使轮)","companyLabelList":["股票期权","岗位晋升"],"district":"海淀区","companyShortName":"艾莉科技","score":0,"formatCreateTime":"14:22发布","companyFullName":"北京艾莉科技有限公司","adWord":0},{"companyId":1575,"explain":null,"plus":null,"pcShow":0,"appShow":0,"deliver":0,"gradeDescription":null,"businessZones":["西北旺","马连洼","上地"],"imState":"today","lastLogin":1472553744000,"publisherId":2664226,"positionName":"iOS客户端高级研发工程师","workYear":"1-3年","education":"本科","jobNature":"全职","positionId":1846467,"createTime":"2016-08-30 14:22:03","city":"北京","companyLogo":"image1/M00/00/06/CgYXBlTUWAWAOBXrAABGHHFb0q8748.jpg","industryField":"移动互联网,数据服务","positionAdvantage":"百度金融服务事业群组核心技术部门","salary":"15k-30k","companySize":"2000人以上","approve":1,"financeStage":"上市公司","companyLabelList":["股票期权","弹性工作","五险一金","免费班车"],"district":"海淀区","companyShortName":"百度","score":0,"formatCreateTime":"14:22发布","companyFullName":"百度在线网络技术（北京）有限公司","adWord":0}]}},"code":0}