{"success":true,"requestId":null,"msg":null,"resubmitToken":null,"code":0,"content":{"pageNo":10,"pageSize":15,"positionResult":{"resultSize":15,"totalCount":974,"locationInfo":{"queryByGisCode":false,"businessZone":null,"locationCode":null,"city":"北京","district":null},"queryAnalysisInfo":{"industryName":null,"usefulCompany":false,"positionName":"ios","companyName":null},"strategyProperty":{"name":"dm-csearch-newSimScorer","id":1},"result":[{"companyId":50476,"businessZones":["和平里","雍和宫","安定门"],"imState":"disabled","lastLogin":1472530912000,"publisherId":5030691,"explain":null,"plus":null,"pcShow":0,"appShow":0,"deliver":0,"gradeDescription":null,"companyFullName":"北京盈泰财富云电子商务有限公司","formatCreateTime":"12:24发布","positionName":"iOS","workYear":"5-10年","education":"本科","jobNature":"全职","companyLogo":"image1/M00/00/84/Cgo8PFTUXeSAKU0pAAButaDUfeY414.jpg","salary":"15k-30k","city":"北京","financeStage":"成长型(A轮)","industryField":"移动互联网,金融","positionId":2304755,"approve":1,"createTime":"2016-08-30 12:24:49","positionAdvantage":"精英文化，深涉金融，六险一金，员工持股","district":"东城区","companyShortName":"盈泰财富云","companyLabelList":["技能培训","岗位晋升","年终分红","股票期权"],"score":0,"companySize":"50-150人","adWord":0},{"companyId":42899,"businessZones":["清河","上地"],"imState":"today","lastLogin":1472523108000,"publisherId":808170,"explain":null,"plus":null,"pcShow":0,"appShow":0,"deliver":0,"gradeDescription":null,"companyFullName":"上海小蚁科技有限公司","formatCreateTime":"1天前发布","positionName":"iOS自动化测试工程师","workYear":"3-5年","education":"本科","jobNature":"全职","companyLogo":"image2/M00/11/69/CgqLKVYx6mCAEWmWAAA8Uo7yHIc510.jpg?cc=0.24744720198214054","salary":"15k-30k","city":"北京","financeStage":"成熟型(C轮)","industryField":"移动互联网,硬件","positionId":899990,"approve":1,"createTime":"2016-08-29 18:24:11","positionAdvantage":"六险一金、股票期权、餐补、水果零食","district":"海淀区","companyShortName":"小蚁","companyLabelList":["年底双薪","节日礼物","技能培训","年度旅游"],"score":0,"companySize":"150-500人","adWord":0},{"companyId":301,"businessZones":["左家庄","柳芳","东直门"],"imState":"today","lastLogin":1472566544000,"publisherId":870,"explain":null,"plus":null,"pcShow":0,"appShow":0,"deliver":0,"gradeDescription":null,"companyFullName":"北京亿维科睿科技有限公司","formatCreateTime":"1天前发布","positionName":"iOS开发工程师","workYear":"1-3年","education":"本科","jobNature":"全职","companyLogo":"image1/M00/0B/AD/CgYXBlTz3miAck4gAAA0c5cSPM0813.png","salary":"12k-22k","city":"北京","financeStage":"成长型(A轮)","industryField":"移动互联网,教育","positionId":2300851,"approve":1,"createTime":"2016-08-29 16:42:11","positionAdvantage":"五险一金+租房补贴+定制三餐+弹性工作时间","district":"东城区","companyShortName":"课程格子","companyLabelList":["年底双薪","岗位晋升","定期体检","五险一金"],"score":0,"companySize":"15-50人","adWord":0},{"companyId":109412,"businessZones":null,"imState":"disabled","lastLogin":1472547029000,"publisherId":3472935,"explain":null,"plus":null,"pcShow":0,"appShow":0,"deliver":0,"gradeDescription":null,"companyFullName":"非凡领越体育发展（北京）有限公司","formatCreateTime":"1天前发布","positionName":"iOS","workYear":"3-5年","education":"本科","jobNature":"全职","companyLogo":"i/image/M00/4E/ED/Cgp3O1etPWqALMeqAAG43ec5BDs476.jpg","salary":"20k-30k","city":"北京","financeStage":"上市公司","industryField":"文化娱乐,移动互联网","positionId":1791652,"approve":0,"createTime":"2016-08-29 16:39:22","positionAdvantage":"免费送Mac 免费三餐 免费游泳健身房","district":"通州区","companyShortName":"非凡领越体育","companyLabelList":["带薪年假","通讯津贴","交通补助","午餐补助"],"score":0,"companySize":"500-2000人","adWord":0},{"companyId":29095,"businessZones":null,"imState":"disabled","lastLogin":1472533741000,"publisherId":396141,"explain":null,"plus":null,"pcShow":0,"appShow":0,"deliver":0,"gradeDescription":null,"companyFullName":"杭州热秀网络技术有限公司","formatCreateTime":"1天前发布","positionName":"高级iOS开发工程师","workYear":"3-5年","education":"本科","jobNature":"全职","companyLogo":"i/image/M00/4D/B7/CgqKkVeoSHOASY83AAA4Y8ajp6k914.png","salary":"15k-25k","city":"北京","financeStage":"成长型(B轮)","industryField":"移动互联网,文化娱乐","positionId":2101930,"approve":1,"createTime":"2016-08-29 16:30:43","positionAdvantage":"六险一金,绩效奖金,通讯交通补,弹性工作","district":null,"companyShortName":"热波传媒旗下-热秀网络","companyLabelList":["带薪年假","绩效奖金","岗位晋升","扁平管理"],"score":0,"companySize":"50-150人","adWord":0},{"companyId":60530,"businessZones":["国展","左家庄","三元桥"],"imState":"disabled","lastLogin":1472459247000,"publisherId":1854267,"explain":null,"plus":null,"pcShow":0,"appShow":0,"deliver":0,"gradeDescription":null,"companyFullName":"空中传译科技（北京）有限公司","formatCreateTime":"1天前发布","positionName":"iOS","workYear":"1-3年","education":"本科","jobNature":"全职","companyLogo":"image1/M00/2E/DE/CgYXBlV_0TaANUJHAAAtVFNCkJ4398.jpg","salary":"8k-10k","city":"北京","financeStage":"初创型(天使轮)","industryField":"移动互联网,O2O","positionId":1729756,"approve":0,"createTime":"2016-08-29 16:29:42","positionAdvantage":"超炫平台等你来挑战！","district":"朝阳区","companyShortName":"空中传译","companyLabelList":["股票期权","带薪年假","年度旅游","扁平管理"],"score":0,"companySize":"15-50人","adWord":0},{"companyId":50702,"businessZones":["大山子","望京","酒仙桥"],"imState":"disabled","lastLogin":1472458608000,"publisherId":365000,"explain":null,"plus":null,"pcShow":0,"appShow":0,"deliver":0,"gradeDescription":null,"companyFullName":"北京三快在线科技有限公司","formatCreateTime":"1天前发布","positionName":"iOS(高级)开发工程师","workYear":"3-5年","education":"本科","jobNature":"全职","companyLogo":"i/image/M00/4B/6C/CgqKkVefHv-AFoRzAAAuALF7ZZ0419.png","salary":"20k-30k","city":"北京","financeStage":"成熟型(D轮及以上)","industryField":"移动互联网,O2O","positionId":1883075,"approve":1,"createTime":"2016-08-29 16:27:55","positionAdvantage":"超弹性制工作时间、高手云集的氛围","district":"朝阳区","companyShortName":"美团点评","companyLabelList":["技能培训","绩效奖金","岗位晋升","领导好"],"score":0,"companySize":"2000人以上","adWord":0},{"companyId":49870,"businessZones":["中关村","人民大学","知春路"],"imState":"today","lastLogin":1472558385000,"publisherId":649103,"explain":null,"plus":null,"pcShow":0,"appShow":0,"deliver":0,"gradeDescription":null,"companyFullName":"北京掌控世代科技有限公司","formatCreateTime":"1天前发布","positionName":"iOS高级开发工程师","workYear":"3-5年","education":"本科","jobNature":"全职","companyLogo":"image1/M00/42/B4/Cgo8PFXMdCeATrFtAAA4a7G5khU136.png","salary":"15k-25k","city":"北京","financeStage":"成长型(A轮)","industryField":"移动互联网,电子商务","positionId":1852259,"approve":1,"createTime":"2016-08-29 16:17:03","positionAdvantage":"氛围好 乐分享 福利待遇棒 扁平化管理","district":"海淀区","companyShortName":"掌控","companyLabelList":["股票期权","带薪年假","定期体检","年度旅游"],"score":0,"companySize":"15-50人","adWord":0},{"companyId":101456,"businessZones":null,"imState":"today","lastLogin":1472549157000,"publisherId":4932768,"explain":null,"plus":null,"pcShow":0,"appShow":0,"deliver":0,"gradeDescription":null,"companyFullName":"北京启明智创科技有限公司","formatCreateTime":"1天前发布","positionName":"iOS高级工程师","workYear":"1-3年","education":"本科","jobNature":"全职","companyLogo":"i/image/M00/54/72/CgqKkVfD5AuAGaWkAABI37mh4CQ342.png","salary":"15k-30k","city":"北京","financeStage":"成长型(A轮)","industryField":"移动互联网,广告营销","positionId":2300595,"approve":1,"createTime":"2016-08-29 16:14:59","positionAdvantage":"创新,良好氛围,中关村,福利","district":null,"companyShortName":"启明智创","companyLabelList":["国际市场","股票期权","中关村","专项奖金"],"score":0,"companySize":"少于15人","adWord":0},{"companyId":45554,"businessZones":["中关村","双榆树","双安"],"imState":"today","lastLogin":1472548269000,"publisherId":875002,"explain":null,"plus":null,"pcShow":0,"appShow":0,"deliver":0,"gradeDescription":null,"companyFullName":"北京小雨点科技有限公司","formatCreateTime":"1天前发布","positionName":"iOS开发工程师","workYear":"3-5年","education":"大专","jobNature":"全职","companyLogo":"image1/M00/00/74/CgYXBlTUXaCAPhTFAACLMW980Eo163.png","salary":"10k-18k","city":"北京","financeStage":"成长型(不需要融资)","industryField":"移动互联网","positionId":2270957,"approve":1,"createTime":"2016-08-29 16:14:21","positionAdvantage":"五险一金,免费三餐,定期体检,弹性工作","district":"海淀区","companyShortName":"北京小雨点科技有限公司","companyLabelList":["带薪年假","包三餐","帅哥多","美女多"],"score":0,"companySize":"50-150人","adWord":0},{"companyId":133,"businessZones":["姚家园","十里堡","高碑店"],"imState":"today","lastLogin":1472557018000,"publisherId":1683905,"explain":null,"plus":null,"pcShow":0,"appShow":0,"deliver":0,"gradeDescription":null,"companyFullName":"北京金山网络科技有限公司","formatCreateTime":"1天前发布","positionName":"iOS工程师（直播）","workYear":"3-5年","education":"本科","jobNature":"全职","companyLogo":"image1/M00/39/70/CgYXBlWo3nqABJTsAADJ3hn5gmE062.jpg","salary":"20k-30k","city":"北京","financeStage":"上市公司","industryField":"移动互联网,信息安全","positionId":2211545,"approve":1,"createTime":"2016-08-29 16:07:45","positionAdvantage":"15天带薪年假、七险一金、GEEK办公区","district":"朝阳区","companyShortName":"猎豹移动","companyLabelList":["带薪年假","美女前台","超赞年终奖","一公里工作圈"],"score":0,"companySize":"500-2000人","adWord":0},{"companyId":929,"businessZones":["北太平庄","牡丹园","健翔桥"],"imState":"today","lastLogin":1472570686000,"publisherId":55512,"explain":null,"plus":null,"pcShow":0,"appShow":0,"deliver":0,"gradeDescription":null,"companyFullName":"北京小川在线网络技术有限公司","formatCreateTime":"1天前发布","positionName":"高级iOS","workYear":"5-10年","education":"本科","jobNature":"全职","companyLogo":"i/image/M00/3A/44/Cgp3O1do7rGARXTWAAAafqvhijU465.jpg","salary":"20k-35k","city":"北京","financeStage":"成长型(A轮)","industryField":"移动互联网","positionId":1989317,"approve":1,"createTime":"2016-08-29 16:00:45","positionAdvantage":"一流技术团队，高薪高股，专职厨师，不打卡","district":"海淀区","companyShortName":"最右","companyLabelList":["技能培训","连续创业团队","年度旅游","扁平管理"],"score":0,"companySize":"15-50人","adWord":0},{"companyId":36036,"businessZones":["北苑","立水桥"],"imState":"threeDays","lastLogin":1472464548000,"publisherId":630051,"explain":null,"plus":null,"pcShow":0,"appShow":0,"deliver":0,"gradeDescription":null,"companyFullName":"北京蜜友科技有限公司","formatCreateTime":"1天前发布","positionName":"iOS主程","workYear":"3-5年","education":"本科","jobNature":"全职","companyLogo":"image1/M00/1E/BD/Cgo8PFUvau6AD98-AACbp-QEPO0441.png","salary":"10k-20k","city":"北京","financeStage":"成长型(A轮)","industryField":"移动互联网,社交网络","positionId":2133908,"approve":1,"createTime":"2016-08-29 16:00:07","positionAdvantage":"税后薪资+多项补助+保险","district":"朝阳区","companyShortName":"趣播（视频直播社交）","companyLabelList":["最知名投资人","社交十年一剑","团队持股"],"score":0,"companySize":"15-50人","adWord":0},{"companyId":5832,"businessZones":["西北旺","马连洼","上地"],"imState":"disabled","lastLogin":1472556226000,"publisherId":92641,"explain":null,"plus":null,"pcShow":0,"appShow":0,"deliver":0,"gradeDescription":null,"companyFullName":"微梦创科网络科技（中国）有限公司","formatCreateTime":"1天前发布","positionName":"微博iOS客户端研发工程师","workYear":"1-3年","education":"大专","jobNature":"全职","companyLogo":"image1/M00/00/0D/CgYXBlTUWCCAdkhOAABNgyvZQag818.jpg","salary":"20k-40k","city":"北京","financeStage":"上市公司","industryField":"移动互联网","positionId":1087767,"approve":0,"createTime":"2016-08-29 15:52:18","positionAdvantage":"亿级用户，每年涨薪升职级！福利多多！","district":"海淀区","companyShortName":"新浪微博","companyLabelList":["年底双薪","专项奖金","股票期权","五险一金"],"score":0,"companySize":"2000人以上","adWord":0},{"companyId":47893,"businessZones":null,"imState":"disabled","lastLogin":1472519148000,"publisherId":1312797,"explain":null,"plus":null,"pcShow":0,"appShow":0,"deliver":0,"gradeDescription":null,"companyFullName":"北京极视科技有限公司","formatCreateTime":"1天前发布","positionName":"iOS开发","workYear":"3-5年","education":"本科","jobNature":"全职","companyLogo":"image1/M00/09/08/CgYXBlTZo0WAWSFcAABQ9yAIRqY085.png","salary":"12k-15k","city":"北京","financeStage":"初创型(未融资)","industryField":"移动互联网","positionId":2300365,"approve":0,"createTime":"2016-08-29 15:51:29","positionAdvantage":"扁平化管理，软妹子多，老板人超好","district":null,"companyShortName":"极视","companyLabelList":["技能培训","年底双薪","节日礼物","绩效奖金"],"score":0,"companySize":"少于15人","adWord":0}]}}}