{"msg":null,"resubmitToken":null,"success":true,"requestId":null,"content":{"pageNo":20,"pageSize":15,"positionResult":{"totalCount":974,"resultSize":15,"locationInfo":{"city":"北京","district":null,"locationCode":null,"businessZone":null,"queryByGisCode":false},"queryAnalysisInfo":{"positionName":"ios","companyName":null,"usefulCompany":false,"industryName":null},"strategyProperty":{"name":"dm-csearch-newSimScorer","id":1},"result":[{"companyId":25021,"formatCreateTime":"2016-08-26","score":0,"positionId":475059,"positionName":"iOS高级工程师","createTime":"2016-08-26 11:11:58","positionAdvantage":"亿级用户量APP，平台好","salary":"16k-30k","approve":0,"workYear":"3-5年","education":"本科","city":"北京","companyLogo":"image1/M00/2A/10/Cgo8PFVpRQWAIyMQAABwOlPdDJ4570.png","jobNature":"全职","industryField":"移动互联网,社交网络","companyShortName":"新浪微博","financeStage":"上市公司","companySize":"2000人以上","companyLabelList":["技能培训","股票期权","带薪年假","绩效奖金"],"district":"海淀区","businessZones":["北京大学","中关村","苏州街"],"imState":"today","lastLogin":1472525947000,"publisherId":1347334,"explain":null,"plus":null,"pcShow":0,"appShow":0,"deliver":0,"gradeDescription":null,"companyFullName":"新浪微博","adWord":0},{"companyId":114110,"formatCreateTime":"2016-08-26","score":0,"positionId":2226052,"positionName":"iOS高级开发工程师","createTime":"2016-08-26 10:20:45","positionAdvantage":"6险一金，乐视控股全员持股，工作环境好","salary":"25k-35k","approve":1,"workYear":"5-10年","education":"本科","city":"北京","companyLogo":"i/image/M00/04/2B/Cgp3O1bGwzWAEAB4AAAbnMQCudk783.jpg","jobNature":"全职","industryField":"移动互联网","companyShortName":"乐视","financeStage":"上市公司","companySize":"2000人以上","companyLabelList":["股票期权","交通补助","通讯津贴","带薪年假"],"district":null,"businessZones":null,"imState":"disabled","lastLogin":1472547909000,"publisherId":5372318,"explain":null,"plus":null,"pcShow":0,"appShow":0,"deliver":0,"gradeDescription":null,"companyFullName":"乐视网信息技术（北京）股份有限公司","adWord":0},{"companyId":83603,"formatCreateTime":"2016-08-26","score":0,"positionId":2148281,"positionName":"iOS开发工程师","createTime":"2016-08-26 09:44:42","positionAdvantage":"弹性工作、六险一金、带薪年假、健身娱乐","salary":"20k-40k","approve":0,"workYear":"3-5年","education":"本科","city":"北京","companyLogo":"image1/M00/39/98/CgYXBlWqDtGAJ_lMAAB6TOF44o0206.png?cc=0.3526175271254033","jobNature":"全职","industryField":"移动互联网","companyShortName":"云城思创","financeStage":"成长型(不需要融资)","companySize":"50-150人","companyLabelList":["年底双薪","专项奖金","带薪年假","绩效奖金"],"district":"海淀区","businessZones":["中关村","双榆树","双安"],"imState":"today","lastLogin":1472548212000,"publisherId":2135876,"explain":null,"plus":null,"pcShow":0,"appShow":0,"deliver":0,"gradeDescription":null,"companyFullName":"北京云城思创咨询有限责任公司","adWord":0},{"companyId":107423,"formatCreateTime":"2016-08-26","score":0,"positionId":2257843,"positionName":"高级IOS开发工程师","createTime":"2016-08-26 09:40:39","positionAdvantage":"最高19薪 高速发展公司，学习型团队","salary":"20k-30k","approve":0,"workYear":"3-5年","education":"本科","city":"北京","companyLogo":"i/image/M00/0B/AE/Cgp3O1bWYyOAQo96AAC1TQO-4Cg541.jpg","jobNature":"全职","industryField":"O2O","companyShortName":"瓜子二手车直卖网","financeStage":"成长型(A轮)","companySize":"2000人以上","companyLabelList":["带薪年假","弹性工作","免费班车","美女多"],"district":null,"businessZones":null,"imState":"overSevenDays","lastLogin":1467340722000,"publisherId":1831262,"explain":null,"plus":null,"pcShow":0,"appShow":0,"deliver":0,"gradeDescription":null,"companyFullName":"车好多旧机动车经纪(北京)有限公司","adWord":0},{"companyId":102605,"formatCreateTime":"2016-08-26","score":0,"positionId":1616406,"positionName":"高级iOS开发（项目负责）","createTime":"2016-08-26 09:39:31","positionAdvantage":"高平台、高要求、高待遇","salary":"20k-40k","approve":1,"workYear":"5-10年","education":"大专","city":"北京","companyLogo":"image2/M00/0F/F5/CgqLKVYsMO6AWkdMAAAW3DxxGjA768.jpg?cc=0.6292606545612216","jobNature":"全职","industryField":"移动互联网,旅游","companyShortName":"携程网","financeStage":"成熟型(不需要融资)","companySize":"2000人以上","companyLabelList":["年底双薪","绩效奖金","扁平管理","领导好"],"district":"海淀区","businessZones":["中关村","北京大学","五道口","中关村","北京大学","五道口"],"imState":"disabled","lastLogin":1471488035000,"publisherId":2966957,"explain":null,"plus":null,"pcShow":0,"appShow":0,"deliver":0,"gradeDescription":null,"companyFullName":"携程计算机技术（上海）有限公司","adWord":0},{"companyId":132985,"formatCreateTime":"2016-08-26","score":0,"positionId":2200405,"positionName":"iOS开发工程师","createTime":"2016-08-26 09:36:21","positionAdvantage":"高成长性跨国公司 ，创业活力团队","salary":"15k-20k","approve":0,"workYear":"3-5年","education":"本科","city":"北京","companyLogo":"i/image/M00/33/4E/CgqKkVdRFdGALrADAABcoZWG_zo934.jpg","jobNature":"全职","industryField":"企业服务,O2O","companyShortName":"全球创业者的国度","financeStage":"成长型(不需要融资)","companySize":"150-500人","companyLabelList":["定期体检","节日礼物","扁平管理","五险一金"],"district":null,"businessZones":null,"imState":"disabled","lastLogin":1472520086000,"publisherId":5256225,"explain":null,"plus":null,"pcShow":0,"appShow":0,"deliver":0,"gradeDescription":null,"companyFullName":"太库科技创业发展有限有限公司","adWord":0},{"companyId":9581,"formatCreateTime":"2016-08-26","score":0,"positionId":2222907,"positionName":"高级iOS开发工程师","createTime":"2016-08-26 09:34:58","positionAdvantage":"大平台 领导nice 扁平化管理","salary":"20k-40k","approve":1,"workYear":"5-10年","education":"本科","city":"北京","companyLogo":"i/image/M00/24/2E/Cgp3O1cZt7OAMbPiAAAL3I-dHfw256.jpg","jobNature":"全职","industryField":"电子商务,教育","companyShortName":"雄鹰教育(雄鹰移动)","financeStage":"成长型(B轮)","companySize":"50-150人","companyLabelList":["年终分红","绩效奖金","股票期权","五险一金"],"district":null,"businessZones":null,"imState":"sevenDays","lastLogin":1472000924000,"publisherId":4875631,"explain":null,"plus":null,"pcShow":0,"appShow":0,"deliver":0,"gradeDescription":null,"companyFullName":"北京雄鹰教育科技有限公司","adWord":0},{"companyId":27931,"formatCreateTime":"2016-08-26","score":0,"positionId":2238120,"positionName":"高级iOS开发工程师","createTime":"2016-08-26 09:34:08","positionAdvantage":"期权激励；年终奖金；晋升空间大","salary":"10k-20k","approve":1,"workYear":"3-5年","education":"本科","city":"北京","companyLogo":"image1/M00/00/3C/CgYXBlTUXLaAVIa-AABhCJt3cic571.jpg","jobNature":"全职","industryField":"社交网络,金融","companyShortName":"阿拉丁控股集团","financeStage":"成长型(不需要融资)","companySize":"150-500人","companyLabelList":["年底双薪","股票期权","专项奖金","带薪年假"],"district":"朝阳区","businessZones":["大望路","华贸","四惠"],"imState":"today","lastLogin":1472541181000,"publisherId":362984,"explain":null,"plus":null,"pcShow":0,"appShow":0,"deliver":0,"gradeDescription":null,"companyFullName":"阿拉丁控股集团有限公司","adWord":0},{"companyId":250,"formatCreateTime":"2016-08-26","score":0,"positionId":1473948,"positionName":"iOS实战教练（作业批改）","createTime":"2016-08-26 09:26:21","positionAdvantage":"工作灵活 待遇丰厚","salary":"4k-6k","approve":1,"workYear":"1-3年","education":"不限","city":"北京","companyLogo":"image1/M00/16/BE/Cgo8PFUPkIaAPwLBAABWOrJqLZ4007.jpg","jobNature":"兼职","industryField":"移动互联网","companyShortName":"极客学院","financeStage":"成长型(B轮)","companySize":"50-150人","companyLabelList":["节日礼物","技能培训","MAC办公","免费体检"],"district":"海淀区","businessZones":["上地","马连洼","西二旗","上地","马连洼","西二旗"],"imState":"today","lastLogin":1472562974000,"publisherId":1569243,"explain":null,"plus":null,"pcShow":0,"appShow":0,"deliver":0,"gradeDescription":null,"companyFullName":"北京易联致远无线技术有限公司（EOE-最大的android社区）","adWord":0},{"companyId":1686,"formatCreateTime":"2016-08-26","score":0,"positionId":2175268,"positionName":"资深iOS开发工程师","createTime":"2016-08-26 09:20:12","positionAdvantage":"技术氛围好 发展空间大 12天年假 六险一金","salary":"25k-35k","approve":1,"workYear":"3-5年","education":"本科","city":"北京","companyLogo":"image1/M00/00/06/Cgo8PFTUWAaAbD7PAACAXTzCmiw113.jpg","jobNature":"全职","industryField":"广告营销,文化娱乐","companyShortName":"爱奇艺","financeStage":"成熟型(D轮及以上)","companySize":"2000人以上","companyLabelList":["绩效奖金","五险一金","交通补助","带薪年假"],"district":"海淀区","businessZones":["中关村","北京大学","苏州街"],"imState":"today","lastLogin":1472540487000,"publisherId":2278796,"explain":null,"plus":null,"pcShow":0,"appShow":0,"deliver":0,"gradeDescription":null,"companyFullName":"北京爱奇艺科技有限公司","adWord":0},{"companyId":3024,"formatCreateTime":"2016-08-26","score":0,"positionId":12206,"positionName":"高级iOS工程师","createTime":"2016-08-26 09:15:20","positionAdvantage":"自由、宽松的氛围，待遇好，核心业务","salary":"15k-30k","approve":1,"workYear":"1-3年","education":"本科","city":"北京","companyLogo":"image1/M00/00/08/Cgo8PFTUWA-AYcnUAABB_gnb7AE964.jpg","jobNature":"全职","industryField":"移动互联网,电子商务","companyShortName":"第一车网","financeStage":"成长型(B轮)","companySize":"150-500人","companyLabelList":["技能培训","自由空间","带薪年假","岗位晋升"],"district":"东城区","businessZones":["海运仓","东直门","东四"],"imState":"today","lastLogin":1472535974000,"publisherId":28434,"explain":null,"plus":null,"pcShow":0,"appShow":0,"deliver":0,"gradeDescription":null,"companyFullName":"北京爱车科技有限公司","adWord":0},{"companyId":28818,"formatCreateTime":"2016-08-26","score":0,"positionId":2248177,"positionName":"IOS高级开发工程师","createTime":"2016-08-26 08:55:32","positionAdvantage":"扁平、上市公司、福利NICE、团队NICE","salary":"15k-25k","approve":1,"workYear":"3-5年","education":"本科","city":"北京","companyLogo":"image1/M00/00/3F/CgYXBlTUXMOADN_rAADQYzTeBQE385.jpg","jobNature":"全职","industryField":"移动互联网,企业服务","companyShortName":"畅捷通","financeStage":"上市公司","companySize":"500-2000人","companyLabelList":["技能培训","节日礼物","绩效奖金","岗位晋升"],"district":null,"businessZones":null,"imState":"threeDays","lastLogin":1472470990000,"publisherId":5523219,"explain":null,"plus":null,"pcShow":0,"appShow":0,"deliver":0,"gradeDescription":null,"companyFullName":"畅捷通信息技术股份有限公司","adWord":0},{"companyId":57455,"formatCreateTime":"2016-08-26","score":0,"positionId":510482,"positionName":"iOS开发工程师","createTime":"2016-08-26 08:54:31","positionAdvantage":"扁平管理，发展空间大。","salary":"20k-40k","approve":0,"workYear":"3-5年","education":"大专","city":"北京","companyLogo":"i/image/M00/03/46/CgqKkVayscOAOKODAAGw-YcGT0Y311.png","jobNature":"全职","industryField":"移动互联网","companyShortName":"云聚汇","financeStage":"成长型(A轮)","companySize":"50-150人","companyLabelList":["绩效奖金","弹性工作","帅哥多","美女多"],"district":"朝阳区","businessZones":["望京","花家地","来广营"],"imState":"today","lastLogin":1472546886000,"publisherId":1447573,"explain":null,"plus":null,"pcShow":0,"appShow":0,"deliver":0,"gradeDescription":null,"companyFullName":"深圳云聚汇数码有限公司","adWord":0},{"companyId":125271,"formatCreateTime":"2016-08-25","score":0,"positionId":2290675,"positionName":"iOS","createTime":"2016-08-25 22:27:10","positionAdvantage":"无限发挥 出国旅游","salary":"10k-20k","approve":0,"workYear":"1-3年","education":"大专","city":"北京","companyLogo":"i/image/M00/21/B5/Cgp3O1cSW4qAOa3kAAApQVQNu7s389.jpg","jobNature":"全职","industryField":"移动互联网,电子商务","companyShortName":"超创科技","financeStage":"初创型(未融资)","companySize":"少于15人","companyLabelList":["年底双薪","绩效奖金","技能培训","节日红包"],"district":"延庆区","businessZones":["永宁"],"imState":"disabled","lastLogin":1472542122000,"publisherId":5995003,"explain":null,"plus":null,"pcShow":0,"appShow":0,"deliver":0,"gradeDescription":null,"companyFullName":"南昌超创科技有限责任公司","adWord":0},{"companyId":145765,"formatCreateTime":"2016-08-25","score":0,"positionId":2290637,"positionName":"苹果App试用员","createTime":"2016-08-25 21:53:48","positionAdvantage":"自由 平等","salary":"5k-10k","approve":0,"workYear":"不限","education":"不限","city":"北京","companyLogo":"i/image/M00/53/84/Cgp3O1e-7ZiAYbLnAAAZrRXgHF8841.jpg","jobNature":"兼职","industryField":"其他,金融","companyShortName":"惠信","financeStage":"初创型(不需要融资)","companySize":"少于15人","companyLabelList":null,"district":"西城区","businessZones":["珠市口","天桥","前门"],"imState":"disabled","lastLogin":1472541621000,"publisherId":5992928,"explain":null,"plus":null,"pcShow":0,"appShow":0,"deliver":0,"gradeDescription":null,"companyFullName":"泉州市惠信代理记帐事务所","adWord":0}]}},"code":0}