{"success":true,"requestId":null,"msg":null,"resubmitToken":null,"content":{"pageNo":65,"pageSize":15,"positionResult":{"resultSize":14,"totalCount":974,"locationInfo":{"city":"北京","district":null,"queryByGisCode":false,"locationCode":null,"businessZone":null},"queryAnalysisInfo":{"positionName":"ios","companyName":null,"usefulCompany":false,"industryName":null},"strategyProperty":{"name":"dm-csearch-newSimScorer","id":1},"result":[{"createTime":"2016-08-23 14:52:26","formatCreateTime":"2016-08-23","companyId":59251,"positionName":"iOS开发工程师","workYear":"1-3年","education":"本科","jobNature":"全职","companyShortName":"映客直播","city":"北京","salary":"15k-20k","financeStage":"成长型(B轮)","positionId":2000141,"companyLogo":"i/image/M00/08/49/Cgp3O1bPycGAMj0hAAAgshBCvv4840.jpg","positionAdvantage":"颠覆传统娱乐社交方式——映客直播","approve":1,"district":null,"score":0,"companyLabelList":["年底双薪","专项奖金","股票期权","带薪年假"],"industryField":"移动互联网,文化娱乐","companySize":"500-2000人","imState":"today","lastLogin":1472559160000,"publisherId":1467174,"explain":null,"plus":null,"pcShow":0,"appShow":0,"deliver":0,"gradeDescription":null,"businessZones":null,"companyFullName":"北京蜜莱坞网络科技有限公司","adWord":0},{"createTime":"2016-08-17 16:59:21","formatCreateTime":"2016-08-17","companyId":50702,"positionName":"iOS高级开发/技术专家","workYear":"5-10年","education":"本科","jobNature":"全职","companyShortName":"美团点评","city":"北京","salary":"30k-45k","financeStage":"成熟型(D轮及以上)","positionId":2114863,"companyLogo":"i/image/M00/4B/6C/CgqKkVefHv-AFoRzAAAuALF7ZZ0419.png","positionAdvantage":"核心业务部门，用户量庞大","approve":1,"district":"朝阳区","score":0,"companyLabelList":["技能培训","绩效奖金","岗位晋升","领导好"],"industryField":"移动互联网,O2O","companySize":"2000人以上","imState":"disabled","lastLogin":1472548516000,"publisherId":5569850,"explain":null,"plus":null,"pcShow":0,"appShow":0,"deliver":0,"gradeDescription":null,"businessZones":["大山子","望京","酒仙桥"],"companyFullName":"北京三快在线科技有限公司","adWord":0},{"createTime":"2016-08-17 16:59:13","formatCreateTime":"2016-08-17","companyId":50702,"positionName":"iOS高级开发/技术专家","workYear":"5-10年","education":"本科","jobNature":"全职","companyShortName":"美团点评","city":"北京","salary":"30k-45k","financeStage":"成熟型(D轮及以上)","positionId":2115197,"companyLogo":"i/image/M00/4B/6C/CgqKkVefHv-AFoRzAAAuALF7ZZ0419.png","positionAdvantage":"核心业务部门，用户量庞大","approve":1,"district":"朝阳区","score":0,"companyLabelList":["技能培训","绩效奖金","岗位晋升","领导好"],"industryField":"移动互联网,O2O","companySize":"2000人以上","imState":"disabled","lastLogin":1472548516000,"publisherId":5569850,"explain":null,"plus":null,"pcShow":0,"appShow":0,"deliver":0,"gradeDescription":null,"businessZones":["大山子","望京","酒仙桥"],"companyFullName":"北京三快在线科技有限公司","adWord":0},{"createTime":"2016-08-14 12:19:54","formatCreateTime":"2016-08-14","companyId":50702,"positionName":"iOS","workYear":"3-5年","education":"本科","jobNature":"全职","companyShortName":"美团点评","city":"北京","salary":"15k-30k","financeStage":"成熟型(D轮及以上)","positionId":2234944,"companyLogo":"i/image/M00/4B/6C/CgqKkVefHv-AFoRzAAAuALF7ZZ0419.png","positionAdvantage":"核心部门，平台大，待遇优，发展空间大","approve":1,"district":"朝阳区","score":0,"companyLabelList":["技能培训","绩效奖金","岗位晋升","领导好"],"industryField":"移动互联网,O2O","companySize":"2000人以上","imState":"today","lastLogin":1472555393000,"publisherId":1504547,"explain":null,"plus":null,"pcShow":0,"appShow":0,"deliver":0,"gradeDescription":null,"businessZones":["望京","来广营"],"companyFullName":"北京三快在线科技有限公司","adWord":0},{"createTime":"2016-08-12 18:10:00","formatCreateTime":"2016-08-12","companyId":50702,"positionName":"iOS开发工程师","workYear":"1-3年","education":"本科","jobNature":"全职","companyShortName":"美团点评","city":"北京","salary":"15k-30k","financeStage":"成熟型(D轮及以上)","positionId":2233194,"companyLogo":"i/image/M00/4B/6C/CgqKkVefHv-AFoRzAAAuALF7ZZ0419.png","positionAdvantage":"核心部门，平台大，待遇优，发展空间大","approve":1,"district":"朝阳区","score":0,"companyLabelList":["技能培训","绩效奖金","岗位晋升","领导好"],"industryField":"移动互联网,O2O","companySize":"2000人以上","imState":"today","lastLogin":1472555393000,"publisherId":1504547,"explain":null,"plus":null,"pcShow":0,"appShow":0,"deliver":0,"gradeDescription":null,"businessZones":["望京","来广营"],"companyFullName":"北京三快在线科技有限公司","adWord":0},{"createTime":"2016-08-11 14:15:14","formatCreateTime":"2016-08-11","companyId":50702,"positionName":"美团外卖配送-高级iOS开发工程师","workYear":"不限","education":"不限","jobNature":"全职","companyShortName":"美团点评","city":"北京","salary":"25k-45k","financeStage":"成熟型(D轮及以上)","positionId":2182979,"companyLogo":"i/image/M00/4B/6C/CgqKkVefHv-AFoRzAAAuALF7ZZ0419.png","positionAdvantage":"重点部门，核心业务，最佳发展平台","approve":1,"district":"朝阳区","score":0,"companyLabelList":["技能培训","绩效奖金","岗位晋升","领导好"],"industryField":"移动互联网,O2O","companySize":"2000人以上","imState":"today","lastLogin":1472553536000,"publisherId":4699364,"explain":null,"plus":null,"pcShow":0,"appShow":0,"deliver":0,"gradeDescription":null,"businessZones":null,"companyFullName":"北京三快在线科技有限公司","adWord":0},{"createTime":"2016-08-11 14:06:00","formatCreateTime":"2016-08-11","companyId":50702,"positionName":"高级iOS工程师、IOS技术专家","workYear":"1-3年","education":"不限","jobNature":"全职","companyShortName":"美团点评","city":"北京","salary":"20k-40k","financeStage":"成熟型(D轮及以上)","positionId":2189047,"companyLogo":"i/image/M00/4B/6C/CgqKkVefHv-AFoRzAAAuALF7ZZ0419.png","positionAdvantage":"核心业务，空间大，挑战大","approve":1,"district":"朝阳区","score":0,"companyLabelList":["技能培训","绩效奖金","岗位晋升","领导好"],"industryField":"移动互联网,O2O","companySize":"2000人以上","imState":"today","lastLogin":1472553536000,"publisherId":4699364,"explain":null,"plus":null,"pcShow":0,"appShow":0,"deliver":0,"gradeDescription":null,"businessZones":null,"companyFullName":"北京三快在线科技有限公司","adWord":0},{"createTime":"2016-08-09 18:17:55","formatCreateTime":"2016-08-09","companyId":50702,"positionName":"iOS","workYear":"1-3年","education":"本科","jobNature":"全职","companyShortName":"美团点评","city":"北京","salary":"15k-30k","financeStage":"成熟型(D轮及以上)","positionId":2216100,"companyLogo":"i/image/M00/4B/6C/CgqKkVefHv-AFoRzAAAuALF7ZZ0419.png","positionAdvantage":"核心部门，平台大，待遇优，发展空间大","approve":1,"district":"朝阳区","score":0,"companyLabelList":["技能培训","绩效奖金","岗位晋升","领导好"],"industryField":"移动互联网,O2O","companySize":"2000人以上","imState":"today","lastLogin":1472555393000,"publisherId":1504547,"explain":null,"plus":null,"pcShow":0,"appShow":0,"deliver":0,"gradeDescription":null,"businessZones":["望京","来广营"],"companyFullName":"北京三快在线科技有限公司","adWord":0},{"createTime":"2016-08-08 19:52:46","formatCreateTime":"2016-08-08","companyId":50702,"positionName":"iOS工程师","workYear":"不限","education":"不限","jobNature":"全职","companyShortName":"美团点评","city":"北京","salary":"15k-30k","financeStage":"成熟型(D轮及以上)","positionId":2201988,"companyLogo":"i/image/M00/4B/6C/CgqKkVefHv-AFoRzAAAuALF7ZZ0419.png","positionAdvantage":"核心部门，平台大，待遇优，发展空间大","approve":1,"district":"朝阳区","score":0,"companyLabelList":["技能培训","绩效奖金","岗位晋升","领导好"],"industryField":"移动互联网,O2O","companySize":"2000人以上","imState":"today","lastLogin":1472553536000,"publisherId":4699364,"explain":null,"plus":null,"pcShow":0,"appShow":0,"deliver":0,"gradeDescription":null,"businessZones":null,"companyFullName":"北京三快在线科技有限公司","adWord":0},{"createTime":"2016-08-08 15:38:19","formatCreateTime":"2016-08-08","companyId":50702,"positionName":"高级测试工程师（Android/iOS应用测试开发）","workYear":"1-3年","education":"本科","jobNature":"全职","companyShortName":"美团点评","city":"北京","salary":"15k-25k","financeStage":"成熟型(D轮及以上)","positionId":2208427,"companyLogo":"i/image/M00/4B/6C/CgqKkVefHv-AFoRzAAAuALF7ZZ0419.png","positionAdvantage":"绩效奖金、带薪年假、快速成长、技术氛围","approve":1,"district":"朝阳区","score":0,"companyLabelList":["技能培训","绩效奖金","岗位晋升","领导好"],"industryField":"移动互联网,O2O","companySize":"2000人以上","imState":"today","lastLogin":1472537248000,"publisherId":5261209,"explain":null,"plus":null,"pcShow":0,"appShow":0,"deliver":0,"gradeDescription":null,"businessZones":["望京","大山子","花家地"],"companyFullName":"北京三快在线科技有限公司","adWord":0},{"createTime":"2016-08-08 10:37:25","formatCreateTime":"2016-08-08","companyId":50702,"positionName":"资深ios高级开发","workYear":"3-5年","education":"不限","jobNature":"全职","companyShortName":"美团点评","city":"北京","salary":"30k-45k","financeStage":"成熟型(D轮及以上)","positionId":2199544,"companyLogo":"i/image/M00/4B/6C/CgqKkVefHv-AFoRzAAAuALF7ZZ0419.png","positionAdvantage":"牛逼的小伙伴，最核心的技术团队，最丰富的","approve":1,"district":"朝阳区","score":0,"companyLabelList":["技能培训","绩效奖金","岗位晋升","领导好"],"industryField":"移动互联网,O2O","companySize":"2000人以上","imState":"today","lastLogin":1472553536000,"publisherId":4699364,"explain":null,"plus":null,"pcShow":0,"appShow":0,"deliver":0,"gradeDescription":null,"businessZones":null,"companyFullName":"北京三快在线科技有限公司","adWord":0},{"createTime":"2016-07-31 22:09:36","formatCreateTime":"2016-07-31","companyId":50702,"positionName":"iOS资深开发/技术专家","workYear":"3-5年","education":"本科","jobNature":"全职","companyShortName":"美团点评","city":"北京","salary":"20k-40k","financeStage":"成熟型(D轮及以上)","positionId":2068379,"companyLogo":"i/image/M00/4B/6C/CgqKkVefHv-AFoRzAAAuALF7ZZ0419.png","positionAdvantage":"干活跟玩儿一样，但就是够牛逼","approve":1,"district":null,"score":0,"companyLabelList":["技能培训","绩效奖金","岗位晋升","领导好"],"industryField":"移动互联网,O2O","companySize":"2000人以上","imState":"disabled","lastLogin":1470620420000,"publisherId":1530284,"explain":null,"plus":null,"pcShow":0,"appShow":0,"deliver":0,"gradeDescription":null,"businessZones":null,"companyFullName":"北京三快在线科技有限公司","adWord":0},{"createTime":"2016-07-31 22:08:58","formatCreateTime":"2016-07-31","companyId":50702,"positionName":"iOS高级开发/技术专家","workYear":"3-5年","education":"本科","jobNature":"全职","companyShortName":"美团点评","city":"北京","salary":"25k-50k","financeStage":"成熟型(D轮及以上)","positionId":2068375,"companyLogo":"i/image/M00/4B/6C/CgqKkVefHv-AFoRzAAAuALF7ZZ0419.png","positionAdvantage":"干活跟玩儿一样，但就是够牛逼","approve":1,"district":null,"score":0,"companyLabelList":["技能培训","绩效奖金","岗位晋升","领导好"],"industryField":"移动互联网,O2O","companySize":"2000人以上","imState":"disabled","lastLogin":1470620420000,"publisherId":1530284,"explain":null,"plus":null,"pcShow":0,"appShow":0,"deliver":0,"gradeDescription":null,"businessZones":null,"companyFullName":"北京三快在线科技有限公司","adWord":0},{"createTime":"2016-07-29 17:04:11","formatCreateTime":"2016-07-29","companyId":50702,"positionName":"高级QA工程师/测试主管（Android/iOS应用测试）","workYear":"3-5年","education":"本科","jobNature":"全职","companyShortName":"美团点评","city":"北京","salary":"15k-30k","financeStage":"成熟型(D轮及以上)","positionId":2079095,"companyLogo":"i/image/M00/4B/6C/CgqKkVefHv-AFoRzAAAuALF7ZZ0419.png","positionAdvantage":"福利待遇、公司前景","approve":1,"district":"朝阳区","score":0,"companyLabelList":["技能培训","绩效奖金","岗位晋升","领导好"],"industryField":"移动互联网,O2O","companySize":"2000人以上","imState":"overSevenDays","lastLogin":1471189053000,"publisherId":5042468,"explain":null,"plus":null,"pcShow":0,"appShow":0,"deliver":0,"gradeDescription":null,"businessZones":["望京","来广营"],"companyFullName":"北京三快在线科技有限公司","adWord":0}]}},"code":0}