{"success":true,"requestId":null,"msg":null,"resubmitToken":null,"content":{"pageNo":34,"pageSize":15,"positionResult":{"totalCount":974,"resultSize":15,"locationInfo":{"city":"北京","district":null,"queryByGisCode":false,"businessZone":null,"locationCode":null},"queryAnalysisInfo":{"positionName":"ios","companyName":null,"usefulCompany":false,"industryName":null},"strategyProperty":{"name":"dm-csearch-newSimScorer","id":1},"result":[{"companyId":104601,"companyShortName":"百度外卖","createTime":"2016-08-23 16:10:48","positionId":2038590,"positionAdvantage":"弹性工作；技术牛同事；同总部薪资待遇；","salary":"15k-30k","score":0,"workYear":"1-3年","education":"本科","city":"北京","positionName":"iOS高级开发工程师","companyLogo":"image2/M00/13/09/CgpzWlY5nAyATp-rAABoQyerlBE060.jpg?cc=0.10944942501373589","financeStage":"成长型(B轮)","industryField":"O2O,生活服务","jobNature":"全职","approve":0,"companySize":"500-2000人","district":"海淀区","companyLabelList":["带薪年假","岗位晋升","领导好","通讯津贴"],"adWord":0,"appShow":0,"deliver":0,"formatCreateTime":"2016-08-23","gradeDescription":null,"companyFullName":"百度外卖","businessZones":["上地","马连洼","西二旗"],"imState":"today","lastLogin":1472543586000,"publisherId":5519873,"explain":null,"plus":null,"pcShow":0},{"companyId":50604,"companyShortName":"roobo","createTime":"2016-08-23 15:19:57","positionId":739972,"positionAdvantage":"期权奖励，创业氛围，福利好，弹性上班","salary":"20k-40k","score":0,"workYear":"3-5年","education":"本科","city":"北京","positionName":"iOS高级研发工程师","companyLogo":"image1/M00/15/5F/Cgo8PFUKWS-AX_i9AAAzuotizOM181.png","financeStage":"成长型(A轮)","industryField":"硬件","jobNature":"全职","approve":1,"companySize":"150-500人","district":"朝阳区","companyLabelList":["年底双薪","节日礼物","技能培训","年度旅游"],"adWord":0,"appShow":0,"deliver":0,"formatCreateTime":"2016-08-23","gradeDescription":null,"companyFullName":"北京智能管家科技有限公司","businessZones":["立水桥"],"imState":"today","lastLogin":1472549584000,"publisherId":989716,"explain":null,"plus":null,"pcShow":0},{"companyId":50702,"companyShortName":"美团点评","createTime":"2016-08-23 14:14:52","positionId":2037859,"positionAdvantage":"核心技术团队，技术氛围浓厚，技术资源丰富","salary":"20k-40k","score":0,"workYear":"3-5年","education":"本科","city":"北京","positionName":"iOS高级开发/IOS技术专家","companyLogo":"i/image/M00/4B/6C/CgqKkVefHv-AFoRzAAAuALF7ZZ0419.png","financeStage":"成熟型(D轮及以上)","industryField":"移动互联网,O2O","jobNature":"全职","approve":1,"companySize":"2000人以上","district":"朝阳区","companyLabelList":["技能培训","绩效奖金","岗位晋升","领导好"],"adWord":0,"appShow":0,"deliver":0,"formatCreateTime":"2016-08-23","gradeDescription":null,"companyFullName":"北京三快在线科技有限公司","businessZones":["望京","大山子","花家地"],"imState":"disabled","lastLogin":1472527477000,"publisherId":2381265,"explain":null,"plus":null,"pcShow":0},{"companyId":37525,"companyShortName":"Oracleen","createTime":"2016-08-23 13:27:06","positionId":1910227,"positionAdvantage":"创业环境、团队氛围好、成长空间大","salary":"6k-10k","score":0,"workYear":"1-3年","education":"本科","city":"北京","positionName":"iOS开发工程师","companyLogo":"i/image/M00/22/24/CgqKkVcUXC-AEANtAAB-8AqEWEI754.png","financeStage":"初创型(天使轮)","industryField":"移动互联网,硬件","jobNature":"全职","approve":1,"companySize":"15-50人","district":"朝阳区","companyLabelList":["股票期权","弹性工作","节日礼物","领导好"],"adWord":0,"appShow":0,"deliver":0,"formatCreateTime":"2016-08-23","gradeDescription":null,"companyFullName":"爱芽（北京）科技有限公司","businessZones":["酒仙桥","将台路","大山子"],"imState":"today","lastLogin":1472549910000,"publisherId":1755467,"explain":null,"plus":null,"pcShow":0},{"companyId":64335,"companyShortName":"律师平台","createTime":"2016-08-23 13:19:29","positionId":1044291,"positionAdvantage":"晋升空间大、项目好、五险一金、期权","salary":"10k-20k","score":0,"workYear":"5-10年","education":"不限","city":"北京","positionName":"iOS","companyLogo":"image1/M00/2F/CD/CgYXBlWDoNKAIT-2AAAIKsswTDE076.png","financeStage":"成长型(A轮)","industryField":"移动互联网,文化娱乐","jobNature":"全职","approve":1,"companySize":"15-50人","district":"朝阳区","companyLabelList":["股票期权","岗位晋升","扁平管理","年终分红"],"adWord":0,"appShow":0,"deliver":0,"formatCreateTime":"2016-08-23","gradeDescription":null,"companyFullName":"华人律视（北京）科技股份有限公司","businessZones":null,"imState":"threeDays","lastLogin":1472463490000,"publisherId":1595895,"explain":null,"plus":null,"pcShow":0},{"companyId":4140,"companyShortName":"北京鲜柚科技有限公司","createTime":"2016-08-23 12:12:38","positionId":587717,"positionAdvantage":"上亿用户，年底双薪+奖金，技术高手","salary":"10k-20k","score":0,"workYear":"不限","education":"本科","city":"北京","positionName":"iOS研发工程师","companyLogo":"image1/M00/00/0A/CgYXBlTUWBaARuO2AACZo5tRlTw164.png","financeStage":"成长型(不需要融资)","industryField":"移动互联网,游戏","jobNature":"全职","approve":1,"companySize":"50-150人","district":"朝阳区","companyLabelList":["五险一金","年底双薪","节日礼物","年度旅游"],"adWord":0,"appShow":0,"deliver":0,"formatCreateTime":"2016-08-23","gradeDescription":null,"companyFullName":"北京鲜柚科技有限公司","businessZones":["北苑","来广营"],"imState":"today","lastLogin":1472547596000,"publisherId":40210,"explain":null,"plus":null,"pcShow":0},{"companyId":2298,"companyShortName":"汇中财富","createTime":"2016-08-23 12:00:58","positionId":2275473,"positionAdvantage":"五险一金，早九晚六","salary":"15k-25k","score":0,"workYear":"3-5年","education":"大专","city":"北京","positionName":"IOS研发工程师","companyLogo":"image1/M00/00/07/CgYXBlTUWAqAM4a7AABqVHJkFQo020.png","financeStage":"成熟型(不需要融资)","industryField":"金融","jobNature":"全职","approve":1,"companySize":"2000人以上","district":"通州区","companyLabelList":["节日礼物","股票期权","带薪年假","岗位晋升"],"adWord":0,"appShow":0,"deliver":0,"formatCreateTime":"2016-08-23","gradeDescription":null,"companyFullName":"汇中普惠财富投资管理（北京）有限公司","businessZones":null,"imState":"disabled","lastLogin":1472552270000,"publisherId":2031809,"explain":null,"plus":null,"pcShow":0},{"companyId":24561,"companyShortName":"国美在线","createTime":"2016-08-23 11:42:32","positionId":2210439,"positionAdvantage":"技术大牛,知名电商,核心职位","salary":"15k-30k","score":0,"workYear":"3-5年","education":"本科","city":"北京","positionName":"iOS高级开发工程师","companyLogo":"image1/M00/00/32/CgYXBlTUXIqAYCE1AABbkDS4YJQ606.jpg","financeStage":"上市公司","industryField":"电子商务","jobNature":"全职","approve":1,"companySize":"2000人以上","district":"朝阳区","companyLabelList":["节日礼物","年底双薪","绩效奖金","岗位晋升"],"adWord":0,"appShow":0,"deliver":0,"formatCreateTime":"2016-08-23","gradeDescription":null,"companyFullName":"国美在线电子商务有限公司","businessZones":["亮马桥","三元桥","燕莎"],"imState":"threeDays","lastLogin":1472463084000,"publisherId":3899919,"explain":null,"plus":null,"pcShow":0},{"companyId":114110,"companyShortName":"乐视","createTime":"2016-08-23 11:32:33","positionId":2224070,"positionAdvantage":"股票期权 绩效薪酬 五险一金","salary":"20k-30k","score":0,"workYear":"3-5年","education":"本科","city":"北京","positionName":"IOS SDK高级工程师","companyLogo":"i/image/M00/04/2B/Cgp3O1bGwzWAEAB4AAAbnMQCudk783.jpg","financeStage":"上市公司","industryField":"移动互联网","jobNature":"全职","approve":1,"companySize":"2000人以上","district":"朝阳区","companyLabelList":["股票期权","交通补助","通讯津贴","带薪年假"],"adWord":0,"appShow":0,"deliver":0,"formatCreateTime":"2016-08-23","gradeDescription":null,"companyFullName":"乐视网信息技术（北京）股份有限公司","businessZones":["石佛营","姚家园","十里堡"],"imState":"sevenDays","lastLogin":1472182209000,"publisherId":5060940,"explain":null,"plus":null,"pcShow":0},{"companyId":141318,"companyShortName":"云厚科技（北京）有限公司","createTime":"2016-08-23 11:14:17","positionId":2160196,"positionAdvantage":"六险一金","salary":"20k-30k","score":0,"workYear":"5-10年","education":"本科","city":"北京","positionName":"iOS高级研发工程师","companyLogo":"i/image/M00/4A/17/CgqKkVeZcMWAH-paAAAKDs9cdKA893.jpg","financeStage":"初创型(未融资)","industryField":"移动互联网,数据服务","jobNature":"全职","approve":0,"companySize":"50-150人","district":"朝阳区","companyLabelList":null,"adWord":0,"appShow":0,"deliver":0,"formatCreateTime":"2016-08-23","gradeDescription":null,"companyFullName":"云厚科技（北京）有限公司","businessZones":["望京","大山子","花家地"],"imState":"disabled","lastLogin":1472448994000,"publisherId":5776627,"explain":null,"plus":null,"pcShow":0},{"companyId":23770,"companyShortName":"ARTAND","createTime":"2016-08-23 11:02:54","positionId":130975,"positionAdvantage":"各种想不到的福利待遇","salary":"13k-25k","score":0,"workYear":"不限","education":"本科","city":"北京","positionName":"资深iOS工程师 / iOS研发总监","companyLogo":"image1/M00/00/2F/Cgo8PFTUXICAJbdWAAAziwrnht4765.jpg","financeStage":"初创型(天使轮)","industryField":"社交网络,文化娱乐","jobNature":"全职","approve":1,"companySize":"少于15人","district":"朝阳区","companyLabelList":["节日礼物","与艺术近距离","领导好","美女多"],"adWord":0,"appShow":0,"deliver":0,"formatCreateTime":"2016-08-23","gradeDescription":null,"companyFullName":"北京云艺互动科技有限公司","businessZones":["望京","大山子","花家地"],"imState":"today","lastLogin":1472526595000,"publisherId":279252,"explain":null,"plus":null,"pcShow":0},{"companyId":118360,"companyShortName":"秀我科技","createTime":"2016-08-23 10:59:32","positionId":2230671,"positionAdvantage":"项目好，平台好，团队氛围活跃","salary":"18k-28k","score":0,"workYear":"5-10年","education":"本科","city":"北京","positionName":"高级iOS开发工程师","companyLogo":"i/image/M00/17/C7/CgqKkVbyXb2Ae4QIAADSJhuHFJE048.png","financeStage":"成长型(A轮)","industryField":"移动互联网","jobNature":"全职","approve":0,"companySize":"50-150人","district":"朝阳区","companyLabelList":["股票期权","带薪年假","年底双薪"],"adWord":0,"appShow":0,"deliver":0,"formatCreateTime":"2016-08-23","gradeDescription":null,"companyFullName":"北京秀我科技有限公司","businessZones":["酒仙桥","大山子","将台路"],"imState":"disabled","lastLogin":1472441261000,"publisherId":4403973,"explain":null,"plus":null,"pcShow":0},{"companyId":3024,"companyShortName":"第一车网","createTime":"2016-08-23 10:48:25","positionId":1730556,"positionAdvantage":"自由、宽松的氛围，待遇好，核心业务","salary":"15k-30k","score":0,"workYear":"1-3年","education":"大专","city":"北京","positionName":"iOS","companyLogo":"image1/M00/00/08/Cgo8PFTUWA-AYcnUAABB_gnb7AE964.jpg","financeStage":"成长型(B轮)","industryField":"移动互联网,电子商务","jobNature":"全职","approve":1,"companySize":"150-500人","district":"东城区","companyLabelList":["技能培训","自由空间","带薪年假","岗位晋升"],"adWord":0,"appShow":0,"deliver":0,"formatCreateTime":"2016-08-23","gradeDescription":null,"companyFullName":"北京爱车科技有限公司","businessZones":["海运仓","东直门","东四"],"imState":"today","lastLogin":1472535974000,"publisherId":28434,"explain":null,"plus":null,"pcShow":0},{"companyId":37236,"companyShortName":"斗鱼TV","createTime":"2016-08-23 10:45:27","positionId":2010968,"positionAdvantage":"优厚的薪酬和绩效激励","salary":"3k-4k","score":0,"workYear":"应届毕业生","education":"本科","city":"北京","positionName":"iOS开发实习生","companyLogo":"image1/M00/1E/66/Cgo8PFUuJ7SAcErwAACtNjsgHHk099.jpg","financeStage":"成长型(B轮)","industryField":"移动互联网","jobNature":"全职","approve":1,"companySize":"500-2000人","district":"海淀区","companyLabelList":["技能培训","绩效奖金","年度旅游","管理规范"],"adWord":0,"appShow":0,"deliver":0,"formatCreateTime":"2016-08-23","gradeDescription":null,"companyFullName":"武汉斗鱼网络科技有限公司","businessZones":["五道口","学院路","北航"],"imState":"today","lastLogin":1472553248000,"publisherId":1544460,"explain":null,"plus":null,"pcShow":0},{"companyId":36861,"companyShortName":"好学网","createTime":"2016-08-23 10:39:51","positionId":2274556,"positionAdvantage":"五险一金,带薪年假,免费零食,扁平管理","salary":"10k-20k","score":0,"workYear":"1-3年","education":"本科","city":"北京","positionName":"iOS","companyLogo":"i/image/M00/0A/C1/CgqKkVbVBOSAOrnhAACoBuCbge4386.jpg","financeStage":"成长型(A轮)","industryField":"教育","jobNature":"全职","approve":0,"companySize":"15-50人","district":"海淀区","companyLabelList":["股票期权","带薪年假","绩效奖金","岗位晋升"],"adWord":0,"appShow":0,"deliver":0,"formatCreateTime":"2016-08-23","gradeDescription":null,"companyFullName":"精格网络科技（北京）有限公司","businessZones":["五道口","中关村","清华大学"],"imState":"today","lastLogin":1472527403000,"publisherId":648659,"explain":null,"plus":null,"pcShow":0}]}},"code":0}