{"success":true,"requestId":null,"resubmitToken":null,"msg":null,"content":{"pageNo":53,"pageSize":15,"positionResult":{"resultSize":15,"totalCount":974,"locationInfo":{"businessZone":null,"queryByGisCode":false,"locationCode":null,"city":"北京","district":null},"queryAnalysisInfo":{"industryName":null,"usefulCompany":false,"positionName":"ios","companyName":null},"strategyProperty":{"name":"dm-csearch-newSimScorer","id":1},"result":[{"formatCreateTime":"2016-08-02","createTime":"2016-08-02 09:11:41","companyId":62784,"positionName":"iOS工程师(央企)","education":"本科","city":"北京","positionId":2177890,"financeStage":"成长型(不需要融资)","companyShortName":"中电数据服务有限公司","companyLogo":"i/image/M00/17/29/CgqKkVbxBD6Ac0LVAABW9JEfO6o067.gif","salary":"10k-15k","industryField":"数据服务","district":"海淀区","companyLabelList":["股票期权","带薪年假","绩效奖金","岗位晋升"],"positionAdvantage":"央企，近地铁","jobNature":"全职","workYear":"3-5年","approve":1,"score":0,"companySize":"150-500人","businessZones":["学院路","北航"],"imState":"disabled","lastLogin":1472530867000,"publisherId":4129219,"explain":null,"plus":null,"pcShow":0,"appShow":0,"deliver":0,"gradeDescription":null,"companyFullName":"中电数据服务有限公司","adWord":0},{"formatCreateTime":"2016-08-02","createTime":"2016-08-02 01:06:24","companyId":108992,"positionName":"iOS工程师","education":"本科","city":"北京","positionId":2177771,"financeStage":"成长型(A轮)","companyShortName":"彩虹蜗牛","companyLogo":"i/image/M00/03/21/Cgp3O1aq02CAfoJiAAFwMjxfhNY765.jpg","salary":"10k-20k","industryField":"教育,电子商务","district":null,"companyLabelList":["年底双薪","领导nice","带薪年假","股票期权"],"positionAdvantage":"年底奖金，带薪休假，妹子多","jobNature":"全职","workYear":"1-3年","approve":0,"score":0,"companySize":"150-500人","businessZones":null,"imState":"today","lastLogin":1472526162000,"publisherId":3421534,"explain":null,"plus":null,"pcShow":0,"appShow":0,"deliver":0,"gradeDescription":null,"companyFullName":"天津彩虹蜗牛文化传播有限公司","adWord":0},{"formatCreateTime":"2016-08-01","createTime":"2016-08-01 22:33:09","companyId":126223,"positionName":"iOS","education":"不限","city":"北京","positionId":2061980,"financeStage":"初创型(未融资)","companyShortName":"北京我在彼岸科技有限公司","companyLogo":"i/image/M00/23/DA/CgqKkVcYisaAQqkHAAAQMjlR3c8584.png","salary":"5k-10k","industryField":"移动互联网,电子商务","district":"朝阳区","companyLabelList":null,"positionAdvantage":"成为公会的一员吧！","jobNature":"全职","workYear":"不限","approve":1,"score":0,"companySize":"15-50人","businessZones":["高碑店","定福庄","管庄"],"imState":"disabled","lastLogin":1472528057000,"publisherId":4878090,"explain":null,"plus":null,"pcShow":0,"appShow":0,"deliver":0,"gradeDescription":null,"companyFullName":"北京我在彼岸科技有限公司","adWord":0},{"formatCreateTime":"2016-08-01","createTime":"2016-08-01 21:43:12","companyId":1575,"positionName":"iOS安全工程师","education":"本科","city":"北京","positionId":2177656,"financeStage":"上市公司","companyShortName":"百度","companyLogo":"image1/M00/00/06/CgYXBlTUWAWAOBXrAABGHHFb0q8748.jpg","salary":"20k-38k","industryField":"移动互联网,数据服务","district":"海淀区","companyLabelList":["股票期权","弹性工作","五险一金","免费班车"],"positionAdvantage":"互联网金融创新的战场上寻找并肩前行的伙伴","jobNature":"全职","workYear":"3-5年","approve":1,"score":0,"companySize":"2000人以上","businessZones":["西北旺","马连洼"],"imState":"disabled","lastLogin":1470058097000,"publisherId":5811563,"explain":null,"plus":null,"pcShow":0,"appShow":0,"deliver":0,"gradeDescription":null,"companyFullName":"百度在线网络技术（北京）有限公司","adWord":0},{"formatCreateTime":"2016-08-01","createTime":"2016-08-01 17:17:10","companyId":56324,"positionName":"iOS","education":"本科","city":"北京","positionId":490778,"financeStage":"成长型(A轮)","companyShortName":"金佰桥","companyLogo":"image2/M00/04/2B/CgqLKVXw5AiANySxAAFnrXOirwg575.jpg","salary":"10k-20k","industryField":"移动互联网","district":"海淀区","companyLabelList":null,"positionAdvantage":"富有竞争力的薪资和股票期权，五险一金","jobNature":"全职","workYear":"3-5年","approve":0,"score":0,"companySize":"15-50人","businessZones":["五道口","清华大学"],"imState":"disabled","lastLogin":1470191123000,"publisherId":1417326,"explain":null,"plus":null,"pcShow":0,"appShow":0,"deliver":0,"gradeDescription":null,"companyFullName":"北京金佰桥科技有限公司","adWord":0},{"formatCreateTime":"2016-08-01","createTime":"2016-08-01 15:19:05","companyId":2226,"positionName":"iOS开发工程师","education":"不限","city":"北京","positionId":2175403,"financeStage":"成长型(B轮)","companyShortName":"好贷网","companyLogo":"image1/M00/00/07/Cgo8PFTUWAmALxBsABGw4KTmILo653.jpg","salary":"15k-20k","industryField":"金融","district":"东城区","companyLabelList":null,"positionAdvantage":"发展前景好，上升空间大，领导同事超nice","jobNature":"全职","workYear":"1-3年","approve":1,"score":0,"companySize":"150-500人","businessZones":["北新桥","交道口","东直门"],"imState":"overSevenDays","lastLogin":1471829207000,"publisherId":5003221,"explain":null,"plus":null,"pcShow":0,"appShow":0,"deliver":0,"gradeDescription":null,"companyFullName":"好贷天下信息技术（北京）有限公司","adWord":0},{"formatCreateTime":"2016-08-01","createTime":"2016-08-01 14:16:30","companyId":85628,"positionName":"iOS开发实习生","education":"本科","city":"北京","positionId":2123851,"financeStage":"初创型(天使轮)","companyShortName":"奇点浏览器","companyLogo":"i/image/M00/47/52/Cgp3O1ePH-GAa--XAAFu_JqRP4s759.png","salary":"3k-4k","industryField":"移动互联网,社交网络","district":"朝阳区","companyLabelList":["股票期权","扁平管理","帅哥多","领导好"],"positionAdvantage":"领导NICE|俯览UNIQLO","jobNature":"实习","workYear":"应届毕业生","approve":1,"score":0,"companySize":"少于15人","businessZones":["三里屯","工体","团结湖"],"imState":"threeDays","lastLogin":1472450821000,"publisherId":2193190,"explain":null,"plus":null,"pcShow":0,"appShow":0,"deliver":0,"gradeDescription":null,"companyFullName":"北京种瓜得瓜科技有限公司","adWord":0},{"formatCreateTime":"2016-08-01","createTime":"2016-08-01 11:43:28","companyId":3328,"positionName":"iOS研发工程师","education":"本科","city":"北京","positionId":2173805,"financeStage":"上市公司","companyShortName":"好未来","companyLogo":"image1/M00/00/09/Cgo8PFTUWBGALraJAAAeTBKK4IU791.png","salary":"20k-35k","industryField":"移动互联网,教育","district":"海淀区","companyLabelList":["上市公司","领军企业","五险一金","住福计划"],"positionAdvantage":"发展空间大 优秀团队 美国上市在线教育","jobNature":"全职","workYear":"3-5年","approve":1,"score":0,"companySize":"2000人以上","businessZones":["北京大学","中关村","苏州街"],"imState":"today","lastLogin":1472540447000,"publisherId":3914275,"explain":null,"plus":null,"pcShow":0,"appShow":0,"deliver":0,"gradeDescription":null,"companyFullName":"北京世纪好未来教育科技有限公司","adWord":0},{"formatCreateTime":"2016-08-01","createTime":"2016-08-01 11:27:22","companyId":23495,"positionName":"移动端Team Leader（Android+IOS）","education":"本科","city":"北京","positionId":1844091,"financeStage":"成熟型(不需要融资)","companyShortName":"乐富支付","companyLogo":"image2/M00/0C/AD/CgqLKVYc00OAHKXWAAAV63JhV0Q103.jpg","salary":"25k-40k","industryField":"金融,移动互联网","district":"朝阳区","companyLabelList":["专项奖金","绩效奖金","年度旅游","定期体检"],"positionAdvantage":"有竞争力的薪酬、优秀的团队、期权激励","jobNature":"全职","workYear":"5-10年","approve":1,"score":0,"companySize":"500-2000人","businessZones":null,"imState":"today","lastLogin":1472546995000,"publisherId":275449,"explain":null,"plus":null,"pcShow":0,"appShow":0,"deliver":0,"gradeDescription":null,"companyFullName":"乐富支付有限公司","adWord":0},{"formatCreateTime":"2016-08-01","createTime":"2016-08-01 11:12:25","companyId":21713,"positionName":"iOS","education":"大专","city":"北京","positionId":2173405,"financeStage":"初创型(未融资)","companyShortName":"祺讯","companyLogo":"image1/M00/00/28/Cgo8PFTUWI6AB2M-AAB9xJ0yam0196.jpg","salary":"12k-20k","industryField":"移动互联网,O2O","district":"朝阳区","companyLabelList":["五险一金","岗位晋升","技能培训","领导好"],"positionAdvantage":"上市公司 待遇优厚","jobNature":"全职","workYear":"3-5年","approve":0,"score":0,"companySize":"15-50人","businessZones":["大山子","酒仙桥"],"imState":"disabled","lastLogin":1470221084000,"publisherId":592423,"explain":null,"plus":null,"pcShow":0,"appShow":0,"deliver":0,"gradeDescription":null,"companyFullName":"北京祺讯在线科技有限公司","adWord":0},{"formatCreateTime":"2016-08-01","createTime":"2016-08-01 10:36:27","companyId":141418,"positionName":"IOS开发工程师","education":"本科","city":"北京","positionId":2172958,"financeStage":"初创型(未融资)","companyShortName":"北新网","companyLogo":"i/image/M00/4B/2A/CgqKkVeetG2AZ9KUAAA8__aCNBo788.png","salary":"7k-9k","industryField":"移动互联网,O2O","district":"通州区","companyLabelList":["午餐补助","定期体检","带薪年假"],"positionAdvantage":"O2O 电商平台 大型国企","jobNature":"全职","workYear":"1-3年","approve":0,"score":0,"companySize":"50-150人","businessZones":null,"imState":"today","lastLogin":1472521437000,"publisherId":5779802,"explain":null,"plus":null,"pcShow":0,"appShow":0,"deliver":0,"gradeDescription":null,"companyFullName":"北京北发电子商务股份有限公司","adWord":0},{"formatCreateTime":"2016-08-01","createTime":"2016-08-01 09:57:30","companyId":6774,"positionName":"iOS开发工程师","education":"本科","city":"北京","positionId":1231785,"financeStage":"成熟型(不需要融资)","companyShortName":"酷我音乐","companyLogo":"image1/M00/00/0E/CgYXBlTUWCaAd9kEAAC6HJLNsY8968.png","salary":"15k-25k","industryField":"移动互联网,文化娱乐","district":"朝阳区","companyLabelList":["绩效奖金","五险一金","带薪年假","午餐补助"],"positionAdvantage":"弹性工作时间","jobNature":"全职","workYear":"3-5年","approve":0,"score":0,"companySize":"500-2000人","businessZones":["大屯","奥运村","亚运村"],"imState":"today","lastLogin":1472523589000,"publisherId":79749,"explain":null,"plus":null,"pcShow":0,"appShow":0,"deliver":0,"gradeDescription":null,"companyFullName":"北京酷我科技有限公司","adWord":0},{"formatCreateTime":"2016-07-30","createTime":"2016-07-30 11:53:51","companyId":64093,"positionName":"iOS高级开发工程师","education":"大专","city":"北京","positionId":611461,"financeStage":"上市公司","companyShortName":"辣妈日记","companyLogo":"image1/M00/21/1F/Cgo8PFU6BqSAOXUxAACLThvjdk0777.png","salary":"15k-25k","industryField":"O2O,医疗健康","district":"朝阳区","companyLabelList":["股票期权","岗位晋升","扁平管理","午餐补助"],"positionAdvantage":"前景广阔","jobNature":"全职","workYear":"3-5年","approve":1,"score":0,"companySize":"500-2000人","businessZones":["奥运村","北沙滩","健翔桥"],"imState":"overSevenDays","lastLogin":1470375404000,"publisherId":1593303,"explain":null,"plus":null,"pcShow":0,"appShow":0,"deliver":0,"gradeDescription":null,"companyFullName":"北京众星汇聚科技有限公司","adWord":0},{"formatCreateTime":"2016-07-29","createTime":"2016-07-29 22:59:45","companyId":329,"positionName":"iOS","education":"硕士","city":"北京","positionId":2170073,"financeStage":"上市公司","companyShortName":"网易","companyLogo":"image1/M00/1C/DB/Cgo8PFUnbyyAOmwZAABKPABIzv8461.png","salary":"17k-34k","industryField":"数据服务,文化娱乐","district":"海淀区","companyLabelList":["节日礼物","技能培训","免费班车","带薪年假"],"positionAdvantage":"扁平化管理,免费班车,免费食堂,免费健身房","jobNature":"全职","workYear":"1-3年","approve":1,"score":0,"companySize":"2000人以上","businessZones":["西北旺","马连洼","上地"],"imState":"today","lastLogin":1472550109000,"publisherId":5792424,"explain":null,"plus":null,"pcShow":0,"appShow":0,"deliver":0,"gradeDescription":null,"companyFullName":"网之易信息技术（北京）有限公司","adWord":0},{"formatCreateTime":"2016-07-29","createTime":"2016-07-29 15:26:17","companyId":11547,"positionName":"移动端开发工程师（安卓、iOS开发）","education":"大专","city":"北京","positionId":1810096,"financeStage":"上市公司","companyShortName":"新浪SHOW","companyLogo":"image1/M00/00/17/Cgo8PFTUWEmAEGs6AABaC42NG78669.jpg","salary":"10k-15k","industryField":"社交网络,文化娱乐","district":"海淀区","companyLabelList":["年底双薪","专项奖金","五险一金","带薪年假"],"positionAdvantage":"六险一金、年度旅游、年度体检、每周健身","jobNature":"全职","workYear":"1-3年","approve":1,"score":0,"companySize":"150-500人","businessZones":["中关村","知春路","双榆树"],"imState":"today","lastLogin":1472550637000,"publisherId":146155,"explain":null,"plus":null,"pcShow":0,"appShow":0,"deliver":0,"gradeDescription":null,"companyFullName":"新秀动力文化传媒（北京）有限公司","adWord":0}]}},"code":0}