{"msg":null,"resubmitToken":null,"success":true,"requestId":null,"content":{"pageNo":28,"pageSize":15,"positionResult":{"totalCount":974,"resultSize":15,"locationInfo":{"city":"北京","district":null,"locationCode":null,"businessZone":null,"queryByGisCode":false},"queryAnalysisInfo":{"positionName":"ios","companyName":null,"usefulCompany":false,"industryName":null},"strategyProperty":{"name":"dm-csearch-newSimScorer","id":1},"result":[{"companyId":2474,"formatCreateTime":"2016-08-25","score":0,"positionId":2070614,"positionName":"iOS 高级工程师/架构师","createTime":"2016-08-25 12:49:02","positionAdvantage":"发展前景好","salary":"20k-30k","approve":0,"workYear":"3-5年","education":"本科","city":"北京","companyLogo":"i/image/M00/00/20/Cgp3O1YtmkSAZjX1AAA78knErXc273.jpg","jobNature":"全职","industryField":"移动互联网","companyShortName":"滴滴出行","financeStage":"成熟型(D轮及以上)","companySize":"500-2000人","companyLabelList":["弹性工作","节日礼物","岗位晋升","技能培训"],"district":"海淀区","businessZones":["上地","西二旗","马连洼"],"imState":"today","lastLogin":1472556596000,"publisherId":1837136,"explain":null,"plus":null,"pcShow":0,"appShow":0,"deliver":0,"gradeDescription":null,"companyFullName":"北京小桔科技有限公司","adWord":0},{"companyId":50702,"formatCreateTime":"2016-08-24","score":0,"positionId":2284031,"positionName":"iOS研发工程师","createTime":"2016-08-24 17:14:01","positionAdvantage":"大牛多、薪资福利优厚、15.5薪","salary":"18k-36k","approve":1,"workYear":"1-3年","education":"本科","city":"北京","companyLogo":"i/image/M00/4B/6C/CgqKkVefHv-AFoRzAAAuALF7ZZ0419.png","jobNature":"全职","industryField":"移动互联网,O2O","companyShortName":"美团点评","financeStage":"成熟型(D轮及以上)","companySize":"2000人以上","companyLabelList":["技能培训","绩效奖金","岗位晋升","领导好"],"district":"朝阳区","businessZones":["大山子","望京","酒仙桥"],"imState":"today","lastLogin":1472591860000,"publisherId":5980160,"explain":null,"plus":null,"pcShow":0,"appShow":0,"deliver":0,"gradeDescription":null,"companyFullName":"北京三快在线科技有限公司","adWord":0},{"companyId":1686,"formatCreateTime":"2016-08-24","score":0,"positionId":2175685,"positionName":"iOS开发主管","createTime":"2016-08-24 14:47:45","positionAdvantage":"12天年假 六险一金 团队技术氛围好","salary":"25k-35k","approve":1,"workYear":"3-5年","education":"本科","city":"北京","companyLogo":"image1/M00/00/06/Cgo8PFTUWAaAbD7PAACAXTzCmiw113.jpg","jobNature":"全职","industryField":"广告营销,文化娱乐","companyShortName":"爱奇艺","financeStage":"成熟型(D轮及以上)","companySize":"2000人以上","companyLabelList":["绩效奖金","五险一金","交通补助","带薪年假"],"district":"海淀区","businessZones":["中关村","北京大学","苏州街"],"imState":"today","lastLogin":1472540487000,"publisherId":2278796,"explain":null,"plus":null,"pcShow":0,"appShow":0,"deliver":0,"gradeDescription":null,"companyFullName":"北京爱奇艺科技有限公司","adWord":0},{"companyId":114110,"formatCreateTime":"2016-08-24","score":0,"positionId":2079728,"positionName":"iOS开发实习生","createTime":"2016-08-24 14:46:16","positionAdvantage":"较好的福利待遇，班车接送，良好的发展前景","salary":"3k-5k","approve":1,"workYear":"不限","education":"硕士","city":"北京","companyLogo":"i/image/M00/04/2B/Cgp3O1bGwzWAEAB4AAAbnMQCudk783.jpg","jobNature":"实习","industryField":"移动互联网","companyShortName":"乐视","financeStage":"上市公司","companySize":"2000人以上","companyLabelList":["股票期权","交通补助","通讯津贴","带薪年假"],"district":"朝阳区","businessZones":["姚家园","石佛营","十里堡"],"imState":"disabled","lastLogin":1472562875000,"publisherId":1945621,"explain":null,"plus":null,"pcShow":0,"appShow":0,"deliver":0,"gradeDescription":null,"companyFullName":"乐视网信息技术（北京）股份有限公司","adWord":0},{"companyId":127452,"formatCreateTime":"2016-08-24","score":0,"positionId":2282495,"positionName":"JAVA+IOS软件开发工程师","createTime":"2016-08-24 14:39:00","positionAdvantage":"五险一金 年底双薪 绩效奖金 交通补贴","salary":"12k-18k","approve":0,"workYear":"3-5年","education":"本科","city":"北京","companyLogo":"i/image/M00/29/FA/CgqKkVcxPXaAExTjAALlGNJdUTI67.jpeg","jobNature":"全职","industryField":"其他","companyShortName":"九州恒盛","financeStage":"成熟型(不需要融资)","companySize":"500-2000人","companyLabelList":["帅哥多","美女多","领导好","扁平管理"],"district":null,"businessZones":null,"imState":"sevenDays","lastLogin":1472095245000,"publisherId":5931446,"explain":null,"plus":null,"pcShow":0,"appShow":0,"deliver":0,"gradeDescription":null,"companyFullName":"北京九州恒盛电力科技有限公司","adWord":0},{"companyId":29021,"formatCreateTime":"2016-08-24","score":0,"positionId":1975847,"positionName":"iOS资深工程师","createTime":"2016-08-24 14:31:12","positionAdvantage":"六险一金、弹性工作、充分施展空间","salary":"15k-30k","approve":1,"workYear":"5-10年","education":"本科","city":"北京","companyLogo":"image1/M00/39/39/Cgo8PFWobWKAYtDqAABLZeO_keI805.gif","jobNature":"全职","industryField":"移动互联网,企业服务","companyShortName":"今目标","financeStage":"成长型(B轮)","companySize":"150-500人","companyLabelList":["技能培训","股票期权","带薪年假","充分施展空间"],"district":null,"businessZones":null,"imState":"today","lastLogin":1472544540000,"publisherId":615674,"explain":null,"plus":null,"pcShow":0,"appShow":0,"deliver":0,"gradeDescription":null,"companyFullName":"北京今目标科技有限公司","adWord":0},{"companyId":133,"formatCreateTime":"2016-08-24","score":0,"positionId":2282326,"positionName":"高级iOS架构师","createTime":"2016-08-24 14:23:27","positionAdvantage":"上市公司 优秀平台","salary":"25k-40k","approve":1,"workYear":"3-5年","education":"本科","city":"北京","companyLogo":"image1/M00/39/70/CgYXBlWo3nqABJTsAADJ3hn5gmE062.jpg","jobNature":"全职","industryField":"移动互联网,信息安全","companyShortName":"猎豹移动","financeStage":"上市公司","companySize":"500-2000人","companyLabelList":["带薪年假","美女前台","超赞年终奖","一公里工作圈"],"district":null,"businessZones":null,"imState":"today","lastLogin":1472526253000,"publisherId":3342647,"explain":null,"plus":null,"pcShow":0,"appShow":0,"deliver":0,"gradeDescription":null,"companyFullName":"北京金山网络科技有限公司","adWord":0},{"companyId":106723,"formatCreateTime":"2016-08-24","score":0,"positionId":2282295,"positionName":"iOS开发工程师","createTime":"2016-08-24 14:19:33","positionAdvantage":"团队氛围欢乐融洽、业务发展迅速","salary":"15k-30k","approve":1,"workYear":"3-5年","education":"本科","city":"北京","companyLogo":"i/image/M00/30/93/Cgp3O1dGx4aAUd6AAAAexv_YKQY408.png","jobNature":"全职","industryField":"移动互联网","companyShortName":"悦跑圈","financeStage":"成长型(B轮)","companySize":"150-500人","companyLabelList":["节日礼物","年底双薪","带薪年假","年度旅游"],"district":"朝阳区","businessZones":["大望路","华贸","红庙"],"imState":"today","lastLogin":1472541738000,"publisherId":4616836,"explain":null,"plus":null,"pcShow":0,"appShow":0,"deliver":0,"gradeDescription":null,"companyFullName":"广州悦跑信息科技有限公司","adWord":0},{"companyId":105868,"formatCreateTime":"2016-08-24","score":0,"positionId":1614849,"positionName":"iOS","createTime":"2016-08-24 14:02:31","positionAdvantage":"五险一金 比特币奖金 两餐水果零食 健身卡","salary":"15k-25k","approve":1,"workYear":"3-5年","education":"本科","city":"北京","companyLogo":"image2/M00/15/61/CgqLKVZC24aACHohAAexnNjfWnY768.png?cc=0.5556033398024738","jobNature":"全职","industryField":"移动互联网,企业服务","companyShortName":"比太","financeStage":"初创型(天使轮)","companySize":"少于15人","companyLabelList":["专项奖金","股票期权","带薪年假","绩效奖金"],"district":"海淀区","businessZones":["中关村","苏州街","苏州桥"],"imState":"today","lastLogin":1472532480000,"publisherId":3132884,"explain":null,"plus":null,"pcShow":0,"appShow":0,"deliver":0,"gradeDescription":null,"companyFullName":"北京德加才科技有限公司","adWord":0},{"companyId":53137,"formatCreateTime":"2016-08-24","score":0,"positionId":558270,"positionName":"iOS工程师","createTime":"2016-08-24 13:58:12","positionAdvantage":"14薪，免费水果咖啡，各种补助","salary":"15k-30k","approve":1,"workYear":"3-5年","education":"本科","city":"北京","companyLogo":"image1/M00/26/84/CgYXBlVVpKmAT16vAAB-lRbYIa8041.jpg","jobNature":"全职","industryField":"O2O","companyShortName":"金色家园科技","financeStage":"成熟型(不需要融资)","companySize":"500-2000人","companyLabelList":["节日礼物","带薪年假","绩效奖金","管理规范"],"district":"东城区","businessZones":["广渠门","光明楼","花市"],"imState":"today","lastLogin":1472537157000,"publisherId":1326958,"explain":null,"plus":null,"pcShow":0,"appShow":0,"deliver":0,"gradeDescription":null,"companyFullName":"金色家园网络科技有限公司","adWord":0},{"companyId":90948,"formatCreateTime":"2016-08-24","score":0,"positionId":2201511,"positionName":"iOS高级研发工程师-UC专版","createTime":"2016-08-24 13:43:07","positionAdvantage":"大平台、成长空间大、工作氛围好","salary":"15k-30k","approve":1,"workYear":"3-5年","education":"本科","city":"北京","companyLogo":"i/image/M00/3A/C0/CgqKkVdqKraAMLP-AAAS3BFTUAA734.png","jobNature":"全职","industryField":"移动互联网","companyShortName":"阿里巴巴－神马搜索","financeStage":"成熟型(不需要融资)","companySize":"500-2000人","companyLabelList":["年底双薪","股票期权","专项奖金","带薪年假"],"district":"海淀区","businessZones":["五道口","学院路","北航"],"imState":"disabled","lastLogin":1472526603000,"publisherId":4806324,"explain":null,"plus":null,"pcShow":0,"appShow":0,"deliver":0,"gradeDescription":null,"companyFullName":"广州神马移动信息科技有限公司","adWord":0},{"companyId":107708,"formatCreateTime":"2016-08-24","score":0,"positionId":2281975,"positionName":"iOS开发工程师","createTime":"2016-08-24 13:42:37","positionAdvantage":"福利待遇好,发展前景好","salary":"10k-15k","approve":0,"workYear":"1-3年","education":"本科","city":"北京","companyLogo":"i/image/M00/00/CA/CgqKkVZVtEiALBJZAABjbs1-swY035.jpg","jobNature":"全职","industryField":"电子商务,O2O","companyShortName":"云商未来","financeStage":"初创型(未融资)","companySize":"50-150人","companyLabelList":["年底双薪","股票期权","年终分红","绩效奖金"],"district":"海淀区","businessZones":["上地","马连洼","西二旗"],"imState":"today","lastLogin":1472545734000,"publisherId":3273957,"explain":null,"plus":null,"pcShow":0,"appShow":0,"deliver":0,"gradeDescription":null,"companyFullName":"云商未来（北京）科技有限公司","adWord":0},{"companyId":65595,"formatCreateTime":"2016-08-24","score":0,"positionId":2244926,"positionName":"高级iOS开发工程师","createTime":"2016-08-24 13:37:55","positionAdvantage":"期权，奖金，补助，假期，体检，晋升，弹性","salary":"20k-25k","approve":1,"workYear":"5-10年","education":"本科","city":"北京","companyLogo":"image1/M00/24/17/CgYXBlVK30CAOntKAABKIhg2rts339.jpg","jobNature":"全职","industryField":"移动互联网,电子商务","companyShortName":"北京真的网络","financeStage":"初创型(天使轮)","companySize":"15-50人","companyLabelList":["股票期权","带薪事假","五险一金","弹性工作"],"district":"东城区","businessZones":["朝阳门","朝外","东四"],"imState":"today","lastLogin":1472549412000,"publisherId":1619071,"explain":null,"plus":null,"pcShow":0,"appShow":0,"deliver":0,"gradeDescription":null,"companyFullName":"北京真的网络科技有限公司","adWord":0},{"companyId":145407,"formatCreateTime":"2016-08-24","score":0,"positionId":2281890,"positionName":"iOS手游试玩","createTime":"2016-08-24 13:27:52","positionAdvantage":"每个人都是产品经理","salary":"10k-20k","approve":0,"workYear":"1-3年","education":"大专","city":"北京","companyLogo":"i/image/M00/52/ED/Cgp3O1e9K0WASTu-AAAaUKVQND4059.jpg","jobNature":"兼职","industryField":"金融,其他","companyShortName":"城投","financeStage":"成长型(不需要融资)","companySize":"150-500人","companyLabelList":null,"district":"海淀区","businessZones":["中关村","北京大学","五道口"],"imState":"disabled","lastLogin":1472541302000,"publisherId":5976352,"explain":null,"plus":null,"pcShow":0,"appShow":0,"deliver":0,"gradeDescription":null,"companyFullName":"商洛市城投保障房投资开发有限公司","adWord":0},{"companyId":144802,"formatCreateTime":"2016-08-24","score":0,"positionId":2281697,"positionName":"iOS","createTime":"2016-08-24 12:24:50","positionAdvantage":"一言不合就升职","salary":"10k-20k","approve":0,"workYear":"不限","education":"大专","city":"北京","companyLogo":"i/image/M00/51/2E/CgqKkVe2dnyAEJoiAAAKHohjli8286.jpg","jobNature":"全职","industryField":"电子商务,其他","companyShortName":"梦菲达","financeStage":"初创型(不需要融资)","companySize":"15-50人","companyLabelList":null,"district":"石景山区","businessZones":["苹果园","杨庄","古城"],"imState":"disabled","lastLogin":1472539112000,"publisherId":5946674,"explain":null,"plus":null,"pcShow":0,"appShow":0,"deliver":0,"gradeDescription":null,"companyFullName":"深圳市梦菲达影音传媒有限公司","adWord":0}]}},"code":0}