{"resubmitToken":null,"success":true,"requestId":null,"msg":null,"content":{"pageNo":6,"pageSize":15,"positionResult":{"totalCount":974,"resultSize":15,"locationInfo":{"city":"北京","district":null,"businessZone":null,"queryByGisCode":false,"locationCode":null},"queryAnalysisInfo":{"positionName":"ios","companyName":null,"industryName":null,"usefulCompany":false},"strategyProperty":{"name":"dm-csearch-newSimScorer","id":1},"result":[{"companyId":50476,"positionName":"iOS","workYear":"5-10年","education":"本科","jobNature":"全职","createTime":"2016-08-30 12:31:17","companyShortName":"盈泰财富云","positionId":2304778,"salary":"15k-30k","approve":1,"city":"北京","positionAdvantage":"精英文化，深涉金融，六险一金，员工持股","companyLogo":"image1/M00/00/84/Cgo8PFTUXeSAKU0pAAButaDUfeY414.jpg","industryField":"移动互联网,金融","companyLabelList":["技能培训","岗位晋升","年终分红","股票期权"],"financeStage":"成长型(A轮)","district":"东城区","score":0,"companySize":"50-150人","companyFullName":"北京盈泰财富云电子商务有限公司","adWord":0,"formatCreateTime":"12:31发布","imState":"disabled","lastLogin":1472531290000,"publisherId":5050016,"explain":null,"plus":null,"pcShow":0,"appShow":0,"deliver":0,"gradeDescription":null,"businessZones":["和平里","雍和宫","安定门"]},{"companyId":50702,"positionName":"iOS高级开发","workYear":"3-5年","education":"本科","jobNature":"全职","createTime":"2016-08-30 11:36:28","companyShortName":"美团点评","positionId":1718668,"salary":"20k-35k","approve":1,"city":"北京","positionAdvantage":"核心业务部门 成长空间大","companyLogo":"i/image/M00/4B/6C/CgqKkVefHv-AFoRzAAAuALF7ZZ0419.png","industryField":"移动互联网,O2O","companyLabelList":["技能培训","绩效奖金","岗位晋升","领导好"],"financeStage":"成熟型(D轮及以上)","district":"朝阳区","score":0,"companySize":"2000人以上","companyFullName":"北京三快在线科技有限公司","adWord":0,"formatCreateTime":"11:36发布","imState":"disabled","lastLogin":1472527477000,"publisherId":2381265,"explain":null,"plus":null,"pcShow":0,"appShow":0,"deliver":0,"gradeDescription":null,"businessZones":["望京","大山子","花家地"]},{"companyId":50889,"positionName":"iOS","workYear":"3-5年","education":"本科","jobNature":"全职","createTime":"2016-08-30 11:19:22","companyShortName":"和创科技（红圈营销）","positionId":2304218,"salary":"20k-35k","approve":1,"city":"北京","positionAdvantage":"上市公司，持续股权激励，技术极客云集！","companyLogo":"i/image/M00/03/44/Cgp3O1ax7JWAOSzUAABS3OF0A7w289.jpg","industryField":"移动互联网,企业服务","companyLabelList":["弹性工作","敏捷研发","股票期权","年底双薪"],"financeStage":"上市公司","district":null,"score":0,"companySize":"2000人以上","companyFullName":"和创（北京）科技股份有限公司","adWord":0,"formatCreateTime":"11:19发布","imState":"today","lastLogin":1472550012000,"publisherId":994817,"explain":null,"plus":null,"pcShow":0,"appShow":0,"deliver":0,"gradeDescription":null,"businessZones":null},{"companyId":142412,"positionName":"iOS","workYear":"不限","education":"大专","jobNature":"全职","createTime":"2016-08-30 10:33:40","companyShortName":"日天科技","positionId":2303702,"salary":"15k-30k","approve":0,"city":"北京","positionAdvantage":"周末双休 弹性工作时间 五险一金 各种福利","companyLogo":"i/image/M00/4C/77/Cgp3O1eivPWAUhHvAAAIeVFV-J4031.png","industryField":"移动互联网,电子商务","companyLabelList":["年底双薪","股票期权","绩效奖金","年终分红"],"financeStage":"成长型(不需要融资)","district":"丰台区","score":0,"companySize":"50-150人","companyFullName":"北京日天科技有限公司","adWord":0,"formatCreateTime":"10:33发布","imState":"today","lastLogin":1472545568000,"publisherId":5838665,"explain":null,"plus":null,"pcShow":0,"appShow":0,"deliver":0,"gradeDescription":null,"businessZones":["大红门","洋桥","木樨园"]},{"companyId":3786,"positionName":"高级iOS开发工程师","workYear":"5-10年","education":"本科","jobNature":"全职","createTime":"2016-08-30 10:23:13","companyShortName":"宜信","positionId":2077310,"salary":"30k-50k","approve":1,"city":"北京","positionAdvantage":"职位薪酬高，发展前景好。","companyLogo":"i/image/M00/01/C8/Cgp3O1Z3lASAVbZHAABCha8eqHY645.jpg","industryField":"移动互联网,金融","companyLabelList":["管理规范","技能培训","扁平管理","弹性工作"],"financeStage":"成熟型(不需要融资)","district":"朝阳区","score":0,"companySize":"2000人以上","companyFullName":"普信恒业科技发展（北京）有限公司","adWord":0,"formatCreateTime":"10:23发布","imState":"disabled","lastLogin":1472547772000,"publisherId":3662009,"explain":null,"plus":null,"pcShow":0,"appShow":0,"deliver":0,"gradeDescription":null,"businessZones":null},{"companyId":7001,"positionName":"高级iOS开发工程师","workYear":"5-10年","education":"本科","jobNature":"全职","createTime":"2016-08-30 10:23:02","companyShortName":"指掌易","positionId":2303564,"salary":"15k-30k","approve":1,"city":"北京","positionAdvantage":"六险一金、弹性工作、定期体检、期权激励","companyLogo":"i/image/M00/31/F0/Cgp3O1dM9j-AFqkXAAA4fknnR5k098.jpg","industryField":"移动互联网","companyLabelList":["绩效奖金","股票期权","专项奖金","定期体检"],"financeStage":"成长型(A轮)","district":null,"score":0,"companySize":"50-150人","companyFullName":"北京指掌易科技有限公司","adWord":0,"formatCreateTime":"10:23发布","imState":"today","lastLogin":1472544128000,"publisherId":77408,"explain":null,"plus":null,"pcShow":0,"appShow":0,"deliver":0,"gradeDescription":null,"businessZones":null},{"companyId":89541,"positionName":"移动端技术专家(iOS+Android)","workYear":"5-10年","education":"本科","jobNature":"全职","createTime":"2016-08-30 10:19:24","companyShortName":"滴滴出行（小桔科技）","positionId":2231785,"salary":"30k-50k","approve":0,"city":"北京","positionAdvantage":"发展空间大","companyLogo":"image1/M00/42/DC/Cgo8PFXNdImAA0hiAACBD0dX7Ds225.png?cc=0.6919486154416709","industryField":"移动互联网,电子商务","companyLabelList":["节日礼物","绩效奖金","年度旅游","美女多"],"financeStage":"成熟型(D轮及以上)","district":null,"score":0,"companySize":"2000人以上","companyFullName":"滴滴打车（小桔科技）","adWord":0,"formatCreateTime":"10:19发布","imState":"today","lastLogin":1472547986000,"publisherId":2660027,"explain":null,"plus":null,"pcShow":0,"appShow":0,"deliver":0,"gradeDescription":null,"businessZones":null},{"companyId":133,"positionName":"iOS开发工程师","workYear":"3-5年","education":"本科","jobNature":"全职","createTime":"2016-08-30 10:16:07","companyShortName":"猎豹移动","positionId":2212813,"salary":"15k-30k","approve":1,"city":"北京","positionAdvantage":"福利待遇优厚，发展平台好","companyLogo":"image1/M00/39/70/CgYXBlWo3nqABJTsAADJ3hn5gmE062.jpg","industryField":"移动互联网,信息安全","companyLabelList":["带薪年假","美女前台","超赞年终奖","一公里工作圈"],"financeStage":"上市公司","district":null,"score":0,"companySize":"500-2000人","companyFullName":"北京金山网络科技有限公司","adWord":0,"formatCreateTime":"10:16发布","imState":"disabled","lastLogin":1472523226000,"publisherId":5868063,"explain":null,"plus":null,"pcShow":0,"appShow":0,"deliver":0,"gradeDescription":null,"businessZones":null},{"companyId":5142,"positionName":"iOS开发工程师","workYear":"不限","education":"本科","jobNature":"全职","createTime":"2016-08-30 10:14:15","companyShortName":"人人网","positionId":2154611,"salary":"12k-24k","approve":0,"city":"北京","positionAdvantage":"上市公司，弹性工作制，六险一金、绩效奖金","companyLogo":"image1/M00/1E/39/CgYXBlUtyiKALAAwAABj34GbTu8848.jpg","industryField":"社交网络,金融","companyLabelList":["五险一金","通讯津贴","带薪年假","绩效奖金"],"financeStage":"上市公司","district":"朝阳区","score":0,"companySize":"2000人以上","companyFullName":"人人公司","adWord":0,"formatCreateTime":"10:14发布","imState":"disabled","lastLogin":1472535579000,"publisherId":1468677,"explain":null,"plus":null,"pcShow":0,"appShow":0,"deliver":0,"gradeDescription":null,"businessZones":["酒仙桥","大山子","将台路"]},{"companyId":51136,"positionName":"iOS","workYear":"3-5年","education":"本科","jobNature":"全职","createTime":"2016-08-30 10:11:15","companyShortName":"高新汇智","positionId":2043266,"salary":"18k-35k","approve":0,"city":"北京","positionAdvantage":"行业龙头企业","companyLogo":"image1/M00/00/86/Cgo8PFTUXe2AAJJKAABs4j5Q7yo383.jpg","industryField":"企业服务,O2O","companyLabelList":["技能培训","节日礼物","绩效奖金","岗位晋升"],"financeStage":"成长型(不需要融资)","district":"朝阳区","score":0,"companySize":"150-500人","companyFullName":"武汉高新汇智企业管理咨询有限公司","adWord":0,"formatCreateTime":"10:11发布","imState":"disabled","lastLogin":1472522226000,"publisherId":1493892,"explain":null,"plus":null,"pcShow":0,"appShow":0,"deliver":0,"gradeDescription":null,"businessZones":["大望路","华贸","红庙"]},{"companyId":90948,"positionName":"阿里文学-iOS高级研发工程师","workYear":"1-3年","education":"本科","jobNature":"全职","createTime":"2016-08-30 10:08:26","companyShortName":"阿里巴巴－神马搜索","positionId":2201980,"salary":"17k-34k","approve":1,"city":"北京","positionAdvantage":"带薪年假，各种福利等你来","companyLogo":"i/image/M00/3A/C0/CgqKkVdqKraAMLP-AAAS3BFTUAA734.png","industryField":"移动互联网","companyLabelList":["年底双薪","股票期权","专项奖金","带薪年假"],"financeStage":"成熟型(不需要融资)","district":"海淀区","score":0,"companySize":"500-2000人","companyFullName":"广州神马移动信息科技有限公司","adWord":0,"formatCreateTime":"10:08发布","imState":"disabled","lastLogin":1472551059000,"publisherId":4869542,"explain":null,"plus":null,"pcShow":0,"appShow":0,"deliver":0,"gradeDescription":null,"businessZones":["五道口","学院路","北航"]},{"companyId":72257,"positionName":"iOS开发工程师","workYear":"1-3年","education":"大专","jobNature":"全职","createTime":"2016-08-30 10:07:58","companyShortName":"清科集团","positionId":2303379,"salary":"8k-16k","approve":1,"city":"北京","positionAdvantage":"集团公司 地铁沿线 六险一金 弹性工时","companyLogo":"image1/M00/29/18/Cgo8PFVkEGiAAcfBAAEE8Qell4I822.jpg","industryField":"金融","companyLabelList":["节日礼物","技能培训","绩效奖金","年度旅游"],"financeStage":"成熟型(不需要融资)","district":"朝阳区","score":0,"companySize":"500-2000人","companyFullName":"清科财务管理咨询（北京）有限公司","adWord":0,"formatCreateTime":"10:07发布","imState":"today","lastLogin":1472554314000,"publisherId":1736363,"explain":null,"plus":null,"pcShow":0,"appShow":0,"deliver":0,"gradeDescription":null,"businessZones":["三元桥","麦子店","亮马桥"]},{"companyId":21956,"positionName":"iOS","workYear":"5-10年","education":"本科","jobNature":"全职","createTime":"2016-08-30 10:07:46","companyShortName":"中天嘉华集团","positionId":2220272,"salary":"15k-30k","approve":1,"city":"北京","positionAdvantage":"职位、薪酬晋升机制","companyLogo":"image1/M00/00/29/Cgo8PFTUWJGAHgVxAAA-v8Pf9vM172.png","industryField":"移动互联网,金融","companyLabelList":["年终分红","绩效奖金","股票期权","专项奖金"],"financeStage":"成熟型(C轮)","district":"朝阳区","score":0,"companySize":"500-2000人","companyFullName":"北京中天嘉华管理咨询有限公司","adWord":0,"formatCreateTime":"10:07发布","imState":"disabled","lastLogin":1472522854000,"publisherId":714099,"explain":null,"plus":null,"pcShow":0,"appShow":0,"deliver":0,"gradeDescription":null,"businessZones":["太阳宫","国展","三元桥"]},{"companyId":7094,"positionName":"高级iOS工程师","workYear":"3-5年","education":"本科","jobNature":"全职","createTime":"2016-08-30 10:05:43","companyShortName":"The ONE","positionId":2154091,"salary":"15k-25k","approve":1,"city":"北京","positionAdvantage":"13薪，弹性工作，房补，免费餐食，优秀团队","companyLogo":"image2/M00/0C/12/CgpzWlYbUF2AJNZ-AAA6MysX1Hw450.png","industryField":"硬件,教育","companyLabelList":["优秀团队","篮球羽毛球队","13薪","各种爬梯"],"financeStage":"成长型(B轮)","district":null,"score":0,"companySize":"150-500人","companyFullName":"小叶子（北京）科技有限公司","adWord":0,"formatCreateTime":"10:05发布","imState":"today","lastLogin":1472552746000,"publisherId":79034,"explain":null,"plus":null,"pcShow":0,"appShow":0,"deliver":0,"gradeDescription":null,"businessZones":null},{"companyId":123003,"positionName":"iOS开发工程师","workYear":"1-3年","education":"本科","jobNature":"全职","createTime":"2016-08-30 10:03:59","companyShortName":"Instreet","positionId":2043448,"salary":"10k-20k","approve":0,"city":"北京","positionAdvantage":"独立负责一个项目、期权激励、免费午餐","companyLogo":"i/image/M00/1F/E8/Cgp3O1cMqqKANl75AAJOV_w8ZvE144.jpg","industryField":"社交网络,移动互联网","companyLabelList":["领导好","年轻有为","年底奖金","弹性工作"],"financeStage":"初创型(天使轮)","district":"朝阳区","score":0,"companySize":"15-50人","companyFullName":"九十九街区（北京）科技责任有限公司","adWord":0,"formatCreateTime":"10:03发布","imState":"today","lastLogin":1472564938000,"publisherId":69424,"explain":null,"plus":null,"pcShow":0,"appShow":0,"deliver":0,"gradeDescription":null,"businessZones":["南磨房","大望路","百子湾"]}]}},"code":0}