{"resubmitToken":null,"success":true,"requestId":null,"msg":null,"content":{"pageNo":37,"pageSize":15,"positionResult":{"totalCount":974,"resultSize":15,"locationInfo":{"city":"北京","district":null,"businessZone":null,"queryByGisCode":false,"locationCode":null},"queryAnalysisInfo":{"positionName":"ios","companyName":null,"industryName":null,"usefulCompany":false},"strategyProperty":{"name":"dm-csearch-newSimScorer","id":1},"result":[{"companyId":4140,"positionName":"高级IOS工程师","workYear":"3-5年","education":"不限","jobNature":"全职","createTime":"2016-08-22 14:42:23","companyShortName":"北京鲜柚科技有限公司","positionId":1582969,"salary":"15k-25k","approve":1,"city":"北京","positionAdvantage":"有趣的产品、靠谱的团队、贴心的福利","companyLogo":"image1/M00/00/0A/CgYXBlTUWBaARuO2AACZo5tRlTw164.png","industryField":"移动互联网,游戏","companyLabelList":["五险一金","年底双薪","节日礼物","年度旅游"],"financeStage":"成长型(不需要融资)","district":"朝阳区","score":0,"companySize":"50-150人","companyFullName":"北京鲜柚科技有限公司","adWord":0,"formatCreateTime":"2016-08-22","imState":"today","lastLogin":1472547596000,"publisherId":40210,"explain":null,"plus":null,"pcShow":0,"appShow":0,"deliver":0,"gradeDescription":null,"businessZones":["北苑","来广营"]},{"companyId":114110,"positionName":"iOS开发工程师","workYear":"3-5年","education":"本科","jobNature":"全职","createTime":"2016-08-22 14:26:26","companyShortName":"乐视","positionId":1959441,"salary":"10k-20k","approve":1,"city":"北京","positionAdvantage":"发展空间大，待遇丰厚","companyLogo":"i/image/M00/04/2B/Cgp3O1bGwzWAEAB4AAAbnMQCudk783.jpg","industryField":"移动互联网","companyLabelList":["股票期权","交通补助","通讯津贴","带薪年假"],"financeStage":"上市公司","district":"朝阳区","score":0,"companySize":"2000人以上","companyFullName":"乐视网信息技术（北京）股份有限公司","adWord":0,"formatCreateTime":"2016-08-22","imState":"disabled","lastLogin":1472197592000,"publisherId":5345169,"explain":null,"plus":null,"pcShow":0,"appShow":0,"deliver":0,"gradeDescription":null,"businessZones":["大山子","酒仙桥","将台路"]},{"companyId":102854,"positionName":"iOS开发工程师","workYear":"1-3年","education":"本科","jobNature":"全职","createTime":"2016-08-22 12:06:38","companyShortName":"北京绣花张","positionId":2096160,"salary":"15k-25k","approve":1,"city":"北京","positionAdvantage":"工作流程简单，工作氛围和谐","companyLogo":"i/image/M00/01/AC/Cgp3O1ZywJ2AO6NKAAAhLTWr3AA859.png","industryField":"移动互联网,电子商务","companyLabelList":null,"financeStage":"初创型(天使轮)","district":"朝阳区","score":0,"companySize":"50-150人","companyFullName":"北京绣花张民间艺术品开发有限公司","adWord":0,"formatCreateTime":"2016-08-22","imState":"sevenDays","lastLogin":1472093921000,"publisherId":5280424,"explain":null,"plus":null,"pcShow":0,"appShow":0,"deliver":0,"gradeDescription":null,"businessZones":null},{"companyId":116705,"positionName":"iOS","workYear":"1-3年","education":"大专","jobNature":"全职","createTime":"2016-08-22 12:01:16","companyShortName":"抽屉新热榜","positionId":1520059,"salary":"10k-20k","approve":0,"city":"北京","positionAdvantage":"热门产品，发展迅速，团队和谐","companyLogo":"i/image/M00/08/75/Cgp3O1bP_XqARf61AAAtnSJhmdI830.png","industryField":"移动互联网","companyLabelList":null,"financeStage":"成长型(B轮)","district":"西城区","score":0,"companySize":"50-150人","companyFullName":"北京格致璞科技有限公司","adWord":0,"formatCreateTime":"2016-08-22","imState":"sevenDays","lastLogin":1472109086000,"publisherId":4136882,"explain":null,"plus":null,"pcShow":0,"appShow":0,"deliver":0,"gradeDescription":null,"businessZones":["西直门","交通大学"]},{"companyId":130405,"positionName":"手机维修检测工程师（苹果）","workYear":"不限","education":"不限","jobNature":"全职","createTime":"2016-08-22 11:55:00","companyShortName":"猎趣","positionId":2269133,"salary":"8k-15k","approve":0,"city":"北京","positionAdvantage":"五险一金、扁平管理、弹性工作时间","companyLogo":"i/image/M00/2D/DE/CgqKkVc9TWSAX4-RAAAZkMHjgHs873.jpg","industryField":"移动互联网,电子商务","companyLabelList":null,"financeStage":"成长型(不需要融资)","district":"朝阳区","score":0,"companySize":"50-150人","companyFullName":"北京猎趣电子商务有限公司","adWord":0,"formatCreateTime":"2016-08-22","imState":"disabled","lastLogin":1472543306000,"publisherId":5103521,"explain":null,"plus":null,"pcShow":0,"appShow":0,"deliver":0,"gradeDescription":null,"businessZones":["望京","大山子","花家地"]},{"companyId":91157,"positionName":"iOS","workYear":"1-3年","education":"大专","jobNature":"全职","createTime":"2016-08-22 11:34:11","companyShortName":"俊达","positionId":2268887,"salary":"10k-15k","approve":0,"city":"北京","positionAdvantage":"五险一金 周末双休 不打卡","companyLogo":"image1/M00/44/83/CgYXBlXV1w6ANu0HAAB1NsGAn5s002.png?cc=0.8667583321221173","industryField":"移动互联网,金融","companyLabelList":["年底双薪","带薪年假","年度旅游","领导好"],"financeStage":"初创型(不需要融资)","district":"海淀区","score":0,"companySize":"15-50人","companyFullName":"北京俊达信息科技有限公司","adWord":0,"formatCreateTime":"2016-08-22","imState":"disabled","lastLogin":1471949478000,"publisherId":5964463,"explain":null,"plus":null,"pcShow":0,"appShow":0,"deliver":0,"gradeDescription":null,"businessZones":["上地","西二旗","马连洼"]},{"companyId":8103,"positionName":"iOS高级开发工程师","workYear":"3-5年","education":"本科","jobNature":"全职","createTime":"2016-08-22 11:26:04","companyShortName":"汽车之家","positionId":2194124,"salary":"10k-20k","approve":1,"city":"北京","positionAdvantage":"团队氛围好，福利待遇好","companyLogo":"i/image/M00/01/80/CgqKkVZuPraAN3O6AACFeBgN7dY620.jpg","industryField":"移动互联网,文化娱乐","companyLabelList":["技能培训","节日礼物","带薪年假","绩效奖金"],"financeStage":"上市公司","district":"海淀区","score":0,"companySize":"2000人以上","companyFullName":"北京车之家信息技术有限公司","adWord":0,"formatCreateTime":"2016-08-22","imState":"disabled","lastLogin":1472547263000,"publisherId":4556316,"explain":null,"plus":null,"pcShow":0,"appShow":0,"deliver":0,"gradeDescription":null,"businessZones":["中关村","双榆树","双安"]},{"companyId":36031,"positionName":"高级iOS工程师","workYear":"3-5年","education":"本科","jobNature":"全职","createTime":"2016-08-22 11:19:58","companyShortName":"一起作业网","positionId":568478,"salary":"15k-25k","approve":1,"city":"北京","positionAdvantage":"上市前的末班车","companyLogo":"image1/M00/14/DE/CgYXBlUJKaOADiHgAABu9JP1MUk338.jpg","industryField":"移动互联网,教育","companyLabelList":["节日礼物","岗位晋升","扁平管理","领导好"],"financeStage":"成熟型(D轮及以上)","district":"朝阳区","score":0,"companySize":"500-2000人","companyFullName":"上海一起作业信息科技有限公司","adWord":0,"formatCreateTime":"2016-08-22","imState":"today","lastLogin":1472569475000,"publisherId":629873,"explain":null,"plus":null,"pcShow":0,"appShow":0,"deliver":0,"gradeDescription":null,"businessZones":["望京","大山子","酒仙桥"]},{"companyId":68858,"positionName":"iOS开发工程师","workYear":"3-5年","education":"本科","jobNature":"全职","createTime":"2016-08-22 11:14:54","companyShortName":"国网信通产业集团国电通公司","positionId":2085460,"salary":"10k-15k","approve":1,"city":"北京","positionAdvantage":"福利待遇 发展前景","companyLogo":"image1/M00/25/2B/Cgo8PFVQYXaAH51QAABN9ZNOVHo705.jpg","industryField":"其他","companyLabelList":["年底双薪","技能培训","节日礼物","带薪年假"],"financeStage":"成熟型(不需要融资)","district":"丰台区","score":0,"companySize":"500-2000人","companyFullName":"北京国电通网络技术有限公司","adWord":0,"formatCreateTime":"2016-08-22","imState":"threeDays","lastLogin":1472437887000,"publisherId":5318826,"explain":null,"plus":null,"pcShow":0,"appShow":0,"deliver":0,"gradeDescription":null,"businessZones":["科技园区","看丹桥","北大地"]},{"companyId":412,"positionName":"iOS","workYear":"1-3年","education":"本科","jobNature":"全职","createTime":"2016-08-22 11:10:20","companyShortName":"光年创艺","positionId":83235,"salary":"10k-20k","approve":1,"city":"北京","positionAdvantage":"团队很给力环境够轻松工作有张驰未来可筹谋","companyLogo":"image1/M00/00/03/Cgo8PFTUV_mARvCWAACJXeMm0Sw362.jpg","industryField":"移动互联网,电子商务","companyLabelList":["节日礼物","绩效奖金","程序猿不宅","年度旅游"],"financeStage":"成长型(A轮)","district":"朝阳区","score":0,"companySize":"50-150人","companyFullName":"北京光年创艺信息技术有限公司","adWord":0,"formatCreateTime":"2016-08-22","imState":"today","lastLogin":1472522028000,"publisherId":1343,"explain":null,"plus":null,"pcShow":0,"appShow":0,"deliver":0,"gradeDescription":null,"businessZones":["酒仙桥","大山子","将台路"]},{"companyId":28756,"positionName":"iOS开发","workYear":"3-5年","education":"本科","jobNature":"全职","createTime":"2016-08-22 10:46:25","companyShortName":"简单心理","positionId":1972532,"salary":"20k-30k","approve":1,"city":"北京","positionAdvantage":"心理健康领域最有前景的公司，获A轮投资","companyLogo":"i/image/M00/01/3C/Cgp3O1ZlKGCAJHZWAAAaVBQtwu4832.png","industryField":"移动互联网,医疗健康","companyLabelList":["岗位晋升","扁平管理","领导好","五险一金"],"financeStage":"成长型(A轮)","district":null,"score":0,"companySize":"15-50人","companyFullName":"北京竹间科技有限公司","adWord":0,"formatCreateTime":"2016-08-22","imState":"today","lastLogin":1472541816000,"publisherId":385147,"explain":null,"plus":null,"pcShow":0,"appShow":0,"deliver":0,"gradeDescription":null,"businessZones":null},{"companyId":61424,"positionName":"iOS讲师","workYear":"1-3年","education":"大专","jobNature":"全职","createTime":"2016-08-22 10:42:24","companyShortName":"美达源科技","positionId":964714,"salary":"8k-15k","approve":0,"city":"北京","positionAdvantage":"上升空间大，福利多，交通便利，环境轻松","companyLogo":"images/logo_default.png","industryField":"移动互联网,教育","companyLabelList":["年底双薪","带薪年假","岗位晋升","领导好"],"financeStage":"初创型(未融资)","district":"朝阳区","score":0,"companySize":"50-150人","companyFullName":"北京美达源科技有限公司","adWord":0,"formatCreateTime":"2016-08-22","imState":"disabled","lastLogin":1472538740000,"publisherId":1542248,"explain":null,"plus":null,"pcShow":0,"appShow":0,"deliver":0,"gradeDescription":null,"businessZones":null},{"companyId":50702,"positionName":"高级iOS开发工程师","workYear":"3-5年","education":"本科","jobNature":"全职","createTime":"2016-08-22 10:31:43","companyShortName":"美团点评","positionId":691751,"salary":"18k-36k","approve":1,"city":"北京","positionAdvantage":"良好的发展前景，技术团队氛围极佳","companyLogo":"i/image/M00/4B/6C/CgqKkVefHv-AFoRzAAAuALF7ZZ0419.png","industryField":"移动互联网,O2O","companyLabelList":["技能培训","绩效奖金","岗位晋升","领导好"],"financeStage":"成熟型(D轮及以上)","district":"朝阳区","score":0,"companySize":"2000人以上","companyFullName":"北京三快在线科技有限公司","adWord":0,"formatCreateTime":"2016-08-22","imState":"today","lastLogin":1472544075000,"publisherId":1676420,"explain":null,"plus":null,"pcShow":0,"appShow":0,"deliver":0,"gradeDescription":null,"businessZones":["望京","来广营"]},{"companyId":45204,"positionName":"高级iOS","workYear":"1-3年","education":"本科","jobNature":"全职","createTime":"2016-08-22 10:30:44","companyShortName":"云上视界","positionId":1961114,"salary":"25k-35k","approve":1,"city":"北京","positionAdvantage":"弹性工作 /股权激励/周末双休/14薪","companyLogo":"i/image/M00/17/86/CgqKkVbyBYeAaxl_AADDWcZsmJg274.png","industryField":"移动互联网,文化娱乐","companyLabelList":["股票期权","五险一金","弹性工作","带薪年假"],"financeStage":"初创型(天使轮)","district":"海淀区","score":0,"companySize":"50-150人","companyFullName":"北京云上视界网络技术有限公司","adWord":0,"formatCreateTime":"2016-08-22","imState":"sevenDays","lastLogin":1472001712000,"publisherId":3663782,"explain":null,"plus":null,"pcShow":0,"appShow":0,"deliver":0,"gradeDescription":null,"businessZones":["上地","马连洼","西二旗"]},{"companyId":99378,"positionName":"高级iOS开发工程师","workYear":"1-3年","education":"大专","jobNature":"全职","createTime":"2016-08-22 10:30:44","companyShortName":"趣寻","positionId":1520485,"salary":"15k-30k","approve":0,"city":"北京","positionAdvantage":"sunshine和nice出道了，你还不来bang出道！","companyLogo":"i/image/M00/08/88/Cgp3O1bQEOyAKpy1AACH2_ASkGI339.jpg","industryField":"移动互联网,社交网络","companyLabelList":null,"financeStage":"成长型(B轮)","district":"海淀区","score":0,"companySize":"15-50人","companyFullName":"北京趣寻科技有限责任公司","adWord":0,"formatCreateTime":"2016-08-22","imState":"today","lastLogin":1472550609000,"publisherId":4173203,"explain":null,"plus":null,"pcShow":0,"appShow":0,"deliver":0,"gradeDescription":null,"businessZones":["双榆树","中关村","大钟寺"]}]}},"code":0}