{"msg":null,"success":true,"requestId":null,"resubmitToken":null,"content":{"pageNo":24,"pageSize":15,"positionResult":{"queryAnalysisInfo":{"industryName":null,"usefulCompany":false,"positionName":"ios","companyName":null},"strategyProperty":{"name":"dm-csearch-newSimScorer","id":1},"totalCount":974,"resultSize":15,"locationInfo":{"businessZone":null,"locationCode":null,"queryByGisCode":false,"city":"北京","district":null},"result":[{"companyId":2474,"explain":null,"plus":null,"pcShow":0,"appShow":0,"deliver":0,"gradeDescription":null,"businessZones":["上地","西二旗","马连洼"],"imState":"today","lastLogin":1472554506000,"publisherId":1920797,"positionName":"iOS高级开发工程师/架构师","workYear":"3-5年","education":"本科","jobNature":"全职","positionId":1118411,"createTime":"2016-08-25 16:48:22","city":"北京","companyLogo":"i/image/M00/00/20/Cgp3O1YtmkSAZjX1AAA78knErXc273.jpg","industryField":"移动互联网","positionAdvantage":"期权激励，六险一金，靠谱团队，福利最全","salary":"20k-40k","companySize":"500-2000人","approve":0,"financeStage":"成熟型(D轮及以上)","companyLabelList":["弹性工作","节日礼物","岗位晋升","技能培训"],"district":"海淀区","companyShortName":"滴滴出行","score":0,"formatCreateTime":"2016-08-25","companyFullName":"北京小桔科技有限公司","adWord":0},{"companyId":50702,"explain":null,"plus":null,"pcShow":0,"appShow":0,"deliver":0,"gradeDescription":null,"businessZones":["大山子","望京","酒仙桥"],"imState":"disabled","lastLogin":1472520996000,"publisherId":3796965,"positionName":"高级iOS开发工程师","workYear":"3-5年","education":"本科","jobNature":"全职","positionId":2288974,"createTime":"2016-08-25 16:03:51","city":"北京","companyLogo":"i/image/M00/4B/6C/CgqKkVefHv-AFoRzAAAuALF7ZZ0419.png","industryField":"移动互联网,O2O","positionAdvantage":"期权","salary":"20k-40k","companySize":"2000人以上","approve":1,"financeStage":"成熟型(D轮及以上)","companyLabelList":["技能培训","绩效奖金","岗位晋升","领导好"],"district":"朝阳区","companyShortName":"美团点评","score":0,"formatCreateTime":"2016-08-25","companyFullName":"北京三快在线科技有限公司","adWord":0},{"companyId":106474,"explain":null,"plus":null,"pcShow":0,"appShow":0,"deliver":0,"gradeDescription":null,"businessZones":null,"imState":"today","lastLogin":1472539560000,"publisherId":4043469,"positionName":"iOS高级工程师","workYear":"不限","education":"本科","jobNature":"全职","positionId":2090309,"createTime":"2016-08-25 13:15:09","city":"北京","companyLogo":"i/image/M00/3E/B7/CgqKkVd1D0yATHrBAAC2ODu0Rw8849.png","industryField":"移动互联网,社交网络","positionAdvantage":"五险一金,免费健身,包两餐,股票激励","salary":"20k-40k","companySize":"15-50人","approve":1,"financeStage":"初创型(天使轮)","companyLabelList":["股票期权","五险一金","弹性工作","免费健身"],"district":"海淀区","companyShortName":"谱思","score":0,"formatCreateTime":"2016-08-25","companyFullName":"北京谱思科技有限公司","adWord":0},{"companyId":1443,"explain":null,"plus":null,"pcShow":0,"appShow":0,"deliver":0,"gradeDescription":null,"businessZones":["大屯","奥运村","亚运村"],"imState":"today","lastLogin":1472556107000,"publisherId":9467,"positionName":"iOS高级工程师","workYear":"3-5年","education":"不限","jobNature":"全职","positionId":1153021,"createTime":"2016-08-25 12:36:07","city":"北京","companyLogo":"image1/M00/27/B0/Cgo8PFVb8peAELmjAAB-CDQQfGw450.jpg","industryField":"移动互联网,文化娱乐","positionAdvantage":"弹性工作，期权福利，14-16薪","salary":"20k-30k","companySize":"15-50人","approve":1,"financeStage":"成长型(A轮)","companyLabelList":["股票期权","弹性工作","五险一金","13-16薪"],"district":"朝阳区","companyShortName":"益动","score":0,"formatCreateTime":"2016-08-25","companyFullName":"北京益动思博网络科技有限公司","adWord":0},{"companyId":131973,"explain":null,"plus":null,"pcShow":0,"appShow":0,"deliver":0,"gradeDescription":null,"businessZones":["安贞","安华","和平里"],"imState":"today","lastLogin":1472524926000,"publisherId":5200170,"positionName":"iOS工程师-北京-00005","workYear":"5-10年","education":"大专","jobNature":"全职","positionId":1890591,"createTime":"2016-08-25 11:50:28","city":"北京","companyLogo":"i/image/M00/3A/91/Cgp3O1dp4ySANy_BAAALQ9tv3MY292.png","industryField":"移动互联网","positionAdvantage":"技术团队核心有阿里P7+组成， CTO P9！","salary":"20k-30k","companySize":"150-500人","approve":1,"financeStage":"成长型(不需要融资)","companyLabelList":["专项奖金","年底双薪","带薪年假","股票期权"],"district":"东城区","companyShortName":"五阿哥","score":0,"formatCreateTime":"2016-08-25","companyFullName":"五矿电子商务有限公司","adWord":0},{"companyId":46956,"explain":null,"plus":null,"pcShow":0,"appShow":0,"deliver":0,"gradeDescription":null,"businessZones":["望京","大山子","花家地"],"imState":"today","lastLogin":1472556433000,"publisherId":909068,"positionName":"iOS工程师","workYear":"1-3年","education":"本科","jobNature":"全职","positionId":1608890,"createTime":"2016-08-25 11:42:08","city":"北京","companyLogo":"image2/M00/06/3A/CgpzWlX5OpuAXYEgAAAW70-PBak131.jpg","industryField":"移动互联网,文化娱乐","positionAdvantage":"双休 五险一金 零食水果","salary":"15k-30k","companySize":"50-150人","approve":1,"financeStage":"成长型(B轮)","companyLabelList":["节日礼物","带薪年假","每日水果零食","五险一金"],"district":"朝阳区","companyShortName":"快看漫画","score":0,"formatCreateTime":"2016-08-25","companyFullName":"快看世界（北京）科技有限公司","adWord":0},{"companyId":119846,"explain":null,"plus":null,"pcShow":0,"appShow":0,"deliver":0,"gradeDescription":null,"businessZones":["九棵树","梨园","果园"],"imState":"disabled","lastLogin":1472523477000,"publisherId":4536014,"positionName":"iOS","workYear":"1-3年","education":"本科","jobNature":"全职","positionId":2286957,"createTime":"2016-08-25 11:29:30","city":"北京","companyLogo":"i/image/M00/14/D6/CgqKkVbqTvWAKYIXAAAid3OQqFU807.jpg","industryField":"移动互联网,文化娱乐","positionAdvantage":"周末双休，工作时间 9:30-18:30","salary":"15k-25k","companySize":"50-150人","approve":0,"financeStage":"初创型(未融资)","companyLabelList":null,"district":"通州区","companyShortName":"北京草木乐动网络科技有限公司","score":0,"formatCreateTime":"2016-08-25","companyFullName":"北京草木乐动网络科技有限公司","adWord":0},{"companyId":128686,"explain":null,"plus":null,"pcShow":0,"appShow":0,"deliver":0,"gradeDescription":null,"businessZones":["芍药居","太阳宫","对外经贸"],"imState":"sevenDays","lastLogin":1472205952000,"publisherId":4956152,"positionName":"iOS","workYear":"3-5年","education":"本科","jobNature":"全职","positionId":2286860,"createTime":"2016-08-25 11:21:36","city":"北京","companyLogo":"i/image/M00/29/95/Cgp3O1cwIA2AUrRoAAA-hMfSZ64890.jpg","industryField":"移动互联网,社交网络","positionAdvantage":"良好的合作团队","salary":"15k-25k","companySize":"少于15人","approve":0,"financeStage":"初创型(天使轮)","companyLabelList":null,"district":"朝阳区","companyShortName":"聚娱","score":0,"formatCreateTime":"2016-08-25","companyFullName":"北京聚娱科技有限公司","adWord":0},{"companyId":436,"explain":null,"plus":null,"pcShow":0,"appShow":0,"deliver":0,"gradeDescription":null,"businessZones":["酒仙桥","大山子","将台路"],"imState":"sevenDays","lastLogin":1472094588000,"publisherId":2650023,"positionName":"iOS研发工程师","workYear":"3-5年","education":"本科","jobNature":"全职","positionId":1115881,"createTime":"2016-08-25 11:15:37","city":"北京","companyLogo":"image1/M00/26/1E/Cgo8PFVUDROAf7zrAABr5cEcbGQ572.jpg","industryField":"移动互联网,游戏","positionAdvantage":"年底双薪，弹性工作，午餐补助，五险一金","salary":"15k-30k","companySize":"50-150人","approve":1,"financeStage":"上市公司","companyLabelList":null,"district":"朝阳区","companyShortName":"360","score":0,"formatCreateTime":"2016-08-25","companyFullName":"奇虎360科技有限公司","adWord":0},{"companyId":104996,"explain":null,"plus":null,"pcShow":0,"appShow":0,"deliver":0,"gradeDescription":null,"businessZones":["大望路","华贸","百子湾"],"imState":"today","lastLogin":1472520170000,"publisherId":3097516,"positionName":"iOS高级开发工程师","workYear":"1-3年","education":"大专","jobNature":"全职","positionId":1240327,"createTime":"2016-08-25 11:11:50","city":"北京","companyLogo":"i/image/M00/0F/46/CgqKkVbdhoiAcu2cAABM_CtwOPI911.png","industryField":"移动互联网,生活服务","positionAdvantage":"股票期权，扁平化管理，各种补助，大牛多","salary":"20k-30k","companySize":"50-150人","approve":1,"financeStage":"初创型(天使轮)","companyLabelList":["年底双薪","节日礼物","股票期权","扁平管理"],"district":"朝阳区","companyShortName":"厨品秀","score":0,"formatCreateTime":"2016-08-25","companyFullName":"北京厨品秀网络科技有限公司","adWord":0},{"companyId":91,"explain":null,"plus":null,"pcShow":0,"appShow":0,"deliver":0,"gradeDescription":null,"businessZones":["望京","大山子","酒仙桥"],"imState":"disabled","lastLogin":1472536677000,"publisherId":697488,"positionName":"iOS高级研发工程师","workYear":"不限","education":"不限","jobNature":"全职","positionId":540289,"createTime":"2016-08-25 11:00:51","city":"北京","companyLogo":"i/image/M00/01/92/CgqKkVZv9oyAebyDAACpLbec-1E022.jpg","industryField":"移动互联网","positionAdvantage":"福利待遇优越","salary":"15k-30k","companySize":"2000人以上","approve":1,"financeStage":"上市公司","companyLabelList":["弹性工作","帅哥多","美女多","五险一金"],"district":"朝阳区","companyShortName":"阿里巴巴移动事业群-高德","score":0,"formatCreateTime":"2016-08-25","companyFullName":"高德软件有限公司","adWord":0},{"companyId":84392,"explain":null,"plus":null,"pcShow":0,"appShow":0,"deliver":0,"gradeDescription":null,"businessZones":["东直门","海运仓","东四"],"imState":"today","lastLogin":1472552353000,"publisherId":2161115,"positionName":"iOS","workYear":"3-5年","education":"本科","jobNature":"全职","positionId":907083,"createTime":"2016-08-25 10:56:09","city":"北京","companyLogo":"image1/M00/3A/FF/CgYXBlWvI9uAVSrRAAAglbogjtc086.jpg?cc=0.7921222150325775","industryField":"移动互联网,教育","positionAdvantage":"五险一金、不打卡、无限量零食供应等","salary":"12k-20k","companySize":"15-50人","approve":0,"financeStage":"初创型(天使轮)","companyLabelList":["专项奖金","股票期权","带薪年假","美女老师多"],"district":"东城区","companyShortName":"北京银河润泰","score":0,"formatCreateTime":"2016-08-25","companyFullName":"北京银河润泰科技有限公司","adWord":0},{"companyId":102846,"explain":null,"plus":null,"pcShow":0,"appShow":0,"deliver":0,"gradeDescription":null,"businessZones":["大望路","华贸","红庙"],"imState":"today","lastLogin":1472524206000,"publisherId":2981923,"positionName":"iOS","workYear":"5-10年","education":"不限","jobNature":"全职","positionId":1849562,"createTime":"2016-08-25 10:53:16","city":"北京","companyLogo":"image2/M00/10/60/CgpzWlYt96KAUHmFAAAzl9vu2ZQ558.png?cc=0.5228044595820362","industryField":"移动互联网,企业服务","positionAdvantage":"环境好，同事之间和谐。","salary":"20k-30k","companySize":"少于15人","approve":0,"financeStage":"初创型(天使轮)","companyLabelList":["年底双薪","股票期权","专项奖金","绩效奖金"],"district":"朝阳区","companyShortName":"天策咨询","score":0,"formatCreateTime":"2016-08-25","companyFullName":"北京天策咨询有限公司","adWord":0},{"companyId":22326,"explain":null,"plus":null,"pcShow":0,"appShow":0,"deliver":0,"gradeDescription":null,"businessZones":["万泉河","苏州桥","苏州街"],"imState":"disabled","lastLogin":1472548268000,"publisherId":4118904,"positionName":"iOS高级开发工程师","workYear":"5-10年","education":"不限","jobNature":"全职","positionId":1582317,"createTime":"2016-08-25 10:49:25","city":"北京","companyLogo":"i/image/M00/4E/3D/Cgp3O1eqkSOAFqtWAAAaLvZwWQE418.jpg","industryField":"移动互联网,游戏","positionAdvantage":"五险一金，弹性时间上班，扁平化","salary":"25k-35k","companySize":"150-500人","approve":1,"financeStage":"成长型(B轮)","companyLabelList":["绩效奖金","五险一金","节日礼物","定期体检"],"district":"海淀区","companyShortName":"齐聚科技（原呱呱视频）","score":0,"formatCreateTime":"2016-08-25","companyFullName":"金华长风信息技术有限公司北京分公司","adWord":0},{"companyId":1575,"explain":null,"plus":null,"pcShow":0,"appShow":0,"deliver":0,"gradeDescription":null,"businessZones":["西北旺","马连洼","上地"],"imState":"disabled","lastLogin":1472554684000,"publisherId":5788085,"positionName":"iOS安全工程师、web云端安全工程师、Android安全工程师","workYear":"1-3年","education":"本科","jobNature":"全职","positionId":2167383,"createTime":"2016-08-25 10:29:34","city":"北京","companyLogo":"image1/M00/00/06/CgYXBlTUWAWAOBXrAABGHHFb0q8748.jpg","industryField":"移动互联网,数据服务","positionAdvantage":"公司发展平台大，福利待遇好","salary":"15k-30k","companySize":"2000人以上","approve":1,"financeStage":"上市公司","companyLabelList":["股票期权","弹性工作","五险一金","免费班车"],"district":"海淀区","companyShortName":"百度","score":0,"formatCreateTime":"2016-08-25","companyFullName":"百度在线网络技术（北京）有限公司","adWord":0}]}},"code":0}