{"success":true,"requestId":null,"msg":null,"resubmitToken":null,"content":{"pageNo":33,"pageSize":15,"positionResult":{"totalCount":974,"resultSize":15,"locationInfo":{"city":"北京","district":null,"queryByGisCode":false,"businessZone":null,"locationCode":null},"queryAnalysisInfo":{"positionName":"ios","companyName":null,"usefulCompany":false,"industryName":null},"strategyProperty":{"name":"dm-csearch-newSimScorer","id":1},"result":[{"companyId":50702,"companyShortName":"美团点评","createTime":"2016-08-23 17:05:58","positionId":2090302,"positionAdvantage":"期权","salary":"25k-40k","score":0,"workYear":"5-10年","education":"本科","city":"北京","positionName":"iOS开发工程师","companyLogo":"i/image/M00/4B/6C/CgqKkVefHv-AFoRzAAAuALF7ZZ0419.png","financeStage":"成熟型(D轮及以上)","industryField":"移动互联网,O2O","jobNature":"全职","approve":1,"companySize":"2000人以上","district":null,"companyLabelList":["技能培训","绩效奖金","岗位晋升","领导好"],"adWord":0,"appShow":0,"deliver":0,"formatCreateTime":"2016-08-23","gradeDescription":null,"companyFullName":"北京三快在线科技有限公司","businessZones":null,"imState":"disabled","lastLogin":1472520955000,"publisherId":5628203,"explain":null,"plus":null,"pcShow":0},{"companyId":70860,"companyShortName":"安心投","createTime":"2016-08-23 16:55:57","positionId":2098674,"positionAdvantage":"竞争力薪酬，有期权，年终奖，五险一金!","salary":"14k-25k","score":0,"workYear":"1-3年","education":"大专","city":"北京","positionName":"移动开发其它（ios／安卓）","companyLogo":"image1/M00/27/A4/Cgo8PFVbdA6AVLI8AABXx2FYTPs306.png","financeStage":"初创型(天使轮)","industryField":"移动互联网,金融","jobNature":"全职","approve":1,"companySize":"15-50人","district":"东城区","companyLabelList":["技能培训","年底双薪","股票期权","岗位晋升"],"adWord":0,"appShow":0,"deliver":0,"formatCreateTime":"2016-08-23","gradeDescription":null,"companyFullName":"北京放心科技服务有限公司","businessZones":["工体","三里屯","东直门"],"imState":"disabled","lastLogin":1472463443000,"publisherId":1710871,"explain":null,"plus":null,"pcShow":0},{"companyId":128991,"companyShortName":"杉合科技","createTime":"2016-08-23 16:45:38","positionId":2209516,"positionAdvantage":"创业阶段，环境自由，前景明朗，待遇优厚","salary":"15k-25k","score":0,"workYear":"3-5年","education":"本科","city":"北京","positionName":"高级iOS 工程师","companyLogo":"i/image/M00/2A/B7/Cgp3O1cy6VWARZOYAAAP4HVAfjo233.jpg","financeStage":"成长型(A轮)","industryField":"移动互联网,教育","jobNature":"全职","approve":0,"companySize":"15-50人","district":"朝阳区","companyLabelList":null,"adWord":0,"appShow":0,"deliver":0,"formatCreateTime":"2016-08-23","gradeDescription":null,"companyFullName":"杉合（北京）科技有限公司","businessZones":["国贸","CBD","东大桥"],"imState":"disabled","lastLogin":1472527137000,"publisherId":5043568,"explain":null,"plus":null,"pcShow":0},{"companyId":12965,"companyShortName":"神州数码","createTime":"2016-08-23 16:44:17","positionId":2277689,"positionAdvantage":"七险一金，平台大，发展好","salary":"8k-12k","score":0,"workYear":"1-3年","education":"本科","city":"北京","positionName":"IOS工程师(006900)","companyLogo":"image1/M00/00/19/Cgo8PFTUWFOAaaXiAACnzoYYhfc884.gif","financeStage":"上市公司","industryField":"硬件 ,数据服务","jobNature":"全职","approve":1,"companySize":"2000人以上","district":"海淀区","companyLabelList":["绩效奖金","五险一金","弹性工作","通讯津贴"],"adWord":0,"appShow":0,"deliver":0,"formatCreateTime":"2016-08-23","gradeDescription":null,"companyFullName":"神州数码（中国）有限公司","businessZones":null,"imState":"disabled","lastLogin":1472535254000,"publisherId":3623049,"explain":null,"plus":null,"pcShow":0},{"companyId":3328,"companyShortName":"好未来","createTime":"2016-08-23 16:13:17","positionId":1958691,"positionAdvantage":"上市公司,创新事业部,福利好","salary":"15k-30k","score":0,"workYear":"3-5年","education":"本科","city":"北京","positionName":"iOS","companyLogo":"image1/M00/00/09/Cgo8PFTUWBGALraJAAAeTBKK4IU791.png","financeStage":"上市公司","industryField":"移动互联网,教育","jobNature":"全职","approve":1,"companySize":"2000人以上","district":"海淀区","companyLabelList":["上市公司","领军企业","五险一金","住福计划"],"adWord":0,"appShow":0,"deliver":0,"formatCreateTime":"2016-08-23","gradeDescription":null,"companyFullName":"北京世纪好未来教育科技有限公司","businessZones":["北京大学","中关村","苏州街"],"imState":"today","lastLogin":1472565054000,"publisherId":3371107,"explain":null,"plus":null,"pcShow":0},{"companyId":104601,"companyShortName":"百度外卖","createTime":"2016-08-23 16:12:04","positionId":2003417,"positionAdvantage":"靠谱创业、期权、健全人才培养","salary":"15k-30k","score":0,"workYear":"1-3年","education":"本科","city":"北京","positionName":"iOS","companyLogo":"image2/M00/13/09/CgpzWlY5nAyATp-rAABoQyerlBE060.jpg?cc=0.10944942501373589","financeStage":"成长型(B轮)","industryField":"O2O,生活服务","jobNature":"全职","approve":0,"companySize":"500-2000人","district":"海淀区","companyLabelList":["带薪年假","岗位晋升","领导好","通讯津贴"],"adWord":0,"appShow":0,"deliver":0,"formatCreateTime":"2016-08-23","gradeDescription":null,"companyFullName":"百度外卖","businessZones":["上地","马连洼","西二旗"],"imState":"today","lastLogin":1472544907000,"publisherId":3984896,"explain":null,"plus":null,"pcShow":0},{"companyId":84697,"companyShortName":"清流资本","createTime":"2016-08-23 15:57:10","positionId":1995199,"positionAdvantage":"清流资本被投企业，创业维艰，一起奋斗吧","salary":"20k-40k","score":0,"workYear":"3-5年","education":"本科","city":"北京","positionName":"技术类（后台Java/PHP/Python+前端+iOS/Android）","companyLogo":"image1/M00/3F/A8/Cgo8PFXBbGKAPdhnAAATkDpxBNc871.jpg","financeStage":"初创型(不需要融资)","industryField":"移动互联网,金融","jobNature":"全职","approve":0,"companySize":"少于15人","district":"朝阳区","companyLabelList":["节日礼物","股票期权","发展空间好","扁平管理"],"adWord":0,"appShow":0,"deliver":0,"formatCreateTime":"2016-08-23","gradeDescription":null,"companyFullName":"清流（北京）投资咨询有限公司","businessZones":["望京","大山子","花家地"],"imState":"disabled","lastLogin":1472108662000,"publisherId":2167539,"explain":null,"plus":null,"pcShow":0},{"companyId":117466,"companyShortName":"道口财富","createTime":"2016-08-23 15:39:46","positionId":2174026,"positionAdvantage":"清华大学项目，精英团队，福利待遇优厚","salary":"13k-18k","score":0,"workYear":"3-5年","education":"本科","city":"北京","positionName":"iOS开发工程师","companyLogo":"i/image/M00/26/7F/Cgp3O1chpmiAYlxqAACfR09iCo4864.jpg","financeStage":"初创型(不需要融资)","industryField":"移动互联网,金融","jobNature":"全职","approve":1,"companySize":"15-50人","district":"海淀区","companyLabelList":null,"adWord":0,"appShow":0,"deliver":0,"formatCreateTime":"2016-08-23","gradeDescription":null,"companyFullName":"清控道口财富科技股份有限公司","businessZones":["五道口","清华大学","中关村"],"imState":"today","lastLogin":1472544697000,"publisherId":838980,"explain":null,"plus":null,"pcShow":0},{"companyId":50604,"companyShortName":"roobo","createTime":"2016-08-23 15:20:03","positionId":1311667,"positionAdvantage":"优秀团队，弹性上班，福利好团队，期权奖励","salary":"15k-30k","score":0,"workYear":"1-3年","education":"本科","city":"北京","positionName":"iOS 视频SDK开发工程师","companyLogo":"image1/M00/15/5F/Cgo8PFUKWS-AX_i9AAAzuotizOM181.png","financeStage":"成长型(A轮)","industryField":"硬件","jobNature":"全职","approve":1,"companySize":"150-500人","district":"朝阳区","companyLabelList":["年底双薪","节日礼物","技能培训","年度旅游"],"adWord":0,"appShow":0,"deliver":0,"formatCreateTime":"2016-08-23","gradeDescription":null,"companyFullName":"北京智能管家科技有限公司","businessZones":["立水桥"],"imState":"today","lastLogin":1472549584000,"publisherId":989716,"explain":null,"plus":null,"pcShow":0},{"companyId":113856,"companyShortName":"作业帮","createTime":"2016-08-23 15:06:27","positionId":2121417,"positionAdvantage":"技术氛围好，期权激励，七险一金，免费三餐","salary":"15k-30k","score":0,"workYear":"3-5年","education":"本科","city":"北京","positionName":"iOS资深开发工程师","companyLogo":"i/image/M00/4E/40/CgqKkVeqlb2AF8JlAAAktQnnu8U850.png","financeStage":"成长型(B轮)","industryField":"移动互联网,教育","jobNature":"全职","approve":0,"companySize":"150-500人","district":"海淀区","companyLabelList":["股票期权","免费三餐","打车报销","14薪"],"adWord":0,"appShow":0,"deliver":0,"formatCreateTime":"2016-08-23","gradeDescription":null,"companyFullName":"小船出海教育科技（北京）有限公司","businessZones":["上地","西二旗","马连洼"],"imState":"today","lastLogin":1472563430000,"publisherId":5504534,"explain":null,"plus":null,"pcShow":0},{"companyId":129756,"companyShortName":"龙珠秀场","createTime":"2016-08-23 14:40:56","positionId":2038433,"positionAdvantage":"无限零食，午餐补助，绩效奖金","salary":"15k-17k","score":0,"workYear":"3-5年","education":"大专","city":"北京","positionName":"iOS","companyLogo":"i/image/M00/2C/5B/Cgp3O1c5RteAPLBSAAAbVTxkksQ107.jpg","financeStage":"初创型(不需要融资)","industryField":"文化娱乐,社交网络","jobNature":"全职","approve":0,"companySize":"15-50人","district":"海淀区","companyLabelList":["带薪年假","午餐补助","绩效奖金"],"adWord":0,"appShow":0,"deliver":0,"formatCreateTime":"2016-08-23","gradeDescription":null,"companyFullName":"精艺游美（北京）网络科技有限公司","businessZones":["西北旺"],"imState":"today","lastLogin":1472545613000,"publisherId":5090937,"explain":null,"plus":null,"pcShow":0},{"companyId":21372,"companyShortName":"搜房网","createTime":"2016-08-23 14:03:51","positionId":226488,"positionAdvantage":"带薪年假，五险一金，年度旅游","salary":"8k-15k","score":0,"workYear":"1-3年","education":"本科","city":"北京","positionName":"iOS","companyLogo":"i/image/M00/2B/18/CgqKkVcz85aAUyt4AAAnh1HgHtQ724.jpg","financeStage":"上市公司","industryField":"生活服务","jobNature":"全职","approve":1,"companySize":"2000人以上","district":"丰台区","companyLabelList":["股票期权","带薪年假","绩效奖金","午餐补助"],"adWord":0,"appShow":0,"deliver":0,"formatCreateTime":"2016-08-23","gradeDescription":null,"companyFullName":"北京搜房网络技术有限公司","businessZones":["世界公园","科技园区","看丹桥"],"imState":"today","lastLogin":1472547738000,"publisherId":604339,"explain":null,"plus":null,"pcShow":0},{"companyId":24134,"companyShortName":"数派金融","createTime":"2016-08-23 13:57:50","positionId":966235,"positionAdvantage":"前景广阔，各种补助。","salary":"11k-22k","score":0,"workYear":"3-5年","education":"本科","city":"北京","positionName":"iOS","companyLogo":"image1/M00/00/30/Cgo8PFTUXISAe_3TAACTZm8jCvw411.jpg","financeStage":"成长型(不需要融资)","industryField":"金融,分类信息","jobNature":"全职","approve":1,"companySize":"50-150人","district":"朝阳区","companyLabelList":["技能培训","节日礼物","专项奖金","带薪年假"],"adWord":0,"appShow":0,"deliver":0,"formatCreateTime":"2016-08-23","gradeDescription":null,"companyFullName":"北京少数派信息科技有限公司","businessZones":["团结湖","朝阳公园","三里屯"],"imState":"disabled","lastLogin":1472525743000,"publisherId":2257375,"explain":null,"plus":null,"pcShow":0},{"companyId":70,"companyShortName":"宝宝树","createTime":"2016-08-23 13:56:59","positionId":922893,"positionAdvantage":"全球最大母婴服务平台 D轮融资 敏捷开发","salary":"20k-30k","score":0,"workYear":"3-5年","education":"不限","city":"北京","positionName":"高级iOS开发工程师","companyLogo":"i/image/M00/01/A2/CgqKkVZyGeyAUPeJAAAIURCZrmM626.png","financeStage":"成熟型(D轮及以上)","industryField":"社交网络","jobNature":"全职","approve":1,"companySize":"500-2000人","district":"朝阳区","companyLabelList":["商业医疗保险","股票期权","带薪年假","扁平管理"],"adWord":0,"appShow":0,"deliver":0,"formatCreateTime":"2016-08-23","gradeDescription":null,"companyFullName":"宝宝树（北京）信息技术有限公司","businessZones":["团结湖","朝阳公园","三里屯"],"imState":"today","lastLogin":1472542866000,"publisherId":198,"explain":null,"plus":null,"pcShow":0},{"companyId":47270,"companyShortName":"儒思北京","createTime":"2016-08-23 13:30:31","positionId":2275726,"positionAdvantage":"BAT团队,A轮融资,老板好,环境好","salary":"13k-20k","score":0,"workYear":"3-5年","education":"大专","city":"北京","positionName":"iOS","companyLogo":"image1/M00/00/7A/Cgo8PFTUXbmAdxWMAABoQf8XKEI462.png","financeStage":"成长型(A轮)","industryField":"O2O","jobNature":"全职","approve":0,"companySize":"15-50人","district":"朝阳区","companyLabelList":["带薪年假","绩效奖金","岗位晋升","年度旅游"],"adWord":0,"appShow":0,"deliver":0,"formatCreateTime":"2016-08-23","gradeDescription":null,"companyFullName":"儒思（北京）教育科技有限公司","businessZones":["双井","广渠门","劲松"],"imState":"disabled","lastLogin":1472523594000,"publisherId":5964175,"explain":null,"plus":null,"pcShow":0}]}},"code":0}