{"resubmitToken":null,"success":true,"requestId":null,"msg":null,"content":{"pageNo":18,"pageSize":15,"positionResult":{"totalCount":974,"resultSize":15,"locationInfo":{"city":"北京","district":null,"businessZone":null,"queryByGisCode":false,"locationCode":null},"queryAnalysisInfo":{"positionName":"ios","companyName":null,"industryName":null,"usefulCompany":false},"strategyProperty":{"name":"dm-csearch-newSimScorer","id":1},"result":[{"companyId":50476,"positionName":"iOS","workYear":"5-10年","education":"本科","jobNature":"全职","createTime":"2016-08-30 09:58:19","companyShortName":"盈泰财富云","positionId":2303249,"salary":"15k-30k","approve":1,"city":"北京","positionAdvantage":"精英文化，深涉金融，六险一金，员工持股","companyLogo":"image1/M00/00/84/Cgo8PFTUXeSAKU0pAAButaDUfeY414.jpg","industryField":"移动互联网,金融","companyLabelList":["技能培训","岗位晋升","年终分红","股票期权"],"financeStage":"成长型(A轮)","district":"东城区","score":0,"companySize":"50-150人","companyFullName":"北京盈泰财富云电子商务有限公司","adWord":0,"formatCreateTime":"09:58发布","imState":"disabled","lastLogin":1472530675000,"publisherId":5028544,"explain":null,"plus":null,"pcShow":0,"appShow":0,"deliver":0,"gradeDescription":null,"businessZones":["和平里","雍和宫","安定门"]},{"companyId":134410,"positionName":"iOS开发工程师","workYear":"1-3年","education":"大专","jobNature":"全职","createTime":"2016-08-26 16:54:03","companyShortName":"海盛格文化","positionId":2208704,"salary":"20k-35k","approve":0,"city":"北京","positionAdvantage":"周末双休 弹性工作时间 五险一金 各种福利","companyLogo":"i/image/M00/37/48/CgqKkVdf1OSAYOD0AAAXo1Fe0DI969.jpg","industryField":"文化娱乐,广告营销","companyLabelList":null,"financeStage":"成长型(B轮)","district":"朝阳区","score":0,"companySize":"50-150人","companyFullName":"上海海盛格文化有限公司","adWord":0,"formatCreateTime":"2016-08-26","imState":"sevenDays","lastLogin":1472201535000,"publisherId":5351698,"explain":null,"plus":null,"pcShow":0,"appShow":0,"deliver":0,"gradeDescription":null,"businessZones":null},{"companyId":22596,"positionName":"iOS开发工程师","workYear":"1-3年","education":"本科","jobNature":"全职","createTime":"2016-08-26 16:26:00","companyShortName":"MICO","positionId":803479,"salary":"15k-30k","approve":1,"city":"北京","positionAdvantage":"海外社交，海量用户，极具挑战","companyLogo":"image1/M00/43/C6/Cgo8PFXS1LOATX3fAAAPhvurXUk055.png","industryField":"移动互联网","companyLabelList":["股票期权","年度旅游","移动社交","五险一金"],"financeStage":"成长型(A轮)","district":"海淀区","score":0,"companySize":"50-150人","companyFullName":"北京米可世界科技有限公司","adWord":0,"formatCreateTime":"2016-08-26","imState":"today","lastLogin":1472577488000,"publisherId":1838566,"explain":null,"plus":null,"pcShow":0,"appShow":0,"deliver":0,"gradeDescription":null,"businessZones":["知春路","双榆树","大钟寺"]},{"companyId":116526,"positionName":"iOS","workYear":"1-3年","education":"本科","jobNature":"全职","createTime":"2016-08-26 15:29:57","companyShortName":"EIT","positionId":1636914,"salary":"10k-15k","approve":0,"city":"北京","positionAdvantage":"晋升机制好，待遇优，美女老板","companyLogo":"i/image/M00/08/60/CgqKkVbP5waAProWAAAnm1NZZuk799.png","industryField":"移动互联网,医疗健康","companyLabelList":["带薪年假","午餐补助","免费班车","领导好"],"financeStage":"初创型(未融资)","district":"大兴区","score":0,"companySize":"150-500人","companyFullName":"安华亿能医疗影像科技（北京）有限公司","adWord":0,"formatCreateTime":"2016-08-26","imState":"disabled","lastLogin":1472522350000,"publisherId":4145641,"explain":null,"plus":null,"pcShow":0,"appShow":0,"deliver":0,"gradeDescription":null,"businessZones":null},{"companyId":250,"positionName":"iOS兼职布道师","workYear":"3-5年","education":"不限","jobNature":"兼职","createTime":"2016-08-26 15:19:04","companyShortName":"极客学院","positionId":2293703,"salary":"4k-6k","approve":1,"city":"北京","positionAdvantage":"工作灵活 待遇丰厚","companyLogo":"image1/M00/16/BE/Cgo8PFUPkIaAPwLBAABWOrJqLZ4007.jpg","industryField":"移动互联网","companyLabelList":["节日礼物","技能培训","MAC办公","免费体检"],"financeStage":"成长型(B轮)","district":"海淀区","score":0,"companySize":"50-150人","companyFullName":"北京易联致远无线技术有限公司（EOE-最大的android社区）","adWord":0,"formatCreateTime":"2016-08-26","imState":"today","lastLogin":1472562974000,"publisherId":1569243,"explain":null,"plus":null,"pcShow":0,"appShow":0,"deliver":0,"gradeDescription":null,"businessZones":["上地","马连洼","西二旗"]},{"companyId":122524,"positionName":"诚聘iOS开发工程师","workYear":"3-5年","education":"大专","jobNature":"全职","createTime":"2016-08-26 15:11:00","companyShortName":"嗖嗖","positionId":1995755,"salary":"15k-20k","approve":0,"city":"北京","positionAdvantage":"六险一金周末双休内部晋升带薪年假","companyLogo":"i/image/M00/1B/13/CgqKkVb7m2iAMN6YAAA7O4yVoZQ663.png","industryField":"移动互联网","companyLabelList":null,"financeStage":"成长型(A轮)","district":"朝阳区","score":0,"companySize":"150-500人","companyFullName":"北京福得利企业管理服务有限公司","adWord":0,"formatCreateTime":"2016-08-26","imState":"today","lastLogin":1472551291000,"publisherId":4631682,"explain":null,"plus":null,"pcShow":0,"appShow":0,"deliver":0,"gradeDescription":null,"businessZones":["大望路","百子湾","双井"]},{"companyId":21946,"positionName":"iOS","workYear":"3-5年","education":"本科","jobNature":"全职","createTime":"2016-08-26 15:04:35","companyShortName":"来人到家","positionId":1882030,"salary":"15k-30k","approve":1,"city":"北京","positionAdvantage":"五险，双休，节假日，领导nice","companyLogo":"image1/M00/00/29/CgYXBlTUWJGAVRXyAAB9NT8FhCk429.jpg","industryField":"O2O","companyLabelList":["岗位晋升","五险一金","午餐补助"],"financeStage":"初创型(未融资)","district":"朝阳区","score":0,"companySize":"500-2000人","companyFullName":"北京来人网络科技有限公司","adWord":0,"formatCreateTime":"2016-08-26","imState":"disabled","lastLogin":1472550572000,"publisherId":2934603,"explain":null,"plus":null,"pcShow":0,"appShow":0,"deliver":0,"gradeDescription":null,"businessZones":["管庄","双桥","定福庄"]},{"companyId":141632,"positionName":"iOS","workYear":"1-3年","education":"本科","jobNature":"全职","createTime":"2016-08-26 15:03:57","companyShortName":"亿讯网络","positionId":2293583,"salary":"18k-30k","approve":0,"city":"北京","positionAdvantage":"定期体检；公司美女多、养眼；年终奖","companyLogo":"i/image/M00/4A/98/Cgp3O1ebDgGAWroHAABX9xjo9SM702.png","industryField":"移动互联网,电子商务","companyLabelList":null,"financeStage":"成长型(B轮)","district":"西城区","score":0,"companySize":"150-500人","companyFullName":"北京亿讯网络技术有限公司","adWord":0,"formatCreateTime":"2016-08-26","imState":"disabled","lastLogin":1472201475000,"publisherId":5788537,"explain":null,"plus":null,"pcShow":0,"appShow":0,"deliver":0,"gradeDescription":null,"businessZones":["复兴门","金融街","月坛"]},{"companyId":4188,"positionName":"高级iOS工程师","workYear":"3-5年","education":"本科","jobNature":"全职","createTime":"2016-08-26 14:57:14","companyShortName":"INK 银客集团","positionId":1598981,"salary":"15k-25k","approve":1,"city":"北京","positionAdvantage":"六险一金 弹性工作 免费午餐 水果小吃","companyLogo":"i/image/M00/50/E0/Cgp3O1e1VzuAbWtIAABlS7mn8zw062.png","industryField":"移动互联网,金融","companyLabelList":["股票期权","16薪","扁平化管理","免费两餐"],"financeStage":"成熟型(C轮)","district":"海淀区","score":0,"companySize":"500-2000人","companyFullName":"银客未来科技（北京）有限公司","adWord":0,"formatCreateTime":"2016-08-26","imState":"today","lastLogin":1472554783000,"publisherId":1334443,"explain":null,"plus":null,"pcShow":0,"appShow":0,"deliver":0,"gradeDescription":null,"businessZones":["中关村","苏州街","苏州桥"]},{"companyId":31010,"positionName":"iOS开发工程师","workYear":"1-3年","education":"本科","jobNature":"全职","createTime":"2016-08-26 14:37:56","companyShortName":"亲亲宝贝","positionId":2293375,"salary":"8k-15k","approve":1,"city":"北京","positionAdvantage":"发展前景好 升职加薪快","companyLogo":"image1/M00/0B/2E/Cgo8PFTxjqaAMSthAABS1hGpqh0802.jpg","industryField":"移动互联网,电子商务","companyLabelList":["技能培训","带薪年假","岗位晋升","扁平管理"],"financeStage":"成长型(A轮)","district":"海淀区","score":0,"companySize":"150-500人","companyFullName":"北京市亲亲宝贝科技管理有限公司","adWord":0,"formatCreateTime":"2016-08-26","imState":"disabled","lastLogin":1472192795000,"publisherId":2193635,"explain":null,"plus":null,"pcShow":0,"appShow":0,"deliver":0,"gradeDescription":null,"businessZones":["上地","清河","小营"]},{"companyId":50889,"positionName":"iOS工程师","workYear":"3-5年","education":"本科","jobNature":"全职","createTime":"2016-08-26 14:36:18","companyShortName":"和创科技（红圈营销）","positionId":1469047,"salary":"20k-35k","approve":1,"city":"北京","positionAdvantage":"上市公司，极客汇集，持续的股权激励政策！","companyLogo":"i/image/M00/03/44/Cgp3O1ax7JWAOSzUAABS3OF0A7w289.jpg","industryField":"移动互联网,企业服务","companyLabelList":["弹性工作","敏捷研发","股票期权","年底双薪"],"financeStage":"上市公司","district":"西城区","score":0,"companySize":"2000人以上","companyFullName":"和创（北京）科技股份有限公司","adWord":0,"formatCreateTime":"2016-08-26","imState":"today","lastLogin":1472559909000,"publisherId":2488880,"explain":null,"plus":null,"pcShow":0,"appShow":0,"deliver":0,"gradeDescription":null,"businessZones":null},{"companyId":50108,"positionName":"iOS","workYear":"1-3年","education":"不限","jobNature":"全职","createTime":"2016-08-26 13:48:52","companyShortName":"机遇科技","positionId":418126,"salary":"8k-16k","approve":0,"city":"北京","positionAdvantage":"精英团队、股票期权、完善福利、丰富奖金","companyLogo":"image1/M00/00/83/Cgo8PFTUXd-APRs-AAA9xw67zeU209.png","industryField":"移动互联网,社交网络","companyLabelList":["年底双薪","技能培训","节日礼物","专项奖金"],"financeStage":"初创型(天使轮)","district":"海淀区","score":0,"companySize":"少于15人","companyFullName":"北京机遇科技有限公司","adWord":0,"formatCreateTime":"2016-08-26","imState":"today","lastLogin":1472529496000,"publisherId":980938,"explain":null,"plus":null,"pcShow":0,"appShow":0,"deliver":0,"gradeDescription":null,"businessZones":["上地","马连洼","西二旗"]},{"companyId":92122,"positionName":"iOS","workYear":"1-3年","education":"大专","jobNature":"全职","createTime":"2016-08-26 13:37:58","companyShortName":"笨笨乐园","positionId":1041470,"salary":"10k-18k","approve":0,"city":"北京","positionAdvantage":"有竞争力的薪酬、员工福利完善、晋升机会多","companyLogo":"i/image/M00/32/F9/Cgp3O1dQBkSAWXTxAAAOx1Xnf50388.png","industryField":"移动互联网,社交网络","companyLabelList":["年底双薪","股票期权","带薪年假","绩效奖金"],"financeStage":"成长型(B轮)","district":"朝阳区","score":0,"companySize":"15-50人","companyFullName":"上海添玺信息科技有限公司","adWord":0,"formatCreateTime":"2016-08-26","imState":"disabled","lastLogin":1472447033000,"publisherId":2381851,"explain":null,"plus":null,"pcShow":0,"appShow":0,"deliver":0,"gradeDescription":null,"businessZones":["亮马桥","三元桥","燕莎"]},{"companyId":2768,"positionName":"iOS开发工程师","workYear":"3-5年","education":"本科","jobNature":"全职","createTime":"2016-08-26 12:57:48","companyShortName":"易到用车","positionId":2292823,"salary":"15k-30k","approve":1,"city":"北京","positionAdvantage":"用车优惠 六险一金 有竞争力的薪资福利","companyLogo":"i/image/M00/47/3B/CgqKkVeO8sWAS9d9AAAgP9GL_Zc630.png","industryField":"移动互联网,O2O","companyLabelList":["节日礼物","绩效奖金","岗位晋升","年度旅游"],"financeStage":"成熟型(C轮)","district":"海淀区","score":0,"companySize":"500-2000人","companyFullName":"北京东方车云信息技术有限公司","adWord":0,"formatCreateTime":"2016-08-26","imState":"disabled","lastLogin":1472536534000,"publisherId":5231617,"explain":null,"plus":null,"pcShow":0,"appShow":0,"deliver":0,"gradeDescription":null,"businessZones":["苏州街","北京大学","颐和园"]},{"companyId":59949,"positionName":"iOS 初级研发工程师","workYear":"1-3年","education":"本科","jobNature":"全职","createTime":"2016-08-26 12:45:52","companyShortName":"融云","positionId":653125,"salary":"9k-18k","approve":1,"city":"北京","positionAdvantage":"优质创业公司、发展势头迅猛、薪资福利超赞","companyLogo":"image1/M00/34/19/Cgo8PFWV_TyABkj0AAAgFevtc6Q192.png","industryField":"移动互联网,数据服务","companyLabelList":["节日礼物","期权机会","带薪年假","岗位晋升"],"financeStage":"初创型(天使轮)","district":"朝阳区","score":0,"companySize":"50-150人","companyFullName":"北京云中融信网络科技有限公司","adWord":0,"formatCreateTime":"2016-08-26","imState":"sevenDays","lastLogin":1472186419000,"publisherId":1510436,"explain":null,"plus":null,"pcShow":0,"appShow":0,"deliver":0,"gradeDescription":null,"businessZones":["北苑","立水桥"]}]}},"code":0}