{"msg":null,"resubmitToken":null,"success":true,"requestId":null,"content":{"pageNo":50,"pageSize":15,"positionResult":{"totalCount":974,"resultSize":15,"locationInfo":{"city":"北京","district":null,"locationCode":null,"businessZone":null,"queryByGisCode":false},"queryAnalysisInfo":{"positionName":"ios","companyName":null,"usefulCompany":false,"industryName":null},"strategyProperty":{"name":"dm-csearch-newSimScorer","id":1},"result":[{"companyId":1880,"formatCreateTime":"2016-08-09","score":0,"positionId":2212397,"positionName":"iOS","createTime":"2016-08-09 11:11:17","positionAdvantage":"奖金期权,技术氛围好,午餐晚餐,健身房","salary":"30k-60k","approve":1,"workYear":"3-5年","education":"本科","city":"北京","companyLogo":"image1/M00/00/06/CgYXBlTUWAeAceGUAAAjba3fUBE119.png","jobNature":"全职","industryField":"移动互联网","companyShortName":"快手","financeStage":"成长型(B轮)","companySize":"50-150人","companyLabelList":["股票期权","五险一金","弹性工作","定期体检"],"district":"海淀区","businessZones":["五道口","清华大学","中关村"],"imState":"today","lastLogin":1472558530000,"publisherId":5387152,"explain":null,"plus":null,"pcShow":0,"appShow":0,"deliver":0,"gradeDescription":null,"companyFullName":"北京达佳互联信息技术有限公司","adWord":0},{"companyId":112375,"formatCreateTime":"2016-08-08","score":0,"positionId":1636658,"positionName":"iOS高级研发工程师","createTime":"2016-08-08 14:30:21","positionAdvantage":"一流技术团队、高薪高股、地铁周边","salary":"15k-30k","approve":0,"workYear":"3-5年","education":"本科","city":"北京","companyLogo":"i/image/M00/48/FE/CgqKkVeV4amAFNCVAABnd-6Bs1c098.png","jobNature":"全职","industryField":"移动互联网","companyShortName":"伴鱼口语","financeStage":"成长型(A轮)","companySize":"15-50人","companyLabelList":["带薪年假","交通补助","五险一金","住宿补贴"],"district":"海淀区","businessZones":["北太平庄","牡丹园","健翔桥"],"imState":"today","lastLogin":1472555317000,"publisherId":4640765,"explain":null,"plus":null,"pcShow":0,"appShow":0,"deliver":0,"gradeDescription":null,"companyFullName":"北京读我科技有限公司","adWord":0},{"companyId":25021,"formatCreateTime":"2016-08-08","score":0,"positionId":1836880,"positionName":"iOS开发工程师（中高级）","createTime":"2016-08-08 10:22:25","positionAdvantage":"亿级用户量产品，良好的发展空间","salary":"15k-30k","approve":0,"workYear":"1-3年","education":"本科","city":"北京","companyLogo":"image1/M00/2A/10/Cgo8PFVpRQWAIyMQAABwOlPdDJ4570.png","jobNature":"全职","industryField":"移动互联网,社交网络","companyShortName":"新浪微博","financeStage":"上市公司","companySize":"2000人以上","companyLabelList":["技能培训","股票期权","带薪年假","绩效奖金"],"district":"海淀区","businessZones":["北京大学","中关村","苏州街"],"imState":"disabled","lastLogin":1472525263000,"publisherId":3139,"explain":null,"plus":null,"pcShow":0,"appShow":0,"deliver":0,"gradeDescription":null,"companyFullName":"新浪微博","adWord":0},{"companyId":134042,"formatCreateTime":"2016-08-08","score":0,"positionId":2099854,"positionName":"iOS工程师","createTime":"2016-08-08 09:54:36","positionAdvantage":"五险一金 高薪 高额补助 丰厚项目奖金","salary":"10k-20k","approve":0,"workYear":"不限","education":"本科","city":"北京","companyLogo":"i/image/M00/36/F1/Cgp3O1de9kuAMs7wAAAL_C3igi0677.png","jobNature":"全职","industryField":"移动互联网,企业服务","companyShortName":"海致BDP","financeStage":"成熟型(C轮)","companySize":"150-500人","companyLabelList":["股票期权","交通补助","带薪年假","定期体检"],"district":"海淀区","businessZones":["清河"],"imState":"disabled","lastLogin":1470988843000,"publisherId":5475560,"explain":null,"plus":null,"pcShow":0,"appShow":0,"deliver":0,"gradeDescription":null,"companyFullName":"海致网络技术(北京)有限公司","adWord":0},{"companyId":107642,"formatCreateTime":"2016-08-07","score":0,"positionId":1987469,"positionName":"iOS Swift软件工程师","createTime":"2016-08-07 15:11:20","positionAdvantage":"硅谷回国CEO，工作氛围轻松，双休，午餐","salary":"12k-20k","approve":0,"workYear":"1-3年","education":"本科","city":"北京","companyLogo":"i/image/M00/1F/72/CgqKkVcLetyAI7C3AACV5YlCl3k919.png","jobNature":"全职","industryField":"移动互联网,电子商务","companyShortName":"大星","financeStage":"初创型(未融资)","companySize":"少于15人","companyLabelList":null,"district":"海淀区","businessZones":null,"imState":"disabled","lastLogin":1471225785000,"publisherId":3249652,"explain":null,"plus":null,"pcShow":0,"appShow":0,"deliver":0,"gradeDescription":null,"companyFullName":"北京大星信息技术有限公司","adWord":0},{"companyId":114110,"formatCreateTime":"2016-08-07","score":0,"positionId":1941503,"positionName":"（资深）Android开发工程师/IOS开发工程师","createTime":"2016-08-07 12:03:17","positionAdvantage":"六险一金，福利待遇优厚","salary":"15k-25k","approve":1,"workYear":"3-5年","education":"本科","city":"北京","companyLogo":"i/image/M00/04/2B/Cgp3O1bGwzWAEAB4AAAbnMQCudk783.jpg","jobNature":"全职","industryField":"移动互联网","companyShortName":"乐视","financeStage":"上市公司","companySize":"2000人以上","companyLabelList":["股票期权","交通补助","通讯津贴","带薪年假"],"district":null,"businessZones":null,"imState":"today","lastLogin":1472522316000,"publisherId":1375495,"explain":null,"plus":null,"pcShow":0,"appShow":0,"deliver":0,"gradeDescription":null,"companyFullName":"乐视网信息技术（北京）股份有限公司","adWord":0},{"companyId":2334,"formatCreateTime":"2016-08-05","score":0,"positionId":2201364,"positionName":"iOS","createTime":"2016-08-05 17:26:09","positionAdvantage":"晋升空间大 弹性工作 出国机会","salary":"7k-12k","approve":0,"workYear":"1-3年","education":"本科","city":"北京","companyLogo":"image1/M00/00/07/CgYXBlTUWAqAP4HaAABpRuLxMlc028.png","jobNature":"全职","industryField":"移动互联网,广告营销","companyShortName":"活力树","financeStage":"初创型(天使轮)","companySize":"15-50人","companyLabelList":["绩效奖金","五险一金","节日礼物","技能培训"],"district":"海淀区","businessZones":["马甸","北太平庄","牡丹园"],"imState":"today","lastLogin":1472541434000,"publisherId":394762,"explain":null,"plus":null,"pcShow":0,"appShow":0,"deliver":0,"gradeDescription":null,"companyFullName":"活力树（北京）网络科技有限公司","adWord":0},{"companyId":98908,"formatCreateTime":"2016-08-05","score":0,"positionId":1387288,"positionName":"iOS高级开发工程师","createTime":"2016-08-05 16:04:46","positionAdvantage":"背景强大、成长迅速的创业公司期待你的加入","salary":"20k-30k","approve":1,"workYear":"5-10年","education":"本科","city":"北京","companyLogo":"i/image/M00/02/00/CgqKkVZ-MWSAH0c6AAAUTEoypIQ603.png","jobNature":"全职","industryField":"移动互联网,医疗健康","companyShortName":"马拉马拉","financeStage":"成长型(A轮)","companySize":"15-50人","companyLabelList":["带薪年假","扁平管理","弹性工作","工程师文化"],"district":"朝阳区","businessZones":["工体","三里屯","团结湖"],"imState":"sevenDays","lastLogin":1472113506000,"publisherId":2731185,"explain":null,"plus":null,"pcShow":0,"appShow":0,"deliver":0,"gradeDescription":null,"companyFullName":"聪投（北京）信息技术有限公司","adWord":0},{"companyId":68951,"formatCreateTime":"2016-08-05","score":0,"positionId":1530067,"positionName":"iOS高级开发工程师","createTime":"2016-08-05 15:30:57","positionAdvantage":"国内实力大券商，能给你想要的体面与成就。","salary":"15k-30k","approve":0,"workYear":"1-3年","education":"硕士","city":"北京","companyLogo":"image1/M00/25/C3/Cgo8PFVSrrmACdqeAABLTF1z5ow931.png","jobNature":"全职","industryField":"金融","companyShortName":"银河证券","financeStage":"上市公司","companySize":"2000人以上","companyLabelList":["技能培训","节日礼物","带薪年假","绩效奖金"],"district":"西城区","businessZones":["复兴门","金融街","月坛"],"imState":"overSevenDays","lastLogin":1471929895000,"publisherId":2987122,"explain":null,"plus":null,"pcShow":0,"appShow":0,"deliver":0,"gradeDescription":null,"companyFullName":"中国银河证券股份有限公司","adWord":0},{"companyId":1575,"formatCreateTime":"2016-08-05","score":0,"positionId":2070474,"positionName":"iOS高级研发工程师","createTime":"2016-08-05 13:41:22","positionAdvantage":"技术大牛，薪资雄厚，发展空间大","salary":"15k以上","approve":1,"workYear":"1-3年","education":"本科","city":"北京","companyLogo":"image1/M00/00/06/CgYXBlTUWAWAOBXrAABGHHFb0q8748.jpg","jobNature":"全职","industryField":"移动互联网,数据服务","companyShortName":"百度","financeStage":"上市公司","companySize":"2000人以上","companyLabelList":["股票期权","弹性工作","五险一金","免费班车"],"district":"海淀区","businessZones":["西二旗","龙泽","回龙观"],"imState":"disabled","lastLogin":1471489982000,"publisherId":4760900,"explain":null,"plus":null,"pcShow":0,"appShow":0,"deliver":0,"gradeDescription":null,"companyFullName":"百度在线网络技术（北京）有限公司","adWord":0},{"companyId":124807,"formatCreateTime":"2016-08-04","score":0,"positionId":2195885,"positionName":"高级iOS工程师","createTime":"2016-08-04 18:06:56","positionAdvantage":"蓝海领域 精准切入 DAU超百万 弹性工作","salary":"20k-35k","approve":0,"workYear":"3-5年","education":"本科","city":"北京","companyLogo":"i/image/M00/20/E4/CgqKkVcPSkSAOr1gAAYsusw2lmY725.jpg","jobNature":"全职","industryField":"移动互联网,生活服务","companyShortName":"小糖科技","financeStage":"成长型(A轮)","companySize":"15-50人","companyLabelList":null,"district":"海淀区","businessZones":["学院路","五道口","北航"],"imState":"disabled","lastLogin":1471254255000,"publisherId":4809680,"explain":null,"plus":null,"pcShow":0,"appShow":0,"deliver":0,"gradeDescription":null,"companyFullName":"北京小糖科技有限责任公司","adWord":0},{"companyId":108300,"formatCreateTime":"2016-08-04","score":0,"positionId":2125926,"positionName":"高级IOS开发工程师兼IOS主管","createTime":"2016-08-04 17:17:40","positionAdvantage":"年终奖、项目补助、五险一金、带薪年假","salary":"10k-20k","approve":0,"workYear":"3-5年","education":"本科","city":"北京","companyLogo":"i/image/M00/01/60/Cgp3O1Zo-hOAIPu6AAFIpo6p1zk475.jpg","jobNature":"全职","industryField":"其他","companyShortName":"新锐格","financeStage":"初创型(未融资)","companySize":"15-50人","companyLabelList":null,"district":"朝阳区","businessZones":["大望路","华贸","百子湾"],"imState":"disabled","lastLogin":1472510958000,"publisherId":234621,"explain":null,"plus":null,"pcShow":0,"appShow":0,"deliver":0,"gradeDescription":null,"companyFullName":"北京新锐格视频技术服务有限公司","adWord":0},{"companyId":134097,"formatCreateTime":"2016-08-04","score":0,"positionId":2194702,"positionName":"iOS","createTime":"2016-08-04 16:16:07","positionAdvantage":"扁平管理五险一金，补充医疗，年假，双休。","salary":"10k-15k","approve":1,"workYear":"1-3年","education":"本科","city":"北京","companyLogo":"i/image/M00/36/FC/CgqKkVdfYMmALslEAABg5ekYUEo290.png","jobNature":"全职","industryField":"移动互联网,游戏","companyShortName":"着迷","financeStage":"上市公司","companySize":"150-500人","companyLabelList":["股票期权","绩效奖金","年底双薪","定期体检"],"district":"海淀区","businessZones":["知春路","北航","学院路"],"imState":"disabled","lastLogin":1471254732000,"publisherId":5750982,"explain":null,"plus":null,"pcShow":0,"appShow":0,"deliver":0,"gradeDescription":null,"companyFullName":"北京乐享方登网络科技股份有限公司","adWord":0},{"companyId":46289,"formatCreateTime":"2016-08-04","score":0,"positionId":1995676,"positionName":"iOS开发工程师","createTime":"2016-08-04 14:42:11","positionAdvantage":"年底双薪\\弹性工作\\美女养眼\\学习型组织","salary":"15k-30k","approve":1,"workYear":"5-10年","education":"本科","city":"北京","companyLogo":"i/image/M00/03/21/Cgp3O1aq15OABRhZAAAKlkEoG_Q059.jpg","jobNature":"全职","industryField":"O2O,教育","companyShortName":"麦拓教育","financeStage":"成长型(A轮)","companySize":"50-150人","companyLabelList":["技能培训","节日礼物","绩效奖金","年度旅游"],"district":"海淀区","businessZones":["知春路","学院路","北航"],"imState":"today","lastLogin":1472548024000,"publisherId":3896604,"explain":null,"plus":null,"pcShow":0,"appShow":0,"deliver":0,"gradeDescription":null,"companyFullName":"北京麦拓教育科技有限公司","adWord":0},{"companyId":436,"formatCreateTime":"2016-08-04","score":0,"positionId":1968422,"positionName":"iOS","createTime":"2016-08-04 13:40:07","positionAdvantage":"扁平化管理，团队氛围好，福利待遇优厚","salary":"15k-25k","approve":1,"workYear":"3-5年","education":"本科","city":"北京","companyLogo":"image1/M00/26/1E/Cgo8PFVUDROAf7zrAABr5cEcbGQ572.jpg","jobNature":"全职","industryField":"移动互联网,游戏","companyShortName":"360","financeStage":"上市公司","companySize":"50-150人","companyLabelList":null,"district":"朝阳区","businessZones":["酒仙桥","大山子","将台路"],"imState":"disabled","lastLogin":1472198838000,"publisherId":563991,"explain":null,"plus":null,"pcShow":0,"appShow":0,"deliver":0,"gradeDescription":null,"companyFullName":"奇虎360科技有限公司","adWord":0}]}},"code":0}