{"success":true,"requestId":null,"msg":null,"resubmitToken":null,"code":0,"content":{"pageNo":7,"pageSize":15,"positionResult":{"resultSize":15,"totalCount":974,"locationInfo":{"queryByGisCode":false,"businessZone":null,"locationCode":null,"city":"北京","district":null},"queryAnalysisInfo":{"industryName":null,"usefulCompany":false,"positionName":"ios","companyName":null},"strategyProperty":{"name":"dm-csearch-newSimScorer","id":1},"result":[{"companyId":50476,"businessZones":["和平里","雍和宫","安定门"],"imState":"disabled","lastLogin":1472531290000,"publisherId":5050016,"explain":null,"plus":null,"pcShow":0,"appShow":0,"deliver":0,"gradeDescription":null,"companyFullName":"北京盈泰财富云电子商务有限公司","formatCreateTime":"12:30发布","positionName":"iOS","workYear":"5-10年","education":"本科","jobNature":"全职","companyLogo":"image1/M00/00/84/Cgo8PFTUXeSAKU0pAAButaDUfeY414.jpg","salary":"15k-30k","city":"北京","financeStage":"成长型(A轮)","industryField":"移动互联网,金融","positionId":2304777,"approve":1,"createTime":"2016-08-30 12:30:48","positionAdvantage":"精英文化，深涉金融，六险一金，员工持股","district":"东城区","companyShortName":"盈泰财富云","companyLabelList":["技能培训","岗位晋升","年终分红","股票期权"],"score":0,"companySize":"50-150人","adWord":0},{"companyId":50889,"businessZones":null,"imState":"today","lastLogin":1472550012000,"publisherId":994817,"explain":null,"plus":null,"pcShow":0,"appShow":0,"deliver":0,"gradeDescription":null,"companyFullName":"和创（北京）科技股份有限公司","formatCreateTime":"11:18发布","positionName":"iOS工程师","workYear":"3-5年","education":"本科","jobNature":"全职","companyLogo":"i/image/M00/03/44/Cgp3O1ax7JWAOSzUAABS3OF0A7w289.jpg","salary":"20k-35k","city":"北京","financeStage":"上市公司","industryField":"移动互联网,企业服务","positionId":2304212,"approve":1,"createTime":"2016-08-30 11:18:48","positionAdvantage":"上市公司，持续股权激励，技术极客云集！","district":null,"companyShortName":"和创科技（红圈营销）","companyLabelList":["弹性工作","敏捷研发","股票期权","年底双薪"],"score":0,"companySize":"2000人以上","adWord":0},{"companyId":142412,"businessZones":["大红门","洋桥","木樨园"],"imState":"today","lastLogin":1472545568000,"publisherId":5838665,"explain":null,"plus":null,"pcShow":0,"appShow":0,"deliver":0,"gradeDescription":null,"companyFullName":"北京日天科技有限公司","formatCreateTime":"10:32发布","positionName":"iOS","workYear":"1-3年","education":"大专","jobNature":"全职","companyLogo":"i/image/M00/4C/77/Cgp3O1eivPWAUhHvAAAIeVFV-J4031.png","salary":"15k-30k","city":"北京","financeStage":"成长型(不需要融资)","industryField":"移动互联网,电子商务","positionId":2303690,"approve":0,"createTime":"2016-08-30 10:32:37","positionAdvantage":"周末双休 弹性工作时间 五险一金 各种福利","district":"丰台区","companyShortName":"日天科技","companyLabelList":["年底双薪","股票期权","绩效奖金","年终分红"],"score":0,"companySize":"50-150人","adWord":0},{"companyId":142231,"businessZones":["大山子","酒仙桥","将台路"],"imState":"disabled","lastLogin":1472545468000,"publisherId":5829638,"explain":null,"plus":null,"pcShow":0,"appShow":0,"deliver":0,"gradeDescription":null,"companyFullName":"北京游漫天成网络技术有限公司","formatCreateTime":"09:52发布","positionName":"iOS","workYear":"1-3年","education":"本科","jobNature":"全职","companyLogo":"i/image/M00/4C/15/CgqKkVehfYmAK9hFAAA5JX2uqoc071.png","salary":"15k-30k","city":"北京","financeStage":"成长型(不需要融资)","industryField":"移动互联网,企业服务","positionId":2303164,"approve":0,"createTime":"2016-08-30 09:52:48","positionAdvantage":"周末双休 弹性工作时间 五险一金 各种福利","district":"朝阳区","companyShortName":"游漫天成","companyLabelList":["年底双薪","专项奖金","带薪年假","年终分红"],"score":0,"companySize":"50-150人","adWord":0},{"companyId":175,"businessZones":["北京大学","中关村","苏州街"],"imState":"disabled","lastLogin":1472541073000,"publisherId":198457,"explain":null,"plus":null,"pcShow":0,"appShow":0,"deliver":0,"gradeDescription":null,"companyFullName":"新浪网络技术股份有限公司","formatCreateTime":"09:52发布","positionName":"iOS 高级开发工程师","workYear":"3-5年","education":"本科","jobNature":"全职","companyLogo":"image1/M00/00/02/Cgo8PFTUV_WAEAuzAAAyIzM3PyQ523.jpg","salary":"18k-30k","city":"北京","financeStage":"上市公司","industryField":"移动互联网","positionId":274473,"approve":0,"createTime":"2016-08-30 09:52:45","positionAdvantage":"新浪微博，前景广阔，待遇高，福利好","district":"海淀区","companyShortName":"新浪门户","companyLabelList":["节日礼物","带薪年假","岗位晋升","扁平管理"],"score":0,"companySize":"2000人以上","adWord":0},{"companyId":84307,"businessZones":null,"imState":"today","lastLogin":1472549349000,"publisherId":2160065,"explain":null,"plus":null,"pcShow":0,"appShow":0,"deliver":0,"gradeDescription":null,"companyFullName":"北京容大友信科技有限公司","formatCreateTime":"09:50发布","positionName":"iOS","workYear":"3-5年","education":"本科","jobNature":"全职","companyLogo":"i/image/M00/21/42/Cgp3O1cQaIWAX1yFAAAPbBzpkW4127.jpg","salary":"10k-15k","city":"北京","financeStage":"成长型(不需要融资)","industryField":"移动互联网","positionId":2262771,"approve":1,"createTime":"2016-08-30 09:50:39","positionAdvantage":"五险一金 各项福利","district":null,"companyShortName":"容大友信","companyLabelList":["绩效奖金","带薪年假","年度旅游","领导好"],"score":0,"companySize":"50-150人","adWord":0},{"companyId":6616,"businessZones":null,"imState":"today","lastLogin":1472544947000,"publisherId":5101697,"explain":null,"plus":null,"pcShow":0,"appShow":0,"deliver":0,"gradeDescription":null,"companyFullName":"友众信业金融信息服务（上海）有限公司北京朝阳投资咨询分公司","formatCreateTime":"09:45发布","positionName":"高级iOS开发工程师","workYear":"不限","education":"本科","jobNature":"全职","companyLogo":"image1/M00/0C/D3/Cgo8PFT2a7-AYPf0AAA4D4lpgEE932.jpg","salary":"20k-40k","city":"北京","financeStage":"成长型(A轮)","industryField":"金融","positionId":1988219,"approve":1,"createTime":"2016-08-30 09:45:52","positionAdvantage":"发展前景","district":null,"companyShortName":"友信","companyLabelList":["年底双薪","绩效奖金","五险一金","交通补助"],"score":0,"companySize":"2000人以上","adWord":0},{"companyId":137093,"businessZones":["望京","大山子","花家地"],"imState":"today","lastLogin":1472523157000,"publisherId":5530993,"explain":null,"plus":null,"pcShow":0,"appShow":0,"deliver":0,"gradeDescription":null,"companyFullName":"北京号外天下网络技术有限公司","formatCreateTime":"09:32发布","positionName":"iOS高级架构师","workYear":"3-5年","education":"本科","jobNature":"全职","companyLogo":"i/image/M00/3F/73/Cgp3O1d3tJiACl2tAAEyZsVvAFY408.png","salary":"15k-30k","city":"北京","financeStage":"初创型(未融资)","industryField":"移动互联网","positionId":2302811,"approve":0,"createTime":"2016-08-30 09:32:13","positionAdvantage":"晋升空间,五险一金,扁平管理","district":"朝阳区","companyShortName":"号外APP","companyLabelList":["绩效奖金","午餐补助","弹性工作","领导好"],"score":0,"companySize":"50-150人","adWord":0},{"companyId":125183,"businessZones":["中关村","北京大学","五道口"],"imState":"today","lastLogin":1472519933000,"publisherId":4943696,"explain":null,"plus":null,"pcShow":0,"appShow":0,"deliver":0,"gradeDescription":null,"companyFullName":"富尔达（北京）高新技术有限公司","formatCreateTime":"09:18发布","positionName":"高级iOS工程师","workYear":"3-5年","education":"本科","jobNature":"全职","companyLogo":"i/image/M00/22/02/Cgp3O1cUNKaACceDAAASAKy-AFQ787.jpg","salary":"20k-30k","city":"北京","financeStage":"成熟型(不需要融资)","industryField":"移动互联网,电子商务","positionId":2271760,"approve":0,"createTime":"2016-08-30 09:18:59","positionAdvantage":"薪资优厚、五险一金、年底多薪","district":"海淀区","companyShortName":"富尔达","companyLabelList":["年底双薪","专项奖金","年终分红","带薪年假"],"score":0,"companySize":"500-2000人","adWord":0},{"companyId":50702,"businessZones":["望京","大山子","酒仙桥"],"imState":"disabled","lastLogin":1472554133000,"publisherId":5811078,"explain":null,"plus":null,"pcShow":0,"appShow":0,"deliver":0,"gradeDescription":null,"companyFullName":"北京三快在线科技有限公司","formatCreateTime":"09:14发布","positionName":"高级iOS工程师、IOS技术专家","workYear":"不限","education":"本科","jobNature":"全职","companyLogo":"i/image/M00/4B/6C/CgqKkVefHv-AFoRzAAAuALF7ZZ0419.png","salary":"20k-40k","city":"北京","financeStage":"成熟型(D轮及以上)","industryField":"移动互联网,O2O","positionId":2177356,"approve":1,"createTime":"2016-08-30 09:14:28","positionAdvantage":"发展空间大，核心部门","district":"朝阳区","companyShortName":"美团点评","companyLabelList":["技能培训","绩效奖金","岗位晋升","领导好"],"score":0,"companySize":"2000人以上","adWord":0},{"companyId":52265,"businessZones":["CBD","东大桥","建外大街"],"imState":"disabled","lastLogin":1472519418000,"publisherId":1312469,"explain":null,"plus":null,"pcShow":0,"appShow":0,"deliver":0,"gradeDescription":null,"companyFullName":"中海视讯传媒（北京）有限公司","formatCreateTime":"09:10发布","positionName":"iOS开发工程师","workYear":"3-5年","education":"本科","jobNature":"全职","companyLogo":"image1/M00/09/05/CgYXBlTZmbyAZOzWAABxuXuaRAM658.png","salary":"15k-20k","city":"北京","financeStage":"上市公司","industryField":"文化娱乐","positionId":1247030,"approve":0,"createTime":"2016-08-30 09:10:30","positionAdvantage":"五险一金 交通补助 补充医疗保险","district":"朝阳区","companyShortName":"优点互动","companyLabelList":["技能培训","节日礼物","绩效奖金","年度旅游"],"score":0,"companySize":"50-150人","adWord":0},{"companyId":79922,"businessZones":["上地","马连洼","西二旗"],"imState":"today","lastLogin":1472564850000,"publisherId":2027585,"explain":null,"plus":null,"pcShow":0,"appShow":0,"deliver":0,"gradeDescription":null,"companyFullName":"北京乐酷达网络技术有限公司","formatCreateTime":"08:55发布","positionName":"高级iOS开发工程师","workYear":"3-5年","education":"本科","jobNature":"全职","companyLogo":"i/image/M00/50/FD/CgqKkVe1kZaAA93nAAPKmGr53JE077.jpg","salary":"15k-30k","city":"北京","financeStage":"成长型(A轮)","industryField":"移动互联网,金融","positionId":2094100,"approve":1,"createTime":"2016-08-30 08:55:56","positionAdvantage":"下一代云计算技术研究，标配27寸以上显示器","district":"海淀区","companyShortName":"OKCoin","companyLabelList":["节日礼物","年度旅游","扁平管理","领导好"],"score":0,"companySize":"150-500人","adWord":0},{"companyId":44900,"businessZones":["长椿街","宣武门","复兴门"],"imState":"today","lastLogin":1472551205000,"publisherId":858341,"explain":null,"plus":null,"pcShow":0,"appShow":0,"deliver":0,"gradeDescription":null,"companyFullName":"上海汇招信息技术有限公司","formatCreateTime":"08:55发布","positionName":"iOS高级开发","workYear":"3-5年","education":"大专","jobNature":"全职","companyLogo":"image1/M00/3F/C6/Cgo8PFXBoeKAers3AAAz-Yuj8kY798.png","salary":"12k-18k","city":"北京","financeStage":"成长型(A轮)","industryField":"企业服务","positionId":2280590,"approve":1,"createTime":"2016-08-30 08:55:30","positionAdvantage":"弹性工作制、超长年假、年终奖、股权激励","district":"西城区","companyShortName":"易招标","companyLabelList":["技能培训","专项奖金","带薪年假","绩效奖金"],"score":0,"companySize":"150-500人","adWord":0},{"companyId":21318,"businessZones":null,"imState":"today","lastLogin":1472556139000,"publisherId":1625472,"explain":null,"plus":null,"pcShow":0,"appShow":0,"deliver":0,"gradeDescription":null,"companyFullName":"北京盒子鱼教育科技有限公司","formatCreateTime":"08:53发布","positionName":"iOS高级开发工程师","workYear":"3-5年","education":"本科","jobNature":"全职","companyLogo":"i/image/M00/53/18/Cgp3O1e9hq-AFKBmAABo26TrzMs867.png","salary":"20k-35k","city":"北京","financeStage":"成长型(B轮)","industryField":"移动互联网,教育","positionId":2264822,"approve":1,"createTime":"2016-08-30 08:53:27","positionAdvantage":"李开复投资, 林书豪代言，颠覆英语教学","district":null,"companyShortName":"盒子鱼英语","companyLabelList":["股票期权","绩效奖金","扁平管理","林书豪代言"],"score":0,"companySize":"150-500人","adWord":0},{"companyId":21946,"businessZones":["管庄","双桥","定福庄"],"imState":"disabled","lastLogin":1472550572000,"publisherId":2934603,"explain":null,"plus":null,"pcShow":0,"appShow":0,"deliver":0,"gradeDescription":null,"companyFullName":"北京来人网络科技有限公司","formatCreateTime":"08:36发布","positionName":"iOS开发组长","workYear":"3-5年","education":"本科","jobNature":"全职","companyLogo":"image1/M00/00/29/CgYXBlTUWJGAVRXyAAB9NT8FhCk429.jpg","salary":"15k-30k","city":"北京","financeStage":"初创型(未融资)","industryField":"O2O","positionId":2247701,"approve":1,"createTime":"2016-08-30 08:36:29","positionAdvantage":"领导好 公司平台好 加班少","district":"朝阳区","companyShortName":"来人到家","companyLabelList":["岗位晋升","五险一金","午餐补助"],"score":0,"companySize":"500-2000人","adWord":0}]}}}