{"resubmitToken":null,"success":true,"requestId":null,"msg":null,"content":{"pageNo":21,"pageSize":15,"positionResult":{"totalCount":974,"resultSize":15,"locationInfo":{"city":"北京","district":null,"businessZone":null,"queryByGisCode":false,"locationCode":null},"queryAnalysisInfo":{"positionName":"ios","companyName":null,"industryName":null,"usefulCompany":false},"strategyProperty":{"name":"dm-csearch-newSimScorer","id":1},"result":[{"companyId":102605,"positionName":"高级iOS开发工程师","workYear":"3-5年","education":"本科","jobNature":"全职","createTime":"2016-08-26 09:39:31","companyShortName":"携程网","positionId":2255064,"salary":"20k-30k","approve":1,"city":"北京","positionAdvantage":"扁平化 高发展 技术大牛","companyLogo":"image2/M00/0F/F5/CgqLKVYsMO6AWkdMAAAW3DxxGjA768.jpg?cc=0.6292606545612216","industryField":"移动互联网,旅游","companyLabelList":["年底双薪","绩效奖金","扁平管理","领导好"],"financeStage":"成熟型(不需要融资)","district":null,"score":0,"companySize":"2000人以上","companyFullName":"携程计算机技术（上海）有限公司","adWord":0,"formatCreateTime":"2016-08-26","imState":"disabled","lastLogin":1471488035000,"publisherId":2966957,"explain":null,"plus":null,"pcShow":0,"appShow":0,"deliver":0,"gradeDescription":null,"businessZones":null},{"companyId":28818,"positionName":"IOS开发专家工程师","workYear":"5-10年","education":"本科","jobNature":"全职","createTime":"2016-08-26 08:55:30","companyShortName":"畅捷通","positionId":2248192,"salary":"30k-40k","approve":1,"city":"北京","positionAdvantage":"免费班车、节日福利、奖金、餐补、股权","companyLogo":"image1/M00/00/3F/CgYXBlTUXMOADN_rAADQYzTeBQE385.jpg","industryField":"移动互联网,企业服务","companyLabelList":["技能培训","节日礼物","绩效奖金","岗位晋升"],"financeStage":"上市公司","district":null,"score":0,"companySize":"500-2000人","companyFullName":"畅捷通信息技术股份有限公司","adWord":0,"formatCreateTime":"2016-08-26","imState":"threeDays","lastLogin":1472470990000,"publisherId":5523219,"explain":null,"plus":null,"pcShow":0,"appShow":0,"deliver":0,"gradeDescription":null,"businessZones":null},{"companyId":57455,"positionName":"IOS SDK研发工程师","workYear":"3-5年","education":"本科","jobNature":"全职","createTime":"2016-08-26 08:54:27","companyShortName":"云聚汇","positionId":1797103,"salary":"30k-60k","approve":0,"city":"北京","positionAdvantage":"期权激励、偏平管理、简单、阳光","companyLogo":"i/image/M00/03/46/CgqKkVayscOAOKODAAGw-YcGT0Y311.png","industryField":"移动互联网","companyLabelList":["绩效奖金","弹性工作","帅哥多","美女多"],"financeStage":"成长型(A轮)","district":"朝阳区","score":0,"companySize":"50-150人","companyFullName":"深圳云聚汇数码有限公司","adWord":0,"formatCreateTime":"2016-08-26","imState":"today","lastLogin":1472546886000,"publisherId":1447573,"explain":null,"plus":null,"pcShow":0,"appShow":0,"deliver":0,"gradeDescription":null,"businessZones":["望京","花家地","来广营"]},{"companyId":89541,"positionName":"Android/iOS开发工程师/架构师","workYear":"不限","education":"本科","jobNature":"全职","createTime":"2016-08-25 21:27:38","companyShortName":"滴滴出行（小桔科技）","positionId":2151190,"salary":"20k-35k","approve":0,"city":"北京","positionAdvantage":"行为分析,用户体验,技术沉淀,快速提升","companyLogo":"image1/M00/42/DC/Cgo8PFXNdImAA0hiAACBD0dX7Ds225.png?cc=0.6919486154416709","industryField":"移动互联网,电子商务","companyLabelList":["节日礼物","绩效奖金","年度旅游","美女多"],"financeStage":"成熟型(D轮及以上)","district":null,"score":0,"companySize":"2000人以上","companyFullName":"滴滴打车（小桔科技）","adWord":0,"formatCreateTime":"2016-08-25","imState":"today","lastLogin":1472548187000,"publisherId":4162411,"explain":null,"plus":null,"pcShow":0,"appShow":0,"deliver":0,"gradeDescription":null,"businessZones":null},{"companyId":1730,"positionName":"iOS","workYear":"5-10年","education":"本科","jobNature":"全职","createTime":"2016-08-25 20:40:17","companyShortName":"一下集团","positionId":2172857,"salary":"20k-30k","approve":1,"city":"北京","positionAdvantage":"靠谱的团队，期待你的加入！","companyLogo":"i/image/M00/22/61/Cgp3O1cUq6yAMA-_AAAOM7mNTQc202.jpg","industryField":"移动互联网","companyLabelList":["带薪年假","绩效奖金","岗位晋升","管理规范"],"financeStage":"成熟型(D轮及以上)","district":null,"score":0,"companySize":"150-500人","companyFullName":"炫一下（北京）科技有限公司","adWord":0,"formatCreateTime":"2016-08-25","imState":"today","lastLogin":1472551448000,"publisherId":12624,"explain":null,"plus":null,"pcShow":0,"appShow":0,"deliver":0,"gradeDescription":null,"businessZones":null},{"companyId":5832,"positionName":"新浪微博iOS客户端研发工程师","workYear":"3-5年","education":"本科","jobNature":"全职","createTime":"2016-08-25 19:21:22","companyShortName":"新浪微博","positionId":55965,"salary":"25k-50k","approve":0,"city":"北京","positionAdvantage":"微博核心业务线，DAU过亿！上升空间大！","companyLogo":"image1/M00/00/0D/CgYXBlTUWCCAdkhOAABNgyvZQag818.jpg","industryField":"移动互联网","companyLabelList":["年底双薪","专项奖金","股票期权","五险一金"],"financeStage":"上市公司","district":"海淀区","score":0,"companySize":"2000人以上","companyFullName":"微梦创科网络科技（中国）有限公司","adWord":0,"formatCreateTime":"2016-08-25","imState":"disabled","lastLogin":1472556226000,"publisherId":92641,"explain":null,"plus":null,"pcShow":0,"appShow":0,"deliver":0,"gradeDescription":null,"businessZones":["西北旺","马连洼","上地"]},{"companyId":47956,"positionName":"iOS工程师","workYear":"3-5年","education":"本科","jobNature":"全职","createTime":"2016-08-25 18:57:21","companyShortName":"厚本金融","positionId":2280926,"salary":"15k-30k","approve":1,"city":"北京","positionAdvantage":"六险一金 弹性工作制 薪资福利","companyLogo":"image1/M00/00/7C/Cgo8PFTUXcKANunHAACGYOw9eWQ207.jpg","industryField":"金融","companyLabelList":["技能培训","年底双薪","股票期权","带薪年假"],"financeStage":"成长型(A轮)","district":"朝阳区","score":0,"companySize":"2000人以上","companyFullName":"上海厚本金融信息服务有限公司","adWord":0,"formatCreateTime":"2016-08-25","imState":"disabled","lastLogin":1472558417000,"publisherId":5718725,"explain":null,"plus":null,"pcShow":0,"appShow":0,"deliver":0,"gradeDescription":null,"businessZones":["太阳宫","西坝河","国展"]},{"companyId":88268,"positionName":"IOS开发工程师","workYear":"3-5年","education":"本科","jobNature":"全职","createTime":"2016-08-25 18:46:12","companyShortName":"悟空保","positionId":2290332,"salary":"10k-20k","approve":1,"city":"北京","positionAdvantage":"互联网+","companyLogo":"image1/M00/41/2E/Cgo8PFXIAi2AQu2VAAL8hG1mu_E808.png?cc=0.1682346192164314","industryField":"移动互联网,金融","companyLabelList":["股票期权","弹性工作","扁平管理","年底双薪"],"financeStage":"成长型(A轮)","district":"朝阳区","score":0,"companySize":"15-50人","companyFullName":"北京悟空保科技有限公司","adWord":0,"formatCreateTime":"2016-08-25","imState":"today","lastLogin":1472545701000,"publisherId":2273005,"explain":null,"plus":null,"pcShow":0,"appShow":0,"deliver":0,"gradeDescription":null,"businessZones":null},{"companyId":78751,"positionName":"IOS高级开发工程师：","workYear":"5-10年","education":"本科","jobNature":"全职","createTime":"2016-08-25 18:38:07","companyShortName":"乐铺","positionId":2290294,"salary":"15k-20k","approve":1,"city":"北京","positionAdvantage":"入职即上五险一金，餐补，老板nice","companyLogo":"image2/M00/0A/88/CgpzWlYV5lqAKw2BAAAWH0Fvz10858.png","industryField":"移动互联网,电子商务","companyLabelList":["节日礼物","股票期权","带薪年假","绩效奖金"],"financeStage":"成长型(A轮)","district":"朝阳区","score":0,"companySize":"50-150人","companyFullName":"北京乐铺网络科技有限公司","adWord":0,"formatCreateTime":"2016-08-25","imState":"today","lastLogin":1472520641000,"publisherId":1995435,"explain":null,"plus":null,"pcShow":0,"appShow":0,"deliver":0,"gradeDescription":null,"businessZones":["四惠","十里堡","甘露园"]},{"companyId":108759,"positionName":"iOS","workYear":"1-3年","education":"本科","jobNature":"全职","createTime":"2016-08-25 18:28:51","companyShortName":"有书","positionId":1309819,"salary":"8k-15k","approve":0,"city":"北京","positionAdvantage":"潜力项目、创业团队","companyLogo":"i/image/M00/0D/5A/CgqKkVbZClGAD6aGAAAOaoMn50Q892.png","industryField":"移动互联网,文化娱乐","companyLabelList":null,"financeStage":"成长型(A轮)","district":"朝阳区","score":0,"companySize":"15-50人","companyFullName":"北京万维之道信息技术有限公司","adWord":0,"formatCreateTime":"2016-08-25","imState":"today","lastLogin":1472549661000,"publisherId":264187,"explain":null,"plus":null,"pcShow":0,"appShow":0,"deliver":0,"gradeDescription":null,"businessZones":["亮马桥","三元桥","燕莎"]},{"companyId":1992,"positionName":"iOS开发工程师","workYear":"3-5年","education":"本科","jobNature":"全职","createTime":"2016-08-25 18:24:05","companyShortName":"有利网","positionId":2214128,"salary":"15k-25k","approve":1,"city":"北京","positionAdvantage":"六险一金，带薪年假","companyLogo":"image1/M00/00/06/CgYXBlTUWAiAYkApAADDg6U7Ji4998.jpg","industryField":"金融","companyLabelList":["岗位晋升","股票期权","绩效奖金","定期体检"],"financeStage":"成熟型(C轮)","district":"海淀区","score":0,"companySize":"500-2000人","companyFullName":"北京弘合柏基金融信息服务有限责任公司","adWord":0,"formatCreateTime":"2016-08-25","imState":"today","lastLogin":1472527649000,"publisherId":1651915,"explain":null,"plus":null,"pcShow":0,"appShow":0,"deliver":0,"gradeDescription":null,"businessZones":["中关村","苏州街","苏州桥"]},{"companyId":25021,"positionName":"iOS高级开发工程师","workYear":"3-5年","education":"本科","jobNature":"全职","createTime":"2016-08-25 18:20:05","companyShortName":"新浪微博","positionId":1412901,"salary":"20k-40k","approve":0,"city":"北京","positionAdvantage":"十亿级用户量的产品，架构师摇篮。","companyLogo":"image1/M00/2A/10/Cgo8PFVpRQWAIyMQAABwOlPdDJ4570.png","industryField":"移动互联网,社交网络","companyLabelList":["技能培训","股票期权","带薪年假","绩效奖金"],"financeStage":"上市公司","district":"海淀区","score":0,"companySize":"2000人以上","companyFullName":"新浪微博","adWord":0,"formatCreateTime":"2016-08-25","imState":"disabled","lastLogin":1472535961000,"publisherId":3730127,"explain":null,"plus":null,"pcShow":0,"appShow":0,"deliver":0,"gradeDescription":null,"businessZones":["知春路","中关村","双榆树"]},{"companyId":89316,"positionName":"高级iOS研发工程师","workYear":"不限","education":"不限","jobNature":"全职","createTime":"2016-08-25 18:19:12","companyShortName":"超级蜂巢","positionId":2225107,"salary":"15k-20k","approve":1,"city":"北京","positionAdvantage":"上市公司","companyLogo":"image1/M00/42/A1/CgYXBlXMQyGAVnCaAAA-JL5-48g027.png?cc=0.12339106139586991","industryField":"移动互联网,企业服务","companyLabelList":["节日礼物","免费班车","带薪年假","绩效奖金"],"financeStage":"上市公司","district":null,"score":0,"companySize":"2000人以上","companyFullName":"北京天洋蜂巢科技有限公司","adWord":0,"formatCreateTime":"2016-08-25","imState":"today","lastLogin":1472548562000,"publisherId":2301643,"explain":null,"plus":null,"pcShow":0,"appShow":0,"deliver":0,"gradeDescription":null,"businessZones":null},{"companyId":129068,"positionName":"iOS开发工程师","workYear":"3-5年","education":"本科","jobNature":"全职","createTime":"2016-08-25 18:17:57","companyShortName":"阿博茨","positionId":2108420,"salary":"15k-30k","approve":1,"city":"北京","positionAdvantage":"五险一金，弹性工作，无限水果，扁平管理","companyLogo":"i/image/M00/43/D4/CgqKkVeEWTmAKL8tAAAn-KmJkBg721.png","industryField":"移动互联网","companyLabelList":["五天工作制","带薪假期","健康午餐","体育课"],"financeStage":"成长型(A轮)","district":"海淀区","score":0,"companySize":"15-50人","companyFullName":"北京阿博茨科技有限公司","adWord":0,"formatCreateTime":"2016-08-25","imState":"today","lastLogin":1472548203000,"publisherId":4515877,"explain":null,"plus":null,"pcShow":0,"appShow":0,"deliver":0,"gradeDescription":null,"businessZones":null},{"companyId":1970,"positionName":"iOS","workYear":"1-3年","education":"本科","jobNature":"全职","createTime":"2016-08-25 18:16:04","companyShortName":"去哪儿网","positionId":1788686,"salary":"15k-25k","approve":1,"city":"北京","positionAdvantage":"六险一金","companyLogo":"image1/M00/00/06/CgYXBlTUWAeANQBuAABHTL1SBa8889.jpg","industryField":"移动互联网","companyLabelList":["技能培训","节日礼物","带薪年假","无息住房贷款"],"financeStage":"上市公司","district":"海淀区","score":0,"companySize":"2000人以上","companyFullName":"北京趣拿软件科技有限公司","adWord":0,"formatCreateTime":"2016-08-25","imState":"today","lastLogin":1472556693000,"publisherId":4985209,"explain":null,"plus":null,"pcShow":0,"appShow":0,"deliver":0,"gradeDescription":null,"businessZones":["西三旗","清河","小营"]}]}},"code":0}