{"msg":null,"success":true,"requestId":null,"resubmitToken":null,"content":{"pageNo":19,"pageSize":15,"positionResult":{"queryAnalysisInfo":{"industryName":null,"usefulCompany":false,"positionName":"ios","companyName":null},"strategyProperty":{"name":"dm-csearch-newSimScorer","id":1},"totalCount":974,"resultSize":15,"locationInfo":{"businessZone":null,"locationCode":null,"queryByGisCode":false,"city":"北京","district":null},"result":[{"companyId":50476,"explain":null,"plus":null,"pcShow":0,"appShow":0,"deliver":0,"gradeDescription":null,"businessZones":["和平里","雍和宫","安定门"],"imState":"disabled","lastLogin":1472530675000,"publisherId":5028544,"positionName":"iOS","workYear":"3-5年","education":"本科","jobNature":"全职","positionId":2303225,"createTime":"2016-08-30 09:56:57","city":"北京","companyLogo":"image1/M00/00/84/Cgo8PFTUXeSAKU0pAAButaDUfeY414.jpg","industryField":"移动互联网,金融","positionAdvantage":"精英文化，深涉金融，六险一金，员工持股","salary":"15k-30k","companySize":"50-150人","approve":1,"financeStage":"成长型(A轮)","companyLabelList":["技能培训","岗位晋升","年终分红","股票期权"],"district":"东城区","companyShortName":"盈泰财富云","score":0,"formatCreateTime":"09:56发布","companyFullName":"北京盈泰财富云电子商务有限公司","adWord":0},{"companyId":59949,"explain":null,"plus":null,"pcShow":0,"appShow":0,"deliver":0,"gradeDescription":null,"businessZones":["北苑","立水桥"],"imState":"sevenDays","lastLogin":1472186419000,"publisherId":1510436,"positionName":"高级iOS开发工程师","workYear":"3-5年","education":"本科","jobNature":"全职","positionId":653111,"createTime":"2016-08-26 12:45:45","city":"北京","companyLogo":"image1/M00/34/19/Cgo8PFWV_TyABkj0AAAgFevtc6Q192.png","industryField":"移动互联网,数据服务","positionAdvantage":"产品市场前景极佳，工作氛围open，福利好","salary":"18k-36k","companySize":"50-150人","approve":1,"financeStage":"初创型(天使轮)","companyLabelList":["节日礼物","期权机会","带薪年假","岗位晋升"],"district":"朝阳区","companyShortName":"融云","score":0,"formatCreateTime":"2016-08-26","companyFullName":"北京云中融信网络科技有限公司","adWord":0},{"companyId":5926,"explain":null,"plus":null,"pcShow":0,"appShow":0,"deliver":0,"gradeDescription":null,"businessZones":["亦庄"],"imState":"disabled","lastLogin":1472559342000,"publisherId":60450,"positionName":"iOS开发工程师","workYear":"3-5年","education":"不限","jobNature":"全职","positionId":894398,"createTime":"2016-08-26 12:31:47","city":"北京","companyLogo":"images/logo_default.png","industryField":"移动互联网,企业服务","positionAdvantage":"年底双薪 五险一金","salary":"13k-25k","companySize":"15-50人","approve":0,"financeStage":"初创型(未融资)","companyLabelList":["五险一金","带薪年假","节日礼物","岗位晋升"],"district":"大兴区","companyShortName":"山立信息","score":0,"formatCreateTime":"2016-08-26","companyFullName":"广州山立信息技术有限公司","adWord":0},{"companyId":7370,"explain":null,"plus":null,"pcShow":0,"appShow":0,"deliver":0,"gradeDescription":null,"businessZones":["中关村","苏州街","人民大学"],"imState":"sevenDays","lastLogin":1472183372000,"publisherId":84742,"positionName":"iOS高级工程师","workYear":"1-3年","education":"本科","jobNature":"全职","positionId":369140,"createTime":"2016-08-26 11:50:32","city":"北京","companyLogo":"image1/M00/3E/23/CgYXBlW650OABAJmAAAm_ZJZFa4430.png","industryField":"移动互联网,硬件","positionAdvantage":"股权激励，五险一金，补充医疗保险","salary":"15k-25k","companySize":"50-150人","approve":1,"financeStage":"成熟型(C轮)","companyLabelList":["绩效奖金","五险一金","股票期权","午餐补助"],"district":"海淀区","companyShortName":"ZEPP","score":0,"formatCreateTime":"2016-08-26","companyFullName":"泽普互动（北京）科技有限公司","adWord":0},{"companyId":23113,"explain":null,"plus":null,"pcShow":0,"appShow":0,"deliver":0,"gradeDescription":null,"businessZones":["小关","安慧桥","亚运村"],"imState":"today","lastLogin":1472571525000,"publisherId":270188,"positionName":"iOS开发工程师","workYear":"3-5年","education":"本科","jobNature":"全职","positionId":125493,"createTime":"2016-08-26 11:31:15","city":"北京","companyLogo":"image1/M00/17/1A/CgYXBlUQ0xaAVdsSAABYMiRQl9U352.jpg","industryField":"移动互联网","positionAdvantage":"优秀的团队，新颖的产品，个人发展的空间","salary":"11k-20k","companySize":"150-500人","approve":1,"financeStage":"成长型(B轮)","companyLabelList":["五险一金","交通补助","带薪年假","岗位晋升"],"district":"朝阳区","companyShortName":"易米云通","score":0,"formatCreateTime":"2016-08-26","companyFullName":"南京易米云通网络科技有限公司","adWord":0},{"companyId":25021,"explain":null,"plus":null,"pcShow":0,"appShow":0,"deliver":0,"gradeDescription":null,"businessZones":["北京大学","中关村","苏州街"],"imState":"today","lastLogin":1472525947000,"publisherId":1347334,"positionName":"iOS研发工程师","workYear":"1-3年","education":"本科","jobNature":"全职","positionId":463785,"createTime":"2016-08-26 11:12:06","city":"北京","companyLogo":"image1/M00/2A/10/Cgo8PFVpRQWAIyMQAABwOlPdDJ4570.png","industryField":"移动互联网,社交网络","positionAdvantage":"有技术大牛共事，亿级用户量APP","salary":"15k-30k","companySize":"2000人以上","approve":0,"financeStage":"上市公司","companyLabelList":["技能培训","股票期权","带薪年假","绩效奖金"],"district":"海淀区","companyShortName":"新浪微博","score":0,"formatCreateTime":"2016-08-26","companyFullName":"新浪微博","adWord":0},{"companyId":1575,"explain":null,"plus":null,"pcShow":0,"appShow":0,"deliver":0,"gradeDescription":null,"businessZones":["上地","西二旗","马连洼"],"imState":"disabled","lastLogin":1472524359000,"publisherId":805353,"positionName":"资深Android / IOS开发工程师/技术专家","workYear":"5-10年","education":"本科","jobNature":"全职","positionId":2208662,"createTime":"2016-08-26 10:32:15","city":"北京","companyLogo":"image1/M00/00/06/CgYXBlTUWAWAOBXrAABGHHFb0q8748.jpg","industryField":"移动互联网,数据服务","positionAdvantage":"发展空间大","salary":"35k-55k","companySize":"2000人以上","approve":1,"financeStage":"上市公司","companyLabelList":["股票期权","弹性工作","五险一金","免费班车"],"district":"海淀区","companyShortName":"百度","score":0,"formatCreateTime":"2016-08-26","companyFullName":"百度在线网络技术（北京）有限公司","adWord":0},{"companyId":25652,"explain":null,"plus":null,"pcShow":0,"appShow":0,"deliver":0,"gradeDescription":null,"businessZones":["望京","花家地","来广营"],"imState":"today","lastLogin":1472565193000,"publisherId":352828,"positionName":"iOS","workYear":"1-3年","education":"本科","jobNature":"全职","positionId":2291688,"createTime":"2016-08-26 10:32:11","city":"北京","companyLogo":"image1/M00/2E/9E/CgYXBlV-3eyATbsRAAAkjsmL56E709.png","industryField":"移动互联网,广告营销","positionAdvantage":"团队技术大牛，三餐零食免费，20万+股票","salary":"20k-30k","companySize":"15-50人","approve":1,"financeStage":"初创型(不需要融资)","companyLabelList":["年终分红","股票期权","五险一金","带薪年假"],"district":"朝阳区","companyShortName":"零用钱","score":0,"formatCreateTime":"2016-08-26","companyFullName":"北京零用钱科技有限公司","adWord":0},{"companyId":105843,"explain":null,"plus":null,"pcShow":0,"appShow":0,"deliver":0,"gradeDescription":null,"businessZones":["大望路","红庙","华贸"],"imState":"disabled","lastLogin":1472537294000,"publisherId":3177129,"positionName":"高价iOS工程师","workYear":"3-5年","education":"大专","jobNature":"全职","positionId":2291591,"createTime":"2016-08-26 10:21:52","city":"北京","companyLogo":"i/image/M00/00/80/Cgp3O1ZMKAaAAqEUAAAVDwAYP-E731.jpg","industryField":"移动互联网,生活服务","positionAdvantage":"高期权 十三薪 岗位晋升 五险一金 午餐补助","salary":"12k-15k","companySize":"15-50人","approve":0,"financeStage":"初创型(天使轮)","companyLabelList":["年底双薪","带薪年假","绩效奖金","岗位晋升"],"district":"朝阳区","companyShortName":"旮旯网络","score":0,"formatCreateTime":"2016-08-26","companyFullName":"北京旮旯网络科技有限公司","adWord":0},{"companyId":114110,"explain":null,"plus":null,"pcShow":0,"appShow":0,"deliver":0,"gradeDescription":null,"businessZones":null,"imState":"disabled","lastLogin":1472547909000,"publisherId":5372318,"positionName":"iOS开发工程师","workYear":"3-5年","education":"本科","jobNature":"全职","positionId":2226059,"createTime":"2016-08-26 10:20:46","city":"北京","companyLogo":"i/image/M00/04/2B/Cgp3O1bGwzWAEAB4AAAbnMQCudk783.jpg","industryField":"移动互联网","positionAdvantage":"6险一金，乐视控股全员持股，工作环境好","salary":"15k-24k","companySize":"2000人以上","approve":1,"financeStage":"上市公司","companyLabelList":["股票期权","交通补助","通讯津贴","带薪年假"],"district":null,"companyShortName":"乐视","score":0,"formatCreateTime":"2016-08-26","companyFullName":"乐视网信息技术（北京）股份有限公司","adWord":0},{"companyId":143256,"explain":null,"plus":null,"pcShow":0,"appShow":0,"deliver":0,"gradeDescription":null,"businessZones":["中关村","知春路","双榆树"],"imState":"disabled","lastLogin":1472550815000,"publisherId":5871046,"positionName":"iOS","workYear":"1-3年","education":"本科","jobNature":"全职","positionId":2219996,"createTime":"2016-08-26 10:19:10","city":"北京","companyLogo":"i/image/M00/4E/49/CgqKkVeqqxCAB3SOAAB63Imc5NA357.png","industryField":"移动互联网,旅游","positionAdvantage":"福利待遇好，发展前景优","salary":"10k-12k","companySize":"15-50人","approve":1,"financeStage":"成长型(A轮)","companyLabelList":["股票期权","午餐补助","年度旅游","五险一金"],"district":"海淀区","companyShortName":"北京趣皮士科技有限公司","score":0,"formatCreateTime":"2016-08-26","companyFullName":"北京趣皮士科技有限公司","adWord":0},{"companyId":106756,"explain":null,"plus":null,"pcShow":0,"appShow":0,"deliver":0,"gradeDescription":null,"businessZones":null,"imState":"today","lastLogin":1472544670000,"publisherId":2988570,"positionName":"高级iOS工程师","workYear":"3-5年","education":"本科","jobNature":"全职","positionId":2064041,"createTime":"2016-08-26 10:12:19","city":"北京","companyLogo":"i/image/M00/00/FC/Cgp3O1ZdOvGAciTaAAAIWv_dsU0308.png","industryField":"移动互联网,社交网络","positionAdvantage":"五险一金","salary":"25k-35k","companySize":"50-150人","approve":0,"financeStage":"初创型(天使轮)","companyLabelList":["年底双薪","带薪年假","绩效奖金","岗位晋升"],"district":"海淀区","companyShortName":"我来我去","score":0,"formatCreateTime":"2016-08-26","companyFullName":"北京我来我去网络科技有限公司","adWord":0},{"companyId":1686,"explain":null,"plus":null,"pcShow":0,"appShow":0,"deliver":0,"gradeDescription":null,"businessZones":["中关村","北京大学","苏州街"],"imState":"today","lastLogin":1472553257000,"publisherId":5698123,"positionName":"资深IOS开发工程师 – 社交中心（泡泡团队）","workYear":"3-5年","education":"本科","jobNature":"全职","positionId":2117974,"createTime":"2016-08-26 10:08:43","city":"北京","companyLogo":"image1/M00/00/06/Cgo8PFTUWAaAbD7PAACAXTzCmiw113.jpg","industryField":"广告营销,文化娱乐","positionAdvantage":"绩效奖金 12天年假 14薪 领导好 晋升空间","salary":"20k-30k","companySize":"2000人以上","approve":1,"financeStage":"成熟型(D轮及以上)","companyLabelList":["绩效奖金","五险一金","交通补助","带薪年假"],"district":"海淀区","companyShortName":"爱奇艺","score":0,"formatCreateTime":"2016-08-26","companyFullName":"北京爱奇艺科技有限公司","adWord":0},{"companyId":7292,"explain":null,"plus":null,"pcShow":0,"appShow":0,"deliver":0,"gradeDescription":null,"businessZones":["上地","西二旗","马连洼"],"imState":"today","lastLogin":1472551885000,"publisherId":3616515,"positionName":"iOS","workYear":"3-5年","education":"本科","jobNature":"全职","positionId":1635518,"createTime":"2016-08-26 10:00:47","city":"北京","companyLogo":"image1/M00/1A/42/CgYXBlUbifGASvN9AACTHYLzJKc557.jpg","industryField":"移动互联网","positionAdvantage":"期权期权期权！！！","salary":"15k-30k","companySize":"150-500人","approve":1,"financeStage":"成长型(B轮)","companyLabelList":["年底双薪","午餐补助","带薪年假","股票期权"],"district":"海淀区","companyShortName":"畅聊天下(派派交友）","score":0,"formatCreateTime":"2016-08-26","companyFullName":"北京畅聊天下科技有限公司","adWord":0},{"companyId":28219,"explain":null,"plus":null,"pcShow":0,"appShow":0,"deliver":0,"gradeDescription":null,"businessZones":["小关","惠新里","对外经贸"],"imState":"today","lastLogin":1472550628000,"publisherId":369775,"positionName":"iOS","workYear":"3-5年","education":"不限","jobNature":"全职","positionId":1369047,"createTime":"2016-08-26 09:56:09","city":"北京","companyLogo":"image1/M00/00/3D/Cgo8PFTUXLqAcj2cAABfCAU9fzU193.png","industryField":"移动互联网","positionAdvantage":"互联网公司，研发自己产品，自由度较高","salary":"10k-20k","companySize":"15-50人","approve":1,"financeStage":"初创型(未融资)","companyLabelList":["绩效奖金","五险一金","交通补助","带薪年假"],"district":"朝阳区","companyShortName":"优亿市场","score":0,"formatCreateTime":"2016-08-26","companyFullName":"北京浩游网讯科技有限公司","adWord":0}]}},"code":0}