{"resubmitToken":null,"success":true,"requestId":null,"msg":null,"content":{"pageNo":59,"pageSize":15,"positionResult":{"totalCount":974,"resultSize":15,"locationInfo":{"city":"北京","district":null,"businessZone":null,"queryByGisCode":false,"locationCode":null},"queryAnalysisInfo":{"positionName":"ios","companyName":null,"industryName":null,"usefulCompany":false},"strategyProperty":{"name":"dm-csearch-newSimScorer","id":1},"result":[{"companyId":119153,"positionName":"MAC端 iOS开发工程师","workYear":"3-5年","education":"本科","jobNature":"全职","createTime":"2016-07-25 10:23:09","companyShortName":"51Talk 无忧英语","positionId":1734771,"salary":"15k-30k","approve":0,"city":"北京","positionAdvantage":"免费晚餐，各种福利，惊喜不断","companyLogo":"i/image/M00/12/D3/Cgp3O1bmVr-AOGHYAABsWK_3bSI050.JPG","industryField":"移动互联网,教育","companyLabelList":["交通补助","带薪年假","股票期权"],"financeStage":"上市公司","district":"海淀区","score":0,"companySize":"2000人以上","companyFullName":"北京大生在线科技有限公司","adWord":0,"formatCreateTime":"2016-07-25","imState":"today","lastLogin":1472575142000,"publisherId":602053,"explain":null,"plus":null,"pcShow":0,"appShow":0,"deliver":0,"gradeDescription":null,"businessZones":["上地","西二旗","马连洼"]},{"companyId":85628,"positionName":"iOS中级开发工程师","workYear":"1-3年","education":"本科","jobNature":"全职","createTime":"2016-07-20 16:03:47","companyShortName":"奇点浏览器","positionId":2124100,"salary":"10k-15k","approve":1,"city":"北京","positionAdvantage":"领导NICE|俯览UNIQLO","companyLogo":"i/image/M00/47/52/Cgp3O1ePH-GAa--XAAFu_JqRP4s759.png","industryField":"移动互联网,社交网络","companyLabelList":["股票期权","扁平管理","帅哥多","领导好"],"financeStage":"初创型(天使轮)","district":"朝阳区","score":0,"companySize":"少于15人","companyFullName":"北京种瓜得瓜科技有限公司","adWord":0,"formatCreateTime":"2016-07-20","imState":"threeDays","lastLogin":1472450821000,"publisherId":2193190,"explain":null,"plus":null,"pcShow":0,"appShow":0,"deliver":0,"gradeDescription":null,"businessZones":["三里屯","工体","团结湖"]},{"companyId":29485,"positionName":"高级iOS工程师","workYear":"3-5年","education":"本科","jobNature":"全职","createTime":"2016-07-18 11:41:06","companyShortName":"摩德威行","positionId":1366278,"salary":"20k-35k","approve":0,"city":"北京","positionAdvantage":"福利待遇、发展前景、工作环境、技术氛围","companyLogo":"images/logo_default.png","industryField":"文化娱乐","companyLabelList":null,"financeStage":"初创型(未融资)","district":"朝阳区","score":0,"companySize":"15-50人","companyFullName":"摩德威行营销策划服务（北京）有限公司","adWord":0,"formatCreateTime":"2016-07-18","imState":"disabled","lastLogin":1472542146000,"publisherId":410333,"explain":null,"plus":null,"pcShow":0,"appShow":0,"deliver":0,"gradeDescription":null,"businessZones":["建外大街","CBD","国贸"]},{"companyId":106042,"positionName":"iOS","workYear":"5-10年","education":"本科","jobNature":"全职","createTime":"2016-07-18 11:31:35","companyShortName":"太合音乐（百度音乐）","positionId":1254944,"salary":"20k-30k","approve":0,"city":"北京","positionAdvantage":"计划上市，福利优厚，健身房，零食美女","companyLogo":"i/image/M00/54/42/CgqKkVfDmGGAWlK1AAArEAgBBiU744.jpg","industryField":"移动互联网","companyLabelList":["带薪年假","岗位晋升","扁平管理","定期体检"],"financeStage":"成长型(不需要融资)","district":"朝阳区","score":0,"companySize":"150-500人","companyFullName":"北京太合音乐文化发展有限公司","adWord":0,"formatCreateTime":"2016-07-18","imState":"threeDays","lastLogin":1472455180000,"publisherId":3141900,"explain":null,"plus":null,"pcShow":0,"appShow":0,"deliver":0,"gradeDescription":null,"businessZones":["北苑","立水桥"]},{"companyId":137184,"positionName":"iOS","workYear":"1-3年","education":"不限","jobNature":"全职","createTime":"2016-07-18 10:06:50","companyShortName":"伊甸城（北京）信息技术有限公司","positionId":2107969,"salary":"8k-15k","approve":0,"city":"北京","positionAdvantage":"无考勤,富二代创业,新商业模式,无需融资","companyLogo":"i/image/M00/40/03/CgqKkVd53sOAWI82AAE3whPSu14450.png","industryField":"移动互联网","companyLabelList":null,"financeStage":"初创型(不需要融资)","district":"朝阳区","score":0,"companySize":"15-50人","companyFullName":"伊甸城（北京）信息技术有限公司","adWord":0,"formatCreateTime":"2016-07-18","imState":"overSevenDays","lastLogin":1468826995000,"publisherId":4513149,"explain":null,"plus":null,"pcShow":0,"appShow":0,"deliver":0,"gradeDescription":null,"businessZones":["望京","大山子","花家地"]},{"companyId":125803,"positionName":"ios/Android","workYear":"3-5年","education":"本科","jobNature":"全职","createTime":"2016-07-16 12:01:26","companyShortName":"思清音乐","positionId":2106090,"salary":"20k-40k","approve":1,"city":"北京","positionAdvantage":"国际化视野、顶级资本平台、初创股权","companyLogo":"i/image/M00/24/1C/Cgp3O1cZkVWAO8O6AAANoNEoxR4138.jpg","industryField":"移动互联网,教育","companyLabelList":["股票期权","弹性工作","扁平管理","五险一金"],"financeStage":"成长型(A轮)","district":null,"score":0,"companySize":"15-50人","companyFullName":"思清音乐教育科技（北京）有限公司","adWord":0,"formatCreateTime":"2016-07-16","imState":"overSevenDays","lastLogin":1471918978000,"publisherId":4860411,"explain":null,"plus":null,"pcShow":0,"appShow":0,"deliver":0,"gradeDescription":null,"businessZones":null},{"companyId":139260,"positionName":"iOS","workYear":"3-5年","education":"本科","jobNature":"全职","createTime":"2016-07-15 16:10:18","companyShortName":"飞域科技","positionId":2103933,"salary":"10k-15k","approve":0,"city":"北京","positionAdvantage":"带薪年假.领导nice.公司氛围好.福利待遇好","companyLogo":"i/image/M00/45/86/Cgp3O1eIlfGABWAAAAEpeQ_wr00329.jpg","industryField":"移动互联网","companyLabelList":null,"financeStage":"初创型(天使轮)","district":"海淀区","score":0,"companySize":"15-50人","companyFullName":"北京飞域科技有限公司","adWord":0,"formatCreateTime":"2016-07-15","imState":"disabled","lastLogin":1472026023000,"publisherId":5636641,"explain":null,"plus":null,"pcShow":0,"appShow":0,"deliver":0,"gradeDescription":null,"businessZones":["公主坟","万寿路"]},{"companyId":46289,"positionName":"iOS研发工程师","workYear":"3-5年","education":"不限","jobNature":"全职","createTime":"2016-07-15 10:36:05","companyShortName":"麦拓教育","positionId":1427145,"salary":"13k-25k","approve":1,"city":"北京","positionAdvantage":"成长型团队、期权","companyLogo":"i/image/M00/03/21/Cgp3O1aq15OABRhZAAAKlkEoG_Q059.jpg","industryField":"O2O,教育","companyLabelList":["技能培训","节日礼物","绩效奖金","年度旅游"],"financeStage":"成长型(A轮)","district":"海淀区","score":0,"companySize":"50-150人","companyFullName":"北京麦拓教育科技有限公司","adWord":0,"formatCreateTime":"2016-07-15","imState":"today","lastLogin":1472526447000,"publisherId":321408,"explain":null,"plus":null,"pcShow":0,"appShow":0,"deliver":0,"gradeDescription":null,"businessZones":["苏州街","苏州桥","万泉河"]},{"companyId":24134,"positionName":"iOS","workYear":"3-5年","education":"本科","jobNature":"全职","createTime":"2016-07-15 10:20:32","companyShortName":"数派金融","positionId":635034,"salary":"11k-22k","approve":1,"city":"北京","positionAdvantage":"前景广阔，各种补助，","companyLogo":"image1/M00/00/30/Cgo8PFTUXISAe_3TAACTZm8jCvw411.jpg","industryField":"金融,分类信息","companyLabelList":["技能培训","节日礼物","专项奖金","带薪年假"],"financeStage":"成长型(不需要融资)","district":"朝阳区","score":0,"companySize":"50-150人","companyFullName":"北京少数派信息科技有限公司","adWord":0,"formatCreateTime":"2016-07-15","imState":"disabled","lastLogin":1468917716000,"publisherId":1323467,"explain":null,"plus":null,"pcShow":0,"appShow":0,"deliver":0,"gradeDescription":null,"businessZones":["团结湖","朝阳公园","三里屯"]},{"companyId":134042,"positionName":"iOS","workYear":"3-5年","education":"本科","jobNature":"全职","createTime":"2016-07-14 16:39:25","companyShortName":"海致BDP","positionId":2098687,"salary":"15k-25k","approve":0,"city":"北京","positionAdvantage":"技术挑战,高额期权,丰厚奖金,弹性工作","companyLogo":"i/image/M00/36/F1/Cgp3O1de9kuAMs7wAAAL_C3igi0677.png","industryField":"移动互联网,企业服务","companyLabelList":["股票期权","交通补助","带薪年假","定期体检"],"financeStage":"成熟型(C轮)","district":"海淀区","score":0,"companySize":"150-500人","companyFullName":"海致网络技术(北京)有限公司","adWord":0,"formatCreateTime":"2016-07-14","imState":"today","lastLogin":1472549924000,"publisherId":4683658,"explain":null,"plus":null,"pcShow":0,"appShow":0,"deliver":0,"gradeDescription":null,"businessZones":["清河"]},{"companyId":65398,"positionName":"iOS开发工程师","workYear":"3-5年","education":"大专","jobNature":"全职","createTime":"2016-07-14 13:45:52","companyShortName":"嘉运通成","positionId":970696,"salary":"7k-14k","approve":0,"city":"北京","positionAdvantage":"五险一金、带薪年假、加班补助、绩效奖金","companyLogo":"image1/M00/41/CC/CgYXBlXJmoeAZhBIAAB1QqKIjoA774.jpg","industryField":"移动互联网","companyLabelList":["技能培训","节日礼物","绩效奖金","领导好"],"financeStage":"初创型(不需要融资)","district":"东城区","score":0,"companySize":"15-50人","companyFullName":"北京嘉运通成科技有限公司","adWord":0,"formatCreateTime":"2016-07-14","imState":"overSevenDays","lastLogin":1468475120000,"publisherId":2231654,"explain":null,"plus":null,"pcShow":0,"appShow":0,"deliver":0,"gradeDescription":null,"businessZones":["朝阳门","朝外","东四"]},{"companyId":381,"positionName":"iOS开发工程师（豆瓣阅读）","workYear":"1年以下","education":"本科","jobNature":"全职","createTime":"2016-07-14 12:00:27","companyShortName":"豆瓣网","positionId":1722251,"salary":"14k-28k","approve":1,"city":"北京","positionAdvantage":"玩豆瓣不如来豆瓣","companyLogo":"image1/M00/00/03/Cgo8PFTUV_mAInGTAACKXnkybp0557.png","industryField":"移动互联网","companyLabelList":["年底双薪","节日礼物","股票期权","带薪年假"],"financeStage":"成熟型(C轮)","district":"朝阳区","score":0,"companySize":"150-500人","companyFullName":"北京豆网科技有限公司","adWord":0,"formatCreateTime":"2016-07-14","imState":"today","lastLogin":1472537667000,"publisherId":97692,"explain":null,"plus":null,"pcShow":0,"appShow":0,"deliver":0,"gradeDescription":null,"businessZones":["将台路","酒仙桥","大山子"]},{"companyId":1880,"positionName":"Android / iOS APP 测试工程师","workYear":"1-3年","education":"本科","jobNature":"全职","createTime":"2016-07-14 11:02:05","companyShortName":"快手","positionId":2095784,"salary":"10k-20k","approve":1,"city":"北京","positionAdvantage":"待遇优厚,租房补贴,成长空间","companyLogo":"image1/M00/00/06/CgYXBlTUWAeAceGUAAAjba3fUBE119.png","industryField":"移动互联网","companyLabelList":["股票期权","五险一金","弹性工作","定期体检"],"financeStage":"成长型(B轮)","district":null,"score":0,"companySize":"50-150人","companyFullName":"北京达佳互联信息技术有限公司","adWord":0,"formatCreateTime":"2016-07-14","imState":"overSevenDays","lastLogin":1470304047000,"publisherId":5636509,"explain":null,"plus":null,"pcShow":0,"appShow":0,"deliver":0,"gradeDescription":null,"businessZones":null},{"companyId":4838,"positionName":"高级软件工程师（IOS）","workYear":"3-5年","education":"本科","jobNature":"全职","createTime":"2016-07-14 10:58:00","companyShortName":"安邦保险集团","positionId":1166523,"salary":"18k-25k","approve":1,"city":"北京","positionAdvantage":"全球化金融集团、奖金、补贴、探亲假等福利","companyLogo":"image1/M00/00/0B/CgYXBlTUWBuAUJAkAAB6cj6qvIk863.jpg","industryField":"移动互联网,金融","companyLabelList":["绩效奖金","专项奖金","五险一金","通讯津贴"],"financeStage":"成熟型(不需要融资)","district":"朝阳区","score":0,"companySize":"2000人以上","companyFullName":"安邦保险集团股份有限公司","adWord":0,"formatCreateTime":"2016-07-14","imState":"disabled","lastLogin":1472005754000,"publisherId":2818435,"explain":null,"plus":null,"pcShow":0,"appShow":0,"deliver":0,"gradeDescription":null,"businessZones":["建外大街","国贸","CBD"]},{"companyId":131978,"positionName":"iOS","workYear":"1-3年","education":"大专","jobNature":"全职","createTime":"2016-07-14 10:35:02","companyShortName":"北京棠果科技","positionId":1890283,"salary":"5k-10k","approve":0,"city":"北京","positionAdvantage":"五险一金 弹性工作","companyLogo":"i/image/M00/53/B3/CgqKkVe_02OAXbbZAAIbB5WOjuU719.jpg","industryField":"移动互联网,生活服务","companyLabelList":null,"financeStage":"成长型(A轮)","district":"海淀区","score":0,"companySize":"50-150人","companyFullName":"北京棠果科技有限公司","adWord":0,"formatCreateTime":"2016-07-14","imState":"sevenDays","lastLogin":1472188768000,"publisherId":5200257,"explain":null,"plus":null,"pcShow":0,"appShow":0,"deliver":0,"gradeDescription":null,"businessZones":["中关村","北京大学","苏州街"]}]}},"code":0}