{"success":true,"requestId":null,"msg":null,"resubmitToken":null,"content":{"pageNo":48,"pageSize":15,"positionResult":{"totalCount":974,"resultSize":15,"locationInfo":{"city":"北京","district":null,"queryByGisCode":false,"businessZone":null,"locationCode":null},"queryAnalysisInfo":{"positionName":"ios","companyName":null,"usefulCompany":false,"industryName":null},"strategyProperty":{"name":"dm-csearch-newSimScorer","id":1},"result":[{"companyId":53,"companyShortName":"聚美优品","createTime":"2016-08-10 18:41:03","positionId":1957266,"positionAdvantage":"平台好 晋升空间大，薪资高","salary":"20k-30k","score":0,"workYear":"3-5年","education":"本科","city":"北京","positionName":"高级iOS工程师","companyLogo":"image1/M00/00/01/CgYXBlTUV_OABaFeAABtGUbQoLE148.png","financeStage":"上市公司","industryField":"电子商务","jobNature":"全职","approve":1,"companySize":"2000人以上","district":null,"companyLabelList":["技能培训","节日礼物","季度奖金","岗位晋升"],"adWord":0,"appShow":0,"deliver":0,"formatCreateTime":"2016-08-10","gradeDescription":null,"companyFullName":"北京创锐文化传媒有限公司","businessZones":null,"imState":"today","lastLogin":1472546174000,"publisherId":3736724,"explain":null,"plus":null,"pcShow":0},{"companyId":105871,"companyShortName":"我盈互联","createTime":"2016-08-09 18:54:33","positionId":1756861,"positionAdvantage":"业务快速发展，技术团队机会多，股票期权","salary":"15k-30k","score":0,"workYear":"3-5年","education":"本科","city":"北京","positionName":"iOS高级工程师","companyLogo":"i/image/M00/01/EE/CgqKkVZ7lUKAe6uIAAAaetzC58M112.png","financeStage":"初创型(天使轮)","industryField":"移动互联网,金融","jobNature":"全职","approve":1,"companySize":"15-50人","district":"朝阳区","companyLabelList":["节日礼物","股票期权","带薪年假","绩效奖金"],"adWord":0,"appShow":0,"deliver":0,"formatCreateTime":"2016-08-09","gradeDescription":null,"companyFullName":"我盈互联（北京）网络科技有限公司","businessZones":["望京","大山子","花家地"],"imState":"overSevenDays","lastLogin":1470969732000,"publisherId":481446,"explain":null,"plus":null,"pcShow":0},{"companyId":142773,"companyShortName":"云驾","createTime":"2016-08-09 17:39:26","positionId":2215800,"positionAdvantage":"七险一金、弹性工作时间、开放扁平化管理","salary":"10k-18k","score":0,"workYear":"1-3年","education":"本科","city":"北京","positionName":"iOS","companyLogo":"i/image/M00/4E/18/Cgp3O1epoHKAC8KYAAAL-E52ffk932.png","financeStage":"初创型(天使轮)","industryField":"数据服务,硬件","jobNature":"全职","approve":0,"companySize":"少于15人","district":"西城区","companyLabelList":null,"adWord":0,"appShow":0,"deliver":0,"formatCreateTime":"2016-08-09","gradeDescription":null,"companyFullName":"北京云驾科技有限公司","businessZones":["西直门","展览路"],"imState":"disabled","lastLogin":1472449592000,"publisherId":5852316,"explain":null,"plus":null,"pcShow":0},{"companyId":266,"companyShortName":"星云颜值！","createTime":"2016-08-09 15:19:01","positionId":2004853,"positionAdvantage":"公司美女帅哥多 工作氛围好 双休","salary":"15k-25k","score":0,"workYear":"3-5年","education":"本科","city":"北京","positionName":"iOS开发工程师","companyLogo":"image1/M00/40/23/Cgo8PFXC0F6AAyzIAACaLQZF21s017.jpg","financeStage":"成长型(A轮)","industryField":"移动互联网,社交网络","jobNature":"全职","approve":1,"companySize":"15-50人","district":null,"companyLabelList":["十点开工","美女员工多","老板帅","全网美女最多"],"adWord":0,"appShow":0,"deliver":0,"formatCreateTime":"2016-08-09","gradeDescription":null,"companyFullName":"北京星云梦科技有限公司","businessZones":null,"imState":"disabled","lastLogin":1472555504000,"publisherId":4870835,"explain":null,"plus":null,"pcShow":0},{"companyId":89541,"companyShortName":"滴滴出行（小桔科技）","createTime":"2016-08-09 15:03:43","positionId":1903391,"positionAdvantage":"核心部门，牛叉团队","salary":"25k-40k","score":0,"workYear":"3-5年","education":"本科","city":"北京","positionName":"iOS高级研发工程师","companyLogo":"image1/M00/42/DC/Cgo8PFXNdImAA0hiAACBD0dX7Ds225.png?cc=0.6919486154416709","financeStage":"成熟型(D轮及以上)","industryField":"移动互联网,电子商务","jobNature":"全职","approve":0,"companySize":"2000人以上","district":"海淀区","companyLabelList":["节日礼物","绩效奖金","年度旅游","美女多"],"adWord":0,"appShow":0,"deliver":0,"formatCreateTime":"2016-08-09","gradeDescription":null,"companyFullName":"滴滴打车（小桔科技）","businessZones":["西北旺","马连洼","上地"],"imState":"today","lastLogin":1472562311000,"publisherId":964583,"explain":null,"plus":null,"pcShow":0},{"companyId":886,"companyShortName":"美丽说","createTime":"2016-08-09 14:14:42","positionId":2136294,"positionAdvantage":"福利待遇好，发展空间大","salary":"30k-40k","score":0,"workYear":"3-5年","education":"本科","city":"北京","positionName":"iOS开发经理","companyLogo":"image1/M00/00/04/Cgo8PFTUWACAdXxyAAAZaJCNo0E256.png","financeStage":"成熟型(D轮及以上)","industryField":"电子商务,移动互联网","jobNature":"全职","approve":1,"companySize":"500-2000人","district":"朝阳区","companyLabelList":["技能培训","节日礼物","年底双薪","年度旅游"],"adWord":0,"appShow":0,"deliver":0,"formatCreateTime":"2016-08-09","gradeDescription":null,"companyFullName":"美丽说（北京）网络科技有限公司","businessZones":["望京","大山子","花家地"],"imState":"disabled","lastLogin":1472006870000,"publisherId":1853395,"explain":null,"plus":null,"pcShow":0},{"companyId":78565,"companyShortName":"知为科技","createTime":"2016-08-09 12:51:22","positionId":1927616,"positionAdvantage":"丰厚的薪资＋年终奖＋弹性工作制＋双休","salary":"15k-25k","score":0,"workYear":"3-5年","education":"本科","city":"北京","positionName":"高级iOS工程师","companyLogo":"image1/M00/39/3C/Cgo8PFWocYiAZ0D3AABbiK4yfgc21.jpeg?cc=0.6065582579467446","financeStage":"成长型(A轮)","industryField":"O2O,文化娱乐","jobNature":"全职","approve":0,"companySize":"50-150人","district":"朝阳区","companyLabelList":["节日礼物","股票期权","带薪年假","年度旅游"],"adWord":0,"appShow":0,"deliver":0,"formatCreateTime":"2016-08-09","gradeDescription":null,"companyFullName":"知为科技（北京）有限公司","businessZones":["酒仙桥","将台路","大山子"],"imState":"disabled","lastLogin":1471926349000,"publisherId":1981663,"explain":null,"plus":null,"pcShow":0},{"companyId":85109,"companyShortName":"青萍","createTime":"2016-08-09 12:22:18","positionId":1928322,"positionAdvantage":"小米生态链公司，发展速度快，福利待遇好","salary":"15k-25k","score":0,"workYear":"不限","education":"本科","city":"北京","positionName":"iOS工程师","companyLogo":"i/image/M00/18/62/CgqKkVbzqTWAJGt6AAAYLVs9PBk336.png","financeStage":"成长型(A轮)","industryField":"移动互联网,硬件","jobNature":"全职","approve":1,"companySize":"15-50人","district":"朝阳区","companyLabelList":["股票期权","带薪年假","定期体检","交通补助"],"adWord":0,"appShow":0,"deliver":0,"formatCreateTime":"2016-08-09","gradeDescription":null,"companyFullName":"青萍科技(北京)有限公司","businessZones":["望京","大山子","酒仙桥"],"imState":"disabled","lastLogin":1471744807000,"publisherId":4807967,"explain":null,"plus":null,"pcShow":0},{"companyId":1880,"companyShortName":"快手","createTime":"2016-08-09 11:17:17","positionId":2212462,"positionAdvantage":"包中餐晚餐,福利待遇好,技术氛围好,免费健身房","salary":"15k-25k","score":0,"workYear":"1-3年","education":"本科","city":"北京","positionName":"Android / iOS APP 测试工程师","companyLogo":"image1/M00/00/06/CgYXBlTUWAeAceGUAAAjba3fUBE119.png","financeStage":"成长型(B轮)","industryField":"移动互联网","jobNature":"全职","approve":1,"companySize":"50-150人","district":"海淀区","companyLabelList":["股票期权","五险一金","弹性工作","定期体检"],"adWord":0,"appShow":0,"deliver":0,"formatCreateTime":"2016-08-09","gradeDescription":null,"companyFullName":"北京达佳互联信息技术有限公司","businessZones":["五道口","清华大学","中关村"],"imState":"today","lastLogin":1472558530000,"publisherId":5387152,"explain":null,"plus":null,"pcShow":0},{"companyId":99601,"companyShortName":"国人未来","createTime":"2016-08-09 10:50:49","positionId":1542739,"positionAdvantage":"公司即将上市，上升空间大。","salary":"8k-12k","score":0,"workYear":"1-3年","education":"大专","city":"北京","positionName":"iOS","companyLogo":"image2/M00/0B/6E/CgqLKVYYirOASu_3AAAUgN85YKI009.jpg?cc=0.2530201349873096","financeStage":"上市公司","industryField":"教育,其他","jobNature":"全职","approve":1,"companySize":"150-500人","district":"西城区","companyLabelList":["技能培训","专项奖金","绩效奖金","岗位晋升"],"adWord":0,"appShow":0,"deliver":0,"formatCreateTime":"2016-08-09","gradeDescription":null,"companyFullName":"北京国人未来教育科技发展有限公司","businessZones":["马甸","安贞","安华"],"imState":"today","lastLogin":1472518897000,"publisherId":2775260,"explain":null,"plus":null,"pcShow":0},{"companyId":55028,"companyShortName":"天火科技","createTime":"2016-08-09 10:18:26","positionId":1249417,"positionAdvantage":"15薪+期权激励","salary":"25k-30k","score":0,"workYear":"3-5年","education":"本科","city":"北京","positionName":"iOS","companyLogo":"image1/M00/0D/A9/CgYXBlT4QJ2ACLoZAABW2i9izHg473.jpg","financeStage":"初创型(天使轮)","industryField":"移动互联网,游戏","jobNature":"全职","approve":0,"companySize":"150-500人","district":"西城区","companyLabelList":["股票期权","带薪年假","岗位晋升","产品卖相好"],"adWord":0,"appShow":0,"deliver":0,"formatCreateTime":"2016-08-09","gradeDescription":null,"companyFullName":"北京天火游侠科技有限公司","businessZones":["新街口","德胜门","小西天"],"imState":"today","lastLogin":1472546718000,"publisherId":1450962,"explain":null,"plus":null,"pcShow":0},{"companyId":8414,"companyShortName":"一点资讯","createTime":"2016-08-09 10:08:32","positionId":2211449,"positionAdvantage":"五险一金，绩效奖金多，晋升空间大","salary":"15k-25k","score":0,"workYear":"3-5年","education":"本科","city":"北京","positionName":"iOS开发工程师","companyLogo":"image1/M00/00/11/CgYXBlTUWDOAeZQdAABbV0qQVPE716.jpg","financeStage":"成熟型(D轮及以上)","industryField":"移动互联网","jobNature":"全职","approve":1,"companySize":"500-2000人","district":"海淀区","companyLabelList":["带薪年假","午餐补助","扁平管理","弹性工作"],"adWord":0,"appShow":0,"deliver":0,"formatCreateTime":"2016-08-09","gradeDescription":null,"companyFullName":"一点网聚科技有限公司","businessZones":null,"imState":"today","lastLogin":1472548798000,"publisherId":731558,"explain":null,"plus":null,"pcShow":0},{"companyId":1575,"companyShortName":"百度","createTime":"2016-08-09 10:02:48","positionId":2211359,"positionAdvantage":"互联网巨头移动安全","salary":"20k-30k","score":0,"workYear":"3-5年","education":"本科","city":"北京","positionName":"iOS","companyLogo":"image1/M00/00/06/CgYXBlTUWAWAOBXrAABGHHFb0q8748.jpg","financeStage":"上市公司","industryField":"移动互联网,数据服务","jobNature":"全职","approve":1,"companySize":"2000人以上","district":"海淀区","companyLabelList":["股票期权","弹性工作","五险一金","免费班车"],"adWord":0,"appShow":0,"deliver":0,"formatCreateTime":"2016-08-09","gradeDescription":null,"companyFullName":"百度在线网络技术（北京）有限公司","businessZones":["西北旺","马连洼","上地"],"imState":"disabled","lastLogin":1472178078000,"publisherId":1832171,"explain":null,"plus":null,"pcShow":0},{"companyId":137967,"companyShortName":"金梦来","createTime":"2016-08-08 17:37:39","positionId":2110702,"positionAdvantage":"发展空间大，福利待遇优，工作环境好。","salary":"10k-15k","score":0,"workYear":"3-5年","education":"本科","city":"北京","positionName":"IOS高级工程师","companyLogo":"i/image/M00/41/F5/CgqKkVd-ByaAU4XsAACkPT0T4LE635.jpg","financeStage":"成长型(不需要融资)","industryField":"教育,移动互联网","jobNature":"全职","approve":0,"companySize":"50-150人","district":"海淀区","companyLabelList":null,"adWord":0,"appShow":0,"deliver":0,"formatCreateTime":"2016-08-08","gradeDescription":null,"companyFullName":"北京金梦来网络科技有限公司","businessZones":["苏州街","中关村","北京大学"],"imState":"disabled","lastLogin":1471426625000,"publisherId":5682899,"explain":null,"plus":null,"pcShow":0},{"companyId":141318,"companyShortName":"云厚科技（北京）有限公司","createTime":"2016-08-08 17:22:47","positionId":2209471,"positionAdvantage":"带薪假期+五险一金+午晚餐下午茶+福利津贴","salary":"20k-30k","score":0,"workYear":"5-10年","education":"本科","city":"北京","positionName":"iOS","companyLogo":"i/image/M00/4A/17/CgqKkVeZcMWAH-paAAAKDs9cdKA893.jpg","financeStage":"初创型(未融资)","industryField":"移动互联网,数据服务","jobNature":"全职","approve":0,"companySize":"50-150人","district":"朝阳区","companyLabelList":null,"adWord":0,"appShow":0,"deliver":0,"formatCreateTime":"2016-08-08","gradeDescription":null,"companyFullName":"云厚科技（北京）有限公司","businessZones":["望京","大山子","花家地"],"imState":"disabled","lastLogin":1472528044000,"publisherId":5858312,"explain":null,"plus":null,"pcShow":0}]}},"code":0}