{"success":true,"requestId":null,"msg":null,"resubmitToken":null,"content":{"pageNo":47,"pageSize":15,"positionResult":{"totalCount":974,"resultSize":15,"locationInfo":{"city":"北京","district":null,"queryByGisCode":false,"businessZone":null,"locationCode":null},"queryAnalysisInfo":{"positionName":"ios","companyName":null,"usefulCompany":false,"industryName":null},"strategyProperty":{"name":"dm-csearch-newSimScorer","id":1},"result":[{"companyId":121,"companyShortName":"墨迹天气","createTime":"2016-08-11 10:54:36","positionId":19424,"positionAdvantage":"福利体系佳，晋升空间大","salary":"20k-30k","score":0,"workYear":"3-5年","education":"本科","city":"北京","positionName":"iOS高级开发工程师","companyLogo":"image1/M00/00/02/CgYXBlTUV_SAC4JmAABlUkwC7D0180.png","financeStage":"成熟型(C轮)","industryField":"移动互联网,生活服务","jobNature":"全职","approve":1,"companySize":"150-500人","district":"朝阳区","companyLabelList":["五险一金","弹性工作","岗位晋升","帅哥多"],"adWord":0,"appShow":0,"deliver":0,"formatCreateTime":"2016-08-11","gradeDescription":null,"companyFullName":"北京墨迹风云科技股份有限公司","businessZones":["将台路","酒仙桥","大山子"],"imState":"today","lastLogin":1472555439000,"publisherId":25324,"explain":null,"plus":null,"pcShow":0},{"companyId":129930,"companyShortName":"冷蜘蛛供应链","createTime":"2016-08-11 09:04:16","positionId":1834391,"positionAdvantage":"只要肯努力，升职加薪不是问题！","salary":"8k-12k","score":0,"workYear":"3-5年","education":"大专","city":"北京","positionName":"iOS开发工程师","companyLogo":"i/image/M00/2C/C8/Cgp3O1c6b4aAKkY2AABqRqpELCk147.png","financeStage":"初创型(未融资)","industryField":"移动互联网,O2O","jobNature":"全职","approve":0,"companySize":"15-50人","district":null,"companyLabelList":["绩效奖金","年底双薪","交通补助","带薪年假"],"adWord":0,"appShow":0,"deliver":0,"formatCreateTime":"2016-08-11","gradeDescription":null,"companyFullName":"冷蜘蛛供应链管理（北京）有限公司","businessZones":null,"imState":"disabled","lastLogin":1470877448000,"publisherId":3575713,"explain":null,"plus":null,"pcShow":0},{"companyId":53,"companyShortName":"聚美优品","createTime":"2016-08-10 18:41:04","positionId":2048858,"positionAdvantage":"架构部，部门好，发展好","salary":"25k-35k","score":0,"workYear":"5-10年","education":"本科","city":"北京","positionName":"iOS","companyLogo":"image1/M00/00/01/CgYXBlTUV_OABaFeAABtGUbQoLE148.png","financeStage":"上市公司","industryField":"电子商务","jobNature":"全职","approve":1,"companySize":"2000人以上","district":"东城区","companyLabelList":["技能培训","节日礼物","季度奖金","岗位晋升"],"adWord":0,"appShow":0,"deliver":0,"formatCreateTime":"2016-08-10","gradeDescription":null,"companyFullName":"北京创锐文化传媒有限公司","businessZones":["东直门","海运仓","东四"],"imState":"today","lastLogin":1472546174000,"publisherId":3736724,"explain":null,"plus":null,"pcShow":0},{"companyId":101014,"companyShortName":"银谷","createTime":"2016-08-10 17:30:57","positionId":2221622,"positionAdvantage":"办公环境好、薪资优厚、职位晋升","salary":"15k-30k","score":0,"workYear":"3-5年","education":"大专","city":"北京","positionName":"iOS开发工程师","companyLogo":"i/image/M00/03/49/Cgp3O1azBWeATfepAAASwcbK7xE329.jpg","financeStage":"成熟型(不需要融资)","industryField":"移动互联网,金融","jobNature":"全职","approve":0,"companySize":"2000人以上","district":"朝阳区","companyLabelList":["节日礼物","专项奖金","带薪年假","绩效奖金"],"adWord":0,"appShow":0,"deliver":0,"formatCreateTime":"2016-08-10","gradeDescription":null,"companyFullName":"东方银谷（北京）投资管理有限公司","businessZones":["朝阳门","朝外","东四"],"imState":"disabled","lastLogin":1472546875000,"publisherId":5882801,"explain":null,"plus":null,"pcShow":0},{"companyId":323,"companyShortName":"百度游戏","createTime":"2016-08-10 17:29:43","positionId":2059871,"positionAdvantage":"大平台","salary":"15k-25k","score":0,"workYear":"1-3年","education":"大专","city":"北京","positionName":"手游ios渠道经理","companyLogo":"image1/M00/00/02/CgYXBlTUV_eAavJtAAAGJ5FjmEQ222.gif","financeStage":"上市公司","industryField":"移动互联网","jobNature":"全职","approve":1,"companySize":"2000人以上","district":"海淀区","companyLabelList":["年终分红","绩效奖金","股票期权","五险一金"],"adWord":0,"appShow":0,"deliver":0,"formatCreateTime":"2016-08-10","gradeDescription":null,"companyFullName":"百度移信网络技术（北京）有限公司","businessZones":["上地","马连洼","颐和园"],"imState":"threeDays","lastLogin":1472465585000,"publisherId":2811104,"explain":null,"plus":null,"pcShow":0},{"companyId":126927,"companyShortName":"嘀一巴士","createTime":"2016-08-10 17:03:47","positionId":2150497,"positionAdvantage":"公司福利好，项目佳，领导NICE，团队逗逼","salary":"6k-8k","score":0,"workYear":"应届毕业生","education":"本科","city":"北京","positionName":"iOS实习生（211/985院校在校实习生）","companyLogo":"i/image/M00/3A/55/CgqKkVdpBYiAVxdGAAAnweb5KvU231.png","financeStage":"成长型(不需要融资)","industryField":"移动互联网,数据服务","jobNature":"全职","approve":0,"companySize":"50-150人","district":"朝阳区","companyLabelList":["专项奖金","带薪年假","交通补助","午餐补助"],"adWord":0,"appShow":0,"deliver":0,"formatCreateTime":"2016-08-10","gradeDescription":null,"companyFullName":"嘀一科技（北京）有限公司","businessZones":["来广营","望京"],"imState":"overSevenDays","lastLogin":1471256976000,"publisherId":2006293,"explain":null,"plus":null,"pcShow":0},{"companyId":44333,"companyShortName":"爱版易","createTime":"2016-08-10 16:08:59","positionId":1678070,"positionAdvantage":"老板NICE，人性化，7.5小时办公制","salary":"10k-18k","score":0,"workYear":"3-5年","education":"大专","city":"北京","positionName":"iOS开发工程师","companyLogo":"image1/M00/00/70/Cgo8PFTUXY-AGKMoAABfFCObCMY977.png","financeStage":"成长型(A轮)","industryField":"移动互联网,电子商务","jobNature":"全职","approve":1,"companySize":"15-50人","district":"朝阳区","companyLabelList":["节日礼物","办公环境好","岗位晋升","扁平管理"],"adWord":0,"appShow":0,"deliver":0,"formatCreateTime":"2016-08-10","gradeDescription":null,"companyFullName":"北京版映科技有限公司","businessZones":["亮马桥","三元桥","燕莎"],"imState":"disabled","lastLogin":1472564631000,"publisherId":840555,"explain":null,"plus":null,"pcShow":0},{"companyId":76267,"companyShortName":"腾升科技","createTime":"2016-08-10 15:53:25","positionId":2101564,"positionAdvantage":"带薪年假 五险一金 定期团建等","salary":"8k-15k","score":0,"workYear":"1-3年","education":"本科","city":"北京","positionName":"iOS","companyLogo":"image1/M00/2F/20/Cgo8PFWA4liANtO6AABD_PWvw_c893.png?cc=0.8668517703190446","financeStage":"初创型(天使轮)","industryField":"游戏","jobNature":"全职","approve":0,"companySize":"15-50人","district":"海淀区","companyLabelList":["节日礼物","专项奖金","带薪年假","绩效奖金"],"adWord":0,"appShow":0,"deliver":0,"formatCreateTime":"2016-08-10","gradeDescription":null,"companyFullName":"北京腾升科技有限公司","businessZones":["五道口","中关村","清华大学"],"imState":"overSevenDays","lastLogin":1471328301000,"publisherId":1918541,"explain":null,"plus":null,"pcShow":0},{"companyId":113673,"companyShortName":"Studio6","createTime":"2016-08-10 15:16:34","positionId":1498115,"positionAdvantage":"和明星一起工作","salary":"20k-40k","score":0,"workYear":"5-10年","education":"大专","city":"北京","positionName":"iOS开发工程师","companyLogo":"i/image/M00/03/1C/Cgp3O1apufyAJRmhAAAViUQIj6I847.jpg","financeStage":"成长型(不需要融资)","industryField":"电子商务","jobNature":"全职","approve":0,"companySize":"50-150人","district":"朝阳区","companyLabelList":["美女多","扁平管理","五险一金","弹性工作"],"adWord":0,"appShow":0,"deliver":0,"formatCreateTime":"2016-08-10","gradeDescription":null,"companyFullName":"北京曼香亚田广告有限公司","businessZones":["百子湾","四惠","十里堡"],"imState":"overSevenDays","lastLogin":1471412441000,"publisherId":3792593,"explain":null,"plus":null,"pcShow":0},{"companyId":84973,"companyShortName":"点点成金","createTime":"2016-08-10 14:57:08","positionId":2219988,"positionAdvantage":"五险一金 完善的福利 轻松的氛围","salary":"10k-20k","score":0,"workYear":"3-5年","education":"不限","city":"北京","positionName":"iOS工程师","companyLogo":"i/image/M00/01/83/CgqKkVZudo6ACBHlAAAPzmbjvcc536.jpg","financeStage":"初创型(未融资)","industryField":"移动互联网,电子商务","jobNature":"全职","approve":0,"companySize":"50-150人","district":"朝阳区","companyLabelList":null,"adWord":0,"appShow":0,"deliver":0,"formatCreateTime":"2016-08-10","gradeDescription":null,"companyFullName":"世纪云光信息技术(北京)有限公司","businessZones":["建国门","建外大街","北京站"],"imState":"disabled","lastLogin":1472433390000,"publisherId":2173967,"explain":null,"plus":null,"pcShow":0},{"companyId":1914,"companyShortName":"优酷土豆","createTime":"2016-08-10 14:49:38","positionId":2164114,"positionAdvantage":"五险一金、商业保险、带薪年假、试用全薪","salary":"15k-25k","score":0,"workYear":"3-5年","education":"本科","city":"北京","positionName":"iOS开发","companyLogo":"i/image/M00/01/39/Cgp3O1Zk9luAeL0jAAAO0FvOuQE553.png","financeStage":"上市公司","industryField":"数据服务,文化娱乐","jobNature":"全职","approve":1,"companySize":"2000人以上","district":null,"companyLabelList":["带薪年假","岗位晋升","五险一金","弹性工作"],"adWord":0,"appShow":0,"deliver":0,"formatCreateTime":"2016-08-10","gradeDescription":null,"companyFullName":"合一网络技术（北京）有限公司","businessZones":null,"imState":"overSevenDays","lastLogin":1471429642000,"publisherId":5771258,"explain":null,"plus":null,"pcShow":0},{"companyId":138376,"companyShortName":"央视网商城","createTime":"2016-08-10 11:43:46","positionId":2162449,"positionAdvantage":"领导超nice,平台高level","salary":"15k-20k","score":0,"workYear":"3-5年","education":"大专","city":"北京","positionName":"iOS开发工程师","companyLogo":"i/image/M00/43/66/CgqKkVeDP0aARZdaAAAM3FQd4MI456.png","financeStage":"成长型(不需要融资)","industryField":"电子商务","jobNature":"全职","approve":0,"companySize":"50-150人","district":"海淀区","companyLabelList":null,"adWord":0,"appShow":0,"deliver":0,"formatCreateTime":"2016-08-10","gradeDescription":null,"companyFullName":"北京中视万豪广告有限公司","businessZones":["北下关","北太平庄","小西天"],"imState":"today","lastLogin":1472524024000,"publisherId":758750,"explain":null,"plus":null,"pcShow":0},{"companyId":87664,"companyShortName":"为偶","createTime":"2016-08-10 10:55:47","positionId":972995,"positionAdvantage":"硅谷高管团队，有技术，有资金，机会多。","salary":"18k-35k","score":0,"workYear":"3-5年","education":"本科","city":"北京","positionName":"iOS","companyLogo":"image1/M00/40/5E/Cgo8PFXDPreAA7zyAAAJrVi08Ag293.gif?cc=0.9841633592732251","financeStage":"初创型(天使轮)","industryField":"移动互联网","jobNature":"全职","approve":0,"companySize":"少于15人","district":"海淀区","companyLabelList":["股票期权","带薪年假","年度旅游","定期体检"],"adWord":0,"appShow":0,"deliver":0,"formatCreateTime":"2016-08-10","gradeDescription":null,"companyFullName":"Weiou, Inc.","businessZones":["清河"],"imState":"disabled","lastLogin":1472579222000,"publisherId":2247081,"explain":null,"plus":null,"pcShow":0},{"companyId":128099,"companyShortName":"烽鸟出行","createTime":"2016-08-10 10:42:56","positionId":2112516,"positionAdvantage":"便利交通 弹性工作 个性化福利","salary":"15k-25k","score":0,"workYear":"3-5年","education":"本科","city":"北京","positionName":"IOS研发工程师","companyLogo":"i/image/M00/28/52/CgqKkVcquWqANubXAABdQLfiA3w649.jpg","financeStage":"初创型(天使轮)","industryField":"电子商务,移动互联网","jobNature":"全职","approve":0,"companySize":"15-50人","district":"海淀区","companyLabelList":null,"adWord":0,"appShow":0,"deliver":0,"formatCreateTime":"2016-08-10","gradeDescription":null,"companyFullName":"烽鸟出行科技（北京）有限公司","businessZones":["北太平庄","牡丹园","健翔桥"],"imState":"disabled","lastLogin":1472455167000,"publisherId":4986059,"explain":null,"plus":null,"pcShow":0},{"companyId":114110,"companyShortName":"乐视","createTime":"2016-08-10 09:57:58","positionId":2065838,"positionAdvantage":"团队技术氛围浓厚，牛人强，发展无天花板","salary":"10k-20k","score":0,"workYear":"3-5年","education":"本科","city":"北京","positionName":"iOS开发工程师","companyLogo":"i/image/M00/04/2B/Cgp3O1bGwzWAEAB4AAAbnMQCudk783.jpg","financeStage":"上市公司","industryField":"移动互联网","jobNature":"全职","approve":1,"companySize":"2000人以上","district":"朝阳区","companyLabelList":["股票期权","交通补助","通讯津贴","带薪年假"],"adWord":0,"appShow":0,"deliver":0,"formatCreateTime":"2016-08-10","gradeDescription":null,"companyFullName":"乐视网信息技术（北京）股份有限公司","businessZones":["石佛营","姚家园","十里堡"],"imState":"disabled","lastLogin":1471335450000,"publisherId":5580181,"explain":null,"plus":null,"pcShow":0}]}},"code":0}