{"resubmitToken":null,"success":true,"requestId":null,"msg":null,"content":{"pageNo":9,"pageSize":15,"positionResult":{"totalCount":974,"resultSize":15,"locationInfo":{"city":"北京","district":null,"queryByGisCode":false,"businessZone":null,"locationCode":null},"queryAnalysisInfo":{"positionName":"ios","companyName":null,"industryName":null,"usefulCompany":false},"strategyProperty":{"name":"dm-csearch-newSimScorer","id":1},"result":[{"companyFullName":"北京盈泰财富云电子商务有限公司","adWord":0,"companyId":50476,"formatCreateTime":"12:25发布","businessZones":["和平里","雍和宫","安定门"],"imState":"disabled","lastLogin":1472530912000,"positionId":2304757,"industryField":"移动互联网,金融","education":"本科","workYear":"3-5年","city":"北京","positionAdvantage":"精英文化，深涉金融，六险一金，员工持股","createTime":"2016-08-30 12:25:19","salary":"15k-30k","positionName":"iOS开发","companySize":"50-150人","companyShortName":"盈泰财富云","companyLogo":"image1/M00/00/84/Cgo8PFTUXeSAKU0pAAButaDUfeY414.jpg","financeStage":"成长型(A轮)","approve":1,"jobNature":"全职","companyLabelList":["技能培训","岗位晋升","年终分红","股票期权"],"district":"东城区","score":0,"publisherId":5030691,"explain":null,"plus":null,"pcShow":0,"appShow":0,"deliver":0,"gradeDescription":null},{"companyFullName":"北京一人一亩田网络科技有限公司","adWord":0,"companyId":81107,"formatCreateTime":"1天前发布","businessZones":["学院路","北航","知春路"],"imState":"today","lastLogin":1472554305000,"positionId":2302269,"industryField":"移动互联网,电子商务","education":"本科","workYear":"3-5年","city":"北京","positionAdvantage":"全员持股，五险一金，年底双薪","createTime":"2016-08-29 20:42:35","salary":"20k-35k","positionName":"iOS","companySize":"2000人以上","companyShortName":"一亩田","companyLogo":"image1/M00/34/EF/Cgo8PFWaJjqAPZNrAAhf-KXA424476.png?cc=0.37455519335344434","financeStage":"成长型(B轮)","approve":1,"jobNature":"全职","companyLabelList":["节日礼物","年底双薪","专项奖金","股票期权"],"district":"海淀区","score":0,"publisherId":2060980,"explain":null,"plus":null,"pcShow":0,"appShow":0,"deliver":0,"gradeDescription":null},{"companyFullName":"上海小蚁科技有限公司","adWord":0,"companyId":42899,"formatCreateTime":"1天前发布","businessZones":["上地","清河","小营"],"imState":"today","lastLogin":1472523108000,"positionId":1937587,"industryField":"移动互联网,硬件","education":"本科","workYear":"3-5年","city":"北京","positionAdvantage":"小米生态链公司，年底双薪，股票期权","createTime":"2016-08-29 18:24:12","salary":"15k-30k","positionName":"IOS 开发工程师（偏多媒体方向）","companySize":"150-500人","companyShortName":"小蚁","companyLogo":"image2/M00/11/69/CgqLKVYx6mCAEWmWAAA8Uo7yHIc510.jpg?cc=0.24744720198214054","financeStage":"成熟型(C轮)","approve":1,"jobNature":"全职","companyLabelList":["年底双薪","节日礼物","技能培训","年度旅游"],"district":"海淀区","score":0,"publisherId":808170,"explain":null,"plus":null,"pcShow":0,"appShow":0,"deliver":0,"gradeDescription":null},{"companyFullName":"百度移信网络技术（北京）有限公司","adWord":0,"companyId":323,"formatCreateTime":"1天前发布","businessZones":["上地","马连洼","颐和园"],"imState":"threeDays","lastLogin":1472465585000,"positionId":1568508,"industryField":"移动互联网","education":"本科","workYear":"1-3年","city":"北京","positionAdvantage":"发展前景好","createTime":"2016-08-29 17:49:14","salary":"10k-20k","positionName":"Android/ios技术支持","companySize":"2000人以上","companyShortName":"百度游戏","companyLogo":"image1/M00/00/02/CgYXBlTUV_eAavJtAAAGJ5FjmEQ222.gif","financeStage":"上市公司","approve":1,"jobNature":"全职","companyLabelList":["年终分红","绩效奖金","股票期权","五险一金"],"district":"海淀区","score":0,"publisherId":2811104,"explain":null,"plus":null,"pcShow":0,"appShow":0,"deliver":0,"gradeDescription":null},{"companyFullName":"安邦电子商务有限公司","adWord":0,"companyId":114939,"formatCreateTime":"1天前发布","businessZones":["建外大街","国贸","CBD"],"imState":"disabled","lastLogin":1472517298000,"positionId":2301495,"industryField":"金融,电子商务","education":"本科","workYear":"3-5年","city":"北京","positionAdvantage":"互联网金融","createTime":"2016-08-29 17:47:25","salary":"10k-20k","positionName":"iOS","companySize":"2000人以上","companyShortName":"安邦电商","companyLogo":"i/image/M00/37/46/CgqKkVdfz2eAENPfAAFN2adQSJc034.png","financeStage":"初创型(未融资)","approve":0,"jobNature":"全职","companyLabelList":null,"district":"朝阳区","score":0,"publisherId":5352263,"explain":null,"plus":null,"pcShow":0,"appShow":0,"deliver":0,"gradeDescription":null},{"companyFullName":"聪投（北京）信息技术有限公司","adWord":0,"companyId":98908,"formatCreateTime":"1天前发布","businessZones":["雍和宫","安定门","北新桥"],"imState":"disabled","lastLogin":1472556045000,"positionId":2151464,"industryField":"移动互联网,医疗健康","education":"本科","workYear":"3-5年","city":"北京","positionAdvantage":"五险一金 资金/技术背景强大 高成长","createTime":"2016-08-29 17:32:19","salary":"20k-30k","positionName":"iOS高级开发工程师","companySize":"15-50人","companyShortName":"马拉马拉","companyLogo":"i/image/M00/02/00/CgqKkVZ-MWSAH0c6AAAUTEoypIQ603.png","financeStage":"成长型(A轮)","approve":1,"jobNature":"全职","companyLabelList":["带薪年假","扁平管理","弹性工作","工程师文化"],"district":"东城区","score":0,"publisherId":5756931,"explain":null,"plus":null,"pcShow":0,"appShow":0,"deliver":0,"gradeDescription":null},{"companyFullName":"北京易数科技有限公司","adWord":0,"companyId":77962,"formatCreateTime":"1天前发布","businessZones":["望京","大山子","花家地"],"imState":"today","lastLogin":1472550830000,"positionId":806081,"industryField":"企业服务,数据服务","education":"本科","workYear":"3-5年","city":"北京","positionAdvantage":"与硅谷和国内顶尖的牛人共事","createTime":"2016-08-29 17:21:30","salary":"25k-40k","positionName":"iOS开发工程师","companySize":"50-150人","companyShortName":"GrowingIO","companyLogo":"i/image/M00/4A/7F/Cgp3O1ea1lOAJH9FAAB4lZTWzlY991.jpg","financeStage":"成长型(A轮)","approve":1,"jobNature":"全职","companyLabelList":["股票期权","绩效奖金","扁平管理","弹性工作"],"district":"朝阳区","score":0,"publisherId":1960292,"explain":null,"plus":null,"pcShow":0,"appShow":0,"deliver":0,"gradeDescription":null},{"companyFullName":"北京嘀嘀无限科技发展有限公司","adWord":0,"companyId":108376,"formatCreateTime":"1天前发布","businessZones":["马连洼","上地","西北旺"],"imState":"disabled","lastLogin":1472524072000,"positionId":2022811,"industryField":"其他","education":"本科","workYear":"1-3年","city":"北京","positionAdvantage":"六险一金 福利待遇很棒","createTime":"2016-08-29 17:19:44","salary":"20k-40k","positionName":"客户端开发工程师（ios&amp;android）","companySize":"2000人以上","companyShortName":"滴滴出行","companyLogo":"i/image/M00/01/CC/CgqKkVZ3z4KAEKKmAAAO9hXzkkg424.jpg","financeStage":"成熟型(D轮及以上)","approve":0,"jobNature":"全职","companyLabelList":null,"district":"海淀区","score":0,"publisherId":5374738,"explain":null,"plus":null,"pcShow":0,"appShow":0,"deliver":0,"gradeDescription":null},{"companyFullName":"北京云江科技有限公司","adWord":0,"companyId":25027,"formatCreateTime":"1天前发布","businessZones":null,"imState":"today","lastLogin":1472585491000,"positionId":2269464,"industryField":"移动互联网,教育","education":"本科","workYear":"3-5年","city":"北京","positionAdvantage":"九险一金 一日双餐 年终奖 晋升空间","createTime":"2016-08-29 17:03:51","salary":"25k-40k","positionName":"高级iOS工程师/架构","companySize":"50-150人","companyShortName":"阿凡题","companyLogo":"image1/M00/00/33/CgYXBlTUXJCAUBFJAAB1jD-5v4Q554.png","financeStage":"成长型(B轮)","approve":1,"jobNature":"全职","companyLabelList":["节日礼物","股票期权","民主公平","带薪年假"],"district":null,"score":0,"publisherId":298195,"explain":null,"plus":null,"pcShow":0,"appShow":0,"deliver":0,"gradeDescription":null},{"companyFullName":"你好世界（北京）科技有限公司","adWord":0,"companyId":93974,"formatCreateTime":"1天前发布","businessZones":["建外大街","国贸","CBD"],"imState":"today","lastLogin":1472551864000,"positionId":1412927,"industryField":"移动互联网,社交网络","education":"本科","workYear":"1-3年","city":"北京","positionAdvantage":"我司有趣好玩儿 来体验带你飞的快感","createTime":"2016-08-29 17:03:17","salary":"15k-25k","positionName":"iOS高级开发工程师","companySize":"15-50人","companyShortName":"你好世界","companyLogo":"image2/M00/02/B7/CgpzWlXr8TmAMtMiAAANAsKdgBM653.jpg?cc=0.39752642810344696","financeStage":"初创型(天使轮)","approve":1,"jobNature":"全职","companyLabelList":["年底双薪","带薪年假","年度旅游","扁平管理"],"district":"朝阳区","score":0,"publisherId":2616622,"explain":null,"plus":null,"pcShow":0,"appShow":0,"deliver":0,"gradeDescription":null},{"companyFullName":"俺朋堂（北京）网络科技有限公司","adWord":0,"companyId":92263,"formatCreateTime":"1天前发布","businessZones":["望京","花家地","来广营"],"imState":"today","lastLogin":1472552171000,"positionId":1841944,"industryField":"移动互联网,社交网络","education":"本科","workYear":"1-3年","city":"北京","positionAdvantage":"只要你是我们要的人一切都能谈","createTime":"2016-08-29 17:02:44","salary":"15k-20k","positionName":"iOS","companySize":"15-50人","companyShortName":"俺朋堂","companyLogo":"i/image/M00/03/96/CgqKkVbBeoaAHdEYAAAUR3xnriU578.jpg","financeStage":"初创型(天使轮)","approve":1,"jobNature":"全职","companyLabelList":["年底双薪","股票期权","带薪年假","绩效奖金"],"district":"朝阳区","score":0,"publisherId":2386917,"explain":null,"plus":null,"pcShow":0,"appShow":0,"deliver":0,"gradeDescription":null},{"companyFullName":"完美世界(北京)网络技术有限公司","adWord":0,"companyId":10369,"formatCreateTime":"1天前发布","businessZones":["大屯","北苑","亚运村"],"imState":"disabled","lastLogin":1472525210000,"positionId":1870435,"industryField":"移动互联网,游戏","education":"本科","workYear":"3-5年","city":"北京","positionAdvantage":"互联网、核心项目、免费健身房、员工餐厅","createTime":"2016-08-29 17:01:10","salary":"18k-36k","positionName":"高级IOS开发工程师","companySize":"2000人以上","companyShortName":"完美世界","companyLogo":"image1/M00/00/15/CgYXBlTUWECAXAksAABGkmdtwig327.jpg","financeStage":"上市公司","approve":1,"jobNature":"全职","companyLabelList":["绩效奖金","五险一金","带薪年假","年度旅游"],"district":"朝阳区","score":0,"publisherId":1837147,"explain":null,"plus":null,"pcShow":0,"appShow":0,"deliver":0,"gradeDescription":null},{"companyFullName":"北京云杉领金信息科技有限公司","adWord":0,"companyId":120275,"formatCreateTime":"1天前发布","businessZones":["上地","马连洼","颐和园"],"imState":"today","lastLogin":1472540980000,"positionId":2105395,"industryField":"金融","education":"本科","workYear":"3-5年","city":"北京","positionAdvantage":"期权丰厚；13薪；有技术氛围；平台好","createTime":"2016-08-29 16:56:30","salary":"15k-25k","positionName":"iOS","companySize":"15-50人","companyShortName":"云杉领金","companyLogo":"i/image/M00/1F/9F/Cgp3O1cL46uAeMnqAABAFduMjgs066.jpg","financeStage":"成长型(A轮)","approve":0,"jobNature":"全职","companyLabelList":["弹性工作","扁平管理","五险一金","岗位晋升"],"district":"海淀区","score":0,"publisherId":2604958,"explain":null,"plus":null,"pcShow":0,"appShow":0,"deliver":0,"gradeDescription":null},{"companyFullName":"北京天天顺科技发展有限公司","adWord":0,"companyId":145731,"formatCreateTime":"1天前发布","businessZones":null,"imState":"today","lastLogin":1472518756000,"positionId":2300932,"industryField":"生活服务,其他","education":"本科","workYear":"3-5年","city":"北京","positionAdvantage":"福利待遇好，管吃住，年终奖，薪资面议。","createTime":"2016-08-29 16:51:39","salary":"15k-25k","positionName":"iOS高级开发工程师","companySize":"15-50人","companyShortName":"北京天天顺","companyLogo":"i/image/M00/53/BD/CgqKkVe_6uaAenXDAACjYJ8QWS4545.JPG","financeStage":"上市公司","approve":0,"jobNature":"全职","companyLabelList":null,"district":null,"score":0,"publisherId":5952722,"explain":null,"plus":null,"pcShow":0,"appShow":0,"deliver":0,"gradeDescription":null},{"companyFullName":"北京小嘿科技有限责任公司","adWord":0,"companyId":77165,"formatCreateTime":"1天前发布","businessZones":["上地","马连洼","西二旗"],"imState":"today","lastLogin":1472572819000,"positionId":801169,"industryField":"移动互联网,社交网络","education":"本科","workYear":"3-5年","city":"北京","positionAdvantage":"采用最新的RN技术，客户端用Swift开发","createTime":"2016-08-29 16:51:19","salary":"15k-20k","positionName":"iOS高级研发工程师","companySize":"15-50人","companyShortName":"三弟","companyLogo":"i/image/M00/4A/C0/CgqKkVecHveAJQNZAAASnhu9_RA541.jpg","financeStage":"成长型(A轮)","approve":0,"jobNature":"全职","companyLabelList":["年底双薪","股票期权","带薪年假","绩效奖金"],"district":"海淀区","score":0,"publisherId":1732617,"explain":null,"plus":null,"pcShow":0,"appShow":0,"deliver":0,"gradeDescription":null}]}},"code":0}