{"success":true,"requestId":null,"msg":null,"resubmitToken":null,"code":0,"content":{"pageNo":64,"pageSize":15,"positionResult":{"resultSize":15,"totalCount":974,"locationInfo":{"queryByGisCode":false,"businessZone":null,"locationCode":null,"city":"北京","district":null},"queryAnalysisInfo":{"industryName":null,"usefulCompany":false,"positionName":"ios","companyName":null},"strategyProperty":{"name":"dm-csearch-newSimScorer","id":1},"result":[{"companyId":1914,"businessZones":["中关村","北京大学","苏州街"],"imState":"disabled","lastLogin":1470287614000,"publisherId":4661754,"explain":null,"plus":null,"pcShow":0,"appShow":0,"deliver":0,"gradeDescription":null,"companyFullName":"合一网络技术（北京）有限公司","formatCreateTime":"2016-07-09","positionName":"iOS高级开发","workYear":"3-5年","education":"本科","jobNature":"全职","companyLogo":"i/image/M00/01/39/Cgp3O1Zk9luAeL0jAAAO0FvOuQE553.png","salary":"30k-50k","city":"北京","financeStage":"上市公司","industryField":"数据服务,文化娱乐","positionId":1969773,"approve":1,"createTime":"2016-07-09 13:19:16","positionAdvantage":"最低15薪，每月补助1.2k，各种报销","district":"海淀区","companyShortName":"优酷土豆","companyLabelList":["带薪年假","岗位晋升","五险一金","弹性工作"],"score":0,"companySize":"2000人以上","adWord":0},{"companyId":64053,"businessZones":["柳芳","左家庄","和平里"],"imState":"today","lastLogin":1472550495000,"publisherId":2246157,"explain":null,"plus":null,"pcShow":0,"appShow":0,"deliver":0,"gradeDescription":null,"companyFullName":"北京众信国际旅行社股份有限公司","formatCreateTime":"2016-07-01","positionName":"移动端iOS高级开发工程师","workYear":"3-5年","education":"本科","jobNature":"全职","companyLogo":"i/image/M00/03/1C/CgqKkVapxr-AAyYaAAJmBVh2BxY822.jpg","salary":"13k-25k","city":"北京","financeStage":"上市公司","industryField":"其他","positionId":1444353,"approve":1,"createTime":"2016-07-01 19:04:42","positionAdvantage":"上市公司，绩效奖，五险一金，补充医疗","district":"朝阳区","companyShortName":"众信旅游","companyLabelList":["节日礼物","技能培训","绩效奖金","岗位晋升"],"score":0,"companySize":"2000人以上","adWord":0},{"companyId":50889,"businessZones":null,"imState":"today","lastLogin":1472550012000,"publisherId":994817,"explain":null,"plus":null,"pcShow":0,"appShow":0,"deliver":0,"gradeDescription":null,"companyFullName":"和创（北京）科技股份有限公司","formatCreateTime":"11:17发布","positionName":"iOS开发工程师","workYear":"3-5年","education":"本科","jobNature":"全职","companyLogo":"i/image/M00/03/44/Cgp3O1ax7JWAOSzUAABS3OF0A7w289.jpg","salary":"20k-35k","city":"北京","financeStage":"上市公司","industryField":"移动互联网,企业服务","positionId":2276171,"approve":1,"createTime":"2016-08-30 11:17:53","positionAdvantage":"上市公司，持续股权激励，技术极客云集！","district":null,"companyShortName":"和创科技（红圈营销）","companyLabelList":["弹性工作","敏捷研发","股票期权","年底双薪"],"score":0,"companySize":"2000人以上","adWord":0},{"companyId":42899,"businessZones":["清河","上地"],"imState":"today","lastLogin":1472523108000,"publisherId":808170,"explain":null,"plus":null,"pcShow":0,"appShow":0,"deliver":0,"gradeDescription":null,"companyFullName":"上海小蚁科技有限公司","formatCreateTime":"1天前发布","positionName":"iOS音视频高级开发工程师","workYear":"3-5年","education":"本科","jobNature":"全职","companyLogo":"image2/M00/11/69/CgqLKVYx6mCAEWmWAAA8Uo7yHIc510.jpg?cc=0.24744720198214054","salary":"15k-30k","city":"北京","financeStage":"成熟型(C轮)","industryField":"移动互联网,硬件","positionId":1400813,"approve":1,"createTime":"2016-08-29 18:24:10","positionAdvantage":"小米顶尖生态链公司,年底双薪,股票期权","district":"海淀区","companyShortName":"小蚁","companyLabelList":["年底双薪","节日礼物","技能培训","年度旅游"],"score":0,"companySize":"150-500人","adWord":0},{"companyId":42899,"businessZones":["上地","清河","小营"],"imState":"today","lastLogin":1472523108000,"publisherId":808170,"explain":null,"plus":null,"pcShow":0,"appShow":0,"deliver":0,"gradeDescription":null,"companyFullName":"上海小蚁科技有限公司","formatCreateTime":"1天前发布","positionName":"直播APP端IOS开发开程师","workYear":"5-10年","education":"本科","jobNature":"全职","companyLogo":"image2/M00/11/69/CgqLKVYx6mCAEWmWAAA8Uo7yHIc510.jpg?cc=0.24744720198214054","salary":"15k-30k","city":"北京","financeStage":"成熟型(C轮)","industryField":"移动互联网,硬件","positionId":1930966,"approve":1,"createTime":"2016-08-29 18:24:09","positionAdvantage":"生态链公司，六险一金，期权激励","district":"海淀区","companyShortName":"小蚁","companyLabelList":["年底双薪","节日礼物","技能培训","年度旅游"],"score":0,"companySize":"150-500人","adWord":0},{"companyId":50889,"businessZones":["新街口","德胜门","小西天"],"imState":"today","lastLogin":1472550012000,"publisherId":994817,"explain":null,"plus":null,"pcShow":0,"appShow":0,"deliver":0,"gradeDescription":null,"companyFullName":"和创（北京）科技股份有限公司","formatCreateTime":"1天前发布","positionName":"iOS","workYear":"3-5年","education":"本科","jobNature":"全职","companyLogo":"i/image/M00/03/44/Cgp3O1ax7JWAOSzUAABS3OF0A7w289.jpg","salary":"20k-35k","city":"北京","financeStage":"上市公司","industryField":"移动互联网,企业服务","positionId":1835398,"approve":1,"createTime":"2016-08-29 11:34:55","positionAdvantage":"上市公司，持续股权激励，技术极客云集！","district":"西城区","companyShortName":"和创科技（红圈营销）","companyLabelList":["弹性工作","敏捷研发","股票期权","年底双薪"],"score":0,"companySize":"2000人以上","adWord":0},{"companyId":50889,"businessZones":["新街口","德胜门","小西天"],"imState":"today","lastLogin":1472550012000,"publisherId":994817,"explain":null,"plus":null,"pcShow":0,"appShow":0,"deliver":0,"gradeDescription":null,"companyFullName":"和创（北京）科技股份有限公司","formatCreateTime":"1天前发布","positionName":"iOS工程师","workYear":"3-5年","education":"本科","jobNature":"全职","companyLogo":"i/image/M00/03/44/Cgp3O1ax7JWAOSzUAABS3OF0A7w289.jpg","salary":"20k-35k","city":"北京","financeStage":"上市公司","industryField":"移动互联网,企业服务","positionId":1792098,"approve":1,"createTime":"2016-08-29 11:34:52","positionAdvantage":"上市公司，持续股权激励，技术极客云集！","district":"西城区","companyShortName":"和创科技（红圈营销）","companyLabelList":["弹性工作","敏捷研发","股票期权","年底双薪"],"score":0,"companySize":"2000人以上","adWord":0},{"companyId":50889,"businessZones":null,"imState":"today","lastLogin":1472550012000,"publisherId":994817,"explain":null,"plus":null,"pcShow":0,"appShow":0,"deliver":0,"gradeDescription":null,"companyFullName":"和创（北京）科技股份有限公司","formatCreateTime":"2016-08-26","positionName":"iOS工程师","workYear":"不限","education":"本科","jobNature":"全职","companyLogo":"i/image/M00/03/44/Cgp3O1ax7JWAOSzUAABS3OF0A7w289.jpg","salary":"20k-35k","city":"北京","financeStage":"上市公司","industryField":"移动互联网,企业服务","positionId":2254190,"approve":1,"createTime":"2016-08-26 14:36:20","positionAdvantage":"上市公司，持续股权激励，技术极客云集！","district":null,"companyShortName":"和创科技（红圈营销）","companyLabelList":["弹性工作","敏捷研发","股票期权","年底双薪"],"score":0,"companySize":"2000人以上","adWord":0},{"companyId":59251,"businessZones":["望京","大山子","花家地"],"imState":"today","lastLogin":1472559160000,"publisherId":1467174,"explain":null,"plus":null,"pcShow":0,"appShow":0,"deliver":0,"gradeDescription":null,"companyFullName":"北京蜜莱坞网络科技有限公司","formatCreateTime":"2016-08-26","positionName":"iOS开发工程师","workYear":"1-3年","education":"本科","jobNature":"全职","companyLogo":"i/image/M00/08/49/Cgp3O1bPycGAMj0hAAAgshBCvv4840.jpg","salary":"15k-20k","city":"北京","financeStage":"成长型(B轮)","industryField":"移动互联网,文化娱乐","positionId":2256678,"approve":1,"createTime":"2016-08-26 12:46:41","positionAdvantage":"福利完善,年底奖金,环境优美,帅哥美女","district":"朝阳区","companyShortName":"映客直播","companyLabelList":["年底双薪","专项奖金","股票期权","带薪年假"],"score":0,"companySize":"500-2000人","adWord":0},{"companyId":59251,"businessZones":["望京","大山子","花家地"],"imState":"today","lastLogin":1472559160000,"publisherId":1467174,"explain":null,"plus":null,"pcShow":0,"appShow":0,"deliver":0,"gradeDescription":null,"companyFullName":"北京蜜莱坞网络科技有限公司","formatCreateTime":"2016-08-26","positionName":"高级IOS开发工程师","workYear":"3-5年","education":"本科","jobNature":"全职","companyLogo":"i/image/M00/08/49/Cgp3O1bPycGAMj0hAAAgshBCvv4840.jpg","salary":"20k-30k","city":"北京","financeStage":"成长型(B轮)","industryField":"移动互联网,文化娱乐","positionId":2249925,"approve":1,"createTime":"2016-08-26 12:43:43","positionAdvantage":"福利完善,年底奖金,环境优美,帅哥美女","district":"朝阳区","companyShortName":"映客直播","companyLabelList":["年底双薪","专项奖金","股票期权","带薪年假"],"score":0,"companySize":"500-2000人","adWord":0},{"companyId":59251,"businessZones":["望京","大山子","花家地"],"imState":"today","lastLogin":1472559160000,"publisherId":1467174,"explain":null,"plus":null,"pcShow":0,"appShow":0,"deliver":0,"gradeDescription":null,"companyFullName":"北京蜜莱坞网络科技有限公司","formatCreateTime":"2016-08-25","positionName":"iOS开发工程师","workYear":"1-3年","education":"本科","jobNature":"全职","companyLogo":"i/image/M00/08/49/Cgp3O1bPycGAMj0hAAAgshBCvv4840.jpg","salary":"15k-20k","city":"北京","financeStage":"成长型(B轮)","industryField":"移动互联网,文化娱乐","positionId":2249919,"approve":1,"createTime":"2016-08-25 13:43:12","positionAdvantage":"福利完善,年底奖金,环境优美,帅哥美女","district":"朝阳区","companyShortName":"映客直播","companyLabelList":["年底双薪","专项奖金","股票期权","带薪年假"],"score":0,"companySize":"500-2000人","adWord":0},{"companyId":1686,"businessZones":["中关村","北京大学","苏州街"],"imState":"today","lastLogin":1472540487000,"publisherId":2278796,"explain":null,"plus":null,"pcShow":0,"appShow":0,"deliver":0,"gradeDescription":null,"companyFullName":"北京爱奇艺科技有限公司","formatCreateTime":"2016-08-24","positionName":"高级iOS开发工程师","workYear":"1-3年","education":"本科","jobNature":"全职","companyLogo":"image1/M00/00/06/Cgo8PFTUWAaAbD7PAACAXTzCmiw113.jpg","salary":"15k-25k","city":"北京","financeStage":"成熟型(D轮及以上)","industryField":"广告营销,文化娱乐","positionId":2175222,"approve":1,"createTime":"2016-08-24 14:47:23","positionAdvantage":"12天年假 六险一金 发展空间大 团队氛围好","district":"海淀区","companyShortName":"爱奇艺","companyLabelList":["绩效奖金","五险一金","交通补助","带薪年假"],"score":0,"companySize":"2000人以上","adWord":0},{"companyId":59251,"businessZones":["望京","大山子","花家地"],"imState":"today","lastLogin":1472559160000,"publisherId":1467174,"explain":null,"plus":null,"pcShow":0,"appShow":0,"deliver":0,"gradeDescription":null,"companyFullName":"北京蜜莱坞网络科技有限公司","formatCreateTime":"2016-08-24","positionName":"iOS开发工程师","workYear":"1-3年","education":"本科","jobNature":"全职","companyLogo":"i/image/M00/08/49/Cgp3O1bPycGAMj0hAAAgshBCvv4840.jpg","salary":"15k-20k","city":"北京","financeStage":"成长型(B轮)","industryField":"移动互联网,文化娱乐","positionId":2237541,"approve":1,"createTime":"2016-08-24 11:55:18","positionAdvantage":"福利完善,年底奖金,环境优美,帅哥美女","district":"朝阳区","companyShortName":"映客直播","companyLabelList":["年底双薪","专项奖金","股票期权","带薪年假"],"score":0,"companySize":"500-2000人","adWord":0},{"companyId":59251,"businessZones":["望京","大山子","花家地"],"imState":"today","lastLogin":1472559160000,"publisherId":1467174,"explain":null,"plus":null,"pcShow":0,"appShow":0,"deliver":0,"gradeDescription":null,"companyFullName":"北京蜜莱坞网络科技有限公司","formatCreateTime":"2016-08-24","positionName":"高级IOS开发工程师","workYear":"3-5年","education":"本科","jobNature":"全职","companyLogo":"i/image/M00/08/49/Cgp3O1bPycGAMj0hAAAgshBCvv4840.jpg","salary":"20k-30k","city":"北京","financeStage":"成长型(B轮)","industryField":"移动互联网,文化娱乐","positionId":2243570,"approve":1,"createTime":"2016-08-24 11:54:27","positionAdvantage":"福利完善,年底奖金,环境优美,帅哥美女","district":"朝阳区","companyShortName":"映客直播","companyLabelList":["年底双薪","专项奖金","股票期权","带薪年假"],"score":0,"companySize":"500-2000人","adWord":0},{"companyId":59251,"businessZones":["望京","大山子","花家地"],"imState":"today","lastLogin":1472559160000,"publisherId":1467174,"explain":null,"plus":null,"pcShow":0,"appShow":0,"deliver":0,"gradeDescription":null,"companyFullName":"北京蜜莱坞网络科技有限公司","formatCreateTime":"2016-08-23","positionName":"高级IOS开发工程师","workYear":"3-5年","education":"本科","jobNature":"全职","companyLogo":"i/image/M00/08/49/Cgp3O1bPycGAMj0hAAAgshBCvv4840.jpg","salary":"20k-30k","city":"北京","financeStage":"成长型(B轮)","industryField":"移动互联网,文化娱乐","positionId":2237555,"approve":1,"createTime":"2016-08-23 15:05:09","positionAdvantage":"福利完善,年底奖金,环境优美,帅哥美女","district":"朝阳区","companyShortName":"映客直播","companyLabelList":["年底双薪","专项奖金","股票期权","带薪年假"],"score":0,"companySize":"500-2000人","adWord":0}]}}}