{"success":true,"requestId":null,"msg":null,"resubmitToken":null,"content":{"pageNo":45,"pageSize":15,"positionResult":{"resultSize":15,"totalCount":974,"locationInfo":{"city":"北京","district":null,"queryByGisCode":false,"locationCode":null,"businessZone":null},"queryAnalysisInfo":{"positionName":"ios","companyName":null,"usefulCompany":false,"industryName":null},"strategyProperty":{"name":"dm-csearch-newSimScorer","id":1},"result":[{"createTime":"2016-08-16 17:51:45","formatCreateTime":"2016-08-16","companyId":119144,"positionName":"iOS","workYear":"3-5年","education":"不限","jobNature":"全职","companyShortName":"荐才投资","city":"北京","salary":"15k-25k","financeStage":"初创型(天使轮)","positionId":1598406,"companyLogo":"i/image/M00/12/B0/Cgp3O1bmLtGAQguWAAI0_pkC2d0082.png","positionAdvantage":"14薪 4次季度奖金 五险一金 各项补助","approve":0,"district":"东城区","score":0,"companyLabelList":null,"industryField":"移动互联网,金融","companySize":"150-500人","imState":"disabled","lastLogin":1472548358000,"publisherId":4503220,"explain":null,"plus":null,"pcShow":0,"appShow":0,"deliver":0,"gradeDescription":null,"businessZones":["东四","北新桥"],"companyFullName":"荐才（北京）投资管理有限公司","adWord":0},{"createTime":"2016-08-15 09:46:30","formatCreateTime":"2016-08-15","companyId":2474,"positionName":"IOS高级工程师","workYear":"3-5年","education":"本科","jobNature":"全职","companyShortName":"滴滴出行","city":"北京","salary":"20k-30k","financeStage":"成熟型(D轮及以上)","positionId":1912151,"companyLogo":"i/image/M00/00/20/Cgp3O1YtmkSAZjX1AAA78knErXc273.jpg","positionAdvantage":"平台好 团队好 福利好","approve":0,"district":null,"score":0,"companyLabelList":["弹性工作","节日礼物","岗位晋升","技能培训"],"industryField":"移动互联网","companySize":"500-2000人","imState":"today","lastLogin":1472552883000,"publisherId":1430417,"explain":null,"plus":null,"pcShow":0,"appShow":0,"deliver":0,"gradeDescription":null,"businessZones":null,"companyFullName":"北京小桔科技有限公司","adWord":0},{"createTime":"2016-08-12 16:30:59","formatCreateTime":"2016-08-12","companyId":114533,"positionName":"iOS","workYear":"1-3年","education":"本科","jobNature":"全职","companyShortName":"爵维科技","city":"北京","salary":"10k-20k","financeStage":"初创型(未融资)","positionId":1479642,"companyLogo":"i/image/M00/04/00/CgqKkVbFW0qAZYgEAAAN9GAXe3w002.jpg","positionAdvantage":"IOS开发，大牛多，发展前景好","approve":0,"district":"朝阳区","score":0,"companyLabelList":null,"industryField":"移动互联网,硬件","companySize":"50-150人","imState":"today","lastLogin":1472527335000,"publisherId":3898991,"explain":null,"plus":null,"pcShow":0,"appShow":0,"deliver":0,"gradeDescription":null,"businessZones":["酒仙桥","将台路","大山子"],"companyFullName":"北京爵维科技有限责任公司","adWord":0},{"createTime":"2016-08-12 15:48:41","formatCreateTime":"2016-08-12","companyId":22960,"positionName":"iOS","workYear":"1-3年","education":"本科","jobNature":"全职","companyShortName":"北京金贵创新","city":"北京","salary":"8k-16k","financeStage":"成长型(不需要融资)","positionId":1017291,"companyLogo":"images/logo_default.png","positionAdvantage":"五险一金、商业保险、带薪年假、餐车补助","approve":0,"district":"海淀区","score":0,"companyLabelList":["年终分红","年底双薪","五险一金","交通补助"],"industryField":"移动互联网,O2O","companySize":"50-150人","imState":"sevenDays","lastLogin":1472175704000,"publisherId":1306822,"explain":null,"plus":null,"pcShow":0,"appShow":0,"deliver":0,"gradeDescription":null,"businessZones":["清河"],"companyFullName":"北京金贵创新科技开发有限公司","adWord":0},{"createTime":"2016-08-12 15:07:23","formatCreateTime":"2016-08-12","companyId":28279,"positionName":"iOS","workYear":"3-5年","education":"本科","jobNature":"全职","companyShortName":"火星时代","city":"北京","salary":"15k-30k","financeStage":"成熟型(不需要融资)","positionId":2231643,"companyLogo":"image2/M00/15/6E/CgpzWlZC7cuAAFszAAB16IBQHzU818.JPG","positionAdvantage":"团队氛围好 发展空间大","approve":1,"district":"海淀区","score":0,"companyLabelList":["五险一金","绩效奖金","交通补助","免费班车"],"industryField":"教育","companySize":"500-2000人","imState":"disabled","lastLogin":1472528937000,"publisherId":1535012,"explain":null,"plus":null,"pcShow":0,"appShow":0,"deliver":0,"gradeDescription":null,"businessZones":["四季青"],"companyFullName":"北京火星时代科技有限公司","adWord":0},{"createTime":"2016-08-12 14:31:38","formatCreateTime":"2016-08-12","companyId":113259,"positionName":"iOS开发工程师","workYear":"不限","education":"本科","jobNature":"全职","companyShortName":"熊猫金库","city":"北京","salary":"15k-30k","financeStage":"初创型(天使轮)","positionId":2162344,"companyLogo":"i/image/M00/33/5E/Cgp3O1dRNL2AUqIzAAAn8QpvcEo945.png","positionAdvantage":"大神加盟.上市公司背景.美女CEO.","approve":1,"district":null,"score":0,"companyLabelList":["扁平管理","敏捷开发","股票期权","互联网氛围"],"industryField":"移动互联网,金融","companySize":"15-50人","imState":"today","lastLogin":1472525335000,"publisherId":3621567,"explain":null,"plus":null,"pcShow":0,"appShow":0,"deliver":0,"gradeDescription":null,"businessZones":null,"companyFullName":"北京熊猫盛世网络科技有限公司","adWord":0},{"createTime":"2016-08-12 14:26:42","formatCreateTime":"2016-08-12","companyId":39800,"positionName":"iOS开发工程师","workYear":"1-3年","education":"不限","jobNature":"全职","companyShortName":"春播","city":"北京","salary":"15k-20k","financeStage":"成长型(不需要融资)","positionId":2231221,"companyLogo":"image2/M00/00/92/CgpzWlXeuWGAYLE9AAAamxsQ8fU958.jpg","positionAdvantage":"晋升空间大、团队氛围好、薪酬福利好","approve":0,"district":"海淀区","score":0,"companyLabelList":["技能培训","专项奖金","绩效奖金","岗位晋升"],"industryField":"电子商务","companySize":"150-500人","imState":"disabled","lastLogin":1472553785000,"publisherId":5886427,"explain":null,"plus":null,"pcShow":0,"appShow":0,"deliver":0,"gradeDescription":null,"businessZones":["北京大学","中关村","苏州街"],"companyFullName":"北京春播科技有限公司","adWord":0},{"createTime":"2016-08-12 13:54:07","formatCreateTime":"2016-08-12","companyId":1880,"positionName":"资深 iOS 工程师","workYear":"3-5年","education":"本科","jobNature":"全职","companyShortName":"快手","city":"北京","salary":"30k-60k","financeStage":"成长型(B轮)","positionId":846824,"companyLogo":"image1/M00/00/06/CgYXBlTUWAeAceGUAAAjba3fUBE119.png","positionAdvantage":"奖金期权，技术氛围好，免费午餐晚餐健身房","approve":1,"district":"海淀区","score":0,"companyLabelList":["股票期权","五险一金","弹性工作","定期体检"],"industryField":"移动互联网","companySize":"50-150人","imState":"today","lastLogin":1472535992000,"publisherId":365927,"explain":null,"plus":null,"pcShow":0,"appShow":0,"deliver":0,"gradeDescription":null,"businessZones":["五道口","清华大学","中关村"],"companyFullName":"北京达佳互联信息技术有限公司","adWord":0},{"createTime":"2016-08-12 11:45:59","formatCreateTime":"2016-08-12","companyId":53731,"positionName":"iOS","workYear":"3-5年","education":"本科","jobNature":"全职","companyShortName":"康泰永信","city":"北京","salary":"10k-15k","financeStage":"初创型(不需要融资)","positionId":2230341,"companyLogo":"image1/M00/0B/9A/CgYXBlTzyoiAGNBJAAB2gWmiHDI211.jpg","positionAdvantage":"七险一金+带薪病假+带薪年假+节日福利","approve":0,"district":"东城区","score":0,"companyLabelList":["带薪年假","绩效奖金","岗位晋升","管理规范"],"industryField":"医疗健康,其他","companySize":"15-50人","imState":"disabled","lastLogin":1471310111000,"publisherId":5899298,"explain":null,"plus":null,"pcShow":0,"appShow":0,"deliver":0,"gradeDescription":null,"businessZones":null,"companyFullName":"康泰永信国际贸易（北京）有限公司","adWord":0},{"createTime":"2016-08-12 11:02:56","formatCreateTime":"2016-08-12","companyId":4836,"positionName":"IOS开发工程师","workYear":"3-5年","education":"本科","jobNature":"全职","companyShortName":"京东商城","city":"北京","salary":"25k-38k","financeStage":"上市公司","positionId":1131906,"companyLogo":"image2/M00/07/C8/CgpzWlYAsfGATpk7AAAJkGWG2kk774.png?cc=0.19381895544938743","positionAdvantage":"公司平台好","approve":1,"district":"朝阳区","score":0,"companyLabelList":["技能培训","年底双薪","节日礼物","绩效奖金"],"industryField":"电子商务","companySize":"2000人以上","imState":"disabled","lastLogin":1472017718000,"publisherId":116907,"explain":null,"plus":null,"pcShow":0,"appShow":0,"deliver":0,"gradeDescription":null,"businessZones":["大屯","奥运村","亚运村"],"companyFullName":"北京京东尚科信息技术有限公司","adWord":0},{"createTime":"2016-08-12 10:19:07","formatCreateTime":"2016-08-12","companyId":42095,"positionName":"iOS开发经理","workYear":"3-5年","education":"本科","jobNature":"全职","companyShortName":"恒信钻石","city":"北京","salary":"20k-30k","financeStage":"成熟型(不需要融资)","positionId":1962796,"companyLogo":"image1/M00/00/69/Cgo8PFTUXXGAMBKZAABX_CI6hKg596.jpg","positionAdvantage":"高端奢侈品牌 电商 地铁直达","approve":0,"district":"朝阳区","score":0,"companyLabelList":["带薪年假","绩效奖金","岗位晋升","年度旅游"],"industryField":"生活服务","companySize":"500-2000人","imState":"today","lastLogin":1472525743000,"publisherId":784229,"explain":null,"plus":null,"pcShow":0,"appShow":0,"deliver":0,"gradeDescription":null,"businessZones":["十里堡","八里庄","四惠"],"companyFullName":"恒信玺利实业股份有限公司","adWord":0},{"createTime":"2016-08-12 10:09:51","formatCreateTime":"2016-08-12","companyId":34679,"positionName":"IOS开发高级专家","workYear":"3-5年","education":"本科","jobNature":"全职","companyShortName":"精真估","city":"北京","salary":"18k-25k","financeStage":"成长型(B轮)","positionId":2229208,"companyLogo":"i/image/M00/00/40/CgqKkVY5ddiAdgP-AABdN2iWJMc174.jpg","positionAdvantage":"技术架构","approve":1,"district":"海淀区","score":0,"companyLabelList":["豪华创业","带薪年假","岗位晋升","扁平管理"],"industryField":"移动互联网,广告营销","companySize":"150-500人","imState":"today","lastLogin":1472565917000,"publisherId":4674410,"explain":null,"plus":null,"pcShow":0,"appShow":0,"deliver":0,"gradeDescription":null,"businessZones":["苏州街","苏州桥","万泉河"],"companyFullName":"北京精真估信息技术有限公司","adWord":0},{"createTime":"2016-08-12 09:40:39","formatCreateTime":"2016-08-12","companyId":57434,"positionName":"iOS","workYear":"应届毕业生","education":"本科","jobNature":"全职","companyShortName":"泰博互联","city":"北京","salary":"4k-7k","financeStage":"成长型(不需要融资)","positionId":831188,"companyLogo":"images/logo_default.png","positionAdvantage":"开放的办公环境，逼着你提高的内部培训","approve":0,"district":"海淀区","score":0,"companyLabelList":["技能培训","节日礼物","专项奖金","股票期权"],"industryField":"移动互联网","companySize":"50-150人","imState":"disabled","lastLogin":1471401628000,"publisherId":763487,"explain":null,"plus":null,"pcShow":0,"appShow":0,"deliver":0,"gradeDescription":null,"businessZones":["知春路","中关村","双榆树"],"companyFullName":"北京泰博互联科技有限公司","adWord":0},{"createTime":"2016-08-12 08:58:50","formatCreateTime":"2016-08-12","companyId":78888,"positionName":"iOS开发工程师","workYear":"不限","education":"本科","jobNature":"全职","companyShortName":"联通支付有限公司","city":"北京","salary":"10k-20k","financeStage":"成长型(不需要融资)","positionId":2088765,"companyLogo":"image1/M00/31/17/Cgo8PFWKeomAfndYAABabD62AuA124.jpg?cc=0.5847436480689794","positionAdvantage":"工作地点便利、年度体检、年终奖","approve":1,"district":"西城区","score":0,"companyLabelList":["带薪年假","交通补助","通讯津贴","午餐补助"],"industryField":"移动互联网","companySize":"150-500人","imState":"today","lastLogin":1472543888000,"publisherId":1997600,"explain":null,"plus":null,"pcShow":0,"appShow":0,"deliver":0,"gradeDescription":null,"businessZones":["西单","复兴门","金融街"],"companyFullName":"联通支付有限公司","adWord":0},{"createTime":"2016-08-11 18:24:00","formatCreateTime":"2016-08-11","companyId":1856,"positionName":"高级iOS工程师","workYear":"3-5年","education":"本科","jobNature":"全职","companyShortName":"创投圈","city":"北京","salary":"20k-40k","financeStage":"成长型(A轮)","positionId":1983131,"companyLogo":"i/image/M00/47/D9/Cgp3O1eQqmeATzNOAACOd2PMZCw003.png","positionAdvantage":"好团队，好氛围，拿着高薪期权","approve":1,"district":null,"score":0,"companyLabelList":["互联网","金融","创投","天使投资"],"industryField":"金融","companySize":"15-50人","imState":"sevenDays","lastLogin":1472115224000,"publisherId":129795,"explain":null,"plus":null,"pcShow":0,"appShow":0,"deliver":0,"gradeDescription":null,"businessZones":null,"companyFullName":"北京海蓝创景投资咨询有限公司","adWord":0}]}},"code":0}