{"success":true,"requestId":null,"msg":null,"resubmitToken":null,"content":{"pageNo":22,"pageSize":15,"positionResult":{"totalCount":974,"resultSize":15,"locationInfo":{"city":"北京","district":null,"queryByGisCode":false,"businessZone":null,"locationCode":null},"queryAnalysisInfo":{"positionName":"ios","companyName":null,"usefulCompany":false,"industryName":null},"strategyProperty":{"name":"dm-csearch-newSimScorer","id":1},"result":[{"companyId":57455,"companyShortName":"云聚汇","createTime":"2016-08-26 08:54:24","positionId":1737803,"positionAdvantage":"期权激励、偏平管理、简单、阳光","salary":"30k-60k","score":0,"workYear":"3-5年","education":"本科","city":"北京","positionName":"iOS高级视频开发工程师","companyLogo":"i/image/M00/03/46/CgqKkVayscOAOKODAAGw-YcGT0Y311.png","financeStage":"成长型(A轮)","industryField":"移动互联网","jobNature":"全职","approve":0,"companySize":"50-150人","district":"朝阳区","companyLabelList":["绩效奖金","弹性工作","帅哥多","美女多"],"adWord":0,"appShow":0,"deliver":0,"formatCreateTime":"2016-08-26","gradeDescription":null,"companyFullName":"深圳云聚汇数码有限公司","businessZones":["望京","花家地","来广营"],"imState":"today","lastLogin":1472546886000,"publisherId":1447573,"explain":null,"plus":null,"pcShow":0},{"companyId":5832,"companyShortName":"新浪微博","createTime":"2016-08-25 19:09:46","positionId":2224557,"positionAdvantage":"微博核心业务线，DAU过亿！上升空间大！","salary":"25k-50k","score":0,"workYear":"3-5年","education":"本科","city":"北京","positionName":"微博客户端－信息流组（iOS）","companyLogo":"image1/M00/00/0D/CgYXBlTUWCCAdkhOAABNgyvZQag818.jpg","financeStage":"上市公司","industryField":"移动互联网","jobNature":"全职","approve":0,"companySize":"2000人以上","district":"海淀区","companyLabelList":["年底双薪","专项奖金","股票期权","五险一金"],"adWord":0,"appShow":0,"deliver":0,"formatCreateTime":"2016-08-25","gradeDescription":null,"companyFullName":"微梦创科网络科技（中国）有限公司","businessZones":["西北旺","马连洼","上地"],"imState":"disabled","lastLogin":1472556144000,"publisherId":561302,"explain":null,"plus":null,"pcShow":0},{"companyId":381,"companyShortName":"豆瓣网","createTime":"2016-08-25 18:03:00","positionId":2290085,"positionAdvantage":"优秀团队","salary":"3k-5k","score":0,"workYear":"不限","education":"本科","city":"北京","positionName":"iOS开发实习生","companyLogo":"image1/M00/00/03/Cgo8PFTUV_mAInGTAACKXnkybp0557.png","financeStage":"成熟型(C轮)","industryField":"移动互联网","jobNature":"实习","approve":1,"companySize":"150-500人","district":"朝阳区","companyLabelList":["年底双薪","节日礼物","股票期权","带薪年假"],"adWord":0,"appShow":0,"deliver":0,"formatCreateTime":"2016-08-25","gradeDescription":null,"companyFullName":"北京豆网科技有限公司","businessZones":["将台路","酒仙桥","大山子"],"imState":"today","lastLogin":1472537667000,"publisherId":97692,"explain":null,"plus":null,"pcShow":0},{"companyId":74405,"companyShortName":"北京晶朝科技有限责任公司","createTime":"2016-08-25 17:53:32","positionId":1473546,"positionAdvantage":"员工旅游 定期体检 年底双薪","salary":"10k-15k","score":0,"workYear":"3-5年","education":"本科","city":"北京","positionName":"iOS","companyLogo":"i/image/M00/44/15/CgqKkVeErs-ARvXOAAANlVZwWWc809.jpg","financeStage":"成长型(A轮)","industryField":"移动互联网","jobNature":"全职","approve":0,"companySize":"50-150人","district":"海淀区","companyLabelList":["技能培训","带薪年假","绩效奖金","岗位晋升"],"adWord":0,"appShow":0,"deliver":0,"formatCreateTime":"2016-08-25","gradeDescription":null,"companyFullName":"北京晶朝科技有限责任公司","businessZones":["西二旗","龙泽","回龙观","西二旗","龙泽","回龙观"],"imState":"today","lastLogin":1472552194000,"publisherId":2147703,"explain":null,"plus":null,"pcShow":0},{"companyId":4836,"companyShortName":"京东商城","createTime":"2016-08-25 17:38:26","positionId":1571891,"positionAdvantage":"核心数据团队 发展前景广阔","salary":"25k-40k","score":0,"workYear":"3-5年","education":"本科","city":"北京","positionName":"iOS","companyLogo":"image2/M00/07/C8/CgpzWlYAsfGATpk7AAAJkGWG2kk774.png?cc=0.19381895544938743","financeStage":"上市公司","industryField":"电子商务","jobNature":"全职","approve":1,"companySize":"2000人以上","district":"大兴区","companyLabelList":["技能培训","年底双薪","节日礼物","绩效奖金"],"adWord":0,"appShow":0,"deliver":0,"formatCreateTime":"2016-08-25","gradeDescription":null,"companyFullName":"北京京东尚科信息技术有限公司","businessZones":null,"imState":"disabled","lastLogin":1472561022000,"publisherId":143521,"explain":null,"plus":null,"pcShow":0},{"companyId":16799,"companyShortName":"猿辅导","createTime":"2016-08-25 17:16:13","positionId":261616,"positionAdvantage":"高薪+福利顶配+团队整体水平高","salary":"20k-40k","score":0,"workYear":"1-3年","education":"本科","city":"北京","positionName":"iOS","companyLogo":"i/image/M00/36/C5/CgqKkVdefqCAeTtAAABaDqGTOvY825.png","financeStage":"成熟型(D轮及以上)","industryField":"移动互联网,教育","jobNature":"全职","approve":1,"companySize":"150-500人","district":"朝阳区","companyLabelList":["股票期权","年底双薪","五险一金","带薪年假"],"adWord":0,"appShow":0,"deliver":0,"formatCreateTime":"2016-08-25","gradeDescription":null,"companyFullName":"北京粉笔未来科技有限公司","businessZones":["三里屯","工体","团结湖"],"imState":"disabled","lastLogin":1472562626000,"publisherId":195829,"explain":null,"plus":null,"pcShow":0},{"companyId":69755,"companyShortName":"淘手游","createTime":"2016-08-25 17:12:40","positionId":1418087,"positionAdvantage":"京东（jd）帅气小伙儿带你超越带你飞","salary":"15k-20k","score":0,"workYear":"1-3年","education":"本科","city":"北京","positionName":"iOS","companyLogo":"image1/M00/2B/76/CgYXBlVwBFOAJ6HWAABknQ4J18U738.jpg","financeStage":"成长型(B轮)","industryField":"移动互联网,游戏","jobNature":"全职","approve":0,"companySize":"150-500人","district":"朝阳区","companyLabelList":["节日礼物","技能培训","绩效奖金","年度旅游"],"adWord":0,"appShow":0,"deliver":0,"formatCreateTime":"2016-08-25","gradeDescription":null,"companyFullName":"淘手游","businessZones":["北苑","立水桥"],"imState":"disabled","lastLogin":1472464668000,"publisherId":1845970,"explain":null,"plus":null,"pcShow":0},{"companyId":100776,"companyShortName":"哼哼音乐","createTime":"2016-08-25 17:06:44","positionId":2289563,"positionAdvantage":"领导NICE 地铁周边 五险一金","salary":"12k-20k","score":0,"workYear":"3-5年","education":"大专","city":"北京","positionName":"iOS工程师","companyLogo":"image2/M00/0D/5E/CgqLKVYfPtWAYTc3AAD29iFUNGc691.jpg?cc=0.015082221012562513","financeStage":"成长型(A轮)","industryField":"电子商务","jobNature":"全职","approve":1,"companySize":"15-50人","district":"朝阳区","companyLabelList":["带薪年假","绩效奖金","岗位晋升","五险一金"],"adWord":0,"appShow":0,"deliver":0,"formatCreateTime":"2016-08-25","gradeDescription":null,"companyFullName":"上海恒亨科技有限公司北京分公司","businessZones":["朝阳门","朝外","工体"],"imState":"today","lastLogin":1472547036000,"publisherId":4455660,"explain":null,"plus":null,"pcShow":0},{"companyId":12463,"companyShortName":"慧沃网","createTime":"2016-08-25 16:53:38","positionId":2289431,"positionAdvantage":"高薪,期权,团队","salary":"20k-40k","score":0,"workYear":"5-10年","education":"本科","city":"北京","positionName":"iOS高级工程师","companyLogo":"image2/M00/05/5F/CgpzWlX2lbaAS6wRAAAUqUuWDWs397.png","financeStage":"成长型(B轮)","industryField":"移动互联网,教育","jobNature":"全职","approve":1,"companySize":"50-150人","district":"朝阳区","companyLabelList":["节日礼物","技能培训","股票期权","岗位晋升"],"adWord":0,"appShow":0,"deliver":0,"formatCreateTime":"2016-08-25","gradeDescription":null,"companyFullName":"东方慧沃(北京)科技发展有限公司","businessZones":["姚家园"],"imState":"threeDays","lastLogin":1472462583000,"publisherId":2681591,"explain":null,"plus":null,"pcShow":0},{"companyId":2474,"companyShortName":"滴滴出行","createTime":"2016-08-25 16:49:02","positionId":1995339,"positionAdvantage":"期权激励，六险一金，未来的一站式出行平台","salary":"20k-40k","score":0,"workYear":"1-3年","education":"本科","city":"北京","positionName":"iOS开发工程师---大数据","companyLogo":"i/image/M00/00/20/Cgp3O1YtmkSAZjX1AAA78knErXc273.jpg","financeStage":"成熟型(D轮及以上)","industryField":"移动互联网","jobNature":"全职","approve":0,"companySize":"500-2000人","district":null,"companyLabelList":["弹性工作","节日礼物","岗位晋升","技能培训"],"adWord":0,"appShow":0,"deliver":0,"formatCreateTime":"2016-08-25","gradeDescription":null,"companyFullName":"北京小桔科技有限公司","businessZones":null,"imState":"today","lastLogin":1472554506000,"publisherId":1920797,"explain":null,"plus":null,"pcShow":0},{"companyId":17139,"companyShortName":"大家汇教育","createTime":"2016-08-25 16:32:14","positionId":1268895,"positionAdvantage":"福利待遇好，发展前景大","salary":"15k-25k","score":0,"workYear":"3-5年","education":"本科","city":"北京","positionName":"IOS工程师","companyLogo":"image1/M00/00/20/Cgo8PFTUWG6AWm4UAABwoXpRfqc419.jpg","financeStage":"成长型(A轮)","industryField":"移动互联网,教育","jobNature":"全职","approve":1,"companySize":"15-50人","district":"朝阳区","companyLabelList":["股票期权","专项奖金","五险一金","交通补助"],"adWord":0,"appShow":0,"deliver":0,"formatCreateTime":"2016-08-25","gradeDescription":null,"companyFullName":"大家汇教育科技（北京）有限公司","businessZones":["建外大街","国贸","CBD"],"imState":"disabled","lastLogin":1472543236000,"publisherId":1665337,"explain":null,"plus":null,"pcShow":0},{"companyId":2176,"companyShortName":"时光网-Mtime","createTime":"2016-08-25 16:21:15","positionId":2246070,"positionAdvantage":"福利待遇 发展前景 CBD商圈","salary":"10k-20k","score":0,"workYear":"不限","education":"不限","city":"北京","positionName":"高级IOS开发工程师","companyLogo":"image1/M00/0D/83/CgYXBlT38uSAViMqAABuuVqkP74226.png","financeStage":"成熟型(C轮)","industryField":"移动互联网,文化娱乐","jobNature":"全职","approve":1,"companySize":"150-500人","district":"朝阳区","companyLabelList":["带薪年假","绩效奖金","补充商业保险","定期体检"],"adWord":0,"appShow":0,"deliver":0,"formatCreateTime":"2016-08-25","gradeDescription":null,"companyFullName":"动艺时光信息技术（北京）有限公司","businessZones":["华贸","红庙","大望路"],"imState":"disabled","lastLogin":1472564027000,"publisherId":5871899,"explain":null,"plus":null,"pcShow":0},{"companyId":50889,"companyShortName":"和创科技（红圈营销）","createTime":"2016-08-25 16:10:52","positionId":1952939,"positionAdvantage":"上市公司，极牛汇集，持续的股权激励政策！","salary":"20k-35k","score":0,"workYear":"3-5年","education":"本科","city":"北京","positionName":"iOS","companyLogo":"i/image/M00/03/44/Cgp3O1ax7JWAOSzUAABS3OF0A7w289.jpg","financeStage":"上市公司","industryField":"移动互联网,企业服务","jobNature":"全职","approve":1,"companySize":"2000人以上","district":"西城区","companyLabelList":["弹性工作","敏捷研发","股票期权","年底双薪"],"adWord":0,"appShow":0,"deliver":0,"formatCreateTime":"2016-08-25","gradeDescription":null,"companyFullName":"和创（北京）科技股份有限公司","businessZones":null,"imState":"today","lastLogin":1472559909000,"publisherId":2488880,"explain":null,"plus":null,"pcShow":0},{"companyId":50702,"companyShortName":"美团点评","createTime":"2016-08-25 16:10:25","positionId":1069330,"positionAdvantage":"期权","salary":"15k-30k","score":0,"workYear":"3-5年","education":"本科","city":"北京","positionName":"高级iOS工程师","companyLogo":"i/image/M00/4B/6C/CgqKkVefHv-AFoRzAAAuALF7ZZ0419.png","financeStage":"成熟型(D轮及以上)","industryField":"移动互联网,O2O","jobNature":"全职","approve":1,"companySize":"2000人以上","district":"朝阳区","companyLabelList":["技能培训","绩效奖金","岗位晋升","领导好"],"adWord":0,"appShow":0,"deliver":0,"formatCreateTime":"2016-08-25","gradeDescription":null,"companyFullName":"北京三快在线科技有限公司","businessZones":["望京","来广营"],"imState":"disabled","lastLogin":1472541241000,"publisherId":2502670,"explain":null,"plus":null,"pcShow":0},{"companyId":54500,"companyShortName":"云慧神州软件科技","createTime":"2016-08-25 16:05:04","positionId":1137392,"positionAdvantage":"互联网+教育 强大的政府背景 发展前景无限","salary":"14k-22k","score":0,"workYear":"3-5年","education":"大专","city":"北京","positionName":"iOS","companyLogo":"image1/M00/0D/3E/Cgo8PFT3DPOAGou3AACGcyTA0ks253.jpg","financeStage":"成长型(A轮)","industryField":"教育,数据服务","jobNature":"全职","approve":1,"companySize":"15-50人","district":"大兴区","companyLabelList":["节日礼物","绩效奖金","年度旅游","岗位晋升"],"adWord":0,"appShow":0,"deliver":0,"formatCreateTime":"2016-08-25","gradeDescription":null,"companyFullName":"北京云慧神州软件科技有限公司","businessZones":["西红门"],"imState":"disabled","lastLogin":1472461420000,"publisherId":1360012,"explain":null,"plus":null,"pcShow":0}]}},"code":0}