{"resubmitToken":null,"success":true,"requestId":null,"msg":null,"content":{"pageNo":12,"pageSize":15,"positionResult":{"totalCount":974,"resultSize":15,"locationInfo":{"city":"北京","district":null,"queryByGisCode":false,"businessZone":null,"locationCode":null},"queryAnalysisInfo":{"positionName":"ios","companyName":null,"industryName":null,"usefulCompany":false},"strategyProperty":{"name":"dm-csearch-newSimScorer","id":1},"result":[{"companyFullName":"北京盈泰财富云电子商务有限公司","adWord":0,"companyId":50476,"formatCreateTime":"12:17发布","businessZones":["和平里","雍和宫","安定门"],"imState":"today","lastLogin":1472530498000,"positionId":2304733,"industryField":"移动互联网,金融","education":"本科","workYear":"3-5年","city":"北京","positionAdvantage":"精英文化，深涉金融，六险一金，员工持股","createTime":"2016-08-30 12:17:34","salary":"15k-30k","positionName":"iOS开发","companySize":"50-150人","companyShortName":"盈泰财富云","companyLogo":"image1/M00/00/84/Cgo8PFTUXeSAKU0pAAButaDUfeY414.jpg","financeStage":"成长型(A轮)","approve":1,"jobNature":"全职","companyLabelList":["技能培训","岗位晋升","年终分红","股票期权"],"district":"东城区","score":0,"publisherId":987674,"explain":null,"plus":null,"pcShow":0,"appShow":0,"deliver":0,"gradeDescription":null},{"companyFullName":"北京蜜莱坞网络科技有限公司","adWord":0,"companyId":59251,"formatCreateTime":"1天前发布","businessZones":["望京","大山子","花家地"],"imState":"today","lastLogin":1472559160000,"positionId":2262169,"industryField":"移动互联网,文化娱乐","education":"本科","workYear":"1-3年","city":"北京","positionAdvantage":"福利完善,年底奖金,环境优美,帅哥美女","createTime":"2016-08-29 14:06:55","salary":"15k-20k","positionName":"iOS开发工程师","companySize":"500-2000人","companyShortName":"映客直播","companyLogo":"i/image/M00/08/49/Cgp3O1bPycGAMj0hAAAgshBCvv4840.jpg","financeStage":"成长型(B轮)","approve":1,"jobNature":"全职","companyLabelList":["年底双薪","专项奖金","股票期权","带薪年假"],"district":"朝阳区","score":0,"publisherId":1467174,"explain":null,"plus":null,"pcShow":0,"appShow":0,"deliver":0,"gradeDescription":null},{"companyFullName":"北京快校科技有限公司","adWord":0,"companyId":125554,"formatCreateTime":"1天前发布","businessZones":["五道口","学院路","北航"],"imState":"today","lastLogin":1472547572000,"positionId":2192574,"industryField":"移动互联网,教育","education":"本科","workYear":"3-5年","city":"北京","positionAdvantage":"公司前景,工作\b挑战,牛人共事","createTime":"2016-08-29 14:04:40","salary":"15k-25k","positionName":"iOS高级开发工程师","companySize":"15-50人","companyShortName":"北京快校科技有限公司","companyLogo":"i/image/M00/22/A4/CgqKkVcVn1qAdThNAAAzJ0WSdmw457.jpg","financeStage":"成长型(A轮)","approve":0,"jobNature":"全职","companyLabelList":null,"district":"海淀区","score":0,"publisherId":3145915,"explain":null,"plus":null,"pcShow":0,"appShow":0,"deliver":0,"gradeDescription":null},{"companyFullName":"北京三快在线科技有限公司","adWord":0,"companyId":50702,"formatCreateTime":"1天前发布","businessZones":null,"imState":"today","lastLogin":1472552737000,"positionId":2299307,"industryField":"移动互联网,O2O","education":"本科","workYear":"3-5年","city":"北京","positionAdvantage":"弹性时间","createTime":"2016-08-29 14:04:05","salary":"20k-40k","positionName":"iOS开发","companySize":"2000人以上","companyShortName":"美团点评","companyLogo":"i/image/M00/4B/6C/CgqKkVefHv-AFoRzAAAuALF7ZZ0419.png","financeStage":"成熟型(D轮及以上)","approve":1,"jobNature":"全职","companyLabelList":["技能培训","绩效奖金","岗位晋升","领导好"],"district":null,"score":0,"publisherId":5280630,"explain":null,"plus":null,"pcShow":0,"appShow":0,"deliver":0,"gradeDescription":null},{"companyFullName":"北京北大方正电子有限公司","adWord":0,"companyId":24406,"formatCreateTime":"1天前发布","businessZones":["牡丹园","北太平庄","学院路"],"imState":"today","lastLogin":1472519086000,"positionId":2092936,"industryField":"移动互联网,数据服务","education":"本科","workYear":"5-10年","city":"北京","positionAdvantage":"14-18薪 六险一金 弹性工作","createTime":"2016-08-29 13:55:00","salary":"15k-20k","positionName":"iOS开发","companySize":"500-2000人","companyShortName":"方正电子","companyLogo":"image1/M00/0A/CF/CgYXBlTwPYqAeGHBAABJwkw8Z8I860.jpg","financeStage":"上市公司","approve":1,"jobNature":"全职","companyLabelList":["技能培训","免费班车","岗位晋升","管理规范"],"district":"海淀区","score":0,"publisherId":5190661,"explain":null,"plus":null,"pcShow":0,"appShow":0,"deliver":0,"gradeDescription":null},{"companyFullName":"安邦保险集团股份有限公司","adWord":0,"companyId":4838,"formatCreateTime":"1天前发布","businessZones":["建外大街","国贸","CBD"],"imState":"threeDays","lastLogin":1472449978000,"positionId":2027685,"industryField":"移动互联网,金融","education":"本科","workYear":"5-10年","city":"北京","positionAdvantage":"五险一金，年假，探亲假","createTime":"2016-08-29 13:50:20","salary":"30k-40k","positionName":"iOS高级开发工程师","companySize":"2000人以上","companyShortName":"安邦保险集团","companyLogo":"image1/M00/00/0B/CgYXBlTUWBuAUJAkAAB6cj6qvIk863.jpg","financeStage":"成熟型(不需要融资)","approve":1,"jobNature":"全职","companyLabelList":["绩效奖金","专项奖金","五险一金","通讯津贴"],"district":"朝阳区","score":0,"publisherId":1541493,"explain":null,"plus":null,"pcShow":0,"appShow":0,"deliver":0,"gradeDescription":null},{"companyFullName":"北京恒昌利通投资管理有限公司","adWord":0,"companyId":11317,"formatCreateTime":"1天前发布","businessZones":["北京站","建国门","花市"],"imState":"today","lastLogin":1472545052000,"positionId":2110357,"industryField":"金融","education":"本科","workYear":"3-5年","city":"北京","positionAdvantage":"公司规模大,阵容豪华,技术水平高,发展空间大","createTime":"2016-08-29 13:42:00","salary":"15k-30k","positionName":"iOS开发工程师","companySize":"2000人以上","companyShortName":"恒昌利通","companyLogo":"image1/M00/3E/18/Cgo8PFW6zMuAUtu4AAA02B-6fVE006.png","financeStage":"成熟型(不需要融资)","approve":1,"jobNature":"全职","companyLabelList":["技能培训","年底双薪","带薪年假","绩效奖金"],"district":"东城区","score":0,"publisherId":2148817,"explain":null,"plus":null,"pcShow":0,"appShow":0,"deliver":0,"gradeDescription":null},{"companyFullName":"伊美尔（北京）控股集团有限公司","adWord":0,"companyId":50837,"formatCreateTime":"1天前发布","businessZones":["牡丹园","北太平庄","马甸"],"imState":"sevenDays","lastLogin":1472090888000,"positionId":2188346,"industryField":"医疗健康","education":"不限","workYear":"3-5年","city":"北京","positionAdvantage":"五险一金 商业医疗 朝阳产业 待遇优厚","createTime":"2016-08-29 13:20:29","salary":"15k-30k","positionName":"IOS 安卓 移动CRM开发工程师","companySize":"500-2000人","companyShortName":"伊美尔","companyLogo":"image1/M00/00/86/CgYXBlTUXeiAc_CBAABbJ8JnSRI643.jpg","financeStage":"上市公司","approve":0,"jobNature":"全职","companyLabelList":["技能培训","节日礼物","带薪年假","美女多"],"district":"海淀区","score":0,"publisherId":5813002,"explain":null,"plus":null,"pcShow":0,"appShow":0,"deliver":0,"gradeDescription":null},{"companyFullName":"马上游科技股份有限公司","adWord":0,"companyId":79387,"formatCreateTime":"1天前发布","businessZones":["太阳宫","西坝河","国展"],"imState":"disabled","lastLogin":1472546894000,"positionId":1443878,"industryField":"电子商务,旅游","education":"大专","workYear":"1-3年","city":"北京","positionAdvantage":"优厚薪资福利，职位晋升空间大","createTime":"2016-08-29 13:19:00","salary":"10k-15k","positionName":"iOS开发工程师","companySize":"150-500人","companyShortName":"马上游","companyLogo":"image1/M00/31/E4/CgYXBlWNEi2AHl7aAAANGuhc0Bo019.jpg?cc=0.11400563065583496","financeStage":"成长型(A轮)","approve":0,"jobNature":"全职","companyLabelList":["股票期权","带薪年假","绩效奖金","年度旅游"],"district":"朝阳区","score":0,"publisherId":2009163,"explain":null,"plus":null,"pcShow":0,"appShow":0,"deliver":0,"gradeDescription":null},{"companyFullName":"北京知识印象科技有限公司","adWord":0,"companyId":36162,"formatCreateTime":"1天前发布","businessZones":["望京","大山子","花家地"],"imState":"today","lastLogin":1472543757000,"positionId":2023079,"industryField":"移动互联网,教育","education":"本科","workYear":"3-5年","city":"北京","positionAdvantage":"期权,技术氛围,上升空间","createTime":"2016-08-29 13:18:36","salary":"15k-25k","positionName":"测试工程师（偏ios）","companySize":"50-150人","companyShortName":"作业盒子","companyLogo":"i/image/M00/29/C7/Cgp3O1cwXzWAPpvjAAAYnaMmScM575.png","financeStage":"成长型(A轮)","approve":1,"jobNature":"全职","companyLabelList":["技能培训","年底双薪","节日礼物","年度旅游"],"district":"朝阳区","score":0,"publisherId":5481616,"explain":null,"plus":null,"pcShow":0,"appShow":0,"deliver":0,"gradeDescription":null},{"companyFullName":"北京万花童信儿科技有限公司","adWord":0,"companyId":25117,"formatCreateTime":"1天前发布","businessZones":["后沙峪"],"imState":"today","lastLogin":1472532520000,"positionId":192041,"industryField":"移动互联网,教育","education":"大专","workYear":"1-3年","city":"北京","positionAdvantage":"量化任务管理、超长假期、水果、牛奶","createTime":"2016-08-29 12:38:53","salary":"8k-12k","positionName":"iOS","companySize":"50-150人","companyShortName":"信儿科技","companyLogo":"image1/M00/00/33/Cgo8PFTUXJGABwAeAABYjsLgOQQ959.png","financeStage":"成长型(A轮)","approve":1,"jobNature":"全职","companyLabelList":["技能培训","绩效奖金","岗位晋升","管理规范"],"district":"顺义区","score":0,"publisherId":432270,"explain":null,"plus":null,"pcShow":0,"appShow":0,"deliver":0,"gradeDescription":null},{"companyFullName":"北京字节跳动科技有限公司","adWord":0,"companyId":62,"formatCreateTime":"1天前发布","businessZones":null,"imState":"today","lastLogin":1472565170000,"positionId":2152195,"industryField":"移动互联网,数据服务","education":"本科","workYear":"1-3年","city":"北京","positionAdvantage":"过亿用户+优厚薪资期权+三餐+住房补助","createTime":"2016-08-29 12:36:27","salary":"20k-40k","positionName":"iOS（高级）开发工程师","companySize":"2000人以上","companyShortName":"今日头条","companyLogo":"image1/M00/00/01/Cgo8PFTUV_OAH8cPAACZoNxm1EI176.jpg","financeStage":"成熟型(C轮)","approve":1,"jobNature":"全职","companyLabelList":["扁平管理","弹性工作","大厨定制三餐","就近租房补贴"],"district":null,"score":0,"publisherId":38254,"explain":null,"plus":null,"pcShow":0,"appShow":0,"deliver":0,"gradeDescription":null},{"companyFullName":"北京金山网络科技有限公司","adWord":0,"companyId":133,"formatCreateTime":"1天前发布","businessZones":["姚家园","十里堡","高碑店"],"imState":"today","lastLogin":1472550159000,"positionId":2298759,"industryField":"移动互联网,信息安全","education":"本科","workYear":"5-10年","city":"北京","positionAdvantage":"重点产品、团队管理、待遇领先","createTime":"2016-08-29 12:01:31","salary":"30k-40k","positionName":"iOS负责人","companySize":"500-2000人","companyShortName":"猎豹移动","companyLogo":"image1/M00/39/70/CgYXBlWo3nqABJTsAADJ3hn5gmE062.jpg","financeStage":"上市公司","approve":1,"jobNature":"全职","companyLabelList":["带薪年假","美女前台","超赞年终奖","一公里工作圈"],"district":"朝阳区","score":0,"publisherId":741058,"explain":null,"plus":null,"pcShow":0,"appShow":0,"deliver":0,"gradeDescription":null},{"companyFullName":"杭州英坦网络科技有限公司","adWord":0,"companyId":22112,"formatCreateTime":"1天前发布","businessZones":["苏州街","中关村","苏州桥"],"imState":"threeDays","lastLogin":1472442045000,"positionId":2002432,"industryField":"移动互联网","education":"本科","workYear":"3-5年","city":"北京","positionAdvantage":"优秀的产品，牛逼的团队，轻松的工作氛围","createTime":"2016-08-29 11:41:48","salary":"15k-30k","positionName":"iOS研发工程师","companySize":"50-150人","companyShortName":"英坦网络","companyLogo":"i/image/M00/02/D3/Cgp3O1ad6_iAYUBYAAALcNoDfFs820.png","financeStage":"成熟型(C轮)","approve":1,"jobNature":"全职","companyLabelList":["股票期权","年底双薪","五险一金","带薪年假"],"district":"海淀区","score":0,"publisherId":5426038,"explain":null,"plus":null,"pcShow":0,"appShow":0,"deliver":0,"gradeDescription":null},{"companyFullName":"北京别样时尚技术有限公司","adWord":0,"companyId":144172,"formatCreateTime":"1天前发布","businessZones":["双井","广渠门","劲松"],"imState":"today","lastLogin":1472575108000,"positionId":2298570,"industryField":"电子商务","education":"不限","workYear":"1-3年","city":"北京","positionAdvantage":"弹性工时,硅谷出差,个人发展","createTime":"2016-08-29 11:40:08","salary":"8k-16k","positionName":"iOS开发工程师","companySize":"15-50人","companyShortName":"别样","companyLogo":"i/image/M00/4F/F9/CgqKkVeyqkaAO9vwAAAYBwkh9bM660.png","financeStage":"成长型(A轮)","approve":0,"jobNature":"全职","companyLabelList":null,"district":"朝阳区","score":0,"publisherId":5923321,"explain":null,"plus":null,"pcShow":0,"appShow":0,"deliver":0,"gradeDescription":null}]}},"code":0}