{"resubmitToken":null,"success":true,"requestId":null,"msg":null,"content":{"pageNo":5,"pageSize":15,"positionResult":{"totalCount":974,"resultSize":15,"locationInfo":{"city":"北京","district":null,"businessZone":null,"queryByGisCode":false,"locationCode":null},"queryAnalysisInfo":{"positionName":"ios","companyName":null,"industryName":null,"usefulCompany":false},"strategyProperty":{"name":"dm-csearch-newSimScorer","id":1},"result":[{"companyId":53137,"positionName":"高级iOS工程师","workYear":"3-5年","education":"本科","jobNature":"全职","createTime":"2016-08-30 13:07:19","companyShortName":"金色家园科技","positionId":2098360,"salary":"20k-30k","approve":1,"city":"北京","positionAdvantage":"14薪，免费水果咖啡，各种补助","companyLogo":"image1/M00/26/84/CgYXBlVVpKmAT16vAAB-lRbYIa8041.jpg","industryField":"O2O","companyLabelList":["节日礼物","带薪年假","绩效奖金","管理规范"],"financeStage":"成熟型(不需要融资)","district":null,"score":0,"companySize":"500-2000人","companyFullName":"金色家园网络科技有限公司","adWord":0,"formatCreateTime":"13:07发布","imState":"today","lastLogin":1472537157000,"publisherId":1326958,"explain":null,"plus":null,"pcShow":0,"appShow":0,"deliver":0,"gradeDescription":null,"businessZones":null},{"companyId":50476,"positionName":"iOS","workYear":"3-5年","education":"本科","jobNature":"全职","createTime":"2016-08-30 12:33:41","companyShortName":"盈泰财富云","positionId":2304790,"salary":"15k-30k","approve":1,"city":"北京","positionAdvantage":"精英文化，深涉金融，六险一金，员工持股","companyLogo":"image1/M00/00/84/Cgo8PFTUXeSAKU0pAAButaDUfeY414.jpg","industryField":"移动互联网,金融","companyLabelList":["技能培训","岗位晋升","年终分红","股票期权"],"financeStage":"成长型(A轮)","district":"东城区","score":0,"companySize":"50-150人","companyFullName":"北京盈泰财富云电子商务有限公司","adWord":0,"formatCreateTime":"12:33发布","imState":"disabled","lastLogin":1472546378000,"publisherId":5292444,"explain":null,"plus":null,"pcShow":0,"appShow":0,"deliver":0,"gradeDescription":null,"businessZones":["和平里","雍和宫","安定门"]},{"companyId":9815,"positionName":"IOS 开发工程师","workYear":"3-5年","education":"本科","jobNature":"全职","createTime":"2016-08-30 12:07:24","companyShortName":"美宅","positionId":155931,"salary":"10k-16k","approve":1,"city":"北京","positionAdvantage":"员工持股；团队nice；vr+ai","companyLogo":"i/image/M00/21/54/Cgp3O1cQkYuAc9Z-AAAIXuRa7Rw809.png","industryField":"移动互联网,O2O","companyLabelList":["年终分红","绩效奖金","五险一金","带薪年假"],"financeStage":"成长型(A轮)","district":"东城区","score":0,"companySize":"50-150人","companyFullName":"北京盛泰华夏科技有限公司","adWord":0,"formatCreateTime":"12:07发布","imState":"today","lastLogin":1472547171000,"publisherId":325697,"explain":null,"plus":null,"pcShow":0,"appShow":0,"deliver":0,"gradeDescription":null,"businessZones":["东四","朝阳门","海运仓"]},{"companyId":104601,"positionName":"iOS","workYear":"3-5年","education":"本科","jobNature":"全职","createTime":"2016-08-30 11:52:10","companyShortName":"百度外卖","positionId":2304577,"salary":"15k-30k","approve":0,"city":"北京","positionAdvantage":"领导nice 发展空间大","companyLogo":"image2/M00/13/09/CgpzWlY5nAyATp-rAABoQyerlBE060.jpg?cc=0.10944942501373589","industryField":"O2O,生活服务","companyLabelList":["带薪年假","岗位晋升","领导好","通讯津贴"],"financeStage":"成长型(B轮)","district":"海淀区","score":0,"companySize":"500-2000人","companyFullName":"百度外卖","adWord":0,"formatCreateTime":"11:52发布","imState":"disabled","lastLogin":1472539197000,"publisherId":603223,"explain":null,"plus":null,"pcShow":0,"appShow":0,"deliver":0,"gradeDescription":null,"businessZones":["上地","马连洼","西二旗"]},{"companyId":22858,"positionName":"iOS高级开发工程师","workYear":"3-5年","education":"本科","jobNature":"全职","createTime":"2016-08-30 11:39:44","companyShortName":"量化派","positionId":2193779,"salary":"18k-35k","approve":1,"city":"北京","positionAdvantage":"优质团队,优厚福利,氛围轻松,华尔街海龟","companyLogo":"image1/M00/00/2C/CgYXBlTUXHOATbMYAAA8_cACftM593.png","industryField":"金融,数据服务","companyLabelList":["绩效奖金","股票期权","年底双薪","五险一金"],"financeStage":"成长型(B轮)","district":"海淀区","score":0,"companySize":"50-150人","companyFullName":"北京量科邦信息技术有限公司","adWord":0,"formatCreateTime":"11:39发布","imState":"today","lastLogin":1472553055000,"publisherId":364189,"explain":null,"plus":null,"pcShow":0,"appShow":0,"deliver":0,"gradeDescription":null,"businessZones":null},{"companyId":50702,"positionName":"资深ios开发/技术专家","workYear":"3-5年","education":"本科","jobNature":"全职","createTime":"2016-08-30 11:36:29","companyShortName":"美团点评","positionId":2079735,"salary":"25k-50k","approve":1,"city":"北京","positionAdvantage":"牛逼的团队，浓厚技术氛围，边玩边工作","companyLogo":"i/image/M00/4B/6C/CgqKkVefHv-AFoRzAAAuALF7ZZ0419.png","industryField":"移动互联网,O2O","companyLabelList":["技能培训","绩效奖金","岗位晋升","领导好"],"financeStage":"成熟型(D轮及以上)","district":"朝阳区","score":0,"companySize":"2000人以上","companyFullName":"北京三快在线科技有限公司","adWord":0,"formatCreateTime":"11:36发布","imState":"disabled","lastLogin":1472527477000,"publisherId":2381265,"explain":null,"plus":null,"pcShow":0,"appShow":0,"deliver":0,"gradeDescription":null,"businessZones":["望京","大山子","花家地"]},{"companyId":37099,"positionName":"iOS","workYear":"5-10年","education":"本科","jobNature":"全职","createTime":"2016-08-30 11:28:21","companyShortName":"百度","positionId":1940045,"salary":"20k-40k","approve":0,"city":"北京","positionAdvantage":"一线互联网公司","companyLogo":"i/image/M00/03/3B/Cgp3O1awdYKAaopbAABFI3RQsu4671.png","industryField":"移动互联网","companyLabelList":["弹性工作","五险一金","节日礼物","带薪年假"],"financeStage":"上市公司","district":"海淀区","score":0,"companySize":"2000人以上","companyFullName":"百度时代网络技术(北京)有限公司","adWord":0,"formatCreateTime":"11:28发布","imState":"today","lastLogin":1472543900000,"publisherId":5253239,"explain":null,"plus":null,"pcShow":0,"appShow":0,"deliver":0,"gradeDescription":null,"businessZones":["西北旺","马连洼","上地"]},{"companyId":2900,"positionName":"高级iOS开发工程师-Q001","workYear":"3-5年","education":"本科","jobNature":"全职","createTime":"2016-08-30 11:28:18","companyShortName":"微店","positionId":242922,"salary":"15k-30k","approve":1,"city":"北京","positionAdvantage":"有竞争力薪资+完善福利+丰厚期权+靠谱团队","companyLogo":"image1/M00/0F/B0/Cgo8PFT9bUuAFYmqAABKRDf-Ah0371.jpg","industryField":"移动互联网 ,电子商务","companyLabelList":["扁平化管理","技术驱动","14薪","六险一金"],"financeStage":"成熟型(C轮)","district":"朝阳区","score":0,"companySize":"500-2000人","companyFullName":"北京口袋时尚科技有限公司","adWord":0,"formatCreateTime":"11:28发布","imState":"today","lastLogin":1472527678000,"publisherId":636493,"explain":null,"plus":null,"pcShow":0,"appShow":0,"deliver":0,"gradeDescription":null,"businessZones":["酒仙桥","大山子","将台路"]},{"companyId":50889,"positionName":"iOS高级工程师","workYear":"3-5年","education":"本科","jobNature":"全职","createTime":"2016-08-30 11:20:54","companyShortName":"和创科技（红圈营销）","positionId":2304243,"salary":"20k-35k","approve":1,"city":"北京","positionAdvantage":"上市公司，持续的股权激励政策！","companyLogo":"i/image/M00/03/44/Cgp3O1ax7JWAOSzUAABS3OF0A7w289.jpg","industryField":"移动互联网,企业服务","companyLabelList":["弹性工作","敏捷研发","股票期权","年底双薪"],"financeStage":"上市公司","district":null,"score":0,"companySize":"2000人以上","companyFullName":"和创（北京）科技股份有限公司","adWord":0,"formatCreateTime":"11:20发布","imState":"today","lastLogin":1472550012000,"publisherId":994817,"explain":null,"plus":null,"pcShow":0,"appShow":0,"deliver":0,"gradeDescription":null,"businessZones":null},{"companyId":8877,"positionName":"iOS研发经理","workYear":"5-10年","education":"本科","jobNature":"全职","createTime":"2016-08-30 11:13:57","companyShortName":"AA租车","positionId":2011152,"salary":"25k-35k","approve":1,"city":"北京","positionAdvantage":"全额五险一金，补充医疗，弹性工作","companyLogo":"i/image/M00/30/66/Cgp3O1dGc86AHkLoAABKKJcuEe4728.png","industryField":"移动互联网,O2O","companyLabelList":["全额五险一金","弹性工作时间","补充医疗","福利体检"],"financeStage":"成熟型(不需要融资)","district":"朝阳区","score":0,"companySize":"2000人以上","companyFullName":"先锋智道（北京）科技有限公司","adWord":0,"formatCreateTime":"11:13发布","imState":"today","lastLogin":1472550362000,"publisherId":1548949,"explain":null,"plus":null,"pcShow":0,"appShow":0,"deliver":0,"gradeDescription":null,"businessZones":["酒仙桥","大山子","将台路"]},{"companyId":142427,"positionName":"iOS","workYear":"1-3年","education":"大专","jobNature":"全职","createTime":"2016-08-30 10:59:33","companyShortName":"亮爱文化传播","positionId":2303986,"salary":"15k-30k","approve":0,"city":"北京","positionAdvantage":"周末双休 弹性工作时间 五险一金 各种福利","companyLogo":"i/image/M00/4C/86/CgqKkVei2ceACnjPAAALMM7FQSQ522.png","industryField":"移动互联网,信息安全","companyLabelList":["年底双薪","专项奖金","绩效奖金","年终分红"],"financeStage":"成长型(不需要融资)","district":"石景山区","score":0,"companySize":"50-150人","companyFullName":"北京亮爱文化传播有限公司","adWord":0,"formatCreateTime":"10:59发布","imState":"disabled","lastLogin":1472545834000,"publisherId":5839389,"explain":null,"plus":null,"pcShow":0,"appShow":0,"deliver":0,"gradeDescription":null,"businessZones":["金顶街","苹果园","模式口"]},{"companyId":36162,"positionName":"iOS开发工程师","workYear":"3-5年","education":"本科","jobNature":"全职","createTime":"2016-08-30 10:39:42","companyShortName":"作业盒子","positionId":263785,"salary":"15k-25k","approve":1,"city":"北京","positionAdvantage":"14薪 节日礼物 年度旅游 弹性工作","companyLogo":"i/image/M00/29/C7/Cgp3O1cwXzWAPpvjAAAYnaMmScM575.png","industryField":"移动互联网,教育","companyLabelList":["技能培训","年底双薪","节日礼物","年度旅游"],"financeStage":"成长型(A轮)","district":"朝阳区","score":0,"companySize":"50-150人","companyFullName":"北京知识印象科技有限公司","adWord":0,"formatCreateTime":"10:39发布","imState":"today","lastLogin":1472543483000,"publisherId":632571,"explain":null,"plus":null,"pcShow":0,"appShow":0,"deliver":0,"gradeDescription":null,"businessZones":["望京","大山子","花家地"]},{"companyId":142412,"positionName":"iOS","workYear":"3-5年","education":"大专","jobNature":"全职","createTime":"2016-08-30 10:34:11","companyShortName":"日天科技","positionId":2303711,"salary":"18k-35k","approve":0,"city":"北京","positionAdvantage":"周末双休 弹性工作时间 五险一金 各种福利","companyLogo":"i/image/M00/4C/77/Cgp3O1eivPWAUhHvAAAIeVFV-J4031.png","industryField":"移动互联网,电子商务","companyLabelList":["年底双薪","股票期权","绩效奖金","年终分红"],"financeStage":"成长型(不需要融资)","district":"丰台区","score":0,"companySize":"50-150人","companyFullName":"北京日天科技有限公司","adWord":0,"formatCreateTime":"10:34发布","imState":"today","lastLogin":1472545568000,"publisherId":5838665,"explain":null,"plus":null,"pcShow":0,"appShow":0,"deliver":0,"gradeDescription":null,"businessZones":["大红门","洋桥","木樨园"]},{"companyId":114110,"positionName":"高级iOS开发工程师","workYear":"3-5年","education":"本科","jobNature":"全职","createTime":"2016-08-30 10:28:02","companyShortName":"乐视","positionId":2062799,"salary":"25k-35k","approve":1,"city":"北京","positionAdvantage":"弹性工作，午餐补助，股票期权，班车接送","companyLogo":"i/image/M00/04/2B/Cgp3O1bGwzWAEAB4AAAbnMQCudk783.jpg","industryField":"移动互联网","companyLabelList":["股票期权","交通补助","通讯津贴","带薪年假"],"financeStage":"上市公司","district":null,"score":0,"companySize":"2000人以上","companyFullName":"乐视网信息技术（北京）股份有限公司","adWord":0,"formatCreateTime":"10:28发布","imState":"disabled","lastLogin":1472531640000,"publisherId":5569772,"explain":null,"plus":null,"pcShow":0,"appShow":0,"deliver":0,"gradeDescription":null,"businessZones":null},{"companyId":3786,"positionName":"iOS","workYear":"不限","education":"本科","jobNature":"全职","createTime":"2016-08-30 10:23:14","companyShortName":"宜信","positionId":2014886,"salary":"20k-35k","approve":1,"city":"北京","positionAdvantage":"薪水优厚，福利好","companyLogo":"i/image/M00/01/C8/Cgp3O1Z3lASAVbZHAABCha8eqHY645.jpg","industryField":"移动互联网,金融","companyLabelList":["管理规范","技能培训","扁平管理","弹性工作"],"financeStage":"成熟型(不需要融资)","district":"朝阳区","score":0,"companySize":"2000人以上","companyFullName":"普信恒业科技发展（北京）有限公司","adWord":0,"formatCreateTime":"10:23发布","imState":"disabled","lastLogin":1472547772000,"publisherId":3662009,"explain":null,"plus":null,"pcShow":0,"appShow":0,"deliver":0,"gradeDescription":null,"businessZones":null}]}},"code":0}