{"success":true,"requestId":null,"msg":null,"resubmitToken":null,"code":0,"content":{"pageNo":54,"pageSize":15,"positionResult":{"resultSize":15,"totalCount":974,"locationInfo":{"queryByGisCode":false,"businessZone":null,"locationCode":null,"city":"北京","district":null},"queryAnalysisInfo":{"industryName":null,"usefulCompany":false,"positionName":"ios","companyName":null},"strategyProperty":{"name":"dm-csearch-newSimScorer","id":1},"result":[{"companyId":8062,"businessZones":["学院路","北航","五道口"],"imState":"sevenDays","lastLogin":1472027915000,"publisherId":1745874,"explain":null,"plus":null,"pcShow":0,"appShow":0,"deliver":0,"gradeDescription":null,"companyFullName":"世纪闻康（北京）科技发展有限公司","formatCreateTime":"2016-07-29","positionName":"iOS开发工程师","workYear":"1-3年","education":"本科","jobNature":"全职","companyLogo":"i/image/M00/17/19/CgqKkVbw8xGASJ7yAAASGiMnk84579.jpg","salary":"10k-20k","city":"北京","financeStage":"成长型(A轮)","industryField":"移动互联网","positionId":1738255,"approve":1,"createTime":"2016-07-29 13:34:26","positionAdvantage":"带薪年假、工龄工资、五险一金、餐补、交补","district":"海淀区","companyShortName":"闻康","companyLabelList":["技能培训","节日礼物","带薪年假","绩效奖金"],"score":0,"companySize":"500-2000人","adWord":0},{"companyId":60661,"businessZones":["西直门","交通大学"],"imState":"disabled","lastLogin":1470215132000,"publisherId":1525107,"explain":null,"plus":null,"pcShow":0,"appShow":0,"deliver":0,"gradeDescription":null,"companyFullName":"北京格致璞科技有限公司","formatCreateTime":"2016-07-29","positionName":"iOS开发","workYear":"1-3年","education":"本科","jobNature":"全职","companyLogo":"image1/M00/19/83/Cgo8PFUZGjOAFqD6AABllMwneHs550.jpg","salary":"8k-16k","city":"北京","financeStage":"初创型(未融资)","industryField":"移动互联网,文化娱乐","positionId":974943,"approve":0,"createTime":"2016-07-29 11:07:30","positionAdvantage":"不加班，弹性时间，办公环境好，技术型团队","district":"西城区","companyShortName":"Anyview阅读","companyLabelList":["股票期权","带薪年假","岗位晋升","扁平管理"],"score":0,"companySize":"少于15人","adWord":0},{"companyId":95927,"businessZones":["大红门","洋桥","木樨园"],"imState":"disabled","lastLogin":1471941213000,"publisherId":2588545,"explain":null,"plus":null,"pcShow":0,"appShow":0,"deliver":0,"gradeDescription":null,"companyFullName":"中鸿块煤（北京）科技信息有限公司","formatCreateTime":"2016-07-29","positionName":"iOS工程师","workYear":"3-5年","education":"本科","jobNature":"全职","companyLogo":"image2/M00/05/CE/CgpzWlX38-uAHD79AAAOvASqGpY172.jpg","salary":"15k-25k","city":"北京","financeStage":"初创型(天使轮)","industryField":"电子商务","positionId":1290348,"approve":0,"createTime":"2016-07-29 10:52:47","positionAdvantage":"高速发展企业，弹性工作制，超扁平架构","district":"丰台区","companyShortName":"块煤网","companyLabelList":["年底双薪","股票期权","园林环境","带薪年假"],"score":0,"companySize":"15-50人","adWord":0},{"companyId":132935,"businessZones":["高碑店","定福庄","管庄"],"imState":"threeDays","lastLogin":1472471545000,"publisherId":5254178,"explain":null,"plus":null,"pcShow":0,"appShow":0,"deliver":0,"gradeDescription":null,"companyFullName":"岱青海蓝信息系统（北京）有限公司","formatCreateTime":"2016-07-28","positionName":"iOS","workYear":"1-3年","education":"本科","jobNature":"全职","companyLogo":"i/image/M00/49/A6/Cgp3O1eYGfaAe9-iAAJpr9o0_x8796.png","salary":"6k-12k","city":"北京","financeStage":"初创型(不需要融资)","industryField":"移动互联网,O2O","positionId":2164754,"approve":0,"createTime":"2016-07-28 23:27:03","positionAdvantage":"成长快,环境好","district":"朝阳区","companyShortName":"青蓝信息","companyLabelList":null,"score":0,"companySize":"15-50人","adWord":0},{"companyId":6126,"businessZones":null,"imState":"today","lastLogin":1472541648000,"publisherId":4053608,"explain":null,"plus":null,"pcShow":0,"appShow":0,"deliver":0,"gradeDescription":null,"companyFullName":"包商银行股份有限公司","formatCreateTime":"2016-07-28","positionName":"iOS高级开发工程师","workYear":"3-5年","education":"本科","jobNature":"全职","companyLogo":"i/image/M00/05/68/Cgp3O1bKyy2AW34wAAATEfPo5mY193.png","salary":"15k-30k","city":"北京","financeStage":"初创型(未融资)","industryField":"金融","positionId":2163499,"approve":1,"createTime":"2016-07-28 17:08:44","positionAdvantage":"发展前景、平台","district":null,"companyShortName":"包商银行","companyLabelList":["节日礼物","绩效奖金","管理规范","定期体检"],"score":0,"companySize":"2000人以上","adWord":0},{"companyId":84653,"businessZones":["中关村","知春路","双榆树"],"imState":"today","lastLogin":1472539220000,"publisherId":2167008,"explain":null,"plus":null,"pcShow":0,"appShow":0,"deliver":0,"gradeDescription":null,"companyFullName":"东方视界科技(北京)有限公司","formatCreateTime":"2016-07-28","positionName":"高级IOS开发工程师","workYear":"3-5年","education":"大专","jobNature":"全职","companyLogo":"image2/M00/0C/8C/CgqLKVYcpDaAbumZAAB0c56WWws594.png","salary":"12k-20k","city":"北京","financeStage":"成长型(A轮)","industryField":"移动互联网","positionId":2162070,"approve":1,"createTime":"2016-07-28 14:45:08","positionAdvantage":"五险一金 补充医疗 交通补贴 话费补贴","district":"海淀区","companyShortName":"东方视界","companyLabelList":["节日礼物","年底双薪","带薪年假","绩效奖金"],"score":0,"companySize":"50-150人","adWord":0},{"companyId":3194,"businessZones":["中关村","知春路","双榆树"],"imState":"disabled","lastLogin":1470968436000,"publisherId":4059223,"explain":null,"plus":null,"pcShow":0,"appShow":0,"deliver":0,"gradeDescription":null,"companyFullName":"北京搜狐新媒体信息技术有限公司","formatCreateTime":"2016-07-28","positionName":"iOS","workYear":"1年以下","education":"本科","jobNature":"全职","companyLogo":"image1/M00/00/08/CgYXBlTUWBCARg09AACo4K_cFeU807.png","salary":"15k-20k","city":"北京","financeStage":"上市公司","industryField":"移动互联网,文化娱乐","positionId":2076724,"approve":1,"createTime":"2016-07-28 14:43:33","positionAdvantage":"15天年假 小狐有礼","district":"海淀区","companyShortName":"搜狐","companyLabelList":["节日礼物","技能培训","绩效奖金","年度旅游"],"score":0,"companySize":"2000人以上","adWord":0},{"companyId":48717,"businessZones":null,"imState":"disabled","lastLogin":1472194296000,"publisherId":5570130,"explain":null,"plus":null,"pcShow":0,"appShow":0,"deliver":0,"gradeDescription":null,"companyFullName":"爱赛因斯（北京）科技有限公司","formatCreateTime":"2016-07-28","positionName":"资深iOS开发","workYear":"3-5年","education":"不限","jobNature":"全职","companyLogo":"image1/M00/36/5C/CgYXBlWeKHaAcoVUAAAdqotfb84508.jpg","salary":"15k-30k","city":"北京","financeStage":"初创型(未融资)","industryField":"社交网络,教育","positionId":2161897,"approve":1,"createTime":"2016-07-28 14:33:30","positionAdvantage":"丰厚的股票期权、良好的职业发展","district":"朝阳区","companyShortName":"PMCAFF产品经理社区","companyLabelList":["节日礼物","技能培训","绩效奖金","年度旅游"],"score":0,"companySize":"15-50人","adWord":0},{"companyId":82423,"businessZones":["大屯","亚运村","小营"],"imState":"overSevenDays","lastLogin":1471331370000,"publisherId":5054847,"explain":null,"plus":null,"pcShow":0,"appShow":0,"deliver":0,"gradeDescription":null,"companyFullName":"中组智库（北京）信息技术研究有限公司","formatCreateTime":"2016-07-28","positionName":"iOS","workYear":"1-3年","education":"不限","jobNature":"全职","companyLogo":"image2/M00/08/9B/CgpzWlYDdFqAIDwcAAAXZoOO3kw990.jpg","salary":"8k-14k","city":"北京","financeStage":"初创型(不需要融资)","industryField":"移动互联网,数据服务","positionId":1852402,"approve":1,"createTime":"2016-07-28 13:59:56","positionAdvantage":"五险一金、带薪年假、工作餐","district":"朝阳区","companyShortName":"中组智库","companyLabelList":["专项奖金","带薪年假","绩效奖金","年度旅游"],"score":0,"companySize":"15-50人","adWord":0},{"companyId":114110,"businessZones":["石佛营","姚家园","十里堡"],"imState":"disabled","lastLogin":1472094735000,"publisherId":4161747,"explain":null,"plus":null,"pcShow":0,"appShow":0,"deliver":0,"gradeDescription":null,"companyFullName":"乐视网信息技术（北京）股份有限公司","formatCreateTime":"2016-07-28","positionName":"iOS中级/高级/架构师/专家","workYear":"3-5年","education":"本科","jobNature":"全职","companyLogo":"i/image/M00/04/2B/Cgp3O1bGwzWAEAB4AAAbnMQCudk783.jpg","salary":"20k-40k","city":"北京","financeStage":"上市公司","industryField":"移动互联网","positionId":1517316,"approve":1,"createTime":"2016-07-28 13:34:52","positionAdvantage":"股票+车/饭/话补助+商用保险+五险一金","district":"朝阳区","companyShortName":"乐视","companyLabelList":["股票期权","交通补助","通讯津贴","带薪年假"],"score":0,"companySize":"2000人以上","adWord":0},{"companyId":129068,"businessZones":null,"imState":"threeDays","lastLogin":1472462011000,"publisherId":5688195,"explain":null,"plus":null,"pcShow":0,"appShow":0,"deliver":0,"gradeDescription":null,"companyFullName":"北京阿博茨科技有限公司","formatCreateTime":"2016-07-28","positionName":"iOS高级开发工程师","workYear":"3-5年","education":"本科","jobNature":"全职","companyLogo":"i/image/M00/43/D4/CgqKkVeEWTmAKL8tAAAn-KmJkBg721.png","salary":"16k-32k","city":"北京","financeStage":"成长型(A轮)","industryField":"移动互联网","positionId":2118825,"approve":1,"createTime":"2016-07-28 11:17:00","positionAdvantage":"技术大牛+极客团队+弹性时间+午餐下午茶","district":"海淀区","companyShortName":"阿博茨","companyLabelList":["五天工作制","带薪假期","健康午餐","体育课"],"score":0,"companySize":"15-50人","adWord":0},{"companyId":329,"businessZones":null,"imState":"today","lastLogin":1472550869000,"publisherId":118683,"explain":null,"plus":null,"pcShow":0,"appShow":0,"deliver":0,"gradeDescription":null,"companyFullName":"网之易信息技术（北京）有限公司","formatCreateTime":"2016-07-28","positionName":"资深iOS开发工程师","workYear":"3-5年","education":"本科","jobNature":"全职","companyLogo":"image1/M00/1C/DB/Cgo8PFUnbyyAOmwZAABKPABIzv8461.png","salary":"18k-35k","city":"北京","financeStage":"上市公司","industryField":"数据服务,文化娱乐","positionId":2014203,"approve":1,"createTime":"2016-07-28 10:47:00","positionAdvantage":"业务成熟、部门旅游、晋升空间、奖金丰厚","district":null,"companyShortName":"网易","companyLabelList":["节日礼物","技能培训","免费班车","带薪年假"],"score":0,"companySize":"2000人以上","adWord":0},{"companyId":36026,"businessZones":["八里庄","四惠","大望路"],"imState":"threeDays","lastLogin":1472453660000,"publisherId":629579,"explain":null,"plus":null,"pcShow":0,"appShow":0,"deliver":0,"gradeDescription":null,"companyFullName":"IU-Apps","formatCreateTime":"2016-07-28","positionName":"iOS 应用开发工程师","workYear":"1-3年","education":"本科","jobNature":"全职","companyLogo":"i/image/M00/00/8A/CgqKkVZNSaCAS-CYAAANPSLxhY0643.jpg","salary":"10k-20k","city":"北京","financeStage":"初创型(天使轮)","industryField":"移动互联网","positionId":592373,"approve":0,"createTime":"2016-07-28 10:28:19","positionAdvantage":"前景好+弹性工作+大牛聚集+geek文化","district":"朝阳区","companyShortName":"ALPHA MOBILE","companyLabelList":["带薪年假","领导好","弹性工作","午餐补助"],"score":0,"companySize":"15-50人","adWord":0},{"companyId":89541,"businessZones":["上地","西二旗","马连洼"],"imState":"disabled","lastLogin":1472558580000,"publisherId":2429345,"explain":null,"plus":null,"pcShow":0,"appShow":0,"deliver":0,"gradeDescription":null,"companyFullName":"滴滴打车（小桔科技）","formatCreateTime":"2016-07-27","positionName":"iOS工程师／架构师","workYear":"3-5年","education":"本科","jobNature":"全职","companyLogo":"image1/M00/42/DC/Cgo8PFXNdImAA0hiAACBD0dX7Ds225.png?cc=0.6919486154416709","salary":"18k-36k","city":"北京","financeStage":"成熟型(D轮及以上)","industryField":"移动互联网,电子商务","positionId":1051392,"approve":0,"createTime":"2016-07-27 20:55:58","positionAdvantage":"期权、晋升空间大","district":"海淀区","companyShortName":"滴滴出行（小桔科技）","companyLabelList":["节日礼物","绩效奖金","年度旅游","美女多"],"score":0,"companySize":"2000人以上","adWord":0},{"companyId":33272,"businessZones":["魏公村","白石桥","中关村"],"imState":"overSevenDays","lastLogin":1470280349000,"publisherId":563959,"explain":null,"plus":null,"pcShow":0,"appShow":0,"deliver":0,"gradeDescription":null,"companyFullName":"摩博（北京）科技有限公司","formatCreateTime":"2016-07-27","positionName":"iOS高级研发工程师/项目主管","workYear":"1-3年","education":"大专","jobNature":"全职","companyLogo":"image1/M00/00/4D/Cgo8PFTUXPyAQ6kfAABWZzzEW4o579.png","salary":"7k-13k","city":"北京","financeStage":"成长型(A轮)","industryField":"移动互联网","positionId":210553,"approve":1,"createTime":"2016-07-27 16:22:42","positionAdvantage":"灵活作息、薪资报酬、期权体系、明确定位","district":"海淀区","companyShortName":"摩博（北京）科技有限公司","companyLabelList":["年底双薪","股票期权","带薪年假","绩效奖金"],"score":0,"companySize":"50-150人","adWord":0}]}}}