{"msg":null,"resubmitToken":null,"success":true,"requestId":null,"content":{"pageNo":38,"pageSize":15,"positionResult":{"totalCount":974,"resultSize":15,"locationInfo":{"city":"北京","district":null,"locationCode":null,"businessZone":null,"queryByGisCode":false},"queryAnalysisInfo":{"positionName":"ios","companyName":null,"usefulCompany":false,"industryName":null},"strategyProperty":{"name":"dm-csearch-newSimScorer","id":1},"result":[{"companyId":8103,"formatCreateTime":"2016-08-22","score":0,"positionId":2193902,"positionName":"iOS","createTime":"2016-08-22 11:26:03","positionAdvantage":"团队氛围好，福利待遇好","salary":"10k-20k","approve":1,"workYear":"3-5年","education":"大专","city":"北京","companyLogo":"i/image/M00/01/80/CgqKkVZuPraAN3O6AACFeBgN7dY620.jpg","jobNature":"全职","industryField":"移动互联网,文化娱乐","companyShortName":"汽车之家","financeStage":"上市公司","companySize":"2000人以上","companyLabelList":["技能培训","节日礼物","带薪年假","绩效奖金"],"district":"海淀区","businessZones":["中关村","双榆树","双安"],"imState":"disabled","lastLogin":1472547263000,"publisherId":4556316,"explain":null,"plus":null,"pcShow":0,"appShow":0,"deliver":0,"gradeDescription":null,"companyFullName":"北京车之家信息技术有限公司","adWord":0},{"companyId":45204,"formatCreateTime":"2016-08-22","score":0,"positionId":1396528,"positionName":"iOS","createTime":"2016-08-22 10:30:32","positionAdvantage":"弹性工作 /股权激励/周末双休/14薪","salary":"20k-35k","approve":1,"workYear":"1-3年","education":"本科","city":"北京","companyLogo":"i/image/M00/17/86/CgqKkVbyBYeAaxl_AADDWcZsmJg274.png","jobNature":"全职","industryField":"移动互联网,文化娱乐","companyShortName":"云上视界","financeStage":"初创型(天使轮)","companySize":"50-150人","companyLabelList":["股票期权","五险一金","弹性工作","带薪年假"],"district":"海淀区","businessZones":["上地","马连洼","西二旗"],"imState":"sevenDays","lastLogin":1472001712000,"publisherId":3663782,"explain":null,"plus":null,"pcShow":0,"appShow":0,"deliver":0,"gradeDescription":null,"companyFullName":"北京云上视界网络技术有限公司","adWord":0},{"companyId":85323,"formatCreateTime":"2016-08-22","score":0,"positionId":2268078,"positionName":"iOS（高级）开发工程师","createTime":"2016-08-22 10:27:39","positionAdvantage":"福利好，待遇佳，弹性工作时间，24小时茶点","salary":"18k-25k","approve":1,"workYear":"3-5年","education":"本科","city":"北京","companyLogo":"i/image/M00/3C/ED/CgqKkVdw7IqAcNXmAAAUEAhrf1w576.png","jobNature":"全职","industryField":"移动互联网","companyShortName":"北京奇鱼时代科技有限公司","financeStage":"成熟型(C轮)","companySize":"150-500人","companyLabelList":["节日礼物","股票期权","带薪年假","岗位晋升"],"district":"海淀区","businessZones":["学院路","五道口","北航"],"imState":"disabled","lastLogin":1472459888000,"publisherId":2874865,"explain":null,"plus":null,"pcShow":0,"appShow":0,"deliver":0,"gradeDescription":null,"companyFullName":"北京奇鱼时代科技有限公司","adWord":0},{"companyId":114110,"formatCreateTime":"2016-08-22","score":0,"positionId":1837883,"positionName":"iOS多媒体开发工程师","createTime":"2016-08-22 10:10:10","positionAdvantage":"全员持股，班车接送，open的团队","salary":"17k-27k","approve":1,"workYear":"3-5年","education":"本科","city":"北京","companyLogo":"i/image/M00/04/2B/Cgp3O1bGwzWAEAB4AAAbnMQCudk783.jpg","jobNature":"全职","industryField":"移动互联网","companyShortName":"乐视","financeStage":"上市公司","companySize":"2000人以上","companyLabelList":["股票期权","交通补助","通讯津贴","带薪年假"],"district":"朝阳区","businessZones":["大山子","酒仙桥","将台路"],"imState":"disabled","lastLogin":1472559953000,"publisherId":5039115,"explain":null,"plus":null,"pcShow":0,"appShow":0,"deliver":0,"gradeDescription":null,"companyFullName":"乐视网信息技术（北京）股份有限公司","adWord":0},{"companyId":4158,"formatCreateTime":"2016-08-22","score":0,"positionId":151393,"positionName":"iOS","createTime":"2016-08-22 10:07:23","positionAdvantage":"发展好、氛围棒、福利好、领导棒","salary":"10k-13k","approve":1,"workYear":"1-3年","education":"本科","city":"北京","companyLogo":"image1/M00/00/0A/CgYXBlTUWBaAX5ybAACq-EA7pSc619.jpg","jobNature":"全职","industryField":"移动互联网,电子商务","companyShortName":"美秒科技","financeStage":"成长型(A轮)","companySize":"15-50人","companyLabelList":["交通补助","股票期权","弹性工作","免费晚餐"],"district":"海淀区","businessZones":["西二旗","龙泽","回龙观"],"imState":"today","lastLogin":1472551672000,"publisherId":71928,"explain":null,"plus":null,"pcShow":0,"appShow":0,"deliver":0,"gradeDescription":null,"companyFullName":"北京美秒科技有限公司","adWord":0},{"companyId":22919,"formatCreateTime":"2016-08-22","score":0,"positionId":2054300,"positionName":"iOS工程师","createTime":"2016-08-22 09:47:26","positionAdvantage":"薪资福利、open的氛围","salary":"20k-30k","approve":1,"workYear":"3-5年","education":"大专","city":"北京","companyLogo":"image1/M00/00/2C/CgYXBlTUXHSATQssAAAxyWF2SfM359.jpg","jobNature":"全职","industryField":"企业服务,金融","companyShortName":"新晨科技","financeStage":"初创型(未融资)","companySize":"500-2000人","companyLabelList":["技能培训","年底双薪","带薪年假","绩效奖金"],"district":null,"businessZones":null,"imState":"today","lastLogin":1472557360000,"publisherId":3731457,"explain":null,"plus":null,"pcShow":0,"appShow":0,"deliver":0,"gradeDescription":null,"companyFullName":"新晨科技股份有限公司","adWord":0},{"companyId":1914,"formatCreateTime":"2016-08-22","score":0,"positionId":2119142,"positionName":"iOS开发工程师","createTime":"2016-08-22 09:41:45","positionAdvantage":"稳定平台,试用全薪,福利年假,带薪病假","salary":"12k-24k","approve":1,"workYear":"3-5年","education":"本科","city":"北京","companyLogo":"i/image/M00/01/39/Cgp3O1Zk9luAeL0jAAAO0FvOuQE553.png","jobNature":"全职","industryField":"数据服务,文化娱乐","companyShortName":"优酷土豆","financeStage":"上市公司","companySize":"2000人以上","companyLabelList":["带薪年假","岗位晋升","五险一金","弹性工作"],"district":"海淀区","businessZones":["中关村","北京大学","苏州街"],"imState":"today","lastLogin":1472549525000,"publisherId":4679250,"explain":null,"plus":null,"pcShow":0,"appShow":0,"deliver":0,"gradeDescription":null,"companyFullName":"合一网络技术（北京）有限公司","adWord":0},{"companyId":50702,"formatCreateTime":"2016-08-21","score":0,"positionId":2266755,"positionName":"iOS","createTime":"2016-08-21 18:28:14","positionAdvantage":"核心部门，平台大，待遇优，发展空间大","salary":"15k-30k","approve":1,"workYear":"3-5年","education":"本科","city":"北京","companyLogo":"i/image/M00/4B/6C/CgqKkVefHv-AFoRzAAAuALF7ZZ0419.png","jobNature":"全职","industryField":"移动互联网,O2O","companyShortName":"美团点评","financeStage":"成熟型(D轮及以上)","companySize":"2000人以上","companyLabelList":["技能培训","绩效奖金","岗位晋升","领导好"],"district":"朝阳区","businessZones":["望京","来广营"],"imState":"today","lastLogin":1472555393000,"publisherId":1504547,"explain":null,"plus":null,"pcShow":0,"appShow":0,"deliver":0,"gradeDescription":null,"companyFullName":"北京三快在线科技有限公司","adWord":0},{"companyId":137060,"formatCreateTime":"2016-08-21","score":0,"positionId":2266711,"positionName":"iOS高级程序员","createTime":"2016-08-21 17:25:18","positionAdvantage":"为全球顶级生物实验室开发实验管理APP","salary":"25k-40k","approve":0,"workYear":"3-5年","education":"本科","city":"北京","companyLogo":"i/image/M00/3F/62/CgqKkVd3dU-AeoHbAAATMm0Gg0I650.png","jobNature":"全职","industryField":"移动互联网,分类信息","companyShortName":"百奥生物","financeStage":"成长型(A轮)","companySize":"50-150人","companyLabelList":null,"district":null,"businessZones":null,"imState":"disabled","lastLogin":1472434050000,"publisherId":5427614,"explain":null,"plus":null,"pcShow":0,"appShow":0,"deliver":0,"gradeDescription":null,"companyFullName":"北京百奥普科生物科技有限公司","adWord":0},{"companyId":102707,"formatCreateTime":"2016-08-21","score":0,"positionId":1206476,"positionName":"iOS开发工程师","createTime":"2016-08-21 14:22:23","positionAdvantage":"快速发展","salary":"15k-30k","approve":1,"workYear":"1-3年","education":"本科","city":"北京","companyLogo":"i/image/M00/03/7E/Cgp3O1bAINqAQp5OAAAOMWp29vg281.png","jobNature":"全职","industryField":"移动互联网","companyShortName":"肆客体育","financeStage":"成长型(A轮)","companySize":"50-150人","companyLabelList":["股票期权","五险一金","年度旅游","带薪年假"],"district":"朝阳区","businessZones":["十里堡","高碑店","甘露园"],"imState":"today","lastLogin":1472544754000,"publisherId":2976757,"explain":null,"plus":null,"pcShow":0,"appShow":0,"deliver":0,"gradeDescription":null,"companyFullName":"球多多（北京）网络科技有限公司","adWord":0},{"companyId":142163,"formatCreateTime":"2016-08-20","score":0,"positionId":2266286,"positionName":"Android/iOS平台移动端开发工程师实习","createTime":"2016-08-20 22:00:29","positionAdvantage":"发展空间 技术大牛 弹性工作","salary":"5k-10k","approve":0,"workYear":"不限","education":"本科","city":"北京","companyLogo":"i/image/M00/4D/5D/CgqKkVenM46AHi4JAAMBXrFVTvA924.png","jobNature":"实习","industryField":"企业服务,移动互联网","companyShortName":"冰立方","financeStage":"初创型(天使轮)","companySize":"少于15人","companyLabelList":null,"district":"海淀区","businessZones":["天安门","前门","大栅栏"],"imState":"disabled","lastLogin":1472571887000,"publisherId":5826916,"explain":null,"plus":null,"pcShow":0,"appShow":0,"deliver":0,"gradeDescription":null,"companyFullName":"北京冰立方科技有限公司","adWord":0},{"companyId":131354,"formatCreateTime":"2016-08-20","score":0,"positionId":2066870,"positionName":"Android&amp;IOS开发组长","createTime":"2016-08-20 16:34:27","positionAdvantage":"五险一金、十三薪、团队建设、下午茶等","salary":"18k-30k","approve":0,"workYear":"5-10年","education":"本科","city":"北京","companyLogo":"i/image/M00/30/0D/Cgp3O1dFSMeAL71zAAAXwcmReVk994.png","jobNature":"全职","industryField":"教育","companyShortName":"心意答北京研发中心","financeStage":"成长型(不需要融资)","companySize":"150-500人","companyLabelList":null,"district":"海淀区","businessZones":["西三旗","清河","小营"],"imState":"disabled","lastLogin":1472527841000,"publisherId":2957521,"explain":null,"plus":null,"pcShow":0,"appShow":0,"deliver":0,"gradeDescription":null,"companyFullName":"上海心意答融讯电子股份有限公司北京分公司","adWord":0},{"companyId":74609,"formatCreateTime":"2016-08-20","score":0,"positionId":1949341,"positionName":"高级iOS开发工程师（swift）","createTime":"2016-08-20 14:15:00","positionAdvantage":"轻松办公环境、谷歌系带你飞！","salary":"15k-30k","approve":1,"workYear":"3-5年","education":"本科","city":"北京","companyLogo":"i/image/M00/03/1C/CgqKkVapyM-AYuW4AAA0MInQYm0160.png","jobNature":"全职","industryField":"移动互联网,企业服务","companyShortName":"小班会","financeStage":"成长型(A轮)","companySize":"15-50人","companyLabelList":["节日礼物","专项奖金","带薪年假","年度旅游"],"district":null,"businessZones":null,"imState":"threeDays","lastLogin":1472469210000,"publisherId":3569483,"explain":null,"plus":null,"pcShow":0,"appShow":0,"deliver":0,"gradeDescription":null,"companyFullName":"北京心橙互联信息技术有限公司","adWord":0},{"companyId":63964,"formatCreateTime":"2016-08-20","score":0,"positionId":1735141,"positionName":"iOS开发","createTime":"2016-08-20 14:00:22","positionAdvantage":"最美应用、体验感强、资源稀缺、体验感好","salary":"20k-25k","approve":0,"workYear":"3-5年","education":"本科","city":"北京","companyLogo":"i/image/M00/0A/32/CgqKkVbT7zaAJiCxAACpCtpd-Lw925.png","jobNature":"全职","industryField":"移动互联网,旅游","companyShortName":"态客必住","financeStage":"初创型(天使轮)","companySize":"少于15人","companyLabelList":["股票期权","年度旅游","扁平管理","美女多"],"district":"东城区","businessZones":null,"imState":"threeDays","lastLogin":1472437582000,"publisherId":1591988,"explain":null,"plus":null,"pcShow":0,"appShow":0,"deliver":0,"gradeDescription":null,"companyFullName":"北京态客科技有限公司","adWord":0},{"companyId":139,"formatCreateTime":"2016-08-20","score":0,"positionId":1941892,"positionName":"iOS","createTime":"2016-08-20 09:11:02","positionAdvantage":"股票期权,弹性工作制,免费工作餐,水果零食","salary":"15k-25k","approve":1,"workYear":"不限","education":"本科","city":"北京","companyLogo":"image1/M00/00/02/Cgo8PFTUV_WAD7hfAABXYsAPI8k943.png","jobNature":"全职","industryField":"移动互联网","companyShortName":"九玉","financeStage":"成长型(A轮)","companySize":"15-50人","companyLabelList":["技能培训","股票期权","带薪年假","岗位晋升"],"district":"海淀区","businessZones":["知春路","中关村","双榆树"],"imState":"threeDays","lastLogin":1472448807000,"publisherId":208,"explain":null,"plus":null,"pcShow":0,"appShow":0,"deliver":0,"gradeDescription":null,"companyFullName":"九玉（北京）科技有限公司","adWord":0}]}},"code":0}