{"success":true,"requestId":null,"msg":null,"resubmitToken":null,"content":{"pageNo":30,"pageSize":15,"positionResult":{"resultSize":15,"totalCount":974,"locationInfo":{"city":"北京","district":null,"queryByGisCode":false,"locationCode":null,"businessZone":null},"queryAnalysisInfo":{"positionName":"ios","companyName":null,"usefulCompany":false,"industryName":null},"strategyProperty":{"name":"dm-csearch-newSimScorer","id":1},"result":[{"createTime":"2016-08-24 17:14:18","formatCreateTime":"2016-08-24","companyId":2474,"positionName":"iOS高级开发工程师","workYear":"不限","education":"不限","jobNature":"全职","companyShortName":"滴滴出行","city":"北京","salary":"20k-30k","financeStage":"成熟型(D轮及以上)","positionId":1742581,"companyLogo":"i/image/M00/00/20/Cgp3O1YtmkSAZjX1AAA78knErXc273.jpg","positionAdvantage":"期权，丰厚年终奖","approve":0,"district":"海淀区","score":0,"companyLabelList":["弹性工作","节日礼物","岗位晋升","技能培训"],"industryField":"移动互联网","companySize":"500-2000人","imState":"today","lastLogin":1472551108000,"publisherId":361023,"explain":null,"plus":null,"pcShow":0,"appShow":0,"deliver":0,"gradeDescription":null,"businessZones":["上地","西二旗","马连洼","上地","西二旗","马连洼"],"companyFullName":"北京小桔科技有限公司","adWord":0},{"createTime":"2016-08-24 14:38:41","formatCreateTime":"2016-08-24","companyId":50702,"positionName":"高级 iOS 开发工程师","workYear":"1-3年","education":"本科","jobNature":"全职","companyShortName":"美团点评","city":"北京","salary":"15k-30k","financeStage":"成熟型(D轮及以上)","positionId":1498855,"companyLogo":"i/image/M00/4B/6C/CgqKkVefHv-AFoRzAAAuALF7ZZ0419.png","positionAdvantage":"期待您加入美团","approve":1,"district":"朝阳区","score":0,"companyLabelList":["技能培训","绩效奖金","岗位晋升","领导好"],"industryField":"移动互联网,O2O","companySize":"2000人以上","imState":"today","lastLogin":1472555046000,"publisherId":1311051,"explain":null,"plus":null,"pcShow":0,"appShow":0,"deliver":0,"gradeDescription":null,"businessZones":["望京","来广营"],"companyFullName":"北京三快在线科技有限公司","adWord":0},{"createTime":"2016-08-24 11:52:39","formatCreateTime":"2016-08-24","companyId":145449,"positionName":"iOS","workYear":"3-5年","education":"本科","jobNature":"全职","companyShortName":"旅咖","city":"北京","salary":"13k-26k","financeStage":"成长型(A轮)","positionId":2281513,"companyLogo":"i/image/M00/52/E2/Cgp3O1e9FBGAXmM8AADd-RiBUGs600.jpg","positionAdvantage":"高薪酬 快发展 绩效奖金 年终奖金","approve":1,"district":"海淀区","score":0,"companyLabelList":null,"industryField":"移动互联网,旅游","companySize":"15-50人","imState":"disabled","lastLogin":1472564301000,"publisherId":5979243,"explain":null,"plus":null,"pcShow":0,"appShow":0,"deliver":0,"gradeDescription":null,"businessZones":["苏州街","北京大学","颐和园"],"companyFullName":"旅咖（北京）科技有限公司","adWord":0},{"createTime":"2016-08-24 11:18:23","formatCreateTime":"2016-08-24","companyId":114110,"positionName":"高级 iOS 研发工程师","workYear":"1-3年","education":"本科","jobNature":"全职","companyShortName":"乐视","city":"北京","salary":"15k-25k","financeStage":"上市公司","positionId":558059,"companyLogo":"i/image/M00/04/2B/Cgp3O1bGwzWAEAB4AAAbnMQCudk783.jpg","positionAdvantage":"创业板市值第一 颠覆基因 生态系统","approve":1,"district":"朝阳区","score":0,"companyLabelList":["股票期权","交通补助","通讯津贴","带薪年假"],"industryField":"移动互联网","companySize":"2000人以上","imState":"today","lastLogin":1472553797000,"publisherId":719051,"explain":null,"plus":null,"pcShow":0,"appShow":0,"deliver":0,"gradeDescription":null,"businessZones":["朝阳公园","团结湖","甜水园"],"companyFullName":"乐视网信息技术（北京）股份有限公司","adWord":0},{"createTime":"2016-08-24 10:44:30","formatCreateTime":"2016-08-24","companyId":118560,"positionName":"IOS高级架构师（无线研发）","workYear":"10年以上","education":"大专","jobNature":"全职","companyShortName":"国美美信","city":"北京","salary":"25k-35k","financeStage":"成熟型(不需要融资)","positionId":2133208,"companyLogo":"i/image/M00/1B/15/Cgp3O1b7njKAftNAAAD8iO8nAcQ533.jpg","positionAdvantage":"弹性工作制,年底双薪,五险一金,团队背景牛","approve":1,"district":"朝阳区","score":0,"companyLabelList":null,"industryField":"社交网络,电子商务","companySize":"500-2000人","imState":"today","lastLogin":1472528711000,"publisherId":5723700,"explain":null,"plus":null,"pcShow":0,"appShow":0,"deliver":0,"gradeDescription":null,"businessZones":null,"companyFullName":"美信网络技术有限公司","adWord":0},{"createTime":"2016-08-24 10:37:25","formatCreateTime":"2016-08-24","companyId":9895,"positionName":"资深iOS工程师","workYear":"3-5年","education":"本科","jobNature":"全职","companyShortName":"动动","city":"北京","salary":"15k-20k","financeStage":"成长型(A轮)","positionId":2280561,"companyLogo":"image1/M00/0F/98/CgYXBlT9VTyAPrkpAABxT0Jk37g742.png","positionAdvantage":"牛人带成长快","approve":1,"district":null,"score":0,"companyLabelList":["节日礼物","股票期权","世界顶级团队","扁平管理"],"industryField":"移动互联网,医疗健康","companySize":"15-50人","imState":"today","lastLogin":1472555922000,"publisherId":115803,"explain":null,"plus":null,"pcShow":0,"appShow":0,"deliver":0,"gradeDescription":null,"businessZones":null,"companyFullName":"北京慢点生活科技有限公司","adWord":0},{"createTime":"2016-08-24 10:31:17","formatCreateTime":"2016-08-24","companyId":42975,"positionName":"iOS","workYear":"3-5年","education":"本科","jobNature":"全职","companyShortName":"小鱼在家","city":"北京","salary":"15k-25k","financeStage":"成长型(B轮)","positionId":1850341,"companyLogo":"image1/M00/40/26/CgYXBlXC1HWAUkfiAAA8xEpkqto288.jpg","positionAdvantage":"移动端研发小鱼儿科技最为关键的岗位之一","approve":1,"district":"朝阳区","score":0,"companyLabelList":["股票期权","岗位晋升","扁平管理","定期体检"],"industryField":"移动互联网","companySize":"50-150人","imState":"today","lastLogin":1472526050000,"publisherId":5065924,"explain":null,"plus":null,"pcShow":0,"appShow":0,"deliver":0,"gradeDescription":null,"businessZones":null,"companyFullName":"北京小鱼儿科技有限公司","adWord":0},{"createTime":"2016-08-24 10:25:46","formatCreateTime":"2016-08-24","companyId":26782,"positionName":"ios","workYear":"3-5年","education":"本科","jobNature":"全职","companyShortName":"探探","city":"北京","salary":"20k-40k","financeStage":"成熟型(C轮)","positionId":399433,"companyLogo":"image2/M00/28/40/CgqLKVallAaACYowAACgQYuOO3g479.PNG","positionAdvantage":"2016最黑马的社交应用、最值钱的股权激励","approve":1,"district":"朝阳区","score":0,"companyLabelList":["股票期权","带薪年假","岗位晋升","扁平管理"],"industryField":"移动互联网,文化娱乐","companySize":"150-500人","imState":"today","lastLogin":1472559090000,"publisherId":332798,"explain":null,"plus":null,"pcShow":0,"appShow":0,"deliver":0,"gradeDescription":null,"businessZones":["京广桥","朝外","东大桥"],"companyFullName":"探探科技（北京）有限公司","adWord":0},{"createTime":"2016-08-24 10:19:25","formatCreateTime":"2016-08-24","companyId":2494,"positionName":"iOS高级开发工程师","workYear":"3-5年","education":"本科","jobNature":"全职","companyShortName":"凤凰网","city":"北京","salary":"15k-25k","financeStage":"上市公司","positionId":2280291,"companyLogo":"i/image/M00/14/6F/CgqKkVbpRaaAYSDjAADU5jwogrc939.png","positionAdvantage":"福利多多，欢迎加入！","approve":1,"district":"朝阳区","score":0,"companyLabelList":["免费班车","八险一金","各色型男","过节大礼包"],"industryField":"移动互联网","companySize":"2000人以上","imState":"disabled","lastLogin":1472546829000,"publisherId":61300,"explain":null,"plus":null,"pcShow":0,"appShow":0,"deliver":0,"gradeDescription":null,"businessZones":["望京","大山子","酒仙桥"],"companyFullName":"凤凰飞扬（北京）新媒体信息技术有限公司","adWord":0},{"createTime":"2016-08-24 10:17:11","formatCreateTime":"2016-08-24","companyId":3954,"positionName":"iOS开发（要求英文）","workYear":"3-5年","education":"本科","jobNature":"全职","companyShortName":"杏树林","city":"北京","salary":"15k-30k","financeStage":"成熟型(C轮)","positionId":1134979,"companyLogo":"image1/M00/00/0A/Cgo8PFTUWBWAX1ArAAANIkxTsRU046.png","positionAdvantage":"六险一金，一日三餐，弹性工作制","approve":1,"district":"东城区","score":0,"companyLabelList":["A类人才","股票期权","带薪年假","年度旅游"],"industryField":"移动互联网,医疗健康","companySize":"150-500人","imState":"today","lastLogin":1472552438000,"publisherId":38272,"explain":null,"plus":null,"pcShow":0,"appShow":0,"deliver":0,"gradeDescription":null,"businessZones":["广渠门","花市","光明楼"],"companyFullName":"杏树林信息技术（北京）有限公司","adWord":0},{"createTime":"2016-08-24 10:13:58","formatCreateTime":"2016-08-24","companyId":1575,"positionName":"FSG质量部_客户端（Android/iOS）测试开发工程师","workYear":"3-5年","education":"本科","jobNature":"全职","companyShortName":"百度","city":"北京","salary":"18k-30k","financeStage":"上市公司","positionId":2234397,"companyLogo":"image1/M00/00/06/CgYXBlTUWAWAOBXrAABGHHFb0q8748.jpg","positionAdvantage":"发展空间大，团队氛围好","approve":1,"district":"海淀区","score":0,"companyLabelList":["股票期权","弹性工作","五险一金","免费班车"],"industryField":"移动互联网,数据服务","companySize":"2000人以上","imState":"disabled","lastLogin":1472460509000,"publisherId":2748132,"explain":null,"plus":null,"pcShow":0,"appShow":0,"deliver":0,"gradeDescription":null,"businessZones":["西北旺","马连洼","上地"],"companyFullName":"百度在线网络技术（北京）有限公司","adWord":0},{"createTime":"2016-08-24 09:56:21","formatCreateTime":"2016-08-24","companyId":32825,"positionName":"iOS","workYear":"3-5年","education":"本科","jobNature":"全职","companyShortName":"销售罗盘","city":"北京","salary":"15k-25k","financeStage":"初创型(天使轮)","positionId":1348485,"companyLogo":"image1/M00/00/4C/Cgo8PFTUXPaAIKe_AAB0i3GAcJI902.png","positionAdvantage":"五险一金 项目奖金 股票期权 各种补助","approve":1,"district":"海淀区","score":0,"companyLabelList":["绩效奖金","通讯津贴","五险一金","弹性工作"],"industryField":"移动互联网","companySize":"15-50人","imState":"disabled","lastLogin":1472433260000,"publisherId":2170320,"explain":null,"plus":null,"pcShow":0,"appShow":0,"deliver":0,"gradeDescription":null,"businessZones":["上地","马连洼","西二旗"],"companyFullName":"寒崖（上海）网络科技有限公司","adWord":0},{"createTime":"2016-08-24 09:54:53","formatCreateTime":"2016-08-24","companyId":106180,"positionName":"iOS工程师","workYear":"3-5年","education":"大专","jobNature":"全职","companyShortName":"销售罗盘","city":"北京","salary":"15k-25k","financeStage":"初创型(天使轮)","positionId":1810750,"companyLogo":"i/image/M00/01/54/CgqKkVZnvTyAMpqxAAAOOWwdCmo892.jpg","positionAdvantage":"五险一金 项目奖金 股票期权 各种补助","approve":0,"district":"海淀区","score":0,"companyLabelList":["年底双薪","股票期权","交通补助","带薪年假"],"industryField":"移动互联网","companySize":"15-50人","imState":"disabled","lastLogin":1472186363000,"publisherId":3145405,"explain":null,"plus":null,"pcShow":0,"appShow":0,"deliver":0,"gradeDescription":null,"businessZones":["上地","马连洼","西二旗"],"companyFullName":"寒崖（北京）网络科技有限公司","adWord":0},{"createTime":"2016-08-24 09:48:12","formatCreateTime":"2016-08-24","companyId":40459,"positionName":"iOS开发工程师","workYear":"3-5年","education":"本科","jobNature":"全职","companyShortName":"SenseTime","city":"北京","salary":"15k-30k","financeStage":"成长型(A轮)","positionId":2212527,"companyLogo":"image1/M00/09/16/CgYXBlTZ3NWAf2r4AABF8mR1rac247.jpg","positionAdvantage":"弹性工作 奖金丰厚 发展空间 丰盛三餐","approve":1,"district":"海淀区","score":0,"companyLabelList":["五险一金","弹性工作","丰盛三餐","发展空间大"],"industryField":"移动互联网","companySize":"500-2000人","imState":"today","lastLogin":1472551452000,"publisherId":742249,"explain":null,"plus":null,"pcShow":0,"appShow":0,"deliver":0,"gradeDescription":null,"businessZones":["五道口","清华大学","中关村"],"companyFullName":"北京市商汤科技开发有限公司","adWord":0},{"createTime":"2016-08-24 09:44:34","formatCreateTime":"2016-08-24","companyId":84483,"positionName":"iOS研发工程师","workYear":"3-5年","education":"硕士","jobNature":"全职","companyShortName":"趣互联","city":"北京","salary":"10k-16k","financeStage":"初创型(天使轮)","positionId":908437,"companyLogo":"i/image/M00/00/51/Cgp3O1ZAc5qANyFnAAAa6OYlV6g313.jpg","positionAdvantage":"你是技术控！你是伟大产品的一部分！","approve":1,"district":"海淀区","score":0,"companyLabelList":["年底双薪","股票期权","带薪年假","岗位晋升"],"industryField":"移动互联网,社交网络","companySize":"15-50人","imState":"disabled","lastLogin":1472003063000,"publisherId":2028428,"explain":null,"plus":null,"pcShow":0,"appShow":0,"deliver":0,"gradeDescription":null,"businessZones":["万泉河","苏州桥"],"companyFullName":"趣互联（北京）科技有限公司","adWord":0}]}},"code":0}