{"msg":null,"resubmitToken":null,"success":true,"requestId":null,"content":{"pageNo":13,"pageSize":15,"positionResult":{"totalCount":974,"resultSize":15,"locationInfo":{"city":"北京","district":null,"locationCode":null,"businessZone":null,"queryByGisCode":false},"queryAnalysisInfo":{"positionName":"ios","companyName":null,"usefulCompany":false,"industryName":null},"strategyProperty":{"name":"dm-csearch-newSimScorer","id":1},"result":[{"companyId":50476,"formatCreateTime":"12:17发布","score":0,"positionId":2304730,"positionName":"iOS","createTime":"2016-08-30 12:17:03","positionAdvantage":"精英文化，深涉金融，六险一金，员工持股","salary":"15k-30k","approve":1,"workYear":"5-10年","education":"本科","city":"北京","companyLogo":"image1/M00/00/84/Cgo8PFTUXeSAKU0pAAButaDUfeY414.jpg","jobNature":"全职","industryField":"移动互联网,金融","companyShortName":"盈泰财富云","financeStage":"成长型(A轮)","companySize":"50-150人","companyLabelList":["技能培训","岗位晋升","年终分红","股票期权"],"district":"东城区","businessZones":["和平里","雍和宫","安定门"],"imState":"today","lastLogin":1472530498000,"publisherId":987674,"explain":null,"plus":null,"pcShow":0,"appShow":0,"deliver":0,"gradeDescription":null,"companyFullName":"北京盈泰财富云电子商务有限公司","adWord":0},{"companyId":59251,"formatCreateTime":"1天前发布","score":0,"positionId":2079189,"positionName":"高级IOS开发工程师","createTime":"2016-08-29 14:05:24","positionAdvantage":"颠覆传统娱乐社交方式——映客直播","salary":"20k-30k","approve":1,"workYear":"3-5年","education":"本科","city":"北京","companyLogo":"i/image/M00/08/49/Cgp3O1bPycGAMj0hAAAgshBCvv4840.jpg","jobNature":"全职","industryField":"移动互联网,文化娱乐","companyShortName":"映客直播","financeStage":"成长型(B轮)","companySize":"500-2000人","companyLabelList":["年底双薪","专项奖金","股票期权","带薪年假"],"district":"朝阳区","businessZones":["望京","大山子","花家地"],"imState":"today","lastLogin":1472559160000,"publisherId":1467174,"explain":null,"plus":null,"pcShow":0,"appShow":0,"deliver":0,"gradeDescription":null,"companyFullName":"北京蜜莱坞网络科技有限公司","adWord":0},{"companyId":50702,"formatCreateTime":"1天前发布","score":0,"positionId":2299252,"positionName":"iOS开发工程师","createTime":"2016-08-29 13:59:34","positionAdvantage":"大公司平台","salary":"20k-40k","approve":1,"workYear":"3-5年","education":"本科","city":"北京","companyLogo":"i/image/M00/4B/6C/CgqKkVefHv-AFoRzAAAuALF7ZZ0419.png","jobNature":"全职","industryField":"移动互联网,O2O","companyShortName":"美团点评","financeStage":"成熟型(D轮及以上)","companySize":"2000人以上","companyLabelList":["技能培训","绩效奖金","岗位晋升","领导好"],"district":null,"businessZones":null,"imState":"today","lastLogin":1472552737000,"publisherId":5280630,"explain":null,"plus":null,"pcShow":0,"appShow":0,"deliver":0,"gradeDescription":null,"companyFullName":"北京三快在线科技有限公司","adWord":0},{"companyId":36162,"formatCreateTime":"1天前发布","score":0,"positionId":2020786,"positionName":"iOS架构","createTime":"2016-08-29 13:18:35","positionAdvantage":"技术氛围,期权,上升空间","salary":"20k-40k","approve":1,"workYear":"3-5年","education":"本科","city":"北京","companyLogo":"i/image/M00/29/C7/Cgp3O1cwXzWAPpvjAAAYnaMmScM575.png","jobNature":"全职","industryField":"移动互联网,教育","companyShortName":"作业盒子","financeStage":"成长型(A轮)","companySize":"50-150人","companyLabelList":["技能培训","年底双薪","节日礼物","年度旅游"],"district":"朝阳区","businessZones":["望京","大山子","花家地"],"imState":"today","lastLogin":1472543757000,"publisherId":5481616,"explain":null,"plus":null,"pcShow":0,"appShow":0,"deliver":0,"gradeDescription":null,"companyFullName":"北京知识印象科技有限公司","adWord":0},{"companyId":62,"formatCreateTime":"1天前发布","score":0,"positionId":2152119,"positionName":"iOS（资深）开发工程师／技术经理","createTime":"2016-08-29 12:36:25","positionAdvantage":"高薪期权，免费三餐，就近租房补贴等","salary":"40k-70k","approve":1,"workYear":"3-5年","education":"本科","city":"北京","companyLogo":"image1/M00/00/01/Cgo8PFTUV_OAH8cPAACZoNxm1EI176.jpg","jobNature":"全职","industryField":"移动互联网,数据服务","companyShortName":"今日头条","financeStage":"成熟型(C轮)","companySize":"2000人以上","companyLabelList":["扁平管理","弹性工作","大厨定制三餐","就近租房补贴"],"district":null,"businessZones":null,"imState":"today","lastLogin":1472565170000,"publisherId":38254,"explain":null,"plus":null,"pcShow":0,"appShow":0,"deliver":0,"gradeDescription":null,"companyFullName":"北京字节跳动科技有限公司","adWord":0},{"companyId":75444,"formatCreateTime":"1天前发布","score":0,"positionId":2208353,"positionName":"iOS高级研发工程师","createTime":"2016-08-29 11:34:53","positionAdvantage":"七险一金,一流技术团,项目好","salary":"15k-30k","approve":0,"workYear":"3-5年","education":"本科","city":"北京","companyLogo":"image1/M00/3F/70/Cgo8PFXAeySADjq7AABIwcyEFpg062.jpg?cc=0.4655468137934804","jobNature":"全职","industryField":"移动互联网","companyShortName":"听云","financeStage":"上市公司","companySize":"150-500人","companyLabelList":["年底双薪","股票期权","交通补助","带薪年假"],"district":"朝阳区","businessZones":["太阳宫","国展","三元桥"],"imState":"today","lastLogin":1472529107000,"publisherId":5869488,"explain":null,"plus":null,"pcShow":0,"appShow":0,"deliver":0,"gradeDescription":null,"companyFullName":"北京基调网络股份有限公司","adWord":0},{"companyId":99903,"formatCreateTime":"1天前发布","score":0,"positionId":1973068,"positionName":"高级iOS开发工程师","createTime":"2016-08-29 11:25:19","positionAdvantage":"地铁附近、待上市公司、Leader超NICE !","salary":"20k-30k","approve":1,"workYear":"3-5年","education":"本科","city":"北京","companyLogo":"i/image/M00/34/45/CgqKkVdVIBWAAuYAAAAWIJYaW-w022.jpg","jobNature":"全职","industryField":"移动互联网,教育","companyShortName":"环球优学教育集团","financeStage":"成长型(A轮)","companySize":"500-2000人","companyLabelList":["节日礼物","股票期权","带薪年假","绩效奖金"],"district":"海淀区","businessZones":["中关村","魏公村","皂君庙"],"imState":"today","lastLogin":1472573094000,"publisherId":5073885,"explain":null,"plus":null,"pcShow":0,"appShow":0,"deliver":0,"gradeDescription":null,"companyFullName":"环球优学（北京）教育咨询有限公司","adWord":0},{"companyId":50889,"formatCreateTime":"1天前发布","score":0,"positionId":1778364,"positionName":"高级研发工程师（IOS方向）","createTime":"2016-08-29 11:20:55","positionAdvantage":"上市公司，极客汇集，持续的股权激励政策！","salary":"20k-35k","approve":1,"workYear":"3-5年","education":"本科","city":"北京","companyLogo":"i/image/M00/03/44/Cgp3O1ax7JWAOSzUAABS3OF0A7w289.jpg","jobNature":"全职","industryField":"移动互联网,企业服务","companyShortName":"和创科技（红圈营销）","financeStage":"上市公司","companySize":"2000人以上","companyLabelList":["弹性工作","敏捷研发","股票期权","年底双薪"],"district":"西城区","businessZones":["新街口","德胜门","小西天"],"imState":"today","lastLogin":1472520356000,"publisherId":4973125,"explain":null,"plus":null,"pcShow":0,"appShow":0,"deliver":0,"gradeDescription":null,"companyFullName":"和创（北京）科技股份有限公司","adWord":0},{"companyId":52426,"formatCreateTime":"1天前发布","score":0,"positionId":2072214,"positionName":"iOS开发工程师","createTime":"2016-08-29 11:17:34","positionAdvantage":"十三薪 好多福利","salary":"20k-25k","approve":0,"workYear":"3-5年","education":"本科","city":"北京","companyLogo":"i/image/M00/02/F2/CgqKkVah1OqAWNESAAEiXvnwlT4469.jpg","jobNature":"全职","industryField":"移动互联网,O2O","companyShortName":"小饭桌","financeStage":"成长型(A轮)","companySize":"50-150人","companyLabelList":["年底双薪","带薪年假","五险一金","岗位晋升"],"district":"朝阳区","businessZones":["京广桥","呼家楼","团结湖"],"imState":"today","lastLogin":1472535355000,"publisherId":5579436,"explain":null,"plus":null,"pcShow":0,"appShow":0,"deliver":0,"gradeDescription":null,"companyFullName":"小饭桌","adWord":0},{"companyId":145544,"formatCreateTime":"1天前发布","score":0,"positionId":2298331,"positionName":"iOS","createTime":"2016-08-29 11:16:21","positionAdvantage":"弹性工作,大牛多,待遇好","salary":"15k-30k","approve":1,"workYear":"1-3年","education":"本科","city":"北京","companyLogo":"i/image/M00/53/55/Cgp3O1e-gfuAUim8AAApvbrjiMo726.jpg","jobNature":"全职","industryField":"移动互联网","companyShortName":"游尔机器人","financeStage":"初创型(天使轮)","companySize":"15-50人","companyLabelList":null,"district":"海淀区","businessZones":["中关村","北京大学","五道口"],"imState":"disabled","lastLogin":1472464918000,"publisherId":5983778,"explain":null,"plus":null,"pcShow":0,"appShow":0,"deliver":0,"gradeDescription":null,"companyFullName":"游尔（北京）机器人科技股份有限公司","adWord":0},{"companyId":3786,"formatCreateTime":"1天前发布","score":0,"positionId":2077272,"positionName":"iOS中/高级开发工程师","createTime":"2016-08-29 11:16:17","positionAdvantage":"公司平台大；晋升空间；专业培训；","salary":"12k-17k","approve":1,"workYear":"3-5年","education":"本科","city":"北京","companyLogo":"i/image/M00/01/C8/Cgp3O1Z3lASAVbZHAABCha8eqHY645.jpg","jobNature":"全职","industryField":"移动互联网,金融","companyShortName":"宜信","financeStage":"成熟型(不需要融资)","companySize":"2000人以上","companyLabelList":["管理规范","技能培训","扁平管理","弹性工作"],"district":"朝阳区","businessZones":["华贸","红庙","大望路"],"imState":"threeDays","lastLogin":1472466775000,"publisherId":4605518,"explain":null,"plus":null,"pcShow":0,"appShow":0,"deliver":0,"gradeDescription":null,"companyFullName":"普信恒业科技发展（北京）有限公司","adWord":0},{"companyId":22672,"formatCreateTime":"1天前发布","score":0,"positionId":2135345,"positionName":"资深iOS 工程师","createTime":"2016-08-29 10:58:33","positionAdvantage":"超 geek 氛围，丰厚期权","salary":"15k-30k","approve":1,"workYear":"3-5年","education":"本科","city":"北京","companyLogo":"i/image/M00/00/14/CgqKkVYnss2ALJhNAACHZcB_nyA614.png","jobNature":"全职","industryField":"移动互联网,文化娱乐","companyShortName":"在直播","financeStage":"成长型(A轮)","companySize":"15-50人","companyLabelList":["年底双薪","绩效奖金","股票期权","五险一金"],"district":null,"businessZones":null,"imState":"disabled","lastLogin":1456151014000,"publisherId":263590,"explain":null,"plus":null,"pcShow":0,"appShow":0,"deliver":0,"gradeDescription":null,"companyFullName":"快乐迭代（北京）网络科技有限公司","adWord":0},{"companyId":75313,"formatCreateTime":"1天前发布","score":0,"positionId":1870746,"positionName":"iOS高工/leader","createTime":"2016-08-29 10:58:08","positionAdvantage":"15薪 薪资open谈 办公环境舒适 不加班","salary":"28k-40k","approve":0,"workYear":"3-5年","education":"本科","city":"北京","companyLogo":"image1/M00/2C/B3/Cgo8PFV2VLmAXW9FAAACP-qErA4246.png?cc=0.08908154047094285","jobNature":"全职","industryField":"其他","companyShortName":"金利恒","financeStage":"初创型(未融资)","companySize":"500-2000人","companyLabelList":null,"district":null,"businessZones":null,"imState":"disabled","lastLogin":1472455165000,"publisherId":1857499,"explain":null,"plus":null,"pcShow":0,"appShow":0,"deliver":0,"gradeDescription":null,"companyFullName":"北京金利恒兴投资管理有限公司","adWord":0},{"companyId":12299,"formatCreateTime":"1天前发布","score":0,"positionId":853761,"positionName":"iOS高级工程师","createTime":"2016-08-29 10:50:47","positionAdvantage":"平台好，技术深入，提升空间大，发展机会多","salary":"15k-22k","approve":1,"workYear":"3-5年","education":"本科","city":"北京","companyLogo":"image1/M00/2C/B0/Cgo8PFV2UCiAHShwAAAK5HgrqsE541.jpg","jobNature":"全职","industryField":"硬件,数据服务","companyShortName":"H3C","financeStage":"成熟型(不需要融资)","companySize":"2000人以上","companyLabelList":["节日礼物","技能培训","绩效奖金","岗位晋升"],"district":"海淀区","businessZones":["上地","西二旗","马连洼"],"imState":"disabled","lastLogin":1472439032000,"publisherId":2060530,"explain":null,"plus":null,"pcShow":0,"appShow":0,"deliver":0,"gradeDescription":null,"companyFullName":"杭州华三通信技术有限公司","adWord":0},{"companyId":436,"formatCreateTime":"1天前发布","score":0,"positionId":1962011,"positionName":"iOS高级开发工程师","createTime":"2016-08-29 10:49:59","positionAdvantage":"靠谱团队，诱人薪酬，全面福利","salary":"20k-40k","approve":1,"workYear":"5-10年","education":"本科","city":"北京","companyLogo":"image1/M00/26/1E/Cgo8PFVUDROAf7zrAABr5cEcbGQ572.jpg","jobNature":"全职","industryField":"移动互联网,游戏","companyShortName":"360","financeStage":"上市公司","companySize":"50-150人","companyLabelList":null,"district":"朝阳区","businessZones":["酒仙桥","大山子","将台路"],"imState":"disabled","lastLogin":1472561193000,"publisherId":550256,"explain":null,"plus":null,"pcShow":0,"appShow":0,"deliver":0,"gradeDescription":null,"companyFullName":"奇虎360科技有限公司","adWord":0}]}},"code":0}