{"success":true,"requestId":null,"msg":null,"resubmitToken":null,"content":{"pageNo":1,"pageSize":15,"positionResult":{"resultSize":15,"totalCount":974,"locationInfo":{"city":"北京","district":null,"queryByGisCode":false,"locationCode":null,"businessZone":null},"queryAnalysisInfo":{"positionName":"ios","companyName":null,"usefulCompany":false,"industryName":null},"strategyProperty":{"name":"dm-csearch-newSimScorer","id":1},"result":[{"createTime":"2016-08-30 19:28:12","formatCreateTime":"19:28发布","companyId":129801,"positionName":"iOS高级研发工程师/Lead","workYear":"不限","education":"本科","jobNature":"全职","companyShortName":"言之有物科技","city":"北京","salary":"25k-50k","financeStage":"成长型(A轮)","positionId":1857486,"companyLogo":"i/image/M00/43/4E/CgqKkVeDGsuAXz0gAAA4XeGAAHQ390.png","positionAdvantage":"一线公司，技术驱动，免费三餐，超期望回报","approve":1,"district":null,"score":0,"companyLabelList":["股票期权","扁平管理","美女多","领导好"],"industryField":"移动互联网,电子商务","companySize":"15-50人","imState":"today","lastLogin":1472556472000,"publisherId":5092848,"explain":null,"plus":null,"pcShow":0,"appShow":0,"deliver":0,"gradeDescription":null,"businessZones":null,"companyFullName":"北京言之有物科技有限公司","adWord":0},{"createTime":"2016-08-30 19:09:34","formatCreateTime":"19:09发布","companyId":133,"positionName":"iOS","workYear":"1-3年","education":"本科","jobNature":"全职","companyShortName":"猎豹移动","city":"北京","salary":"15k-30k","financeStage":"上市公司","positionId":2151896,"companyLogo":"image1/M00/39/70/CgYXBlWo3nqABJTsAADJ3hn5gmE062.jpg","positionAdvantage":"明星产品 超赞年终奖 靠谱领导","approve":1,"district":"朝阳区","score":0,"companyLabelList":["带薪年假","美女前台","超赞年终奖","一公里工作圈"],"industryField":"移动互联网,信息安全","companySize":"500-2000人","imState":"today","lastLogin":1472555392000,"publisherId":129969,"explain":null,"plus":null,"pcShow":0,"appShow":0,"deliver":0,"gradeDescription":null,"businessZones":["姚家园","十里堡","高碑店"],"companyFullName":"北京金山网络科技有限公司","adWord":0},{"createTime":"2016-08-30 19:03:24","formatCreateTime":"19:03发布","companyId":107608,"positionName":"IOS程序员赴美项目推广员","workYear":"不限","education":"本科","jobNature":"全职","companyShortName":"MUM计算机","city":"北京","salary":"10k-20k","financeStage":"初创型(不需要融资)","positionId":1963945,"companyLogo":"i/image/M00/00/C2/CgqKkVZVHmSAWPtRAASUg0iUVuI932.jpg","positionAdvantage":"帮助程序员赴美做IT，享受高薪高品质生活","approve":0,"district":"昌平区","score":0,"companyLabelList":["赴美工作","美元薪水","告别996","技术前沿"],"industryField":"教育","companySize":"少于15人","imState":"disabled","lastLogin":1472558059000,"publisherId":5179699,"explain":null,"plus":null,"pcShow":0,"appShow":0,"deliver":0,"gradeDescription":null,"businessZones":null,"companyFullName":"北京玛赫西计算机教育咨询有限公司","adWord":0},{"createTime":"2016-08-30 18:47:30","formatCreateTime":"18:47发布","companyId":67576,"positionName":"iOS高级开发工程师","workYear":"3-5年","education":"本科","jobNature":"全职","companyShortName":"车满满","city":"北京","salary":"20k-25k","financeStage":"成长型(A轮)","positionId":2307877,"companyLogo":"i/image/M00/01/47/Cgp3O1ZmYACABBpPAAGzVR5S-Ps906.png","positionAdvantage":"期权","approve":1,"district":"朝阳区","score":0,"companyLabelList":["股票期权","技能培训","弹性工作","定期体检"],"industryField":"移动互联网","companySize":"50-150人","imState":"today","lastLogin":1472566873000,"publisherId":2116322,"explain":null,"plus":null,"pcShow":0,"appShow":0,"deliver":0,"gradeDescription":null,"businessZones":["建外大街","CBD","国贸"],"companyFullName":"车满满（北京）信息技术有限公司","adWord":0},{"createTime":"2016-08-30 18:30:05","formatCreateTime":"18:30发布","companyId":1575,"positionName":"iOS移动开发","workYear":"3-5年","education":"本科","jobNature":"全职","companyShortName":"百度","city":"北京","salary":"15k-25k","financeStage":"上市公司","positionId":2307765,"companyLogo":"image1/M00/00/06/CgYXBlTUWAWAOBXrAABGHHFb0q8748.jpg","positionAdvantage":"BAT 薪酬福利好","approve":1,"district":null,"score":0,"companyLabelList":["股票期权","弹性工作","五险一金","免费班车"],"industryField":"移动互联网,数据服务","companySize":"2000人以上","imState":"disabled","lastLogin":1472553001000,"publisherId":5705515,"explain":null,"plus":null,"pcShow":0,"appShow":0,"deliver":0,"gradeDescription":null,"businessZones":null,"companyFullName":"百度在线网络技术（北京）有限公司","adWord":0},{"createTime":"2016-08-30 18:26:28","formatCreateTime":"18:26发布","companyId":13321,"positionName":"iOS 视频处理工程师/高级工程师","workYear":"5-10年","education":"本科","jobNature":"全职","companyShortName":"FunPlus 趣加游戏","city":"北京","salary":"18k-36k","financeStage":"成长型(B轮)","positionId":2240276,"companyLogo":"image1/M00/00/1A/Cgo8PFTUWFWAKE5aAABwJ1mgAYw423.png","positionAdvantage":"国际一线团队，无限的成长空间，任你发挥","approve":0,"district":"海淀区","score":0,"companyLabelList":["绩效奖金","股票期权","专项奖金","五险一金"],"industryField":"游戏","companySize":"150-500人","imState":"today","lastLogin":1472552889000,"publisherId":285309,"explain":null,"plus":null,"pcShow":0,"appShow":0,"deliver":0,"gradeDescription":null,"businessZones":["中关村","知春路","双榆树"],"companyFullName":"北京趣加科技有限公司","adWord":0},{"createTime":"2016-08-30 18:22:12","formatCreateTime":"18:22发布","companyId":15111,"positionName":"iOS","workYear":"3-5年","education":"本科","jobNature":"全职","companyShortName":"联拓天际","city":"北京","salary":"15k-25k","financeStage":"成熟型(不需要融资)","positionId":2307696,"companyLogo":"image1/M00/00/1D/Cgo8PFTUWGGAZQdjAADRNZVO9fc470.jpg","positionAdvantage":"与其在别处仰望，不如在这里并肩","approve":1,"district":null,"score":0,"companyLabelList":["五险一金","午餐补助","定期体检","技能培训"],"industryField":"电子商务","companySize":"500-2000人","imState":"today","lastLogin":1472552392000,"publisherId":1595082,"explain":null,"plus":null,"pcShow":0,"appShow":0,"deliver":0,"gradeDescription":null,"businessZones":null,"companyFullName":"北京联拓天际电子商务有限公司","adWord":0},{"createTime":"2016-08-30 18:15:29","formatCreateTime":"18:15发布","companyId":119049,"positionName":"iOS","workYear":"1-3年","education":"本科","jobNature":"全职","companyShortName":"优久科技","city":"北京","salary":"10k-18k","financeStage":"初创型(天使轮)","positionId":1853231,"companyLogo":"i/image/M00/16/74/CgqKkVbvnVuAeC-YAAA_YSPyb5A166.jpg","positionAdvantage":"良好的工作环境、成长平台和工作伙伴","approve":0,"district":"海淀区","score":0,"companyLabelList":["交通补助","通讯津贴","午餐补助"],"industryField":"移动互联网","companySize":"少于15人","imState":"today","lastLogin":1472552013000,"publisherId":4427723,"explain":null,"plus":null,"pcShow":0,"appShow":0,"deliver":0,"gradeDescription":null,"businessZones":["中关村","知春路","人民大学"],"companyFullName":"北京优久科技有限责任公司","adWord":0},{"createTime":"2016-08-30 18:14:06","formatCreateTime":"18:14发布","companyId":41878,"positionName":"iOS开发","workYear":"1-3年","education":"本科","jobNature":"全职","companyShortName":"商询科技","city":"北京","salary":"10k-15k","financeStage":"成长型(A轮)","positionId":2278393,"companyLogo":"i/image/M00/24/22/Cgp3O1cZmpWAGslpAAA9MdgVNWU645.jpg","positionAdvantage":"微软创业团队，工程师文化！","approve":1,"district":"朝阳区","score":0,"companyLabelList":["股票期权","人脉资源","办公环境好","国际化团队"],"industryField":"企业服务,数据服务","companySize":"15-50人","imState":"today","lastLogin":1472554153000,"publisherId":803257,"explain":null,"plus":null,"pcShow":0,"appShow":0,"deliver":0,"gradeDescription":null,"businessZones":["姚家园"],"companyFullName":"北京商询科技有限公司","adWord":0},{"createTime":"2016-08-30 18:02:30","formatCreateTime":"18:02发布","companyId":5832,"positionName":"新浪微博iOS客户端研发工程师","workYear":"1-3年","education":"本科","jobNature":"全职","companyShortName":"新浪微博","city":"北京","salary":"20k-40k","financeStage":"上市公司","positionId":254885,"companyLogo":"image1/M00/00/0D/CgYXBlTUWCCAdkhOAABNgyvZQag818.jpg","positionAdvantage":"亿级别DAU，微博重点项目组","approve":0,"district":"海淀区","score":0,"companyLabelList":["年底双薪","专项奖金","股票期权","五险一金"],"industryField":"移动互联网","companySize":"2000人以上","imState":"disabled","lastLogin":1472556144000,"publisherId":561302,"explain":null,"plus":null,"pcShow":0,"appShow":0,"deliver":0,"gradeDescription":null,"businessZones":["西北旺","马连洼","上地"],"companyFullName":"微梦创科网络科技（中国）有限公司","adWord":0},{"createTime":"2016-08-30 18:00:40","formatCreateTime":"18:00发布","companyId":48321,"positionName":"iOS开发工程师","workYear":"3-5年","education":"本科","jobNature":"全职","companyShortName":"合广众","city":"北京","salary":"10k-20k","financeStage":"初创型(天使轮)","positionId":2263615,"companyLogo":"i/image/M00/01/D6/CgqKkVZ496GAYypzAAAKATKLXuY379.png","positionAdvantage":"老板nice","approve":0,"district":"海淀区","score":0,"companyLabelList":["节日礼物","带薪年假","绩效奖金","岗位晋升"],"industryField":"移动互联网","companySize":"50-150人","imState":"today","lastLogin":1472550077000,"publisherId":3608518,"explain":null,"plus":null,"pcShow":0,"appShow":0,"deliver":0,"gradeDescription":null,"businessZones":["八里庄","定慧寺","四季青"],"companyFullName":"北京合广众文化发展有限公司","adWord":0},{"createTime":"2016-08-30 17:52:25","formatCreateTime":"17:52发布","companyId":38239,"positionName":"iOS开发工程师","workYear":"5-10年","education":"本科","jobNature":"全职","companyShortName":"Keep","city":"北京","salary":"25k-35k","financeStage":"成熟型(C轮)","positionId":2076872,"companyLogo":"image1/M00/0A/40/CgYXBlTun9KASqKdAAAs36QVurU409.png","positionAdvantage":"福利健全、北京工作居住证、C轮","approve":1,"district":null,"score":0,"companyLabelList":["节日礼物","年度旅游","定期体检","五险一金"],"industryField":"社交网络,文化娱乐","companySize":"150-500人","imState":"today","lastLogin":1472550738000,"publisherId":3425178,"explain":null,"plus":null,"pcShow":0,"appShow":0,"deliver":0,"gradeDescription":null,"businessZones":null,"companyFullName":"北京卡路里科技有限公司","adWord":0},{"createTime":"2016-08-30 17:52:02","formatCreateTime":"17:52发布","companyId":179,"positionName":"高级iOS开发工程师","workYear":"1-3年","education":"本科","jobNature":"全职","companyShortName":"她理财","city":"北京","salary":"15k-25k","financeStage":"成长型(A轮)","positionId":982402,"companyLogo":"image1/M00/0C/F2/CgYXBlT2mG2AOPevAAB_09mD2Ko247.png","positionAdvantage":"五险一金 绩效奖金 年底15薪 带薪年假","approve":1,"district":"朝阳区","score":0,"companyLabelList":["年底双薪","节日礼物","技能培训","绩效奖金"],"industryField":"电子商务,金融","companySize":"50-150人","imState":"today","lastLogin":1472557005000,"publisherId":97147,"explain":null,"plus":null,"pcShow":0,"appShow":0,"deliver":0,"gradeDescription":null,"businessZones":["大望路","华贸","百子湾"],"companyFullName":"北京新工场投资顾问有限公司","adWord":0},{"createTime":"2016-08-30 17:33:13","formatCreateTime":"17:33发布","companyId":11053,"positionName":"iOS实习生","workYear":"应届毕业生","education":"本科","jobNature":"实习","companyShortName":"中科三方","city":"北京","salary":"2k-4k","financeStage":"成长型(不需要融资)","positionId":2307276,"companyLogo":"image1/M00/00/16/CgYXBlTUWEWAXnWbAACvz96W4qA927.jpg","positionAdvantage":"留用机会,户口指标","approve":0,"district":"海淀区","score":0,"companyLabelList":null,"industryField":"移动互联网","companySize":"150-500人","imState":"today","lastLogin":1472549621000,"publisherId":141237,"explain":null,"plus":null,"pcShow":0,"appShow":0,"deliver":0,"gradeDescription":null,"businessZones":["中关村","知春路","双榆树"],"companyFullName":"北京中科三方网络技术有限公司","adWord":0},{"createTime":"2016-08-30 17:28:11","formatCreateTime":"17:28发布","companyId":116183,"positionName":"android&amp;iOS测试工程师","workYear":"1-3年","education":"不限","jobNature":"全职","companyShortName":"情非得已","city":"北京","salary":"8k-15k","financeStage":"初创型(天使轮)","positionId":1786957,"companyLogo":"i/image/M00/1C/58/CgqKkVcB1QyAJM2-AAA4t6tVzs8439.jpg","positionAdvantage":"五险一金、无限小吃、Mac办公、定期体检","approve":0,"district":"朝阳区","score":0,"companyLabelList":["定期体检","年度旅游","领导好","扁平管理"],"industryField":"移动互联网,企业服务","companySize":"15-50人","imState":"today","lastLogin":1472553855000,"publisherId":4170237,"explain":null,"plus":null,"pcShow":0,"appShow":0,"deliver":0,"gradeDescription":null,"businessZones":["建外大街","国贸","CBD"],"companyFullName":"情非得已（北京）科技有限公司","adWord":0}]}},"code":0}