{"resubmitToken":null,"success":true,"requestId":null,"msg":null,"content":{"pageNo":44,"pageSize":15,"positionResult":{"totalCount":974,"resultSize":15,"locationInfo":{"city":"北京","district":null,"businessZone":null,"queryByGisCode":false,"locationCode":null},"queryAnalysisInfo":{"positionName":"ios","companyName":null,"industryName":null,"usefulCompany":false},"strategyProperty":{"name":"dm-csearch-newSimScorer","id":1},"result":[{"companyId":119144,"positionName":"iOS架构师","workYear":"5-10年","education":"本科","jobNature":"全职","createTime":"2016-08-16 17:52:35","companyShortName":"荐才投资","positionId":2049634,"salary":"25k-35k","approve":0,"city":"北京","positionAdvantage":"美女多多，平台仅次于bat。","companyLogo":"i/image/M00/12/B0/Cgp3O1bmLtGAQguWAAI0_pkC2d0082.png","industryField":"移动互联网,金融","companyLabelList":null,"financeStage":"初创型(天使轮)","district":"东城区","score":0,"companySize":"150-500人","companyFullName":"荐才（北京）投资管理有限公司","adWord":0,"formatCreateTime":"2016-08-16","imState":"sevenDays","lastLogin":1472180451000,"publisherId":5363129,"explain":null,"plus":null,"pcShow":0,"appShow":0,"deliver":0,"gradeDescription":null,"businessZones":null},{"companyId":22326,"positionName":"iOS","workYear":"3-5年","education":"大专","jobNature":"全职","createTime":"2016-08-15 15:58:51","companyShortName":"齐聚科技（原呱呱视频）","positionId":2199988,"salary":"10k-20k","approve":1,"city":"北京","positionAdvantage":"五险一金 弹性工作制 领导nice","companyLogo":"i/image/M00/4E/3D/Cgp3O1eqkSOAFqtWAAAaLvZwWQE418.jpg","industryField":"移动互联网,游戏","companyLabelList":["绩效奖金","五险一金","节日礼物","定期体检"],"financeStage":"成长型(B轮)","district":"海淀区","score":0,"companySize":"150-500人","companyFullName":"金华长风信息技术有限公司北京分公司","adWord":0,"formatCreateTime":"2016-08-15","imState":"disabled","lastLogin":1472551770000,"publisherId":1311246,"explain":null,"plus":null,"pcShow":0,"appShow":0,"deliver":0,"gradeDescription":null,"businessZones":["万泉河","苏州桥","苏州街"]},{"companyId":956,"positionName":"Android\\IOS开发工程师","workYear":"3-5年","education":"本科","jobNature":"全职","createTime":"2016-08-15 15:52:59","companyShortName":"金山云","positionId":2239189,"salary":"12k-24k","approve":1,"city":"北京","positionAdvantage":"绩效奖金 带薪年假 年度旅游 节日礼物","companyLogo":"image1/M00/00/04/Cgo8PFTUWACAWautAAAh6gMfsB0502.jpg","industryField":"移动互联网,数据服务","companyLabelList":["技能培训","节日礼物","瑜伽房","免费班车"],"financeStage":"成熟型(C轮)","district":"海淀区","score":0,"companySize":"500-2000人","companyFullName":"北京金山云网络技术有限公司","adWord":0,"formatCreateTime":"2016-08-15","imState":"today","lastLogin":1472535450000,"publisherId":5894751,"explain":null,"plus":null,"pcShow":0,"appShow":0,"deliver":0,"gradeDescription":null,"businessZones":["上地","清河","小营"]},{"companyId":6492,"positionName":"iOS资深研发工程师","workYear":"3-5年","education":"本科","jobNature":"全职","createTime":"2016-08-15 15:30:59","companyShortName":"我在找你","positionId":319976,"salary":"15k-25k","approve":1,"city":"北京","positionAdvantage":"法定假期 五险一金 尊重技术 靠近地铁","companyLogo":"i/image/M00/02/E9/CgqKkVaglV6Aa0pLAAAY72Z0r1E154.png","industryField":"移动互联网,社交网络","companyLabelList":["绩效奖金","专项奖金","五险一金","通讯津贴"],"financeStage":"成长型(不需要融资)","district":"海淀区","score":0,"companySize":"150-500人","companyFullName":"北京我在找你信息服务有限公司","adWord":0,"formatCreateTime":"2016-08-15","imState":"overSevenDays","lastLogin":1471591322000,"publisherId":67166,"explain":null,"plus":null,"pcShow":0,"appShow":0,"deliver":0,"gradeDescription":null,"businessZones":["中关村","双榆树","人民大学"]},{"companyId":21634,"positionName":"IOS开发工程师","workYear":"3-5年","education":"本科","jobNature":"全职","createTime":"2016-08-15 10:46:35","companyShortName":"高伟达软件股份有限公司","positionId":2203590,"salary":"8k-15k","approve":1,"city":"北京","positionAdvantage":"六险一金、体检、餐补、海外旅游、股票等","companyLogo":"i/image/M00/23/A7/CgqKkVcYQGyAD6Z9AAAUNbrNanQ319.jpg","industryField":"移动互联网","companyLabelList":["互联网金融","绩效奖金","定期体检","五险一金"],"financeStage":"上市公司","district":"朝阳区","score":0,"companySize":"2000人以上","companyFullName":"高伟达软件股份有限公司","adWord":0,"formatCreateTime":"2016-08-15","imState":"sevenDays","lastLogin":1472109902000,"publisherId":2301458,"explain":null,"plus":null,"pcShow":0,"appShow":0,"deliver":0,"gradeDescription":null,"businessZones":["三元桥","麦子店","亮马桥"]},{"companyId":135258,"positionName":"资深iOS","workYear":"3-5年","education":"本科","jobNature":"全职","createTime":"2016-08-15 10:32:56","companyShortName":"河狸家","positionId":2021694,"salary":"17k-28k","approve":0,"city":"北京","positionAdvantage":"O2O C轮 扁平管理 学习&amp;分享 大咖","companyLogo":"i/image/M00/39/C3/Cgp3O1dntLKAKb3dAADLS_P-K8U683.jpg","industryField":"移动互联网,O2O","companyLabelList":["高配福利","干货沙龙","弹性时间","BAT￥"],"financeStage":"成熟型(C轮)","district":null,"score":0,"companySize":"150-500人","companyFullName":"北京梦想城堡信息技术有限公司","adWord":0,"formatCreateTime":"2016-08-15","imState":"today","lastLogin":1472550301000,"publisherId":4134361,"explain":null,"plus":null,"pcShow":0,"appShow":0,"deliver":0,"gradeDescription":null,"businessZones":null},{"companyId":82344,"positionName":"IOS高级研发工程师","workYear":"5-10年","education":"本科","jobNature":"全职","createTime":"2016-08-15 10:25:23","companyShortName":"抱财网","positionId":2236360,"salary":"25k-35k","approve":1,"city":"北京","positionAdvantage":"潜力公司，薪资福利完善","companyLogo":"image2/M00/09/5A/CgpzWlYI4J-ABf6bAAASenngV8s630.jpg","industryField":"移动互联网","companyLabelList":["节日礼物","专项奖金","绩效奖金","年度旅游"],"financeStage":"成长型(B轮)","district":"海淀区","score":0,"companySize":"50-150人","companyFullName":"北京抱财金融信息服务有限公司","adWord":0,"formatCreateTime":"2016-08-15","imState":"today","lastLogin":1472539397000,"publisherId":4660342,"explain":null,"plus":null,"pcShow":0,"appShow":0,"deliver":0,"gradeDescription":null,"businessZones":["苏州街","万泉河","中关村"]},{"companyId":26051,"positionName":"iOS开发工程师","workYear":"3-5年","education":"本科","jobNature":"全职","createTime":"2016-08-15 09:56:13","companyShortName":"出国翻译官","positionId":164681,"salary":"10k-20k","approve":1,"city":"北京","positionAdvantage":"浓郁的学习氛围、自由的发挥空间、五险一金","companyLogo":"image1/M00/00/36/Cgo8PFTUXJyAbb-cAACF0iSqqNk750.jpg","industryField":"移动互联网,旅游","companyLabelList":null,"financeStage":"初创型(天使轮)","district":"朝阳区","score":0,"companySize":"15-50人","companyFullName":"北京七彩拇指科技有限公司","adWord":0,"formatCreateTime":"2016-08-15","imState":"disabled","lastLogin":1471403361000,"publisherId":317232,"explain":null,"plus":null,"pcShow":0,"appShow":0,"deliver":0,"gradeDescription":null,"businessZones":["建外大街","CBD","国贸"]},{"companyId":2474,"positionName":"iOS高级开发","workYear":"3-5年","education":"本科","jobNature":"全职","createTime":"2016-08-15 09:46:31","companyShortName":"滴滴出行","positionId":636524,"salary":"20k-30k","approve":0,"city":"北京","positionAdvantage":"团队给力 福利待遇好 新业务发展空间大大大","companyLogo":"i/image/M00/00/20/Cgp3O1YtmkSAZjX1AAA78knErXc273.jpg","industryField":"移动互联网","companyLabelList":["弹性工作","节日礼物","岗位晋升","技能培训"],"financeStage":"成熟型(D轮及以上)","district":"海淀区","score":0,"companySize":"500-2000人","companyFullName":"北京小桔科技有限公司","adWord":0,"formatCreateTime":"2016-08-15","imState":"today","lastLogin":1472552883000,"publisherId":1430417,"explain":null,"plus":null,"pcShow":0,"appShow":0,"deliver":0,"gradeDescription":null,"businessZones":["上地","西二旗","马连洼"]},{"companyId":23039,"positionName":"iOS开发工程师","workYear":"3-5年","education":"本科","jobNature":"全职","createTime":"2016-08-15 09:46:23","companyShortName":"好大夫在线","positionId":1812363,"salary":"25k-30k","approve":1,"city":"北京","positionAdvantage":"五险一金免费体检健身医疗团建培训","companyLogo":"i/image/M00/35/56/Cgp3O1dZ_HSAFgZSAABAdGGJdA4469.png","industryField":"医疗健康","companyLabelList":["五险一金","带薪年假","绩效奖金","专项奖金"],"financeStage":"成熟型(D轮及以上)","district":"朝阳区","score":0,"companySize":"500-2000人","companyFullName":"互动峰科技(北京)有限公司","adWord":0,"formatCreateTime":"2016-08-15","imState":"today","lastLogin":1472530466000,"publisherId":4953263,"explain":null,"plus":null,"pcShow":0,"appShow":0,"deliver":0,"gradeDescription":null,"businessZones":["高碑店","四惠","十里堡"]},{"companyId":534,"positionName":"IOS高级开发工程师","workYear":"3-5年","education":"本科","jobNature":"全职","createTime":"2016-08-15 09:13:30","companyShortName":"京东金融","positionId":1962266,"salary":"15k-30k","approve":1,"city":"北京","positionAdvantage":"福利待遇好 发展前景好","companyLogo":"i/image/M00/27/AB/CgqKkVcoggeATC36AABg5cLaGcs502.PNG","industryField":"金融","companyLabelList":["供应链金融","消费金融","众筹业务","支付业务"],"financeStage":"上市公司","district":"大兴区","score":0,"companySize":"2000人以上","companyFullName":"京东金融","adWord":0,"formatCreateTime":"2016-08-15","imState":"disabled","lastLogin":1472558274000,"publisherId":2474368,"explain":null,"plus":null,"pcShow":0,"appShow":0,"deliver":0,"gradeDescription":null,"businessZones":null},{"companyId":141447,"positionName":"iOS开发工程师","workYear":"1-3年","education":"本科","jobNature":"全职","createTime":"2016-08-13 14:09:29","companyShortName":"采贝科技","positionId":2234228,"salary":"15k-25k","approve":0,"city":"北京","positionAdvantage":"期权 发展前景好 公司环境好 老板nice","companyLogo":"i/image/M00/4F/32/Cgp3O1eu1GiARCmHAAAR7XxTObA226.jpg","industryField":"移动互联网,金融","companyLabelList":["股票期权","带薪年假","领导好","扁平管理"],"financeStage":"初创型(天使轮)","district":"朝阳区","score":0,"companySize":"15-50人","companyFullName":"北京采贝科技有限公司","adWord":0,"formatCreateTime":"2016-08-13","imState":"today","lastLogin":1472553151000,"publisherId":4734875,"explain":null,"plus":null,"pcShow":0,"appShow":0,"deliver":0,"gradeDescription":null,"businessZones":["望京","大山子","花家地"]},{"companyId":16549,"positionName":"高级iOS开发工程师","workYear":"3-5年","education":"本科","jobNature":"全职","createTime":"2016-08-12 18:12:04","companyShortName":"空空狐","positionId":1874994,"salary":"18k-30k","approve":1,"city":"北京","positionAdvantage":"12+3薪 弹性工作 管理扁平化","companyLogo":"i/image/M00/05/7A/CgqKkVbK2-eAFYerAABDGMt3xpQ029.jpg","industryField":"移动互联网","companyLabelList":["带薪年假","年度旅游","五险一金","定期体检"],"financeStage":"成长型(B轮)","district":null,"score":0,"companySize":"50-150人","companyFullName":"北京一丢丢科技有限公司","adWord":0,"formatCreateTime":"2016-08-12","imState":"sevenDays","lastLogin":1472120637000,"publisherId":188907,"explain":null,"plus":null,"pcShow":0,"appShow":0,"deliver":0,"gradeDescription":null,"businessZones":null},{"companyId":16779,"positionName":"iOS","workYear":"3-5年","education":"本科","jobNature":"全职","createTime":"2016-08-12 17:27:18","companyShortName":"中信网科","positionId":1266448,"salary":"9k-18k","approve":1,"city":"北京","positionAdvantage":"平台好 全额公积金 带薪年假","companyLogo":"image1/M00/00/1F/Cgo8PFTUWGuABbguAACMonD2tdU868.png","industryField":"金融","companyLabelList":["技能培训","带薪年假","扁平管理","领导好"],"financeStage":"成熟型(不需要融资)","district":"东城区","score":0,"companySize":"500-2000人","companyFullName":"中信网络科技股份有限公司","adWord":0,"formatCreateTime":"2016-08-12","imState":"disabled","lastLogin":1471396426000,"publisherId":2824351,"explain":null,"plus":null,"pcShow":0,"appShow":0,"deliver":0,"gradeDescription":null,"businessZones":["朝阳门","朝外","东直门"]},{"companyId":329,"positionName":"Android/iOS开发工程师","workYear":"1-3年","education":"本科","jobNature":"全职","createTime":"2016-08-12 16:48:11","companyShortName":"网易","positionId":2175750,"salary":"18k-35k","approve":1,"city":"北京","positionAdvantage":"晋升空间，团队活跃，业务成熟，年薪16月+","companyLogo":"image1/M00/1C/DB/Cgo8PFUnbyyAOmwZAABKPABIzv8461.png","industryField":"数据服务,文化娱乐","companyLabelList":["节日礼物","技能培训","免费班车","带薪年假"],"financeStage":"上市公司","district":"海淀区","score":0,"companySize":"2000人以上","companyFullName":"网之易信息技术（北京）有限公司","adWord":0,"formatCreateTime":"2016-08-12","imState":"threeDays","lastLogin":1472435728000,"publisherId":385317,"explain":null,"plus":null,"pcShow":0,"appShow":0,"deliver":0,"gradeDescription":null,"businessZones":["西北旺","马连洼","上地"]}]}},"code":0}