{"success":true,"requestId":null,"msg":null,"resubmitToken":null,"content":{"pageNo":26,"pageSize":15,"positionResult":{"totalCount":974,"resultSize":15,"locationInfo":{"queryByGisCode":false,"businessZone":null,"locationCode":null,"city":"北京","district":null},"queryAnalysisInfo":{"industryName":null,"usefulCompany":false,"positionName":"ios","companyName":null},"strategyProperty":{"name":"dm-csearch-newSimScorer","id":1},"result":[{"companyId":2474,"positionName":"Android/iOS工程师-移动安全","workYear":"1-3年","education":"本科","jobNature":"全职","financeStage":"成熟型(D轮及以上)","companyLogo":"i/image/M00/00/20/Cgp3O1YtmkSAZjX1AAA78knErXc273.jpg","industryField":"移动互联网","companyShortName":"滴滴出行","city":"北京","salary":"20k-30k","positionId":2130376,"positionAdvantage":"福利待遇好","district":null,"createTime":"2016-08-25 12:49:03","companyLabelList":["弹性工作","节日礼物","岗位晋升","技能培训"],"approve":0,"companySize":"500-2000人","score":0,"companyFullName":"北京小桔科技有限公司","adWord":0,"formatCreateTime":"2016-08-25","publisherId":1837136,"explain":null,"plus":null,"pcShow":0,"appShow":0,"deliver":0,"gradeDescription":null,"businessZones":null,"imState":"today","lastLogin":1472556596000},{"companyId":50702,"positionName":"iOS(高级)工程师","workYear":"1-3年","education":"不限","jobNature":"全职","financeStage":"成熟型(D轮及以上)","companyLogo":"i/image/M00/4B/6C/CgqKkVefHv-AFoRzAAAuALF7ZZ0419.png","industryField":"移动互联网,O2O","companyShortName":"美团点评","city":"北京","salary":"20k-30k","positionId":2286968,"positionAdvantage":"发展空间大，薪资高，团队nice。","district":"朝阳区","createTime":"2016-08-25 11:30:10","companyLabelList":["技能培训","绩效奖金","岗位晋升","领导好"],"approve":1,"companySize":"2000人以上","score":0,"companyFullName":"北京三快在线科技有限公司","adWord":0,"formatCreateTime":"2016-08-25","publisherId":4699364,"explain":null,"plus":null,"pcShow":0,"appShow":0,"deliver":0,"gradeDescription":null,"businessZones":null,"imState":"today","lastLogin":1472553536000},{"companyId":144414,"positionName":"iOS高级工程师","workYear":"5-10年","education":"不限","jobNature":"全职","financeStage":"上市公司","companyLogo":"i/image/M00/50/73/CgqKkVe0AbyACjeoAAAWV-YtmhE071.jpg","industryField":"移动互联网","companyShortName":"腾讯","city":"北京","salary":"20k-40k","positionId":2250691,"positionAdvantage":"行业竞争薪酬，业界最好福利，完整发展培训","district":"海淀区","createTime":"2016-08-25 09:23:22","companyLabelList":["节日礼物","技能培训","年终分红","专项奖金"],"approve":0,"companySize":"2000人以上","score":0,"companyFullName":"安徽省青阳炫锋实业有限公司","adWord":0,"formatCreateTime":"2016-08-25","publisherId":5931431,"explain":null,"plus":null,"pcShow":0,"appShow":0,"deliver":0,"gradeDescription":null,"businessZones":["苏州街","北京大学","颐和园"],"imState":"disabled","lastLogin":1472451794000},{"companyId":26426,"positionName":"iOS","workYear":"3-5年","education":"本科","jobNature":"全职","financeStage":"初创型(未融资)","companyLogo":"image1/M00/1B/14/CgYXBlUeki2AeqgNAABk7KylXjM858.jpg","industryField":"信息安全","companyShortName":"BJCA","city":"北京","salary":"15k-25k","positionId":2079657,"positionAdvantage":"七险一金、年底双薪、团建经费、员工体检","district":"海淀区","createTime":"2016-08-25 09:12:01","companyLabelList":["绩效奖金","年底双薪","五险一金","通讯津贴"],"approve":1,"companySize":"500-2000人","score":0,"companyFullName":"北京数字认证股份有限公司","adWord":0,"formatCreateTime":"2016-08-25","publisherId":5579767,"explain":null,"plus":null,"pcShow":0,"appShow":0,"deliver":0,"gradeDescription":null,"businessZones":["颐和园","苏州街","万泉河"],"imState":"today","lastLogin":1472518655000},{"companyId":3328,"positionName":"ios开发工程师","workYear":"3-5年","education":"不限","jobNature":"全职","financeStage":"上市公司","companyLogo":"image1/M00/00/09/Cgo8PFTUWBGALraJAAAeTBKK4IU791.png","industryField":"移动互联网,教育","companyShortName":"好未来","city":"北京","salary":"15k-25k","positionId":1496400,"positionAdvantage":"上市公司、六险一金、良好氛围、优秀团队","district":"海淀区","createTime":"2016-08-25 09:11:21","companyLabelList":["上市公司","领军企业","五险一金","住福计划"],"approve":1,"companySize":"2000人以上","score":0,"companyFullName":"北京世纪好未来教育科技有限公司","adWord":0,"formatCreateTime":"2016-08-25","publisherId":256247,"explain":null,"plus":null,"pcShow":0,"appShow":0,"deliver":0,"gradeDescription":null,"businessZones":["四季青","世纪城","远大路"],"imState":"today","lastLogin":1472550224000},{"companyId":132463,"positionName":"iOS高级工程师","workYear":"5-10年","education":"不限","jobNature":"全职","financeStage":"上市公司","companyLogo":"i/image/M00/34/AD/CgqKkVdWXc6Aaax_AACpFpe95T8196.jpg","industryField":"移动互联网","companyShortName":"阿里高德移动事业群-高德","city":"北京","salary":"25k-50k","positionId":2241382,"positionAdvantage":"发展空间大，福利待遇佳","district":"朝阳区","createTime":"2016-08-25 09:00:48","companyLabelList":null,"approve":0,"companySize":"2000人以上","score":0,"companyFullName":"阿里巴巴（中国）网络技术有限公司","adWord":0,"formatCreateTime":"2016-08-25","publisherId":5200941,"explain":null,"plus":null,"pcShow":0,"appShow":0,"deliver":0,"gradeDescription":null,"businessZones":["望京","花家地","大山子"],"imState":"today","lastLogin":1472528948000},{"companyId":114110,"positionName":"iOS技术经理/架构师","workYear":"5-10年","education":"本科","jobNature":"全职","financeStage":"上市公司","companyLogo":"i/image/M00/04/2B/Cgp3O1bGwzWAEAB4AAAbnMQCudk783.jpg","industryField":"移动互联网","companyShortName":"乐视","city":"北京","salary":"30k-50k","positionId":1689947,"positionAdvantage":"有竞争力的薪资待遇,期权,绩效及项目奖金","district":"朝阳区","createTime":"2016-08-25 00:20:20","companyLabelList":["股票期权","交通补助","通讯津贴","带薪年假"],"approve":1,"companySize":"2000人以上","score":0,"companyFullName":"乐视网信息技术（北京）股份有限公司","adWord":0,"formatCreateTime":"2016-08-25","publisherId":2647104,"explain":null,"plus":null,"pcShow":0,"appShow":0,"deliver":0,"gradeDescription":null,"businessZones":["大山子","酒仙桥"],"imState":"today","lastLogin":1472573842000},{"companyId":18139,"positionName":"iOS(高级)开发工程师","workYear":"3-5年","education":"本科","jobNature":"全职","financeStage":"上市公司","companyLogo":"image1/M00/00/22/Cgo8PFTUWHSAE2QEAABEkCIe8D4591.jpg","industryField":"电子商务","companyShortName":"京东","city":"北京","salary":"15k-30k","positionId":1746510,"positionAdvantage":"六险一金","district":"大兴区","createTime":"2016-08-24 20:12:52","companyLabelList":["绩效奖金","五险一金","带薪年假","免费班车"],"approve":0,"companySize":"2000人以上","score":0,"companyFullName":"京东集团","adWord":0,"formatCreateTime":"2016-08-24","publisherId":4888134,"explain":null,"plus":null,"pcShow":0,"appShow":0,"deliver":0,"gradeDescription":null,"businessZones":["亦庄"],"imState":"today","lastLogin":1472525979000},{"companyId":145061,"positionName":"iOS","workYear":"3-5年","education":"本科","jobNature":"全职","financeStage":"初创型(天使轮)","companyLogo":"i/image/M00/51/FA/CgqKkVe6e4OAEnpzAADijebjDLE542.png","industryField":"移动互联网,社交网络","companyShortName":"ChaCha","city":"北京","salary":"12k-20k","positionId":2284812,"positionAdvantage":"扁平化的管理，可观的薪资，无限的发展空间","district":"海淀区","createTime":"2016-08-24 18:55:36","companyLabelList":null,"approve":0,"companySize":"少于15人","score":0,"companyFullName":"北京拉克沙网络科技有限公司","adWord":0,"formatCreateTime":"2016-08-24","publisherId":5962649,"explain":null,"plus":null,"pcShow":0,"appShow":0,"deliver":0,"gradeDescription":null,"businessZones":["中关村","北京大学","五道口"],"imState":"disabled","lastLogin":1472546931000},{"companyId":40603,"positionName":"iOS","workYear":"3-5年","education":"大专","jobNature":"全职","financeStage":"初创型(未融资)","companyLogo":"image1/M00/00/64/CgYXBlTUXVyAY6_RAACwx5kZ3oE242.png","industryField":"电子商务","companyShortName":"翼聚源软件","city":"北京","salary":"10k-18k","positionId":1327667,"positionAdvantage":"五险一金，加班补助，交通补助，节假日福利","district":"海淀区","createTime":"2016-08-24 17:48:01","companyLabelList":["五险一金"],"approve":0,"companySize":"50-150人","score":0,"companyFullName":"北京翼聚源软件科技有限公司","adWord":0,"formatCreateTime":"2016-08-24","publisherId":2083983,"explain":null,"plus":null,"pcShow":0,"appShow":0,"deliver":0,"gradeDescription":null,"businessZones":["西二旗","龙泽","回龙观"],"imState":"disabled","lastLogin":1472200328000},{"companyId":47460,"positionName":"iOS","workYear":"3-5年","education":"本科","jobNature":"全职","financeStage":"成长型(A轮)","companyLogo":"image1/M00/16/D6/Cgo8PFUPwXOAYLjsAABDYPbiAvM617.png","industryField":"移动互联网,游戏","companyShortName":"福至久久","city":"北京","salary":"15k-25k","positionId":440234,"positionAdvantage":"从0到1，独挡一面的机会 + 股权激励","district":"海淀区","createTime":"2016-08-24 17:41:04","companyLabelList":["独挡一面机会","股票期权","扁平管理","管理规范"],"approve":1,"companySize":"15-50人","score":0,"companyFullName":"北京福至久久软件科技股份有限公司","adWord":0,"formatCreateTime":"2016-08-24","publisherId":917730,"explain":null,"plus":null,"pcShow":0,"appShow":0,"deliver":0,"gradeDescription":null,"businessZones":["上地","西二旗","马连洼"],"imState":"today","lastLogin":1472568014000},{"companyId":125554,"positionName":"iOS架构师/资深工程师","workYear":"3-5年","education":"本科","jobNature":"全职","financeStage":"成长型(A轮)","companyLogo":"i/image/M00/22/A4/CgqKkVcVn1qAdThNAAAzJ0WSdmw457.jpg","industryField":"移动互联网,教育","companyShortName":"北京快校科技有限公司","city":"北京","salary":"20k-35k","positionId":1737225,"positionAdvantage":"公司有前景 工作充满挑战 和牛人在一起","district":"海淀区","createTime":"2016-08-24 17:34:52","companyLabelList":null,"approve":0,"companySize":"15-50人","score":0,"companyFullName":"北京快校科技有限公司","adWord":0,"formatCreateTime":"2016-08-24","publisherId":4857413,"explain":null,"plus":null,"pcShow":0,"appShow":0,"deliver":0,"gradeDescription":null,"businessZones":["五道口","学院路","北航"],"imState":"today","lastLogin":1472555188000},{"companyId":25021,"positionName":"iOS研发工程师","workYear":"1-3年","education":"本科","jobNature":"全职","financeStage":"上市公司","companyLogo":"image1/M00/2A/10/Cgo8PFVpRQWAIyMQAABwOlPdDJ4570.png","industryField":"移动互联网,社交网络","companyShortName":"新浪微博","city":"北京","salary":"20k-40k","positionId":2235099,"positionAdvantage":"大平台，发展空间大","district":"昌平区","createTime":"2016-08-24 17:00:09","companyLabelList":["技能培训","股票期权","带薪年假","绩效奖金"],"approve":0,"companySize":"2000人以上","score":0,"companyFullName":"新浪微博","adWord":0,"formatCreateTime":"2016-08-24","publisherId":4421901,"explain":null,"plus":null,"pcShow":0,"appShow":0,"deliver":0,"gradeDescription":null,"businessZones":["西北旺","马连洼","上地"],"imState":"disabled","lastLogin":1472549723000},{"companyId":133132,"positionName":"IOS高级工程师/技术专家---T5/T6","workYear":"5-10年","education":"本科","jobNature":"全职","financeStage":"初创型(未融资)","companyLogo":"i/image/M00/33/A0/Cgp3O1dSUnaADfetAAAGHNJeghU098.jpg","industryField":"移动互联网,社交网络","companyShortName":"同人在线","city":"北京","salary":"35k-45k","positionId":2283576,"positionAdvantage":"团队牛人很多","district":"海淀区","createTime":"2016-08-24 16:31:03","companyLabelList":null,"approve":0,"companySize":"15-50人","score":0,"companyFullName":"北京同人在线网络科技有限公司","adWord":0,"formatCreateTime":"2016-08-24","publisherId":5965870,"explain":null,"plus":null,"pcShow":0,"appShow":0,"deliver":0,"gradeDescription":null,"businessZones":["西三旗","清河","小营"],"imState":"disabled","lastLogin":1472551386000},{"companyId":24779,"positionName":"iOS高级开发工程师","workYear":"3-5年","education":"本科","jobNature":"全职","financeStage":"初创型(未融资)","companyLogo":"image1/M00/00/32/Cgo8PFTUXI2AQf-lAABWysSAJZo864.png","industryField":"移动互联网","companyShortName":"百合网","city":"北京","salary":"12k-20k","positionId":139711,"positionAdvantage":"百合网，工作找对象两不误！","district":"朝阳区","createTime":"2016-08-24 16:22:41","companyLabelList":["节日礼物","技能培训","绩效奖金","年度旅游"],"approve":1,"companySize":"500-2000人","score":0,"companyFullName":"北京百合在线科技有限公司","adWord":0,"formatCreateTime":"2016-08-24","publisherId":295317,"explain":null,"plus":null,"pcShow":0,"appShow":0,"deliver":0,"gradeDescription":null,"businessZones":["望京","大山子","花家地"],"imState":"disabled","lastLogin":1472435777000}]}},"code":0}