{"success":true,"requestId":null,"msg":null,"resubmitToken":null,"content":{"pageNo":58,"pageSize":15,"positionResult":{"totalCount":974,"resultSize":15,"locationInfo":{"queryByGisCode":false,"businessZone":null,"locationCode":null,"city":"北京","district":null},"queryAnalysisInfo":{"industryName":null,"usefulCompany":false,"positionName":"ios","companyName":null},"strategyProperty":{"name":"dm-csearch-newSimScorer","id":1},"result":[{"companyId":119153,"positionName":"iOS高级开发工程师","workYear":"3-5年","education":"本科","jobNature":"全职","financeStage":"上市公司","companyLogo":"i/image/M00/12/D3/Cgp3O1bmVr-AOGHYAABsWK_3bSI050.JPG","industryField":"移动互联网,教育","companyShortName":"51Talk 无忧英语","city":"北京","salary":"20k-30k","positionId":291404,"positionAdvantage":"C轮融资成功，你加入的最佳时机！","district":"海淀区","createTime":"2016-07-25 10:23:13","companyLabelList":["交通补助","带薪年假","股票期权"],"approve":0,"companySize":"2000人以上","score":0,"companyFullName":"北京大生在线科技有限公司","adWord":0,"formatCreateTime":"2016-07-25","publisherId":602053,"explain":null,"plus":null,"pcShow":0,"appShow":0,"deliver":0,"gradeDescription":null,"businessZones":["上地","西二旗","马连洼"],"imState":"today","lastLogin":1472575142000},{"companyId":32590,"positionName":"iOS开发","workYear":"1-3年","education":"大专","jobNature":"全职","financeStage":"成长型(不需要融资)","companyLogo":"image1/M00/00/4B/Cgo8PFTUXPOAYWSAAABp0cLe-X8504.jpg","industryField":"金融","companyShortName":"融宝支付","city":"北京","salary":"10k-15k","positionId":1550952,"positionAdvantage":"入职即全额五险一金","district":"东城区","createTime":"2016-07-21 12:01:03","companyLabelList":["年底双薪","节日礼物","技能培训","绩效奖金"],"approve":1,"companySize":"150-500人","score":0,"companyFullName":"天津融宝支付网络有限公司","adWord":0,"formatCreateTime":"2016-07-21","publisherId":2890436,"explain":null,"plus":null,"pcShow":0,"appShow":0,"deliver":0,"gradeDescription":null,"businessZones":["东直门","海运仓","东四"],"imState":"disabled","lastLogin":1472459287000},{"companyId":119105,"positionName":"iOS","workYear":"3-5年","education":"不限","jobNature":"全职","financeStage":"初创型(天使轮)","companyLogo":"i/image/M00/12/4D/CgqKkVblHYqAUt3gAAAIVe_SyGc992.jpg","industryField":"移动互联网,O2O","companyShortName":"奇研科技","city":"北京","salary":"15k-30k","positionId":2126295,"positionAdvantage":"五险一金，绩效奖金，年终奖","district":"朝阳区","createTime":"2016-07-21 08:42:58","companyLabelList":null,"approve":0,"companySize":"15-50人","score":0,"companyFullName":"北京奇研科技有限公司","adWord":0,"formatCreateTime":"2016-07-21","publisherId":4494104,"explain":null,"plus":null,"pcShow":0,"appShow":0,"deliver":0,"gradeDescription":null,"businessZones":["望京","花家地","大山子"],"imState":"overSevenDays","lastLogin":1470210839000},{"companyId":119147,"positionName":"iOS","workYear":"1-3年","education":"不限","jobNature":"全职","financeStage":"初创型(未融资)","companyLogo":"i/image/M00/12/BE/CgqKkVbmPk6AWcO2AAArNoXbvjw841.jpg","industryField":"教育","companyShortName":"泊学","city":"北京","salary":"9k-15k","positionId":1583397,"positionAdvantage":"在家上班，从搬砖到技术编辑的华丽转身","district":"海淀区","createTime":"2016-07-20 17:57:50","companyLabelList":null,"approve":0,"companySize":"少于15人","score":0,"companyFullName":"北京泊学博阅科技有限公司","adWord":0,"formatCreateTime":"2016-07-20","publisherId":4503692,"explain":null,"plus":null,"pcShow":0,"appShow":0,"deliver":0,"gradeDescription":null,"businessZones":["白石桥","魏公村","万寿寺"],"imState":"disabled","lastLogin":1472055925000},{"companyId":85628,"positionName":"交互设计师_iOS端","workYear":"1-3年","education":"本科","jobNature":"全职","financeStage":"初创型(天使轮)","companyLogo":"i/image/M00/47/52/Cgp3O1ePH-GAa--XAAFu_JqRP4s759.png","industryField":"移动互联网,社交网络","companyShortName":"奇点浏览器","city":"北京","salary":"8k-12k","positionId":2124964,"positionAdvantage":"领导NICE|俯览UNIQLO","district":"朝阳区","createTime":"2016-07-20 17:18:16","companyLabelList":["股票期权","扁平管理","帅哥多","领导好"],"approve":1,"companySize":"少于15人","score":0,"companyFullName":"北京种瓜得瓜科技有限公司","adWord":0,"formatCreateTime":"2016-07-20","publisherId":2193190,"explain":null,"plus":null,"pcShow":0,"appShow":0,"deliver":0,"gradeDescription":null,"businessZones":["三里屯","工体","团结湖"],"imState":"threeDays","lastLogin":1472450821000},{"companyId":718,"positionName":"IOS","workYear":"3-5年","education":"本科","jobNature":"全职","financeStage":"上市公司","companyLogo":"image1/M00/10/F6/Cgo8PFT_8gyAHE_VAACEHkeY0jo769.jpg","industryField":"移动互联网","companyShortName":"腾讯","city":"北京","salary":"20k-25k","positionId":2124815,"positionAdvantage":"腾讯","district":null,"createTime":"2016-07-20 17:06:02","companyLabelList":["节日礼物","技能培训","免费娱乐设施","岗位晋升"],"approve":1,"companySize":"2000人以上","score":0,"companyFullName":"腾讯科技(北京)有限公司","adWord":0,"formatCreateTime":"2016-07-20","publisherId":5627197,"explain":null,"plus":null,"pcShow":0,"appShow":0,"deliver":0,"gradeDescription":null,"businessZones":null,"imState":"disabled","lastLogin":1472022404000},{"companyId":29824,"positionName":"iOS开发工程师","workYear":"3-5年","education":"大专","jobNature":"全职","financeStage":"成长型(A轮)","companyLogo":"image1/M00/00/42/CgYXBlTUXM-AHcW8AAAjkT6BuCc711.png","industryField":"金融","companyShortName":"众安保险","city":"北京","salary":"15k-25k","positionId":955906,"positionAdvantage":"告别屌丝郊区&amp;弹性自由&amp;待遇优厚前途无量","district":"西城区","createTime":"2016-07-20 15:59:31","companyLabelList":["平台大","发展前景好","帅哥多","通讯津贴"],"approve":1,"companySize":"150-500人","score":0,"companyFullName":"众安在线财产保险股份有限公司","adWord":0,"formatCreateTime":"2016-07-20","publisherId":2230879,"explain":null,"plus":null,"pcShow":0,"appShow":0,"deliver":0,"gradeDescription":null,"businessZones":["金融街","南礼士路","月坛"],"imState":"threeDays","lastLogin":1472464599000},{"companyId":139392,"positionName":"高级IOS开发工程师兼IOS主管","workYear":"1-3年","education":"本科","jobNature":"全职","financeStage":"初创型(天使轮)","companyLogo":"i/image/M00/4E/B2/CgqKkVesI5qAZOADAAAJ_EAAKHs620.png","industryField":"移动互联网,教育","companyShortName":"偶像学院","city":"北京","salary":"15k-25k","positionId":2123845,"positionAdvantage":"1.入职配Macbook Pro","district":"朝阳区","createTime":"2016-07-20 15:38:30","companyLabelList":["带薪年假","股票期权","绩效奖金","弹性工作"],"approve":1,"companySize":"15-50人","score":0,"companyFullName":"北京寰亚美国际文化传播有限公司","adWord":0,"formatCreateTime":"2016-07-20","publisherId":5670134,"explain":null,"plus":null,"pcShow":0,"appShow":0,"deliver":0,"gradeDescription":null,"businessZones":["大望路","华贸","百子湾"],"imState":"overSevenDays","lastLogin":1471424112000},{"companyId":436,"positionName":"iOS高级研发工程师","workYear":"3-5年","education":"本科","jobNature":"全职","financeStage":"上市公司","companyLogo":"image1/M00/26/1E/Cgo8PFVUDROAf7zrAABr5cEcbGQ572.jpg","industryField":"移动互联网,游戏","companyShortName":"360","city":"北京","salary":"15k-30k","positionId":2123565,"positionAdvantage":"五险一金，带薪休假，免费三餐","district":"朝阳区","createTime":"2016-07-20 15:12:19","companyLabelList":null,"approve":1,"companySize":"50-150人","score":0,"companyFullName":"奇虎360科技有限公司","adWord":0,"formatCreateTime":"2016-07-20","publisherId":5430141,"explain":null,"plus":null,"pcShow":0,"appShow":0,"deliver":0,"gradeDescription":null,"businessZones":["酒仙桥","将台路","大山子"],"imState":"overSevenDays","lastLogin":1470409309000},{"companyId":137159,"positionName":"iOS leader","workYear":"5-10年","education":"本科","jobNature":"全职","financeStage":"成长型(A轮)","companyLogo":"i/image/M00/40/12/Cgp3O1d59VyAdEmoAAAbPqFu8zo816.png","industryField":"移动互联网,其他","companyShortName":"承影互联（北京）科技有限公司","city":"北京","salary":"30k-50k","positionId":2120803,"positionAdvantage":"高薪聘请ios leader","district":null,"createTime":"2016-07-20 10:11:16","companyLabelList":null,"approve":0,"companySize":"500-2000人","score":0,"companyFullName":"北京创业酵母管理咨询有限公司","adWord":0,"formatCreateTime":"2016-07-20","publisherId":5544359,"explain":null,"plus":null,"pcShow":0,"appShow":0,"deliver":0,"gradeDescription":null,"businessZones":null,"imState":"disabled","lastLogin":1470193649000},{"companyId":5946,"positionName":"iOS高级开发工程师（带团队）","workYear":"5-10年","education":"本科","jobNature":"全职","financeStage":"成熟型(C轮)","companyLogo":"i/image/M00/1D/42/CgqKkVcEfVKAahS6AABDLCfK3K4304.JPG","industryField":"移动互联网,游戏","companyShortName":"赤子城","city":"北京","salary":"20k-30k","positionId":1886865,"positionAdvantage":"旅游、美食、牛逼团队、有爱伙伴","district":null,"createTime":"2016-07-19 15:57:59","companyLabelList":["股票期权","学习氛围好","扁平管理","交通方便"],"approve":1,"companySize":"150-500人","score":0,"companyFullName":"赤子城网络技术（北京）有限公司","adWord":0,"formatCreateTime":"2016-07-19","publisherId":687045,"explain":null,"plus":null,"pcShow":0,"appShow":0,"deliver":0,"gradeDescription":null,"businessZones":null,"imState":"disabled","lastLogin":1471947159000},{"companyId":137001,"positionName":"iOS","workYear":"3-5年","education":"本科","jobNature":"全职","financeStage":"初创型(未融资)","companyLogo":"i/image/M00/3F/20/CgqKkVd2OLOAC93RAACbNgX1F7k927.jpg","industryField":"移动互联网,电子商务","companyShortName":"洋草全球购","city":"北京","salary":"13k-20k","positionId":2117078,"positionAdvantage":"五险一金，交通便利，法定节假日","district":"丰台区","createTime":"2016-07-19 14:39:15","companyLabelList":null,"approve":1,"companySize":"15-50人","score":0,"companyFullName":"北京洋草网络科技有限公司","adWord":0,"formatCreateTime":"2016-07-19","publisherId":5298488,"explain":null,"plus":null,"pcShow":0,"appShow":0,"deliver":0,"gradeDescription":null,"businessZones":["刘家窑","东铁匠营","方庄"],"imState":"disabled","lastLogin":1472438231000},{"companyId":67941,"positionName":"iOS开发工程师","workYear":"1-3年","education":"本科","jobNature":"全职","financeStage":"上市公司","companyLogo":"image1/M00/24/0D/CgYXBlVKyAuAThIiAACMhcC1Lt8532.jpg","industryField":"移动互联网","companyShortName":"百度糯米","city":"北京","salary":"15k-30k","positionId":2076927,"positionAdvantage":"职业发展；福利待遇","district":"海淀区","createTime":"2016-07-19 10:21:54","companyLabelList":["技能培训","绩效奖金","岗位晋升","五险一金"],"approve":0,"companySize":"2000人以上","score":0,"companyFullName":"北京百度糯米信息技术有限公司","adWord":0,"formatCreateTime":"2016-07-19","publisherId":4870286,"explain":null,"plus":null,"pcShow":0,"appShow":0,"deliver":0,"gradeDescription":null,"businessZones":["西北旺","马连洼","上地"],"imState":"disabled","lastLogin":1472551032000},{"companyId":381,"positionName":"iOS开发工程师","workYear":"应届毕业生","education":"本科","jobNature":"实习","financeStage":"成熟型(C轮)","companyLogo":"image1/M00/00/03/Cgo8PFTUV_mAInGTAACKXnkybp0557.png","industryField":"移动互联网","companyShortName":"豆瓣网","city":"北京","salary":"2k-4k","positionId":2111935,"positionAdvantage":"技术培训","district":"朝阳区","createTime":"2016-07-18 16:42:44","companyLabelList":["年底双薪","节日礼物","股票期权","带薪年假"],"approve":1,"companySize":"150-500人","score":0,"companyFullName":"北京豆网科技有限公司","adWord":0,"formatCreateTime":"2016-07-18","publisherId":97692,"explain":null,"plus":null,"pcShow":0,"appShow":0,"deliver":0,"gradeDescription":null,"businessZones":["将台路","酒仙桥","大山子"],"imState":"today","lastLogin":1472537667000},{"companyId":37099,"positionName":"高级iOS","workYear":"1-3年","education":"本科","jobNature":"全职","financeStage":"上市公司","companyLogo":"i/image/M00/03/3B/Cgp3O1awdYKAaopbAABFI3RQsu4671.png","industryField":"移动互联网","companyShortName":"百度","city":"北京","salary":"10k-20k","positionId":2065178,"positionAdvantage":"百度大厦工作；免费健身房","district":"海淀区","createTime":"2016-07-18 13:31:05","companyLabelList":["弹性工作","五险一金","节日礼物","带薪年假"],"approve":0,"companySize":"2000人以上","score":0,"companyFullName":"百度时代网络技术(北京)有限公司","adWord":0,"formatCreateTime":"2016-07-18","publisherId":2077888,"explain":null,"plus":null,"pcShow":0,"appShow":0,"deliver":0,"gradeDescription":null,"businessZones":["西二旗","龙泽","回龙观"],"imState":"disabled","lastLogin":1468922909000}]}},"code":0}