{"msg":null,"success":true,"requestId":null,"resubmitToken":null,"content":{"pageNo":51,"pageSize":15,"positionResult":{"queryAnalysisInfo":{"industryName":null,"usefulCompany":false,"positionName":"ios","companyName":null},"strategyProperty":{"name":"dm-csearch-newSimScorer","id":1},"totalCount":974,"resultSize":15,"locationInfo":{"businessZone":null,"locationCode":null,"queryByGisCode":false,"city":"北京","district":null},"result":[{"companyId":112375,"explain":null,"plus":null,"pcShow":0,"appShow":0,"deliver":0,"gradeDescription":null,"businessZones":["上地","马连洼","西二旗"],"imState":"today","lastLogin":1472555317000,"publisherId":4640765,"positionName":"iOS高级研发工程师","workYear":"3-5年","education":"本科","jobNature":"全职","positionId":1815269,"createTime":"2016-08-08 14:30:21","city":"北京","companyLogo":"i/image/M00/48/FE/CgqKkVeV4amAFNCVAABnd-6Bs1c098.png","industryField":"移动互联网","positionAdvantage":"高速发展 高薪高股 牛人聚集 地铁周边","salary":"20k-40k","companySize":"15-50人","approve":0,"financeStage":"成长型(A轮)","companyLabelList":["带薪年假","交通补助","五险一金","住宿补贴"],"district":"海淀区","companyShortName":"伴鱼口语","score":0,"formatCreateTime":"2016-08-08","companyFullName":"北京读我科技有限公司","adWord":0},{"companyId":9261,"explain":null,"plus":null,"pcShow":0,"appShow":0,"deliver":0,"gradeDescription":null,"businessZones":["西北旺","马连洼","上地"],"imState":"disabled","lastLogin":1470919952000,"publisherId":1912782,"positionName":"前端（android ios）测试开发工程师","workYear":"3-5年","education":"本科","jobNature":"全职","positionId":2192554,"createTime":"2016-08-04 12:16:38","city":"北京","companyLogo":"image1/M00/3D/D2/CgYXBlW5q4qASA_KAAAMXmcC_Zk290.jpg?cc=0.2853215398595885","industryField":"移动互联网","positionAdvantage":"水果 高薪","salary":"10k-20k","companySize":"2000人以上","approve":0,"financeStage":"上市公司","companyLabelList":["年假","技能培训","节日礼物","岗位晋升"],"district":"海淀区","companyShortName":"百度","score":0,"formatCreateTime":"2016-08-04","companyFullName":"百度（中国）有限公司","adWord":0},{"companyId":104314,"explain":null,"plus":null,"pcShow":0,"appShow":0,"deliver":0,"gradeDescription":null,"businessZones":["万泉河","苏州桥","苏州街"],"imState":"disabled","lastLogin":1470291905000,"publisherId":3055123,"positionName":"苹果合规专员","workYear":"不限","education":"本科","jobNature":"全职","positionId":2192404,"createTime":"2016-08-04 11:53:29","city":"北京","companyLogo":"image2/M00/12/80/CgpzWlY4MUmAN24qAAAUbmlhng010.jpeg?cc=0.7736131476704031","industryField":"其他","positionAdvantage":"发展空间大 团队氛围好","salary":"4k-6k","companySize":"150-500人","approve":0,"financeStage":"成长型(不需要融资)","companyLabelList":["带薪年假","扁平管理","美女多","领导好"],"district":"海淀区","companyShortName":"iSpace","score":0,"formatCreateTime":"2016-08-04","companyFullName":"北京百维博锐贸易有限公司","adWord":0},{"companyId":451,"explain":null,"plus":null,"pcShow":0,"appShow":0,"deliver":0,"gradeDescription":null,"businessZones":["知春路","中关村","双榆树"],"imState":"today","lastLogin":1472526975000,"publisherId":5790113,"positionName":"OMG231-iOS新闻客户端开发工程师（北京）","workYear":"3-5年","education":"本科","jobNature":"全职","positionId":2191428,"createTime":"2016-08-04 10:38:00","city":"北京","companyLogo":"image1/M00/00/03/CgYXBlTUV_qALGv0AABEuOJDipU378.jpg","industryField":"移动互联网 ,游戏","positionAdvantage":"鹅厂福利","salary":"10k-18k","companySize":"2000人以上","approve":1,"financeStage":"上市公司","companyLabelList":["免费班车","成长空间","年度旅游","岗位晋升"],"district":"海淀区","companyShortName":"腾讯","score":0,"formatCreateTime":"2016-08-04","companyFullName":"腾讯科技(深圳)有限公司","adWord":0},{"companyId":35020,"explain":null,"plus":null,"pcShow":0,"appShow":0,"deliver":0,"gradeDescription":null,"businessZones":["安贞","小关","安华"],"imState":"today","lastLogin":1472564339000,"publisherId":4594602,"positionName":"iOS","workYear":"3-5年","education":"本科","jobNature":"全职","positionId":2191227,"createTime":"2016-08-04 10:27:10","city":"北京","companyLogo":"i/image/M00/17/48/Cgp3O1bxOhSAWDlTAAAGvgavTyI282.png","industryField":"文化娱乐","positionAdvantage":"五险一金, 补充医疗 ,带薪年假","salary":"15k-20k","companySize":"50-150人","approve":1,"financeStage":"成长型(不需要融资)","companyLabelList":["技能培训","带薪年假","绩效奖金","岗位晋升"],"district":"朝阳区","companyShortName":"北京凯新","score":0,"formatCreateTime":"2016-08-04","companyFullName":"北京凯新创达科技发展有限公司","adWord":0},{"companyId":128051,"explain":null,"plus":null,"pcShow":0,"appShow":0,"deliver":0,"gradeDescription":null,"businessZones":null,"imState":"today","lastLogin":1472546413000,"publisherId":4958127,"positionName":"Unity iOS","workYear":"3-5年","education":"本科","jobNature":"全职","positionId":2109581,"createTime":"2016-08-04 09:58:02","city":"北京","companyLogo":"i/image/M00/28/89/Cgp3O1crIwaAHUhvAAKCWneZOoE700.png","industryField":"游戏","positionAdvantage":"良好团队氛围，巨大发展前景","salary":"10k-20k","companySize":"15-50人","approve":0,"financeStage":"初创型(天使轮)","companyLabelList":null,"district":null,"companyShortName":"北欧巨魔","score":0,"formatCreateTime":"2016-08-04","companyFullName":"北欧巨魔（北京）科技有限公司","adWord":0},{"companyId":100041,"explain":null,"plus":null,"pcShow":0,"appShow":0,"deliver":0,"gradeDescription":null,"businessZones":["CBD","双井","国贸"],"imState":"overSevenDays","lastLogin":1471484095000,"publisherId":4023772,"positionName":"iOS","workYear":"1-3年","education":"本科","jobNature":"全职","positionId":2190008,"createTime":"2016-08-03 23:53:11","city":"北京","companyLogo":"image2/M00/0C/32/CgqLKVYbekSADUmEAAA_yIPdYgU234.png?cc=0.45529188914224505","industryField":"其他","positionAdvantage":"发展空间大,福利待遇好","salary":"8k-15k","companySize":"15-50人","approve":0,"financeStage":"初创型(未融资)","companyLabelList":["节日礼物","带薪年假","周末双休","岗位晋升"],"district":"朝阳区","companyShortName":"中海石油","score":0,"formatCreateTime":"2016-08-03","companyFullName":"中海友利石油销售有限公司","adWord":0},{"companyId":1914,"explain":null,"plus":null,"pcShow":0,"appShow":0,"deliver":0,"gradeDescription":null,"businessZones":["中关村","北京大学","苏州街"],"imState":"threeDays","lastLogin":1472476992000,"publisherId":705102,"positionName":"iOS高级开发工程师","workYear":"不限","education":"本科","jobNature":"全职","positionId":511736,"createTime":"2016-08-03 18:58:06","city":"北京","companyLogo":"i/image/M00/01/39/Cgp3O1Zk9luAeL0jAAAO0FvOuQE553.png","industryField":"数据服务,文化娱乐","positionAdvantage":"iOS高级开发工程师","salary":"15k-30k","companySize":"2000人以上","approve":1,"financeStage":"上市公司","companyLabelList":["带薪年假","岗位晋升","五险一金","弹性工作"],"district":"海淀区","companyShortName":"优酷土豆","score":0,"formatCreateTime":"2016-08-03","companyFullName":"合一网络技术（北京）有限公司","adWord":0},{"companyId":329,"explain":null,"plus":null,"pcShow":0,"appShow":0,"deliver":0,"gradeDescription":null,"businessZones":["西北旺"],"imState":"disabled","lastLogin":1472458051000,"publisherId":5385696,"positionName":"iOS高级开发工程师","workYear":"1-3年","education":"硕士","jobNature":"全职","positionId":2189309,"createTime":"2016-08-03 18:39:29","city":"北京","companyLogo":"image1/M00/1C/DB/Cgo8PFUnbyyAOmwZAABKPABIzv8461.png","industryField":"数据服务,文化娱乐","positionAdvantage":"年底双薪、年度体检、年度旅行、免费班车等","salary":"12k-24k","companySize":"2000人以上","approve":1,"financeStage":"上市公司","companyLabelList":["节日礼物","技能培训","免费班车","带薪年假"],"district":"海淀区","companyShortName":"网易","score":0,"formatCreateTime":"2016-08-03","companyFullName":"网之易信息技术（北京）有限公司","adWord":0},{"companyId":57691,"explain":null,"plus":null,"pcShow":0,"appShow":0,"deliver":0,"gradeDescription":null,"businessZones":["八里庄","定慧寺","四季青"],"imState":"sevenDays","lastLogin":1472109222000,"publisherId":1457382,"positionName":"iOS","workYear":"1-3年","education":"本科","jobNature":"全职","positionId":1356392,"createTime":"2016-08-03 17:44:48","city":"北京","companyLogo":"image1/M00/13/F9/CgYXBlUHnaiAWt6tAACOWgwlrfg438.jpg","industryField":"电子商务,文化娱乐","positionAdvantage":"颠覆一个行业，不再是个口号","salary":"10k-20k","companySize":"15-50人","approve":1,"financeStage":"成长型(A轮)","companyLabelList":["绩效奖金","年终分红","奖金上不封顶","充分发展空间"],"district":"海淀区","companyShortName":"荣宝斋在线","score":0,"formatCreateTime":"2016-08-03","companyFullName":"北京荣宝电子出版有限公司","adWord":0},{"companyId":37099,"explain":null,"plus":null,"pcShow":0,"appShow":0,"deliver":0,"gradeDescription":null,"businessZones":["西北旺","马连洼"],"imState":"today","lastLogin":1472567271000,"publisherId":5833567,"positionName":"Android/iOS 测试开发工程师","workYear":"不限","education":"本科","jobNature":"全职","positionId":2188478,"createTime":"2016-08-03 17:11:21","city":"北京","companyLogo":"i/image/M00/03/3B/Cgp3O1awdYKAaopbAABFI3RQsu4671.png","industryField":"移动互联网","positionAdvantage":"移动支付成就你我","salary":"10k-20k","companySize":"2000人以上","approve":0,"financeStage":"上市公司","companyLabelList":["弹性工作","五险一金","节日礼物","带薪年假"],"district":"海淀区","companyShortName":"百度","score":0,"formatCreateTime":"2016-08-03","companyFullName":"百度时代网络技术(北京)有限公司","adWord":0},{"companyId":38997,"explain":null,"plus":null,"pcShow":0,"appShow":0,"deliver":0,"gradeDescription":null,"businessZones":["方庄","东铁匠营","刘家窑"],"imState":"disabled","lastLogin":1472547171000,"publisherId":709384,"positionName":"iOS工程师","workYear":"1-3年","education":"不限","jobNature":"全职","positionId":568820,"createTime":"2016-08-03 17:02:06","city":"北京","companyLogo":"image1/M00/00/5F/CgYXBlTUXUeAcR8dAABQBr0RYdY986.jpg","industryField":"金融","positionAdvantage":"创业公司 机会多多","salary":"10k-15k","companySize":"150-500人","approve":1,"financeStage":"成长型(A轮)","companyLabelList":["节日礼物","绩效奖金","岗位晋升","扁平管理"],"district":"丰台区","companyShortName":"联拓金融","score":0,"formatCreateTime":"2016-08-03","companyFullName":"合肥联拓金融信息服务有限公司北京分公司","adWord":0},{"companyId":116752,"explain":null,"plus":null,"pcShow":0,"appShow":0,"deliver":0,"gradeDescription":null,"businessZones":["上地","马连洼","西二旗"],"imState":"today","lastLogin":1472559870000,"publisherId":4173906,"positionName":"IOS开发工程师（收付邦）","workYear":"1-3年","education":"本科","jobNature":"全职","positionId":1969962,"createTime":"2016-08-03 16:30:11","city":"北京","companyLogo":"i/image/M00/09/C8/Cgp3O1bTov-AIGwwAAATKENfN88196.jpg","industryField":"电子商务,移动互联网","positionAdvantage":"五险一金、带薪年假、饭补、弹性上班时间等","salary":"8k-15k","companySize":"150-500人","approve":0,"financeStage":"成长型(不需要融资)","companyLabelList":["年底双薪","交通补助","午餐补助","通讯津贴"],"district":"海淀区","companyShortName":"星河互联集团","score":0,"formatCreateTime":"2016-08-03","companyFullName":"星河互联集团有限公司","adWord":0},{"companyId":108405,"explain":null,"plus":null,"pcShow":0,"appShow":0,"deliver":0,"gradeDescription":null,"businessZones":["双井","南磨房","劲松"],"imState":"today","lastLogin":1472543860000,"publisherId":4870924,"positionName":"iOS","workYear":"3-5年","education":"本科","jobNature":"全职","positionId":2018139,"createTime":"2016-08-03 16:26:26","city":"北京","companyLogo":"i/image/M00/00/ED/CgqKkVZbwuSANvHBAACV4Ght21Y046.jpg","industryField":"企业服务,移动互联网","positionAdvantage":"五险一金 补充医疗 13薪","salary":"10k-20k","companySize":"500-2000人","approve":0,"financeStage":"上市公司","companyLabelList":["年底双薪","股票期权","绩效奖金","带薪年假"],"district":"朝阳区","companyShortName":"快乐沃克","score":0,"formatCreateTime":"2016-08-03","companyFullName":"北京快乐沃克科技有限公司","adWord":0},{"companyId":3890,"explain":null,"plus":null,"pcShow":0,"appShow":0,"deliver":0,"gradeDescription":null,"businessZones":["朝阳公园","亮马桥","麦子店"],"imState":"today","lastLogin":1472570935000,"publisherId":5480944,"positionName":"iOS高级工程师","workYear":"3-5年","education":"本科","jobNature":"全职","positionId":2030965,"createTime":"2016-08-03 14:06:01","city":"北京","companyLogo":"image1/M00/00/0A/Cgo8PFTUWBSARp5kAABhMgOli_M128.JPG","industryField":"移动互联网,电子商务","positionAdvantage":"公司环境好 薪金待遇好 晋升空间大","salary":"25k-50k","companySize":"15-50人","approve":1,"financeStage":"初创型(未融资)","companyLabelList":["年底双薪","绩效奖金","股票期权","五险一金"],"district":"朝阳区","companyShortName":"蔚蓝科技","score":0,"formatCreateTime":"2016-08-03","companyFullName":"天津蔚蓝科技有限公司","adWord":0}]}},"code":0}