{"msg":null,"success":true,"requestId":null,"resubmitToken":null,"content":{"pageNo":39,"pageSize":15,"positionResult":{"queryAnalysisInfo":{"industryName":null,"usefulCompany":false,"positionName":"java","companyName":null},"strategyProperty":{"name":"dm-csearch-newSimScorer","id":1},"totalCount":12338,"resultSize":15,"locationInfo":{"businessZone":null,"locationCode":null,"queryByGisCode":false,"city":"北京","district":null},"result":[{"companyId":3786,"explain":null,"plus":null,"pcShow":0,"appShow":0,"deliver":0,"gradeDescription":null,"businessZones":["大望路","红庙","华贸"],"imState":"today","lastLogin":1472543715000,"publisherId":4315589,"positionName":"Java开发工程师（底层平台）","workYear":"5-10年","education":"本科","jobNature":"全职","positionId":2149575,"createTime":"2016-08-30 10:23:09","city":"北京","companyLogo":"i/image/M00/01/C8/Cgp3O1Z3lASAVbZHAABCha8eqHY645.jpg","industryField":"移动互联网,金融","positionAdvantage":"技术大牛，大屏显示器，环境安静，核心业务","salary":"20k-30k","companySize":"2000人以上","approve":1,"financeStage":"成熟型(不需要融资)","companyLabelList":["管理规范","技能培训","扁平管理","弹性工作"],"district":"朝阳区","companyShortName":"宜信","score":0,"formatCreateTime":"10:23发布","companyFullName":"普信恒业科技发展（北京）有限公司","adWord":0},{"companyId":59902,"explain":null,"plus":null,"pcShow":0,"appShow":0,"deliver":0,"gradeDescription":null,"businessZones":["西北旺","马连洼","上地"],"imState":"today","lastLogin":1472554770000,"publisherId":1509885,"positionName":"Java","workYear":"3-5年","education":"本科","jobNature":"全职","positionId":1339643,"createTime":"2016-08-29 18:41:08","city":"北京","companyLogo":"image1/M00/18/18/CgYXBlUTlSSAHrUXAAB7UF2a0c8923.png","industryField":"金融","positionAdvantage":"五险一金、弹性工作制、上市期权股票","salary":"15k-30k","companySize":"2000人以上","approve":1,"financeStage":"上市公司","companyLabelList":["五险一金","弹性工作","带薪年假","免费工作餐"],"district":"海淀区","companyShortName":"轻易贷","score":0,"formatCreateTime":"1天前发布","companyFullName":"轻易科技有限公司","adWord":0},{"companyId":42899,"explain":null,"plus":null,"pcShow":0,"appShow":0,"deliver":0,"gradeDescription":null,"businessZones":["上地","清河","小营"],"imState":"today","lastLogin":1472523108000,"publisherId":808170,"positionName":"后台高级开发工程师（Java）","workYear":"1-3年","education":"本科","jobNature":"全职","positionId":2223863,"createTime":"2016-08-29 18:24:08","city":"北京","companyLogo":"image2/M00/11/69/CgqLKVYx6mCAEWmWAAA8Uo7yHIc510.jpg?cc=0.24744720198214054","industryField":"移动互联网,硬件","positionAdvantage":"生态链公司","salary":"10k-20k","companySize":"150-500人","approve":1,"financeStage":"成熟型(C轮)","companyLabelList":["年底双薪","节日礼物","技能培训","年度旅游"],"district":"海淀区","companyShortName":"小蚁","score":0,"formatCreateTime":"1天前发布","companyFullName":"上海小蚁科技有限公司","adWord":0},{"companyId":740,"explain":null,"plus":null,"pcShow":0,"appShow":0,"deliver":0,"gradeDescription":null,"businessZones":["双井","南磨房","劲松"],"imState":"today","lastLogin":1472541660000,"publisherId":19070,"positionName":"Java 高级研发工程师","workYear":"3-5年","education":"本科","jobNature":"全职","positionId":1707796,"createTime":"2016-08-29 17:51:42","city":"北京","companyLogo":"image1/M00/12/43/Cgo8PFUCjeuAATJIAACYQGdLe1U616.jpg","industryField":"移动互联网","positionAdvantage":"一流的技术团队","salary":"15k-22k","companySize":"500-2000人","approve":1,"financeStage":"成熟型(D轮及以上)","companyLabelList":["弹性工作","免费咖啡","年终奖金","交通补助"],"district":"朝阳区","companyShortName":"时趣social-touch","score":0,"formatCreateTime":"1天前发布","companyFullName":"时趣互动（北京）科技有限公司","adWord":0},{"companyId":9653,"explain":null,"plus":null,"pcShow":0,"appShow":0,"deliver":0,"gradeDescription":null,"businessZones":["复兴门","南礼士路","西便门"],"imState":"disabled","lastLogin":1472550548000,"publisherId":5159573,"positionName":"Java开发工程师","workYear":"3-5年","education":"大专","jobNature":"全职","positionId":1951938,"createTime":"2016-08-29 17:43:58","city":"北京","companyLogo":"image1/M00/00/14/CgYXBlTUWDyAXAN4AABzweqqFfU799.jpg","industryField":"数据服务,分类信息","positionAdvantage":"五险一金、餐补、年终奖金、定期体检","salary":"10k-15k","companySize":"150-500人","approve":1,"financeStage":"初创型(未融资)","companyLabelList":["五险一金","年终分红","专项奖金","节日礼物"],"district":"西城区","companyShortName":"北京中视广信","score":0,"formatCreateTime":"1天前发布","companyFullName":"北京中视广信科技有限公司","adWord":0},{"companyId":125917,"explain":null,"plus":null,"pcShow":0,"appShow":0,"deliver":0,"gradeDescription":null,"businessZones":["西直门","动物园","交通大学"],"imState":"today","lastLogin":1472536966000,"publisherId":4765103,"positionName":"高级Java工程师","workYear":"3-5年","education":"本科","jobNature":"全职","positionId":1735096,"createTime":"2016-08-29 17:41:02","city":"北京","companyLogo":"i/image/M00/23/4B/Cgp3O1cXJg6AUQtwAAAz0LdgQ_Y236.png","industryField":"金融","positionAdvantage":"入职五险一金、年底浮动薪资、地铁周边","salary":"30k-35k","companySize":"150-500人","approve":0,"financeStage":"成长型(不需要融资)","companyLabelList":null,"district":"海淀区","companyShortName":"富赛厚德","score":0,"formatCreateTime":"1天前发布","companyFullName":"北京富赛厚德资产管理有限公司","adWord":0},{"companyId":106097,"explain":null,"plus":null,"pcShow":0,"appShow":0,"deliver":0,"gradeDescription":null,"businessZones":["上地","马连洼","西二旗"],"imState":"disabled","lastLogin":1472543934000,"publisherId":3143337,"positionName":"Java","workYear":"3-5年","education":"大专","jobNature":"全职","positionId":2150408,"createTime":"2016-08-29 17:34:32","city":"北京","companyLogo":"i/image/M00/0C/BD/CgqKkVbX4U2ARSi0AAAmmyH97FY626.png","industryField":"O2O","positionAdvantage":"年终奖 职位晋升 试用期缴五险一金","salary":"10k-20k","companySize":"150-500人","approve":1,"financeStage":"初创型(天使轮)","companyLabelList":["技能培训","专项奖金","带薪年假","绩效奖金"],"district":"海淀区","companyShortName":"闪惠","score":0,"formatCreateTime":"1天前发布","companyFullName":"北京闪惠信息技术有限公司","adWord":0},{"companyId":65058,"explain":null,"plus":null,"pcShow":0,"appShow":0,"deliver":0,"gradeDescription":null,"businessZones":["世界公园","科技园区","看丹桥"],"imState":"disabled","lastLogin":1472462490000,"publisherId":1611990,"positionName":"Java","workYear":"1-3年","education":"本科","jobNature":"全职","positionId":599345,"createTime":"2016-08-29 17:22:25","city":"北京","companyLogo":"images/logo_default.png","industryField":"移动互联网,电子商务","positionAdvantage":"待遇优厚 五险一金 福利齐全","salary":"7k-14k","companySize":"500-2000人","approve":0,"financeStage":"成熟型(不需要融资)","companyLabelList":["节日礼物","年底双薪","带薪年假","岗位晋升"],"district":"丰台区","companyShortName":"新中新集团","score":0,"formatCreateTime":"1天前发布","companyFullName":"北京新中新诚通信息技术股份有限公司","adWord":0},{"companyId":115682,"explain":null,"plus":null,"pcShow":0,"appShow":0,"deliver":0,"gradeDescription":null,"businessZones":["小关","安慧桥","亚运村"],"imState":"today","lastLogin":1472547391000,"publisherId":4047408,"positionName":"JAVA软件开发工程师","workYear":"1-3年","education":"本科","jobNature":"全职","positionId":1503020,"createTime":"2016-08-29 17:15:25","city":"北京","companyLogo":"i/image/M00/06/3E/Cgp3O1bMLd6AQyq2AAAHavd0SPY777.png","industryField":"移动互联网,医疗健康","positionAdvantage":"快速晋升、年底奖金、五险一金","salary":"8k-16k","companySize":"15-50人","approve":0,"financeStage":"初创型(未融资)","companyLabelList":["弹性工作","交通补助","岗位晋升","五险一金"],"district":"朝阳区","companyShortName":"思诺动力","score":0,"formatCreateTime":"1天前发布","companyFullName":"北京思诺动力科技有限公司","adWord":0},{"companyId":41878,"explain":null,"plus":null,"pcShow":0,"appShow":0,"deliver":0,"gradeDescription":null,"businessZones":["姚家园"],"imState":"today","lastLogin":1472554153000,"publisherId":803257,"positionName":"Java开发工程师","workYear":"1-3年","education":"本科","jobNature":"全职","positionId":1576840,"createTime":"2016-08-29 17:15:00","city":"北京","companyLogo":"i/image/M00/24/22/Cgp3O1cZmpWAGslpAAA9MdgVNWU645.jpg","industryField":"企业服务,数据服务","positionAdvantage":"微软创业团队，工程师文化，出国机会！","salary":"10k-20k","companySize":"15-50人","approve":1,"financeStage":"成长型(A轮)","companyLabelList":["股票期权","人脉资源","办公环境好","国际化团队"],"district":"朝阳区","companyShortName":"商询科技","score":0,"formatCreateTime":"1天前发布","companyFullName":"北京商询科技有限公司","adWord":0},{"companyId":5812,"explain":null,"plus":null,"pcShow":0,"appShow":0,"deliver":0,"gradeDescription":null,"businessZones":["马甸","安贞","安华"],"imState":"today","lastLogin":1472520064000,"publisherId":5777369,"positionName":"Java","workYear":"3-5年","education":"本科","jobNature":"全职","positionId":2161573,"createTime":"2016-08-29 17:12:50","city":"北京","companyLogo":"image1/M00/00/0C/Cgo8PFTUWCCAaF4PAAAm3kBS87s438.png","industryField":"企业服务,数据服务","positionAdvantage":"五险一金 交通补助 通讯补助 生日礼物 团建","salary":"8k-16k","companySize":"2000人以上","approve":1,"financeStage":"上市公司","companyLabelList":["技能培训","节日礼物","免费班车","岗位晋升"],"district":"西城区","companyShortName":"用友","score":0,"formatCreateTime":"1天前发布","companyFullName":"用友网络科技股份有限公司","adWord":0},{"companyId":115818,"explain":null,"plus":null,"pcShow":0,"appShow":0,"deliver":0,"gradeDescription":null,"businessZones":["亮马桥","燕莎","三元桥"],"imState":"threeDays","lastLogin":1472464585000,"publisherId":5935035,"positionName":"Java","workYear":"5-10年","education":"本科","jobNature":"全职","positionId":2301058,"createTime":"2016-08-29 17:04:20","city":"北京","companyLogo":"i/image/M00/05/D9/CgqKkVbLz0mARpUyAAAOW98ciAw482.png","industryField":"移动互联网","positionAdvantage":"公司好,待遇也好","salary":"20k-39k","companySize":"50-150人","approve":0,"financeStage":"成长型(A轮)","companyLabelList":null,"district":"朝阳区","companyShortName":"无限向量（北京）科技有限公司","score":0,"formatCreateTime":"1天前发布","companyFullName":"无限向量（北京）科技有限公司","adWord":0},{"companyId":30224,"explain":null,"plus":null,"pcShow":0,"appShow":0,"deliver":0,"gradeDescription":null,"businessZones":["紫竹桥","车道沟","万寿寺"],"imState":"threeDays","lastLogin":1472461364000,"publisherId":4941474,"positionName":"Java开发工程师","workYear":"3-5年","education":"大专","jobNature":"全职","positionId":1790563,"createTime":"2016-08-29 17:03:05","city":"北京","companyLogo":"i/image/M00/27/72/Cgp3O1coH0qADpRmAAAwhThncU8850.png","industryField":"移动互联网,电子商务","positionAdvantage":"弹性工作制；假日福利；五险一金；餐补","salary":"15k-30k","companySize":"15-50人","approve":1,"financeStage":"初创型(未融资)","companyLabelList":null,"district":"海淀区","companyShortName":"北京绿虎","score":0,"formatCreateTime":"1天前发布","companyFullName":"北京绿虎科技有限公司","adWord":0},{"companyId":119144,"explain":null,"plus":null,"pcShow":0,"appShow":0,"deliver":0,"gradeDescription":null,"businessZones":["工体","朝阳门","三里屯"],"imState":"today","lastLogin":1472553025000,"publisherId":5428965,"positionName":"Java研发工程师","workYear":"3-5年","education":"大专","jobNature":"全职","positionId":2183934,"createTime":"2016-08-29 17:03:01","city":"北京","companyLogo":"i/image/M00/12/B0/Cgp3O1bmLtGAQguWAAI0_pkC2d0082.png","industryField":"移动互联网,金融","positionAdvantage":"14薪、一年4次季度奖","salary":"20k-28k","companySize":"150-500人","approve":0,"financeStage":"初创型(天使轮)","companyLabelList":null,"district":"东城区","companyShortName":"荐才投资","score":0,"formatCreateTime":"1天前发布","companyFullName":"荐才（北京）投资管理有限公司","adWord":0},{"companyId":92263,"explain":null,"plus":null,"pcShow":0,"appShow":0,"deliver":0,"gradeDescription":null,"businessZones":null,"imState":"today","lastLogin":1472552171000,"publisherId":2386917,"positionName":"Java工程师","workYear":"不限","education":"本科","jobNature":"全职","positionId":2301034,"createTime":"2016-08-29 17:02:36","city":"北京","companyLogo":"i/image/M00/03/96/CgqKkVbBeoaAHdEYAAAUR3xnriU578.jpg","industryField":"移动互联网,社交网络","positionAdvantage":"只要你是我们要的人一切都能谈","salary":"15k-20k","companySize":"15-50人","approve":1,"financeStage":"初创型(天使轮)","companyLabelList":["年底双薪","股票期权","带薪年假","绩效奖金"],"district":null,"companyShortName":"俺朋堂","score":0,"formatCreateTime":"1天前发布","companyFullName":"俺朋堂（北京）网络科技有限公司","adWord":0}]}},"code":0}