{"resubmitToken":null,"success":true,"requestId":null,"msg":null,"content":{"pageNo":53,"pageSize":15,"positionResult":{"totalCount":12338,"resultSize":15,"locationInfo":{"city":"北京","district":null,"queryByGisCode":false,"businessZone":null,"locationCode":null},"queryAnalysisInfo":{"positionName":"java","companyName":null,"industryName":null,"usefulCompany":false},"strategyProperty":{"name":"dm-csearch-newSimScorer","id":1},"result":[{"companyFullName":"链家网（北京）科技有限公司","adWord":0,"companyId":55446,"formatCreateTime":"1天前发布","businessZones":null,"imState":"today","lastLogin":1472544503000,"positionId":2298940,"industryField":"移动互联网,O2O","education":"本科","workYear":"不限","city":"北京","positionAdvantage":"免费三餐 弹性工作制 工作环境好","createTime":"2016-08-29 12:57:46","salary":"15k-30k","positionName":"Java","companySize":"500-2000人","companyShortName":"链家网","companyLogo":"i/image/M00/03/92/Cgp3O1bBZp6ANvoaAAAb17EHQMc096.png","financeStage":"初创型(未融资)","approve":1,"jobNature":"全职","companyLabelList":["股票期权","带薪年假","绩效奖金","扁平管理"],"district":null,"score":0,"publisherId":1380273,"explain":null,"plus":null,"pcShow":0,"appShow":0,"deliver":0,"gradeDescription":null},{"companyFullName":"宁波猎票网络技术有限公司","adWord":0,"companyId":134471,"formatCreateTime":"1天前发布","businessZones":["常营","管庄"],"imState":"today","lastLogin":1472540091000,"positionId":2015527,"industryField":"移动互联网,文化娱乐","education":"本科","workYear":"1-3年","city":"北京","positionAdvantage":"大牛带队，前景行业，快速成长，地铁旁","createTime":"2016-08-29 11:58:28","salary":"15k-25k","positionName":"Java","companySize":"50-150人","companyShortName":"宁波猎票网络技术有限公司","companyLogo":"i/image/M00/37/9C/Cgp3O1dg2RuATTzLAAARntIwAAE033.jpg","financeStage":"初创型(天使轮)","approve":1,"jobNature":"全职","companyLabelList":["股票期权","带薪年假","领导好","美女多"],"district":"朝阳区","score":0,"publisherId":3695814,"explain":null,"plus":null,"pcShow":0,"appShow":0,"deliver":0,"gradeDescription":null},{"companyFullName":"网之易信息技术（北京）有限公司","adWord":0,"companyId":329,"formatCreateTime":"1天前发布","businessZones":["西北旺"],"imState":"today","lastLogin":1472550869000,"positionId":1286834,"industryField":"数据服务,文化娱乐","education":"本科","workYear":"1-3年","city":"北京","positionAdvantage":"业务成熟、部门旅游、晋升空间、奖金丰厚","createTime":"2016-08-29 11:51:46","salary":"15k-25k","positionName":"高级Java开发工程师","companySize":"2000人以上","companyShortName":"网易","companyLogo":"image1/M00/1C/DB/Cgo8PFUnbyyAOmwZAABKPABIzv8461.png","financeStage":"上市公司","approve":1,"jobNature":"全职","companyLabelList":["节日礼物","技能培训","免费班车","带薪年假"],"district":"海淀区","score":0,"publisherId":118683,"explain":null,"plus":null,"pcShow":0,"appShow":0,"deliver":0,"gradeDescription":null},{"companyFullName":"嘉琪科技（北京）有限公司","adWord":0,"companyId":122355,"formatCreateTime":"1天前发布","businessZones":["马池口"],"imState":"today","lastLogin":1472520731000,"positionId":2298621,"industryField":"电子商务,移动互联网","education":"本科","workYear":"1-3年","city":"北京","positionAdvantage":"平台好，福利好","createTime":"2016-08-29 11:45:24","salary":"25k-32k","positionName":"高级Java开发工程师","companySize":"50-150人","companyShortName":"嘉琪科技","companyLogo":"i/image/M00/1A/FF/CgqKkVb7fleAUZUqAAArNrtvr-o795.png","financeStage":"成长型(不需要融资)","approve":0,"jobNature":"全职","companyLabelList":null,"district":"昌平区","score":0,"publisherId":6014505,"explain":null,"plus":null,"pcShow":0,"appShow":0,"deliver":0,"gradeDescription":null},{"companyFullName":"北京鼎润云通信息技术有限公司","adWord":0,"companyId":119445,"formatCreateTime":"1天前发布","businessZones":["紫竹桥","车道沟","北洼路"],"imState":"disabled","lastLogin":1472550456000,"positionId":2298597,"industryField":"移动互联网,企业服务","education":"不限","workYear":"1-3年","city":"北京","positionAdvantage":"五险,双休法定节,餐补,生日福利","createTime":"2016-08-29 11:42:37","salary":"8k-15k","positionName":"Java","companySize":"15-50人","companyShortName":"鼎润云通","companyLogo":"i/image/M00/14/3D/CgqKkVbpAKOARiE4AAAnUgGbRTU257.jpg","financeStage":"初创型(未融资)","approve":0,"jobNature":"全职","companyLabelList":["午餐补助","弹性工作","领导好","节日礼物"],"district":"海淀区","score":0,"publisherId":4442404,"explain":null,"plus":null,"pcShow":0,"appShow":0,"deliver":0,"gradeDescription":null},{"companyFullName":"北京永洪商智科技有限公司","adWord":0,"companyId":28014,"formatCreateTime":"1天前发布","businessZones":["国贸","CBD","东大桥"],"imState":"disabled","lastLogin":1472549694000,"positionId":2061012,"industryField":"移动互联网","education":"本科","workYear":"1-3年","city":"北京","positionAdvantage":"发展空间、餐费补助、期权","createTime":"2016-08-29 11:41:46","salary":"7k-14k","positionName":"集成开发工程师（Java）","companySize":"150-500人","companyShortName":"永洪科技","companyLogo":"image1/M00/00/3D/Cgo8PFTUXLeAVnodAABnJ4KXAuY780.jpg","financeStage":"成熟型(C轮)","approve":1,"jobNature":"全职","companyLabelList":["期权股激励","领导好","五险一金","巨大成长空间"],"district":"朝阳区","score":0,"publisherId":363934,"explain":null,"plus":null,"pcShow":0,"appShow":0,"deliver":0,"gradeDescription":null},{"companyFullName":"瑞美嘉信国际信息技术（北京）有限公司","adWord":0,"companyId":33557,"formatCreateTime":"1天前发布","businessZones":null,"imState":"threeDays","lastLogin":1472442071000,"positionId":1956086,"industryField":"电子商务","education":"本科","workYear":"3-5年","city":"北京","positionAdvantage":"首家奢侈品电商，时尚电商O2O平台","createTime":"2016-08-29 11:40:38","salary":"10k-20k","positionName":"Java","companySize":"50-150人","companyShortName":"第五大道奢侈品网","companyLogo":"image1/M00/38/17/Cgo8PFWktYyAMInxAANhXYkgTnk470.png","financeStage":"成长型(A轮)","approve":1,"jobNature":"全职","companyLabelList":["年底双薪","节日礼物","绩效奖金","岗位晋升"],"district":null,"score":0,"publisherId":3434069,"explain":null,"plus":null,"pcShow":0,"appShow":0,"deliver":0,"gradeDescription":null},{"companyFullName":"必连（北京）科技有限公司","adWord":0,"companyId":84708,"formatCreateTime":"1天前发布","businessZones":["姚家园"],"imState":"today","lastLogin":1472543623000,"positionId":1089748,"industryField":"移动互联网,社交网络","education":"本科","workYear":"5-10年","city":"北京","positionAdvantage":"13薪+期权+扁平+不打卡+咖啡馆+零食","createTime":"2016-08-29 11:37:56","salary":"30k-60k","positionName":"高级java开发工程师","companySize":"15-50人","companyShortName":"视界核心","companyLogo":"i/image/M00/05/D1/Cgp3O1bLx9qAWoD8AAAZw5f3tqI462.jpg","financeStage":"成长型(A轮)","approve":1,"jobNature":"全职","companyLabelList":["技能培训","年底双薪","股票期权","带薪年假"],"district":"朝阳区","score":0,"publisherId":2167593,"explain":null,"plus":null,"pcShow":0,"appShow":0,"deliver":0,"gradeDescription":null},{"companyFullName":"北京艺源酷科技有限公司","adWord":0,"companyId":25088,"formatCreateTime":"1天前发布","businessZones":["来广营","望京"],"imState":"overSevenDays","lastLogin":1471960810000,"positionId":1523365,"industryField":"文化娱乐,生活服务","education":"本科","workYear":"3-5年","city":"北京","positionAdvantage":"扁平化管理，核心成员待遇","createTime":"2016-08-29 11:37:28","salary":"6k-10k","positionName":"Java","companySize":"15-50人","companyShortName":"创客贴","companyLogo":"image1/M00/00/33/Cgo8PFTUXJGAVJRxAAB_frlUe_A303.jpg","financeStage":"初创型(天使轮)","approve":1,"jobNature":"全职","companyLabelList":["工程师文化","岗位晋升","扁平管理","生日福利"],"district":"朝阳区","score":0,"publisherId":300303,"explain":null,"plus":null,"pcShow":0,"appShow":0,"deliver":0,"gradeDescription":null},{"companyFullName":"北京佳格天地科技有限公司","adWord":0,"companyId":93302,"formatCreateTime":"1天前发布","businessZones":null,"imState":"disabled","lastLogin":1472521875000,"positionId":2298526,"industryField":"移动互联网,数据服务","education":"本科","workYear":"1-3年","city":"北京","positionAdvantage":"老大nice、各种福利、10天带薪年假。。。","createTime":"2016-08-29 11:36:26","salary":"15k-25k","positionName":"后端开发工程师（java/python）","companySize":"15-50人","companyShortName":"佳格大数据","companyLogo":"image2/M00/01/96/CgpzWlXk_fSAeHHcAACAapd5Gdk111.png?cc=0.24298438685946167","financeStage":"初创型(天使轮)","approve":1,"jobNature":"全职","companyLabelList":["股票期权","扁平管理","领导好","交通补助"],"district":"海淀区","score":0,"publisherId":4407531,"explain":null,"plus":null,"pcShow":0,"appShow":0,"deliver":0,"gradeDescription":null},{"companyFullName":"生命奇点（北京）科技有限公司","adWord":0,"companyId":93936,"formatCreateTime":"1天前发布","businessZones":["四季青","世纪城","远大路"],"imState":"disabled","lastLogin":1472520814000,"positionId":2298516,"industryField":"医疗健康,数据服务","education":"本科","workYear":"1-3年","city":"北京","positionAdvantage":"项目有挑战、团队氛围好、和牛人一起工作","createTime":"2016-08-29 11:35:18","salary":"15k-25k","positionName":"Java","companySize":"15-50人","companyShortName":"生命奇点","companyLogo":"i/image/M00/00/49/Cgp3O1Y8QHCAfdyaAAA33dX-NRc401.jpg","financeStage":"初创型(天使轮)","approve":0,"jobNature":"全职","companyLabelList":["年底双薪","带薪年假","领导好","通讯津贴"],"district":"海淀区","score":0,"publisherId":2488872,"explain":null,"plus":null,"pcShow":0,"appShow":0,"deliver":0,"gradeDescription":null},{"companyFullName":"北京基调网络股份有限公司","adWord":0,"companyId":75444,"formatCreateTime":"1天前发布","businessZones":null,"imState":"today","lastLogin":1472529107000,"positionId":2211230,"industryField":"移动互联网","education":"本科","workYear":"3-5年","city":"北京","positionAdvantage":"周末双休，弹性工作时间，办公氛围轻松","createTime":"2016-08-29 11:34:53","salary":"20k-30k","positionName":"Java高级开发","companySize":"150-500人","companyShortName":"听云","companyLogo":"image1/M00/3F/70/Cgo8PFXAeySADjq7AABIwcyEFpg062.jpg?cc=0.4655468137934804","financeStage":"上市公司","approve":0,"jobNature":"全职","companyLabelList":["年底双薪","股票期权","交通补助","带薪年假"],"district":null,"score":0,"publisherId":5869488,"explain":null,"plus":null,"pcShow":0,"appShow":0,"deliver":0,"gradeDescription":null},{"companyFullName":"和创（北京）科技股份有限公司","adWord":0,"companyId":50889,"formatCreateTime":"1天前发布","businessZones":["新街口","德胜门","小西天"],"imState":"today","lastLogin":1472559909000,"positionId":1469079,"industryField":"移动互联网,企业服务","education":"本科","workYear":"3-5年","city":"北京","positionAdvantage":"上市公司，持续股权激励，技术极客云集！","createTime":"2016-08-29 11:34:47","salary":"20k-35k","positionName":"Java工程师","companySize":"2000人以上","companyShortName":"和创科技（红圈营销）","companyLogo":"i/image/M00/03/44/Cgp3O1ax7JWAOSzUAABS3OF0A7w289.jpg","financeStage":"上市公司","approve":1,"jobNature":"全职","companyLabelList":["弹性工作","敏捷研发","股票期权","年底双薪"],"district":"西城区","score":0,"publisherId":2488880,"explain":null,"plus":null,"pcShow":0,"appShow":0,"deliver":0,"gradeDescription":null},{"companyFullName":"北京三快在线科技有限公司","adWord":0,"companyId":50702,"formatCreateTime":"1天前发布","businessZones":["大山子","望京","酒仙桥"],"imState":"disabled","lastLogin":1472537339000,"positionId":1415039,"industryField":"移动互联网,O2O","education":"本科","workYear":"1-3年","city":"北京","positionAdvantage":"良好的发展平台","createTime":"2016-08-29 11:34:17","salary":"25k-35k","positionName":"高级Java开发--外卖","companySize":"2000人以上","companyShortName":"美团点评","companyLogo":"i/image/M00/4B/6C/CgqKkVefHv-AFoRzAAAuALF7ZZ0419.png","financeStage":"成熟型(D轮及以上)","approve":1,"jobNature":"全职","companyLabelList":["技能培训","绩效奖金","岗位晋升","领导好"],"district":"朝阳区","score":0,"publisherId":3722317,"explain":null,"plus":null,"pcShow":0,"appShow":0,"deliver":0,"gradeDescription":null},{"companyFullName":"北京马甲合创科技有限公司","adWord":0,"companyId":145722,"formatCreateTime":"1天前发布","businessZones":["苏州街","苏州桥","中关村"],"imState":"disabled","lastLogin":1472525227000,"positionId":2298479,"industryField":"移动互联网,金融","education":"本科","workYear":"3-5年","city":"北京","positionAdvantage":"硅谷式办公氛围、开放办公环境","createTime":"2016-08-29 11:32:17","salary":"15k-30k","positionName":"Java","companySize":"15-50人","companyShortName":"合创传媒","companyLogo":"i/image/M00/54/4F/Cgp3O1fDqtSAftlBAAe507-9B2E044.jpg","financeStage":"成长型(A轮)","approve":0,"jobNature":"全职","companyLabelList":null,"district":"海淀区","score":0,"publisherId":5991704,"explain":null,"plus":null,"pcShow":0,"appShow":0,"deliver":0,"gradeDescription":null}]}},"code":0}