{"success":true,"requestId":null,"msg":null,"resubmitToken":null,"content":{"pageNo":78,"pageSize":15,"positionResult":{"totalCount":12338,"resultSize":15,"locationInfo":{"city":"北京","district":null,"queryByGisCode":false,"businessZone":null,"locationCode":null},"queryAnalysisInfo":{"positionName":"java","companyName":null,"usefulCompany":false,"industryName":null},"strategyProperty":{"name":"dm-csearch-newSimScorer","id":1},"result":[{"companyId":50702,"companyShortName":"美团点评","createTime":"2016-08-26 14:36:19","positionId":2125560,"positionAdvantage":"美团&amp;点评美食业务，用户量大","salary":"20k-35k","score":0,"workYear":"3-5年","education":"本科","city":"北京","positionName":"商家与销售技术中心-高级研发工程师（Java/PHP)","companyLogo":"i/image/M00/4B/6C/CgqKkVefHv-AFoRzAAAuALF7ZZ0419.png","financeStage":"成熟型(D轮及以上)","industryField":"移动互联网,O2O","jobNature":"全职","approve":1,"companySize":"2000人以上","district":"朝阳区","companyLabelList":["技能培训","绩效奖金","岗位晋升","领导好"],"adWord":0,"appShow":0,"deliver":0,"formatCreateTime":"2016-08-26","gradeDescription":null,"companyFullName":"北京三快在线科技有限公司","businessZones":["大山子","望京","酒仙桥"],"imState":"disabled","lastLogin":1472547471000,"publisherId":1920734,"explain":null,"plus":null,"pcShow":0},{"companyId":141027,"companyShortName":"nestia","createTime":"2016-08-26 14:23:48","positionId":2293264,"positionAdvantage":"股票期权，精锐团队，发展迅猛","salary":"20k-30k","score":0,"workYear":"3-5年","education":"本科","city":"北京","positionName":"高级JAVA开发工程师（新加坡工作机会）","companyLogo":"i/image/M00/49/AA/CgqKkVeYHveAbvHsAADT2G1NbOc588.jpg","financeStage":"成长型(A轮)","industryField":"移动互联网","jobNature":"全职","approve":0,"companySize":"50-150人","district":null,"companyLabelList":null,"adWord":0,"appShow":0,"deliver":0,"formatCreateTime":"2016-08-26","gradeDescription":null,"companyFullName":"北京奈斯特尔信息技术有限公司","businessZones":null,"imState":"disabled","lastLogin":1472531586000,"publisherId":3237454,"explain":null,"plus":null,"pcShow":0},{"companyId":31317,"companyShortName":"中国金融认证中心","createTime":"2016-08-26 14:23:37","positionId":204503,"positionAdvantage":"用大并发的实际银行数据测试你的编程性能","salary":"12k-24k","score":0,"workYear":"1-3年","education":"本科","city":"北京","positionName":"Java","companyLogo":"i/image/M00/26/D2/CgqKkVci-kaAb4wNAAAWUt8qJLY447.jpg","financeStage":"成熟型(不需要融资)","industryField":"金融,数据服务","jobNature":"全职","approve":1,"companySize":"500-2000人","district":"大兴区","companyLabelList":["年底双薪","绩效奖金","管理规范","定期体检"],"adWord":0,"appShow":0,"deliver":0,"formatCreateTime":"2016-08-26","gradeDescription":null,"companyFullName":"中金金融认证中心有限公司","businessZones":null,"imState":"disabled","lastLogin":1472518288000,"publisherId":460016,"explain":null,"plus":null,"pcShow":0},{"companyId":131603,"companyShortName":"汇站众享","createTime":"2016-08-26 14:23:16","positionId":1935883,"positionAdvantage":"五险一金，饭补，交通补，通讯补，带薪年假","salary":"10k-20k","score":0,"workYear":"5-10年","education":"不限","city":"北京","positionName":"Java","companyLogo":"i/image/M00/30/7F/CgqKkVdGo9mAUEG0AAAy4PIpiOQ972.png","financeStage":"成长型(不需要融资)","industryField":"电子商务","jobNature":"全职","approve":0,"companySize":"50-150人","district":"朝阳区","companyLabelList":null,"adWord":0,"appShow":0,"deliver":0,"formatCreateTime":"2016-08-26","gradeDescription":null,"companyFullName":"北京汇站众享信息技术有限公司","businessZones":["大望路","华贸","百子湾"],"imState":"disabled","lastLogin":1472538430000,"publisherId":5180099,"explain":null,"plus":null,"pcShow":0},{"companyId":123777,"companyShortName":"通力互联","createTime":"2016-08-26 14:18:57","positionId":2293231,"positionAdvantage":"大公司平台好，发展前景好。各项制度完善。","salary":"10k-20k","score":0,"workYear":"3-5年","education":"不限","city":"北京","positionName":"Java","companyLogo":"i/image/M00/2E/03/CgqKkVc9jmCAI8DpAAD09YLPnBk157.png","financeStage":"成熟型(不需要融资)","industryField":"电子商务,企业服务","jobNature":"全职","approve":0,"companySize":"2000人以上","district":"朝阳区","companyLabelList":["绩效奖金","交通补助","定期体检","通讯津贴"],"adWord":0,"appShow":0,"deliver":0,"formatCreateTime":"2016-08-26","gradeDescription":null,"companyFullName":"北京通力互联技术服务有限公司","businessZones":["北苑","立水桥"],"imState":"disabled","lastLogin":1472192036000,"publisherId":5220288,"explain":null,"plus":null,"pcShow":0},{"companyId":65495,"companyShortName":"易聚科技","createTime":"2016-08-26 14:13:50","positionId":1664071,"positionAdvantage":"周末双休、节假日福利、环境优雅","salary":"15k-25k","score":0,"workYear":"1-3年","education":"本科","city":"北京","positionName":"Java开发工程师","companyLogo":"image2/M00/03/2D/CgqLKVXtUIKAB8PLAAAw5ukRTZI556.png","financeStage":"成长型(不需要融资)","industryField":"金融","jobNature":"全职","approve":0,"companySize":"150-500人","district":"朝阳区","companyLabelList":["年终分红","股票期权","绩效奖金","岗位晋升"],"adWord":0,"appShow":0,"deliver":0,"formatCreateTime":"2016-08-26","gradeDescription":null,"companyFullName":"易聚（北京）信息科技有限公司","businessZones":["朝外","朝阳门","东大桥"],"imState":"disabled","lastLogin":1472536487000,"publisherId":2517275,"explain":null,"plus":null,"pcShow":0},{"companyId":56698,"companyShortName":"屏芯科技","createTime":"2016-08-26 14:12:10","positionId":2183693,"positionAdvantage":"平台发展好，薪资高，福利待遇高，地铁处","salary":"20k-40k","score":0,"workYear":"1-3年","education":"本科","city":"北京","positionName":"Java开发工程师","companyLogo":"image1/M00/40/5C/Cgo8PFXDOKCAOnUeAABNmNKhwMo253.jpg","financeStage":"成长型(A轮)","industryField":"移动互联网,电子商务","jobNature":"全职","approve":1,"companySize":"150-500人","district":"海淀区","companyLabelList":["技能培训","节日礼物","带薪年假","绩效奖金"],"adWord":0,"appShow":0,"deliver":0,"formatCreateTime":"2016-08-26","gradeDescription":null,"companyFullName":"北京屏芯科技有限公司","businessZones":["五道口","清华大学","中关村"],"imState":"today","lastLogin":1472554713000,"publisherId":2252143,"explain":null,"plus":null,"pcShow":0},{"companyId":42878,"companyShortName":"乐希软件","createTime":"2016-08-26 14:11:07","positionId":2043569,"positionAdvantage":"处在风口的行业，欢迎你的加入！","salary":"8k-10k","score":0,"workYear":"1-3年","education":"本科","city":"北京","positionName":"Java研发工程师","companyLogo":"i/image/M00/03/B0/CgqKkVbCqKqANt5hAAAyyiry2D0494.png","financeStage":"初创型(天使轮)","industryField":"移动互联网,教育","jobNature":"全职","approve":1,"companySize":"15-50人","district":"海淀区","companyLabelList":["股票期权","带薪年假","年度旅游","扁平管理"],"adWord":0,"appShow":0,"deliver":0,"formatCreateTime":"2016-08-26","gradeDescription":null,"companyFullName":"北京乐希软件有限公司","businessZones":["上地","马连洼","西北旺"],"imState":"today","lastLogin":1472561961000,"publisherId":806759,"explain":null,"plus":null,"pcShow":0},{"companyId":19873,"companyShortName":"吃饭儿","createTime":"2016-08-26 14:08:13","positionId":1265190,"positionAdvantage":"待遇丰厚，和谐团队，大牛指导，技术讨论","salary":"15k-25k","score":0,"workYear":"3-5年","education":"大专","city":"北京","positionName":"Java高级开发工程师","companyLogo":"image1/M00/17/FD/Cgo8PFUTYguAPj-AAABb5gxOtdc572.png","financeStage":"成长型(B轮)","industryField":"电子商务,企业服务","jobNature":"全职","approve":1,"companySize":"500-2000人","district":"海淀区","companyLabelList":["节日礼物","股票期权","绩效奖金","扁平管理"],"adWord":0,"appShow":0,"deliver":0,"formatCreateTime":"2016-08-26","gradeDescription":null,"companyFullName":"北京饭通天下科技发展有限公司","businessZones":["万泉河","苏州桥","苏州街"],"imState":"today","lastLogin":1472550693000,"publisherId":228437,"explain":null,"plus":null,"pcShow":0},{"companyId":55137,"companyShortName":"贝瑞和康","createTime":"2016-08-26 14:07:28","positionId":1060593,"positionAdvantage":"不加班 办公环境舒适 7险一金 班车","salary":"12k-15k","score":0,"workYear":"1-3年","education":"本科","city":"北京","positionName":"Java","companyLogo":"i/image/M00/07/9C/CgqKkVbOlI6AShZCAAAVDbUFOFY087.jpg","financeStage":"成长型(B轮)","industryField":"医疗健康","jobNature":"全职","approve":1,"companySize":"500-2000人","district":"朝阳区","companyLabelList":["技能培训","节日礼物","免费班车","带薪年假"],"adWord":0,"appShow":0,"deliver":0,"formatCreateTime":"2016-08-26","gradeDescription":null,"companyFullName":"北京贝瑞和康生物技术股份有限公司","businessZones":null,"imState":"today","lastLogin":1472513056000,"publisherId":1373075,"explain":null,"plus":null,"pcShow":0},{"companyId":15609,"companyShortName":"易普联科","createTime":"2016-08-26 14:02:29","positionId":1812797,"positionAdvantage":"六险一金/绩效奖金/不固定工时/定期体检","salary":"8k-12k","score":0,"workYear":"3-5年","education":"本科","city":"北京","positionName":"初/中级Java研发工程师","companyLogo":"image2/M00/05/32/CgpzWlX2UQWAN7bMAAAae8Tkw4c101.jpg","financeStage":"初创型(不需要融资)","industryField":"电子商务,数据服务","jobNature":"全职","approve":0,"companySize":"15-50人","district":"朝阳区","companyLabelList":["节日礼物","技能培训","专项奖金","带薪年假"],"adWord":0,"appShow":0,"deliver":0,"formatCreateTime":"2016-08-26","gradeDescription":null,"companyFullName":"北京易普联科信息技术有限公司","businessZones":["十里堡","八里庄","四惠"],"imState":"disabled","lastLogin":1472547506000,"publisherId":181885,"explain":null,"plus":null,"pcShow":0},{"companyId":3682,"companyShortName":"应用汇","createTime":"2016-08-26 13:59:56","positionId":1230138,"positionAdvantage":"国内领先，挑战自我，潜力巨大","salary":"10k-20k","score":0,"workYear":"1-3年","education":"本科","city":"北京","positionName":"Java后端开发工程师","companyLogo":"image1/M00/00/09/Cgo8PFTUWBOAbJzOAACOntQHERg899.jpg","financeStage":"上市公司","industryField":"移动互联网","jobNature":"全职","approve":1,"companySize":"50-150人","district":"朝阳区","companyLabelList":["股票期权","绩效奖金","带薪年假","交通补助"],"adWord":0,"appShow":0,"deliver":0,"formatCreateTime":"2016-08-26","gradeDescription":null,"companyFullName":"北京掌汇天下科技有限公司","businessZones":["太阳宫","国展","三元桥"],"imState":"today","lastLogin":1472555564000,"publisherId":36792,"explain":null,"plus":null,"pcShow":0},{"companyId":48551,"companyShortName":"联通时科","createTime":"2016-08-26 13:58:17","positionId":1719007,"positionAdvantage":"五险一金、带薪年假、定期体检、待遇优厚","salary":"15k-30k","score":0,"workYear":"不限","education":"不限","city":"北京","positionName":"Java开发工程师","companyLogo":"image1/M00/00/7E/CgYXBlTUXcmARYdgAABLsYUpYuY538.gif","financeStage":"成长型(不需要融资)","industryField":"移动互联网","jobNature":"全职","approve":1,"companySize":"150-500人","district":"东城区","companyLabelList":["带薪年假","岗位晋升","扁平管理","年终分红"],"adWord":0,"appShow":0,"deliver":0,"formatCreateTime":"2016-08-26","gradeDescription":null,"companyFullName":"联通时科（北京）信息技术有限公司","businessZones":["北京站","建国门"],"imState":"threeDays","lastLogin":1472462925000,"publisherId":2159256,"explain":null,"plus":null,"pcShow":0},{"companyId":113186,"companyShortName":"物色","createTime":"2016-08-26 13:51:48","positionId":2008661,"positionAdvantage":"扁平化，有想法的人是boss","salary":"30k-35k","score":0,"workYear":"5-10年","education":"本科","city":"北京","positionName":"Java架构师","companyLogo":"i/image/M00/28/02/CgqKkVcpolGAMUNhAAAj_hl4vqU802.png","financeStage":"初创型(天使轮)","industryField":"移动互联网","jobNature":"全职","approve":0,"companySize":"15-50人","district":"昌平区","companyLabelList":["股票期权","年终分红","带薪年假","交通补助"],"adWord":0,"appShow":0,"deliver":0,"formatCreateTime":"2016-08-26","gradeDescription":null,"companyFullName":"北京物色科技有限公司","businessZones":["西三旗","回龙观","清河"],"imState":"disabled","lastLogin":1472554293000,"publisherId":1589031,"explain":null,"plus":null,"pcShow":0},{"companyId":139841,"companyShortName":"角儿","createTime":"2016-08-26 13:50:42","positionId":2142281,"positionAdvantage":"薪资待遇优厚 成长空间大","salary":"13k-20k","score":0,"workYear":"3-5年","education":"本科","city":"北京","positionName":"Java","companyLogo":"i/image/M00/47/A5/Cgp3O1eQQOqAEAwRAABZsvwBg6c289.png","financeStage":"初创型(天使轮)","industryField":"移动互联网,文化娱乐","jobNature":"全职","approve":1,"companySize":"50-150人","district":"朝阳区","companyLabelList":["年底双薪","带薪年假","交通补助","定期体检"],"adWord":0,"appShow":0,"deliver":0,"formatCreateTime":"2016-08-26","gradeDescription":null,"companyFullName":"北京萃取互联网文化发展有限公司","businessZones":["百子湾","南磨房"],"imState":"disabled","lastLogin":1472565665000,"publisherId":5698880,"explain":null,"plus":null,"pcShow":0}]}},"code":0}