{"success":true,"requestId":null,"msg":null,"resubmitToken":null,"code":0,"content":{"pageNo":23,"pageSize":15,"positionResult":{"resultSize":15,"totalCount":12338,"locationInfo":{"queryByGisCode":false,"businessZone":null,"locationCode":null,"city":"北京","district":null},"queryAnalysisInfo":{"industryName":null,"usefulCompany":false,"positionName":"java","companyName":null},"strategyProperty":{"name":"dm-csearch-newSimScorer","id":1},"result":[{"companyId":53137,"businessZones":["广渠门","花市","光明楼"],"imState":"today","lastLogin":1472546768000,"publisherId":2438961,"explain":null,"plus":null,"pcShow":0,"appShow":0,"deliver":0,"gradeDescription":null,"companyFullName":"金色家园网络科技有限公司","formatCreateTime":"12:42发布","positionName":"高级Java工程师","workYear":"5-10年","education":"本科","jobNature":"全职","companyLogo":"image1/M00/26/84/CgYXBlVVpKmAT16vAAB-lRbYIa8041.jpg","salary":"18k-35k","city":"北京","financeStage":"成熟型(不需要融资)","industryField":"O2O","positionId":2083429,"approve":1,"createTime":"2016-08-30 12:42:03","positionAdvantage":"14薪，各种福利补贴","district":"东城区","companyShortName":"金色家园科技","companyLabelList":["节日礼物","带薪年假","绩效奖金","管理规范"],"score":0,"companySize":"500-2000人","adWord":0},{"companyId":142418,"businessZones":["珠市口","天桥","虎坊桥"],"imState":"disabled","lastLogin":1472546903000,"publisherId":5839095,"explain":null,"plus":null,"pcShow":0,"appShow":0,"deliver":0,"gradeDescription":null,"companyFullName":"北京普瑞智能科技有限公司","formatCreateTime":"10:52发布","positionName":"Java","workYear":"不限","education":"本科","jobNature":"全职","companyLogo":"i/image/M00/4C/90/Cgp3O1ei686AbNk2AAAJXaN543o669.png","salary":"15k-30k","city":"北京","financeStage":"成长型(不需要融资)","industryField":"移动互联网,企业服务","positionId":2303908,"approve":0,"createTime":"2016-08-30 10:52:36","positionAdvantage":"周末双休 弹性工作时间 五险一金 各种福利","district":"东城区","companyShortName":"普瑞智能","companyLabelList":["年底双薪","专项奖金","绩效奖金","交通补助"],"score":0,"companySize":"50-150人","adWord":0},{"companyId":4838,"businessZones":["建外大街","国贸","CBD"],"imState":"today","lastLogin":1472547533000,"publisherId":3495970,"explain":null,"plus":null,"pcShow":0,"appShow":0,"deliver":0,"gradeDescription":null,"companyFullName":"安邦保险集团股份有限公司","formatCreateTime":"10:46发布","positionName":"Java研发工程师","workYear":"3-5年","education":"本科","jobNature":"全职","companyLogo":"image1/M00/00/0B/CgYXBlTUWBuAUJAkAAB6cj6qvIk863.jpg","salary":"15k-25k","city":"北京","financeStage":"成熟型(不需要融资)","industryField":"移动互联网,金融","positionId":1347768,"approve":1,"createTime":"2016-08-30 10:46:00","positionAdvantage":"广阔的发展平台，优厚的薪酬待遇","district":"朝阳区","companyShortName":"安邦保险集团","companyLabelList":["绩效奖金","专项奖金","五险一金","通讯津贴"],"score":0,"companySize":"2000人以上","adWord":0},{"companyId":21429,"businessZones":null,"imState":"today","lastLogin":1472541123000,"publisherId":4880543,"explain":null,"plus":null,"pcShow":0,"appShow":0,"deliver":0,"gradeDescription":null,"companyFullName":"北京博超时代软件有限公司","formatCreateTime":"10:44发布","positionName":"Java开发组长","workYear":"5-10年","education":"大专","jobNature":"全职","companyLogo":"image1/M00/00/27/Cgo8PFTUWIqAFsTkAABljN6Tx2o934.jpg","salary":"15k-20k","city":"北京","financeStage":"初创型(未融资)","industryField":"移动互联网,企业服务","positionId":2079078,"approve":0,"createTime":"2016-08-30 10:44:14","positionAdvantage":"平台好，发展空间大","district":"昌平区","companyShortName":"博超","companyLabelList":["绩效奖金","五险一金","带薪年假","年度旅游"],"score":0,"companySize":"150-500人","adWord":0},{"companyId":46137,"businessZones":null,"imState":"today","lastLogin":1472549208000,"publisherId":890722,"explain":null,"plus":null,"pcShow":0,"appShow":0,"deliver":0,"gradeDescription":null,"companyFullName":"合众财产保险股份有限公司","formatCreateTime":"10:41发布","positionName":"Java","workYear":"1-3年","education":"本科","jobNature":"全职","companyLogo":"i/image/M00/4E/06/Cgp3O1epeASAJ3v_AAH47X4HMic960.jpg","salary":"12k-20k","city":"北京","financeStage":"成长型(不需要融资)","industryField":"移动互联网","positionId":2267673,"approve":1,"createTime":"2016-08-30 10:41:47","positionAdvantage":"公司高大上、领导nice、发展前景广阔。","district":null,"companyShortName":"合众财险","companyLabelList":["节日礼物","岗位晋升","管理规范","五险一金"],"score":0,"companySize":"150-500人","adWord":0},{"companyId":29496,"businessZones":["团结湖","朝阳公园","三里屯"],"imState":"disabled","lastLogin":1472548962000,"publisherId":2874609,"explain":null,"plus":null,"pcShow":0,"appShow":0,"deliver":0,"gradeDescription":null,"companyFullName":"北京闪银奇异科技有限公司","formatCreateTime":"10:40发布","positionName":"Java高级","workYear":"1-3年","education":"本科","jobNature":"全职","companyLogo":"image1/M00/00/41/Cgo8PFTUXMuAeMAuAABAtFBcbOM313.png","salary":"10k-20k","city":"北京","financeStage":"成长型(B轮)","industryField":"移动互联网,金融","positionId":1706949,"approve":1,"createTime":"2016-08-30 10:40:50","positionAdvantage":"六险一金 补充医疗 自助午餐 年度体检","district":"朝阳区","companyShortName":"闪银奇异","companyLabelList":["13~15薪","晋升空间大","定期体检","能力定薪"],"score":0,"companySize":"150-500人","adWord":0},{"companyId":43016,"businessZones":null,"imState":"disabled","lastLogin":1472524690000,"publisherId":3193182,"explain":null,"plus":null,"pcShow":0,"appShow":0,"deliver":0,"gradeDescription":null,"companyFullName":"北京云杉世界信息技术有限公司","formatCreateTime":"10:39发布","positionName":"Java开发工程师-Z（总部商城板块）","workYear":"3-5年","education":"本科","jobNature":"全职","companyLogo":"image2/M00/04/92/CgpzWlXySBqAQsm0AACqIAvx5NQ164.png","salary":"18k-36k","city":"北京","financeStage":"成熟型(C轮)","industryField":"电子商务,O2O","positionId":1832327,"approve":1,"createTime":"2016-08-30 10:39:14","positionAdvantage":"五险一金 弹性工作","district":null,"companyShortName":"美菜网","companyLabelList":["技能培训","节日礼物","绩效奖金","岗位晋升"],"score":0,"companySize":"2000人以上","adWord":0},{"companyId":104601,"businessZones":null,"imState":"today","lastLogin":1472524615000,"publisherId":3740807,"explain":null,"plus":null,"pcShow":0,"appShow":0,"deliver":0,"gradeDescription":null,"companyFullName":"百度外卖","formatCreateTime":"10:38发布","positionName":"核心服务研发工程师(go/java/c)","workYear":"1-3年","education":"本科","jobNature":"全职","companyLogo":"image2/M00/13/09/CgpzWlY5nAyATp-rAABoQyerlBE060.jpg?cc=0.10944942501373589","salary":"15k-30k","city":"北京","financeStage":"成长型(B轮)","industryField":"O2O,生活服务","positionId":2227759,"approve":0,"createTime":"2016-08-30 10:38:52","positionAdvantage":"O2O，并发高，数据量大","district":null,"companyShortName":"百度外卖","companyLabelList":["带薪年假","岗位晋升","领导好","通讯津贴"],"score":0,"companySize":"500-2000人","adWord":0},{"companyId":50702,"businessZones":["望京","来广营"],"imState":"today","lastLogin":1472576110000,"publisherId":1979411,"explain":null,"plus":null,"pcShow":0,"appShow":0,"deliver":0,"gradeDescription":null,"companyFullName":"北京三快在线科技有限公司","formatCreateTime":"10:38发布","positionName":"Java","workYear":"3-5年","education":"本科","jobNature":"全职","companyLogo":"i/image/M00/4B/6C/CgqKkVefHv-AFoRzAAAuALF7ZZ0419.png","salary":"18k-35k","city":"北京","financeStage":"成熟型(D轮及以上)","industryField":"移动互联网,O2O","positionId":2303753,"approve":1,"createTime":"2016-08-30 10:38:23","positionAdvantage":"O2O，技术控","district":"朝阳区","companyShortName":"美团点评","companyLabelList":["技能培训","绩效奖金","岗位晋升","领导好"],"score":0,"companySize":"2000人以上","adWord":0},{"companyId":63884,"businessZones":["小营","对外经贸","芍药居"],"imState":"disabled","lastLogin":1472540658000,"publisherId":1591062,"explain":null,"plus":null,"pcShow":0,"appShow":0,"deliver":0,"gradeDescription":null,"companyFullName":"北京泓泰天诚科技有限公司","formatCreateTime":"10:36发布","positionName":"高级java开发—管理方向","workYear":"3-5年","education":"大专","jobNature":"全职","companyLogo":"images/logo_default.png","salary":"14k-20k","city":"北京","financeStage":"初创型(天使轮)","industryField":"移动互联网,其他","positionId":759702,"approve":0,"createTime":"2016-08-30 10:36:18","positionAdvantage":"六险一金 十三薪 项目奖 各项福利","district":"朝阳区","companyShortName":"JYY","companyLabelList":["节日礼物","年底双薪","专项奖金","带薪年假"],"score":0,"companySize":"15-50人","adWord":0},{"companyId":73184,"businessZones":["来广营","望京"],"imState":"today","lastLogin":1472566970000,"publisherId":46312,"explain":null,"plus":null,"pcShow":0,"appShow":0,"deliver":0,"gradeDescription":null,"companyFullName":"企家有道网络技术（北京）有限公司","formatCreateTime":"10:35发布","positionName":"Java开发工程师","workYear":"3-5年","education":"本科","jobNature":"全职","companyLogo":"i/image/M00/3C/B6/CgqKkVdwpHmAFwevAABDs65h4-g872.jpg","salary":"20k-30k","city":"北京","financeStage":"成长型(A轮)","industryField":"企业服务","positionId":1422454,"approve":1,"createTime":"2016-08-30 10:35:51","positionAdvantage":"技术导向，高水平团队，氛围好，福利赞~！","district":"朝阳区","companyShortName":"薪人薪事","companyLabelList":["股票期权","扁平管理","弹性工作","五险一金"],"score":0,"companySize":"50-150人","adWord":0},{"companyId":766,"businessZones":["望京","大山子","花家地"],"imState":"today","lastLogin":1472563352000,"publisherId":3878,"explain":null,"plus":null,"pcShow":0,"appShow":0,"deliver":0,"gradeDescription":null,"companyFullName":"北京完美创意科技有限公司","formatCreateTime":"10:35发布","positionName":"Java开发工程师","workYear":"不限","education":"本科","jobNature":"全职","companyLogo":"image1/M00/31/82/CgYXBlWLxvOAVgoRAAZGmVXIEvE578.png","salary":"13k-25k","city":"北京","financeStage":"成熟型(C轮)","industryField":"移动互联网,O2O","positionId":1867168,"approve":1,"createTime":"2016-08-30 10:35:37","positionAdvantage":"健身房 年底2-4薪 无限量零食水果","district":"朝阳区","companyShortName":"更美APP","companyLabelList":["五险一金","带薪年假","定期体检","岗位晋升"],"score":0,"companySize":"150-500人","adWord":0},{"companyId":21946,"businessZones":["管庄","双桥","定福庄"],"imState":"disabled","lastLogin":1472550572000,"publisherId":2934603,"explain":null,"plus":null,"pcShow":0,"appShow":0,"deliver":0,"gradeDescription":null,"companyFullName":"北京来人网络科技有限公司","formatCreateTime":"10:34发布","positionName":"JAVA开发经理","workYear":"3-5年","education":"本科","jobNature":"全职","companyLogo":"image1/M00/00/29/CgYXBlTUWJGAVRXyAAB9NT8FhCk429.jpg","salary":"18k-35k","city":"北京","financeStage":"初创型(未融资)","industryField":"O2O","positionId":2285260,"approve":1,"createTime":"2016-08-30 10:34:46","positionAdvantage":"轻松的工作氛围 加班少 领导好 双休","district":"朝阳区","companyShortName":"来人到家","companyLabelList":["岗位晋升","五险一金","午餐补助"],"score":0,"companySize":"500-2000人","adWord":0},{"companyId":28131,"businessZones":["北苑","立水桥"],"imState":"today","lastLogin":1472550954000,"publisherId":5231907,"explain":null,"plus":null,"pcShow":0,"appShow":0,"deliver":0,"gradeDescription":null,"companyFullName":"北京智达方通科技有限公司","formatCreateTime":"10:33发布","positionName":"Java开发工程师","workYear":"不限","education":"不限","jobNature":"全职","companyLogo":"image1/M00/00/3D/Cgo8PFTUXLmAGWGBAABW6jwsFoM141.png","salary":"8k-16k","city":"北京","financeStage":"初创型(未融资)","industryField":"数据服务","positionId":1902974,"approve":1,"createTime":"2016-08-30 10:33:55","positionAdvantage":"年底双薪、带薪年假、五险一金、弹性工作","district":"朝阳区","companyShortName":"智达方通","companyLabelList":["五险一金","带薪年假","弹性工作","年底双薪"],"score":0,"companySize":"50-150人","adWord":0},{"companyId":101969,"businessZones":null,"imState":"disabled","lastLogin":1472524074000,"publisherId":2900453,"explain":null,"plus":null,"pcShow":0,"appShow":0,"deliver":0,"gradeDescription":null,"companyFullName":"中电安永投资有限公司","formatCreateTime":"10:33发布","positionName":"高级Java开发工程师","workYear":"5-10年","education":"本科","jobNature":"全职","companyLogo":"image2/M00/0F/20/CgqLKVYnRkmAOr7KAAAgOnb8llk395.jpg?cc=0.22070480207912624","salary":"15k-25k","city":"北京","financeStage":"初创型(未融资)","industryField":"其他","positionId":2100825,"approve":1,"createTime":"2016-08-30 10:33:36","positionAdvantage":"弹性工作时间、餐补车补、水果供应、双休","district":null,"companyShortName":"中电安永","companyLabelList":["带薪年假","绩效奖金","岗位晋升","领导好"],"score":0,"companySize":"15-50人","adWord":0}]}}}