{"msg":null,"resubmitToken":null,"success":true,"requestId":null,"content":{"pageNo":38,"pageSize":15,"positionResult":{"totalCount":12338,"resultSize":15,"locationInfo":{"city":"北京","district":null,"locationCode":null,"businessZone":null,"queryByGisCode":false},"queryAnalysisInfo":{"positionName":"java","companyName":null,"usefulCompany":false,"industryName":null},"strategyProperty":{"name":"dm-csearch-newSimScorer","id":1},"result":[{"companyId":3786,"formatCreateTime":"10:23发布","score":0,"positionId":2160664,"positionName":"高级JAVA开发工程师","createTime":"2016-08-30 10:23:11","positionAdvantage":"上市公司,核心项目,发展空间大,福利好","salary":"20k-25k","approve":1,"workYear":"1-3年","education":"本科","city":"北京","companyLogo":"i/image/M00/01/C8/Cgp3O1Z3lASAVbZHAABCha8eqHY645.jpg","jobNature":"全职","industryField":"移动互联网,金融","companyShortName":"宜信","financeStage":"成熟型(不需要融资)","companySize":"2000人以上","companyLabelList":["管理规范","技能培训","扁平管理","弹性工作"],"district":"朝阳区","businessZones":["大望路","华贸","红庙"],"imState":"threeDays","lastLogin":1472397212000,"publisherId":5096010,"explain":null,"plus":null,"pcShow":0,"appShow":0,"deliver":0,"gradeDescription":null,"companyFullName":"普信恒业科技发展（北京）有限公司","adWord":0},{"companyId":41823,"formatCreateTime":"1天前发布","score":0,"positionId":846394,"positionName":"Java工程师","createTime":"2016-08-29 19:59:16","positionAdvantage":"O2O、58创业项目、新团队、新挑战","salary":"15k-30k","approve":1,"workYear":"1-3年","education":"不限","city":"北京","companyLogo":"i/image/M00/01/CC/Cgp3O1Z3ydqAGMD9AAAZzkx2ztQ555.png","jobNature":"全职","industryField":"O2O,生活服务","companyShortName":"58到家","financeStage":"成长型(A轮)","companySize":"2000人以上","companyLabelList":["节日礼物","技能培训","股票期权","免费班车"],"district":"朝阳区","businessZones":["小营","对外经贸","芍药居"],"imState":"today","lastLogin":1472559591000,"publisherId":1612829,"explain":null,"plus":null,"pcShow":0,"appShow":0,"deliver":0,"gradeDescription":null,"companyFullName":"天津五八到家生活服务有限公司","adWord":0},{"companyId":19421,"formatCreateTime":"1天前发布","score":0,"positionId":2069521,"positionName":"Java开发工程师","createTime":"2016-08-29 18:57:57","positionAdvantage":"五险一金 项目奖金 各类补助 扁平管理","salary":"15k-25k","approve":1,"workYear":"3-5年","education":"大专","city":"北京","companyLogo":"image2/M00/03/45/CgpzWlXtmEuANWMsAAIZKlf5iu4981.jpg","jobNature":"全职","industryField":"电子商务,企业服务","companyShortName":"知果果网","financeStage":"成长型(A轮)","companySize":"150-500人","companyLabelList":["股票期权","带薪年假","弹性工作","节日礼物"],"district":"海淀区","businessZones":["中关村","苏州桥","苏州街"],"imState":"disabled","lastLogin":1472553730000,"publisherId":827795,"explain":null,"plus":null,"pcShow":0,"appShow":0,"deliver":0,"gradeDescription":null,"companyFullName":"北京知果科技有限公司","adWord":0},{"companyId":59902,"formatCreateTime":"1天前发布","score":0,"positionId":1145010,"positionName":"Java开发组长","createTime":"2016-08-29 18:41:08","positionAdvantage":"五险一金、弹性工作制、上市期权股票","salary":"18k-30k","approve":1,"workYear":"3-5年","education":"本科","city":"北京","companyLogo":"image1/M00/18/18/CgYXBlUTlSSAHrUXAAB7UF2a0c8923.png","jobNature":"全职","industryField":"金融","companyShortName":"轻易贷","financeStage":"上市公司","companySize":"2000人以上","companyLabelList":["五险一金","弹性工作","带薪年假","免费工作餐"],"district":"海淀区","businessZones":["西北旺","马连洼","上地"],"imState":"today","lastLogin":1472554770000,"publisherId":1509885,"explain":null,"plus":null,"pcShow":0,"appShow":0,"deliver":0,"gradeDescription":null,"companyFullName":"轻易科技有限公司","adWord":0},{"companyId":42899,"formatCreateTime":"1天前发布","score":0,"positionId":899983,"positionName":"Java开发工程师","createTime":"2016-08-29 18:24:10","positionAdvantage":"六险一金、股票期权、餐补、水果零食","salary":"15k-30k","approve":1,"workYear":"3-5年","education":"本科","city":"北京","companyLogo":"image2/M00/11/69/CgqLKVYx6mCAEWmWAAA8Uo7yHIc510.jpg?cc=0.24744720198214054","jobNature":"全职","industryField":"移动互联网,硬件","companyShortName":"小蚁","financeStage":"成熟型(C轮)","companySize":"150-500人","companyLabelList":["年底双薪","节日礼物","技能培训","年度旅游"],"district":"海淀区","businessZones":["清河","上地"],"imState":"today","lastLogin":1472523108000,"publisherId":808170,"explain":null,"plus":null,"pcShow":0,"appShow":0,"deliver":0,"gradeDescription":null,"companyFullName":"上海小蚁科技有限公司","adWord":0},{"companyId":106723,"formatCreateTime":"1天前发布","score":0,"positionId":2166329,"positionName":"高级Java开发工程师","createTime":"2016-08-29 17:58:00","positionAdvantage":"团队氛围欢乐融洽、跑步装备福利","salary":"20k-30k","approve":1,"workYear":"3-5年","education":"本科","city":"北京","companyLogo":"i/image/M00/30/93/Cgp3O1dGx4aAUd6AAAAexv_YKQY408.png","jobNature":"全职","industryField":"移动互联网","companyShortName":"悦跑圈","financeStage":"成长型(B轮)","companySize":"150-500人","companyLabelList":["节日礼物","年底双薪","带薪年假","年度旅游"],"district":"朝阳区","businessZones":["大望路","华贸","红庙"],"imState":"today","lastLogin":1472541738000,"publisherId":4616836,"explain":null,"plus":null,"pcShow":0,"appShow":0,"deliver":0,"gradeDescription":null,"companyFullName":"广州悦跑信息科技有限公司","adWord":0},{"companyId":108850,"formatCreateTime":"1天前发布","score":0,"positionId":1966572,"positionName":"Java研发工程师（后台系统）","createTime":"2016-08-29 17:57:42","positionAdvantage":"五险一金带薪年假交通补助午饭补助定期体检","salary":"10k-15k","approve":1,"workYear":"3-5年","education":"本科","city":"北京","companyLogo":"i/image/M00/01/0E/Cgp3O1ZeqeSAGuQjAAAYmpvnRwY806.jpg","jobNature":"全职","industryField":"移动互联网","companyShortName":"北京天创","financeStage":"初创型(未融资)","companySize":"50-150人","companyLabelList":["交通补助","带薪年假","绩效奖金","午餐补助"],"district":null,"businessZones":null,"imState":"today","lastLogin":1472533596000,"publisherId":3410029,"explain":null,"plus":null,"pcShow":0,"appShow":0,"deliver":0,"gradeDescription":null,"companyFullName":"北京天创星图信息技术有限公司","adWord":0},{"companyId":126095,"formatCreateTime":"1天前发布","score":0,"positionId":2301576,"positionName":"Java","createTime":"2016-08-29 17:55:10","positionAdvantage":"办公环境好,团队活跃,高科技,旅游等","salary":"15k-30k","approve":0,"workYear":"3-5年","education":"本科","city":"北京","companyLogo":"i/image/M00/23/B8/CgqKkVcYXQGAcJvTAABkmvyNlAY594.jpg","jobNature":"全职","industryField":"移动互联网,金融","companyShortName":"区块国际","financeStage":"成长型(不需要融资)","companySize":"50-150人","companyLabelList":null,"district":"西城区","businessZones":["西直门","官园"],"imState":"disabled","lastLogin":1472541911000,"publisherId":4870288,"explain":null,"plus":null,"pcShow":0,"appShow":0,"deliver":0,"gradeDescription":null,"companyFullName":"北京通联共识区块链技术服务有限公司","adWord":0},{"companyId":107447,"formatCreateTime":"1天前发布","score":0,"positionId":1282486,"positionName":"Java研发工程师","createTime":"2016-08-29 17:55:07","positionAdvantage":"丰厚的薪资待遇，良好的发展空间","salary":"15k-20k","approve":0,"workYear":"5-10年","education":"本科","city":"北京","companyLogo":"i/image/M00/00/A8/Cgp3O1ZSZzGAKw8uAAAH5nmcLus654.png","jobNature":"全职","industryField":"移动互联网,企业服务","companyShortName":"北京神州云动","financeStage":"成长型(不需要融资)","companySize":"50-150人","companyLabelList":null,"district":"海淀区","businessZones":["上地","马连洼","西二旗"],"imState":"disabled","lastLogin":1472527522000,"publisherId":3227600,"explain":null,"plus":null,"pcShow":0,"appShow":0,"deliver":0,"gradeDescription":null,"companyFullName":"北京神州云动科技股份有限公司","adWord":0},{"companyId":740,"formatCreateTime":"1天前发布","score":0,"positionId":2212131,"positionName":"Java","createTime":"2016-08-29 17:51:43","positionAdvantage":"晋升空间大 弹性工作","salary":"15k-25k","approve":1,"workYear":"3-5年","education":"本科","city":"北京","companyLogo":"image1/M00/12/43/Cgo8PFUCjeuAATJIAACYQGdLe1U616.jpg","jobNature":"全职","industryField":"移动互联网","companyShortName":"时趣social-touch","financeStage":"成熟型(D轮及以上)","companySize":"500-2000人","companyLabelList":["弹性工作","免费咖啡","年终奖金","交通补助"],"district":"朝阳区","businessZones":null,"imState":"today","lastLogin":1472541660000,"publisherId":19070,"explain":null,"plus":null,"pcShow":0,"appShow":0,"deliver":0,"gradeDescription":null,"companyFullName":"时趣互动（北京）科技有限公司","adWord":0},{"companyId":114939,"formatCreateTime":"1天前发布","score":0,"positionId":2301534,"positionName":"Java","createTime":"2016-08-29 17:51:00","positionAdvantage":"互联网金融","salary":"10k-20k","approve":0,"workYear":"3-5年","education":"本科","city":"北京","companyLogo":"i/image/M00/37/46/CgqKkVdfz2eAENPfAAFN2adQSJc034.png","jobNature":"全职","industryField":"金融,电子商务","companyShortName":"安邦电商","financeStage":"初创型(未融资)","companySize":"2000人以上","companyLabelList":null,"district":"朝阳区","businessZones":["建外大街","国贸","CBD"],"imState":"disabled","lastLogin":1472517298000,"publisherId":5352263,"explain":null,"plus":null,"pcShow":0,"appShow":0,"deliver":0,"gradeDescription":null,"companyFullName":"安邦电子商务有限公司","adWord":0},{"companyId":138806,"formatCreateTime":"1天前发布","score":0,"positionId":2301494,"positionName":"Java工程师","createTime":"2016-08-29 17:47:20","positionAdvantage":"五险一金,餐费补助,带薪年假,通讯补助","salary":"15k-20k","approve":1,"workYear":"3-5年","education":"本科","city":"北京","companyLogo":"i/image/M00/45/63/CgqKkVeIRxqAD74jAAAWkODtGus946.jpg","jobNature":"全职","industryField":"移动互联网,金融","companyShortName":"大唐金控●亿信宝","financeStage":"初创型(未融资)","companySize":"50-150人","companyLabelList":null,"district":"朝阳区","businessZones":["团结湖","朝阳公园","水碓子"],"imState":"today","lastLogin":1472536403000,"publisherId":5638389,"explain":null,"plus":null,"pcShow":0,"appShow":0,"deliver":0,"gradeDescription":null,"companyFullName":"北京亿信宝网络信息咨询有限公司","adWord":0},{"companyId":9653,"formatCreateTime":"1天前发布","score":0,"positionId":1863546,"positionName":"Java开发工程师（中高级）","createTime":"2016-08-29 17:44:32","positionAdvantage":"五险一金，餐补，年终奖金，定期体检","salary":"10k-20k","approve":1,"workYear":"3-5年","education":"本科","city":"北京","companyLogo":"image1/M00/00/14/CgYXBlTUWDyAXAN4AABzweqqFfU799.jpg","jobNature":"全职","industryField":"数据服务,分类信息","companyShortName":"北京中视广信","financeStage":"初创型(未融资)","companySize":"150-500人","companyLabelList":["五险一金","年终分红","专项奖金","节日礼物"],"district":"西城区","businessZones":["复兴门","南礼士路","西便门"],"imState":"disabled","lastLogin":1472550577000,"publisherId":2326048,"explain":null,"plus":null,"pcShow":0,"appShow":0,"deliver":0,"gradeDescription":null,"companyFullName":"北京中视广信科技有限公司","adWord":0},{"companyId":125917,"formatCreateTime":"1天前发布","score":0,"positionId":1735201,"positionName":"中级Java工程师","createTime":"2016-08-29 17:41:05","positionAdvantage":"五险一金，14-16薪，年度培训预算","salary":"15k-30k","approve":0,"workYear":"1-3年","education":"本科","city":"北京","companyLogo":"i/image/M00/23/4B/Cgp3O1cXJg6AUQtwAAAz0LdgQ_Y236.png","jobNature":"全职","industryField":"金融","companyShortName":"富赛厚德","financeStage":"成长型(不需要融资)","companySize":"150-500人","companyLabelList":null,"district":"海淀区","businessZones":["西直门","动物园","交通大学"],"imState":"today","lastLogin":1472536966000,"publisherId":4765103,"explain":null,"plus":null,"pcShow":0,"appShow":0,"deliver":0,"gradeDescription":null,"companyFullName":"北京富赛厚德资产管理有限公司","adWord":0},{"companyId":118560,"formatCreateTime":"1天前发布","score":0,"positionId":2090116,"positionName":"Java","createTime":"2016-08-29 17:36:50","positionAdvantage":"大平台下的新业务，发展潜力大，领导超nice","salary":"15k-25k","approve":1,"workYear":"3-5年","education":"本科","city":"北京","companyLogo":"i/image/M00/1B/15/Cgp3O1b7njKAftNAAAD8iO8nAcQ533.jpg","jobNature":"全职","industryField":"社交网络,电子商务","companyShortName":"国美美信","financeStage":"成熟型(不需要融资)","companySize":"500-2000人","companyLabelList":null,"district":"朝阳区","businessZones":null,"imState":"today","lastLogin":1472526352000,"publisherId":4475490,"explain":null,"plus":null,"pcShow":0,"appShow":0,"deliver":0,"gradeDescription":null,"companyFullName":"美信网络技术有限公司","adWord":0}]}},"code":0}