{"msg":null,"resubmitToken":null,"success":true,"requestId":null,"content":{"pageNo":63,"pageSize":15,"positionResult":{"totalCount":12338,"resultSize":15,"locationInfo":{"city":"北京","district":null,"locationCode":null,"businessZone":null,"queryByGisCode":false},"queryAnalysisInfo":{"positionName":"java","companyName":null,"usefulCompany":false,"industryName":null},"strategyProperty":{"name":"dm-csearch-newSimScorer","id":1},"result":[{"companyId":123875,"formatCreateTime":"1天前发布","score":0,"positionId":2214187,"positionName":"Java开发","createTime":"2016-08-29 10:04:57","positionAdvantage":"福利好 六险一金 工作地点高大上","salary":"15k-20k","approve":0,"workYear":"3-5年","education":"本科","city":"北京","companyLogo":"i/image/M00/1F/BE/CgqKkVcMas6AYNTJAAATKufhGFI796.jpg","jobNature":"全职","industryField":"移动互联网","companyShortName":"央视国际","financeStage":"成长型(不需要融资)","companySize":"150-500人","companyLabelList":["定期体检","专项奖金","领导好","管理规范"],"district":null,"businessZones":null,"imState":"disabled","lastLogin":1471935990000,"publisherId":5877616,"explain":null,"plus":null,"pcShow":0,"appShow":0,"deliver":0,"gradeDescription":null,"companyFullName":"央视国际视频通讯有限公司","adWord":0},{"companyId":86020,"formatCreateTime":"1天前发布","score":0,"positionId":2263393,"positionName":"Java","createTime":"2016-08-29 10:02:40","positionAdvantage":"双休,五险一金,项目津贴,生活补贴","salary":"5k-8k","approve":0,"workYear":"不限","education":"不限","city":"北京","companyLogo":"i/image/M00/34/C3/Cgp3O1dWhLuAfozoAACRraBlw04134.png","jobNature":"全职","industryField":"移动互联网,企业服务","companyShortName":"中软创新","financeStage":"初创型(天使轮)","companySize":"150-500人","companyLabelList":["技能培训","节日礼物","专项奖金","绩效奖金"],"district":"海淀区","businessZones":["上地","马连洼","西二旗"],"imState":"disabled","lastLogin":1471931057000,"publisherId":4936732,"explain":null,"plus":null,"pcShow":0,"appShow":0,"deliver":0,"gradeDescription":null,"companyFullName":"中软创新（北京）科技有限公司","adWord":0},{"companyId":10441,"formatCreateTime":"1天前发布","score":0,"positionId":2197599,"positionName":"Java架构师","createTime":"2016-08-29 10:01:06","positionAdvantage":"扁平化管理，有竞争力的薪资体系","salary":"25k-35k","approve":1,"workYear":"5-10年","education":"本科","city":"北京","companyLogo":"image1/M00/1D/A0/CgYXBlUrgIGAGm2cAAA7s-TaMwM646.jpg","jobNature":"全职","industryField":"数据服务","companyShortName":"北京无双科技","financeStage":"成长型(A轮)","companySize":"150-500人","companyLabelList":["股票期权","绩效奖金","年底双薪","五险一金"],"district":"朝阳区","businessZones":null,"imState":"today","lastLogin":1472538246000,"publisherId":5300099,"explain":null,"plus":null,"pcShow":0,"appShow":0,"deliver":0,"gradeDescription":null,"companyFullName":"北京无双科技有限公司","adWord":0},{"companyId":136978,"formatCreateTime":"1天前发布","score":0,"positionId":2266788,"positionName":"高级Java","createTime":"2016-08-29 09:51:29","positionAdvantage":"免费班车、居住证、年假、旅游、绩效奖金","salary":"15k-20k","approve":0,"workYear":"3-5年","education":"本科","city":"北京","companyLogo":"i/image/M00/3F/16/CgqKkVd2JdKAewuuAAATpdprgrA613.jpg","jobNature":"全职","industryField":"金融","companyShortName":"玖富技术中心","financeStage":"成长型(A轮)","companySize":"2000人以上","companyLabelList":["绩效奖金","免费班车","五险一金","部门旅游"],"district":"朝阳区","businessZones":["望京","大山子","花家地"],"imState":"today","lastLogin":1472547368000,"publisherId":5201513,"explain":null,"plus":null,"pcShow":0,"appShow":0,"deliver":0,"gradeDescription":null,"companyFullName":"北京玖富联银科技有限公司","adWord":0},{"companyId":56966,"formatCreateTime":"1天前发布","score":0,"positionId":1879878,"positionName":"Java","createTime":"2016-08-29 09:51:27","positionAdvantage":"五险一金 住宿 奖金","salary":"6k-8k","approve":1,"workYear":"不限","education":"不限","city":"北京","companyLogo":"i/image/M00/4A/4F/Cgp3O1eZ7t-AK8QeAASPjQE5VRk869.jpg","jobNature":"全职","industryField":"移动互联网","companyShortName":"博达软件","financeStage":"初创型(天使轮)","companySize":"150-500人","companyLabelList":["年底双薪","节日礼物","技能培训","专项奖金"],"district":"海淀区","businessZones":["上地","马连洼","西二旗"],"imState":"disabled","lastLogin":1472461120000,"publisherId":1433372,"explain":null,"plus":null,"pcShow":0,"appShow":0,"deliver":0,"gradeDescription":null,"companyFullName":"北京博达远创科技发展有限公司","adWord":0},{"companyId":2874,"formatCreateTime":"1天前发布","score":0,"positionId":1898548,"positionName":"Java","createTime":"2016-08-29 09:49:56","positionAdvantage":"五险一金 带薪年假 加班补助 节日福利","salary":"10k-20k","approve":0,"workYear":"3-5年","education":"大专","city":"北京","companyLogo":"i/image/M00/00/35/Cgp3O1YzICyAFGtfAAATdigR4-k335.jpg","jobNature":"全职","industryField":"信息安全","companyShortName":"椒图科技","financeStage":"成长型(A轮)","companySize":"50-150人","companyLabelList":["五险一金","绩效奖金","专项奖金","带薪年假"],"district":"海淀区","businessZones":["西三旗","清河","小营"],"imState":"today","lastLogin":1472521068000,"publisherId":3025913,"explain":null,"plus":null,"pcShow":0,"appShow":0,"deliver":0,"gradeDescription":null,"companyFullName":"深圳市安盾椒图科技有限公司北京分公司","adWord":0},{"companyId":4836,"formatCreateTime":"1天前发布","score":0,"positionId":2068166,"positionName":"Java","createTime":"2016-08-29 09:49:04","positionAdvantage":"班车、物流核心系统、居住证、安居计划","salary":"15k-30k","approve":1,"workYear":"3-5年","education":"本科","city":"北京","companyLogo":"image2/M00/07/C8/CgpzWlYAsfGATpk7AAAJkGWG2kk774.png?cc=0.19381895544938743","jobNature":"全职","industryField":"电子商务","companyShortName":"京东商城","financeStage":"上市公司","companySize":"2000人以上","companyLabelList":["技能培训","年底双薪","节日礼物","绩效奖金"],"district":"大兴区","businessZones":null,"imState":"disabled","lastLogin":1472459933000,"publisherId":5583901,"explain":null,"plus":null,"pcShow":0,"appShow":0,"deliver":0,"gradeDescription":null,"companyFullName":"北京京东尚科信息技术有限公司","adWord":0},{"companyId":35422,"formatCreateTime":"1天前发布","score":0,"positionId":1765356,"positionName":"Java高级软件开发工程师","createTime":"2016-08-29 09:47:11","positionAdvantage":"优质的平台，班车，弹性工作时间","salary":"20k-30k","approve":0,"workYear":"5-10年","education":"大专","city":"北京","companyLogo":"i/image/M00/08/D2/Cgp3O1bRFcSAHMtPAAAelCJqdO8411.png","jobNature":"全职","industryField":"电子商务","companyShortName":"京东","financeStage":"上市公司","companySize":"2000人以上","companyLabelList":["年底双薪","节日礼物","技能培训","岗位晋升"],"district":"大兴区","businessZones":null,"imState":"disabled","lastLogin":1472463001000,"publisherId":4878603,"explain":null,"plus":null,"pcShow":0,"appShow":0,"deliver":0,"gradeDescription":null,"companyFullName":"京东商城","adWord":0},{"companyId":22862,"formatCreateTime":"1天前发布","score":0,"positionId":1984982,"positionName":"Java","createTime":"2016-08-29 09:46:49","positionAdvantage":"弹性制上班 工作氛围轻松","salary":"8k-13k","approve":1,"workYear":"1-3年","education":"本科","city":"北京","companyLogo":"image1/M00/00/2C/CgYXBlTUXHOAPmTsAACEZGcxlZQ644.jpg","jobNature":"全职","industryField":"企业服务,金融","companyShortName":"上海华腾软件系统有限公司","financeStage":"上市公司","companySize":"2000人以上","companyLabelList":["年底双薪","绩效奖金","带薪年假","定期体检"],"district":"昌平区","businessZones":null,"imState":"disabled","lastLogin":1472537509000,"publisherId":4915025,"explain":null,"plus":null,"pcShow":0,"appShow":0,"deliver":0,"gradeDescription":null,"companyFullName":"上海华腾软件系统有限公司","adWord":0},{"companyId":57436,"formatCreateTime":"1天前发布","score":0,"positionId":2122030,"positionName":"Java工程师","createTime":"2016-08-29 09:45:14","positionAdvantage":"弹性工作 不考勤 股票期权 出境游 下午茶","salary":"15k-25k","approve":1,"workYear":"1-3年","education":"本科","city":"北京","companyLogo":"i/image/M00/18/15/Cgp3O1bzQRqAKpJhAACUnGjr-9I658.jpg","jobNature":"全职","industryField":"移动互联网,教育","companyShortName":"一米蓝","financeStage":"成长型(A轮)","companySize":"15-50人","companyLabelList":["节日礼物","股票期权","带薪年假","岗位晋升"],"district":"海淀区","businessZones":["中关村","人民大学","知春路"],"imState":"today","lastLogin":1472553496000,"publisherId":1449668,"explain":null,"plus":null,"pcShow":0,"appShow":0,"deliver":0,"gradeDescription":null,"companyFullName":"北京一米蓝科技有限公司","adWord":0},{"companyId":29337,"formatCreateTime":"1天前发布","score":0,"positionId":1297494,"positionName":"Java","createTime":"2016-08-29 09:45:04","positionAdvantage":"年底双薪，绩效奖金，年度旅游，节日福利，","salary":"13k-25k","approve":1,"workYear":"1-3年","education":"不限","city":"北京","companyLogo":"image1/M00/00/41/CgYXBlTUXMmAPrxWAACFPdEGjl8225.png","jobNature":"全职","industryField":"金融","companyShortName":"和信贷","financeStage":"成长型(A轮)","companySize":"500-2000人","companyLabelList":["节日礼物","专项奖金","股票期权","绩效奖金"],"district":"朝阳区","businessZones":["大望路","华贸","百子湾"],"imState":"disabled","lastLogin":1472527635000,"publisherId":1630129,"explain":null,"plus":null,"pcShow":0,"appShow":0,"deliver":0,"gradeDescription":null,"companyFullName":"和信电子商务有限公司","adWord":0},{"companyId":7001,"formatCreateTime":"1天前发布","score":0,"positionId":2130521,"positionName":"Java","createTime":"2016-08-29 09:44:29","positionAdvantage":"弹性工作、五险一金、补充医疗、股票期权","salary":"15k-30k","approve":1,"workYear":"5-10年","education":"本科","city":"北京","companyLogo":"i/image/M00/31/F0/Cgp3O1dM9j-AFqkXAAA4fknnR5k098.jpg","jobNature":"全职","industryField":"移动互联网","companyShortName":"指掌易","financeStage":"成长型(A轮)","companySize":"50-150人","companyLabelList":["绩效奖金","股票期权","专项奖金","定期体检"],"district":"朝阳区","businessZones":["亚运村","奥运村","大屯"],"imState":"today","lastLogin":1472544128000,"publisherId":77408,"explain":null,"plus":null,"pcShow":0,"appShow":0,"deliver":0,"gradeDescription":null,"companyFullName":"北京指掌易科技有限公司","adWord":0},{"companyId":45361,"formatCreateTime":"1天前发布","score":0,"positionId":1615167,"positionName":"Java","createTime":"2016-08-29 09:44:26","positionAdvantage":"五险、团体医疗、绩效奖金","salary":"7k-10k","approve":0,"workYear":"1-3年","education":"大专","city":"北京","companyLogo":"image1/M00/00/73/Cgo8PFTUXZ2AOqUBAABbQCt1Zpw725.png","jobNature":"全职","industryField":"金融","companyShortName":"财富之声","financeStage":"初创型(未融资)","companySize":"少于15人","companyLabelList":["股票期权","年度旅游","扁平管理","定期体检"],"district":"石景山区","businessZones":["八宝山","鲁谷","永乐"],"imState":"today","lastLogin":1472552662000,"publisherId":1464344,"explain":null,"plus":null,"pcShow":0,"appShow":0,"deliver":0,"gradeDescription":null,"companyFullName":"财富之声（北京）信息技术有限公司","adWord":0},{"companyId":40035,"formatCreateTime":"1天前发布","score":0,"positionId":1997335,"positionName":"JAVA软件开发工程师（java电商）(000770)","createTime":"2016-08-29 09:43:27","positionAdvantage":"五险一金、商业保险、通讯补助、加班交通补","salary":"7k-14k","approve":1,"workYear":"不限","education":"本科","city":"北京","companyLogo":"image1/M00/1B/EB/Cgo8PFUj7ciACVWlAABswJu8ACo881.jpg","jobNature":"全职","industryField":"招聘","companyShortName":"方正国际软件有限公司","financeStage":"上市公司","companySize":"2000人以上","companyLabelList":["节日礼物","技能培训","绩效奖金","岗位晋升"],"district":"海淀区","businessZones":null,"imState":"disabled","lastLogin":1472547678000,"publisherId":1555189,"explain":null,"plus":null,"pcShow":0,"appShow":0,"deliver":0,"gradeDescription":null,"companyFullName":"方正国际软件有限公司","adWord":0},{"companyId":67034,"formatCreateTime":"1天前发布","score":0,"positionId":1970675,"positionName":"Java开发工程师、Java高级技术经理/高级工程师","createTime":"2016-08-29 09:42:28","positionAdvantage":"弹性时间 发展空间 五险一金","salary":"8k-15k","approve":1,"workYear":"1-3年","education":"不限","city":"北京","companyLogo":"image1/M00/34/47/CgYXBlWWaPSAFDHsAAB1HSkDqkQ730.png","jobNature":"全职","industryField":"移动互联网,O2O","companyShortName":"井底之蛙","financeStage":"初创型(天使轮)","companySize":"15-50人","companyLabelList":["技能培训","股票期权","岗位晋升","扁平管理"],"district":"海淀区","businessZones":["双榆树","当代","人民大学"],"imState":"threeDays","lastLogin":1472460709000,"publisherId":2042679,"explain":null,"plus":null,"pcShow":0,"appShow":0,"deliver":0,"gradeDescription":null,"companyFullName":"井底之蛙(北京)科技有限公司","adWord":0}]}},"code":0}