{"msg":null,"success":true,"requestId":null,"resubmitToken":null,"content":{"pageNo":15,"pageSize":15,"positionResult":{"queryAnalysisInfo":{"industryName":null,"usefulCompany":false,"positionName":"java","companyName":null},"strategyProperty":{"name":"dm-csearch-newSimScorer","id":1},"totalCount":12338,"resultSize":15,"locationInfo":{"businessZone":null,"locationCode":null,"queryByGisCode":false,"city":"北京","district":null},"result":[{"companyId":5748,"explain":null,"plus":null,"pcShow":0,"appShow":0,"deliver":0,"gradeDescription":null,"businessZones":null,"imState":"today","lastLogin":1472547925000,"publisherId":57912,"positionName":"Java","workYear":"3-5年","education":"本科","jobNature":"全职","positionId":2053689,"createTime":"2016-08-30 14:33:03","city":"北京","companyLogo":"i/image/M00/46/C8/Cgp3O1eNq0GAdlNqAAAS8KcIaa8064.jpg","industryField":"企业服务,数据服务","positionAdvantage":"互联网企业 因你而变","salary":"16k-32k","companySize":"150-500人","approve":1,"financeStage":"成长型(不需要融资)","companyLabelList":["五险一金","带薪年假","免费班车","领导好"],"district":"大兴区","companyShortName":"天润融通","score":0,"formatCreateTime":"14:33发布","companyFullName":"北京天润融通科技有限公司","adWord":0},{"companyId":329,"explain":null,"plus":null,"pcShow":0,"appShow":0,"deliver":0,"gradeDescription":null,"businessZones":["中关村","魏公村","皂君庙"],"imState":"disabled","lastLogin":1472560655000,"publisherId":5118940,"positionName":"高级Java工程师","workYear":"1-3年","education":"本科","jobNature":"全职","positionId":1846405,"createTime":"2016-08-30 14:28:04","city":"北京","companyLogo":"image1/M00/1C/DB/Cgo8PFUnbyyAOmwZAABKPABIzv8461.png","industryField":"数据服务,文化娱乐","positionAdvantage":"公司福利，免费中晚餐，健身房，班车，团建","salary":"15k-30k","companySize":"2000人以上","approve":1,"financeStage":"上市公司","companyLabelList":["节日礼物","技能培训","免费班车","带薪年假"],"district":"海淀区","companyShortName":"网易","score":0,"formatCreateTime":"14:28发布","companyFullName":"网之易信息技术（北京）有限公司","adWord":0},{"companyId":106789,"explain":null,"plus":null,"pcShow":0,"appShow":0,"deliver":0,"gradeDescription":null,"businessZones":["酒仙桥","大山子","将台路"],"imState":"disabled","lastLogin":1472562335000,"publisherId":3621130,"positionName":"Java","workYear":"3-5年","education":"本科","jobNature":"全职","positionId":2276154,"createTime":"2016-08-30 14:20:44","city":"北京","companyLogo":"image2/M00/17/39/CgqLKVZKk16AQkklAALPi2ELiQQ993.png?cc=0.580324740614742","industryField":"移动互联网,数据服务","positionAdvantage":"14薪 双休 入职五险一金 氛围活跃轻松","salary":"8k-15k","companySize":"15-50人","approve":0,"financeStage":"初创型(天使轮)","companyLabelList":["年底双薪","专项奖金","绩效奖金","年度旅游"],"district":"朝阳区","companyShortName":"合源科技","score":0,"formatCreateTime":"14:20发布","companyFullName":"北京合源智慧科技发展有限公司","adWord":0},{"companyId":328,"explain":null,"plus":null,"pcShow":0,"appShow":0,"deliver":0,"gradeDescription":null,"businessZones":["颐和园","西苑","北京大学"],"imState":"today","lastLogin":1472553359000,"publisherId":276614,"positionName":"Java（接口）","workYear":"3-5年","education":"本科","jobNature":"全职","positionId":2276029,"createTime":"2016-08-30 14:19:55","city":"北京","companyLogo":"image1/M00/1E/B9/CgYXBlUvZOWATYhDAACLGlG72Kw005.jpg","industryField":"移动互联网","positionAdvantage":"年终奖 绩效奖金 带薪年假","salary":"15k-30k","companySize":"150-500人","approve":1,"financeStage":"成熟型(C轮)","companyLabelList":["技能培训","年底双薪","产品创新","绩效奖金"],"district":"海淀区","companyShortName":"考拉FM","score":0,"formatCreateTime":"14:19发布","companyFullName":"众联智领科技（北京）有限公司","adWord":0},{"companyId":21474,"explain":null,"plus":null,"pcShow":0,"appShow":0,"deliver":0,"gradeDescription":null,"businessZones":null,"imState":"today","lastLogin":1472548676000,"publisherId":573389,"positionName":"高级Java开发","workYear":"5-10年","education":"本科","jobNature":"全职","positionId":2114516,"createTime":"2016-08-30 14:13:12","city":"北京","companyLogo":"image1/M00/20/18/CgYXBlU19iSAUtXeAABr7iOZRbs256.jpg","industryField":"电子商务","positionAdvantage":"和牛X的人一起做牛X的事儿","salary":"20k-30k","companySize":"50-150人","approve":1,"financeStage":"成长型(不需要融资)","companyLabelList":["团队建设","商业医疗保险","带薪年假","绩效奖金"],"district":null,"companyShortName":"必要商城","score":0,"formatCreateTime":"14:13发布","companyFullName":"珠海必要科技有限公司","adWord":0},{"companyId":1914,"explain":null,"plus":null,"pcShow":0,"appShow":0,"deliver":0,"gradeDescription":null,"businessZones":["中关村","北京大学","苏州街"],"imState":"disabled","lastLogin":1472558101000,"publisherId":1326272,"positionName":"Java高级开发工程师","workYear":"3-5年","education":"本科","jobNature":"全职","positionId":1620245,"createTime":"2016-08-30 14:09:46","city":"北京","companyLogo":"i/image/M00/01/39/Cgp3O1Zk9luAeL0jAAAO0FvOuQE553.png","industryField":"数据服务,文化娱乐","positionAdvantage":"16至22薪、每天水果、技术氛围","salary":"13k-25k","companySize":"2000人以上","approve":1,"financeStage":"上市公司","companyLabelList":["带薪年假","岗位晋升","五险一金","弹性工作"],"district":"海淀区","companyShortName":"优酷土豆","score":0,"formatCreateTime":"14:09发布","companyFullName":"合一网络技术（北京）有限公司","adWord":0},{"companyId":29668,"explain":null,"plus":null,"pcShow":0,"appShow":0,"deliver":0,"gradeDescription":null,"businessZones":["健翔桥","北太平庄","牡丹园"],"imState":"today","lastLogin":1472537225000,"publisherId":1858050,"positionName":"Java","workYear":"3-5年","education":"本科","jobNature":"全职","positionId":1688709,"createTime":"2016-08-30 14:08:31","city":"北京","companyLogo":"image1/M00/00/42/Cgo8PFTUXM2ATkzSAABpIxW-mAw431.jpg","industryField":"企业服务","positionAdvantage":"内部岗位，全额五险一金，高薪资，大平台","salary":"10k-18k","companySize":"500-2000人","approve":0,"financeStage":"初创型(未融资)","companyLabelList":["年底双薪","技能培训","绩效奖金","年度旅游"],"district":"朝阳区","companyShortName":"龙图软件有限公司","score":0,"formatCreateTime":"14:08发布","companyFullName":"深圳市龙图软件有限公司","adWord":0},{"companyId":28014,"explain":null,"plus":null,"pcShow":0,"appShow":0,"deliver":0,"gradeDescription":null,"businessZones":["国贸","CBD","东大桥"],"imState":"disabled","lastLogin":1472549694000,"publisherId":363934,"positionName":"高级java工程师","workYear":"3-5年","education":"本科","jobNature":"全职","positionId":170246,"createTime":"2016-08-30 14:08:09","city":"北京","companyLogo":"image1/M00/00/3D/Cgo8PFTUXLeAVnodAABnJ4KXAuY780.jpg","industryField":"移动互联网","positionAdvantage":"大数据分析，C轮，丰厚期权，巨大成长空间","salary":"15k-25k","companySize":"150-500人","approve":1,"financeStage":"成熟型(C轮)","companyLabelList":["期权股激励","领导好","五险一金","巨大成长空间"],"district":"朝阳区","companyShortName":"永洪科技","score":0,"formatCreateTime":"14:08发布","companyFullName":"北京永洪商智科技有限公司","adWord":0},{"companyId":92258,"explain":null,"plus":null,"pcShow":0,"appShow":0,"deliver":0,"gradeDescription":null,"businessZones":["朝外","东四"],"imState":"disabled","lastLogin":1472549272000,"publisherId":2380358,"positionName":"Java","workYear":"3-5年","education":"本科","jobNature":"全职","positionId":1498308,"createTime":"2016-08-30 14:07:20","city":"北京","companyLogo":"image2/M00/00/2E/CgpzWlXdUt-AX7KdAAAMR_uZuBw112.jpg?cc=0.5878222670871764","industryField":"移动互联网,O2O","positionAdvantage":"薪资福利好，加班不多","salary":"20k-40k","companySize":"150-500人","approve":0,"financeStage":"上市公司","companyLabelList":["年底双薪","股票期权","专项奖金","带薪年假"],"district":"朝阳区","companyShortName":"百年爱贝","score":0,"formatCreateTime":"14:07发布","companyFullName":"北京百年爱贝科技有限公司","adWord":0},{"companyId":58140,"explain":null,"plus":null,"pcShow":0,"appShow":0,"deliver":0,"gradeDescription":null,"businessZones":["亦庄"],"imState":"disabled","lastLogin":1472537020000,"publisherId":1464825,"positionName":"Java","workYear":"1-3年","education":"本科","jobNature":"全职","positionId":1396436,"createTime":"2016-08-30 14:03:44","city":"北京","companyLogo":"image1/M00/1A/66/Cgo8PFUbv86AJ8iBAABeyuMHiSA310.png","industryField":"信息安全,移动互联网","positionAdvantage":"五险一金、独立股票期权池","salary":"15k-30k","companySize":"50-150人","approve":0,"financeStage":"成长型(A轮)","companyLabelList":["入职分股票","住房通迅补贴","年内启动B轮","薪水高"],"district":"大兴区","companyShortName":"北京天空卫士网络安全","score":0,"formatCreateTime":"14:03发布","companyFullName":"北京天空卫士网络安全技术有限公司","adWord":0},{"companyId":63383,"explain":null,"plus":null,"pcShow":0,"appShow":0,"deliver":0,"gradeDescription":null,"businessZones":["天竺","新国展"],"imState":"today","lastLogin":1472536689000,"publisherId":4513025,"positionName":"Java","workYear":"1-3年","education":"大专","jobNature":"全职","positionId":2153298,"createTime":"2016-08-30 13:59:12","city":"北京","companyLogo":"image1/M00/43/C0/Cgo8PFXSyROAXr5CAAATF5nO3SI031.jpg","industryField":"企业服务,数据服务","positionAdvantage":"物流项目 朝阳行业 能力提升 五险一金","salary":"8k-12k","companySize":"2000人以上","approve":1,"financeStage":"上市公司","companyLabelList":["技能培训","节日礼物","免费班车","带薪年假"],"district":"顺义区","companyShortName":"博彦科技","score":0,"formatCreateTime":"13:59发布","companyFullName":"博彦科技股份有限公司","adWord":0},{"companyId":30285,"explain":null,"plus":null,"pcShow":0,"appShow":0,"deliver":0,"gradeDescription":null,"businessZones":null,"imState":"disabled","lastLogin":1472544339000,"publisherId":2820447,"positionName":"高级Java","workYear":"3-5年","education":"大专","jobNature":"全职","positionId":2180090,"createTime":"2016-08-30 13:58:41","city":"北京","companyLogo":"image1/M00/00/44/Cgo8PFTUXNWAQntiAABV9ZKaGzQ407.jpg","industryField":"金融,数据服务","positionAdvantage":"五险一金 不定期团建 节假日福利等","salary":"15k-25k","companySize":"150-500人","approve":1,"financeStage":"成长型(B轮)","companyLabelList":["节日礼物","带薪年假","岗位晋升","管理规范"],"district":null,"companyShortName":"资信财富集团","score":0,"formatCreateTime":"13:58发布","companyFullName":"资信财富投资（集团）有限公司","adWord":0},{"companyId":35422,"explain":null,"plus":null,"pcShow":0,"appShow":0,"deliver":0,"gradeDescription":null,"businessZones":null,"imState":"disabled","lastLogin":1471831626000,"publisherId":5935614,"positionName":"Java开发工程师","workYear":"不限","education":"不限","jobNature":"全职","positionId":2256156,"createTime":"2016-08-30 13:55:53","city":"北京","companyLogo":"i/image/M00/08/D2/Cgp3O1bRFcSAHMtPAAAelCJqdO8411.png","industryField":"电子商务","positionAdvantage":"保险全额缴,全京班车,福利全面,年底双薪","salary":"15k-30k","companySize":"2000人以上","approve":0,"financeStage":"上市公司","companyLabelList":["年底双薪","节日礼物","技能培训","岗位晋升"],"district":"大兴区","companyShortName":"京东","score":0,"formatCreateTime":"13:55发布","companyFullName":"京东商城","adWord":0},{"companyId":130066,"explain":null,"plus":null,"pcShow":0,"appShow":0,"deliver":0,"gradeDescription":null,"businessZones":["西二旗","龙泽","回龙观"],"imState":"overSevenDays","lastLogin":1471334382000,"publisherId":5105432,"positionName":"Java","workYear":"不限","education":"大专","jobNature":"全职","positionId":2305116,"createTime":"2016-08-30 13:55:49","city":"北京","companyLogo":"i/image/M00/2C/FF/Cgp3O1c6x5uAEZtSAAAQNyoTt88836.jpg","industryField":"移动互联网,O2O","positionAdvantage":"弹性工作,五险,年底奖金","salary":"5k-8k","companySize":"15-50人","approve":0,"financeStage":"初创型(未融资)","companyLabelList":null,"district":"海淀区","companyShortName":"世清科技","score":0,"formatCreateTime":"13:55发布","companyFullName":"北京世清科技有限公司","adWord":0},{"companyId":24701,"explain":null,"plus":null,"pcShow":0,"appShow":0,"deliver":0,"gradeDescription":null,"businessZones":["展览路","百万庄","阜成门"],"imState":"disabled","lastLogin":1472536506000,"publisherId":713410,"positionName":"Java开发工程师","workYear":"1-3年","education":"本科","jobNature":"全职","positionId":274021,"createTime":"2016-08-30 13:55:20","city":"北京","companyLogo":"image1/M00/00/32/Cgo8PFTUXIyAMcfSAABgA8sOovs627.png","industryField":"电子商务,O2O","positionAdvantage":"优秀的创业团队；股权分红","salary":"10k-20k","companySize":"150-500人","approve":0,"financeStage":"成熟型(C轮)","companyLabelList":["专项奖金","股票期权","年底双薪","带薪年假"],"district":"西城区","companyShortName":"汇银丰网络","score":0,"formatCreateTime":"13:55发布","companyFullName":"北京汇银丰网络技术有限公司","adWord":0}]}},"code":0}