{"resubmitToken":null,"success":true,"requestId":null,"msg":null,"content":{"pageNo":8,"pageSize":15,"positionResult":{"totalCount":12338,"resultSize":15,"locationInfo":{"city":"北京","district":null,"queryByGisCode":false,"businessZone":null,"locationCode":null},"queryAnalysisInfo":{"positionName":"java","companyName":null,"industryName":null,"usefulCompany":false},"strategyProperty":{"name":"dm-csearch-newSimScorer","id":1},"result":[{"companyFullName":"北京圣特尔科技发展有限公司","adWord":0,"companyId":4560,"formatCreateTime":"17:07发布","businessZones":["北苑","立水桥"],"imState":"today","lastLogin":1472545635000,"positionId":1964318,"industryField":"电子商务","education":"大专","workYear":"1-3年","city":"北京","positionAdvantage":"六险一金快乐自由的企业文化完善的职级晋升","createTime":"2016-08-30 17:07:41","salary":"10k-20k","positionName":"Java开发工程师","companySize":"150-500人","companyShortName":"圣特尔&middot;E店宝","companyLogo":"upload/logo/ff8080814c723f05014c7df34e0601ed.png","financeStage":"成熟型(C轮)","approve":1,"jobNature":"全职","companyLabelList":["绩效奖金","五险一金","通讯津贴","带薪年假"],"district":"朝阳区","score":0,"publisherId":1522669,"explain":null,"plus":null,"pcShow":0,"appShow":0,"deliver":0,"gradeDescription":null},{"companyFullName":"北京盛世全景科技有限公司","adWord":0,"companyId":55685,"formatCreateTime":"17:03发布","businessZones":["五道口","中关村","清华大学"],"imState":"today","lastLogin":1472546955000,"positionId":1670980,"industryField":"金融,数据服务","education":"本科","workYear":"1-3年","city":"北京","positionAdvantage":"五险一金 年终奖 项目奖 节假日福利 补贴","createTime":"2016-08-30 17:03:48","salary":"10k-20k","positionName":"Java","companySize":"15-50人","companyShortName":"盛世全景","companyLogo":"i/image/M00/25/82/CgqKkVce7NOAJhSqAAArGRhvnSU397.png","financeStage":"初创型(天使轮)","approve":1,"jobNature":"全职","companyLabelList":["节日礼物","技能培训","岗位晋升","管理规范"],"district":"海淀区","score":0,"publisherId":1592930,"explain":null,"plus":null,"pcShow":0,"appShow":0,"deliver":0,"gradeDescription":null},{"companyFullName":"宁夏丝路通网络支付有限公司北京分公司","adWord":0,"companyId":54313,"formatCreateTime":"16:58发布","businessZones":["来广营","望京"],"imState":"disabled","lastLogin":1472547475000,"positionId":1383496,"industryField":"电子商务","education":"本科","workYear":"3-5年","city":"北京","positionAdvantage":"五险一金，年底双薪，餐补，通讯补贴","createTime":"2016-08-30 16:58:20","salary":"10k-15k","positionName":"高级JAVA开发工程师","companySize":"150-500人","companyShortName":"宁夏丝路通网络支付有限公司","companyLogo":"image1/M00/0C/7E/CgYXBlT1daaAA7fAAABDhBCuF4I304.png","financeStage":"成长型(不需要融资)","approve":1,"jobNature":"全职","companyLabelList":["节日礼物","岗位晋升","管理规范","帅哥多"],"district":"朝阳区","score":0,"publisherId":3609881,"explain":null,"plus":null,"pcShow":0,"appShow":0,"deliver":0,"gradeDescription":null},{"companyFullName":"信和惠民投资管理（北京）有限公司","adWord":0,"companyId":118287,"formatCreateTime":"16:54发布","businessZones":null,"imState":"disabled","lastLogin":1472547272000,"positionId":2008957,"industryField":"移动互联网,金融","education":"本科","workYear":"5-10年","city":"北京","positionAdvantage":"五险一金/法定假期/办公环境优越/平台稳定","createTime":"2016-08-30 16:54:43","salary":"18k-25k","positionName":"高级java开发工程师","companySize":"2000人以上","companyShortName":"信和财富","companyLogo":"i/image/M00/0F/26/CgqKkVbdU4CARusUAAA3syhFI7A812.jpg","financeStage":"成熟型(不需要融资)","approve":0,"jobNature":"全职","companyLabelList":["年底双薪","绩效奖金","午餐补助","带薪年假"],"district":null,"score":0,"publisherId":4868922,"explain":null,"plus":null,"pcShow":0,"appShow":0,"deliver":0,"gradeDescription":null},{"companyFullName":"北京高思博乐教育科技股份有限公司","adWord":0,"companyId":141803,"formatCreateTime":"16:49发布","businessZones":["北航","五道口","学院路"],"imState":"today","lastLogin":1472527057000,"positionId":2184602,"industryField":"教育,移动互联网","education":"本科","workYear":"3-5年","city":"北京","positionAdvantage":"平台好,大牛团队,领导好","createTime":"2016-08-30 16:49:31","salary":"20k-30k","positionName":"Java高级","companySize":"2000人以上","companyShortName":"高思教育集团","companyLogo":"i/image/M00/4B/38/Cgp3O1eex5aARsK5AAAdiha4MOc189.jpg","financeStage":"成长型(B轮)","approve":0,"jobNature":"全职","companyLabelList":["年底双薪","绩效奖金","带薪年假","专项奖金"],"district":"海淀区","score":0,"publisherId":5791912,"explain":null,"plus":null,"pcShow":0,"appShow":0,"deliver":0,"gradeDescription":null},{"companyFullName":"嘉琪科技（北京）有限公司","adWord":0,"companyId":58628,"formatCreateTime":"16:45发布","businessZones":["潘家园","劲松","南磨房"],"imState":"today","lastLogin":1472543128000,"positionId":2024389,"industryField":"移动互联网,电子商务","education":"本科","workYear":"5-10年","city":"北京","positionAdvantage":"待遇好","createTime":"2016-08-30 16:45:40","salary":"18k-30k","positionName":"Java高级开发工程师","companySize":"2000人以上","companyShortName":"中电普华","companyLogo":"i/image/M00/3F/E4/CgqKkVd5vJaAKH4oAAFJgj0gCjA341.png","financeStage":"成熟型(不需要融资)","approve":0,"jobNature":"全职","companyLabelList":["节日礼物","年度旅游","五险一金","弹性工作"],"district":"朝阳区","score":0,"publisherId":1679089,"explain":null,"plus":null,"pcShow":0,"appShow":0,"deliver":0,"gradeDescription":null},{"companyFullName":"上海聚力传媒技术有限公司","adWord":0,"companyId":17291,"formatCreateTime":"16:39发布","businessZones":["八里庄","十里堡","四惠"],"imState":"disabled","lastLogin":1472551965000,"positionId":1920053,"industryField":"文化娱乐","education":"本科","workYear":"3-5年","city":"北京","positionAdvantage":"弹性工作 五险一金","createTime":"2016-08-30 16:39:59","salary":"15k-25k","positionName":"Java","companySize":"500-2000人","companyShortName":"PPTV聚力","companyLogo":"image1/M00/00/20/Cgo8PFTUWG-AJ_RcAABOwW62zTo774.jpg","financeStage":"成熟型(D轮及以上)","approve":1,"jobNature":"全职","companyLabelList":["技能培训","绩效奖金","岗位晋升","扁平管理"],"district":"朝阳区","score":0,"publisherId":1535838,"explain":null,"plus":null,"pcShow":0,"appShow":0,"deliver":0,"gradeDescription":null},{"companyFullName":"北京爱钱帮财富科技有限公司","adWord":0,"companyId":5944,"formatCreateTime":"16:38发布","businessZones":["海运仓","东直门","东四"],"imState":"disabled","lastLogin":1472551830000,"positionId":2306647,"industryField":"金融","education":"不限","workYear":"3-5年","city":"北京","positionAdvantage":"java,高级,linux","createTime":"2016-08-30 16:38:01","salary":"15k-30k","positionName":"Java","companySize":"50-150人","companyShortName":"爱钱帮","companyLogo":"image1/M00/00/0D/CgYXBlTUWCGAXDdjAABj-0RfZf0350.png","financeStage":"初创型(天使轮)","approve":1,"jobNature":"全职","companyLabelList":["技能培训","股票期权","岗位晋升","扁平管理"],"district":"东城区","score":0,"publisherId":60420,"explain":null,"plus":null,"pcShow":0,"appShow":0,"deliver":0,"gradeDescription":null},{"companyFullName":"中远网络（北京）有限公司","adWord":0,"companyId":143045,"formatCreateTime":"16:37发布","businessZones":["白石桥","车公庄"],"imState":"disabled","lastLogin":1472546297000,"positionId":2248615,"industryField":"数据服务,企业服务","education":"大专","workYear":"3-5年","city":"北京","positionAdvantage":"团队氛围好,成长空间大,绩效奖金","createTime":"2016-08-30 16:37:59","salary":"10k-15k","positionName":"Java开发工程师","companySize":"50-150人","companyShortName":"中远网络北京","companyLogo":"i/image/M00/4F/71/Cgp3O1exJe6AB1clAAAdYEcbP2I518.jpg","financeStage":"成长型(不需要融资)","approve":0,"jobNature":"全职","companyLabelList":null,"district":"海淀区","score":0,"publisherId":1616847,"explain":null,"plus":null,"pcShow":0,"appShow":0,"deliver":0,"gradeDescription":null},{"companyFullName":"北京墨迹风云科技股份有限公司","adWord":0,"companyId":121,"formatCreateTime":"16:34发布","businessZones":["将台路","酒仙桥","大山子"],"imState":"today","lastLogin":1472555439000,"positionId":883055,"industryField":"移动互联网,生活服务","education":"本科","workYear":"3-5年","city":"北京","positionAdvantage":"薪酬福利好，晋升空间大","createTime":"2016-08-30 16:34:02","salary":"15k-25k","positionName":"Java开发工程师","companySize":"150-500人","companyShortName":"墨迹天气","companyLogo":"image1/M00/00/02/CgYXBlTUV_SAC4JmAABlUkwC7D0180.png","financeStage":"成熟型(C轮)","approve":1,"jobNature":"全职","companyLabelList":["五险一金","弹性工作","岗位晋升","帅哥多"],"district":"朝阳区","score":0,"publisherId":25324,"explain":null,"plus":null,"pcShow":0,"appShow":0,"deliver":0,"gradeDescription":null},{"companyFullName":"北京自如友家资产管理有限公司","adWord":0,"companyId":44091,"formatCreateTime":"16:33发布","businessZones":["酒仙桥","将台路","大山子"],"imState":"today","lastLogin":1472553845000,"positionId":1982220,"industryField":"移动互联网,O2O","education":"本科","workYear":"1-3年","city":"北京","positionAdvantage":"上升快 牛人多 工作有趣 领导好 租房7.5折","createTime":"2016-08-30 16:33:45","salary":"10k-20k","positionName":"Java工程师（服务）","companySize":"2000人以上","companyShortName":"自如网","companyLogo":"image1/M00/0E/27/Cgo8PFT5fXCAWXgmAAB9s4MsAAU976.jpg","financeStage":"成熟型(不需要融资)","approve":1,"jobNature":"全职","companyLabelList":["丰厚年薪","六险一金","健康体检","带薪年假"],"district":"朝阳区","score":0,"publisherId":3557386,"explain":null,"plus":null,"pcShow":0,"appShow":0,"deliver":0,"gradeDescription":null},{"companyFullName":"北京创世漫道科技有限公司","adWord":0,"companyId":39120,"formatCreateTime":"16:31发布","businessZones":["苏州桥","万柳","万泉河"],"imState":"today","lastLogin":1472564619000,"positionId":2306589,"industryField":"移动互联网,电子商务","education":"本科","workYear":"3-5年","city":"北京","positionAdvantage":"朝九晚六不加班 领导nice 同事和睦 出国游","createTime":"2016-08-30 16:31:50","salary":"10k-15k","positionName":"Java开发工程师","companySize":"500-2000人","companyShortName":"漫道科技","companyLogo":"i/image/M00/01/EA/Cgp3O1Z7VMqATSCuAAA_10zMFN0011.png","financeStage":"上市公司","approve":1,"jobNature":"全职","companyLabelList":["带薪年假","绩效奖金","岗位晋升","定期体检"],"district":"海淀区","score":0,"publisherId":5777420,"explain":null,"plus":null,"pcShow":0,"appShow":0,"deliver":0,"gradeDescription":null},{"companyFullName":"北京拓尔思信息技术股份有限公司","adWord":0,"companyId":230,"formatCreateTime":"16:28发布","businessZones":["健翔桥","奥运村","二里庄"],"imState":"disabled","lastLogin":1472552052000,"positionId":2306555,"industryField":"数据服务","education":"本科","workYear":"1-3年","city":"北京","positionAdvantage":"上市公司 大数据 弹性工作","createTime":"2016-08-30 16:28:20","salary":"8k-12k","positionName":"Java","companySize":"500-2000人","companyShortName":"拓尔思TRS","companyLogo":"image1/M00/00/02/Cgo8PFTUV_aAHol_AABY9qGbFjo831.png","financeStage":"上市公司","approve":1,"jobNature":"全职","companyLabelList":["绩效奖金","五险一金","通讯津贴","带薪年假"],"district":"朝阳区","score":0,"publisherId":2697780,"explain":null,"plus":null,"pcShow":0,"appShow":0,"deliver":0,"gradeDescription":null},{"companyFullName":"北京京宝融信息科技有限公司","adWord":0,"companyId":100581,"formatCreateTime":"16:27发布","businessZones":["知春路"],"imState":"today","lastLogin":1472553364000,"positionId":2306542,"industryField":"招聘","education":"本科","workYear":"3-5年","city":"北京","positionAdvantage":"六险一金、带薪年假、节日福利","createTime":"2016-08-30 16:27:10","salary":"10k-18k","positionName":"Java","companySize":"150-500人","companyShortName":"京宝融信息科技","companyLogo":"image2/M00/0D/10/CgqLKVYeF8KAHH62AAEHAo4iqrM188.png?cc=0.004187320359051228","financeStage":"初创型(天使轮)","approve":1,"jobNature":"全职","companyLabelList":["节日礼物","年度旅游","管理规范","领导好"],"district":"海淀区","score":0,"publisherId":3311222,"explain":null,"plus":null,"pcShow":0,"appShow":0,"deliver":0,"gradeDescription":null},{"companyFullName":"网之易信息技术（北京）有限公司","adWord":0,"companyId":329,"formatCreateTime":"16:26发布","businessZones":["西北旺","马连洼","上地"],"imState":"today","lastLogin":1472545543000,"positionId":2241136,"industryField":"数据服务,文化娱乐","education":"硕士","workYear":"不限","city":"北京","positionAdvantage":"免费班车、午晚餐、免费健身房、公费旅游","createTime":"2016-08-30 16:26:26","salary":"25k-50k","positionName":"Java","companySize":"2000人以上","companyShortName":"网易","companyLogo":"image1/M00/1C/DB/Cgo8PFUnbyyAOmwZAABKPABIzv8461.png","financeStage":"上市公司","approve":1,"jobNature":"全职","companyLabelList":["节日礼物","技能培训","免费班车","带薪年假"],"district":"海淀区","score":0,"publisherId":3556603,"explain":null,"plus":null,"pcShow":0,"appShow":0,"deliver":0,"gradeDescription":null}]}},"code":0}