{"success":true,"requestId":null,"msg":null,"resubmitToken":null,"content":{"pageNo":68,"pageSize":15,"positionResult":{"totalCount":12338,"resultSize":15,"locationInfo":{"city":"北京","district":null,"queryByGisCode":false,"businessZone":null,"locationCode":null},"queryAnalysisInfo":{"positionName":"java","companyName":null,"usefulCompany":false,"industryName":null},"strategyProperty":{"name":"dm-csearch-newSimScorer","id":1},"result":[{"companyId":11521,"companyShortName":"微智全景","createTime":"2016-08-29 09:00:30","positionId":2167158,"positionAdvantage":"有活力有前景的公司","salary":"10k-20k","score":0,"workYear":"1-3年","education":"大专","city":"北京","positionName":"Java","companyLogo":"i/image/M00/02/E6/CgqKkVagWoiAbGDzAHoY-kLxa5s648.png","financeStage":"成长型(B轮)","industryField":"移动互联网 ,O2O","jobNature":"全职","approve":1,"companySize":"150-500人","district":"朝阳区","companyLabelList":["技能培训","带薪年假","绩效奖金","岗位晋升"],"adWord":0,"appShow":0,"deliver":0,"formatCreateTime":"1天前发布","gradeDescription":null,"companyFullName":"北京微智全景信息技术有限公司","businessZones":["望京","大山子","花家地"],"imState":"today","lastLogin":1472535118000,"publisherId":828483,"explain":null,"plus":null,"pcShow":0},{"companyId":5812,"companyShortName":"用友","createTime":"2016-08-29 08:55:58","positionId":1765955,"positionAdvantage":"五险一金 年终奖 免费班车 晋升空间","salary":"10k-20k","score":0,"workYear":"1-3年","education":"本科","city":"北京","positionName":"Java（互联网方向）","companyLogo":"image1/M00/00/0C/Cgo8PFTUWCCAaF4PAAAm3kBS87s438.png","financeStage":"上市公司","industryField":"企业服务,数据服务","jobNature":"全职","approve":1,"companySize":"2000人以上","district":"海淀区","companyLabelList":["技能培训","节日礼物","免费班车","岗位晋升"],"adWord":0,"appShow":0,"deliver":0,"formatCreateTime":"1天前发布","gradeDescription":null,"companyFullName":"用友网络科技股份有限公司","businessZones":["西北旺"],"imState":"disabled","lastLogin":1472520301000,"publisherId":831212,"explain":null,"plus":null,"pcShow":0},{"companyId":45844,"companyShortName":"餐馆无忧","createTime":"2016-08-29 08:51:40","positionId":1030452,"positionAdvantage":"快速成长 良好待遇 极好技术氛围","salary":"15k-25k","score":0,"workYear":"3-5年","education":"大专","city":"北京","positionName":"ERP开发工程师 Java","companyLogo":"image1/M00/00/75/CgYXBlTUXaOADbiHAADCK3uzPEY690.png","financeStage":"成长型(A轮)","industryField":"电子商务,O2O","jobNature":"全职","approve":1,"companySize":"150-500人","district":"朝阳区","companyLabelList":["股票期权","带薪年假","水果零食管够","扁平管理"],"adWord":0,"appShow":0,"deliver":0,"formatCreateTime":"1天前发布","gradeDescription":null,"companyFullName":"北京米树科技有限公司","businessZones":["来广营","望京"],"imState":"today","lastLogin":1472542106000,"publisherId":199235,"explain":null,"plus":null,"pcShow":0},{"companyId":131808,"companyShortName":"成鑫盈通","createTime":"2016-08-29 08:47:25","positionId":2296990,"positionAdvantage":"五险一金，年终奖，节假日福利，加班补助等","salary":"10k-20k","score":0,"workYear":"3-5年","education":"大专","city":"北京","positionName":"Java","companyLogo":"i/image/M00/30/BD/Cgp3O1dHppSAT_wnAAActvi3taA364.png","financeStage":"成长型(不需要融资)","industryField":"企业服务,电子商务","jobNature":"全职","approve":0,"companySize":"150-500人","district":null,"companyLabelList":["年底双薪","带薪年假","午餐补助","节日礼物"],"adWord":0,"appShow":0,"deliver":0,"formatCreateTime":"1天前发布","gradeDescription":null,"companyFullName":"北京成鑫盈通科技有限公司","businessZones":null,"imState":"today","lastLogin":1472536501000,"publisherId":5934367,"explain":null,"plus":null,"pcShow":0},{"companyId":9003,"companyShortName":"首铁资源网","createTime":"2016-08-29 08:02:59","positionId":1903876,"positionAdvantage":"五险一金、餐补、话补、车补","salary":"8k-15k","score":0,"workYear":"1-3年","education":"本科","city":"北京","positionName":"Java工程师","companyLogo":"image1/M00/00/12/Cgo8PFTUWDiAaUBMAACRqsewkX0626.png","financeStage":"初创型(未融资)","industryField":"电子商务","jobNature":"全职","approve":0,"companySize":"50-150人","district":"朝阳区","companyLabelList":["技能培训","节日礼物","绩效奖金","岗位晋升"],"adWord":0,"appShow":0,"deliver":0,"formatCreateTime":"1天前发布","gradeDescription":null,"companyFullName":"首铁资源电子商务（天津）有限公司","businessZones":["CBD","京广桥","国贸"],"imState":"today","lastLogin":1472546654000,"publisherId":5094061,"explain":null,"plus":null,"pcShow":0},{"companyId":44640,"companyShortName":"第四范式","createTime":"2016-08-29 07:59:53","positionId":1638731,"positionAdvantage":"年底三薪、五险一金、每月饭补，弹性工作制","salary":"20k-35k","score":0,"workYear":"1-3年","education":"本科","city":"北京","positionName":"中间件研发工程师（Java/Scala）","companyLogo":"i/image/M00/16/69/Cgp3O1bvkfuAD3iuAAAOeJ8gDNw120.png","financeStage":"成长型(B轮)","industryField":"金融,数据服务","jobNature":"全职","approve":1,"companySize":"15-50人","district":"海淀区","companyLabelList":null,"adWord":0,"appShow":0,"deliver":0,"formatCreateTime":"1天前发布","gradeDescription":null,"companyFullName":"深圳市前海第四范式数据技术有限公司","businessZones":["上地","马连洼","西二旗"],"imState":"disabled","lastLogin":1472525690000,"publisherId":1530516,"explain":null,"plus":null,"pcShow":0},{"companyId":4836,"companyShortName":"京东商城","createTime":"2016-08-28 23:15:40","positionId":2026036,"positionAdvantage":"电商核心系统；O2O;高并发；海量数据","salary":"23k-35k","score":0,"workYear":"5-10年","education":"本科","city":"北京","positionName":"Java高级开发工程师","companyLogo":"image2/M00/07/C8/CgpzWlYAsfGATpk7AAAJkGWG2kk774.png?cc=0.19381895544938743","financeStage":"上市公司","industryField":"电子商务","jobNature":"全职","approve":1,"companySize":"2000人以上","district":"大兴区","companyLabelList":["技能培训","年底双薪","节日礼物","绩效奖金"],"adWord":0,"appShow":0,"deliver":0,"formatCreateTime":"2天前发布","gradeDescription":null,"companyFullName":"北京京东尚科信息技术有限公司","businessZones":null,"imState":"disabled","lastLogin":1472543897000,"publisherId":1593535,"explain":null,"plus":null,"pcShow":0},{"companyId":110097,"companyShortName":"百联力创","createTime":"2016-08-28 23:12:37","positionId":1413154,"positionAdvantage":"五险,公积金,节日福利","salary":"10k-15k","score":0,"workYear":"不限","education":"不限","city":"北京","positionName":"JAVA工程师","companyLogo":"i/image/M00/01/81/CgqKkVZuWtSAUzeDAAAQ4cxDsD8804.jpg","financeStage":"初创型(不需要融资)","industryField":"移动互联网","jobNature":"全职","approve":0,"companySize":"15-50人","district":"海淀区","companyLabelList":null,"adWord":0,"appShow":0,"deliver":0,"formatCreateTime":"2天前发布","gradeDescription":null,"companyFullName":"北京百联力创信息技术有限公司","businessZones":["颐和园","苏州街","万泉河"],"imState":"threeDays","lastLogin":1472399643000,"publisherId":3545820,"explain":null,"plus":null,"pcShow":0},{"companyId":611,"companyShortName":"豆盟","createTime":"2016-08-28 22:47:22","positionId":820186,"positionAdvantage":"五险一金 出国旅游 期权奖励","salary":"10k-15k","score":0,"workYear":"1-3年","education":"大专","city":"北京","positionName":"java工程师","companyLogo":"image1/M00/09/50/Cgo8PFTcULaARbegAACCDbJFPsY009.png","financeStage":"成长型(A轮)","industryField":"移动互联网,广告营销","jobNature":"全职","approve":0,"companySize":"15-50人","district":"朝阳区","companyLabelList":["绩效奖金","五险一金","弹性工作","年度旅游"],"adWord":0,"appShow":0,"deliver":0,"formatCreateTime":"2天前发布","gradeDescription":null,"companyFullName":"北京全美汇科技有限公司","businessZones":["十里堡","甘露园","高碑店"],"imState":"today","lastLogin":1472536553000,"publisherId":8947,"explain":null,"plus":null,"pcShow":0},{"companyId":114110,"companyShortName":"乐视","createTime":"2016-08-28 22:09:55","positionId":1720713,"positionAdvantage":"全员持股、绩效奖金、公司班车","salary":"15k-25k","score":0,"workYear":"3-5年","education":"本科","city":"北京","positionName":"中/高级Java开发工程师","companyLogo":"i/image/M00/04/2B/Cgp3O1bGwzWAEAB4AAAbnMQCudk783.jpg","financeStage":"上市公司","industryField":"移动互联网","jobNature":"全职","approve":1,"companySize":"2000人以上","district":"朝阳区","companyLabelList":["股票期权","交通补助","通讯津贴","带薪年假"],"adWord":0,"appShow":0,"deliver":0,"formatCreateTime":"2天前发布","gradeDescription":null,"companyFullName":"乐视网信息技术（北京）股份有限公司","businessZones":["石佛营","姚家园","十里堡"],"imState":"today","lastLogin":1472564223000,"publisherId":130627,"explain":null,"plus":null,"pcShow":0},{"companyId":51831,"companyShortName":"爱云动","createTime":"2016-08-28 22:05:29","positionId":1429742,"positionAdvantage":"五险一金 团队氛围好 扁平管理 晋升空间大","salary":"12k-14k","score":0,"workYear":"1-3年","education":"本科","city":"北京","positionName":"Java","companyLogo":"image1/M00/2B/89/Cgo8PFVwNmKAGHbFAABFfLL1hCA628.jpg","financeStage":"成长型(A轮)","industryField":"移动互联网","jobNature":"全职","approve":1,"companySize":"15-50人","district":"朝阳区","companyLabelList":["技能培训","带薪年假","岗位晋升","扁平管理"],"adWord":0,"appShow":0,"deliver":0,"formatCreateTime":"2天前发布","gradeDescription":null,"companyFullName":"北京爱云动科技有限公司","businessZones":["建外大街","CBD","建国门"],"imState":"today","lastLogin":1472529226000,"publisherId":1305612,"explain":null,"plus":null,"pcShow":0},{"companyId":90233,"companyShortName":"北京春雨万弘科技有限公司","createTime":"2016-08-28 21:28:35","positionId":2210162,"positionAdvantage":"CEO月度奖，免费早午餐，各种福利补贴","salary":"10k-20k","score":0,"workYear":"不限","education":"本科","city":"北京","positionName":"JAVA","companyLogo":"i/image/M00/17/1A/Cgp3O1bw9CWAOtCiAAAgO_C8qcE661.png","financeStage":"成长型(A轮)","industryField":"移动互联网,医疗健康","jobNature":"全职","approve":1,"companySize":"15-50人","district":"海淀区","companyLabelList":["节日礼物","带薪年假","绩效奖金","五险一金"],"adWord":0,"appShow":0,"deliver":0,"formatCreateTime":"2天前发布","gradeDescription":null,"companyFullName":"北京春雨万弘科技有限公司","businessZones":["五道口","学院路","北航"],"imState":"disabled","lastLogin":1472554620000,"publisherId":2331804,"explain":null,"plus":null,"pcShow":0},{"companyId":80880,"companyShortName":"百视通","createTime":"2016-08-28 20:44:59","positionId":1940884,"positionAdvantage":"上市公司 带薪年假 绩效工资 通信补贴","salary":"15k-20k","score":0,"workYear":"5-10年","education":"本科","city":"北京","positionName":"服务端高级研发工程师（Java）","companyLogo":"image1/M00/34/5F/CgYXBlWXVPSAVjfKAAAcbZND2js676.jpg?cc=0.25363044161349535","financeStage":"成熟型(不需要融资)","industryField":"文化娱乐","jobNature":"全职","approve":1,"companySize":"500-2000人","district":"西城区","companyLabelList":["交通补助","午餐补助","通讯津贴","绩效奖金"],"adWord":0,"appShow":0,"deliver":0,"formatCreateTime":"2天前发布","gradeDescription":null,"companyFullName":"百视通网络电视技术发展有限责任公司","businessZones":["中关村","北京大学","五道口"],"imState":"disabled","lastLogin":1472564484000,"publisherId":3804351,"explain":null,"plus":null,"pcShow":0},{"companyId":280,"companyShortName":"畅游","createTime":"2016-08-28 20:15:14","positionId":2160188,"positionAdvantage":"上市公司，待遇优厚，好的技术氛围","salary":"15k-30k","score":0,"workYear":"3-5年","education":"本科","city":"北京","positionName":"高级Java开发工程师","companyLogo":"image2/M00/03/0F/CgpzWlXtI2KANowdAAAvdtLPVb4516.jpg","financeStage":"上市公司","industryField":"移动互联网,游戏","jobNature":"全职","approve":1,"companySize":"2000人以上","district":"石景山区","companyLabelList":["节日礼物","技能培训","带薪年假","岗位晋升"],"adWord":0,"appShow":0,"deliver":0,"formatCreateTime":"2天前发布","gradeDescription":null,"companyFullName":"北京畅游天下网络技术有限公司","businessZones":["八角","古城","杨庄"],"imState":"disabled","lastLogin":1472457473000,"publisherId":1679762,"explain":null,"plus":null,"pcShow":0},{"companyId":128212,"companyShortName":"国鑫金服集团","createTime":"2016-08-28 17:14:41","positionId":1850445,"positionAdvantage":"舒适的工作环境 完善的福利待遇","salary":"15k-30k","score":0,"workYear":"3-5年","education":"本科","city":"北京","positionName":"高级Java开发工程师","companyLogo":"i/image/M00/2D/FB/CgqKkVc9fl2AWNY0AACLfQo9AFw469.jpg","financeStage":"成熟型(不需要融资)","industryField":"移动互联网,金融","jobNature":"全职","approve":0,"companySize":"500-2000人","district":"海淀区","companyLabelList":null,"adWord":0,"appShow":0,"deliver":0,"formatCreateTime":"2天前发布","gradeDescription":null,"companyFullName":"深圳国鑫金服网络集团有限公司","businessZones":["苏州街","北京大学","颐和园"],"imState":"disabled","lastLogin":1472526993000,"publisherId":4993577,"explain":null,"plus":null,"pcShow":0}]}},"code":0}