{"resubmitToken":null,"success":true,"requestId":null,"msg":null,"content":{"pageNo":74,"pageSize":15,"positionResult":{"totalCount":12338,"resultSize":15,"locationInfo":{"city":"北京","district":null,"queryByGisCode":false,"businessZone":null,"locationCode":null},"queryAnalysisInfo":{"positionName":"java","companyName":null,"industryName":null,"usefulCompany":false},"strategyProperty":{"name":"dm-csearch-newSimScorer","id":1},"result":[{"companyFullName":"北京京东尚科信息技术有限公司","adWord":0,"companyId":4836,"formatCreateTime":"2016-08-26","businessZones":null,"imState":"today","lastLogin":1472539196000,"positionId":2294974,"industryField":"电子商务","education":"本科","workYear":"3-5年","city":"北京","positionAdvantage":"团队友好学习发展机会多，加班少需求稳定","createTime":"2016-08-26 17:59:59","salary":"15k-25k","positionName":"Java","companySize":"2000人以上","companyShortName":"京东商城","companyLogo":"image2/M00/07/C8/CgpzWlYAsfGATpk7AAAJkGWG2kk774.png?cc=0.19381895544938743","financeStage":"上市公司","approve":1,"jobNature":"全职","companyLabelList":["技能培训","年底双薪","节日礼物","绩效奖金"],"district":"通州区","score":0,"publisherId":5453732,"explain":null,"plus":null,"pcShow":0,"appShow":0,"deliver":0,"gradeDescription":null},{"companyFullName":"北京顺丰电子商务有限公司","adWord":0,"companyId":3270,"formatCreateTime":"2016-08-26","businessZones":["朝阳门","东四","朝外"],"imState":"today","lastLogin":1472544345000,"positionId":2294660,"industryField":"电子商务","education":"大专","workYear":"3-5年","city":"北京","positionAdvantage":"地铁附近；电商公司；技术成长；领导NICE","createTime":"2016-08-26 17:21:16","salary":"15k-25k","positionName":"Java研发工程师（前端）","companySize":"150-500人","companyShortName":"顺丰优选","companyLogo":"image1/M00/00/09/CgYXBlTUWBGAUC0FAACvyu2GcwA010.jpg","financeStage":"成长型(不需要融资)","approve":1,"jobNature":"全职","companyLabelList":["绩效奖金","五险一金","带薪年假","通讯津贴"],"district":"东城区","score":0,"publisherId":4856593,"explain":null,"plus":null,"pcShow":0,"appShow":0,"deliver":0,"gradeDescription":null},{"companyFullName":"北京口袋时尚科技有限公司","adWord":0,"companyId":2900,"formatCreateTime":"2016-08-26","businessZones":["酒仙桥","大山子","将台路"],"imState":"sevenDays","lastLogin":1472203127000,"positionId":1436233,"industryField":"移动互联网 ,电子商务","education":"本科","workYear":"3-5年","city":"北京","positionAdvantage":"有竞争力薪资+丰厚期权+完善福利+靠谱团队","createTime":"2016-08-26 17:19:28","salary":"18k-30k","positionName":"Java后端研发工程师","companySize":"500-2000人","companyShortName":"微店","companyLogo":"image1/M00/0F/B0/Cgo8PFT9bUuAFYmqAABKRDf-Ah0371.jpg","financeStage":"成熟型(C轮)","approve":1,"jobNature":"全职","companyLabelList":["扁平化管理","技术驱动","14薪","六险一金"],"district":"朝阳区","score":0,"publisherId":27070,"explain":null,"plus":null,"pcShow":0,"appShow":0,"deliver":0,"gradeDescription":null},{"companyFullName":"北京广通信达软件股份有限公司","adWord":0,"companyId":23336,"formatCreateTime":"2016-08-26","businessZones":["紫竹桥","车道沟","北洼路"],"imState":"today","lastLogin":1472553957000,"positionId":1190843,"industryField":"移动互联网,信息安全","education":"本科","workYear":"1-3年","city":"北京","positionAdvantage":"发展空间大 技术提升快 上市公司","createTime":"2016-08-26 17:06:57","salary":"8k-15k","positionName":"Java","companySize":"150-500人","companyShortName":"广通信达","companyLogo":"image1/M00/2F/C3/CgYXBlWDgfeABbx4AAATVdlrJ94368.png","financeStage":"成熟型(D轮及以上)","approve":1,"jobNature":"全职","companyLabelList":["五险一金","岗位晋升","技能培训","管理规范"],"district":"海淀区","score":0,"publisherId":2045565,"explain":null,"plus":null,"pcShow":0,"appShow":0,"deliver":0,"gradeDescription":null},{"companyFullName":"北京网库信息技术股份有限公司","adWord":0,"companyId":3344,"formatCreateTime":"2016-08-26","businessZones":["安贞","安华","小关"],"imState":"today","lastLogin":1472551358000,"positionId":2136696,"industryField":"电子商务,企业服务","education":"本科","workYear":"1-3年","city":"北京","positionAdvantage":"五险一金 双休 带薪年假 车补餐补","createTime":"2016-08-26 16:54:36","salary":"10k-15k","positionName":"中级Java开发工程师","companySize":"2000人以上","companyShortName":"中国网库","companyLogo":"image1/M00/00/09/CgYXBlTUWBGAazSTAAA7GIZhBT0304.jpg","financeStage":"上市公司","approve":1,"jobNature":"全职","companyLabelList":["技能培训","节日礼物","带薪年假","绩效奖金"],"district":"东城区","score":0,"publisherId":308200,"explain":null,"plus":null,"pcShow":0,"appShow":0,"deliver":0,"gradeDescription":null},{"companyFullName":"亿拍天下（北京）网络科技有限公司","adWord":0,"companyId":132437,"formatCreateTime":"2016-08-26","businessZones":["五道口","清华大学","中关村"],"imState":"threeDays","lastLogin":1472463589000,"positionId":1919464,"industryField":"移动互联网,电子商务","education":"本科","workYear":"3-5年","city":"北京","positionAdvantage":"有股权激励","createTime":"2016-08-26 16:50:29","salary":"20k-30k","positionName":"Java","companySize":"150-500人","companyShortName":"一拍天下","companyLogo":"i/image/M00/32/18/CgqKkVdNO_KAUxtvAAAMqV2DocU462.jpg","financeStage":"成熟型(D轮及以上)","approve":0,"jobNature":"全职","companyLabelList":null,"district":"海淀区","score":0,"publisherId":5229976,"explain":null,"plus":null,"pcShow":0,"appShow":0,"deliver":0,"gradeDescription":null},{"companyFullName":"迈思可文化传媒（北京）有限公司","adWord":0,"companyId":7075,"formatCreateTime":"2016-08-26","businessZones":["魏公村","中关村","白石桥"],"imState":"today","lastLogin":1472543699000,"positionId":2073264,"industryField":"移动互联网,电子商务","education":"本科","workYear":"3-5年","city":"北京","positionAdvantage":"六险一金 弹性上下班 交通便利","createTime":"2016-08-26 16:45:23","salary":"15k-28k","positionName":"Java开发工程师","companySize":"500-2000人","companyShortName":"小麦公社","companyLogo":"i/image/M00/00/1F/Cgp3O1YsdLOAXOiVAACcoNxrKcE474.png","financeStage":"成长型(B轮)","approve":1,"jobNature":"全职","companyLabelList":["节日礼物","绩效奖金","岗位晋升","弹性工作"],"district":"海淀区","score":0,"publisherId":78791,"explain":null,"plus":null,"pcShow":0,"appShow":0,"deliver":0,"gradeDescription":null},{"companyFullName":"京东商城","adWord":0,"companyId":35422,"formatCreateTime":"2016-08-26","businessZones":["亦庄"],"imState":"threeDays","lastLogin":1472443755000,"positionId":1952208,"industryField":"电子商务","education":"本科","workYear":"3-5年","city":"北京","positionAdvantage":"发展空间大，良好的平台，大数据相关","createTime":"2016-08-26 16:38:41","salary":"15k-30k","positionName":"Java中高级开发工程师","companySize":"2000人以上","companyShortName":"京东","companyLogo":"i/image/M00/08/D2/Cgp3O1bRFcSAHMtPAAAelCJqdO8411.png","financeStage":"上市公司","approve":0,"jobNature":"全职","companyLabelList":["年底双薪","节日礼物","技能培训","岗位晋升"],"district":"大兴区","score":0,"publisherId":684624,"explain":null,"plus":null,"pcShow":0,"appShow":0,"deliver":0,"gradeDescription":null},{"companyFullName":"上海姚记悠彩网络科技有限公司","adWord":0,"companyId":45286,"formatCreateTime":"2016-08-26","businessZones":["来广营","望京"],"imState":"today","lastLogin":1472517848000,"positionId":2192832,"industryField":"移动互联网","education":"大专","workYear":"1-3年","city":"北京","positionAdvantage":"肯干，就有机会。","createTime":"2016-08-26 16:35:52","salary":"10k-15k","positionName":"Java","companySize":"150-500人","companyShortName":"姚记悠彩","companyLogo":"image1/M00/00/73/CgYXBlTUXZyAcpGoAADqVEHBReI552.png","financeStage":"成长型(B轮)","approve":1,"jobNature":"全职","companyLabelList":["技能培训","节日礼物","绩效奖金","岗位晋升"],"district":"朝阳区","score":0,"publisherId":869447,"explain":null,"plus":null,"pcShow":0,"appShow":0,"deliver":0,"gradeDescription":null},{"companyFullName":"北京华信拓达金融服务外包有限公司","adWord":0,"companyId":135997,"formatCreateTime":"2016-08-26","businessZones":["建外大街","国贸","CBD"],"imState":"disabled","lastLogin":1472546690000,"positionId":2139768,"industryField":"金融","education":"本科","workYear":"1-3年","city":"北京","positionAdvantage":"福利齐备,空间无限","createTime":"2016-08-26 16:35:21","salary":"8k-15k","positionName":"Java","companySize":"150-500人","companyShortName":"华信拓达","companyLogo":"i/image/M00/3B/E7/CgqKkVdtAguAYfevAAAJRW_Bkv0697.png","financeStage":"成长型(不需要融资)","approve":0,"jobNature":"全职","companyLabelList":null,"district":"朝阳区","score":0,"publisherId":5450276,"explain":null,"plus":null,"pcShow":0,"appShow":0,"deliver":0,"gradeDescription":null},{"companyFullName":"北京米可世界科技有限公司","adWord":0,"companyId":22596,"formatCreateTime":"2016-08-26","businessZones":["知春路","双榆树","大钟寺"],"imState":"today","lastLogin":1472577488000,"positionId":1706711,"industryField":"移动互联网","education":"本科","workYear":"3-5年","city":"北京","positionAdvantage":"国际化产品，海量用户，高速成长创业公司","createTime":"2016-08-26 16:26:26","salary":"15k-30k","positionName":"Java开发工程师","companySize":"50-150人","companyShortName":"MICO","companyLogo":"image1/M00/43/C6/Cgo8PFXS1LOATX3fAAAPhvurXUk055.png","financeStage":"成长型(A轮)","approve":1,"jobNature":"全职","companyLabelList":["股票期权","年度旅游","移动社交","五险一金"],"district":"海淀区","score":0,"publisherId":1838566,"explain":null,"plus":null,"pcShow":0,"appShow":0,"deliver":0,"gradeDescription":null},{"companyFullName":"北京华樾信息技术研究院","adWord":0,"companyId":28393,"formatCreateTime":"2016-08-26","businessZones":null,"imState":"today","lastLogin":1472560280000,"positionId":1899948,"industryField":"教育,数据服务","education":"本科","workYear":"3-5年","city":"北京","positionAdvantage":"技术大牛、扁平管理、带薪年假、水果零食","createTime":"2016-08-26 16:24:11","salary":"15k-30k","positionName":"高级Java工程师","companySize":"150-500人","companyShortName":"云校","companyLogo":"image1/M00/00/3E/CgYXBlTUXL2ANrS3AAB8JdlqzI8331.jpg","financeStage":"成长型(B轮)","approve":1,"jobNature":"全职","companyLabelList":["技能培训","节日礼物","股票期权","带薪年假"],"district":null,"score":0,"publisherId":373381,"explain":null,"plus":null,"pcShow":0,"appShow":0,"deliver":0,"gradeDescription":null},{"companyFullName":"合一网络技术（北京）有限公司","adWord":0,"companyId":1914,"formatCreateTime":"2016-08-26","businessZones":["北京大学","中关村","苏州街"],"imState":"today","lastLogin":1472553628000,"positionId":2111541,"industryField":"数据服务,文化娱乐","education":"本科","workYear":"不限","city":"北京","positionAdvantage":"五險一金 工作环境良好","createTime":"2016-08-26 16:21:15","salary":"15k-20k","positionName":"java工程师","companySize":"2000人以上","companyShortName":"优酷土豆","companyLogo":"i/image/M00/01/39/Cgp3O1Zk9luAeL0jAAAO0FvOuQE553.png","financeStage":"上市公司","approve":1,"jobNature":"全职","companyLabelList":["带薪年假","岗位晋升","五险一金","弹性工作"],"district":"海淀区","score":0,"publisherId":611856,"explain":null,"plus":null,"pcShow":0,"appShow":0,"deliver":0,"gradeDescription":null},{"companyFullName":"必联（北京）电子商务科技有限公司","adWord":0,"companyId":4820,"formatCreateTime":"2016-08-26","businessZones":["紫竹桥","车道沟","北洼路"],"imState":"today","lastLogin":1472541228000,"positionId":1411123,"industryField":"移动互联网,电子商务","education":"大专","workYear":"5-10年","city":"北京","positionAdvantage":"团队氛围好，技术成长，福利待遇优厚","createTime":"2016-08-26 16:17:57","salary":"10k-20k","positionName":"高级JAVA开发工程师","companySize":"150-500人","companyShortName":"必联","companyLogo":"image1/M00/00/0B/CgYXBlTUWBuASF6FAAB_-hmwxW4818.png","financeStage":"成长型(不需要融资)","approve":1,"jobNature":"全职","companyLabelList":["绩效奖金","五险一金","交通补助","带薪年假"],"district":"海淀区","score":0,"publisherId":47496,"explain":null,"plus":null,"pcShow":0,"appShow":0,"deliver":0,"gradeDescription":null},{"companyFullName":"北京东润环能科技股份有限公司","adWord":0,"companyId":43982,"formatCreateTime":"2016-08-26","businessZones":null,"imState":"today","lastLogin":1472551495000,"positionId":2294115,"industryField":"移动互联网,数据服务","education":"大专","workYear":"3-5年","city":"北京","positionAdvantage":"六险一金,各种补助,定期体检,周末双休","createTime":"2016-08-26 16:14:27","salary":"10k-20k","positionName":"Java","companySize":"150-500人","companyShortName":"东润环能","companyLogo":"image2/M00/04/3B/CgpzWlXw-5yAQ3QTAARqjgLjtbo822.png","financeStage":"上市公司","approve":1,"jobNature":"全职","companyLabelList":["绩效奖金","带薪年假","交通补助","通讯津贴"],"district":"海淀区","score":0,"publisherId":5885349,"explain":null,"plus":null,"pcShow":0,"appShow":0,"deliver":0,"gradeDescription":null}]}},"code":0}