{"success":true,"requestId":null,"msg":null,"resubmitToken":null,"content":{"pageNo":11,"pageSize":15,"positionResult":{"totalCount":12338,"resultSize":15,"locationInfo":{"queryByGisCode":false,"businessZone":null,"locationCode":null,"city":"北京","district":null},"queryAnalysisInfo":{"industryName":null,"usefulCompany":false,"positionName":"java","companyName":null},"strategyProperty":{"name":"dm-csearch-newSimScorer","id":1},"result":[{"companyId":29496,"positionName":"Java开发","workYear":"3-5年","education":"本科","jobNature":"全职","financeStage":"成长型(B轮)","companyLogo":"image1/M00/00/41/Cgo8PFTUXMuAeMAuAABAtFBcbOM313.png","industryField":"移动互联网,金融","companyShortName":"闪银奇异","city":"北京","salary":"15k-30k","positionId":2306126,"positionAdvantage":"六险一金 补充医疗 自助午餐 年度体检","district":"朝阳区","createTime":"2016-08-30 15:40:29","companyLabelList":["13~15薪","晋升空间大","定期体检","能力定薪"],"approve":1,"companySize":"150-500人","score":0,"companyFullName":"北京闪银奇异科技有限公司","adWord":0,"formatCreateTime":"15:40发布","publisherId":3627371,"explain":null,"plus":null,"pcShow":0,"appShow":0,"deliver":0,"gradeDescription":null,"businessZones":["团结湖","朝阳公园","三里屯"],"imState":"today","lastLogin":1472549719000},{"companyId":4828,"positionName":"Java","workYear":"3-5年","education":"本科","jobNature":"全职","financeStage":"上市公司","companyLogo":"image1/M00/30/A7/Cgo8PFWJMWqAAbUwAACiJnZtkZA602.png","industryField":"移动互联网,电子商务","companyShortName":"当当网","city":"北京","salary":"20k-35k","positionId":2119976,"positionAdvantage":"高薪","district":"朝阳区","createTime":"2016-08-30 15:27:02","companyLabelList":["年底双薪","节日礼物","技能培训","绩效奖金"],"approve":1,"companySize":"2000人以上","score":0,"companyFullName":"北京当当网信息技术有限公司","adWord":0,"formatCreateTime":"15:27发布","publisherId":1391961,"explain":null,"plus":null,"pcShow":0,"appShow":0,"deliver":0,"gradeDescription":null,"businessZones":["左家庄","国展","西坝河"],"imState":"disabled","lastLogin":1472564862000},{"companyId":24590,"positionName":"Java开发","workYear":"1-3年","education":"本科","jobNature":"全职","financeStage":"成长型(不需要融资)","companyLogo":"image1/M00/43/65/CgYXBlXRZtuADbFZAADQiAyJ_M4164.jpg","industryField":"金融","companyShortName":"融汇","city":"北京","salary":"15k-30k","positionId":474466,"positionAdvantage":"六险一金+年终+体检+其他福利","district":"海淀区","createTime":"2016-08-30 15:26:55","companyLabelList":["五险一金","带薪年假","节日礼物","定期体检"],"approve":1,"companySize":"50-150人","score":0,"companyFullName":"北京融汇金信信息技术有限公司","adWord":0,"formatCreateTime":"15:26发布","publisherId":292673,"explain":null,"plus":null,"pcShow":0,"appShow":0,"deliver":0,"gradeDescription":null,"businessZones":["公主坟","万寿路"],"imState":"disabled","lastLogin":1472544653000},{"companyId":266,"positionName":"Java工程师","workYear":"3-5年","education":"本科","jobNature":"全职","financeStage":"成长型(A轮)","companyLogo":"image1/M00/40/23/Cgo8PFXC0F6AAyzIAACaLQZF21s017.jpg","industryField":"移动互联网,社交网络","companyShortName":"星云颜值！","city":"北京","salary":"15k-25k","positionId":510946,"positionAdvantage":"靠谱团队，技术大牛 学习成长空间 牛逼产品","district":"朝阳区","createTime":"2016-08-30 15:26:45","companyLabelList":["十点开工","美女员工多","老板帅","全网美女最多"],"approve":1,"companySize":"15-50人","score":0,"companyFullName":"北京星云梦科技有限公司","adWord":0,"formatCreateTime":"15:26发布","publisherId":3508,"explain":null,"plus":null,"pcShow":0,"appShow":0,"deliver":0,"gradeDescription":null,"businessZones":["三里屯","工体","团结湖"],"imState":"today","lastLogin":1472554897000},{"companyId":137234,"positionName":"Java开发工程师","workYear":"3-5年","education":"本科","jobNature":"全职","financeStage":"初创型(未融资)","companyLogo":"i/image/M00/41/7F/Cgp3O1d81LOABhEgAABP2DnaPQA035.png","industryField":"移动互联网,电子商务","companyShortName":"蓝海鸿图","city":"北京","salary":"6k-12k","positionId":2109313,"positionAdvantage":"期权股份 挑战高薪","district":null,"createTime":"2016-08-30 15:26:15","companyLabelList":null,"approve":0,"companySize":"15-50人","score":0,"companyFullName":"北京蓝海鸿图文化传媒有限公司","adWord":0,"formatCreateTime":"15:26发布","publisherId":4133339,"explain":null,"plus":null,"pcShow":0,"appShow":0,"deliver":0,"gradeDescription":null,"businessZones":null,"imState":"overSevenDays","lastLogin":1471500768000},{"companyId":114110,"positionName":"java高级开发工程师","workYear":"5-10年","education":"本科","jobNature":"全职","financeStage":"上市公司","companyLogo":"i/image/M00/04/2B/Cgp3O1bGwzWAEAB4AAAbnMQCudk783.jpg","industryField":"移动互联网","companyShortName":"乐视","city":"北京","salary":"15k-25k","positionId":1856097,"positionAdvantage":"弹性工作、午餐补助、绩效奖金、股票期权","district":"朝阳区","createTime":"2016-08-30 15:24:55","companyLabelList":["股票期权","交通补助","通讯津贴","带薪年假"],"approve":1,"companySize":"2000人以上","score":0,"companyFullName":"乐视网信息技术（北京）股份有限公司","adWord":0,"formatCreateTime":"15:24发布","publisherId":5135932,"explain":null,"plus":null,"pcShow":0,"appShow":0,"deliver":0,"gradeDescription":null,"businessZones":["石佛营","姚家园","十里堡"],"imState":"today","lastLogin":1472529851000},{"companyId":102044,"positionName":"Java","workYear":"1-3年","education":"本科","jobNature":"全职","financeStage":"成长型(A轮)","companyLogo":"i/image/M00/36/99/Cgp3O1dePUSAWx4gAAAPT5kEMh8323.jpg","industryField":"金融","companyShortName":"神仙有财","city":"北京","salary":"10k-20k","positionId":2305974,"positionAdvantage":"年底双薪 带薪年假 弹性工作","district":"朝阳区","createTime":"2016-08-30 15:23:53","companyLabelList":["年底双薪","股票期权","专项奖金","带薪年假"],"approve":1,"companySize":"15-50人","score":0,"companyFullName":"北京善财信息技术有限公司","adWord":0,"formatCreateTime":"15:23发布","publisherId":3269188,"explain":null,"plus":null,"pcShow":0,"appShow":0,"deliver":0,"gradeDescription":null,"businessZones":["望京","大山子","酒仙桥"],"imState":"today","lastLogin":1472541689000},{"companyId":21372,"positionName":"Java工程师","workYear":"3-5年","education":"本科","jobNature":"全职","financeStage":"上市公司","companyLogo":"i/image/M00/2B/18/CgqKkVcz85aAUyt4AAAnh1HgHtQ724.jpg","industryField":"生活服务","companyShortName":"搜房网","city":"北京","salary":"10k-20k","positionId":2305969,"positionAdvantage":"五险一金,餐补,团队氛围好","district":"丰台区","createTime":"2016-08-30 15:23:17","companyLabelList":["股票期权","带薪年假","绩效奖金","午餐补助"],"approve":1,"companySize":"2000人以上","score":0,"companyFullName":"北京搜房网络技术有限公司","adWord":0,"formatCreateTime":"15:23发布","publisherId":78194,"explain":null,"plus":null,"pcShow":0,"appShow":0,"deliver":0,"gradeDescription":null,"businessZones":["世界公园","科技园区","看丹桥"],"imState":"today","lastLogin":1472548186000},{"companyId":50889,"positionName":"高级Java开发工程师","workYear":"3-5年","education":"本科","jobNature":"全职","financeStage":"上市公司","companyLogo":"i/image/M00/03/44/Cgp3O1ax7JWAOSzUAABS3OF0A7w289.jpg","industryField":"移动互联网,企业服务","companyShortName":"和创科技（红圈营销）","city":"北京","salary":"15k-30k","positionId":2026976,"positionAdvantage":"上市公司，持续股权激励，重视员工关怀","district":"西城区","createTime":"2016-08-30 15:21:57","companyLabelList":["弹性工作","敏捷研发","股票期权","年底双薪"],"approve":1,"companySize":"2000人以上","score":0,"companyFullName":"和创（北京）科技股份有限公司","adWord":0,"formatCreateTime":"15:21发布","publisherId":4793543,"explain":null,"plus":null,"pcShow":0,"appShow":0,"deliver":0,"gradeDescription":null,"businessZones":["新街口","德胜门","小西天"],"imState":"today","lastLogin":1472545709000},{"companyId":1914,"positionName":"Java 大数据","workYear":"3-5年","education":"本科","jobNature":"全职","financeStage":"上市公司","companyLogo":"i/image/M00/01/39/Cgp3O1Zk9luAeL0jAAAO0FvOuQE553.png","industryField":"数据服务,文化娱乐","companyShortName":"优酷土豆","city":"北京","salary":"13k-20k","positionId":2305921,"positionAdvantage":"每天可以边工作边看漂亮妹子","district":null,"createTime":"2016-08-30 15:19:02","companyLabelList":["带薪年假","岗位晋升","五险一金","弹性工作"],"approve":1,"companySize":"2000人以上","score":0,"companyFullName":"合一网络技术（北京）有限公司","adWord":0,"formatCreateTime":"15:19发布","publisherId":5934695,"explain":null,"plus":null,"pcShow":0,"appShow":0,"deliver":0,"gradeDescription":null,"businessZones":null,"imState":"today","lastLogin":1472541433000},{"companyId":968,"positionName":"Java开发工程师","workYear":"1-3年","education":"本科","jobNature":"全职","financeStage":"成长型(B轮)","companyLogo":"i/image/M00/00/21/Cgp3O1Yt2LyABF1tAAAJUhzkjSM894.jpg","industryField":"移动互联网","companyShortName":"有品 PICOOC","city":"北京","salary":"10k-20k","positionId":1147643,"positionAdvantage":"五险一金，年终奖，空间大","district":"西城区","createTime":"2016-08-30 15:18:36","companyLabelList":["年底双薪","股票期权","绩效奖金","带薪年假"],"approve":1,"companySize":"50-150人","score":0,"companyFullName":"缤刻普锐（北京）科技有限责任公司","adWord":0,"formatCreateTime":"15:18发布","publisherId":41758,"explain":null,"plus":null,"pcShow":0,"appShow":0,"deliver":0,"gradeDescription":null,"businessZones":["新街口","德胜门","小西天"],"imState":"today","lastLogin":1472549411000},{"companyId":3786,"positionName":"高级Java开发工程师","workYear":"5-10年","education":"本科","jobNature":"全职","financeStage":"成熟型(不需要融资)","companyLogo":"i/image/M00/01/C8/Cgp3O1Z3lASAVbZHAABCha8eqHY645.jpg","industryField":"移动互联网,金融","companyShortName":"宜信","city":"北京","salary":"15k-30k","positionId":2305908,"positionAdvantage":"补充商业医疗保险 14天超长春假 年底多薪","district":"朝阳区","createTime":"2016-08-30 15:17:27","companyLabelList":["管理规范","技能培训","扁平管理","弹性工作"],"approve":1,"companySize":"2000人以上","score":0,"companyFullName":"普信恒业科技发展（北京）有限公司","adWord":0,"formatCreateTime":"15:17发布","publisherId":3658647,"explain":null,"plus":null,"pcShow":0,"appShow":0,"deliver":0,"gradeDescription":null,"businessZones":["大望路","红庙","华贸"],"imState":"disabled","lastLogin":1472541051000},{"companyId":67277,"positionName":"Java","workYear":"1-3年","education":"大专","jobNature":"全职","financeStage":"初创型(未融资)","companyLogo":"image1/M00/27/74/CgYXBlVa5zSAYTqqAABhkpNSdp0539.jpg","industryField":"其他","companyShortName":"和鸿盈科","city":"北京","salary":"8k-10k","positionId":1841916,"positionAdvantage":"福利待遇：五险一金，交通、餐补、通信补助","district":"西城区","createTime":"2016-08-30 15:16:21","companyLabelList":["技能培训","带薪年假","绩效奖金","岗位晋升"],"approve":0,"companySize":"150-500人","score":0,"companyFullName":"北京和鸿盈科技术有限公司","adWord":0,"formatCreateTime":"15:16发布","publisherId":1649211,"explain":null,"plus":null,"pcShow":0,"appShow":0,"deliver":0,"gradeDescription":null,"businessZones":["新街口","西直门","德胜门"],"imState":"disabled","lastLogin":1472541299000},{"companyId":50702,"positionName":"高级java开发工程师、架构师","workYear":"3-5年","education":"本科","jobNature":"全职","financeStage":"成熟型(D轮及以上)","companyLogo":"i/image/M00/4B/6C/CgqKkVefHv-AFoRzAAAuALF7ZZ0419.png","industryField":"移动互联网,O2O","companyShortName":"美团点评","city":"北京","salary":"15k-30k","positionId":809120,"positionAdvantage":"期权","district":"朝阳区","createTime":"2016-08-30 15:13:18","companyLabelList":["技能培训","绩效奖金","岗位晋升","领导好"],"approve":1,"companySize":"2000人以上","score":0,"companyFullName":"北京三快在线科技有限公司","adWord":0,"formatCreateTime":"15:13发布","publisherId":1969571,"explain":null,"plus":null,"pcShow":0,"appShow":0,"deliver":0,"gradeDescription":null,"businessZones":["望京","来广营"],"imState":"disabled","lastLogin":1472549796000},{"companyId":4210,"positionName":"Java高级开发","workYear":"3-5年","education":"本科","jobNature":"全职","financeStage":"上市公司","companyLogo":"i/image/M00/0A/EA/Cgp3O1bVQVeAIYLlAAAFpvfzivk147.jpg","industryField":"移动互联网,企业服务","companyShortName":"神州信息","city":"北京","salary":"10k-15k","positionId":1737439,"positionAdvantage":"七险一金、银行核心系统、发展平台","district":"海淀区","createTime":"2016-08-30 15:13:10","companyLabelList":["五险一金","绩效奖金","技能培训","管理规范"],"approve":1,"companySize":"2000人以上","score":0,"companyFullName":"神州数码信息服务股份有限公司","adWord":0,"formatCreateTime":"15:13发布","publisherId":325512,"explain":null,"plus":null,"pcShow":0,"appShow":0,"deliver":0,"gradeDescription":null,"businessZones":["苏州街","万泉河","苏州桥","苏州街","苏州桥","万泉河"],"imState":"disabled","lastLogin":1472541176000}]}},"code":0}