{"msg":null,"resubmitToken":null,"success":true,"requestId":null,"content":{"pageNo":24,"pageSize":15,"positionResult":{"totalCount":12338,"resultSize":15,"locationInfo":{"city":"北京","district":null,"locationCode":null,"businessZone":null,"queryByGisCode":false},"queryAnalysisInfo":{"positionName":"java","companyName":null,"usefulCompany":false,"industryName":null},"strategyProperty":{"name":"dm-csearch-newSimScorer","id":1},"result":[{"companyId":43016,"formatCreateTime":"10:39发布","score":0,"positionId":1755465,"positionName":"Java","createTime":"2016-08-30 10:39:13","positionAdvantage":"弹性工作 五险一金","salary":"15k-30k","approve":1,"workYear":"3-5年","education":"本科","city":"北京","companyLogo":"image2/M00/04/92/CgpzWlXySBqAQsm0AACqIAvx5NQ164.png","jobNature":"全职","industryField":"电子商务,O2O","companyShortName":"美菜网","financeStage":"成熟型(C轮)","companySize":"2000人以上","companyLabelList":["技能培训","节日礼物","绩效奖金","岗位晋升"],"district":"海淀区","businessZones":["双安","中关村","双榆树"],"imState":"disabled","lastLogin":1472524690000,"publisherId":3193182,"explain":null,"plus":null,"pcShow":0,"appShow":0,"deliver":0,"gradeDescription":null,"companyFullName":"北京云杉世界信息技术有限公司","adWord":0},{"companyId":21946,"formatCreateTime":"10:34发布","score":0,"positionId":2279329,"positionName":"Java","createTime":"2016-08-30 10:34:40","positionAdvantage":"温馨的工作氛围，领导nice， 双休","salary":"15k-30k","approve":1,"workYear":"3-5年","education":"本科","city":"北京","companyLogo":"image1/M00/00/29/CgYXBlTUWJGAVRXyAAB9NT8FhCk429.jpg","jobNature":"全职","industryField":"O2O","companyShortName":"来人到家","financeStage":"初创型(未融资)","companySize":"500-2000人","companyLabelList":["岗位晋升","五险一金","午餐补助"],"district":"朝阳区","businessZones":["管庄","双桥","定福庄"],"imState":"disabled","lastLogin":1472550572000,"publisherId":2934603,"explain":null,"plus":null,"pcShow":0,"appShow":0,"deliver":0,"gradeDescription":null,"companyFullName":"北京来人网络科技有限公司","adWord":0},{"companyId":102188,"formatCreateTime":"10:31发布","score":0,"positionId":2112128,"positionName":"Java软件开发工程师","createTime":"2016-08-30 10:31:38","positionAdvantage":"公司前景好","salary":"12k-20k","approve":1,"workYear":"3-5年","education":"本科","city":"北京","companyLogo":"image2/M00/0F/72/CgpzWlYohKWAUrNiAAC9vDBs_YM574.jpg?cc=0.4951310902294968","jobNature":"全职","industryField":"移动互联网","companyShortName":"知藏","financeStage":"成长型(A轮)","companySize":"15-50人","companyLabelList":["带薪年假","扁平管理","领导好","五险一金"],"district":null,"businessZones":null,"imState":"today","lastLogin":1472524274000,"publisherId":2910263,"explain":null,"plus":null,"pcShow":0,"appShow":0,"deliver":0,"gradeDescription":null,"companyFullName":"知以藏往信息服务（北京）有限公司","adWord":0},{"companyId":100258,"formatCreateTime":"10:29发布","score":0,"positionId":2184935,"positionName":"Java","createTime":"2016-08-30 10:29:52","positionAdvantage":"福利待遇好、公司稳定发展","salary":"7k-13k","approve":0,"workYear":"3-5年","education":"本科","city":"北京","companyLogo":"i/image/M00/02/EA/Cgp3O1agnS6ASkxkAABZAN_OiSY632.jpg","jobNature":"全职","industryField":"金融","companyShortName":"航联保险","financeStage":"成长型(不需要融资)","companySize":"150-500人","companyLabelList":null,"district":null,"businessZones":null,"imState":"disabled","lastLogin":1472524181000,"publisherId":3576010,"explain":null,"plus":null,"pcShow":0,"appShow":0,"deliver":0,"gradeDescription":null,"companyFullName":"航联保险经济有限公司","adWord":0},{"companyId":62802,"formatCreateTime":"10:29发布","score":0,"positionId":1648787,"positionName":"Java架构师","createTime":"2016-08-30 10:29:39","positionAdvantage":"五险一金+14薪，技术大牛团队，咖啡零食。","salary":"20k-30k","approve":1,"workYear":"5-10年","education":"本科","city":"北京","companyLogo":"image2/M00/0C/F9/CgpzWlYd8qaACMsrAAAYIbXkEHQ414.png","jobNature":"全职","industryField":"移动互联网,硬件","companyShortName":"灵伴科技","financeStage":"成长型(B轮)","companySize":"15-50人","companyLabelList":["股票期权","绩效奖金","年度旅游","帅哥多"],"district":"海淀区","businessZones":["五道口","学院路","北航","五道口","学院路","北航"],"imState":"today","lastLogin":1472551673000,"publisherId":1464141,"explain":null,"plus":null,"pcShow":0,"appShow":0,"deliver":0,"gradeDescription":null,"companyFullName":"北京灵伴未来科技有限公司","adWord":0},{"companyId":8103,"formatCreateTime":"10:28发布","score":0,"positionId":1409708,"positionName":"Java","createTime":"2016-08-30 10:28:42","positionAdvantage":"福利待遇好 零食水果饮料不限","salary":"15k-25k","approve":1,"workYear":"5-10年","education":"本科","city":"北京","companyLogo":"i/image/M00/01/80/CgqKkVZuPraAN3O6AACFeBgN7dY620.jpg","jobNature":"全职","industryField":"移动互联网,文化娱乐","companyShortName":"汽车之家","financeStage":"上市公司","companySize":"2000人以上","companyLabelList":["技能培训","节日礼物","带薪年假","绩效奖金"],"district":"海淀区","businessZones":["中关村","苏州街","苏州桥"],"imState":"today","lastLogin":1472551384000,"publisherId":3719299,"explain":null,"plus":null,"pcShow":0,"appShow":0,"deliver":0,"gradeDescription":null,"companyFullName":"北京车之家信息技术有限公司","adWord":0},{"companyId":1970,"formatCreateTime":"10:27发布","score":0,"positionId":2241103,"positionName":"高级Java开发工程师","createTime":"2016-08-30 10:27:07","positionAdvantage":"团队氛围良好 发展潜力大","salary":"15k-30k","approve":1,"workYear":"5-10年","education":"本科","city":"北京","companyLogo":"image1/M00/00/06/CgYXBlTUWAeANQBuAABHTL1SBa8889.jpg","jobNature":"全职","industryField":"移动互联网","companyShortName":"去哪儿网","financeStage":"上市公司","companySize":"2000人以上","companyLabelList":["技能培训","节日礼物","带薪年假","无息住房贷款"],"district":"海淀区","businessZones":["万泉河","苏州街","苏州桥"],"imState":"today","lastLogin":1472558472000,"publisherId":5920005,"explain":null,"plus":null,"pcShow":0,"appShow":0,"deliver":0,"gradeDescription":null,"companyFullName":"北京趣拿软件科技有限公司","adWord":0},{"companyId":61223,"formatCreateTime":"10:26发布","score":0,"positionId":560156,"positionName":"Java工程师","createTime":"2016-08-30 10:26:39","positionAdvantage":"创业团队,有人性的管理制度,各种福利","salary":"6k-10k","approve":0,"workYear":"1-3年","education":"大专","city":"北京","companyLogo":"images/logo_default.png","jobNature":"全职","industryField":"企业服务","companyShortName":"聚智在线","financeStage":"初创型(不需要融资)","companySize":"15-50人","companyLabelList":["技能培训","节日礼物","年底双薪","专项奖金"],"district":"昌平区","businessZones":["霍营"],"imState":"disabled","lastLogin":1472523979000,"publisherId":1535318,"explain":null,"plus":null,"pcShow":0,"appShow":0,"deliver":0,"gradeDescription":null,"companyFullName":"北京聚智人和科技有限责任公司","adWord":0},{"companyId":701,"formatCreateTime":"10:26发布","score":0,"positionId":2088278,"positionName":"Java","createTime":"2016-08-30 10:26:01","positionAdvantage":"A股上市，福利全，独栋大厦，激励多","salary":"20k-30k","approve":1,"workYear":"3-5年","education":"本科","city":"北京","companyLogo":"image1/M00/00/04/Cgo8PFTUV_2APkHsAAATfxnET1o764.gif","jobNature":"全职","industryField":"移动互联网,电子商务","companyShortName":"亿玛在线-互联网营销领航者","financeStage":"上市公司","companySize":"500-2000人","companyLabelList":["技能培训","绩效奖金","年度旅游","岗位晋升"],"district":"朝阳区","businessZones":["双桥","管庄","定福庄"],"imState":"disabled","lastLogin":1472005696000,"publisherId":5500862,"explain":null,"plus":null,"pcShow":0,"appShow":0,"deliver":0,"gradeDescription":null,"companyFullName":"北京亿玛在线科技有限公司","adWord":0},{"companyId":27807,"formatCreateTime":"10:25发布","score":0,"positionId":2303598,"positionName":"高级Java开发工程师","createTime":"2016-08-30 10:25:28","positionAdvantage":"五险一金+补充医疗、带薪年假、年度旅游","salary":"15k-25k","approve":1,"workYear":"3-5年","education":"本科","city":"北京","companyLogo":"i/image/M00/00/39/Cgp3O1Y22lqAJepFAAALqEid7nA129.jpg","jobNature":"全职","industryField":"移动互联网","companyShortName":"现在支付","financeStage":"上市公司","companySize":"150-500人","companyLabelList":["五险一金","岗位晋升","美女多","领导好"],"district":"西城区","businessZones":["西直门","新街口","动物园"],"imState":"today","lastLogin":1472520729000,"publisherId":4920958,"explain":null,"plus":null,"pcShow":0,"appShow":0,"deliver":0,"gradeDescription":null,"companyFullName":"现在（北京）支付股份有限公司","adWord":0},{"companyId":7001,"formatCreateTime":"10:23发布","score":0,"positionId":2303575,"positionName":"高级Java开发工程师","createTime":"2016-08-30 10:23:27","positionAdvantage":"弹性工作、五险一金、补充医疗、股票期权","salary":"15k-30k","approve":1,"workYear":"5-10年","education":"本科","city":"北京","companyLogo":"i/image/M00/31/F0/Cgp3O1dM9j-AFqkXAAA4fknnR5k098.jpg","jobNature":"全职","industryField":"移动互联网","companyShortName":"指掌易","financeStage":"成长型(A轮)","companySize":"50-150人","companyLabelList":["绩效奖金","股票期权","专项奖金","定期体检"],"district":null,"businessZones":null,"imState":"today","lastLogin":1472544128000,"publisherId":77408,"explain":null,"plus":null,"pcShow":0,"appShow":0,"deliver":0,"gradeDescription":null,"companyFullName":"北京指掌易科技有限公司","adWord":0},{"companyId":3786,"formatCreateTime":"10:23发布","score":0,"positionId":1934601,"positionName":"资深Java开发工程师","createTime":"2016-08-30 10:23:17","positionAdvantage":"转正六险一金 年底多薪 14天春节假期","salary":"15k-30k","approve":1,"workYear":"3-5年","education":"本科","city":"北京","companyLogo":"i/image/M00/01/C8/Cgp3O1Z3lASAVbZHAABCha8eqHY645.jpg","jobNature":"全职","industryField":"移动互联网,金融","companyShortName":"宜信","financeStage":"成熟型(不需要融资)","companySize":"2000人以上","companyLabelList":["管理规范","技能培训","扁平管理","弹性工作"],"district":"朝阳区","businessZones":null,"imState":"today","lastLogin":1472551210000,"publisherId":3608699,"explain":null,"plus":null,"pcShow":0,"appShow":0,"deliver":0,"gradeDescription":null,"companyFullName":"普信恒业科技发展（北京）有限公司","adWord":0},{"companyId":40970,"formatCreateTime":"10:21发布","score":0,"positionId":2303548,"positionName":"Java","createTime":"2016-08-30 10:21:47","positionAdvantage":"实习表现良好的可以转正，转正之后有户口哦","salary":"2k-4k","approve":0,"workYear":"应届毕业生","education":"硕士","city":"北京","companyLogo":"image2/M00/07/29/CgpzWlX9_AiAVXHCAAAKv8J_xRI472.jpg","jobNature":"实习","industryField":"移动互联网","companyShortName":"中科院信工所","financeStage":"成熟型(不需要融资)","companySize":"500-2000人","companyLabelList":["免费班车","带薪年假","绩效奖金","岗位晋升"],"district":"海淀区","businessZones":["香山"],"imState":"today","lastLogin":1472544770000,"publisherId":2306175,"explain":null,"plus":null,"pcShow":0,"appShow":0,"deliver":0,"gradeDescription":null,"companyFullName":"中国科学院信息工程研究所","adWord":0},{"companyId":81662,"formatCreateTime":"10:20发布","score":0,"positionId":1854179,"positionName":"高级JAVA工程师","createTime":"2016-08-30 10:20:49","positionAdvantage":"六险一金，弹性工作，团队氛围好","salary":"15k-25k","approve":1,"workYear":"3-5年","education":"本科","city":"北京","companyLogo":"i/image/M00/00/C6/CgqKkVZVV22AJoBcAAAYshKl8z4012.jpg","jobNature":"全职","industryField":"移动互联网,数据服务","companyShortName":"北京灵集科技有限公司","financeStage":"初创型(未融资)","companySize":"50-150人","companyLabelList":["节日礼物","年底双薪","股票期权","带薪年假"],"district":"朝阳区","businessZones":["望京","大山子","酒仙桥"],"imState":"disabled","lastLogin":1472523645000,"publisherId":2076010,"explain":null,"plus":null,"pcShow":0,"appShow":0,"deliver":0,"gradeDescription":null,"companyFullName":"天津灵集科技有限公司","adWord":0},{"companyId":35277,"formatCreateTime":"10:20发布","score":0,"positionId":2236467,"positionName":"Java实习生","createTime":"2016-08-30 10:20:17","positionAdvantage":"水果零食 进步空间大","salary":"2k-4k","approve":1,"workYear":"不限","education":"本科","city":"北京","companyLogo":"i/image/M00/3A/AF/Cgp3O1dqDQiAE-clAACOQ1x4tkg533.png","jobNature":"实习","industryField":"移动互联网,文化娱乐","companyShortName":"橘子娱乐","financeStage":"成长型(B轮)","companySize":"150-500人","companyLabelList":["技能培训","节日礼物","股票期权","年度旅游"],"district":"朝阳区","businessZones":null,"imState":"today","lastLogin":1472559561000,"publisherId":611886,"explain":null,"plus":null,"pcShow":0,"appShow":0,"deliver":0,"gradeDescription":null,"companyFullName":"北京橘子文化传媒有限公司","adWord":0}]}},"code":0}