{"msg":null,"resubmitToken":null,"success":true,"requestId":null,"content":{"pageNo":85,"pageSize":15,"positionResult":{"totalCount":12338,"resultSize":15,"locationInfo":{"city":"北京","district":null,"locationCode":null,"businessZone":null,"queryByGisCode":false},"queryAnalysisInfo":{"positionName":"java","companyName":null,"usefulCompany":false,"industryName":null},"strategyProperty":{"name":"dm-csearch-newSimScorer","id":1},"result":[{"companyId":72257,"formatCreateTime":"2016-08-26","score":0,"positionId":2020726,"positionName":"Java工程师","createTime":"2016-08-26 10:52:14","positionAdvantage":"五险一金 带薪年假 弹性工作 员工旅游","salary":"8k-15k","approve":1,"workYear":"1-3年","education":"大专","city":"北京","companyLogo":"image1/M00/29/18/Cgo8PFVkEGiAAcfBAAEE8Qell4I822.jpg","jobNature":"全职","industryField":"金融","companyShortName":"清科集团","financeStage":"成熟型(不需要融资)","companySize":"500-2000人","companyLabelList":["节日礼物","技能培训","绩效奖金","年度旅游"],"district":"朝阳区","businessZones":["三元桥","麦子店","亮马桥"],"imState":"today","lastLogin":1472554314000,"publisherId":1736363,"explain":null,"plus":null,"pcShow":0,"appShow":0,"deliver":0,"gradeDescription":null,"companyFullName":"清科财务管理咨询（北京）有限公司","adWord":0},{"companyId":62668,"formatCreateTime":"2016-08-26","score":0,"positionId":2250381,"positionName":"Java后台开发","createTime":"2016-08-26 10:29:33","positionAdvantage":"五险一金,大牛经费,阿姨午餐","salary":"10k-15k","approve":1,"workYear":"1-3年","education":"本科","city":"北京","companyLogo":"i/image/M00/01/6D/Cgp3O1ZqZFeAL2xeAAAtSuTFcUw887.jpg","jobNature":"全职","industryField":"教育","companyShortName":"嗨学网","financeStage":"成长型(B轮)","companySize":"500-2000人","companyLabelList":["技能培训","节日礼物","带薪年假","绩效奖金"],"district":"朝阳区","businessZones":["北苑","立水桥"],"imState":"sevenDays","lastLogin":1472182758000,"publisherId":5928270,"explain":null,"plus":null,"pcShow":0,"appShow":0,"deliver":0,"gradeDescription":null,"companyFullName":"北京嗨学网教育科技有限公司","adWord":0},{"companyId":17751,"formatCreateTime":"2016-08-26","score":0,"positionId":1737497,"positionName":"JAVA架构师","createTime":"2016-08-26 10:25:03","positionAdvantage":"期权 弹性工作 上升空间无限","salary":"30k-50k","approve":1,"workYear":"3-5年","education":"本科","city":"北京","companyLogo":"image1/M00/00/21/Cgo8PFTUWHGAUTAcAABoeBHiSGQ931.jpg","jobNature":"全职","industryField":"O2O","companyShortName":"人人车","financeStage":"成熟型(C轮)","companySize":"2000人以上","companyLabelList":["岗位晋升","扁平管理","个人成长快","牛人多"],"district":"朝阳区","businessZones":["北苑","来广营"],"imState":"today","lastLogin":1472564498000,"publisherId":189301,"explain":null,"plus":null,"pcShow":0,"appShow":0,"deliver":0,"gradeDescription":null,"companyFullName":"北京善义善美网络技术有限公司","adWord":0},{"companyId":64299,"formatCreateTime":"2016-08-26","score":0,"positionId":2196679,"positionName":"Java","createTime":"2016-08-26 10:21:41","positionAdvantage":"五险一金、带薪年假、年底奖金","salary":"8k-10k","approve":1,"workYear":"3-5年","education":"大专","city":"北京","companyLogo":"i/image/M00/4C/CA/Cgp3O1ej5JmAOVhPAABlGvaRL20570.png","jobNature":"全职","industryField":"移动互联网,电子商务","companyShortName":"考驾照网","financeStage":"初创型(不需要融资)","companySize":"15-50人","companyLabelList":["绩效奖金","带薪年假","五险一金"],"district":"海淀区","businessZones":["车公庄","白石桥","甘家口"],"imState":"threeDays","lastLogin":1472437333000,"publisherId":1545392,"explain":null,"plus":null,"pcShow":0,"appShow":0,"deliver":0,"gradeDescription":null,"companyFullName":"北京九州新网网络信息有限公司","adWord":0},{"companyId":35277,"formatCreateTime":"2016-08-26","score":0,"positionId":2221286,"positionName":"Java工程师","createTime":"2016-08-26 10:20:23","positionAdvantage":"七险一金,股票期权,员工旅游,十三薪","salary":"12k-20k","approve":1,"workYear":"1-3年","education":"本科","city":"北京","companyLogo":"i/image/M00/3A/AF/Cgp3O1dqDQiAE-clAACOQ1x4tkg533.png","jobNature":"全职","industryField":"移动互联网,文化娱乐","companyShortName":"橘子娱乐","financeStage":"成长型(B轮)","companySize":"150-500人","companyLabelList":["技能培训","节日礼物","股票期权","年度旅游"],"district":"朝阳区","businessZones":null,"imState":"today","lastLogin":1472559561000,"publisherId":611886,"explain":null,"plus":null,"pcShow":0,"appShow":0,"deliver":0,"gradeDescription":null,"companyFullName":"北京橘子文化传媒有限公司","adWord":0},{"companyId":40454,"formatCreateTime":"2016-08-26","score":0,"positionId":2291564,"positionName":"高级Java开发工程师","createTime":"2016-08-26 10:19:24","positionAdvantage":"java总监发展 年终多薪 氛围好 技术老大牛","salary":"20k-28k","approve":1,"workYear":"5-10年","education":"本科","city":"北京","companyLogo":"image1/M00/00/63/CgYXBlTUXVuAJEEDAABMeaeDCV4775.jpg","jobNature":"全职","industryField":"移动互联网,数据服务","companyShortName":"漫道科技","financeStage":"上市公司","companySize":"500-2000人","companyLabelList":["节日礼物","年底双薪","带薪年假","岗位晋升"],"district":"海淀区","businessZones":["苏州桥","万柳","万泉河"],"imState":"today","lastLogin":1472570973000,"publisherId":5508460,"explain":null,"plus":null,"pcShow":0,"appShow":0,"deliver":0,"gradeDescription":null,"companyFullName":"北京创世漫道科技有限公司","adWord":0},{"companyId":143234,"formatCreateTime":"2016-08-26","score":0,"positionId":2215827,"positionName":"Java","createTime":"2016-08-26 10:18:59","positionAdvantage":"扁平管理、老板nice、不打卡、升职空间大","salary":"10k-15k","approve":1,"workYear":"1-3年","education":"大专","city":"北京","companyLogo":"i/image/M00/4E/18/CgqKkVepokKAetXxAAAOsrZi8w4225.jpg","jobNature":"全职","industryField":"文化娱乐,移动互联网","companyShortName":"屏方-Ping&sup2;","financeStage":"初创型(天使轮)","companySize":"15-50人","companyLabelList":null,"district":"朝阳区","businessZones":["建外大街","国贸","CBD"],"imState":"today","lastLogin":1472546957000,"publisherId":3250244,"explain":null,"plus":null,"pcShow":0,"appShow":0,"deliver":0,"gradeDescription":null,"companyFullName":"北京锦泉杰作文化传媒有限公司","adWord":0},{"companyId":3712,"formatCreateTime":"2016-08-26","score":0,"positionId":35820,"positionName":"Java","createTime":"2016-08-26 10:18:28","positionAdvantage":"京东商城-交易平台","salary":"20k-30k","approve":1,"workYear":"5-10年","education":"不限","city":"北京","companyLogo":"image1/M00/43/B2/Cgo8PFXSpDuARA8xAAEdmjsokXc986.jpg","jobNature":"全职","industryField":"移动互联网,电子商务","companyShortName":"京东","financeStage":"上市公司","companySize":"2000人以上","companyLabelList":["年底双薪","免费班车","带薪年假","绩效奖金"],"district":"大兴区","businessZones":["亦庄"],"imState":"disabled","lastLogin":1472562435000,"publisherId":88824,"explain":null,"plus":null,"pcShow":0,"appShow":0,"deliver":0,"gradeDescription":null,"companyFullName":"京东世纪贸易有限公司","adWord":0},{"companyId":56096,"formatCreateTime":"2016-08-26","score":0,"positionId":2053889,"positionName":"高级JAVA工程师","createTime":"2016-08-26 10:18:22","positionAdvantage":"弹性工作 无等级无老板 氛围和谐 大咖云集","salary":"10k-20k","approve":1,"workYear":"1-3年","education":"本科","city":"北京","companyLogo":"image1/M00/10/5E/CgYXBlT-sHSAJP6YAABDorhxijg878.png","jobNature":"全职","industryField":"数据服务","companyShortName":"恒麟信息","financeStage":"成长型(A轮)","companySize":"15-50人","companyLabelList":["弹性工作","无等级无老板","轻松愉悦氛围","技术大咖云集"],"district":null,"businessZones":null,"imState":"disabled","lastLogin":1472543876000,"publisherId":1410191,"explain":null,"plus":null,"pcShow":0,"appShow":0,"deliver":0,"gradeDescription":null,"companyFullName":"北京恒麟信息科技有限公司","adWord":0},{"companyId":1095,"formatCreateTime":"2016-08-26","score":0,"positionId":2229295,"positionName":"高级JAVA开发工程师","createTime":"2016-08-26 10:17:26","positionAdvantage":"团队氛围，福利待遇，孵化创新项目","salary":"20k-30k","approve":1,"workYear":"3-5年","education":"本科","city":"北京","companyLogo":"image1/M00/00/05/Cgo8PFTUWAGAGCciAAX071EqEwA058.jpg","jobNature":"全职","industryField":"移动互联网,数据服务","companyShortName":"新媒传信","financeStage":"上市公司","companySize":"2000人以上","companyLabelList":["节日礼物","技能培训","岗位晋升","管理规范"],"district":null,"businessZones":null,"imState":"disabled","lastLogin":1472540208000,"publisherId":199521,"explain":null,"plus":null,"pcShow":0,"appShow":0,"deliver":0,"gradeDescription":null,"companyFullName":"北京新媒传信科技有限公司","adWord":0},{"companyId":124751,"formatCreateTime":"2016-08-26","score":0,"positionId":2186575,"positionName":"Java","createTime":"2016-08-26 10:15:38","positionAdvantage":"周末双休，五险一金，补充商业保险","salary":"7k-13k","approve":0,"workYear":"1-3年","education":"本科","city":"北京","companyLogo":"i/image/M00/4E/59/CgqKkVeq0LKANvyPAAAxCsPvLrA059.jpg","jobNature":"全职","industryField":"企业服务,数据服务","companyShortName":"石竹软件","financeStage":"成长型(不需要融资)","companySize":"50-150人","companyLabelList":["五险一金","补充商业保险","五天7小时","定期体检"],"district":"海淀区","businessZones":null,"imState":"today","lastLogin":1472542526000,"publisherId":5419402,"explain":null,"plus":null,"pcShow":0,"appShow":0,"deliver":0,"gradeDescription":null,"companyFullName":"广州石竹计算机软件有限公司","adWord":0},{"companyId":57025,"formatCreateTime":"2016-08-26","score":0,"positionId":1661166,"positionName":"Java高级开发工程师","createTime":"2016-08-26 10:11:55","positionAdvantage":"六险一金 年底三薪","salary":"15k-20k","approve":0,"workYear":"1-3年","education":"本科","city":"北京","companyLogo":"images/logo_default.png","jobNature":"全职","industryField":"移动互联网,金融","companyShortName":"玖富蜡笔分期","financeStage":"初创型(天使轮)","companySize":"50-150人","companyLabelList":["专项奖金","带薪年假","岗位晋升","定期体检"],"district":"朝阳区","businessZones":["望京","大山子","花家地"],"imState":"disabled","lastLogin":1472520723000,"publisherId":1434173,"explain":null,"plus":null,"pcShow":0,"appShow":0,"deliver":0,"gradeDescription":null,"companyFullName":"北京沐屿科技发展有限公司","adWord":0},{"companyId":1337,"formatCreateTime":"2016-08-26","score":0,"positionId":2257155,"positionName":"高级Java开发工程师","createTime":"2016-08-26 10:11:06","positionAdvantage":"超棒的工作环境 弹性工作制 地铁旁","salary":"15k-30k","approve":1,"workYear":"3-5年","education":"大专","city":"北京","companyLogo":"image1/M00/00/05/Cgo8PFTUWAOAaDdeAAA4DOB7IzU849.png","jobNature":"全职","industryField":"移动互联网,数据服务","companyShortName":"北京智慧图","financeStage":"成长型(B轮)","companySize":"150-500人","companyLabelList":["股票期权","免费班车","绩效奖金","岗位晋升"],"district":"海淀区","businessZones":["学院路","北航","知春路"],"imState":"today","lastLogin":1472553562000,"publisherId":3606933,"explain":null,"plus":null,"pcShow":0,"appShow":0,"deliver":0,"gradeDescription":null,"companyFullName":"北京智慧图科技有限责任公司","adWord":0},{"companyId":30919,"formatCreateTime":"2016-08-26","score":0,"positionId":199452,"positionName":"Java","createTime":"2016-08-26 10:09:32","positionAdvantage":"产业互联网O2O、智慧城市、IBM合作伙伴","salary":"8k-16k","approve":0,"workYear":"1-3年","education":"大专","city":"北京","companyLogo":"image1/M00/00/46/Cgo8PFTUXN6AN7lyAADC5tyDSfU283.jpg","jobNature":"全职","industryField":"移动互联网","companyShortName":"科瑞尔思","financeStage":"初创型(未融资)","companySize":"150-500人","companyLabelList":["技能培训","节日礼物","带薪年假","绩效奖金"],"district":"石景山区","businessZones":["苹果园","八大处","杨庄"],"imState":"disabled","lastLogin":1472519946000,"publisherId":243146,"explain":null,"plus":null,"pcShow":0,"appShow":0,"deliver":0,"gradeDescription":null,"companyFullName":"北京科瑞尔思科技有限公司","adWord":0},{"companyId":62229,"formatCreateTime":"2016-08-26","score":0,"positionId":2213191,"positionName":"JAVA开发工程师","createTime":"2016-08-26 10:09:07","positionAdvantage":"节日福利餐补加班补助五险绩效资金带薪年假","salary":"18k-25k","approve":0,"workYear":"3-5年","education":"本科","city":"北京","companyLogo":"image1/M00/29/1D/CgYXBlVkHJmAAu1MAAB7ZEa1Ljk274.jpg","jobNature":"全职","industryField":"电子商务,O2O","companyShortName":"南北巢集团","financeStage":"成长型(不需要融资)","companySize":"150-500人","companyLabelList":["年底双薪","技能培训","绩效奖金","年度旅游"],"district":"朝阳区","businessZones":["建外大街","CBD","建国门"],"imState":"today","lastLogin":1472546377000,"publisherId":5875627,"explain":null,"plus":null,"pcShow":0,"appShow":0,"deliver":0,"gradeDescription":null,"companyFullName":"南北巢投资控股（北京）集团有限公司","adWord":0}]}},"code":0}