{"msg":null,"success":true,"requestId":null,"resubmitToken":null,"content":{"pageNo":56,"pageSize":15,"positionResult":{"queryAnalysisInfo":{"industryName":null,"usefulCompany":false,"positionName":"java","companyName":null},"strategyProperty":{"name":"dm-csearch-newSimScorer","id":1},"totalCount":12338,"resultSize":15,"locationInfo":{"businessZone":null,"locationCode":null,"queryByGisCode":false,"city":"北京","district":null},"result":[{"companyId":50889,"explain":null,"plus":null,"pcShow":0,"appShow":0,"deliver":0,"gradeDescription":null,"businessZones":["新街口","德胜门","小西天"],"imState":"today","lastLogin":1472520356000,"publisherId":4973125,"positionName":"高级JAVA开发工程师","workYear":"3-5年","education":"本科","jobNature":"全职","positionId":1887476,"createTime":"2016-08-29 11:20:58","city":"北京","companyLogo":"i/image/M00/03/44/Cgp3O1ax7JWAOSzUAABS3OF0A7w289.jpg","industryField":"移动互联网,企业服务","positionAdvantage":"上市公司，持续股权激励，技术极客云集！","salary":"20k-35k","companySize":"2000人以上","approve":1,"financeStage":"上市公司","companyLabelList":["弹性工作","敏捷研发","股票期权","年底双薪"],"district":"西城区","companyShortName":"和创科技（红圈营销）","score":0,"formatCreateTime":"1天前发布","companyFullName":"和创（北京）科技股份有限公司","adWord":0},{"companyId":28413,"explain":null,"plus":null,"pcShow":0,"appShow":0,"deliver":0,"gradeDescription":null,"businessZones":["上地","西二旗","马连洼"],"imState":"disabled","lastLogin":1472439158000,"publisherId":374175,"positionName":"JAVA开发工程师","workYear":"1-3年","education":"本科","jobNature":"全职","positionId":1198257,"createTime":"2016-08-29 10:52:38","city":"北京","companyLogo":"image1/M00/00/3E/Cgo8PFTUXL2AeZRoAABuQT1AyK8853.jpg","industryField":"金融","positionAdvantage":"五险, 公积金, 节日福利","salary":"8k-16k","companySize":"50-150人","approve":0,"financeStage":"成熟型(D轮及以上)","companyLabelList":["绩效奖金","年底双薪","五险一金","通讯津贴"],"district":"海淀区","companyShortName":"丰瑞祥","score":0,"formatCreateTime":"1天前发布","companyFullName":"北京丰瑞祥信息技术有限公司","adWord":0},{"companyId":122164,"explain":null,"plus":null,"pcShow":0,"appShow":0,"deliver":0,"gradeDescription":null,"businessZones":null,"imState":"disabled","lastLogin":1471916403000,"publisherId":3817266,"positionName":"java工程师","workYear":"3-5年","education":"本科","jobNature":"全职","positionId":1785406,"createTime":"2016-08-29 10:51:46","city":"北京","companyLogo":"i/image/M00/1A/76/CgqKkVb6Mw-AVA3CAAAQgUS1Kuo340.png","industryField":"移动互联网,广告营销","positionAdvantage":"一经录用，待遇优厚，上班地点在中铁12306","salary":"15k-30k","companySize":"50-150人","approve":0,"financeStage":"上市公司","companyLabelList":null,"district":"海淀区","companyShortName":"广联互动","score":0,"formatCreateTime":"1天前发布","companyFullName":"北京广联互动传媒有限公司","adWord":0},{"companyId":56637,"explain":null,"plus":null,"pcShow":0,"appShow":0,"deliver":0,"gradeDescription":null,"businessZones":["中关村","人民大学","知春路"],"imState":"today","lastLogin":1472553724000,"publisherId":3941941,"positionName":"Java","workYear":"5-10年","education":"大专","jobNature":"全职","positionId":1477051,"createTime":"2016-08-29 10:49:57","city":"北京","companyLogo":"i/image/M00/08/58/Cgp3O1bP3TGAZ82vAAATA6EIu9M946.jpg","industryField":"移动互联网,教育","positionAdvantage":"团队融洽，有个人发展空间。","salary":"15k-20k","companySize":"50-150人","approve":1,"financeStage":"成长型(A轮)","companyLabelList":["绩效奖金","年度旅游","岗位晋升","通讯津贴"],"district":"海淀区","companyShortName":"学信速达","score":0,"formatCreateTime":"1天前发布","companyFullName":"北京学信速达科技有限公司","adWord":0},{"companyId":8653,"explain":null,"plus":null,"pcShow":0,"appShow":0,"deliver":0,"gradeDescription":null,"businessZones":["马甸","北太平庄","牡丹园"],"imState":"threeDays","lastLogin":1472433620000,"publisherId":5345119,"positionName":"Java开发","workYear":"3-5年","education":"本科","jobNature":"全职","positionId":1998978,"createTime":"2016-08-29 10:49:51","city":"北京","companyLogo":"image1/M00/0E/2E/CgYXBlT5knKAErHmAABY24pB2Lo126.jpg","industryField":"移动互联网,金融","positionAdvantage":"五险一金 弹性工作时间 生日会 项目奖金","salary":"15k-30k","companySize":"500-2000人","approve":1,"financeStage":"成长型(B轮)","companyLabelList":["节日礼物","餐补","绩效奖金","岗位晋升"],"district":"海淀区","companyShortName":"中汇支付","score":0,"formatCreateTime":"1天前发布","companyFullName":"中汇电子支付有限公司","adWord":0},{"companyId":22391,"explain":null,"plus":null,"pcShow":0,"appShow":0,"deliver":0,"gradeDescription":null,"businessZones":["白石桥","魏公村","万寿寺"],"imState":"disabled","lastLogin":1472546903000,"publisherId":5928393,"positionName":"Java报表开发工程师","workYear":"3-5年","education":"本科","jobNature":"全职","positionId":2283685,"createTime":"2016-08-29 10:48:57","city":"北京","companyLogo":"image1/M00/16/E3/CgYXBlUP1WaALrvkAACg0cLAYdM529.jpg","industryField":"金融","positionAdvantage":"联想控股、技术氛围好、业内领先","salary":"15k-25k","companySize":"150-500人","approve":1,"financeStage":"成长型(A轮)","companyLabelList":["团队建设","绩效奖金","年度旅游","岗位晋升"],"district":"海淀区","companyShortName":"翼龙贷网","score":0,"formatCreateTime":"1天前发布","companyFullName":"北京同城翼龙网络科技有限公司","adWord":0},{"companyId":3712,"explain":null,"plus":null,"pcShow":0,"appShow":0,"deliver":0,"gradeDescription":null,"businessZones":["亦庄"],"imState":"disabled","lastLogin":1472522902000,"publisherId":101256,"positionName":"研发工程师（java）","workYear":"3-5年","education":"本科","jobNature":"全职","positionId":201876,"createTime":"2016-08-29 10:47:40","city":"北京","companyLogo":"image1/M00/43/B2/Cgo8PFXSpDuARA8xAAEdmjsokXc986.jpg","industryField":"移动互联网,电子商务","positionAdvantage":"京东交易部门，电子商务核心部门","salary":"15k-24k","companySize":"2000人以上","approve":1,"financeStage":"上市公司","companyLabelList":["年底双薪","免费班车","带薪年假","绩效奖金"],"district":"大兴区","companyShortName":"京东","score":0,"formatCreateTime":"1天前发布","companyFullName":"京东世纪贸易有限公司","adWord":0},{"companyId":45139,"explain":null,"plus":null,"pcShow":0,"appShow":0,"deliver":0,"gradeDescription":null,"businessZones":null,"imState":"today","lastLogin":1472542253000,"publisherId":864989,"positionName":"Java","workYear":"1-3年","education":"本科","jobNature":"全职","positionId":2298027,"createTime":"2016-08-29 10:47:25","city":"北京","companyLogo":"i/image/M00/4C/05/Cgp3O1ehXhWAX7ZPAAAWCsSLGb4138.png","industryField":"移动互联网,数据服务","positionAdvantage":"五险一金，年终奖，团体活动，餐补等","salary":"8k-15k","companySize":"15-50人","approve":1,"financeStage":"初创型(未融资)","companyLabelList":["技能培训","专项奖金","带薪年假","岗位晋升"],"district":null,"companyShortName":"云网高科","score":0,"formatCreateTime":"1天前发布","companyFullName":"北京云网高科技术有限公司","adWord":0},{"companyId":96358,"explain":null,"plus":null,"pcShow":0,"appShow":0,"deliver":0,"gradeDescription":null,"businessZones":["朝阳门","朝外","工体"],"imState":"disabled","lastLogin":1472453135000,"publisherId":5166111,"positionName":"Java开发工程师","workYear":"3-5年","education":"本科","jobNature":"全职","positionId":1877057,"createTime":"2016-08-29 10:47:21","city":"北京","companyLogo":"image2/M00/06/7B/CgpzWlX6QQ6AAGbeAAAYuV7ZuJM346.jpg?cc=0.9704651229549199","industryField":"旅游","positionAdvantage":"年底双薪、带薪年假、五险一金、年度旅游","salary":"10k-20k","companySize":"50-150人","approve":1,"financeStage":"成长型(B轮)","companyLabelList":["节日礼物","带薪年假","绩效奖金","扁平管理"],"district":"朝阳区","companyShortName":"伊翔运达","score":0,"formatCreateTime":"1天前发布","companyFullName":"天津伊翔运达网络科技有限公司","adWord":0},{"companyId":52677,"explain":null,"plus":null,"pcShow":0,"appShow":0,"deliver":0,"gradeDescription":null,"businessZones":null,"imState":"disabled","lastLogin":1472438433000,"publisherId":1318430,"positionName":"Java","workYear":"1-3年","education":"本科","jobNature":"全职","positionId":447554,"createTime":"2016-08-29 10:44:42","city":"北京","companyLogo":"image1/M00/1D/DC/Cgo8PFUsjZeAXksiAABggKNqqFE515.png","industryField":"电子商务,数据服务","positionAdvantage":"公司好、环境好、待遇好、福利多","salary":"8k-15k","companySize":"15-50人","approve":1,"financeStage":"初创型(不需要融资)","companyLabelList":["技能培训","年底双薪","专项奖金","绩效奖金"],"district":"昌平区","companyShortName":"泰格斯信息","score":0,"formatCreateTime":"1天前发布","companyFullName":"北京泰格斯信息技术有限公司","adWord":0},{"companyId":3290,"explain":null,"plus":null,"pcShow":0,"appShow":0,"deliver":0,"gradeDescription":null,"businessZones":["中关村","知春路","双榆树"],"imState":"today","lastLogin":1472548968000,"publisherId":1736664,"positionName":"Java高级程序员","workYear":"3-5年","education":"本科","jobNature":"全职","positionId":698878,"createTime":"2016-08-29 10:44:22","city":"北京","companyLogo":"image1/M00/00/09/CgYXBlTUWBGAOVyZAABVfEr1kMs433.jpg","industryField":"移动互联网,电子商务","positionAdvantage":"试用期薪资全额+高额补贴+期权+弹性工作","salary":"20k-30k","companySize":"50-150人","approve":1,"financeStage":"成长型(不需要融资)","companyLabelList":["试用期全薪","全额五险一金","央企背景","餐补每天50"],"district":"海淀区","companyShortName":"澳客网","score":0,"formatCreateTime":"1天前发布","companyFullName":"人民澳客传媒科技有限公司","adWord":0},{"companyId":96059,"explain":null,"plus":null,"pcShow":0,"appShow":0,"deliver":0,"gradeDescription":null,"businessZones":["花家地","望京","太阳宫"],"imState":"disabled","lastLogin":1472550289000,"publisherId":2595362,"positionName":"Java","workYear":"3-5年","education":"本科","jobNature":"全职","positionId":2114859,"createTime":"2016-08-29 10:43:41","city":"北京","companyLogo":"image2/M00/06/08/CgqLKVX472OAAbGuAAATBUG9e_0994.png?cc=0.22856993305043627","industryField":"移动互联网,数据服务","positionAdvantage":"职业提升空间大，双休，带薪年假，五险一金","salary":"12k-20k","companySize":"15-50人","approve":0,"financeStage":"成长型(A轮)","companyLabelList":["技能培训","带薪年假","岗位晋升","扁平管理"],"district":"朝阳区","companyShortName":"微观互联","score":0,"formatCreateTime":"1天前发布","companyFullName":"微观互联(北京)数据服务有限公司","adWord":0},{"companyId":49234,"explain":null,"plus":null,"pcShow":0,"appShow":0,"deliver":0,"gradeDescription":null,"businessZones":["八里庄","四惠","大望路"],"imState":"today","lastLogin":1472554407000,"publisherId":962390,"positionName":"Java","workYear":"3-5年","education":"大专","jobNature":"全职","positionId":2188954,"createTime":"2016-08-29 10:42:27","city":"北京","companyLogo":"image1/M00/2D/7B/Cgo8PFV5HQKAcw3pAAAjgYofvBI778.jpg","industryField":"电子商务","positionAdvantage":"晋升空间,扁平管理,弹性工作","salary":"13k-20k","companySize":"50-150人","approve":1,"financeStage":"成长型(A轮)","companyLabelList":["技能培训","股票期权","绩效奖金","岗位晋升"],"district":"朝阳区","companyShortName":"ECInsight","score":0,"formatCreateTime":"1天前发布","companyFullName":"北京品客互动科技有限公司","adWord":0},{"companyId":50702,"explain":null,"plus":null,"pcShow":0,"appShow":0,"deliver":0,"gradeDescription":null,"businessZones":["大山子","望京","酒仙桥"],"imState":"today","lastLogin":1472523798000,"publisherId":2546044,"positionName":"Java","workYear":"5-10年","education":"本科","jobNature":"全职","positionId":2197254,"createTime":"2016-08-29 10:41:27","city":"北京","companyLogo":"i/image/M00/4B/6C/CgqKkVefHv-AFoRzAAAuALF7ZZ0419.png","industryField":"移动互联网,O2O","positionAdvantage":"广阔的发展前景，期权，领导NIce","salary":"30k-50k","companySize":"2000人以上","approve":1,"financeStage":"成熟型(D轮及以上)","companyLabelList":["技能培训","绩效奖金","岗位晋升","领导好"],"district":"朝阳区","companyShortName":"美团点评","score":0,"formatCreateTime":"1天前发布","companyFullName":"北京三快在线科技有限公司","adWord":0},{"companyId":117575,"explain":null,"plus":null,"pcShow":0,"appShow":0,"deliver":0,"gradeDescription":null,"businessZones":["亚运村","奥运村","大屯"],"imState":"disabled","lastLogin":1472490020000,"publisherId":4318573,"positionName":"资深Java开发工程师","workYear":"3-5年","education":"本科","jobNature":"全职","positionId":2243396,"createTime":"2016-08-29 10:41:20","city":"北京","companyLogo":"i/image/M00/3B/33/Cgp3O1drWCaAYjOnAAAfBR_m8lc803.jpg","industryField":"移动互联网,金融","positionAdvantage":"期权鼓励、五险一金、车补、房补、餐补","salary":"15k-30k","companySize":"15-50人","approve":0,"financeStage":"初创型(不需要融资)","companyLabelList":["绩效奖金","带薪年假","股票期权","弹性工作"],"district":"朝阳区","companyShortName":"淘金科技","score":0,"formatCreateTime":"1天前发布","companyFullName":"淘金科技投资（北京）股份有限公司","adWord":0}]}},"code":0}