{"msg":null,"success":true,"requestId":null,"resubmitToken":null,"content":{"pageNo":13,"pageSize":15,"positionResult":{"queryAnalysisInfo":{"industryName":null,"usefulCompany":false,"positionName":"java","companyName":null},"strategyProperty":{"name":"dm-csearch-newSimScorer","id":1},"totalCount":12338,"resultSize":15,"locationInfo":{"businessZone":null,"locationCode":null,"queryByGisCode":false,"city":"北京","district":null},"result":[{"companyId":3786,"explain":null,"plus":null,"pcShow":0,"appShow":0,"deliver":0,"gradeDescription":null,"businessZones":null,"imState":"today","lastLogin":1472551210000,"publisherId":3608699,"positionName":"资深Java开发工程师","workYear":"5-10年","education":"本科","jobNature":"全职","positionId":2305836,"createTime":"2016-08-30 15:10:02","city":"北京","companyLogo":"i/image/M00/01/C8/Cgp3O1Z3lASAVbZHAABCha8eqHY645.jpg","industryField":"移动互联网,金融","positionAdvantage":"补充商业医疗保险 14天超长春假 年底多薪","salary":"20k-30k","companySize":"2000人以上","approve":1,"financeStage":"成熟型(不需要融资)","companyLabelList":["管理规范","技能培训","扁平管理","弹性工作"],"district":"朝阳区","companyShortName":"宜信","score":0,"formatCreateTime":"15:10发布","companyFullName":"普信恒业科技发展（北京）有限公司","adWord":0},{"companyId":50702,"explain":null,"plus":null,"pcShow":0,"appShow":0,"deliver":0,"gradeDescription":null,"businessZones":["望京","来广营"],"imState":"today","lastLogin":1472540782000,"publisherId":5237556,"positionName":"java架构师","workYear":"3-5年","education":"本科","jobNature":"全职","positionId":2253253,"createTime":"2016-08-30 15:07:12","city":"北京","companyLogo":"i/image/M00/4B/6C/CgqKkVefHv-AFoRzAAAuALF7ZZ0419.png","industryField":"移动互联网,O2O","positionAdvantage":"每天百万订单，10亿SKU更新","salary":"30k-50k","companySize":"2000人以上","approve":1,"financeStage":"成熟型(D轮及以上)","companyLabelList":["技能培训","绩效奖金","岗位晋升","领导好"],"district":"朝阳区","companyShortName":"美团点评","score":0,"formatCreateTime":"15:07发布","companyFullName":"北京三快在线科技有限公司","adWord":0},{"companyId":92504,"explain":null,"plus":null,"pcShow":0,"appShow":0,"deliver":0,"gradeDescription":null,"businessZones":["颐和园","西苑"],"imState":"disabled","lastLogin":1472540500000,"publisherId":2394678,"positionName":"高级Java工程师","workYear":"3-5年","education":"本科","jobNature":"全职","positionId":1209815,"createTime":"2016-08-30 15:01:51","city":"北京","companyLogo":"image2/M00/00/7C/CgqLKVXeg7mARwtVAACIJD7nhgs134.jpg?cc=0.717798414877372","industryField":"移动互联网,数据服务","positionAdvantage":"年底双薪 带薪年假 节日福利 餐补","salary":"20k-35k","companySize":"50-150人","approve":1,"financeStage":"成长型(不需要融资)","companyLabelList":["技能培训","带薪年假","岗位晋升","弹性工作"],"district":"海淀区","companyShortName":"黄河讯达","score":0,"formatCreateTime":"15:01发布","companyFullName":"黄河讯达科技有限公司","adWord":0},{"companyId":67880,"explain":null,"plus":null,"pcShow":0,"appShow":0,"deliver":0,"gradeDescription":null,"businessZones":null,"imState":"disabled","lastLogin":1472540334000,"publisherId":2294721,"positionName":"Java架构师","workYear":"5-10年","education":"本科","jobNature":"全职","positionId":2179808,"createTime":"2016-08-30 14:59:03","city":"北京","companyLogo":"i/image/M00/07/8C/CgqKkVbOgOmABEDqAACRwt3KhuQ016.jpg","industryField":"O2O","positionAdvantage":"大平台，快速发展，高成长","salary":"26k-50k","companySize":"500-2000人","approve":1,"financeStage":"成熟型(不需要融资)","companyLabelList":["节日礼物","专项奖金","股票期权","带薪年假"],"district":null,"companyShortName":"京东到家","score":0,"formatCreateTime":"14:59发布","companyFullName":"京东到家","adWord":0},{"companyId":138552,"explain":null,"plus":null,"pcShow":0,"appShow":0,"deliver":0,"gradeDescription":null,"businessZones":["西二旗","上地","马连洼"],"imState":"disabled","lastLogin":1472542650000,"publisherId":3542801,"positionName":"JAVA架构师","workYear":"5-10年","education":"本科","jobNature":"全职","positionId":2206532,"createTime":"2016-08-30 14:55:57","city":"北京","companyLogo":"i/image/M00/43/F8/CgqKkVeEisGAVyZ4AAAMcIEiz6A211.JPG","industryField":"企业服务,数据服务","positionAdvantage":"广阔的发展前景，精良的工作团队，五险一金","salary":"20k-30k","companySize":"50-150人","approve":0,"financeStage":"初创型(未融资)","companyLabelList":null,"district":"海淀区","companyShortName":"普巴软件","score":0,"formatCreateTime":"14:55发布","companyFullName":"北京普巴软件有限公司","adWord":0},{"companyId":1491,"explain":null,"plus":null,"pcShow":0,"appShow":0,"deliver":0,"gradeDescription":null,"businessZones":null,"imState":"today","lastLogin":1472540062000,"publisherId":253690,"positionName":"JAVA开发工程师","workYear":"1-3年","education":"本科","jobNature":"全职","positionId":1751729,"createTime":"2016-08-30 14:54:09","city":"北京","companyLogo":"i/image/M00/03/F9/CgqKkVbFNIyAOX0zAAAOzEqDBjw555.png","industryField":"金融","positionAdvantage":"互联网金融行业，技术牛人多，福利多","salary":"10k-15k","companySize":"50-150人","approve":1,"financeStage":"成长型(不需要融资)","companyLabelList":["节日礼物","技能培训","绩效奖金","年度旅游"],"district":"朝阳区","companyShortName":"牛仔网","score":0,"formatCreateTime":"14:54发布","companyFullName":"北京牛仔网络科技股份有限公司","adWord":0},{"companyId":347,"explain":null,"plus":null,"pcShow":0,"appShow":0,"deliver":0,"gradeDescription":null,"businessZones":null,"imState":"overSevenDays","lastLogin":1471230484000,"publisherId":2294427,"positionName":"北京杭州-高级JAVA/C++研发工程师/专家","workYear":"3-5年","education":"本科","jobNature":"全职","positionId":2122880,"createTime":"2016-08-30 14:51:57","city":"北京","companyLogo":"i/image/M00/54/5E/CgqKkVfDxgCAMb-GAAC2FtnWUVE377.jpg","industryField":"移动互联网","positionAdvantage":"股票激励,扁平空间,技术氛围好,牛人多","salary":"25k-45k","companySize":"2000人以上","approve":1,"financeStage":"上市公司","companyLabelList":["美女多","领导好","发展前景好","简单"],"district":"朝阳区","companyShortName":"阿里巴巴","score":0,"formatCreateTime":"14:51发布","companyFullName":"阿里巴巴（中国）网络技术有限公司","adWord":0},{"companyId":126927,"explain":null,"plus":null,"pcShow":0,"appShow":0,"deliver":0,"gradeDescription":null,"businessZones":["来广营","望京"],"imState":"disabled","lastLogin":1472539829000,"publisherId":5920160,"positionName":"Java","workYear":"1-3年","education":"本科","jobNature":"全职","positionId":2240815,"createTime":"2016-08-30 14:50:42","city":"北京","companyLogo":"i/image/M00/3A/55/CgqKkVdpBYiAVxdGAAAnweb5KvU231.png","industryField":"移动互联网,数据服务","positionAdvantage":"公司福利好，项目佳，领导NICE，团队逗逼","salary":"10k-15k","companySize":"50-150人","approve":0,"financeStage":"成长型(不需要融资)","companyLabelList":["专项奖金","带薪年假","交通补助","午餐补助"],"district":"朝阳区","companyShortName":"嘀一巴士","score":0,"formatCreateTime":"14:50发布","companyFullName":"嘀一科技（北京）有限公司","adWord":0},{"companyId":25099,"explain":null,"plus":null,"pcShow":0,"appShow":0,"deliver":0,"gradeDescription":null,"businessZones":["西三旗","清河","小营"],"imState":"today","lastLogin":1472548310000,"publisherId":300426,"positionName":"中级Java开发","workYear":"3-5年","education":"本科","jobNature":"全职","positionId":1906491,"createTime":"2016-08-30 14:48:40","city":"北京","companyLogo":"image1/M00/00/34/CgYXBlTUXJGAOnjgAAAx_OFTn8M520.jpg","industryField":"企业服务","positionAdvantage":"六险一金，弹性工作，团队氛围好，带薪年假","salary":"10k-15k","companySize":"500-2000人","approve":0,"financeStage":"上市公司","companyLabelList":["技能培训","专项奖金","带薪年假","绩效奖金"],"district":"海淀区","companyShortName":"慧点科技","score":0,"formatCreateTime":"14:48发布","companyFullName":"北京慧点科技有限公司","adWord":0},{"companyId":26861,"explain":null,"plus":null,"pcShow":0,"appShow":0,"deliver":0,"gradeDescription":null,"businessZones":["亮马桥","三元桥","燕莎"],"imState":"today","lastLogin":1472549526000,"publisherId":334666,"positionName":"Java开发工程师","workYear":"3-5年","education":"本科","jobNature":"全职","positionId":630029,"createTime":"2016-08-30 14:45:44","city":"北京","companyLogo":"images/logo_default.png","industryField":"移动互联网","positionAdvantage":"高额餐补 六险一金 带薪年假 定期团建","salary":"15k-25k","companySize":"150-500人","approve":0,"financeStage":"初创型(未融资)","companyLabelList":["绩效奖金","岗位晋升","五险一金","午餐补助"],"district":"朝阳区","companyShortName":"先锋支付","score":0,"formatCreateTime":"14:45发布","companyFullName":"先锋支付有限公司","adWord":0},{"companyId":82069,"explain":null,"plus":null,"pcShow":0,"appShow":0,"deliver":0,"gradeDescription":null,"businessZones":["望京","花家地","来广营"],"imState":"disabled","lastLogin":1472542230000,"publisherId":627797,"positionName":"资深/高级Java开发工程师","workYear":"5-10年","education":"本科","jobNature":"全职","positionId":2230322,"createTime":"2016-08-30 14:41:17","city":"北京","companyLogo":"image1/M00/36/A3/Cgo8PFWfNL6AR5rQAAAe87oYrEc761.png?cc=0.2520750048570335","industryField":"移动互联网,社交网络","positionAdvantage":"及时激励 丰厚年终绩效奖金 交通便利","salary":"15k-30k","companySize":"2000人以上","approve":1,"financeStage":"成熟型(不需要融资)","companyLabelList":["股票期权","带薪年假","绩效奖金","岗位晋升"],"district":"朝阳区","companyShortName":"思源科技","score":0,"formatCreateTime":"14:41发布","companyFullName":"北京思源互联科技有限公司","adWord":0},{"companyId":124467,"explain":null,"plus":null,"pcShow":0,"appShow":0,"deliver":0,"gradeDescription":null,"businessZones":["中关村","北京大学","苏州街"],"imState":"today","lastLogin":1472556833000,"publisherId":4786860,"positionName":"Java","workYear":"1-3年","education":"大专","jobNature":"全职","positionId":2193416,"createTime":"2016-08-30 14:39:11","city":"北京","companyLogo":"i/image/M00/20/30/CgqKkVcNoj-AfZ7UAAETWo-klPg429.jpg","industryField":"金融,移动互联网","positionAdvantage":"五险一金带薪年假餐补加班倒休团建","salary":"12k-15k","companySize":"15-50人","approve":1,"financeStage":"初创型(未融资)","companyLabelList":null,"district":"海淀区","companyShortName":"北京新东天成网络科技有点公司","score":0,"formatCreateTime":"14:39发布","companyFullName":"北京新东天成网络科技有限公司","adWord":0},{"companyId":137510,"explain":null,"plus":null,"pcShow":0,"appShow":0,"deliver":0,"gradeDescription":null,"businessZones":["五道口","清华大学","中关村"],"imState":"disabled","lastLogin":1472548283000,"publisherId":5927703,"positionName":"Java","workYear":"1-3年","education":"本科","jobNature":"全职","positionId":2305512,"createTime":"2016-08-30 14:35:09","city":"北京","companyLogo":"i/image/M00/40/CC/CgqKkVd7YMyAfbneAAAHymuOL_g188.jpg","industryField":"移动互联网,金融","positionAdvantage":"茶水补贴 领导nice","salary":"15k-30k","companySize":"150-500人","approve":0,"financeStage":"成长型(A轮)","companyLabelList":null,"district":"海淀区","companyShortName":"人人贷","score":0,"formatCreateTime":"14:35发布","companyFullName":"人人贷商务顾问（北京）有限公司","adWord":0},{"companyId":86464,"explain":null,"plus":null,"pcShow":0,"appShow":0,"deliver":0,"gradeDescription":null,"businessZones":["海运仓","东直门","东四"],"imState":"today","lastLogin":1472544252000,"publisherId":5365060,"positionName":"Java","workYear":"3-5年","education":"大专","jobNature":"全职","positionId":2038368,"createTime":"2016-08-30 14:35:00","city":"北京","companyLogo":"image1/M00/3E/30/Cgo8PFW7CeKALO4BAAAJzvPuhJ8007.jpg?cc=0.9309076523210686","industryField":"移动互联网","positionAdvantage":"钱多！活少！帅哥靓妹好！团队氛围棒棒哒~~","salary":"10k-18k","companySize":"150-500人","approve":1,"financeStage":"初创型(未融资)","companyLabelList":["节日礼物","带薪年假","绩效奖金","帅哥多"],"district":"东城区","companyShortName":"极晨智道","score":0,"formatCreateTime":"14:35发布","companyFullName":"极晨智道信息技术（北京）有限公司","adWord":0},{"companyId":329,"explain":null,"plus":null,"pcShow":0,"appShow":0,"deliver":0,"gradeDescription":null,"businessZones":["五道口","清华大学","中关村"],"imState":"today","lastLogin":1472550869000,"publisherId":118683,"positionName":"高级服务端开发工程师（Java）","workYear":"3-5年","education":"本科","jobNature":"全职","positionId":1993925,"createTime":"2016-08-30 14:33:50","city":"北京","companyLogo":"image1/M00/1C/DB/Cgo8PFUnbyyAOmwZAABKPABIzv8461.png","industryField":"数据服务,文化娱乐","positionAdvantage":"核心团队,JAVA","salary":"17k-34k","companySize":"2000人以上","approve":1,"financeStage":"上市公司","companyLabelList":["节日礼物","技能培训","免费班车","带薪年假"],"district":"海淀区","companyShortName":"网易","score":0,"formatCreateTime":"14:33发布","companyFullName":"网之易信息技术（北京）有限公司","adWord":0}]}},"code":0}