{"msg":null,"success":true,"requestId":null,"resubmitToken":null,"content":{"pageNo":36,"pageSize":15,"positionResult":{"queryAnalysisInfo":{"industryName":null,"usefulCompany":false,"positionName":"java","companyName":null},"strategyProperty":{"name":"dm-csearch-newSimScorer","id":1},"totalCount":12338,"resultSize":15,"locationInfo":{"businessZone":null,"locationCode":null,"queryByGisCode":false,"city":"北京","district":null},"result":[{"companyId":3786,"explain":null,"plus":null,"pcShow":0,"appShow":0,"deliver":0,"gradeDescription":null,"businessZones":["大望路","华贸","百子湾"],"imState":"disabled","lastLogin":1472458592000,"publisherId":5361818,"positionName":"Java技术经理","workYear":"5-10年","education":"本科","jobNature":"全职","positionId":2104994,"createTime":"2016-08-30 10:23:12","city":"北京","companyLogo":"i/image/M00/01/C8/Cgp3O1Z3lASAVbZHAABCha8eqHY645.jpg","industryField":"移动互联网,金融","positionAdvantage":"六险一金 发展空间大 平台广 同事关系融洽","salary":"20k-30k","companySize":"2000人以上","approve":1,"financeStage":"成熟型(不需要融资)","companyLabelList":["管理规范","技能培训","扁平管理","弹性工作"],"district":"朝阳区","companyShortName":"宜信","score":0,"formatCreateTime":"10:23发布","companyFullName":"普信恒业科技发展（北京）有限公司","adWord":0},{"companyId":5812,"explain":null,"plus":null,"pcShow":0,"appShow":0,"deliver":0,"gradeDescription":null,"businessZones":["西北旺"],"imState":"disabled","lastLogin":1472518601000,"publisherId":579628,"positionName":"高级Java开发工程师","workYear":"3-5年","education":"本科","jobNature":"全职","positionId":1571261,"createTime":"2016-08-30 08:31:42","city":"北京","companyLogo":"image1/M00/00/0C/Cgo8PFTUWCCAaF4PAAAm3kBS87s438.png","industryField":"企业服务,数据服务","positionAdvantage":"发展前景好，福利待遇好，免费班车","salary":"15k-20k","companySize":"2000人以上","approve":1,"financeStage":"上市公司","companyLabelList":["技能培训","节日礼物","免费班车","岗位晋升"],"district":"海淀区","companyShortName":"用友","score":0,"formatCreateTime":"08:31发布","companyFullName":"用友网络科技股份有限公司","adWord":0},{"companyId":41823,"explain":null,"plus":null,"pcShow":0,"appShow":0,"deliver":0,"gradeDescription":null,"businessZones":["北苑","来广营"],"imState":"today","lastLogin":1472559591000,"publisherId":1612829,"positionName":"Java开发（搜索方向）","workYear":"3-5年","education":"本科","jobNature":"全职","positionId":1737367,"createTime":"2016-08-29 19:59:16","city":"北京","companyLogo":"i/image/M00/01/CC/Cgp3O1Z3ydqAGMD9AAAZzkx2ztQ555.png","industryField":"O2O,生活服务","positionAdvantage":"A轮融资3亿美金 领导nice","salary":"15k-30k","companySize":"2000人以上","approve":1,"financeStage":"成长型(A轮)","companyLabelList":["节日礼物","技能培训","股票期权","免费班车"],"district":"朝阳区","companyShortName":"58到家","score":0,"formatCreateTime":"1天前发布","companyFullName":"天津五八到家生活服务有限公司","adWord":0},{"companyId":19421,"explain":null,"plus":null,"pcShow":0,"appShow":0,"deliver":0,"gradeDescription":null,"businessZones":["中关村","苏州桥","苏州街"],"imState":"disabled","lastLogin":1472553629000,"publisherId":2780243,"positionName":"高级Java开发工程师","workYear":"3-5年","education":"大专","jobNature":"全职","positionId":2036003,"createTime":"2016-08-29 18:59:01","city":"北京","companyLogo":"image2/M00/03/45/CgpzWlXtmEuANWMsAAIZKlf5iu4981.jpg","industryField":"电子商务,企业服务","positionAdvantage":"五险一金 带薪年假 年终多薪 各类补助","salary":"15k-25k","companySize":"150-500人","approve":1,"financeStage":"成长型(A轮)","companyLabelList":["股票期权","带薪年假","弹性工作","节日礼物"],"district":"海淀区","companyShortName":"知果果网","score":0,"formatCreateTime":"1天前发布","companyFullName":"北京知果科技有限公司","adWord":0},{"companyId":73184,"explain":null,"plus":null,"pcShow":0,"appShow":0,"deliver":0,"gradeDescription":null,"businessZones":["来广营","望京"],"imState":"today","lastLogin":1472528480000,"publisherId":1834348,"positionName":"高级Java开发工程师","workYear":"1-3年","education":"本科","jobNature":"全职","positionId":1422048,"createTime":"2016-08-29 18:55:44","city":"北京","companyLogo":"i/image/M00/3C/B6/CgqKkVdwpHmAFwevAABDs65h4-g872.jpg","industryField":"企业服务","positionAdvantage":"技术导向，高水平团队，氛围好，福利赞~！","salary":"15k-25k","companySize":"50-150人","approve":1,"financeStage":"成长型(A轮)","companyLabelList":["股票期权","扁平管理","弹性工作","五险一金"],"district":"朝阳区","companyShortName":"薪人薪事","score":0,"formatCreateTime":"1天前发布","companyFullName":"企家有道网络技术（北京）有限公司","adWord":0},{"companyId":122289,"explain":null,"plus":null,"pcShow":0,"appShow":0,"deliver":0,"gradeDescription":null,"businessZones":["苏州街","中关村","万泉河"],"imState":"today","lastLogin":1472538292000,"publisherId":4677922,"positionName":"高级Java工程师","workYear":"3-5年","education":"本科","jobNature":"全职","positionId":1850312,"createTime":"2016-08-29 18:45:14","city":"北京","companyLogo":"i/image/M00/3C/A9/Cgp3O1dwlSmAK_sTAAARXTUNsfk486.jpg","industryField":"移动互联网,企业服务","positionAdvantage":"不打卡，五险一金，带薪年假","salary":"18k-25k","companySize":"少于15人","approve":1,"financeStage":"初创型(天使轮)","companyLabelList":["股票期权","带薪年假","弹性工作","五险一金"],"district":"海淀区","companyShortName":"超对称","score":0,"formatCreateTime":"1天前发布","companyFullName":"超对称（北京）科技有限公司","adWord":0},{"companyId":749,"explain":null,"plus":null,"pcShow":0,"appShow":0,"deliver":0,"gradeDescription":null,"businessZones":null,"imState":"disabled","lastLogin":1472563812000,"publisherId":4173317,"positionName":"Java","workYear":"3-5年","education":"本科","jobNature":"全职","positionId":1520115,"createTime":"2016-08-29 18:42:44","city":"北京","companyLogo":"image1/M00/00/04/CgYXBlTUV_6AdvqVAAApge7s8yA551.jpg","industryField":"移动互联网,金融","positionAdvantage":"全球顶尖移动风控技术团队诚邀加盟","salary":"25k-35k","companySize":"2000人以上","approve":0,"financeStage":"成熟型(D轮及以上)","companyLabelList":["岗位晋升","技能培训","弹性工作","节日礼物"],"district":"海淀区","companyShortName":"支付宝（中国）网络技术有限公司","score":0,"formatCreateTime":"1天前发布","companyFullName":"支付宝（中国）网络技术有限公司","adWord":0},{"companyId":145663,"explain":null,"plus":null,"pcShow":0,"appShow":0,"deliver":0,"gradeDescription":null,"businessZones":["北苑","立水桥"],"imState":"disabled","lastLogin":1472465839000,"publisherId":5301426,"positionName":"Java工程师","workYear":"3-5年","education":"本科","jobNature":"全职","positionId":2301960,"createTime":"2016-08-29 18:42:18","city":"北京","companyLogo":"i/image/M00/54/86/CgqKkVfEBEKAcVNZAAAXqM0Q1tM703.jpg","industryField":"移动互联网,企业服务","positionAdvantage":"刚刚启动的研发项目，可以尽情施展你的才能","salary":"15k-20k","companySize":"少于15人","approve":0,"financeStage":"初创型(未融资)","companyLabelList":["年底双薪","绩效奖金","带薪年假","股票期权"],"district":"朝阳区","companyShortName":"部落公社","score":0,"formatCreateTime":"1天前发布","companyFullName":"杭州部落公社科技有限公司","adWord":0},{"companyId":1541,"explain":null,"plus":null,"pcShow":0,"appShow":0,"deliver":0,"gradeDescription":null,"businessZones":["学院路","五道口","北航","学院路","五道口","北航"],"imState":"today","lastLogin":1472537236000,"publisherId":10461,"positionName":"Java web","workYear":"3-5年","education":"大专","jobNature":"全职","positionId":1767010,"createTime":"2016-08-29 18:42:15","city":"北京","companyLogo":"image1/M00/00/06/Cgo8PFTUWAWALJ_CAAAqn7Tz8Cs044.jpg","industryField":"移动互联网","positionAdvantage":"六险一金、带薪年假、定期体检","salary":"10k-18k","companySize":"150-500人","approve":1,"financeStage":"成熟型(C轮)","companyLabelList":["年终分红","五险一金","岗位晋升","年底双薪"],"district":"海淀区","companyShortName":"宜搜科技","score":0,"formatCreateTime":"1天前发布","companyFullName":"深圳市宜搜科技发展有限公司北京分公司","adWord":0},{"companyId":59902,"explain":null,"plus":null,"pcShow":0,"appShow":0,"deliver":0,"gradeDescription":null,"businessZones":null,"imState":"today","lastLogin":1472554770000,"publisherId":1509885,"positionName":"java技术经理","workYear":"5-10年","education":"本科","jobNature":"全职","positionId":568871,"createTime":"2016-08-29 18:41:09","city":"北京","companyLogo":"image1/M00/18/18/CgYXBlUTlSSAHrUXAAB7UF2a0c8923.png","industryField":"金融","positionAdvantage":"五险一金、弹性工作制、上市期权股票","salary":"20k-35k","companySize":"2000人以上","approve":1,"financeStage":"上市公司","companyLabelList":["五险一金","弹性工作","带薪年假","免费工作餐"],"district":null,"companyShortName":"轻易贷","score":0,"formatCreateTime":"1天前发布","companyFullName":"轻易科技有限公司","adWord":0},{"companyId":55446,"explain":null,"plus":null,"pcShow":0,"appShow":0,"deliver":0,"gradeDescription":null,"businessZones":null,"imState":"disabled","lastLogin":1472551964000,"publisherId":6133,"positionName":"Java工程师","workYear":"1-3年","education":"本科","jobNature":"全职","positionId":2264891,"createTime":"2016-08-29 18:37:49","city":"北京","companyLogo":"i/image/M00/03/92/Cgp3O1bBZp6ANvoaAAAb17EHQMc096.png","industryField":"移动互联网,O2O","positionAdvantage":"优秀团队；免费三餐；能力提升大","salary":"15k-30k","companySize":"500-2000人","approve":1,"financeStage":"初创型(未融资)","companyLabelList":["股票期权","带薪年假","绩效奖金","扁平管理"],"district":"海淀区","companyShortName":"链家网","score":0,"formatCreateTime":"1天前发布","companyFullName":"链家网（北京）科技有限公司","adWord":0},{"companyId":47956,"explain":null,"plus":null,"pcShow":0,"appShow":0,"deliver":0,"gradeDescription":null,"businessZones":null,"imState":"disabled","lastLogin":1472558417000,"publisherId":5718725,"positionName":"高级java开发工程师","workYear":"5-10年","education":"本科","jobNature":"全职","positionId":2301931,"createTime":"2016-08-29 18:36:23","city":"北京","companyLogo":"image1/M00/00/7C/Cgo8PFTUXcKANunHAACGYOw9eWQ207.jpg","industryField":"金融","positionAdvantage":"六险一金 弹性工作制 薪资福利","salary":"15k-30k","companySize":"2000人以上","approve":1,"financeStage":"成长型(A轮)","companyLabelList":["技能培训","年底双薪","股票期权","带薪年假"],"district":null,"companyShortName":"厚本金融","score":0,"formatCreateTime":"1天前发布","companyFullName":"上海厚本金融信息服务有限公司","adWord":0},{"companyId":1914,"explain":null,"plus":null,"pcShow":0,"appShow":0,"deliver":0,"gradeDescription":null,"businessZones":["中关村","北京大学","苏州街"],"imState":"overSevenDays","lastLogin":1471833906000,"publisherId":1531270,"positionName":"Java实习生","workYear":"应届毕业生","education":"硕士","jobNature":"实习","positionId":2301917,"createTime":"2016-08-29 18:34:21","city":"北京","companyLogo":"i/image/M00/01/39/Cgp3O1Zk9luAeL0jAAAO0FvOuQE553.png","industryField":"数据服务,文化娱乐","positionAdvantage":"平台大,技术驱动,弹性工作制","salary":"2k-3k","companySize":"2000人以上","approve":1,"financeStage":"上市公司","companyLabelList":["带薪年假","岗位晋升","五险一金","弹性工作"],"district":"海淀区","companyShortName":"优酷土豆","score":0,"formatCreateTime":"1天前发布","companyFullName":"合一网络技术（北京）有限公司","adWord":0},{"companyId":131791,"explain":null,"plus":null,"pcShow":0,"appShow":0,"deliver":0,"gradeDescription":null,"businessZones":["上地","西二旗","马连洼"],"imState":"disabled","lastLogin":1472545505000,"publisherId":5491850,"positionName":"Java","workYear":"1-3年","education":"本科","jobNature":"全职","positionId":2228151,"createTime":"2016-08-29 18:34:16","city":"北京","companyLogo":"i/image/M00/30/C5/CgqKkVdHtYuAdWY_AAAGBp-IJBM777.jpg","industryField":"移动互联网,游戏","positionAdvantage":"五险一金，双休","salary":"10k-15k","companySize":"50-150人","approve":1,"financeStage":"初创型(未融资)","companyLabelList":null,"district":"海淀区","companyShortName":"新鱼","score":0,"formatCreateTime":"1天前发布","companyFullName":"北京新鱼网络科技有限公司","adWord":0},{"companyId":89541,"explain":null,"plus":null,"pcShow":0,"appShow":0,"deliver":0,"gradeDescription":null,"businessZones":["西北旺","马连洼","上地"],"imState":"disabled","lastLogin":1472472425000,"publisherId":4614992,"positionName":"Java开发工程师","workYear":"不限","education":"不限","jobNature":"全职","positionId":2143025,"createTime":"2016-08-29 18:29:31","city":"北京","companyLogo":"image1/M00/42/DC/Cgo8PFXNdImAA0hiAACBD0dX7Ds225.png?cc=0.6919486154416709","industryField":"移动互联网,电子商务","positionAdvantage":"薪酬福利高","salary":"15k-30k","companySize":"2000人以上","approve":0,"financeStage":"成熟型(D轮及以上)","companyLabelList":["节日礼物","绩效奖金","年度旅游","美女多"],"district":"海淀区","companyShortName":"滴滴出行（小桔科技）","score":0,"formatCreateTime":"1天前发布","companyFullName":"滴滴打车（小桔科技）","adWord":0}]}},"code":0}