{"resubmitToken":null,"success":true,"requestId":null,"msg":null,"content":{"pageNo":43,"pageSize":15,"positionResult":{"totalCount":12338,"resultSize":15,"locationInfo":{"city":"北京","district":null,"queryByGisCode":false,"businessZone":null,"locationCode":null},"queryAnalysisInfo":{"positionName":"java","companyName":null,"industryName":null,"usefulCompany":false},"strategyProperty":{"name":"dm-csearch-newSimScorer","id":1},"result":[{"companyFullName":"普信恒业科技发展（北京）有限公司","adWord":0,"companyId":3786,"formatCreateTime":"10:23发布","businessZones":["大望路","华贸","百子湾"],"imState":"disabled","lastLogin":1471414253000,"positionId":2204198,"industryField":"移动互联网,金融","education":"本科","workYear":"3-5年","city":"北京","positionAdvantage":"六险一金、系统培训、餐饮补贴、优质团队","createTime":"2016-08-30 10:23:08","salary":"10k-19k","positionName":"Java","companySize":"2000人以上","companyShortName":"宜信","companyLogo":"i/image/M00/01/C8/Cgp3O1Z3lASAVbZHAABCha8eqHY645.jpg","financeStage":"成熟型(不需要融资)","approve":1,"jobNature":"全职","companyLabelList":["管理规范","技能培训","扁平管理","弹性工作"],"district":"朝阳区","score":0,"publisherId":5346794,"explain":null,"plus":null,"pcShow":0,"appShow":0,"deliver":0,"gradeDescription":null},{"companyFullName":"易联汇华（北京）科技有限公司","adWord":0,"companyId":41996,"formatCreateTime":"1天前发布","businessZones":["大山子","酒仙桥"],"imState":"disabled","lastLogin":1472550864000,"positionId":1863942,"industryField":"移动互联网,金融","education":"大专","workYear":"3-5年","city":"北京","positionAdvantage":"十三薪，季度奖金，年终奖，免费班车等","createTime":"2016-08-29 16:28:13","salary":"20k-30k","positionName":"高级Java工程师","companySize":"150-500人","companyShortName":"易联汇华","companyLogo":"i/image/M00/4C/75/CgqKkVeiuGCAS9WcAAAbIjRhTQg534.jpg","financeStage":"成长型(B轮)","approve":1,"jobNature":"全职","companyLabelList":["节日福利","绩效奖金","年底双薪","带薪病假"],"district":"朝阳区","score":0,"publisherId":3572358,"explain":null,"plus":null,"pcShow":0,"appShow":0,"deliver":0,"gradeDescription":null},{"companyFullName":"北京华正方圆科技发展有限公司","adWord":0,"companyId":113076,"formatCreateTime":"1天前发布","businessZones":["双榆树","人民大学"],"imState":"today","lastLogin":1472541735000,"positionId":1691855,"industryField":"移动互联网,企业服务","education":"大专","workYear":"3-5年","city":"北京","positionAdvantage":"五险一金+带薪年假+定期体检","createTime":"2016-08-29 16:20:26","salary":"10k-18k","positionName":"Java研发","companySize":"150-500人","companyShortName":"华正方圆","companyLogo":"i/image/M00/16/96/Cgp3O1bvxS2APhSvAAAIdDmoN4M370.png","financeStage":"成长型(不需要融资)","approve":0,"jobNature":"全职","companyLabelList":["管理规范","领导好","扁平管理"],"district":"海淀区","score":0,"publisherId":4705632,"explain":null,"plus":null,"pcShow":0,"appShow":0,"deliver":0,"gradeDescription":null},{"companyFullName":"大连海大船舶导航国家工程研究中心有限责任公司北京科技分公司","adWord":0,"companyId":113344,"formatCreateTime":"1天前发布","businessZones":["上地","西二旗","马连洼"],"imState":"today","lastLogin":1472547334000,"positionId":1566723,"industryField":"企业服务,数据服务","education":"大专","workYear":"3-5年","city":"北京","positionAdvantage":"国家级工程研究中心 福利完备","createTime":"2016-08-29 16:09:40","salary":"10k-18k","positionName":"中级Java研发工程师","companySize":"50-150人","companyShortName":"海大导航","companyLogo":"i/image/M00/02/F1/Cgp3O1ahzeKAUMB4AAAb0CmzUfo592.jpg","financeStage":"成长型(不需要融资)","approve":0,"jobNature":"全职","companyLabelList":["专项奖金","绩效奖金","年终分红","午餐补助"],"district":"海淀区","score":0,"publisherId":3771106,"explain":null,"plus":null,"pcShow":0,"appShow":0,"deliver":0,"gradeDescription":null},{"companyFullName":"北京蜜友科技有限公司","adWord":0,"companyId":36036,"formatCreateTime":"1天前发布","businessZones":null,"imState":"threeDays","lastLogin":1472464548000,"positionId":1979945,"industryField":"移动互联网,社交网络","education":"大专","workYear":"3-5年","city":"北京","positionAdvantage":"税后薪资+期权(巨头投资)+多项补助+保险","createTime":"2016-08-29 16:00:14","salary":"15k-20k","positionName":"高级Java开发工程师","companySize":"15-50人","companyShortName":"趣播（视频直播社交）","companyLogo":"image1/M00/1E/BD/Cgo8PFUvau6AD98-AACbp-QEPO0441.png","financeStage":"成长型(A轮)","approve":1,"jobNature":"全职","companyLabelList":["最知名投资人","社交十年一剑","团队持股"],"district":null,"score":0,"publisherId":630051,"explain":null,"plus":null,"pcShow":0,"appShow":0,"deliver":0,"gradeDescription":null},{"companyFullName":"北京酷传科技有限公司","adWord":0,"companyId":1045,"formatCreateTime":"1天前发布","businessZones":null,"imState":"today","lastLogin":1472552158000,"positionId":1860185,"industryField":"移动互联网","education":"本科","workYear":"1-3年","city":"北京","positionAdvantage":"扁平化管理 发展空间大 法定假期 带薪年假","createTime":"2016-08-29 16:00:07","salary":"12k-24k","positionName":"Java","companySize":"50-150人","companyShortName":"酷传","companyLogo":"image2/M00/04/C9/CgqLKVXzlpGAKJNeAADIgEBxroY398.png","financeStage":"成长型(A轮)","approve":1,"jobNature":"全职","companyLabelList":["技能培训","扁平管理","股票期权","带薪年假"],"district":null,"score":0,"publisherId":6263,"explain":null,"plus":null,"pcShow":0,"appShow":0,"deliver":0,"gradeDescription":null},{"companyFullName":"北京通力互联技术服务有限公司","adWord":0,"companyId":123777,"formatCreateTime":"1天前发布","businessZones":null,"imState":"disabled","lastLogin":1472543797000,"positionId":2219373,"industryField":"电子商务,企业服务","education":"本科","workYear":"3-5年","city":"北京","positionAdvantage":"试用期全薪！BAT同事！","createTime":"2016-08-29 15:56:56","salary":"15k-30k","positionName":"高级Java开发工程师","companySize":"2000人以上","companyShortName":"通力互联","companyLogo":"i/image/M00/2E/03/CgqKkVc9jmCAI8DpAAD09YLPnBk157.png","financeStage":"成熟型(不需要融资)","approve":0,"jobNature":"全职","companyLabelList":["绩效奖金","交通补助","定期体检","通讯津贴"],"district":null,"score":0,"publisherId":5187096,"explain":null,"plus":null,"pcShow":0,"appShow":0,"deliver":0,"gradeDescription":null},{"companyFullName":"北京同城翼龙网络科技有限公司","adWord":0,"companyId":22391,"formatCreateTime":"1天前发布","businessZones":null,"imState":"today","lastLogin":1472548756000,"positionId":1839142,"industryField":"金融","education":"本科","workYear":"3-5年","city":"北京","positionAdvantage":"联想控股，专注三农，年底双薪，餐费补助","createTime":"2016-08-29 15:55:11","salary":"20k-30k","positionName":"高级Java开发工程师","companySize":"150-500人","companyShortName":"翼龙贷网","companyLogo":"image1/M00/16/E3/CgYXBlUP1WaALrvkAACg0cLAYdM529.jpg","financeStage":"成长型(A轮)","approve":1,"jobNature":"全职","companyLabelList":["团队建设","绩效奖金","年度旅游","岗位晋升"],"district":"海淀区","score":0,"publisherId":5106854,"explain":null,"plus":null,"pcShow":0,"appShow":0,"deliver":0,"gradeDescription":null},{"companyFullName":"北界创想（北京）软件有限公司","adWord":0,"companyId":23688,"formatCreateTime":"1天前发布","businessZones":["建外大街","CBD","东大桥"],"imState":"today","lastLogin":1472554447000,"positionId":2226159,"industryField":"移动互联网","education":"本科","workYear":"3-5年","city":"北京","positionAdvantage":"有挑战，高成长，广阔空间","createTime":"2016-08-29 15:44:30","salary":"15k-30k","positionName":"高级Java开发工程师","companySize":"150-500人","companyShortName":"Opera欧朋","companyLogo":"image2/M00/08/9D/CgpzWlYDeZKAT3djAACa1YMq9-0951.png","financeStage":"成熟型(D轮及以上)","approve":1,"jobNature":"全职","companyLabelList":["五险一金","带薪年假","通讯津贴","年终分红"],"district":"朝阳区","score":0,"publisherId":4148655,"explain":null,"plus":null,"pcShow":0,"appShow":0,"deliver":0,"gradeDescription":null},{"companyFullName":"北京星辰互联信息技术有限公司","adWord":0,"companyId":142668,"formatCreateTime":"1天前发布","businessZones":["西直门"],"imState":"today","lastLogin":1472543186000,"positionId":2300300,"industryField":"移动互联网,社交网络","education":"本科","workYear":"应届毕业生","city":"北京","positionAdvantage":"扁平化架构,弹性工时,晋升空间,地铁周边","createTime":"2016-08-29 15:43:16","salary":"6k-10k","positionName":"Java开发工程师","companySize":"15-50人","companyShortName":"星辰互联","companyLogo":"i/image/M00/4C/E8/Cgp3O1ekL1mACHIkAAAs_tocLZY228.png","financeStage":"初创型(不需要融资)","approve":0,"jobNature":"全职","companyLabelList":null,"district":"海淀区","score":0,"publisherId":5849744,"explain":null,"plus":null,"pcShow":0,"appShow":0,"deliver":0,"gradeDescription":null},{"companyFullName":"北京红马传媒文化发展有限公司","adWord":0,"companyId":1662,"formatCreateTime":"1天前发布","businessZones":["东直门","海运仓","三里屯"],"imState":"today","lastLogin":1472542169000,"positionId":2210114,"industryField":"移动互联网,电子商务","education":"本科","workYear":"应届毕业生","city":"北京","positionAdvantage":"毕业留用 专业培训体系","createTime":"2016-08-29 15:41:54","salary":"3k-4k","positionName":"Java实习生","companySize":"500-2000人","companyShortName":"大麦网","companyLogo":"image1/M00/00/06/Cgo8PFTUWAWAITvVAAAniYBJ4Lc269.jpg","financeStage":"成熟型(C轮)","approve":1,"jobNature":"实习","companyLabelList":["绩效奖金","年底双薪","五险一金","带薪年假"],"district":"东城区","score":0,"publisherId":3046212,"explain":null,"plus":null,"pcShow":0,"appShow":0,"deliver":0,"gradeDescription":null},{"companyFullName":"陕西万德软件有限公司","adWord":0,"companyId":32088,"formatCreateTime":"1天前发布","businessZones":["西北旺","马连洼","上地"],"imState":"today","lastLogin":1472546867000,"positionId":2289257,"industryField":"移动互联网,电子商务","education":"大专","workYear":"3-5年","city":"北京","positionAdvantage":"五险一金、带薪年假、周末双休","createTime":"2016-08-29 15:37:42","salary":"6k-8k","positionName":"Java工程师","companySize":"500-2000人","companyShortName":"万德软件","companyLogo":"i/image/M00/36/C4/Cgp3O1defaKAQzvyAAArRc0hpAM141.jpg","financeStage":"上市公司","approve":1,"jobNature":"全职","companyLabelList":["带薪年假","绩效奖金","美女多"],"district":"海淀区","score":0,"publisherId":5640876,"explain":null,"plus":null,"pcShow":0,"appShow":0,"deliver":0,"gradeDescription":null},{"companyFullName":"爱活动（北京）国际文化传媒有限公司","adWord":0,"companyId":9963,"formatCreateTime":"1天前发布","businessZones":["百子湾","四惠","八里庄"],"imState":"today","lastLogin":1472527968000,"positionId":2231548,"industryField":"移动互联网,O2O","education":"不限","workYear":"3-5年","city":"北京","positionAdvantage":"牛人团队、领导nice","createTime":"2016-08-29 15:36:10","salary":"15k-30k","positionName":"Java开发","companySize":"15-50人","companyShortName":"爱活动（社群电商APP）","companyLogo":"i/image/M00/04/29/Cgp3O1bGuTWAKVejAAAkaPnNPH4458.png","financeStage":"成长型(A轮)","approve":1,"jobNature":"全职","companyLabelList":["节日礼物","股票期权","带薪年假","岗位晋升"],"district":"朝阳区","score":0,"publisherId":1481078,"explain":null,"plus":null,"pcShow":0,"appShow":0,"deliver":0,"gradeDescription":null},{"companyFullName":"北京鑫源联创科技有限责任公司","adWord":0,"companyId":40338,"formatCreateTime":"1天前发布","businessZones":["北苑","立水桥"],"imState":"disabled","lastLogin":1472455978000,"positionId":2300232,"industryField":"企业服务","education":"大专","workYear":"3-5年","city":"北京","positionAdvantage":"工作氛围舒适 发展平台大","createTime":"2016-08-29 15:36:00","salary":"13k-18k","positionName":"Java工程师","companySize":"50-150人","companyShortName":"鑫源联创","companyLogo":"image1/M00/00/63/Cgo8PFTUXVmAHN9EAABqPzzvFTg767.jpg","financeStage":"成长型(不需要融资)","approve":1,"jobNature":"全职","companyLabelList":["节日礼物","定期体检","五险一金","午餐补助"],"district":"朝阳区","score":0,"publisherId":5168281,"explain":null,"plus":null,"pcShow":0,"appShow":0,"deliver":0,"gradeDescription":null},{"companyFullName":"维纳塔罗（北京）软件开发有限公司","adWord":0,"companyId":136217,"formatCreateTime":"1天前发布","businessZones":["古城","八角"],"imState":"disabled","lastLogin":1472535069000,"positionId":2300198,"industryField":"移动互联网,企业服务","education":"本科","workYear":"不限","city":"北京","positionAdvantage":"氛围好！老板nice！住哪都给你想好了！","createTime":"2016-08-29 15:33:07","salary":"4k-8k","positionName":"Java开发工程师","companySize":"50-150人","companyShortName":"维纳科技","companyLogo":"i/image/M00/3F/24/Cgp3O1d2QNuAccTxAABnbbB4M0c762.png","financeStage":"初创型(未融资)","approve":0,"jobNature":"全职","companyLabelList":["年底双薪","午餐补助","弹性工作","五险一金"],"district":"石景山区","score":0,"publisherId":5478246,"explain":null,"plus":null,"pcShow":0,"appShow":0,"deliver":0,"gradeDescription":null}]}},"code":0}