{"resubmitToken":null,"success":true,"requestId":null,"msg":null,"content":{"pageNo":76,"pageSize":15,"positionResult":{"totalCount":12338,"resultSize":15,"locationInfo":{"city":"北京","district":null,"businessZone":null,"queryByGisCode":false,"locationCode":null},"queryAnalysisInfo":{"positionName":"java","companyName":null,"industryName":null,"usefulCompany":false},"strategyProperty":{"name":"dm-csearch-newSimScorer","id":1},"result":[{"companyId":2900,"positionName":"Java研发工程师","workYear":"3-5年","education":"本科","jobNature":"全职","createTime":"2016-08-26 17:19:03","companyShortName":"微店","positionId":98271,"salary":"25k-40k","approve":1,"city":"北京","positionAdvantage":"有竞争力薪资+丰厚期权+完善福利+靠谱团队","companyLogo":"image1/M00/0F/B0/Cgo8PFT9bUuAFYmqAABKRDf-Ah0371.jpg","industryField":"移动互联网 ,电子商务","companyLabelList":["扁平化管理","技术驱动","14薪","六险一金"],"financeStage":"成熟型(C轮)","district":"朝阳区","score":0,"companySize":"500-2000人","companyFullName":"北京口袋时尚科技有限公司","adWord":0,"formatCreateTime":"2016-08-26","imState":"sevenDays","lastLogin":1472203127000,"publisherId":27070,"explain":null,"plus":null,"pcShow":0,"appShow":0,"deliver":0,"gradeDescription":null,"businessZones":["酒仙桥","大山子","将台路"]},{"companyId":7075,"positionName":"架构师（java方向）","workYear":"5-10年","education":"本科","jobNature":"全职","createTime":"2016-08-26 16:45:04","companyShortName":"小麦公社","positionId":1988425,"salary":"25k-45k","approve":1,"city":"北京","positionAdvantage":"六险一金 弹性工作时间 便利交通","companyLogo":"i/image/M00/00/1F/Cgp3O1YsdLOAXOiVAACcoNxrKcE474.png","industryField":"移动互联网,电子商务","companyLabelList":["节日礼物","绩效奖金","岗位晋升","弹性工作"],"financeStage":"成长型(B轮)","district":"海淀区","score":0,"companySize":"500-2000人","companyFullName":"迈思可文化传媒（北京）有限公司","adWord":0,"formatCreateTime":"2016-08-26","imState":"today","lastLogin":1472543699000,"publisherId":78791,"explain":null,"plus":null,"pcShow":0,"appShow":0,"deliver":0,"gradeDescription":null,"businessZones":["魏公村","中关村","白石桥"]},{"companyId":35422,"positionName":"Java","workYear":"3-5年","education":"本科","jobNature":"全职","createTime":"2016-08-26 16:07:29","companyShortName":"京东","positionId":2025653,"salary":"15k-30k","approve":0,"city":"北京","positionAdvantage":"公积金、补充保险、工作居住证、班车","companyLogo":"i/image/M00/08/D2/Cgp3O1bRFcSAHMtPAAAelCJqdO8411.png","industryField":"电子商务","companyLabelList":["年底双薪","节日礼物","技能培训","岗位晋升"],"financeStage":"上市公司","district":null,"score":0,"companySize":"2000人以上","companyFullName":"京东商城","adWord":0,"formatCreateTime":"2016-08-26","imState":"disabled","lastLogin":1472463589000,"publisherId":4859977,"explain":null,"plus":null,"pcShow":0,"appShow":0,"deliver":0,"gradeDescription":null,"businessZones":null},{"companyId":125447,"positionName":"Java研发工程师","workYear":"3-5年","education":"本科","jobNature":"全职","createTime":"2016-08-26 15:38:39","companyShortName":"大象慧云","positionId":1724168,"salary":"10k-20k","approve":0,"city":"北京","positionAdvantage":"双休年假，补贴期权，弹性时间","companyLogo":"i/image/M00/22/43/CgqKkVcUhd-ABbaPAAAes7vzK_w201.png","industryField":"金融,数据服务","companyLabelList":["带薪年假","定期体检","午餐补助","股票期权"],"financeStage":"成长型(不需要融资)","district":"海淀区","score":0,"companySize":"50-150人","companyFullName":"大象云天信息技术有限公司","adWord":0,"formatCreateTime":"2016-08-26","imState":"today","lastLogin":1472540038000,"publisherId":4813524,"explain":null,"plus":null,"pcShow":0,"appShow":0,"deliver":0,"gradeDescription":null,"businessZones":["四季青"]},{"companyId":62204,"positionName":"Java软件开发工程师","workYear":"不限","education":"本科","jobNature":"全职","createTime":"2016-08-26 15:18:13","companyShortName":"博汇科技","positionId":2230928,"salary":"7k-11k","approve":1,"city":"北京","positionAdvantage":"团队氛围好 项目奖 绩效奖 弹性工时","companyLogo":"image1/M00/1C/1C/CgYXBlUkxxuAJQcTAABQiKAjnX8636.jpg","industryField":"硬件,文化娱乐","companyLabelList":["技能培训","绩效奖金","年度旅游","岗位晋升"],"financeStage":"成长型(不需要融资)","district":null,"score":0,"companySize":"150-500人","companyFullName":"北京市博汇科技股份有限公司","adWord":0,"formatCreateTime":"2016-08-26","imState":"today","lastLogin":1472533269000,"publisherId":1559567,"explain":null,"plus":null,"pcShow":0,"appShow":0,"deliver":0,"gradeDescription":null,"businessZones":null},{"companyId":41059,"positionName":"java工程师","workYear":"3-5年","education":"本科","jobNature":"全职","createTime":"2016-08-26 15:11:46","companyShortName":"贴心医生","positionId":2073581,"salary":"10k-20k","approve":1,"city":"北京","positionAdvantage":"股票期权 行业领先 人生舞台 妹子多","companyLogo":"image1/M00/00/65/Cgo8PFTUXWOAZy4JAABO5hJ35qM122.png","industryField":"移动互联网,医疗健康","companyLabelList":["节日礼物","技能培训","岗位晋升","管理规范"],"financeStage":"成长型(B轮)","district":"海淀区","score":0,"companySize":"50-150人","companyFullName":"中康尚德科技（北京）有限公司","adWord":0,"formatCreateTime":"2016-08-26","imState":"today","lastLogin":1472549197000,"publisherId":5452920,"explain":null,"plus":null,"pcShow":0,"appShow":0,"deliver":0,"gradeDescription":null,"businessZones":["知春路","双榆树","大钟寺"]},{"companyId":84629,"positionName":"Java","workYear":"1-3年","education":"本科","jobNature":"全职","createTime":"2016-08-26 15:11:25","companyShortName":"北京九盈","positionId":2293638,"salary":"10k-20k","approve":1,"city":"北京","positionAdvantage":"良好的氛围,优厚的待遇","companyLogo":"image1/M00/3B/58/CgYXBlWwUMSAGyqyAAAfA3IHJn0837.jpg?cc=0.24510320415720344","industryField":"移动互联网,企业服务","companyLabelList":null,"financeStage":"初创型(未融资)","district":"西城区","score":0,"companySize":"15-50人","companyFullName":"北京九盈信息科技有限公司","adWord":0,"formatCreateTime":"2016-08-26","imState":"disabled","lastLogin":1472542417000,"publisherId":2166647,"explain":null,"plus":null,"pcShow":0,"appShow":0,"deliver":0,"gradeDescription":null,"businessZones":null},{"companyId":53601,"positionName":"Java","workYear":"3-5年","education":"本科","jobNature":"全职","createTime":"2016-08-26 15:07:42","companyShortName":"三易思创","positionId":1720229,"salary":"10k-15k","approve":1,"city":"北京","positionAdvantage":"奖金制度 福利制度 文化制度","companyLogo":"i/image/M00/01/E2/CgqKkVZ6QkaAef_rAAAZgYyZGWk629.jpg","industryField":"移动互联网,电子商务","companyLabelList":["技能培训","年底双薪","带薪年假","绩效奖金"],"financeStage":"初创型(不需要融资)","district":"海淀区","score":0,"companySize":"15-50人","companyFullName":"北京三易思创科技有限公司","adWord":0,"formatCreateTime":"2016-08-26","imState":"disabled","lastLogin":1472518628000,"publisherId":1337078,"explain":null,"plus":null,"pcShow":0,"appShow":0,"deliver":0,"gradeDescription":null,"businessZones":["清河","小营","西三旗"]},{"companyId":67227,"positionName":"Java爬虫","workYear":"1-3年","education":"本科","jobNature":"全职","createTime":"2016-08-26 15:06:53","companyShortName":"凤凰新媒体","positionId":2160180,"salary":"15k-25k","approve":0,"city":"北京","positionAdvantage":"七险一金 年底奖金 假期多多 各种补助","companyLogo":"image1/M00/23/15/CgYXBlVHF1iAWfiRAACatOfAUMk310.jpg","industryField":"移动互联网,文化娱乐","companyLabelList":["技能培训","节日礼物","免费班车","专项奖金"],"financeStage":"上市公司","district":"朝阳区","score":0,"companySize":"2000人以上","companyFullName":"凤凰飞扬（北京）新媒体信息技术有限公司","adWord":0,"formatCreateTime":"2016-08-26","imState":"disabled","lastLogin":1472549798000,"publisherId":5777263,"explain":null,"plus":null,"pcShow":0,"appShow":0,"deliver":0,"gradeDescription":null,"businessZones":["望京","大山子","酒仙桥"]},{"companyId":113267,"positionName":"Java","workYear":"1-3年","education":"本科","jobNature":"全职","createTime":"2016-08-26 15:02:29","companyShortName":"优学伙伴","positionId":2293574,"salary":"10k-20k","approve":0,"city":"北京","positionAdvantage":"成长型服务提供技术成长空间；5险1金；期权","companyLogo":"i/image/M00/1E/E3/Cgp3O1cKHjyATpy2AAAm2extGww842.png","industryField":"教育","companyLabelList":["扁平管理","高成长空间"],"financeStage":"初创型(天使轮)","district":"东城区","score":0,"companySize":"少于15人","companyFullName":"北京优学伙伴网络科技有限责任公司","adWord":0,"formatCreateTime":"2016-08-26","imState":"disabled","lastLogin":1472534292000,"publisherId":3767876,"explain":null,"plus":null,"pcShow":0,"appShow":0,"deliver":0,"gradeDescription":null,"businessZones":["天坛","磁器口","崇文门"]},{"companyId":21666,"positionName":"Java工程师","workYear":"3-5年","education":"本科","jobNature":"全职","createTime":"2016-08-26 15:02:09","companyShortName":"维恩贝特","positionId":2257992,"salary":"10k-17k","approve":1,"city":"北京","positionAdvantage":"SSH,SSM,P2P,消费金融","companyLogo":"image1/M00/37/A3/CgYXBlWjbdeAan_rAAAux7GZ4x4933.jpg","industryField":"电子商务,金融","companyLabelList":["年底双薪","五险一金","通讯津贴","交通补助"],"financeStage":"上市公司","district":"海淀区","score":0,"companySize":"500-2000人","companyFullName":"深圳维恩贝特科技股份有限公司","adWord":0,"formatCreateTime":"2016-08-26","imState":"threeDays","lastLogin":1472438820000,"publisherId":1832929,"explain":null,"plus":null,"pcShow":0,"appShow":0,"deliver":0,"gradeDescription":null,"businessZones":["学院路","北航"]},{"companyId":28365,"positionName":"JAVA中高级开发工程师","workYear":"1-3年","education":"大专","jobNature":"全职","createTime":"2016-08-26 15:01:50","companyShortName":"中海纪元","positionId":1342896,"salary":"8k-15k","approve":1,"city":"北京","positionAdvantage":"五险一金、节日福利、年终奖金、体检健身房","companyLogo":"image1/M00/00/3E/Cgo8PFTUXLyAU67gAACcyr_bhJE149.jpg","industryField":"数据服务","companyLabelList":["专项奖金","绩效奖金","五险一金","带薪年假"],"financeStage":"上市公司","district":"海淀区","score":0,"companySize":"500-2000人","companyFullName":"北京中海纪元数字技术发展股份有限公司","adWord":0,"formatCreateTime":"2016-08-26","imState":"disabled","lastLogin":1472547006000,"publisherId":1467646,"explain":null,"plus":null,"pcShow":0,"appShow":0,"deliver":0,"gradeDescription":null,"businessZones":["魏公村","中关村","白石桥"]},{"companyId":24561,"positionName":"JAVA开发工程师/高级JAVA 开发工程师","workYear":"5-10年","education":"本科","jobNature":"全职","createTime":"2016-08-26 15:00:04","companyShortName":"国美在线","positionId":1911547,"salary":"15k-30k","approve":1,"city":"北京","positionAdvantage":"一线平台，无限施展空间","companyLogo":"image1/M00/00/32/CgYXBlTUXIqAYCE1AABbkDS4YJQ606.jpg","industryField":"电子商务","companyLabelList":["节日礼物","年底双薪","绩效奖金","岗位晋升"],"financeStage":"上市公司","district":null,"score":0,"companySize":"2000人以上","companyFullName":"国美在线电子商务有限公司","adWord":0,"formatCreateTime":"2016-08-26","imState":"today","lastLogin":1472542028000,"publisherId":157923,"explain":null,"plus":null,"pcShow":0,"appShow":0,"deliver":0,"gradeDescription":null,"businessZones":null},{"companyId":141632,"positionName":"Java","workYear":"1-3年","education":"本科","jobNature":"全职","createTime":"2016-08-26 14:59:54","companyShortName":"亿讯网络","positionId":2293554,"salary":"15k-30k","approve":0,"city":"北京","positionAdvantage":"定期体检；美女多、养眼；年终奖","companyLogo":"i/image/M00/4A/98/Cgp3O1ebDgGAWroHAABX9xjo9SM702.png","industryField":"移动互联网,电子商务","companyLabelList":null,"financeStage":"成长型(B轮)","district":"西城区","score":0,"companySize":"150-500人","companyFullName":"北京亿讯网络技术有限公司","adWord":0,"formatCreateTime":"2016-08-26","imState":"disabled","lastLogin":1472201475000,"publisherId":5788537,"explain":null,"plus":null,"pcShow":0,"appShow":0,"deliver":0,"gradeDescription":null,"businessZones":["复兴门","金融街","月坛"]},{"companyId":101375,"positionName":"Java","workYear":"1-3年","education":"大专","jobNature":"全职","createTime":"2016-08-26 14:56:35","companyShortName":"科富兴","positionId":1178838,"salary":"5k-10k","approve":0,"city":"北京","positionAdvantage":"广阔的发展空间，良好的职位晋升路线","companyLogo":"image2/M00/0E/4A/CgqLKVYkhqSAbFfVAAAvdccV0LU879.jpg?cc=0.7628558536525816","industryField":"移动互联网,信息安全","companyLabelList":["节日礼物","年底双薪","专项奖金","带薪年假"],"financeStage":"成长型(不需要融资)","district":"丰台区","score":0,"companySize":"50-150人","companyFullName":"北京科富兴科技有限公司","adWord":0,"formatCreateTime":"2016-08-26","imState":"disabled","lastLogin":1472537206000,"publisherId":2870933,"explain":null,"plus":null,"pcShow":0,"appShow":0,"deliver":0,"gradeDescription":null,"businessZones":["科技园区","看丹桥","北大地"]}]}},"code":0}