{"success":true,"requestId":null,"msg":null,"resubmitToken":null,"content":{"pageNo":84,"pageSize":15,"positionResult":{"totalCount":12338,"resultSize":15,"locationInfo":{"queryByGisCode":false,"businessZone":null,"locationCode":null,"city":"北京","district":null},"queryAnalysisInfo":{"industryName":null,"usefulCompany":false,"positionName":"java","companyName":null},"strategyProperty":{"name":"dm-csearch-newSimScorer","id":1},"result":[{"companyId":39934,"positionName":"Java开发工程师（电商后台）","workYear":"3-5年","education":"本科","jobNature":"全职","financeStage":"成长型(B轮)","companyLogo":"image1/M00/33/F0/CgYXBlWVHo2AJ2kfAADcOU-43sg621.jpg","industryField":"移动互联网,电子商务","companyShortName":"每日优鲜","city":"北京","salary":"18k-30k","positionId":2291971,"positionAdvantage":"腾讯投资电商创业团队 牛人超多 氛围超好","district":null,"createTime":"2016-08-26 10:56:32","companyLabelList":["节日礼物","年度旅游","岗位晋升","管理规范"],"approve":1,"companySize":"150-500人","score":0,"companyFullName":"北京每日优鲜电子商务有限公司","adWord":0,"formatCreateTime":"2016-08-26","publisherId":785866,"explain":null,"plus":null,"pcShow":0,"appShow":0,"deliver":0,"gradeDescription":null,"businessZones":null,"imState":"today","lastLogin":1472555740000},{"companyId":72257,"positionName":"Java开发工程师","workYear":"1-3年","education":"大专","jobNature":"全职","financeStage":"成熟型(不需要融资)","companyLogo":"image1/M00/29/18/Cgo8PFVkEGiAAcfBAAEE8Qell4I822.jpg","industryField":"金融","companyShortName":"清科集团","city":"北京","salary":"8k-15k","positionId":1842667,"positionAdvantage":"集团公司 六险一金 扁平管理 带薪年假","district":"朝阳区","createTime":"2016-08-26 10:52:14","companyLabelList":["节日礼物","技能培训","绩效奖金","年度旅游"],"approve":1,"companySize":"500-2000人","score":0,"companyFullName":"清科财务管理咨询（北京）有限公司","adWord":0,"formatCreateTime":"2016-08-26","publisherId":1736363,"explain":null,"plus":null,"pcShow":0,"appShow":0,"deliver":0,"gradeDescription":null,"businessZones":["三元桥","麦子店","亮马桥"],"imState":"today","lastLogin":1472554314000},{"companyId":119356,"positionName":"高级后端开发工程师 Java Erlang Elixir","workYear":"1-3年","education":"本科","jobNature":"全职","financeStage":"成长型(A轮)","companyLogo":"i/image/M00/49/D9/CgqKkVeYcuaAaPV5AABnjdDAhX0275.jpg","industryField":"移动互联网,企业服务","companyShortName":"大象人事","city":"北京","salary":"15k-25k","positionId":2118763,"positionAdvantage":"超级扁平不打卡+咖啡零食聚餐旅游+奖金晋升","district":"朝阳区","createTime":"2016-08-26 10:49:41","companyLabelList":["年底双薪","专项奖金","年终分红","绩效奖金"],"approve":0,"companySize":"50-150人","score":0,"companyFullName":"贝维优（北京）科技有限公司","adWord":0,"formatCreateTime":"2016-08-26","publisherId":4334322,"explain":null,"plus":null,"pcShow":0,"appShow":0,"deliver":0,"gradeDescription":null,"businessZones":["望京","大山子","酒仙桥"],"imState":"today","lastLogin":1472541004000},{"companyId":128115,"positionName":"Java技术经理","workYear":"5-10年","education":"本科","jobNature":"全职","financeStage":"成长型(不需要融资)","companyLogo":"i/image/M00/2D/57/CgqKkVc72KWAMw8iAAC6gJq_YKw876.jpg","industryField":"数据服务,其他","companyShortName":"爱狄特","city":"北京","salary":"15k-30k","positionId":2080037,"positionAdvantage":"六险一金 绩效奖金","district":null,"createTime":"2016-08-26 10:38:41","companyLabelList":["专项奖金","绩效奖金","年底双薪","股票期权"],"approve":1,"companySize":"150-500人","score":0,"companyFullName":"北京爱狄特信息科技有限公司","adWord":0,"formatCreateTime":"2016-08-26","publisherId":2231537,"explain":null,"plus":null,"pcShow":0,"appShow":0,"deliver":0,"gradeDescription":null,"businessZones":null,"imState":"today","lastLogin":1472538281000},{"companyId":90916,"positionName":"Java工程师","workYear":"3-5年","education":"本科","jobNature":"全职","financeStage":"上市公司","companyLogo":"i/image/M00/16/D6/Cgp3O1bwor-ABvwtAAAUq9nzhww852.jpg","industryField":"移动互联网,数据服务","companyShortName":"中科软科技","city":"北京","salary":"10k-15k","positionId":1721717,"positionAdvantage":"额外补助","district":"朝阳区","createTime":"2016-08-26 10:37:53","companyLabelList":null,"approve":0,"companySize":"2000人以上","score":0,"companyFullName":"中科软科技股份有限公司-金融渠道部","adWord":0,"formatCreateTime":"2016-08-26","publisherId":4535690,"explain":null,"plus":null,"pcShow":0,"appShow":0,"deliver":0,"gradeDescription":null,"businessZones":["CBD","广渠门","双井"],"imState":"sevenDays","lastLogin":1472178896000},{"companyId":141460,"positionName":"Java","workYear":"1-3年","education":"大专","jobNature":"全职","financeStage":"初创型(未融资)","companyLogo":"i/image/M00/4B/26/Cgp3O1eerVuAd4RqAACbopa6AQo603.jpg","industryField":"O2O,移动互联网","companyShortName":"微众吧","city":"北京","salary":"8k-13k","positionId":2172555,"positionAdvantage":"提升空间高，弹性工作时间","district":"朝阳区","createTime":"2016-08-26 10:34:35","companyLabelList":null,"approve":0,"companySize":"15-50人","score":0,"companyFullName":"北京微众吧科技发展有限责任公司","adWord":0,"formatCreateTime":"2016-08-26","publisherId":5780081,"explain":null,"plus":null,"pcShow":0,"appShow":0,"deliver":0,"gradeDescription":null,"businessZones":["大望路","百子湾","双井"],"imState":"disabled","lastLogin":1472546294000},{"companyId":59380,"positionName":"Java研发工程师","workYear":"1-3年","education":"大专","jobNature":"全职","financeStage":"成长型(B轮)","companyLogo":"image1/M00/17/3A/CgYXBlURAT-ABPxzAABV1yreFbI803.png","industryField":"移动互联网,企业服务","companyShortName":"肇煜宏泰","city":"北京","salary":"7k-12k","positionId":1992861,"positionAdvantage":"补充医疗 前沿技术 极具挑战性工作目标","district":"海淀区","createTime":"2016-08-26 10:33:47","companyLabelList":["技能培训","股票期权","带薪年假","岗位晋升"],"approve":1,"companySize":"50-150人","score":0,"companyFullName":"北京肇煜宏泰信息科技有限公司","adWord":0,"formatCreateTime":"2016-08-26","publisherId":1555009,"explain":null,"plus":null,"pcShow":0,"appShow":0,"deliver":0,"gradeDescription":null,"businessZones":["车公庄","航天桥","甘家口"],"imState":"today","lastLogin":1472540984000},{"companyId":2262,"positionName":"Java","workYear":"3-5年","education":"不限","jobNature":"全职","financeStage":"上市公司","companyLogo":"image1/M00/00/07/CgYXBlTUWAmAJTdUAACu1Tl7CV0436.jpg","industryField":"移动互联网,游戏","companyShortName":"智明星通","city":"北京","salary":"15k-30k","positionId":1673127,"positionAdvantage":"自助三餐美女多国外旅游！程序员的最佳选择","district":"海淀区","createTime":"2016-08-26 10:33:41","companyLabelList":["年终分红","绩效奖金","五险一金","带薪年假"],"approve":1,"companySize":"500-2000人","score":0,"companyFullName":"北京智明星通软件科技有限公司","adWord":0,"formatCreateTime":"2016-08-26","publisherId":4735872,"explain":null,"plus":null,"pcShow":0,"appShow":0,"deliver":0,"gradeDescription":null,"businessZones":["学院路","知春路","北航"],"imState":"disabled","lastLogin":1472181990000},{"companyId":143933,"positionName":"Java","workYear":"3-5年","education":"本科","jobNature":"全职","financeStage":"初创型(未融资)","companyLogo":"i/image/M00/53/A1/Cgp3O1e_puSAHI66AAA9d_02NmU233.jpg","industryField":"移动互联网","companyShortName":"中科百英","city":"北京","salary":"15k-20k","positionId":2291689,"positionAdvantage":"年底双薪，班车接送，美女如云。","district":"朝阳区","createTime":"2016-08-26 10:32:14","companyLabelList":null,"approve":0,"companySize":"15-50人","score":0,"companyFullName":"北京中科百英科技有限公司","adWord":0,"formatCreateTime":"2016-08-26","publisherId":5785853,"explain":null,"plus":null,"pcShow":0,"appShow":0,"deliver":0,"gradeDescription":null,"businessZones":["高碑店"],"imState":"disabled","lastLogin":1472539253000},{"companyId":62668,"positionName":"Java后台开发","workYear":"5-10年","education":"本科","jobNature":"全职","financeStage":"成长型(B轮)","companyLogo":"i/image/M00/01/6D/Cgp3O1ZqZFeAL2xeAAAtSuTFcUw887.jpg","industryField":"教育","companyShortName":"嗨学网","city":"北京","salary":"20k-30k","positionId":2257310,"positionAdvantage":"五险一金 每季度2000元的约见研发大牛经费","district":null,"createTime":"2016-08-26 10:29:33","companyLabelList":["技能培训","节日礼物","带薪年假","绩效奖金"],"approve":1,"companySize":"500-2000人","score":0,"companyFullName":"北京嗨学网教育科技有限公司","adWord":0,"formatCreateTime":"2016-08-26","publisherId":5928270,"explain":null,"plus":null,"pcShow":0,"appShow":0,"deliver":0,"gradeDescription":null,"businessZones":null,"imState":"sevenDays","lastLogin":1472182758000},{"companyId":91711,"positionName":"Java","workYear":"3-5年","education":"大专","jobNature":"全职","financeStage":"上市公司","companyLogo":"i/image/M00/47/55/CgqKkVePJPGAQ_HhAAAu05aKNg8068.jpg","industryField":"金融,移动互联网","companyShortName":"聚金所（北京）资本管理有限公司","city":"北京","salary":"13k-18k","positionId":2124073,"positionAdvantage":"双休、五险一金、节日福利","district":"丰台区","createTime":"2016-08-26 10:29:28","companyLabelList":null,"approve":0,"companySize":"50-150人","score":0,"companyFullName":"聚金所（北京）资本管理有限公司","adWord":0,"formatCreateTime":"2016-08-26","publisherId":5707438,"explain":null,"plus":null,"pcShow":0,"appShow":0,"deliver":0,"gradeDescription":null,"businessZones":["西客站","太平桥","六里桥"],"imState":"disabled","lastLogin":1472457043000},{"companyId":21629,"positionName":"Java开发工程师","workYear":"3-5年","education":"大专","jobNature":"全职","financeStage":"初创型(未融资)","companyLogo":"i/image/M00/26/D1/CgqKkVci-WKARh5KAAA81MOd9bM502.jpg","industryField":"企业服务,数据服务","companyShortName":"广州拓谷信息科技股份有限公司","city":"北京","salary":"10k-15k","positionId":2077775,"positionAdvantage":"待遇优厚","district":"朝阳区","createTime":"2016-08-26 10:27:31","companyLabelList":["绩效奖金","年底双薪","专项奖金","五险一金"],"approve":1,"companySize":"50-150人","score":0,"companyFullName":"广州拓谷信息科技有限公司","adWord":0,"formatCreateTime":"2016-08-26","publisherId":247625,"explain":null,"plus":null,"pcShow":0,"appShow":0,"deliver":0,"gradeDescription":null,"businessZones":["望京","大山子","酒仙桥"],"imState":"disabled","lastLogin":1472548264000},{"companyId":17751,"positionName":"JAVA工程师","workYear":"3-5年","education":"本科","jobNature":"全职","financeStage":"成熟型(C轮)","companyLogo":"image1/M00/00/21/Cgo8PFTUWHGAUTAcAABoeBHiSGQ931.jpg","industryField":"O2O","companyShortName":"人人车","city":"北京","salary":"15k-30k","positionId":1483117,"positionAdvantage":"超快发展 弹性工作制 工作氛围nice","district":"朝阳区","createTime":"2016-08-26 10:25:04","companyLabelList":["岗位晋升","扁平管理","个人成长快","牛人多"],"approve":1,"companySize":"2000人以上","score":0,"companyFullName":"北京善义善美网络技术有限公司","adWord":0,"formatCreateTime":"2016-08-26","publisherId":189301,"explain":null,"plus":null,"pcShow":0,"appShow":0,"deliver":0,"gradeDescription":null,"businessZones":["北苑","来广营"],"imState":"today","lastLogin":1472564498000},{"companyId":61173,"positionName":"Java","workYear":"10年以上","education":"本科","jobNature":"全职","financeStage":"成长型(不需要融资)","companyLogo":"i/image/M00/4F/79/Cgp3O1exPYuAJrbOAAALN09orQk661.jpg","industryField":"移动互联网,电子商务","companyShortName":"Ehanjia","city":"北京","salary":"25k-50k","positionId":2249932,"positionAdvantage":"国际化团队，优秀的工作环境","district":"海淀区","createTime":"2016-08-26 10:23:38","companyLabelList":["年底双薪","带薪年假","绩效奖金","岗位晋升"],"approve":0,"companySize":"50-150人","score":0,"companyFullName":"北京翰嘉睿华科技有限公司","adWord":0,"formatCreateTime":"2016-08-26","publisherId":1536525,"explain":null,"plus":null,"pcShow":0,"appShow":0,"deliver":0,"gradeDescription":null,"businessZones":["学院路","五道口","北航"],"imState":"disabled","lastLogin":1472538691000},{"companyId":100581,"positionName":"Java","workYear":"3-5年","education":"大专","jobNature":"全职","financeStage":"初创型(天使轮)","companyLogo":"image2/M00/0D/10/CgqLKVYeF8KAHH62AAEHAo4iqrM188.png?cc=0.004187320359051228","industryField":"招聘","companyShortName":"京宝融信息科技","city":"北京","salary":"10k-11k","positionId":2291601,"positionAdvantage":"上市公司、六险一金、双休、年终奖","district":"海淀区","createTime":"2016-08-26 10:22:17","companyLabelList":["节日礼物","年度旅游","管理规范","领导好"],"approve":1,"companySize":"150-500人","score":0,"companyFullName":"北京京宝融信息科技有限公司","adWord":0,"formatCreateTime":"2016-08-26","publisherId":5414558,"explain":null,"plus":null,"pcShow":0,"appShow":0,"deliver":0,"gradeDescription":null,"businessZones":["中关村","北京大学","五道口"],"imState":"threeDays","lastLogin":1472449728000}]}},"code":0}