{"resubmitToken":null,"success":true,"requestId":null,"msg":null,"content":{"pageNo":94,"pageSize":15,"positionResult":{"totalCount":12338,"resultSize":15,"locationInfo":{"city":"北京","district":null,"businessZone":null,"queryByGisCode":false,"locationCode":null},"queryAnalysisInfo":{"positionName":"java","companyName":null,"industryName":null,"usefulCompany":false},"strategyProperty":{"name":"dm-csearch-newSimScorer","id":1},"result":[{"companyId":1970,"positionName":"Java开发工程师","workYear":"3-5年","education":"本科","jobNature":"全职","createTime":"2016-08-25 18:15:39","companyShortName":"去哪儿网","positionId":1648517,"salary":"15k-25k","approve":1,"city":"北京","positionAdvantage":"聪明你的旅行！","companyLogo":"image1/M00/00/06/CgYXBlTUWAeANQBuAABHTL1SBa8889.jpg","industryField":"移动互联网","companyLabelList":["技能培训","节日礼物","带薪年假","无息住房贷款"],"financeStage":"上市公司","district":"海淀区","score":0,"companySize":"2000人以上","companyFullName":"北京趣拿软件科技有限公司","adWord":0,"formatCreateTime":"2016-08-25","imState":"today","lastLogin":1472560304000,"publisherId":56242,"explain":null,"plus":null,"pcShow":0,"appShow":0,"deliver":0,"gradeDescription":null,"businessZones":["西三旗","清河","小营"]},{"companyId":23495,"positionName":"高级Java工程师","workYear":"5-10年","education":"本科","jobNature":"全职","createTime":"2016-08-25 18:14:31","companyShortName":"乐富支付","positionId":1229404,"salary":"15k-25k","approve":1,"city":"北京","positionAdvantage":"为员工提供良好的发展平台人性化的福利待遇","companyLogo":"image2/M00/0C/AD/CgqLKVYc00OAHKXWAAAV63JhV0Q103.jpg","industryField":"金融,移动互联网","companyLabelList":["专项奖金","绩效奖金","年度旅游","定期体检"],"financeStage":"成熟型(不需要融资)","district":"朝阳区","score":0,"companySize":"500-2000人","companyFullName":"乐富支付有限公司","adWord":0,"formatCreateTime":"2016-08-25","imState":"today","lastLogin":1472546995000,"publisherId":275449,"explain":null,"plus":null,"pcShow":0,"appShow":0,"deliver":0,"gradeDescription":null,"businessZones":["高碑店","四惠","十里堡"]},{"companyId":113076,"positionName":"高级Java","workYear":"3-5年","education":"大专","jobNature":"全职","createTime":"2016-08-25 17:33:40","companyShortName":"华正方圆","positionId":2289819,"salary":"13k-26k","approve":0,"city":"北京","positionAdvantage":"餐补、电脑补助","companyLogo":"i/image/M00/16/96/Cgp3O1bvxS2APhSvAAAIdDmoN4M370.png","industryField":"移动互联网,企业服务","companyLabelList":["管理规范","领导好","扁平管理"],"financeStage":"成长型(不需要融资)","district":"海淀区","score":0,"companySize":"150-500人","companyFullName":"北京华正方圆科技发展有限公司","adWord":0,"formatCreateTime":"2016-08-25","imState":"today","lastLogin":1472548949000,"publisherId":4816250,"explain":null,"plus":null,"pcShow":0,"appShow":0,"deliver":0,"gradeDescription":null,"businessZones":["双榆树","人民大学"]},{"companyId":118560,"positionName":"Java开发工程师","workYear":"3-5年","education":"本科","jobNature":"全职","createTime":"2016-08-25 17:28:37","companyShortName":"国美美信","positionId":2289768,"salary":"10k-20k","approve":1,"city":"北京","positionAdvantage":"大咖大牛超多，平台大","companyLogo":"i/image/M00/1B/15/Cgp3O1b7njKAftNAAAD8iO8nAcQ533.jpg","industryField":"社交网络,电子商务","companyLabelList":null,"financeStage":"成熟型(不需要融资)","district":"朝阳区","score":0,"companySize":"500-2000人","companyFullName":"美信网络技术有限公司","adWord":0,"formatCreateTime":"2016-08-25","imState":"today","lastLogin":1472552521000,"publisherId":4457161,"explain":null,"plus":null,"pcShow":0,"appShow":0,"deliver":0,"gradeDescription":null,"businessZones":["亮马桥","三元桥","燕莎"]},{"companyId":48551,"positionName":"Java","workYear":"3-5年","education":"本科","jobNature":"全职","createTime":"2016-08-25 17:04:36","companyShortName":"联通时科","positionId":2289537,"salary":"15k-20k","approve":1,"city":"北京","positionAdvantage":"工作氛围好，发展空间大","companyLogo":"image1/M00/00/7E/CgYXBlTUXcmARYdgAABLsYUpYuY538.gif","industryField":"移动互联网","companyLabelList":["带薪年假","岗位晋升","扁平管理","年终分红"],"financeStage":"成长型(不需要融资)","district":"东城区","score":0,"companySize":"150-500人","companyFullName":"联通时科（北京）信息技术有限公司","adWord":0,"formatCreateTime":"2016-08-25","imState":"disabled","lastLogin":1472459668000,"publisherId":3885595,"explain":null,"plus":null,"pcShow":0,"appShow":0,"deliver":0,"gradeDescription":null,"businessZones":["北京站","建国门","新世界"]},{"companyId":85554,"positionName":"Java开发工程师","workYear":"1-3年","education":"本科","jobNature":"全职","createTime":"2016-08-25 17:04:21","companyShortName":"中航信研发中心新分销","positionId":1842303,"salary":"10k-20k","approve":0,"city":"北京","positionAdvantage":"中央企业，平台高，福利待遇好，重视人才","companyLogo":"image1/M00/3C/DC/CgYXBlW245iAMkDqAABQqjARHGk400.png?cc=0.14547535991183624","industryField":"移动互联网","companyLabelList":["技能培训","年底双薪","带薪年假","领导好"],"financeStage":"成熟型(不需要融资)","district":"朝阳区","score":0,"companySize":"2000人以上","companyFullName":"中国民航信息网络股份有限公司研发中心新分销","adWord":0,"formatCreateTime":"2016-08-25","imState":"today","lastLogin":1472540462000,"publisherId":2191603,"explain":null,"plus":null,"pcShow":0,"appShow":0,"deliver":0,"gradeDescription":null,"businessZones":["大屯","奥运村","亚运村"]},{"companyId":120526,"positionName":"Java工程师","workYear":"3-5年","education":"本科","jobNature":"全职","createTime":"2016-08-25 16:58:13","companyShortName":"顶针大保镖","positionId":2289485,"salary":"15k-20k","approve":1,"city":"北京","positionAdvantage":"工作居住证、年底分红、五险一金、绩效奖金","companyLogo":"i/image/M00/3A/46/CgqKkVdo8eCATDOeAAAbJLmAyBM147.jpg","industryField":"移动互联网,教育","companyLabelList":["五险一金","岗位晋升","带薪年假","绩效奖金"],"financeStage":"成长型(不需要融资)","district":"西城区","score":0,"companySize":"50-150人","companyFullName":"北京顶针安全信息技术有限公司","adWord":0,"formatCreateTime":"2016-08-25","imState":"today","lastLogin":1472575397000,"publisherId":3458195,"explain":null,"plus":null,"pcShow":0,"appShow":0,"deliver":0,"gradeDescription":null,"businessZones":["阜成门","展览路","百万庄"]},{"companyId":112123,"positionName":"Java开发工程师","workYear":"1-3年","education":"本科","jobNature":"全职","createTime":"2016-08-25 16:54:58","companyShortName":"榕基软件","positionId":1603088,"salary":"5k-10k","approve":0,"city":"北京","positionAdvantage":"五险一金/年底多薪/上市公司/各种补助","companyLogo":"i/image/M00/08/27/Cgp3O1bPpJ6AWxDGAAAcMST0M_s234.jpg","industryField":"移动互联网","companyLabelList":["交通补助","午餐补助","通讯津贴","年底双薪"],"financeStage":"上市公司","district":"海淀区","score":0,"companySize":"500-2000人","companyFullName":"北京中榕基信息技术有限公司","adWord":0,"formatCreateTime":"2016-08-25","imState":"today","lastLogin":1472543697000,"publisherId":3698353,"explain":null,"plus":null,"pcShow":0,"appShow":0,"deliver":0,"gradeDescription":null,"businessZones":["知春路","双榆树","大钟寺"]},{"companyId":82958,"positionName":"JAVA工程师","workYear":"1-3年","education":"大专","jobNature":"全职","createTime":"2016-08-25 16:49:29","companyShortName":"阿方提","positionId":2289389,"salary":"6k-8k","approve":0,"city":"北京","positionAdvantage":"公司提供五险一金，住宿，餐补等福利，双休","companyLogo":"image1/M00/38/80/CgYXBlWl9KyAbYWOAABdW-BWZiY827.jpg?cc=0.9171681862790138","industryField":"移动互联网,广告营销","companyLabelList":["技能培训","节日礼物","年底双薪","带薪年假"],"financeStage":"初创型(未融资)","district":"通州区","score":0,"companySize":"50-150人","companyFullName":"北京阿方提科技有限公司","adWord":0,"formatCreateTime":"2016-08-25","imState":"disabled","lastLogin":1472200046000,"publisherId":5990930,"explain":null,"plus":null,"pcShow":0,"appShow":0,"deliver":0,"gradeDescription":null,"businessZones":["九棵树","梨园","果园"]},{"companyId":2474,"positionName":"大数据Java开发工程师","workYear":"3-5年","education":"本科","jobNature":"全职","createTime":"2016-08-25 16:48:43","companyShortName":"滴滴出行","positionId":1795163,"salary":"20k-40k","approve":0,"city":"北京","positionAdvantage":"期权激励，六险一金，未来的一站式出行平台","companyLogo":"i/image/M00/00/20/Cgp3O1YtmkSAZjX1AAA78knErXc273.jpg","industryField":"移动互联网","companyLabelList":["弹性工作","节日礼物","岗位晋升","技能培训"],"financeStage":"成熟型(D轮及以上)","district":"海淀区","score":0,"companySize":"500-2000人","companyFullName":"北京小桔科技有限公司","adWord":0,"formatCreateTime":"2016-08-25","imState":"today","lastLogin":1472554506000,"publisherId":1920797,"explain":null,"plus":null,"pcShow":0,"appShow":0,"deliver":0,"gradeDescription":null,"businessZones":["西北旺","马连洼","上地"]},{"companyId":21634,"positionName":"软件开发工程师（Java）","workYear":"3-5年","education":"本科","jobNature":"全职","createTime":"2016-08-25 16:48:22","companyShortName":"高伟达软件股份有限公司","positionId":2040114,"salary":"10k-20k","approve":1,"city":"北京","positionAdvantage":"六险一金 午餐补助 年终奖 带薪年假","companyLogo":"i/image/M00/23/A7/CgqKkVcYQGyAD6Z9AAAUNbrNanQ319.jpg","industryField":"移动互联网","companyLabelList":["互联网金融","绩效奖金","定期体检","五险一金"],"financeStage":"上市公司","district":"朝阳区","score":0,"companySize":"2000人以上","companyFullName":"高伟达软件股份有限公司","adWord":0,"formatCreateTime":"2016-08-25","imState":"disabled","lastLogin":1472114875000,"publisherId":3068451,"explain":null,"plus":null,"pcShow":0,"appShow":0,"deliver":0,"gradeDescription":null,"businessZones":["亮马桥","燕莎","三元桥"]},{"companyId":72806,"positionName":"Java","workYear":"1-3年","education":"本科","jobNature":"全职","createTime":"2016-08-25 16:44:49","companyShortName":"百星电子","positionId":2289352,"salary":"5k-10k","approve":0,"city":"北京","positionAdvantage":"未来在这里，你在哪里？","companyLogo":"image1/M00/29/A2/Cgo8PFVmjCqAfEkFAABhZqrhW_w885.jpg","industryField":"数据服务","companyLabelList":["带薪年假","年度旅游","定期体检","五险一金"],"financeStage":"成熟型(不需要融资)","district":"通州区","score":0,"companySize":"500-2000人","companyFullName":"北京百星电子系统有限公司","adWord":0,"formatCreateTime":"2016-08-25","imState":"threeDays","lastLogin":1472452438000,"publisherId":5992531,"explain":null,"plus":null,"pcShow":0,"appShow":0,"deliver":0,"gradeDescription":null,"businessZones":null},{"companyId":4838,"positionName":"Java","workYear":"3-5年","education":"本科","jobNature":"全职","createTime":"2016-08-25 16:43:06","companyShortName":"安邦保险集团","positionId":2289327,"salary":"10k-20k","approve":1,"city":"北京","positionAdvantage":"中级软件工程师（JAVA）","companyLogo":"image1/M00/00/0B/CgYXBlTUWBuAUJAkAAB6cj6qvIk863.jpg","industryField":"移动互联网,金融","companyLabelList":["绩效奖金","专项奖金","五险一金","通讯津贴"],"financeStage":"成熟型(不需要融资)","district":"朝阳区","score":0,"companySize":"2000人以上","companyFullName":"安邦保险集团股份有限公司","adWord":0,"formatCreateTime":"2016-08-25","imState":"disabled","lastLogin":1472113873000,"publisherId":5991535,"explain":null,"plus":null,"pcShow":0,"appShow":0,"deliver":0,"gradeDescription":null,"businessZones":["国贸","大望路","CBD"]},{"companyId":24779,"positionName":"Java","workYear":"3-5年","education":"本科","jobNature":"全职","createTime":"2016-08-25 16:42:14","companyShortName":"百合网","positionId":1769688,"salary":"20k-35k","approve":1,"city":"北京","positionAdvantage":"工作找妹子两不误！","companyLogo":"image1/M00/00/32/Cgo8PFTUXI2AQf-lAABWysSAJZo864.png","industryField":"移动互联网","companyLabelList":["节日礼物","技能培训","绩效奖金","年度旅游"],"financeStage":"初创型(未融资)","district":"朝阳区","score":0,"companySize":"500-2000人","companyFullName":"北京百合在线科技有限公司","adWord":0,"formatCreateTime":"2016-08-25","imState":"disabled","lastLogin":1472435777000,"publisherId":295317,"explain":null,"plus":null,"pcShow":0,"appShow":0,"deliver":0,"gradeDescription":null,"businessZones":["望京","大山子","花家地"]},{"companyId":30188,"positionName":"Java","workYear":"3-5年","education":"本科","jobNature":"全职","createTime":"2016-08-25 16:40:51","companyShortName":"普尔德咨询","positionId":1705774,"salary":"15k-25k","approve":0,"city":"北京","positionAdvantage":"五险一金，创业公司，准备上市","companyLogo":"image1/M00/00/44/CgYXBlTUXNSAeqGeAAB1hiLtgNw134.png","industryField":"企业服务","companyLabelList":null,"financeStage":"初创型(未融资)","district":"海淀区","score":0,"companySize":"15-50人","companyFullName":"天津普尔德商务信息咨询有限公司","adWord":0,"formatCreateTime":"2016-08-25","imState":"disabled","lastLogin":1472114095000,"publisherId":432880,"explain":null,"plus":null,"pcShow":0,"appShow":0,"deliver":0,"gradeDescription":null,"businessZones":["西二旗","龙泽","回龙观"]}]}},"code":0}