{"success":true,"requestId":null,"msg":null,"resubmitToken":null,"content":{"pageNo":72,"pageSize":15,"positionResult":{"totalCount":12338,"resultSize":15,"locationInfo":{"city":"北京","district":null,"queryByGisCode":false,"businessZone":null,"locationCode":null},"queryAnalysisInfo":{"positionName":"java","companyName":null,"usefulCompany":false,"industryName":null},"strategyProperty":{"name":"dm-csearch-newSimScorer","id":1},"result":[{"companyId":4836,"companyShortName":"京东商城","createTime":"2016-08-26 19:52:38","positionId":1000443,"positionAdvantage":"优美的办公环境，丰厚的福利待遇","salary":"15k-30k","score":0,"workYear":"3-5年","education":"本科","city":"北京","positionName":"Java","companyLogo":"image2/M00/07/C8/CgpzWlYAsfGATpk7AAAJkGWG2kk774.png?cc=0.19381895544938743","financeStage":"上市公司","industryField":"电子商务","jobNature":"全职","approve":1,"companySize":"2000人以上","district":"大兴区","companyLabelList":["技能培训","年底双薪","节日礼物","绩效奖金"],"adWord":0,"appShow":0,"deliver":0,"formatCreateTime":"2016-08-26","gradeDescription":null,"companyFullName":"北京京东尚科信息技术有限公司","businessZones":["亦庄"],"imState":"disabled","lastLogin":1472555971000,"publisherId":2313594,"explain":null,"plus":null,"pcShow":0},{"companyId":3270,"companyShortName":"顺丰优选","createTime":"2016-08-26 18:13:31","positionId":2295069,"positionAdvantage":"地铁附近；电商公司；技术成长；领导NICE","salary":"10k-20k","score":0,"workYear":"3-5年","education":"大专","city":"北京","positionName":"JAVA研发工程师（H5）","companyLogo":"image1/M00/00/09/CgYXBlTUWBGAUC0FAACvyu2GcwA010.jpg","financeStage":"成长型(不需要融资)","industryField":"电子商务","jobNature":"全职","approve":1,"companySize":"150-500人","district":null,"companyLabelList":["绩效奖金","五险一金","带薪年假","通讯津贴"],"adWord":0,"appShow":0,"deliver":0,"formatCreateTime":"2016-08-26","gradeDescription":null,"companyFullName":"北京顺丰电子商务有限公司","businessZones":null,"imState":"today","lastLogin":1472544345000,"publisherId":4856593,"explain":null,"plus":null,"pcShow":0},{"companyId":102159,"companyShortName":"互利科技","createTime":"2016-08-26 18:10:30","positionId":2220045,"positionAdvantage":"开源创新，弹性工时，Mac办公，双餐软饮～","salary":"15k-30k","score":0,"workYear":"1-3年","education":"本科","city":"北京","positionName":"Java工程师","companyLogo":"i/image/M00/03/E6/Cgp3O1bEQTiAGM7MAACQGRKhd4Y918.png","financeStage":"初创型(天使轮)","industryField":"企业服务,数据服务","jobNature":"全职","approve":1,"companySize":"15-50人","district":"海淀区","companyLabelList":["股票期权","岗位晋升","年度旅游","扁平管理"],"adWord":0,"appShow":0,"deliver":0,"formatCreateTime":"2016-08-26","gradeDescription":null,"companyFullName":"北京互利科技有限公司","businessZones":["苏州桥","苏州街"],"imState":"today","lastLogin":1472539936000,"publisherId":3043346,"explain":null,"plus":null,"pcShow":0},{"companyId":51621,"companyShortName":"悟空租车","createTime":"2016-08-26 18:04:14","positionId":2220751,"positionAdvantage":"六险一金,期权奖励,年底双薪,气氛自由","salary":"20k-40k","score":0,"workYear":"5-10年","education":"本科","city":"北京","positionName":"JAVA技术经理","companyLogo":"i/image/M00/31/AB/CgqKkVdL7WeAdK9SAAAvM7Gf5Lc656.jpg","financeStage":"成长型(A轮)","industryField":"O2O,电子商务","jobNature":"全职","approve":0,"companySize":"150-500人","district":"东城区","companyLabelList":null,"adWord":0,"appShow":0,"deliver":0,"formatCreateTime":"2016-08-26","gradeDescription":null,"companyFullName":"脚印兄弟(北京)信息科技有限责任公司","businessZones":["东直门","三里屯","海运仓"],"imState":"sevenDays","lastLogin":1472010117000,"publisherId":5232406,"explain":null,"plus":null,"pcShow":0},{"companyId":72085,"companyShortName":"易微行","createTime":"2016-08-26 18:02:56","positionId":1956291,"positionAdvantage":"高速发展、弹性时间、各种福利","salary":"20k-35k","score":0,"workYear":"5-10年","education":"不限","city":"北京","positionName":"Java","companyLogo":"i/image/M00/03/94/Cgp3O1bBb3eAHJLyAAAdNpV9G-0229.png","financeStage":"成长型(A轮)","industryField":"移动互联网,O2O","jobNature":"全职","approve":1,"companySize":"50-150人","district":"海淀区","companyLabelList":["技能培训","年底双薪","带薪年假","岗位晋升"],"adWord":0,"appShow":0,"deliver":0,"formatCreateTime":"2016-08-26","gradeDescription":null,"companyFullName":"易微行（北京）科技有限公司","businessZones":["北下关","交通大学","白石桥"],"imState":"disabled","lastLogin":1472205621000,"publisherId":1732586,"explain":null,"plus":null,"pcShow":0},{"companyId":116752,"companyShortName":"星河互联集团","createTime":"2016-08-26 17:59:43","positionId":2294970,"positionAdvantage":"公司稳定","salary":"10k-20k","score":0,"workYear":"不限","education":"本科","city":"北京","positionName":"Java开发工程师","companyLogo":"i/image/M00/09/C8/Cgp3O1bTov-AIGwwAAATKENfN88196.jpg","financeStage":"成长型(不需要融资)","industryField":"电子商务,移动互联网","jobNature":"全职","approve":0,"companySize":"150-500人","district":"海淀区","companyLabelList":["年底双薪","交通补助","午餐补助","通讯津贴"],"adWord":0,"appShow":0,"deliver":0,"formatCreateTime":"2016-08-26","gradeDescription":null,"companyFullName":"星河互联集团有限公司","businessZones":["上地","马连洼","西二旗"],"imState":"today","lastLogin":1472559870000,"publisherId":4173906,"explain":null,"plus":null,"pcShow":0},{"companyId":11317,"companyShortName":"恒昌利通","createTime":"2016-08-26 17:58:43","positionId":2294966,"positionAdvantage":"五险一金 车补饭补","salary":"20k-30k","score":0,"workYear":"3-5年","education":"本科","city":"北京","positionName":"Java开发工程师","companyLogo":"image1/M00/3E/18/Cgo8PFW6zMuAUtu4AAA02B-6fVE006.png","financeStage":"成熟型(不需要融资)","industryField":"金融","jobNature":"全职","approve":1,"companySize":"2000人以上","district":null,"companyLabelList":["技能培训","年底双薪","带薪年假","绩效奖金"],"adWord":0,"appShow":0,"deliver":0,"formatCreateTime":"2016-08-26","gradeDescription":null,"companyFullName":"北京恒昌利通投资管理有限公司","businessZones":null,"imState":"disabled","lastLogin":1472525578000,"publisherId":5366610,"explain":null,"plus":null,"pcShow":0},{"companyId":22750,"companyShortName":"慧博云通","createTime":"2016-08-26 17:44:32","positionId":2131917,"positionAdvantage":"工作轻松不加班，紧邻地铁西二旗","salary":"25k-28k","score":0,"workYear":"5-10年","education":"本科","city":"北京","positionName":"高级Java开发工程师（架构）","companyLogo":"i/image/M00/01/52/CgqKkVZnl1mASgOEAAAHollP_9Q707.png","financeStage":"上市公司","industryField":"移动互联网,企业服务","jobNature":"全职","approve":1,"companySize":"500-2000人","district":null,"companyLabelList":["技能培训","带薪年假","五险一金","弹性工作"],"adWord":0,"appShow":0,"deliver":0,"formatCreateTime":"2016-08-26","gradeDescription":null,"companyFullName":"北京慧博云通科技股份有限公司","businessZones":null,"imState":"sevenDays","lastLogin":1472190888000,"publisherId":3486141,"explain":null,"plus":null,"pcShow":0},{"companyId":44091,"companyShortName":"自如网","createTime":"2016-08-26 17:40:41","positionId":2023289,"positionAdvantage":"15-17薪 带薪年假 房补 餐补 六险一金","salary":"15k-30k","score":0,"workYear":"不限","education":"本科","city":"北京","positionName":"Java 工程师","companyLogo":"image1/M00/0E/27/Cgo8PFT5fXCAWXgmAAB9s4MsAAU976.jpg","financeStage":"成熟型(不需要融资)","industryField":"移动互联网,O2O","jobNature":"全职","approve":1,"companySize":"2000人以上","district":null,"companyLabelList":["丰厚年薪","六险一金","健康体检","带薪年假"],"adWord":0,"appShow":0,"deliver":0,"formatCreateTime":"2016-08-26","gradeDescription":null,"companyFullName":"北京自如友家资产管理有限公司","businessZones":null,"imState":"disabled","lastLogin":1460429876000,"publisherId":873012,"explain":null,"plus":null,"pcShow":0},{"companyId":98015,"companyShortName":"和远互联网","createTime":"2016-08-26 17:40:36","positionId":1772723,"positionAdvantage":"股票期权、五险一金、弹性工作、带薪年假","salary":"30k-50k","score":0,"workYear":"5-10年","education":"大专","city":"北京","positionName":"java架构师","companyLogo":"image2/M00/08/F0/CgpzWlYE6JeAYs7HAAAjr8_OA9Q587.png?cc=0.3742197633255273","financeStage":"成熟型(不需要融资)","industryField":"移动互联网,电子商务","jobNature":"全职","approve":1,"companySize":"500-2000人","district":"朝阳区","companyLabelList":["股票期权","年终分红","弹性工作","住房补贴"],"adWord":0,"appShow":0,"deliver":0,"formatCreateTime":"2016-08-26","gradeDescription":null,"companyFullName":"湖北和远气体股份有限公司","businessZones":["大望路","百子湾","华贸","前门","大栅栏","珠市口"],"imState":"today","lastLogin":1472522736000,"publisherId":2588488,"explain":null,"plus":null,"pcShow":0},{"companyId":30828,"companyShortName":"阳光保险集团股份有限公司","createTime":"2016-08-26 17:39:42","positionId":2294811,"positionAdvantage":"宽松的职场氛围，雄厚的集团实力","salary":"8k-16k","score":0,"workYear":"1-3年","education":"不限","city":"北京","positionName":"Java开发工程师","companyLogo":"image1/M00/00/46/CgYXBlTUXNyAaQoiAABCAFUSdO4691.jpg","financeStage":"成熟型(不需要融资)","industryField":"金融","jobNature":"全职","approve":0,"companySize":"2000人以上","district":"朝阳区","companyLabelList":["节日礼物","技能培训","带薪年假","福利补助"],"adWord":0,"appShow":0,"deliver":0,"formatCreateTime":"2016-08-26","gradeDescription":null,"companyFullName":"阳光保险集团小微金融事业部","businessZones":["朝阳门","朝外","工体"],"imState":"disabled","lastLogin":1472438414000,"publisherId":6000950,"explain":null,"plus":null,"pcShow":0},{"companyId":78152,"companyShortName":"校友网","createTime":"2016-08-26 17:33:36","positionId":2208246,"positionAdvantage":"同事关系亲,领导棒,办公环境好","salary":"3k-5k","score":0,"workYear":"不限","education":"本科","city":"北京","positionName":"Java","companyLogo":"i/image/M00/54/82/Cgp3O1fD_RiANk_QAABvSc_KLGw479.png","financeStage":"初创型(不需要融资)","industryField":"移动互联网,社交网络","jobNature":"实习","approve":1,"companySize":"15-50人","district":"海淀区","companyLabelList":["年底双薪","领导好","五险一金","扁平管理"],"adWord":0,"appShow":0,"deliver":0,"formatCreateTime":"2016-08-26","gradeDescription":null,"companyFullName":"北京健坤校友网络科技有限公司","businessZones":["五道口","清华大学","中关村"],"imState":"today","lastLogin":1472549322000,"publisherId":1968995,"explain":null,"plus":null,"pcShow":0},{"companyId":25322,"companyShortName":"亚信","createTime":"2016-08-26 17:32:12","positionId":2037770,"positionAdvantage":"产业互联时代领航者、高薪高福利、弹性工作","salary":"15k-25k","score":0,"workYear":"3-5年","education":"本科","city":"北京","positionName":"JAVA开发工程师[北京]","companyLogo":"image1/M00/44/54/CgYXBlXVQ6aAGXrAAABY2xXSS8I163.png","financeStage":"成熟型(不需要融资)","industryField":"移动互联网,数据服务","jobNature":"全职","approve":1,"companySize":"2000人以上","district":null,"companyLabelList":["年底双薪","技能培训","免费班车","带薪年假"],"adWord":0,"appShow":0,"deliver":0,"formatCreateTime":"2016-08-26","gradeDescription":null,"companyFullName":"亚信科技（中国）有限公司","businessZones":null,"imState":"disabled","lastLogin":1472536260000,"publisherId":819155,"explain":null,"plus":null,"pcShow":0},{"companyId":21194,"companyShortName":"互动百科","createTime":"2016-08-26 17:31:30","positionId":2294762,"positionAdvantage":"五险一金 晋升快 工作氛围好","salary":"15k-25k","score":0,"workYear":"3-5年","education":"大专","city":"北京","positionName":"Java研发工程师","companyLogo":"image1/M00/00/27/Cgo8PFTUWIeAZLdCAABH5_uYMBI958.jpg","financeStage":"成熟型(D轮及以上)","industryField":"电子商务,企业服务","jobNature":"全职","approve":1,"companySize":"150-500人","district":"海淀区","companyLabelList":["节日礼物","技能培训","年度旅游","岗位晋升"],"adWord":0,"appShow":0,"deliver":0,"formatCreateTime":"2016-08-26","gradeDescription":null,"companyFullName":"互动在线(北京)科技有限公司","businessZones":["上地","马连洼","西二旗"],"imState":"today","lastLogin":1472549051000,"publisherId":2772510,"explain":null,"plus":null,"pcShow":0},{"companyId":47519,"companyShortName":"圣博润","createTime":"2016-08-26 17:31:23","positionId":2256563,"positionAdvantage":"五险一金,生日会,人性化管理,福利补助","salary":"10k-15k","score":0,"workYear":"1-3年","education":"本科","city":"北京","positionName":"Java","companyLogo":"image1/M00/00/7B/Cgo8PFTUXbyAYwKhAAA3JeVMP4g210.jpg","financeStage":"上市公司","industryField":"信息安全","jobNature":"全职","approve":0,"companySize":"150-500人","district":"海淀区","companyLabelList":null,"adWord":0,"appShow":0,"deliver":0,"formatCreateTime":"2016-08-26","gradeDescription":null,"companyFullName":"北京圣博润高新技术股份有限公司","businessZones":["西直门","动物园","交通大学"],"imState":"overSevenDays","lastLogin":1471569762000,"publisherId":5940934,"explain":null,"plus":null,"pcShow":0}]}},"code":0}