{"resubmitToken":null,"success":true,"requestId":null,"msg":null,"content":{"pageNo":44,"pageSize":15,"positionResult":{"totalCount":12338,"resultSize":15,"locationInfo":{"city":"北京","district":null,"queryByGisCode":false,"businessZone":null,"locationCode":null},"queryAnalysisInfo":{"positionName":"java","companyName":null,"industryName":null,"usefulCompany":false},"strategyProperty":{"name":"dm-csearch-newSimScorer","id":1},"result":[{"companyFullName":"普信恒业科技发展（北京）有限公司","adWord":0,"companyId":3786,"formatCreateTime":"10:23发布","businessZones":["大望路","华贸","百子湾"],"imState":"disabled","lastLogin":1471414253000,"positionId":2075830,"industryField":"移动互联网,金融","education":"本科","workYear":"3-5年","city":"北京","positionAdvantage":"六险一金、餐饮补贴、优质团队","createTime":"2016-08-30 10:23:08","salary":"12k-18k","positionName":"Java开发","companySize":"2000人以上","companyShortName":"宜信","companyLogo":"i/image/M00/01/C8/Cgp3O1Z3lASAVbZHAABCha8eqHY645.jpg","financeStage":"成熟型(不需要融资)","approve":1,"jobNature":"全职","companyLabelList":["管理规范","技能培训","扁平管理","弹性工作"],"district":"朝阳区","score":0,"publisherId":5346794,"explain":null,"plus":null,"pcShow":0,"appShow":0,"deliver":0,"gradeDescription":null},{"companyFullName":"北京华正方圆科技发展有限公司","adWord":0,"companyId":113076,"formatCreateTime":"1天前发布","businessZones":["双榆树","人民大学"],"imState":"today","lastLogin":1472541735000,"positionId":1705652,"industryField":"移动互联网,企业服务","education":"大专","workYear":"3-5年","city":"北京","positionAdvantage":"五险一金+项目规模+团队文化","createTime":"2016-08-29 16:20:25","salary":"9k-18k","positionName":"Java开发工程师","companySize":"150-500人","companyShortName":"华正方圆","companyLogo":"i/image/M00/16/96/Cgp3O1bvxS2APhSvAAAIdDmoN4M370.png","financeStage":"成长型(不需要融资)","approve":0,"jobNature":"全职","companyLabelList":["管理规范","领导好","扁平管理"],"district":"海淀区","score":0,"publisherId":4705632,"explain":null,"plus":null,"pcShow":0,"appShow":0,"deliver":0,"gradeDescription":null},{"companyFullName":"北京蜜友科技有限公司","adWord":0,"companyId":36036,"formatCreateTime":"1天前发布","businessZones":["北苑","立水桥"],"imState":"threeDays","lastLogin":1472464548000,"positionId":260509,"industryField":"移动互联网,社交网络","education":"本科","workYear":"1-3年","city":"北京","positionAdvantage":"税后薪资+期权(巨头投资)+多项补助+保险","createTime":"2016-08-29 16:00:12","salary":"8k-16k","positionName":"Java","companySize":"15-50人","companyShortName":"趣播（视频直播社交）","companyLogo":"image1/M00/1E/BD/Cgo8PFUvau6AD98-AACbp-QEPO0441.png","financeStage":"成长型(A轮)","approve":1,"jobNature":"全职","companyLabelList":["最知名投资人","社交十年一剑","团队持股"],"district":"朝阳区","score":0,"publisherId":630051,"explain":null,"plus":null,"pcShow":0,"appShow":0,"deliver":0,"gradeDescription":null},{"companyFullName":"北京红马传媒文化发展有限公司","adWord":0,"companyId":1662,"formatCreateTime":"1天前发布","businessZones":["东直门","海运仓","三里屯"],"imState":"today","lastLogin":1472542169000,"positionId":1395608,"industryField":"移动互联网,电子商务","education":"本科","workYear":"5-10年","city":"北京","positionAdvantage":"绩效奖金 年终奖金","createTime":"2016-08-29 15:41:47","salary":"25k-30k","positionName":"高级Java开发工程师","companySize":"500-2000人","companyShortName":"大麦网","companyLogo":"image1/M00/00/06/Cgo8PFTUWAWAITvVAAAniYBJ4Lc269.jpg","financeStage":"成熟型(C轮)","approve":1,"jobNature":"全职","companyLabelList":["绩效奖金","年底双薪","五险一金","带薪年假"],"district":"东城区","score":0,"publisherId":3046212,"explain":null,"plus":null,"pcShow":0,"appShow":0,"deliver":0,"gradeDescription":null},{"companyFullName":"北京嗨球科技有限公司","adWord":0,"companyId":117160,"formatCreateTime":"1天前发布","businessZones":["朝阳门","朝外","东四"],"imState":"sevenDays","lastLogin":1472200044000,"positionId":1535989,"industryField":"移动互联网,文化娱乐","education":"本科","workYear":"3-5年","city":"北京","positionAdvantage":"五险一金绩效奖金年终分红股票期权","createTime":"2016-08-29 15:32:17","salary":"25k-30k","positionName":"Java高级研发工程师","companySize":"50-150人","companyShortName":"嗨球科技","companyLogo":"i/image/M00/0B/16/Cgp3O1bVYG-AcP8WAAAnOzfQaDY635.jpg","financeStage":"初创型(未融资)","approve":0,"jobNature":"全职","companyLabelList":["股票期权","绩效奖金","年终分红","体育APP"],"district":"东城区","score":0,"publisherId":4266300,"explain":null,"plus":null,"pcShow":0,"appShow":0,"deliver":0,"gradeDescription":null},{"companyFullName":"北京中科联诚软件有限公司","adWord":0,"companyId":36708,"formatCreateTime":"1天前发布","businessZones":["皂君庙","北下关","大钟寺"],"imState":"disabled","lastLogin":1472542611000,"positionId":2197202,"industryField":"移动互联网,教育","education":"本科","workYear":"3-5年","city":"北京","positionAdvantage":"五险一金、年底双薪、绩效奖金、餐补","createTime":"2016-08-29 15:31:54","salary":"10k-15k","positionName":"Java开发工程师","companySize":"15-50人","companyShortName":"中科公司","companyLogo":"image1/M00/0C/E1/CgYXBlT2fbyAFgtFAAB7VzRWvv4004.jpg","financeStage":"初创型(未融资)","approve":0,"jobNature":"全职","companyLabelList":["节日礼物","年底双薪","带薪年假","岗位晋升"],"district":"海淀区","score":0,"publisherId":5830160,"explain":null,"plus":null,"pcShow":0,"appShow":0,"deliver":0,"gradeDescription":null},{"companyFullName":"世纪蜗牛通信科技有限公司","adWord":0,"companyId":62316,"formatCreateTime":"1天前发布","businessZones":["王府井","东单","灯市口"],"imState":"disabled","lastLogin":1472549071000,"positionId":2157339,"industryField":"移动互联网","education":"本科","workYear":"3-5年","city":"北京","positionAdvantage":"良好的办公环境，灵活的调休制度，成长空间","createTime":"2016-08-29 15:29:04","salary":"10k-18k","positionName":"Java工程师","companySize":"150-500人","companyShortName":"蜗牛移动","companyLogo":"images/logo_default.png","financeStage":"成长型(不需要融资)","approve":0,"jobNature":"全职","companyLabelList":["技能培训","节日礼物","带薪年假","岗位晋升"],"district":"东城区","score":0,"publisherId":1740785,"explain":null,"plus":null,"pcShow":0,"appShow":0,"deliver":0,"gradeDescription":null},{"companyFullName":"天道计然（北京）信息科技有限责任公司","adWord":0,"companyId":99089,"formatCreateTime":"1天前发布","businessZones":["学院路","知春路","北航"],"imState":"disabled","lastLogin":1472530618000,"positionId":2300155,"industryField":"其他","education":"大专","workYear":"1-3年","city":"北京","positionAdvantage":"五险一金绩效奖金弹性工作定期体检节日福利","createTime":"2016-08-29 15:28:30","salary":"15k-25k","positionName":"Java","companySize":"2000人以上","companyShortName":"美利金融","companyLogo":"i/image/M00/4C/1C/Cgp3O1ehjOOAL82SAAAMjExoVqc181.jpg","financeStage":"成长型(B轮)","approve":1,"jobNature":"全职","companyLabelList":["节日礼物","股票期权","带薪年假","年底多薪"],"district":"海淀区","score":0,"publisherId":5033189,"explain":null,"plus":null,"pcShow":0,"appShow":0,"deliver":0,"gradeDescription":null},{"companyFullName":"苏州蜗牛数字科技股份有限公司","adWord":0,"companyId":3188,"formatCreateTime":"1天前发布","businessZones":["王府井","东单","灯市口"],"imState":"disabled","lastLogin":1472549105000,"positionId":2157314,"industryField":"移动互联网,游戏","education":"本科","workYear":"3-5年","city":"北京","positionAdvantage":"良好的办公环境，灵活的调休制度，成长空间","createTime":"2016-08-29 15:28:12","salary":"10k-18k","positionName":"Java工程师","companySize":"2000人以上","companyShortName":"游戏蜗牛","companyLogo":"image1/M00/00/08/CgYXBlTUWBCARMkWAAApnCSB1Fo629.png","financeStage":"初创型(未融资)","approve":1,"jobNature":"全职","companyLabelList":["绩效奖金","年底双薪","专项奖金","五险一金"],"district":"东城区","score":0,"publisherId":1574929,"explain":null,"plus":null,"pcShow":0,"appShow":0,"deliver":0,"gradeDescription":null},{"companyFullName":"北京新汽联科技有限公司","adWord":0,"companyId":84453,"formatCreateTime":"1天前发布","businessZones":["来广营","望京"],"imState":"today","lastLogin":1472550445000,"positionId":2291048,"industryField":"移动互联网,电子商务","education":"本科","workYear":"3-5年","city":"北京","positionAdvantage":"五险一金,年底双薪,期权","createTime":"2016-08-29 15:28:11","salary":"15k-20k","positionName":"Java","companySize":"50-150人","companyShortName":"优汽","companyLogo":"i/image/M00/03/1B/Cgp3O1apqzOANUIWAAANkwSA0dg664.jpg","financeStage":"成长型(A轮)","approve":1,"jobNature":"全职","companyLabelList":["技能培训","绩效奖金","岗位晋升","扁平管理"],"district":"朝阳区","score":0,"publisherId":2182447,"explain":null,"plus":null,"pcShow":0,"appShow":0,"deliver":0,"gradeDescription":null},{"companyFullName":"中铁信息工程集团有限公司","adWord":0,"companyId":142193,"formatCreateTime":"1天前发布","businessZones":null,"imState":"disabled","lastLogin":1472548942000,"positionId":2198599,"industryField":"移动互联网,信息安全","education":"本科","workYear":"1-3年","city":"北京","positionAdvantage":"五险一金、补充医疗、健康体检等","createTime":"2016-08-29 15:28:06","salary":"6k-9k","positionName":"Java开发工程师","companySize":"2000人以上","companyShortName":"中铁信","companyLogo":"i/image/M00/4C/DA/CgqKkVekCL-AArLwAAAbHqWhG9I642.jpg","financeStage":"成熟型(不需要融资)","approve":0,"jobNature":"全职","companyLabelList":null,"district":"海淀区","score":0,"publisherId":5812915,"explain":null,"plus":null,"pcShow":0,"appShow":0,"deliver":0,"gradeDescription":null},{"companyFullName":"拼途（北京）信息技术有限公司","adWord":0,"companyId":141955,"formatCreateTime":"1天前发布","businessZones":null,"imState":"today","lastLogin":1472560033000,"positionId":2300143,"industryField":"移动互联网,O2O","education":"本科","workYear":"1-3年","city":"北京","positionAdvantage":"福利好 团队好 老板好~","createTime":"2016-08-29 15:27:18","salary":"10k-20k","positionName":"Java工程师","companySize":"50-150人","companyShortName":"嘀嗒拼车","companyLogo":"i/image/M00/4B/D2/CgqKkVegeLWAAIn7AAAJM5vZ2ts950.png","financeStage":"成熟型(C轮)","approve":1,"jobNature":"全职","companyLabelList":["绩效奖金","年底双薪","交通补助","管理规范"],"district":null,"score":0,"publisherId":5814504,"explain":null,"plus":null,"pcShow":0,"appShow":0,"deliver":0,"gradeDescription":null},{"companyFullName":"北京通力互联技术服务有限公司","adWord":0,"companyId":123777,"formatCreateTime":"1天前发布","businessZones":["西北旺","马连洼","上地"],"imState":"disabled","lastLogin":1472454526000,"positionId":1924612,"industryField":"电子商务,企业服务","education":"本科","workYear":"5-10年","city":"北京","positionAdvantage":"免费班车 弹性工作 健身房","createTime":"2016-08-29 15:26:18","salary":"15k-25k","positionName":"Java爬虫工程师","companySize":"2000人以上","companyShortName":"通力互联","companyLogo":"i/image/M00/2E/03/CgqKkVc9jmCAI8DpAAD09YLPnBk157.png","financeStage":"成熟型(不需要融资)","approve":0,"jobNature":"全职","companyLabelList":["绩效奖金","交通补助","定期体检","通讯津贴"],"district":"海淀区","score":0,"publisherId":5250851,"explain":null,"plus":null,"pcShow":0,"appShow":0,"deliver":0,"gradeDescription":null},{"companyFullName":"中孝（北京）投资管理有限公司","adWord":0,"companyId":144730,"formatCreateTime":"1天前发布","businessZones":null,"imState":"disabled","lastLogin":1472547459000,"positionId":2300101,"industryField":"移动互联网,电子商务","education":"本科","workYear":"不限","city":"北京","positionAdvantage":"福利好，领导好，环境好","createTime":"2016-08-29 15:22:33","salary":"8k-16k","positionName":"Java开发工程师","companySize":"50-150人","companyShortName":"中孝（北京）投资管理有限公司","companyLogo":"i/image/M00/51/29/Cgp3O1e2bkyAZyRGAAWNssb4pR0299.jpg","financeStage":"成长型(不需要融资)","approve":0,"jobNature":"全职","companyLabelList":["股票期权","年终分红","带薪年假","定期体检"],"district":null,"score":0,"publisherId":5942614,"explain":null,"plus":null,"pcShow":0,"appShow":0,"deliver":0,"gradeDescription":null},{"companyFullName":"北京国科知源科技有限公司","adWord":0,"companyId":136325,"formatCreateTime":"1天前发布","businessZones":["北航","学院路","知春路"],"imState":"disabled","lastLogin":1472537638000,"positionId":2023631,"industryField":"移动互联网,电子商务","education":"不限","workYear":"1-3年","city":"北京","positionAdvantage":"五险一金+全勤+法定节假日+带薪休假+团建","createTime":"2016-08-29 15:19:57","salary":"8k-10k","positionName":"JAVA研发工程师","companySize":"50-150人","companyShortName":"北京国科知源科技有限公司","companyLogo":"i/image/M00/3D/6F/Cgp3O1dyJBKAQXe_AAASKEZIxuE194.jpg","financeStage":"成长型(不需要融资)","approve":0,"jobNature":"全职","companyLabelList":null,"district":"海淀区","score":0,"publisherId":5486383,"explain":null,"plus":null,"pcShow":0,"appShow":0,"deliver":0,"gradeDescription":null}]}},"code":0}