{"resubmitToken":null,"success":true,"requestId":null,"msg":null,"content":{"pageNo":93,"pageSize":15,"positionResult":{"totalCount":12338,"resultSize":15,"locationInfo":{"city":"北京","district":null,"queryByGisCode":false,"businessZone":null,"locationCode":null},"queryAnalysisInfo":{"positionName":"java","companyName":null,"industryName":null,"usefulCompany":false},"strategyProperty":{"name":"dm-csearch-newSimScorer","id":1},"result":[{"companyFullName":"北京三快在线科技有限公司","adWord":0,"companyId":50702,"formatCreateTime":"2016-08-25","businessZones":["望京","大山子","花家地"],"imState":"today","lastLogin":1472575129000,"positionId":2167409,"industryField":"移动互联网,O2O","education":"本科","workYear":"1-3年","city":"北京","positionAdvantage":"股票期权","createTime":"2016-08-25 19:36:57","salary":"15k-30k","positionName":"Java","companySize":"2000人以上","companyShortName":"美团点评","companyLogo":"i/image/M00/4B/6C/CgqKkVefHv-AFoRzAAAuALF7ZZ0419.png","financeStage":"成熟型(D轮及以上)","approve":1,"jobNature":"全职","companyLabelList":["技能培训","绩效奖金","岗位晋升","领导好"],"district":"朝阳区","score":0,"publisherId":1524021,"explain":null,"plus":null,"pcShow":0,"appShow":0,"deliver":0,"gradeDescription":null},{"companyFullName":"北京趣拿软件科技有限公司","adWord":0,"companyId":1970,"formatCreateTime":"2016-08-25","businessZones":["西三旗","清河","小营"],"imState":"threeDays","lastLogin":1472464540000,"positionId":1737085,"industryField":"移动互联网","education":"本科","workYear":"3-5年","city":"北京","positionAdvantage":"弹性工作制，互联网文化氛围","createTime":"2016-08-25 18:15:58","salary":"16k-30k","positionName":"Java开发工程师","companySize":"2000人以上","companyShortName":"去哪儿网","companyLogo":"image1/M00/00/06/CgYXBlTUWAeANQBuAABHTL1SBa8889.jpg","financeStage":"上市公司","approve":1,"jobNature":"全职","companyLabelList":["技能培训","节日礼物","带薪年假","无息住房贷款"],"district":"海淀区","score":0,"publisherId":2679712,"explain":null,"plus":null,"pcShow":0,"appShow":0,"deliver":0,"gradeDescription":null},{"companyFullName":"乐富支付有限公司","adWord":0,"companyId":23495,"formatCreateTime":"2016-08-25","businessZones":null,"imState":"today","lastLogin":1472546995000,"positionId":2025852,"industryField":"金融,移动互联网","education":"本科","workYear":"3-5年","city":"北京","positionAdvantage":"公司发展快，空间大，互联网金融，移动端","createTime":"2016-08-25 18:14:32","salary":"15k-25k","positionName":"Java工程师","companySize":"500-2000人","companyShortName":"乐富支付","companyLogo":"image2/M00/0C/AD/CgqLKVYc00OAHKXWAAAV63JhV0Q103.jpg","financeStage":"成熟型(不需要融资)","approve":1,"jobNature":"全职","companyLabelList":["专项奖金","绩效奖金","年度旅游","定期体检"],"district":"朝阳区","score":0,"publisherId":275449,"explain":null,"plus":null,"pcShow":0,"appShow":0,"deliver":0,"gradeDescription":null},{"companyFullName":"武汉合众易宝科技有限公司","adWord":0,"companyId":50395,"formatCreateTime":"2016-08-25","businessZones":["四季青"],"imState":"disabled","lastLogin":1472456940000,"positionId":1995692,"industryField":"移动互联网,金融","education":"本科","workYear":"5-10年","city":"北京","positionAdvantage":"集团公司 食堂 餐补 商业保险 年终奖","createTime":"2016-08-25 18:06:24","salary":"20k-30k","positionName":"高级Java开发工程师","companySize":"50-150人","companyShortName":"合众易宝","companyLogo":"i/image/M00/21/46/CgqKkVcQdTuAEQqHAAAkw4Y_Eag833.png","financeStage":"成长型(不需要融资)","approve":1,"jobNature":"全职","companyLabelList":["股票期权","带薪年假","绩效奖金","扁平管理"],"district":"海淀区","score":0,"publisherId":5425098,"explain":null,"plus":null,"pcShow":0,"appShow":0,"deliver":0,"gradeDescription":null},{"companyFullName":"北京金山网络科技有限公司","adWord":0,"companyId":133,"formatCreateTime":"2016-08-25","businessZones":["姚家园"],"imState":"disabled","lastLogin":1472562100000,"positionId":2186683,"industryField":"移动互联网,信息安全","education":"本科","workYear":"1-3年","city":"北京","positionAdvantage":"国际化平台，优秀团队，良好的发展机会","createTime":"2016-08-25 17:52:29","salary":"15k-25k","positionName":"Java开发工程师","companySize":"500-2000人","companyShortName":"猎豹移动","companyLogo":"image1/M00/39/70/CgYXBlWo3nqABJTsAADJ3hn5gmE062.jpg","financeStage":"上市公司","approve":1,"jobNature":"全职","companyLabelList":["带薪年假","美女前台","超赞年终奖","一公里工作圈"],"district":"朝阳区","score":0,"publisherId":2942315,"explain":null,"plus":null,"pcShow":0,"appShow":0,"deliver":0,"gradeDescription":null},{"companyFullName":"北京联想利泰软件有限公司","adWord":0,"companyId":3866,"formatCreateTime":"2016-08-25","businessZones":null,"imState":"disabled","lastLogin":1472458608000,"positionId":1815636,"industryField":"移动互联网,招聘","education":"本科","workYear":"3-5年","city":"北京","positionAdvantage":"平台好，发展好","createTime":"2016-08-25 17:51:48","salary":"10k-18k","positionName":"Java开发工程师","companySize":"500-2000人","companyShortName":"联想利泰","companyLogo":"i/image/M00/2B/98/Cgp3O1c1ZdaAIjU3AAA7TsArYD4046.PNG","financeStage":"初创型(未融资)","approve":1,"jobNature":"全职","companyLabelList":["节日礼物","带薪年假","岗位晋升","领导好"],"district":"海淀区","score":0,"publisherId":3751982,"explain":null,"plus":null,"pcShow":0,"appShow":0,"deliver":0,"gradeDescription":null},{"companyFullName":"北京深思数盾科技有限公司","adWord":0,"companyId":21190,"formatCreateTime":"2016-08-25","businessZones":["西二旗","龙泽","回龙观"],"imState":"disabled","lastLogin":1472459544000,"positionId":448867,"industryField":"信息安全,移动互联网","education":"本科","workYear":"3-5年","city":"北京","positionAdvantage":"寻找有追求的奋斗者，提供培养机会和空间！","createTime":"2016-08-25 17:50:38","salary":"20k-30k","positionName":"Java高级开发工程师","companySize":"50-150人","companyShortName":"北京深思数盾科技有限公司","companyLogo":"i/image/M00/18/44/CgqKkVbzg2uAPoNJAADlBapDFtA063.jpg","financeStage":"初创型(未融资)","approve":0,"jobNature":"全职","companyLabelList":["信息安全保护","交通补助","带薪年假","节日礼物"],"district":"海淀区","score":0,"publisherId":243065,"explain":null,"plus":null,"pcShow":0,"appShow":0,"deliver":0,"gradeDescription":null},{"companyFullName":"北京华正方圆科技发展有限公司","adWord":0,"companyId":113076,"formatCreateTime":"2016-08-25","businessZones":["双榆树","人民大学"],"imState":"today","lastLogin":1472548949000,"positionId":2289823,"industryField":"移动互联网,企业服务","education":"大专","workYear":"3-5年","city":"北京","positionAdvantage":"餐补、电脑补助","createTime":"2016-08-25 17:33:58","salary":"13k-26k","positionName":"高级Java","companySize":"150-500人","companyShortName":"华正方圆","companyLogo":"i/image/M00/16/96/Cgp3O1bvxS2APhSvAAAIdDmoN4M370.png","financeStage":"成长型(不需要融资)","approve":0,"jobNature":"全职","companyLabelList":["管理规范","领导好","扁平管理"],"district":"海淀区","score":0,"publisherId":4816250,"explain":null,"plus":null,"pcShow":0,"appShow":0,"deliver":0,"gradeDescription":null},{"companyFullName":"美信网络技术有限公司","adWord":0,"companyId":118560,"formatCreateTime":"2016-08-25","businessZones":["亮马桥","三元桥","燕莎"],"imState":"today","lastLogin":1472552521000,"positionId":2289789,"industryField":"社交网络,电子商务","education":"本科","workYear":"3-5年","city":"北京","positionAdvantage":"大咖大牛超多，平台大","createTime":"2016-08-25 17:30:44","salary":"15k-30k","positionName":"高级Java开发工程师","companySize":"500-2000人","companyShortName":"国美美信","companyLogo":"i/image/M00/1B/15/Cgp3O1b7njKAftNAAAD8iO8nAcQ533.jpg","financeStage":"成熟型(不需要融资)","approve":1,"jobNature":"全职","companyLabelList":null,"district":"朝阳区","score":0,"publisherId":4457161,"explain":null,"plus":null,"pcShow":0,"appShow":0,"deliver":0,"gradeDescription":null},{"companyFullName":"北京粉笔未来科技有限公司","adWord":0,"companyId":16799,"formatCreateTime":"2016-08-25","businessZones":["三里屯","工体","团结湖"],"imState":"disabled","lastLogin":1472562626000,"positionId":388240,"industryField":"移动互联网,教育","education":"本科","workYear":"1-3年","city":"北京","positionAdvantage":"高薪+福利顶配+团队整体水平高","createTime":"2016-08-25 17:16:16","salary":"20k-35k","positionName":"Java","companySize":"150-500人","companyShortName":"猿辅导","companyLogo":"i/image/M00/36/C5/CgqKkVdefqCAeTtAAABaDqGTOvY825.png","financeStage":"成熟型(D轮及以上)","approve":1,"jobNature":"全职","companyLabelList":["股票期权","年底双薪","五险一金","带薪年假"],"district":"朝阳区","score":0,"publisherId":195829,"explain":null,"plus":null,"pcShow":0,"appShow":0,"deliver":0,"gradeDescription":null},{"companyFullName":"回合网络科技（上海）有限公司","adWord":0,"companyId":89903,"formatCreateTime":"2016-08-25","businessZones":["大望路","华贸","红庙"],"imState":"disabled","lastLogin":1472192199000,"positionId":1140152,"industryField":"移动互联网,社交网络","education":"本科","workYear":"3-5年","city":"北京","positionAdvantage":"女性经济+垂直社交+共享经济移动平台","createTime":"2016-08-25 17:13:19","salary":"15k-20k","positionName":"高级Java开发工程师","companySize":"50-150人","companyShortName":"星后","companyLogo":"i/image/M00/4D/F8/CgqKkVepUTyAHWAbAAAG0rv7RrM187.png","financeStage":"初创型(天使轮)","approve":1,"jobNature":"全职","companyLabelList":["年底双薪","股票期权","带薪年假","岗位晋升"],"district":"朝阳区","score":0,"publisherId":2322573,"explain":null,"plus":null,"pcShow":0,"appShow":0,"deliver":0,"gradeDescription":null},{"companyFullName":"风华正茂科技（北京）有限公司","adWord":0,"companyId":25254,"formatCreateTime":"2016-08-25","businessZones":null,"imState":"disabled","lastLogin":1472574283000,"positionId":2289618,"industryField":"移动互联网,电子商务","education":"大专","workYear":"1-3年","city":"北京","positionAdvantage":"五险 法定节假 年终奖 扁平管理 优秀团队","createTime":"2016-08-25 17:11:54","salary":"8k-10k","positionName":"Java","companySize":"15-50人","companyShortName":"风华正茂科技公司","companyLogo":"images/logo_default.png","financeStage":"初创型(未融资)","approve":0,"jobNature":"全职","companyLabelList":["年终分红","绩效奖金","带薪年假","免费班车"],"district":null,"score":0,"publisherId":306280,"explain":null,"plus":null,"pcShow":0,"appShow":0,"deliver":0,"gradeDescription":null},{"companyFullName":"陶醉天下（北京）信息技术有限公司","adWord":0,"companyId":115891,"formatCreateTime":"2016-08-25","businessZones":["亚运村","大屯","小营"],"imState":"today","lastLogin":1472545097000,"positionId":2210133,"industryField":"移动互联网,社交网络","education":"本科","workYear":"1-3年","city":"北京","positionAdvantage":"五险一金，上升空间大。","createTime":"2016-08-25 17:11:44","salary":"10k-20k","positionName":"Java开发工程师","companySize":"15-50人","companyShortName":"陶醉天下","companyLogo":"i/image/M00/06/05/Cgp3O1bL_HGASHgcAAA9Z6CmwQk727.jpg","financeStage":"初创型(未融资)","approve":0,"jobNature":"全职","companyLabelList":null,"district":"朝阳区","score":0,"publisherId":4071614,"explain":null,"plus":null,"pcShow":0,"appShow":0,"deliver":0,"gradeDescription":null},{"companyFullName":"星罗天下（北京）科技有限公司","adWord":0,"companyId":100598,"formatCreateTime":"2016-08-25","businessZones":["学院路","北航","知春路"],"imState":"disabled","lastLogin":1472529044000,"positionId":2153960,"industryField":"游戏","education":"不限","workYear":"不限","city":"北京","positionAdvantage":"五险一金,弹性工作,通讯补助,交通补助","createTime":"2016-08-25 17:10:27","salary":"15k-30k","positionName":"Java开发工程师","companySize":"2000人以上","companyShortName":"星罗天下","companyLogo":"i/image/M00/4B/2C/Cgp3O1eetlWAAhS3AAAST5k2EU0120.jpg","financeStage":"上市公司","approve":0,"jobNature":"全职","companyLabelList":["年底双薪","带薪年假","绩效奖金","岗位晋升"],"district":"海淀区","score":0,"publisherId":5766806,"explain":null,"plus":null,"pcShow":0,"appShow":0,"deliver":0,"gradeDescription":null},{"companyFullName":"上海画龙信息科技有限公司","adWord":0,"companyId":126031,"formatCreateTime":"2016-08-25","businessZones":null,"imState":"disabled","lastLogin":1472457492000,"positionId":2226534,"industryField":"数据服务,广告营销","education":"本科","workYear":"3-5年","city":"北京","positionAdvantage":"大数据公司,每年15薪","createTime":"2016-08-25 17:06:27","salary":"15k-25k","positionName":"高级Java开发工程师","companySize":"15-50人","companyShortName":"Datatist","companyLogo":"i/image/M00/4E/BA/Cgp3O1esM4yAQuBDAAAXm9nZsLc266.png","financeStage":"初创型(天使轮)","approve":0,"jobNature":"全职","companyLabelList":["年底四薪","股票期权","带薪年假","五险一金"],"district":"海淀区","score":0,"publisherId":5894087,"explain":null,"plus":null,"pcShow":0,"appShow":0,"deliver":0,"gradeDescription":null}]}},"code":0}