{"success":true,"requestId":null,"resubmitToken":null,"msg":null,"content":{"pageNo":80,"pageSize":15,"positionResult":{"resultSize":15,"totalCount":12338,"locationInfo":{"businessZone":null,"queryByGisCode":false,"locationCode":null,"city":"北京","district":null},"queryAnalysisInfo":{"industryName":null,"usefulCompany":false,"positionName":"java","companyName":null},"strategyProperty":{"name":"dm-csearch-newSimScorer","id":1},"result":[{"formatCreateTime":"2016-08-26","createTime":"2016-08-26 14:12:10","companyId":56698,"positionName":"Java","education":"本科","city":"北京","positionId":2018239,"financeStage":"成长型(A轮)","companyShortName":"屏芯科技","companyLogo":"image1/M00/40/5C/Cgo8PFXDOKCAOnUeAABNmNKhwMo253.jpg","salary":"20k-40k","industryField":"移动互联网,电子商务","district":"海淀区","companyLabelList":["技能培训","节日礼物","带薪年假","绩效奖金"],"positionAdvantage":"新兴行业、高薪待遇、晋升空间、弹性工作。","jobNature":"全职","workYear":"1-3年","approve":1,"score":0,"companySize":"150-500人","businessZones":["五道口","清华大学","中关村"],"imState":"today","lastLogin":1472554713000,"publisherId":2252143,"explain":null,"plus":null,"pcShow":0,"appShow":0,"deliver":0,"gradeDescription":null,"companyFullName":"北京屏芯科技有限公司","adWord":0},{"formatCreateTime":"2016-08-26","createTime":"2016-08-26 12:45:41","companyId":59949,"positionName":"Java开发工程师","education":"本科","city":"北京","positionId":838107,"financeStage":"初创型(天使轮)","companyShortName":"融云","companyLogo":"image1/M00/34/19/Cgo8PFWV_TyABkj0AAAgFevtc6Q192.png","salary":"10k-18k","industryField":"移动互联网,数据服务","district":"朝阳区","companyLabelList":["节日礼物","期权机会","带薪年假","岗位晋升"],"positionAdvantage":"产品市场前景极佳，福利好，领导赞","jobNature":"全职","workYear":"1-3年","approve":1,"score":0,"companySize":"50-150人","businessZones":["北苑","立水桥"],"imState":"sevenDays","lastLogin":1472186419000,"publisherId":1510436,"explain":null,"plus":null,"pcShow":0,"appShow":0,"deliver":0,"gradeDescription":null,"companyFullName":"北京云中融信网络科技有限公司","adWord":0},{"formatCreateTime":"2016-08-26","createTime":"2016-08-26 12:42:21","companyId":85986,"positionName":"JAVA高级开发工程师","education":"本科","city":"北京","positionId":2074557,"financeStage":"上市公司","companyShortName":"聚视传媒","companyLogo":"image1/M00/3D/78/CgYXBlW4eMKAT9_DAAA7NuU5a40713.png?cc=0.16094619850628078","salary":"15k-25k","industryField":"移动互联网,文化娱乐","district":null,"companyLabelList":["年底双薪","大家都平级","带薪年假","扁平管理"],"positionAdvantage":"上市公司 期权奖励","jobNature":"全职","workYear":"3-5年","approve":1,"score":0,"companySize":"150-500人","businessZones":null,"imState":"today","lastLogin":1472523243000,"publisherId":2200040,"explain":null,"plus":null,"pcShow":0,"appShow":0,"deliver":0,"gradeDescription":null,"companyFullName":"北京聚视文化传媒有限公司","adWord":0},{"formatCreateTime":"2016-08-26","createTime":"2016-08-26 12:39:15","companyId":138909,"positionName":"Java","education":"本科","city":"北京","positionId":2292800,"financeStage":"初创型(未融资)","companyShortName":"芙拍（上海）有限公司北京分公司","companyLogo":"i/image/M00/44/B1/Cgp3O1eGE_yAQyyIAAAtgOF36sQ443.jpg","salary":"15k-20k","industryField":"电子商务","district":"朝阳区","companyLabelList":null,"positionAdvantage":"五险一金 餐补 带薪年假 服装补贴","jobNature":"全职","workYear":"5-10年","approve":0,"score":0,"companySize":"50-150人","businessZones":["望京","大山子","酒仙桥"],"imState":"disabled","lastLogin":1472540810000,"publisherId":5640095,"explain":null,"plus":null,"pcShow":0,"appShow":0,"deliver":0,"gradeDescription":null,"companyFullName":"芙拍电子商务（上海）有限公司北京分公司","adWord":0},{"formatCreateTime":"2016-08-26","createTime":"2016-08-26 12:34:37","companyId":98285,"positionName":"高级JAVA工程师","education":"本科","city":"北京","positionId":1132678,"financeStage":"初创型(未融资)","companyShortName":"国美金控","companyLogo":"image2/M00/09/5C/CgqLKVYI5uGAPmQtAAARsmUtKn0654.jpg?cc=0.5094771874137223","salary":"15k-25k","industryField":"金融","district":"朝阳区","companyLabelList":["岗位晋升","扁平管理","五险一金"],"positionAdvantage":"平台大，发展好，老板nice","jobNature":"全职","workYear":"3-5年","approve":0,"score":0,"companySize":"50-150人","businessZones":["亮马桥","三元桥","燕莎"],"imState":"disabled","lastLogin":1472191388000,"publisherId":2649994,"explain":null,"plus":null,"pcShow":0,"appShow":0,"deliver":0,"gradeDescription":null,"companyFullName":"国美金控投资有限公司","adWord":0},{"formatCreateTime":"2016-08-26","createTime":"2016-08-26 12:07:30","companyId":329,"positionName":"Java","education":"本科","city":"北京","positionId":1074314,"financeStage":"上市公司","companyShortName":"网易","companyLogo":"image1/M00/1C/DB/Cgo8PFUnbyyAOmwZAABKPABIzv8461.png","salary":"12k-22k","industryField":"数据服务,文化娱乐","district":"海淀区","companyLabelList":["节日礼物","技能培训","免费班车","带薪年假"],"positionAdvantage":"薪资不封顶、补贴带薪假旅游、海量美女。","jobNature":"全职","workYear":"1-3年","approve":1,"score":0,"companySize":"2000人以上","businessZones":["五道口","清华大学","中关村"],"imState":"sevenDays","lastLogin":1472196819000,"publisherId":2496,"explain":null,"plus":null,"pcShow":0,"appShow":0,"deliver":0,"gradeDescription":null,"companyFullName":"网之易信息技术（北京）有限公司","adWord":0},{"formatCreateTime":"2016-08-26","createTime":"2016-08-26 12:00:22","companyId":145698,"positionName":"Java工程师","education":"本科","city":"北京","positionId":2292683,"financeStage":"初创型(天使轮)","companyShortName":"通通收","companyLogo":"i/image/M00/53/AA/CgqKkVe_uJ-AftbpAAAKb9H-gzI643.jpg","salary":"8k-15k","industryField":"O2O,电子商务","district":"朝阳区","companyLabelList":null,"positionAdvantage":"五险一金 弹性工作时间 职工聚餐旅游","jobNature":"全职","workYear":"1-3年","approve":1,"score":0,"companySize":"15-50人","businessZones":["高碑店","四惠","十里堡"],"imState":"today","lastLogin":1472533688000,"publisherId":5425421,"explain":null,"plus":null,"pcShow":0,"appShow":0,"deliver":0,"gradeDescription":null,"companyFullName":"北京通通收环保科技有限公司","adWord":0},{"formatCreateTime":"2016-08-26","createTime":"2016-08-26 11:59:08","companyId":91439,"positionName":"Java","education":"本科","city":"北京","positionId":1914104,"financeStage":"成熟型(不需要融资)","companyShortName":"Lily英语","companyLogo":"image1/M00/44/D2/CgYXBlXX1qeAdzBWAAA2p8ISsIk471.jpg?cc=0.6216074447147548","salary":"15k-20k","industryField":"教育","district":null,"companyLabelList":["节日礼物","绩效奖金","美女多","五险一金"],"positionAdvantage":"六险一金、团队领导能力强，节假日福利","jobNature":"全职","workYear":"1-3年","approve":0,"score":0,"companySize":"500-2000人","businessZones":null,"imState":"today","lastLogin":1472551238000,"publisherId":2356835,"explain":null,"plus":null,"pcShow":0,"appShow":0,"deliver":0,"gradeDescription":null,"companyFullName":"北京励立长平教育科技有限公司","adWord":0},{"formatCreateTime":"2016-08-26","createTime":"2016-08-26 11:58:15","companyId":66215,"positionName":"Java","education":"本科","city":"北京","positionId":2124726,"financeStage":"初创型(未融资)","companyShortName":"中和教育","companyLogo":"i/image/M00/4E/FE/CgqKkVetcYKASNBYAAAGryglONU064.png","salary":"10k-20k","industryField":"教育","district":"朝阳区","companyLabelList":["节日礼物","免费班车","带薪年假","岗位晋升"],"positionAdvantage":"五险一金,饭补,可晋升空间","jobNature":"全职","workYear":"3-5年","approve":1,"score":0,"companySize":"500-2000人","businessZones":["潘家园","十八里店","劲松"],"imState":"disabled","lastLogin":1472519215000,"publisherId":4677849,"explain":null,"plus":null,"pcShow":0,"appShow":0,"deliver":0,"gradeDescription":null,"companyFullName":"中和基石国际教育科技（北京）有限公司","adWord":0},{"formatCreateTime":"2016-08-26","createTime":"2016-08-26 11:57:39","companyId":115035,"positionName":"Java","education":"大专","city":"北京","positionId":2103169,"financeStage":"成长型(不需要融资)","companyShortName":"学慧网","companyLogo":"i/image/M00/1A/8F/Cgp3O1b6UfWASko2AAAYCj5L8p4135.jpg","salary":"10k-20k","industryField":"教育,移动互联网","district":"朝阳区","companyLabelList":["股票期权","午餐补助","带薪年假","年度旅游"],"positionAdvantage":"股权,带薪年假,弹性工作,年度旅游","jobNature":"全职","workYear":"3-5年","approve":0,"score":0,"companySize":"150-500人","businessZones":["潘家园","十八里店","劲松"],"imState":"threeDays","lastLogin":1472461910000,"publisherId":3931702,"explain":null,"plus":null,"pcShow":0,"appShow":0,"deliver":0,"gradeDescription":null,"companyFullName":"北京学慧网络教育科技有限公司","adWord":0},{"formatCreateTime":"2016-08-26","createTime":"2016-08-26 11:51:53","companyId":114110,"positionName":"Java","education":"本科","city":"北京","positionId":1508369,"financeStage":"上市公司","companyShortName":"乐视","companyLogo":"i/image/M00/04/2B/Cgp3O1bGwzWAEAB4AAAbnMQCudk783.jpg","salary":"10k-20k","industryField":"移动互联网","district":"朝阳区","companyLabelList":["股票期权","交通补助","通讯津贴","带薪年假"],"positionAdvantage":"弹性工时，全员持股","jobNature":"全职","workYear":"3-5年","approve":1,"score":0,"companySize":"2000人以上","businessZones":["石佛营","姚家园","十里堡"],"imState":"sevenDays","lastLogin":1472196394000,"publisherId":3875506,"explain":null,"plus":null,"pcShow":0,"appShow":0,"deliver":0,"gradeDescription":null,"companyFullName":"乐视网信息技术（北京）股份有限公司","adWord":0},{"formatCreateTime":"2016-08-26","createTime":"2016-08-26 11:49:44","companyId":2422,"positionName":"Java开发工程师、架构师","education":"不限","city":"北京","positionId":887522,"financeStage":"成长型(A轮)","companyShortName":"普惠金融","companyLogo":"image1/M00/0E/F8/CgYXBlT8an-AaBKPAABr-7_9AyQ286.png","salary":"25k-50k","industryField":"金融","district":"东城区","companyLabelList":["年底双薪","节日礼物","技能培训","带薪年假"],"positionAdvantage":"完善薪酬制度，晋升制度，超棒的办公环境等","jobNature":"全职","workYear":"不限","approve":1,"score":0,"companySize":"2000人以上","businessZones":["朝阳门","朝外","东四"],"imState":"today","lastLogin":1472552172000,"publisherId":258879,"explain":null,"plus":null,"pcShow":0,"appShow":0,"deliver":0,"gradeDescription":null,"companyFullName":"普惠金融信息服务（上海）有限公司","adWord":0},{"formatCreateTime":"2016-08-26","createTime":"2016-08-26 11:48:04","companyId":75576,"positionName":"Java","education":"本科","city":"北京","positionId":2255675,"financeStage":"成熟型(不需要融资)","companyShortName":"首科众筹","companyLogo":"image1/M00/2C/FD/Cgo8PFV3CaiAA7AAAACphiR56rY587.png?cc=0.08762991917319596","salary":"15k-25k","industryField":"移动互联网,金融","district":"海淀区","companyLabelList":null,"positionAdvantage":"13薪 交通补助 旅游 年假","jobNature":"全职","workYear":"1-3年","approve":0,"score":0,"companySize":"500-2000人","businessZones":["中关村","苏州街","北京大学"],"imState":"today","lastLogin":1472584516000,"publisherId":2430774,"explain":null,"plus":null,"pcShow":0,"appShow":0,"deliver":0,"gradeDescription":null,"companyFullName":"宁波首科众筹网络科技有限公司","adWord":0},{"formatCreateTime":"2016-08-26","createTime":"2016-08-26 11:47:23","companyId":66918,"positionName":"Java开发工程师","education":"大专","city":"北京","positionId":2139085,"financeStage":"初创型(未融资)","companyShortName":"北京万维盈创科技发展有限公司","companyLogo":"i/image/M00/47/A3/Cgp3O1eQPlOAUgwzAAAdIHFloeY689.png","salary":"8k-12k","industryField":"移动互联网,硬件","district":"昌平区","companyLabelList":["年底双薪","技能培训","绩效奖金","年度旅游"],"positionAdvantage":"JAVA开发","jobNature":"全职","workYear":"1-3年","approve":0,"score":0,"companySize":"150-500人","businessZones":["回龙观","龙泽"],"imState":"disabled","lastLogin":1472522879000,"publisherId":5714525,"explain":null,"plus":null,"pcShow":0,"appShow":0,"deliver":0,"gradeDescription":null,"companyFullName":"北京万维盈创科技发展有限公司","adWord":0},{"formatCreateTime":"2016-08-26","createTime":"2016-08-26 11:44:01","companyId":47270,"positionName":"高级java 开发工程师","education":"本科","city":"北京","positionId":2292534,"financeStage":"成长型(A轮)","companyShortName":"儒思北京","companyLogo":"image1/M00/00/7A/Cgo8PFTUXbmAdxWMAABoQf8XKEI462.png","salary":"20k-40k","industryField":"O2O","district":"朝阳区","companyLabelList":["带薪年假","绩效奖金","岗位晋升","年度旅游"],"positionAdvantage":"技术提升","jobNature":"全职","workYear":"3-5年","approve":0,"score":0,"companySize":"15-50人","businessZones":["三元桥","麦子店","亮马桥"],"imState":"today","lastLogin":1472554973000,"publisherId":5748573,"explain":null,"plus":null,"pcShow":0,"appShow":0,"deliver":0,"gradeDescription":null,"companyFullName":"儒思（北京）教育科技有限公司","adWord":0}]}},"code":0}