{"success":true,"requestId":null,"msg":null,"resubmitToken":null,"code":0,"content":{"pageNo":27,"pageSize":15,"positionResult":{"resultSize":15,"totalCount":12338,"locationInfo":{"queryByGisCode":false,"businessZone":null,"locationCode":null,"city":"北京","district":null},"queryAnalysisInfo":{"industryName":null,"usefulCompany":false,"positionName":"java","companyName":null},"strategyProperty":{"name":"dm-csearch-newSimScorer","id":1},"result":[{"companyId":3786,"businessZones":["大望路","华贸","百子湾"],"imState":"today","lastLogin":1472547426000,"publisherId":3796939,"explain":null,"plus":null,"pcShow":0,"appShow":0,"deliver":0,"gradeDescription":null,"companyFullName":"普信恒业科技发展（北京）有限公司","formatCreateTime":"10:23发布","positionName":"Java开发工程师","workYear":"3-5年","education":"本科","jobNature":"全职","companyLogo":"i/image/M00/01/C8/Cgp3O1Z3lASAVbZHAABCha8eqHY645.jpg","salary":"15k-30k","city":"北京","financeStage":"成熟型(不需要融资)","industryField":"移动互联网,金融","positionId":2035439,"approve":1,"createTime":"2016-08-30 10:23:15","positionAdvantage":"超牛团队、弹性工时、六险一金、晋升空间","district":"朝阳区","companyShortName":"宜信","companyLabelList":["管理规范","技能培训","扁平管理","弹性工作"],"score":0,"companySize":"2000人以上","adWord":0},{"companyId":91019,"businessZones":null,"imState":"today","lastLogin":1472550081000,"publisherId":3568253,"explain":null,"plus":null,"pcShow":0,"appShow":0,"deliver":0,"gradeDescription":null,"companyFullName":"北京戎超科技有限公司","formatCreateTime":"10:08发布","positionName":"JAVA","workYear":"3-5年","education":"本科","jobNature":"全职","companyLogo":"image1/M00/44/62/CgYXBlXVaZiABoEhAAATVtgrHnc431.png?cc=0.8434482689481229","salary":"15k-25k","city":"北京","financeStage":"初创型(天使轮)","industryField":"移动互联网,硬件","positionId":2303388,"approve":1,"createTime":"2016-08-30 10:08:51","positionAdvantage":"扁平化管理+弹性工时+晋升空间大","district":null,"companyShortName":"北京戎超科技有限公司","companyLabelList":["专项奖金","岗位晋升","扁平管理","弹性工作"],"score":0,"companySize":"15-50人","adWord":0},{"companyId":115133,"businessZones":["霍营"],"imState":"today","lastLogin":1472522877000,"publisherId":3958296,"explain":null,"plus":null,"pcShow":0,"appShow":0,"deliver":0,"gradeDescription":null,"companyFullName":"北京博科鸿图信息技术有限公司","formatCreateTime":"10:08发布","positionName":"Java","workYear":"3-5年","education":"本科","jobNature":"全职","companyLogo":"i/image/M00/11/B1/CgqKkVbiecqAaZAqAAAjmOurmv0807.jpg","salary":"10k-15k","city":"北京","financeStage":"初创型(未融资)","industryField":"移动互联网,企业服务","positionId":2057242,"approve":1,"createTime":"2016-08-30 10:08:42","positionAdvantage":"表现卓越者，配置股份","district":"昌平区","companyShortName":"博科鸿图","companyLabelList":null,"score":0,"companySize":"15-50人","adWord":0},{"companyId":14375,"businessZones":null,"imState":"today","lastLogin":1472522669000,"publisherId":166715,"explain":null,"plus":null,"pcShow":0,"appShow":0,"deliver":0,"gradeDescription":null,"companyFullName":"北京慧舟普度科技有限公司","formatCreateTime":"10:06发布","positionName":"JAVA研发工程师","workYear":"1-3年","education":"本科","jobNature":"全职","companyLogo":"i/image/M00/20/DD/Cgp3O1cPPR-AAO_BAAA9hID3r2I557.png","salary":"10k-15k","city":"北京","financeStage":"初创型(未融资)","industryField":"移动互联网,电子商务","positionId":2194513,"approve":1,"createTime":"2016-08-30 10:06:05","positionAdvantage":"扁平化管理 弹性工作 好团队 好生活","district":null,"companyShortName":"慧度科技","companyLabelList":["年终分红","绩效奖金","年底双薪","五险一金"],"score":0,"companySize":"15-50人","adWord":0},{"companyId":25643,"businessZones":null,"imState":"today","lastLogin":1472548361000,"publisherId":308536,"explain":null,"plus":null,"pcShow":0,"appShow":0,"deliver":0,"gradeDescription":null,"companyFullName":"北京彭措国际文化有限公司","formatCreateTime":"10:05发布","positionName":"Java开发工程师","workYear":"3-5年","education":"本科","jobNature":"全职","companyLogo":"i/image/M00/00/41/Cgp3O1Y5sEuAaA58AABG5VVixhA647.png","salary":"15k-24k","city":"北京","financeStage":"成长型(A轮)","industryField":"移动互联网","positionId":2273543,"approve":1,"createTime":"2016-08-30 10:05:17","positionAdvantage":"带薪年假，弹性工作，五险一金，员工生日会","district":null,"companyShortName":"派时尚科技","companyLabelList":["绩效奖金","五险一金","年终分红","带薪年假"],"score":0,"companySize":"50-150人","adWord":0},{"companyId":129812,"businessZones":["朝阳门","朝外","东四"],"imState":"disabled","lastLogin":1472522616000,"publisherId":5556506,"explain":null,"plus":null,"pcShow":0,"appShow":0,"deliver":0,"gradeDescription":null,"companyFullName":"北京车勤汽车技术服务有限公司","formatCreateTime":"10:04发布","positionName":"Java","workYear":"3-5年","education":"大专","jobNature":"全职","companyLogo":"i/image/M00/2C/6E/CgqKkVc5aO2AcO6wAAAOlF4wT-E979.jpg","salary":"15k-20k","city":"北京","financeStage":"初创型(未融资)","industryField":"移动互联网,电子商务","positionId":2260179,"approve":1,"createTime":"2016-08-30 10:04:58","positionAdvantage":"五险 饭补 团建 生日礼品","district":"东城区","companyShortName":"北京车勤","companyLabelList":["年底双薪","带薪年假","午餐补助","节日礼物"],"score":0,"companySize":"50-150人","adWord":0},{"companyId":113486,"businessZones":["大望路","CBD","国贸"],"imState":"today","lastLogin":1472545542000,"publisherId":3759405,"explain":null,"plus":null,"pcShow":0,"appShow":0,"deliver":0,"gradeDescription":null,"companyFullName":"北京耀汉网络科技有限公司","formatCreateTime":"10:04发布","positionName":"Java开发工程师","workYear":"3-5年","education":"本科","jobNature":"全职","companyLogo":"i/image/M00/03/08/Cgp3O1am27aAediXAAAkPUVFprQ848.jpg","salary":"10k-20k","city":"北京","financeStage":"成长型(不需要融资)","industryField":"移动互联网","positionId":1438842,"approve":0,"createTime":"2016-08-30 10:04:27","positionAdvantage":"弹性工作制，双休，五险一金","district":"朝阳区","companyShortName":"普付宝","companyLabelList":["专项奖金","股票期权","带薪年假","午餐补助"],"score":0,"companySize":"150-500人","adWord":0},{"companyId":135403,"businessZones":["来广营","望京"],"imState":"today","lastLogin":1472531189000,"publisherId":5632384,"explain":null,"plus":null,"pcShow":0,"appShow":0,"deliver":0,"gradeDescription":null,"companyFullName":"天津将至网络技术有限公司","formatCreateTime":"10:03发布","positionName":"Java","workYear":"3-5年","education":"不限","jobNature":"全职","companyLogo":"i/image/M00/3A/38/Cgp3O1do4HOAUohCAAAXjFPOrqA877.jpg","salary":"18k-23k","city":"北京","financeStage":"成长型(A轮)","industryField":"移动互联网","positionId":2119654,"approve":0,"createTime":"2016-08-30 10:03:48","positionAdvantage":"轻松、愉快、高薪","district":"朝阳区","companyShortName":"将至网络","companyLabelList":null,"score":0,"companySize":"15-50人","adWord":0},{"companyId":520,"businessZones":["清河","上地"],"imState":"today","lastLogin":1472551783000,"publisherId":1837775,"explain":null,"plus":null,"pcShow":0,"appShow":0,"deliver":0,"gradeDescription":null,"companyFullName":"北京小米科技有限责任公司","formatCreateTime":"10:02发布","positionName":"Java高级技术经理","workYear":"5-10年","education":"本科","jobNature":"全职","companyLogo":"image1/M00/00/03/CgYXBlTUV_uAY85GAAAVtFKXIv8322.jpg","salary":"20k-40k","city":"北京","financeStage":"成熟型(D轮及以上)","industryField":"移动互联网","positionId":2303295,"approve":1,"createTime":"2016-08-30 10:02:15","positionAdvantage":"高期权,高成长性,5险1金","district":"海淀区","companyShortName":"小米","companyLabelList":["快速成长","免费班车","扁平管理","技能培训"],"score":0,"companySize":"2000人以上","adWord":0},{"companyId":65875,"businessZones":["亦庄"],"imState":"disabled","lastLogin":1472529786000,"publisherId":1623689,"explain":null,"plus":null,"pcShow":0,"appShow":0,"deliver":0,"gradeDescription":null,"companyFullName":"唯生素电影文化传媒（北京）有限公司","formatCreateTime":"10:00发布","positionName":"JAVA高级开发工程师","workYear":"3-5年","education":"大专","jobNature":"全职","companyLogo":"image1/M00/22/83/CgYXBlVB1F-AZh_AAABCfzwvWRM891.png","salary":"15k-20k","city":"北京","financeStage":"上市公司","industryField":"移动互联网","positionId":877212,"approve":1,"createTime":"2016-08-30 10:00:10","positionAdvantage":"全额缴纳五险一金","district":"大兴区","companyShortName":"唯生素","companyLabelList":["节日礼物","年底双薪","绩效奖金","岗位晋升"],"score":0,"companySize":"50-150人","adWord":0},{"companyId":356,"businessZones":["西二旗","龙泽","回龙观","西二旗","龙泽","回龙观"],"imState":"today","lastLogin":1472552637000,"publisherId":619924,"explain":null,"plus":null,"pcShow":0,"appShow":0,"deliver":0,"gradeDescription":null,"companyFullName":"北京捷通华声科技股份有限公司","formatCreateTime":"09:57发布","positionName":"Java","workYear":"3-5年","education":"本科","jobNature":"全职","companyLogo":"image1/M00/15/99/CgYXBlUKqGWAEiHsAABgvyF4n6Y615.jpg","salary":"12k以上","city":"北京","financeStage":"成长型(不需要融资)","industryField":"移动互联网,数据服务","positionId":1771305,"approve":1,"createTime":"2016-08-30 09:57:44","positionAdvantage":"五险一金 绩效奖金 技术大拿多/氛围好","district":"海淀区","companyShortName":"捷通华声","companyLabelList":["股票期权","半年调薪","绩效奖金多","晋升空间大"],"score":0,"companySize":"150-500人","adWord":0},{"companyId":137796,"businessZones":null,"imState":"disabled","lastLogin":1472521496000,"publisherId":5571637,"explain":null,"plus":null,"pcShow":0,"appShow":0,"deliver":0,"gradeDescription":null,"companyFullName":"北京逸彩互动科技有限公司","formatCreateTime":"09:52发布","positionName":"Java开发工程师","workYear":"1-3年","education":"本科","jobNature":"全职","companyLogo":"i/image/M00/41/81/CgqKkVd8106AE3LgAAMPOFIkBrY342.jpg","salary":"10k-15k","city":"北京","financeStage":"初创型(天使轮)","industryField":"移动互联网,企业服务","positionId":2068893,"approve":0,"createTime":"2016-08-30 09:52:54","positionAdvantage":"工作环境舒服 美女帅哥","district":null,"companyShortName":"逸彩科技","companyLabelList":null,"score":0,"companySize":"15-50人","adWord":0},{"companyId":91166,"businessZones":["三里屯","工体","团结湖"],"imState":"disabled","lastLogin":1472521631000,"publisherId":2352472,"explain":null,"plus":null,"pcShow":0,"appShow":0,"deliver":0,"gradeDescription":null,"companyFullName":"北京悦行互联科技有限公司","formatCreateTime":"09:52发布","positionName":"中级Java工程师","workYear":"3-5年","education":"本科","jobNature":"全职","companyLogo":"image2/M00/05/26/CgpzWlX2PWOAHS83AACupJr2rgY221.jpg?cc=0.5035540738608688","salary":"10k-20k","city":"北京","financeStage":"成长型(A轮)","industryField":"移动互联网","positionId":1733294,"approve":1,"createTime":"2016-08-30 09:52:04","positionAdvantage":"扁平管理，弹性工作，年终丰厚，环境优异","district":"朝阳区","companyShortName":"悦行互联","companyLabelList":["年底双薪","扁平管理","五险一金","弹性工作"],"score":0,"companySize":"15-50人","adWord":0},{"companyId":171,"businessZones":null,"imState":"today","lastLogin":1472521824000,"publisherId":830848,"explain":null,"plus":null,"pcShow":0,"appShow":0,"deliver":0,"gradeDescription":null,"companyFullName":"活力世纪科技（北京）有限公司","formatCreateTime":"09:51发布","positionName":"Java 解析研发工程师","workYear":"1-3年","education":"本科","jobNature":"全职","companyLogo":"i/image/M00/17/19/CgqKkVbw82CAAmBDAABb58-N6IM299.png","salary":"15k-25k","city":"北京","financeStage":"成熟型(C轮)","industryField":"移动互联网","positionId":2303134,"approve":1,"createTime":"2016-08-30 09:51:00","positionAdvantage":"优秀员工随公司逐步发展会有股票奖励","district":null,"companyShortName":"航班管家","companyLabelList":["技能培训","带薪年假","扁平管理","绩效津贴"],"score":0,"companySize":"150-500人","adWord":0},{"companyId":84307,"businessZones":["左家庄","东直门","柳芳"],"imState":"today","lastLogin":1472549349000,"publisherId":2160065,"explain":null,"plus":null,"pcShow":0,"appShow":0,"deliver":0,"gradeDescription":null,"companyFullName":"北京容大友信科技有限公司","formatCreateTime":"09:50发布","positionName":"Java","workYear":"3-5年","education":"本科","jobNature":"全职","companyLogo":"i/image/M00/21/42/Cgp3O1cQaIWAX1yFAAAPbBzpkW4127.jpg","salary":"20k-25k","city":"北京","financeStage":"成长型(不需要融资)","industryField":"移动互联网","positionId":1631914,"approve":1,"createTime":"2016-08-30 09:50:44","positionAdvantage":"五险一金 带薪年假","district":"东城区","companyShortName":"容大友信","companyLabelList":["绩效奖金","带薪年假","年度旅游","领导好"],"score":0,"companySize":"50-150人","adWord":0}]}}}