{"success":true,"requestId":null,"msg":null,"resubmitToken":null,"content":{"pageNo":7,"pageSize":15,"positionResult":{"totalCount":12338,"resultSize":15,"locationInfo":{"city":"北京","district":null,"queryByGisCode":false,"businessZone":null,"locationCode":null},"queryAnalysisInfo":{"positionName":"java","companyName":null,"usefulCompany":false,"industryName":null},"strategyProperty":{"name":"dm-csearch-newSimScorer","id":1},"result":[{"companyId":50826,"companyShortName":"东方金科","createTime":"2016-08-30 17:41:22","positionId":864772,"positionAdvantage":"五险一金、补充医疗、各种补贴、领导Nice","salary":"12k-20k","score":0,"workYear":"1-3年","education":"本科","city":"北京","positionName":"Java中级开发工程师","companyLogo":"i/image/M00/17/B9/Cgp3O1bySxmANMQ4AAAXpRklA4s160.jpg","financeStage":"成长型(不需要融资)","industryField":"金融","jobNature":"全职","approve":1,"companySize":"150-500人","district":"西城区","companyLabelList":["技能培训","年底双薪","节日礼物","绩效奖金"],"adWord":0,"appShow":0,"deliver":0,"formatCreateTime":"17:41发布","gradeDescription":null,"companyFullName":"东方邦信金融科技（上海）有限公司","businessZones":["广安门","广外大街","天宁寺"],"imState":"disabled","lastLogin":1472550210000,"publisherId":1926621,"explain":null,"plus":null,"pcShow":0},{"companyId":25322,"companyShortName":"亚信","createTime":"2016-08-30 17:23:46","positionId":2307140,"positionAdvantage":"福利待遇好","salary":"8k-16k","score":0,"workYear":"3-5年","education":"本科","city":"北京","positionName":"java开发工程师","companyLogo":"image1/M00/44/54/CgYXBlXVQ6aAGXrAAABY2xXSS8I163.png","financeStage":"成熟型(不需要融资)","industryField":"移动互联网,数据服务","jobNature":"全职","approve":1,"companySize":"2000人以上","district":null,"companyLabelList":["年底双薪","技能培训","免费班车","带薪年假"],"adWord":0,"appShow":0,"deliver":0,"formatCreateTime":"17:23发布","gradeDescription":null,"companyFullName":"亚信科技（中国）有限公司","businessZones":null,"imState":"disabled","lastLogin":1472548993000,"publisherId":5984359,"explain":null,"plus":null,"pcShow":0},{"companyId":115555,"companyShortName":"龙杯","createTime":"2016-08-30 17:12:01","positionId":1813525,"positionAdvantage":"五险一金、期权、待遇丰厚、涨薪快、居住证","salary":"20k-40k","score":0,"workYear":"5-10年","education":"本科","city":"北京","positionName":"高级Java","companyLogo":"i/image/M00/07/19/Cgp3O1bNkM2AVvVzAACh62zcggs555.png","financeStage":"初创型(不需要融资)","industryField":"移动互联网,社交网络","jobNature":"全职","approve":0,"companySize":"15-50人","district":"海淀区","companyLabelList":["专项奖金","股票期权","交通补助","午餐补助"],"adWord":0,"appShow":0,"deliver":0,"formatCreateTime":"17:12发布","gradeDescription":null,"companyFullName":"北京龙杯信息技术有限公司","businessZones":["上地"],"imState":"overSevenDays","lastLogin":1470982285000,"publisherId":4029862,"explain":null,"plus":null,"pcShow":0},{"companyId":4560,"companyShortName":"圣特尔&middot;E店宝","createTime":"2016-08-30 17:07:45","positionId":1972975,"positionAdvantage":"六险一金快乐平等企业花名文化完善职级晋升","salary":"10k-20k","score":0,"workYear":"3-5年","education":"大专","city":"北京","positionName":"Java高级开发工程师","companyLogo":"upload/logo/ff8080814c723f05014c7df34e0601ed.png","financeStage":"成熟型(C轮)","industryField":"电子商务","jobNature":"全职","approve":1,"companySize":"150-500人","district":"朝阳区","companyLabelList":["绩效奖金","五险一金","通讯津贴","带薪年假"],"adWord":0,"appShow":0,"deliver":0,"formatCreateTime":"17:07发布","gradeDescription":null,"companyFullName":"北京圣特尔科技发展有限公司","businessZones":["北苑","立水桥"],"imState":"today","lastLogin":1472545635000,"publisherId":1522669,"explain":null,"plus":null,"pcShow":0},{"companyId":72473,"companyShortName":"悠悠科技","createTime":"2016-08-30 17:07:31","positionId":2271776,"positionAdvantage":"不坐班","salary":"10k-20k","score":0,"workYear":"1-3年","education":"本科","city":"北京","positionName":"兼职Java开发","companyLogo":"i/image/M00/33/51/CgqKkVdRHVKAejjeAAASRQykalg160.jpg","financeStage":"初创型(天使轮)","industryField":"生活服务","jobNature":"兼职","approve":1,"companySize":"15-50人","district":"朝阳区","companyLabelList":["你行你就上","老板不装","股票期权","领导好"],"adWord":0,"appShow":0,"deliver":0,"formatCreateTime":"17:07发布","gradeDescription":null,"companyFullName":"北京悠悠科技有限公司","businessZones":["望京","花家地","大山子"],"imState":"today","lastLogin":1472547537000,"publisherId":997883,"explain":null,"plus":null,"pcShow":0},{"companyId":55685,"companyShortName":"盛世全景","createTime":"2016-08-30 17:03:49","positionId":1839439,"positionAdvantage":"五险一金 项目奖金 年终奖 节假日福利 补贴","salary":"10k-20k","score":0,"workYear":"1-3年","education":"本科","city":"北京","positionName":"Java后台开发","companyLogo":"i/image/M00/25/82/CgqKkVce7NOAJhSqAAArGRhvnSU397.png","financeStage":"初创型(天使轮)","industryField":"金融,数据服务","jobNature":"全职","approve":1,"companySize":"15-50人","district":null,"companyLabelList":["节日礼物","技能培训","岗位晋升","管理规范"],"adWord":0,"appShow":0,"deliver":0,"formatCreateTime":"17:03发布","gradeDescription":null,"companyFullName":"北京盛世全景科技有限公司","businessZones":null,"imState":"today","lastLogin":1472546955000,"publisherId":1592930,"explain":null,"plus":null,"pcShow":0},{"companyId":129963,"companyShortName":"星云纵横","createTime":"2016-08-30 17:02:16","positionId":2306903,"positionAdvantage":"七险一金、免费早餐、带薪病假、弹性工作制","salary":"15k-30k","score":0,"workYear":"3-5年","education":"本科","city":"北京","positionName":"Java工程师","companyLogo":"i/image/M00/2C/F9/CgqKkVc6vXeAS2g6AABIUn3RYOU487.png","financeStage":"成长型(A轮)","industryField":"数据服务","jobNature":"全职","approve":0,"companySize":"15-50人","district":null,"companyLabelList":null,"adWord":0,"appShow":0,"deliver":0,"formatCreateTime":"17:02发布","gradeDescription":null,"companyFullName":"星云纵横（北京）大数据信息技术有限公司","businessZones":null,"imState":"today","lastLogin":1472547281000,"publisherId":5101574,"explain":null,"plus":null,"pcShow":0},{"companyId":54313,"companyShortName":"宁夏丝路通网络支付有限公司","createTime":"2016-08-30 16:58:33","positionId":1383494,"positionAdvantage":"五险一金，年底双薪，餐补，通讯补贴","salary":"10k-15k","score":0,"workYear":"3-5年","education":"本科","city":"北京","positionName":"中级JAVA开发工程师","companyLogo":"image1/M00/0C/7E/CgYXBlT1daaAA7fAAABDhBCuF4I304.png","financeStage":"成长型(不需要融资)","industryField":"电子商务","jobNature":"全职","approve":1,"companySize":"150-500人","district":"朝阳区","companyLabelList":["节日礼物","岗位晋升","管理规范","帅哥多"],"adWord":0,"appShow":0,"deliver":0,"formatCreateTime":"16:58发布","gradeDescription":null,"companyFullName":"宁夏丝路通网络支付有限公司北京分公司","businessZones":["来广营","望京"],"imState":"disabled","lastLogin":1472547475000,"publisherId":3609881,"explain":null,"plus":null,"pcShow":0},{"companyId":118287,"companyShortName":"信和财富","createTime":"2016-08-30 16:54:44","positionId":2008904,"positionAdvantage":"五险一金/法定假期/办公环境优雅","salary":"15k-25k","score":0,"workYear":"3-5年","education":"本科","city":"北京","positionName":"中/高级java开发工程师","companyLogo":"i/image/M00/0F/26/CgqKkVbdU4CARusUAAA3syhFI7A812.jpg","financeStage":"成熟型(不需要融资)","industryField":"移动互联网,金融","jobNature":"全职","approve":0,"companySize":"2000人以上","district":"朝阳区","companyLabelList":["年底双薪","绩效奖金","午餐补助","带薪年假"],"adWord":0,"appShow":0,"deliver":0,"formatCreateTime":"16:54发布","gradeDescription":null,"companyFullName":"信和惠民投资管理（北京）有限公司","businessZones":["团结湖","三里屯","工体"],"imState":"disabled","lastLogin":1472547272000,"publisherId":4868922,"explain":null,"plus":null,"pcShow":0},{"companyId":42878,"companyShortName":"乐希软件","createTime":"2016-08-30 16:54:05","positionId":2123524,"positionAdvantage":"风口行业，期权鼓励，和谐氛围。","salary":"6k-10k","score":0,"workYear":"1-3年","education":"本科","city":"北京","positionName":"Java软件研发工程师","companyLogo":"i/image/M00/03/B0/CgqKkVbCqKqANt5hAAAyyiry2D0494.png","financeStage":"初创型(天使轮)","industryField":"移动互联网,教育","jobNature":"全职","approve":1,"companySize":"15-50人","district":"海淀区","companyLabelList":["股票期权","带薪年假","年度旅游","扁平管理"],"adWord":0,"appShow":0,"deliver":0,"formatCreateTime":"16:54发布","gradeDescription":null,"companyFullName":"北京乐希软件有限公司","businessZones":["上地","马连洼","西北旺"],"imState":"today","lastLogin":1472561961000,"publisherId":806759,"explain":null,"plus":null,"pcShow":0},{"companyId":21946,"companyShortName":"来人到家","createTime":"2016-08-30 16:50:30","positionId":2247688,"positionAdvantage":"轻松的工作氛围 双休 福利好","salary":"15k-30k","score":0,"workYear":"3-5年","education":"本科","city":"北京","positionName":"Java高级开发工程师","companyLogo":"image1/M00/00/29/CgYXBlTUWJGAVRXyAAB9NT8FhCk429.jpg","financeStage":"初创型(未融资)","industryField":"O2O","jobNature":"全职","approve":1,"companySize":"500-2000人","district":"朝阳区","companyLabelList":["岗位晋升","五险一金","午餐补助"],"adWord":0,"appShow":0,"deliver":0,"formatCreateTime":"16:50发布","gradeDescription":null,"companyFullName":"北京来人网络科技有限公司","businessZones":["管庄","双桥","定福庄"],"imState":"disabled","lastLogin":1472550572000,"publisherId":2934603,"explain":null,"plus":null,"pcShow":0},{"companyId":141803,"companyShortName":"高思教育集团","createTime":"2016-08-30 16:49:33","positionId":2184651,"positionAdvantage":"大牛团队,晋升空间大,公司前景好,领导好","salary":"15k-25k","score":0,"workYear":"1-3年","education":"本科","city":"北京","positionName":"Java","companyLogo":"i/image/M00/4B/38/Cgp3O1eex5aARsK5AAAdiha4MOc189.jpg","financeStage":"成长型(B轮)","industryField":"教育,移动互联网","jobNature":"全职","approve":0,"companySize":"2000人以上","district":"海淀区","companyLabelList":["年底双薪","绩效奖金","带薪年假","专项奖金"],"adWord":0,"appShow":0,"deliver":0,"formatCreateTime":"16:49发布","gradeDescription":null,"companyFullName":"北京高思博乐教育科技股份有限公司","businessZones":["北航","五道口","学院路"],"imState":"today","lastLogin":1472527057000,"publisherId":5791912,"explain":null,"plus":null,"pcShow":0},{"companyId":6110,"companyShortName":"北京搜房科技发展有限公司","createTime":"2016-08-30 16:49:04","positionId":1811007,"positionAdvantage":"上市公司，带薪年假，团队氛围融洽","salary":"10k-20k","score":0,"workYear":"3-5年","education":"本科","city":"北京","positionName":"Java","companyLogo":"i/image/M00/30/EA/CgqKkVdIBY6ALxM_AACKdNN_NLs107.jpg","financeStage":"上市公司","industryField":"移动互联网,金融","jobNature":"全职","approve":1,"companySize":"2000人以上","district":"丰台区","companyLabelList":["岗位晋升","扁平管理","管理规范","领导好"],"adWord":0,"appShow":0,"deliver":0,"formatCreateTime":"16:49发布","gradeDescription":null,"companyFullName":"北京搜房科技发展有限公司","businessZones":["世界公园","科技园区","看丹桥"],"imState":"today","lastLogin":1472546144000,"publisherId":1457599,"explain":null,"plus":null,"pcShow":0},{"companyId":35081,"companyShortName":"浩太同益","createTime":"2016-08-30 16:49:01","positionId":2197410,"positionAdvantage":"联想项目","salary":"8k-12k","score":0,"workYear":"1-3年","education":"大专","city":"北京","positionName":"JAVA开发工程师","companyLogo":"images/logo_default.png","financeStage":"成熟型(C轮)","industryField":"移动互联网,数据服务","jobNature":"全职","approve":0,"companySize":"150-500人","district":"海淀区","companyLabelList":["五险一金","弹性工作","领导好"],"adWord":0,"appShow":0,"deliver":0,"formatCreateTime":"16:49发布","gradeDescription":null,"companyFullName":"北京浩太同益科技发展有限公司","businessZones":["中关村","北京大学","苏州街"],"imState":"disabled","lastLogin":1472546927000,"publisherId":5694608,"explain":null,"plus":null,"pcShow":0},{"companyId":55028,"companyShortName":"天火科技","createTime":"2016-08-30 16:46:09","positionId":2211789,"positionAdvantage":"15薪+六险一金、","salary":"20k-28k","score":0,"workYear":"3-5年","education":"本科","city":"北京","positionName":"Java","companyLogo":"image1/M00/0D/A9/CgYXBlT4QJ2ACLoZAABW2i9izHg473.jpg","financeStage":"初创型(天使轮)","industryField":"移动互联网,游戏","jobNature":"全职","approve":0,"companySize":"150-500人","district":null,"companyLabelList":["股票期权","带薪年假","岗位晋升","产品卖相好"],"adWord":0,"appShow":0,"deliver":0,"formatCreateTime":"16:46发布","gradeDescription":null,"companyFullName":"北京天火游侠科技有限公司","businessZones":null,"imState":"today","lastLogin":1472546718000,"publisherId":1450962,"explain":null,"plus":null,"pcShow":0}]}},"code":0}