{"msg":null,"success":true,"requestId":null,"resubmitToken":null,"content":{"pageNo":6,"pageSize":15,"positionResult":{"queryAnalysisInfo":{"industryName":null,"usefulCompany":false,"positionName":"java","companyName":null},"strategyProperty":{"name":"dm-csearch-newSimScorer","id":1},"totalCount":12338,"resultSize":15,"locationInfo":{"businessZone":null,"locationCode":null,"queryByGisCode":false,"city":"北京","district":null},"result":[{"companyId":43982,"explain":null,"plus":null,"pcShow":0,"appShow":0,"deliver":0,"gradeDescription":null,"businessZones":null,"imState":"today","lastLogin":1472551495000,"publisherId":5885349,"positionName":"Java","workYear":"3-5年","education":"本科","jobNature":"全职","positionId":2307549,"createTime":"2016-08-30 17:58:30","city":"北京","companyLogo":"image2/M00/04/3B/CgpzWlXw-5yAQ3QTAARqjgLjtbo822.png","industryField":"移动互联网,数据服务","positionAdvantage":"发展前景好 六险一金 节假日福利","salary":"12k-20k","companySize":"150-500人","approve":1,"financeStage":"上市公司","companyLabelList":["绩效奖金","带薪年假","交通补助","通讯津贴"],"district":"海淀区","companyShortName":"东润环能","score":0,"formatCreateTime":"17:58发布","companyFullName":"北京东润环能科技股份有限公司","adWord":0},{"companyId":50826,"explain":null,"plus":null,"pcShow":0,"appShow":0,"deliver":0,"gradeDescription":null,"businessZones":["广安门","广外大街","天宁寺"],"imState":"disabled","lastLogin":1472550210000,"publisherId":1926621,"positionName":"Java开发工程师","workYear":"3-5年","education":"本科","jobNature":"全职","positionId":1951967,"createTime":"2016-08-30 17:41:35","city":"北京","companyLogo":"i/image/M00/17/B9/Cgp3O1bySxmANMQ4AAAXpRklA4s160.jpg","industryField":"金融","positionAdvantage":"五险一金、补充医疗、各种补贴、领导Nice","salary":"12k-20k","companySize":"150-500人","approve":1,"financeStage":"成长型(不需要融资)","companyLabelList":["技能培训","年底双薪","节日礼物","绩效奖金"],"district":"西城区","companyShortName":"东方金科","score":0,"formatCreateTime":"17:41发布","companyFullName":"东方邦信金融科技（上海）有限公司","adWord":0},{"companyId":53308,"explain":null,"plus":null,"pcShow":0,"appShow":0,"deliver":0,"gradeDescription":null,"businessZones":null,"imState":"today","lastLogin":1472552586000,"publisherId":1331965,"positionName":"高级Java开发","workYear":"5-10年","education":"大专","jobNature":"全职","positionId":2274898,"createTime":"2016-08-30 17:38:44","city":"北京","companyLogo":"image2/M00/07/69/CgpzWlX_dZ2AHj98AAAOOdv7ebw794.jpg","industryField":"移动互联网","positionAdvantage":"六险一金 福利健全 移动健康 有钱景","salary":"20k-35k","companySize":"50-150人","approve":1,"financeStage":"成长型(B轮)","companyLabelList":["年度旅游","管理规范","六险一金","弹性工作"],"district":null,"companyShortName":"妙健康","score":0,"formatCreateTime":"17:38发布","companyFullName":"北京妙医佳信息技术有限公司","adWord":0},{"companyId":140953,"explain":null,"plus":null,"pcShow":0,"appShow":0,"deliver":0,"gradeDescription":null,"businessZones":["国贸","CBD","建外大街"],"imState":"disabled","lastLogin":1472553495000,"publisherId":5758542,"positionName":"Java技术主管","workYear":"3-5年","education":"本科","jobNature":"全职","positionId":2168401,"createTime":"2016-08-30 17:24:41","city":"北京","companyLogo":"i/image/M00/4A/94/CgqKkVebB3qAKj2rAACoRVhrg8I296.jpg","industryField":"移动互联网,其他","positionAdvantage":"不打卡，地铁周边，扁平化管理","salary":"10k-18k","companySize":"15-50人","approve":0,"financeStage":"初创型(天使轮)","companyLabelList":null,"district":"朝阳区","companyShortName":"生日颂","score":0,"formatCreateTime":"17:24发布","companyFullName":"深圳市亚视通实业发展有限公司","adWord":0},{"companyId":25322,"explain":null,"plus":null,"pcShow":0,"appShow":0,"deliver":0,"gradeDescription":null,"businessZones":null,"imState":"disabled","lastLogin":1472548993000,"publisherId":5984359,"positionName":"Java架构师","workYear":"5-10年","education":"本科","jobNature":"全职","positionId":2307141,"createTime":"2016-08-30 17:24:00","city":"北京","companyLogo":"image1/M00/44/54/CgYXBlXVQ6aAGXrAAABY2xXSS8I163.png","industryField":"移动互联网,数据服务","positionAdvantage":"福利待遇好","salary":"10k-20k","companySize":"2000人以上","approve":1,"financeStage":"成熟型(不需要融资)","companyLabelList":["年底双薪","技能培训","免费班车","带薪年假"],"district":null,"companyShortName":"亚信","score":0,"formatCreateTime":"17:24发布","companyFullName":"亚信科技（中国）有限公司","adWord":0},{"companyId":136978,"explain":null,"plus":null,"pcShow":0,"appShow":0,"deliver":0,"gradeDescription":null,"businessZones":["望京","大山子","花家地"],"imState":"disabled","lastLogin":1472551566000,"publisherId":3013130,"positionName":"Java研发工程师","workYear":"3-5年","education":"本科","jobNature":"全职","positionId":2307096,"createTime":"2016-08-30 17:18:30","city":"北京","companyLogo":"i/image/M00/3F/16/CgqKkVd2JdKAewuuAAATpdprgrA613.jpg","industryField":"金融","positionAdvantage":"五险一金 补充医疗 免费班车","salary":"15k-25k","companySize":"2000人以上","approve":0,"financeStage":"成长型(A轮)","companyLabelList":["绩效奖金","免费班车","五险一金","部门旅游"],"district":"朝阳区","companyShortName":"玖富技术中心","score":0,"formatCreateTime":"17:18发布","companyFullName":"北京玖富联银科技有限公司","adWord":0},{"companyId":25065,"explain":null,"plus":null,"pcShow":0,"appShow":0,"deliver":0,"gradeDescription":null,"businessZones":["团结湖","朝阳公园","三里屯"],"imState":"disabled","lastLogin":1472548538000,"publisherId":389909,"positionName":"Java高级","workYear":"3-5年","education":"本科","jobNature":"全职","positionId":2307088,"createTime":"2016-08-30 17:17:38","city":"北京","companyLogo":"i/image/M00/02/C7/Cgp3O1ach0qAfL8KAABKJ7TunLk990.png","industryField":"移动互联网","positionAdvantage":"六险一金 补充医疗 自助午餐 年度体检","salary":"15k-30k","companySize":"150-500人","approve":0,"financeStage":"成长型(B轮)","companyLabelList":["节日礼物","岗位晋升","领导好","年终分红"],"district":"朝阳区","companyShortName":"广东无界商盟科技股份有限公司","score":0,"formatCreateTime":"17:17发布","companyFullName":"广东无界商盟科技股份有限公司","adWord":0},{"companyId":12581,"explain":null,"plus":null,"pcShow":0,"appShow":0,"deliver":0,"gradeDescription":null,"businessZones":["十里堡","姚家园","甘露园"],"imState":"disabled","lastLogin":1472548618000,"publisherId":3276828,"positionName":"Java工程师","workYear":"3-5年","education":"大专","jobNature":"全职","positionId":1286622,"createTime":"2016-08-30 17:17:15","city":"北京","companyLogo":"i/image/M00/4E/64/Cgp3O1eq5MSAXKOnAAAS4Z_Q3y8034.jpg","industryField":"分类信息","positionAdvantage":"加班调休，节日福利，带薪年假，非外包","salary":"10k-15k","companySize":"150-500人","approve":1,"financeStage":"初创型(未融资)","companyLabelList":["绩效奖金","年底双薪","五险一金","带薪年假"],"district":"朝阳区","companyShortName":"乐工场","score":0,"formatCreateTime":"17:17发布","companyFullName":"北京乐工场资产管理有限公司","adWord":0},{"companyId":9669,"explain":null,"plus":null,"pcShow":0,"appShow":0,"deliver":0,"gradeDescription":null,"businessZones":["大山子","酒仙桥"],"imState":"disabled","lastLogin":1472548561000,"publisherId":1584165,"positionName":"Java","workYear":"3-5年","education":"本科","jobNature":"全职","positionId":2307080,"createTime":"2016-08-30 17:16:54","city":"北京","companyLogo":"i/image/M00/00/06/Cgp3O1YkZI-AVKTTAAAOLEsUb9Q342.png","industryField":"企业服务","positionAdvantage":"美上市公司 互联网 福利丰厚 办公环境优美","salary":"15k-25k","companySize":"500-2000人","approve":0,"financeStage":"上市公司","companyLabelList":["五险一金","通讯津贴","带薪年假","交通补助"],"district":"朝阳区","companyShortName":"北京蓝汛","score":0,"formatCreateTime":"17:16发布","companyFullName":"北京蓝汛通信技术有限责任公司","adWord":0},{"companyId":43183,"explain":null,"plus":null,"pcShow":0,"appShow":0,"deliver":0,"gradeDescription":null,"businessZones":["百子湾","南磨房"],"imState":"today","lastLogin":1472548405000,"publisherId":1532878,"positionName":"高级Java开发工程师-要求架构经验","workYear":"3-5年","education":"本科","jobNature":"全职","positionId":1455524,"createTime":"2016-08-30 17:15:15","city":"北京","companyLogo":"image1/M00/3B/B2/CgYXBlWxN4WAD-AEAABLy9vTBHE521.png","industryField":"金融","positionAdvantage":"开放的技术氛围，技术大牛，弹性工时","salary":"18k-30k","companySize":"50-150人","approve":1,"financeStage":"成长型(不需要融资)","companyLabelList":["技能培训","节日礼物","绩效奖金","岗位晋升"],"district":"朝阳区","companyShortName":"甜菜金融","score":0,"formatCreateTime":"17:15发布","companyFullName":"天风天财（武汉）金融信息服务有限公司","adWord":0},{"companyId":67227,"explain":null,"plus":null,"pcShow":0,"appShow":0,"deliver":0,"gradeDescription":null,"businessZones":["望京","大山子","酒仙桥"],"imState":"disabled","lastLogin":1472546937000,"publisherId":6026246,"positionName":"Java","workYear":"3-5年","education":"本科","jobNature":"全职","positionId":2307032,"createTime":"2016-08-30 17:12:34","city":"北京","companyLogo":"image1/M00/23/15/CgYXBlVHF1iAWfiRAACatOfAUMk310.jpg","industryField":"移动互联网,文化娱乐","positionAdvantage":"高并发,全平台广告,大数据,会数学","salary":"15k-25k","companySize":"2000人以上","approve":0,"financeStage":"上市公司","companyLabelList":["技能培训","节日礼物","免费班车","专项奖金"],"district":"朝阳区","companyShortName":"凤凰新媒体","score":0,"formatCreateTime":"17:12发布","companyFullName":"凤凰飞扬（北京）新媒体信息技术有限公司","adWord":0},{"companyId":29496,"explain":null,"plus":null,"pcShow":0,"appShow":0,"deliver":0,"gradeDescription":null,"businessZones":null,"imState":"disabled","lastLogin":1472548292000,"publisherId":3662591,"positionName":"Java高级","workYear":"3-5年","education":"本科","jobNature":"全职","positionId":2029565,"createTime":"2016-08-30 17:12:23","city":"北京","companyLogo":"image1/M00/00/41/Cgo8PFTUXMuAeMAuAABAtFBcbOM313.png","industryField":"移动互联网,金融","positionAdvantage":"六险一金 补充医疗 自助午餐 奖金补助","salary":"15k-30k","companySize":"150-500人","approve":1,"financeStage":"成长型(B轮)","companyLabelList":["13~15薪","晋升空间大","定期体检","能力定薪"],"district":null,"companyShortName":"闪银奇异","score":0,"formatCreateTime":"17:12发布","companyFullName":"北京闪银奇异科技有限公司","adWord":0},{"companyId":115555,"explain":null,"plus":null,"pcShow":0,"appShow":0,"deliver":0,"gradeDescription":null,"businessZones":["上地"],"imState":"overSevenDays","lastLogin":1470982285000,"publisherId":4029862,"positionName":"Java","workYear":"3-5年","education":"本科","jobNature":"全职","positionId":1564199,"createTime":"2016-08-30 17:12:02","city":"北京","companyLogo":"i/image/M00/07/19/Cgp3O1bNkM2AVvVzAACh62zcggs555.png","industryField":"移动互联网,社交网络","positionAdvantage":"五险一金、期权、待遇丰厚、涨薪快、居住证","salary":"17k-25k","companySize":"15-50人","approve":0,"financeStage":"初创型(不需要融资)","companyLabelList":["专项奖金","股票期权","交通补助","午餐补助"],"district":"海淀区","companyShortName":"龙杯","score":0,"formatCreateTime":"17:12发布","companyFullName":"北京龙杯信息技术有限公司","adWord":0},{"companyId":126919,"explain":null,"plus":null,"pcShow":0,"appShow":0,"deliver":0,"gradeDescription":null,"businessZones":["北苑","立水桥"],"imState":"disabled","lastLogin":1472548256000,"publisherId":610329,"positionName":"Java","workYear":"5-10年","education":"不限","jobNature":"全职","positionId":2306974,"createTime":"2016-08-30 17:08:18","city":"北京","companyLogo":"i/image/M00/42/5E/CgqKkVd_P9aAbKUTAAAjCg92Olo859.png","industryField":"移动互联网,企业服务","positionAdvantage":"弹性工作","salary":"20k-35k","companySize":"150-500人","approve":0,"financeStage":"成长型(不需要融资)","companyLabelList":["午餐补助","交通补助","带薪年假","股票期权"],"district":"朝阳区","companyShortName":"用友薪福社","score":0,"formatCreateTime":"17:08发布","companyFullName":"北京用友薪福社云科技有限公司","adWord":0},{"companyId":4560,"explain":null,"plus":null,"pcShow":0,"appShow":0,"deliver":0,"gradeDescription":null,"businessZones":["北苑","立水桥"],"imState":"today","lastLogin":1472545635000,"publisherId":1522669,"positionName":"高级Java开发工程师","workYear":"5-10年","education":"本科","jobNature":"全职","positionId":540936,"createTime":"2016-08-30 17:07:47","city":"北京","companyLogo":"upload/logo/ff8080814c723f05014c7df34e0601ed.png","industryField":"电子商务","positionAdvantage":"绩效奖金 六险一金 定期体检 餐补 团建等","salary":"15k-25k","companySize":"150-500人","approve":1,"financeStage":"成熟型(C轮)","companyLabelList":["绩效奖金","五险一金","通讯津贴","带薪年假"],"district":"朝阳区","companyShortName":"圣特尔&middot;E店宝","score":0,"formatCreateTime":"17:07发布","companyFullName":"北京圣特尔科技发展有限公司","adWord":0}]}},"code":0}