{"msg":null,"success":true,"requestId":null,"resubmitToken":null,"content":{"pageNo":29,"pageSize":15,"positionResult":{"queryAnalysisInfo":{"industryName":null,"usefulCompany":false,"positionName":"java","companyName":null},"strategyProperty":{"name":"dm-csearch-newSimScorer","id":1},"totalCount":12338,"resultSize":15,"locationInfo":{"businessZone":null,"locationCode":null,"queryByGisCode":false,"city":"北京","district":null},"result":[{"companyId":3786,"explain":null,"plus":null,"pcShow":0,"appShow":0,"deliver":0,"gradeDescription":null,"businessZones":["大望路","华贸","红庙"],"imState":"disabled","lastLogin":1472550398000,"publisherId":2334061,"positionName":"中级Java开发工程师","workYear":"3-5年","education":"本科","jobNature":"全职","positionId":2072743,"createTime":"2016-08-30 10:23:14","city":"北京","companyLogo":"i/image/M00/01/C8/Cgp3O1Z3lASAVbZHAABCha8eqHY645.jpg","industryField":"移动互联网,金融","positionAdvantage":"上市公司 不打卡 春节11-14天假期 美女多","salary":"20k-30k","companySize":"2000人以上","approve":1,"financeStage":"成熟型(不需要融资)","companyLabelList":["管理规范","技能培训","扁平管理","弹性工作"],"district":"朝阳区","companyShortName":"宜信","score":0,"formatCreateTime":"10:23发布","companyFullName":"普信恒业科技发展（北京）有限公司","adWord":0},{"companyId":115133,"explain":null,"plus":null,"pcShow":0,"appShow":0,"deliver":0,"gradeDescription":null,"businessZones":["霍营"],"imState":"today","lastLogin":1472522877000,"publisherId":3958296,"positionName":"高级JAVA开发","workYear":"3-5年","education":"本科","jobNature":"全职","positionId":2065479,"createTime":"2016-08-30 10:08:31","city":"北京","companyLogo":"i/image/M00/11/B1/CgqKkVbiecqAaZAqAAAjmOurmv0807.jpg","industryField":"移动互联网,企业服务","positionAdvantage":"成绩卓越者，配置相应的股份","salary":"10k-15k","companySize":"15-50人","approve":1,"financeStage":"初创型(未融资)","companyLabelList":null,"district":"昌平区","companyShortName":"博科鸿图","score":0,"formatCreateTime":"10:08发布","companyFullName":"北京博科鸿图信息技术有限公司","adWord":0},{"companyId":356,"explain":null,"plus":null,"pcShow":0,"appShow":0,"deliver":0,"gradeDescription":null,"businessZones":["西二旗","龙泽","回龙观","西二旗","龙泽","回龙观"],"imState":"today","lastLogin":1472552637000,"publisherId":619924,"positionName":"Java","workYear":"3-5年","education":"本科","jobNature":"全职","positionId":1760426,"createTime":"2016-08-30 09:56:29","city":"北京","companyLogo":"image1/M00/15/99/CgYXBlUKqGWAEiHsAABgvyF4n6Y615.jpg","industryField":"移动互联网,数据服务","positionAdvantage":"五险一金 绩效奖金 技术大拿多/氛围好","salary":"15k-25k","companySize":"150-500人","approve":1,"financeStage":"成长型(不需要融资)","companyLabelList":["股票期权","半年调薪","绩效奖金多","晋升空间大"],"district":"海淀区","companyShortName":"捷通华声","score":0,"formatCreateTime":"09:56发布","companyFullName":"北京捷通华声科技股份有限公司","adWord":0},{"companyId":171,"explain":null,"plus":null,"pcShow":0,"appShow":0,"deliver":0,"gradeDescription":null,"businessZones":null,"imState":"today","lastLogin":1472521824000,"publisherId":830848,"positionName":"Java 爬虫研发工程师","workYear":"不限","education":"本科","jobNature":"全职","positionId":2303129,"createTime":"2016-08-30 09:50:51","city":"北京","companyLogo":"i/image/M00/17/19/CgqKkVbw82CAAmBDAABb58-N6IM299.png","industryField":"移动互联网","positionAdvantage":"优秀员工随公司逐步发展会有股票奖励","salary":"15k-25k","companySize":"150-500人","approve":1,"financeStage":"成熟型(C轮)","companyLabelList":["技能培训","带薪年假","扁平管理","绩效津贴"],"district":null,"companyShortName":"航班管家","score":0,"formatCreateTime":"09:50发布","companyFullName":"活力世纪科技（北京）有限公司","adWord":0},{"companyId":114841,"explain":null,"plus":null,"pcShow":0,"appShow":0,"deliver":0,"gradeDescription":null,"businessZones":["北京大学"],"imState":"sevenDays","lastLogin":1472042169000,"publisherId":3895131,"positionName":"Java中级研发工程师","workYear":"1-3年","education":"本科","jobNature":"全职","positionId":1481062,"createTime":"2016-08-30 09:50:09","city":"北京","companyLogo":"i/image/M00/04/02/Cgp3O1bFYjuAVa8jAAAgWYB1an4025.png","industryField":"移动互联网","positionAdvantage":"五险一金，绩效奖金，弹性工作，股票期权","salary":"10k-20k","companySize":"50-150人","approve":0,"financeStage":"成长型(A轮)","companyLabelList":null,"district":"海淀区","companyShortName":"因特睿","score":0,"formatCreateTime":"09:50发布","companyFullName":"北京因特睿软件有限公司","adWord":0},{"companyId":1686,"explain":null,"plus":null,"pcShow":0,"appShow":0,"deliver":0,"gradeDescription":null,"businessZones":["中关村","北京大学","苏州街"],"imState":"today","lastLogin":1472546333000,"publisherId":24712,"positionName":"Java","workYear":"3-5年","education":"本科","jobNature":"全职","positionId":110906,"createTime":"2016-08-30 09:47:22","city":"北京","companyLogo":"image1/M00/00/06/Cgo8PFTUWAaAbD7PAACAXTzCmiw113.jpg","industryField":"广告营销,文化娱乐","positionAdvantage":"高并发、大数据、Hbase、Hadoop、Docker","salary":"20k以上","companySize":"2000人以上","approve":1,"financeStage":"成熟型(D轮及以上)","companyLabelList":["绩效奖金","五险一金","交通补助","带薪年假"],"district":"海淀区","companyShortName":"爱奇艺","score":0,"formatCreateTime":"09:47发布","companyFullName":"北京爱奇艺科技有限公司","adWord":0},{"companyId":99917,"explain":null,"plus":null,"pcShow":0,"appShow":0,"deliver":0,"gradeDescription":null,"businessZones":["建国门","CBD","国贸"],"imState":"disabled","lastLogin":1472521272000,"publisherId":4082791,"positionName":"Java","workYear":"3-5年","education":"大专","jobNature":"全职","positionId":2302991,"createTime":"2016-08-30 09:44:34","city":"北京","companyLogo":"image2/M00/0C/07/CgpzWlYbQP2AWEXAAAATnF7PhnI497.jpg?cc=0.5100994985550642","industryField":"金融","positionAdvantage":"五险一金 年底双薪 绩效奖金","salary":"10k-20k","companySize":"2000人以上","approve":0,"financeStage":"成熟型(不需要融资)","companyLabelList":["年底双薪","专项奖金","带薪年假","绩效奖金"],"district":"朝阳区","companyShortName":"富勤财富","score":0,"formatCreateTime":"09:44发布","companyFullName":"富勤卓越财富投资管理（北京）有限公司","adWord":0},{"companyId":53468,"explain":null,"plus":null,"pcShow":0,"appShow":0,"deliver":0,"gradeDescription":null,"businessZones":["北京大学","中关村","苏州街"],"imState":"today","lastLogin":1472533440000,"publisherId":2451124,"positionName":"Java","workYear":"3-5年","education":"本科","jobNature":"全职","positionId":2285873,"createTime":"2016-08-30 09:44:34","city":"北京","companyLogo":"i/image/M00/00/B7/Cgp3O1ZT2SiAXou6AAAoLFXqYn8651.png","industryField":"O2O,金融","positionAdvantage":"五险一金，带薪病假，水果零食","salary":"10k-20k","companySize":"15-50人","approve":1,"financeStage":"成长型(A轮)","companyLabelList":["技能培训","节日礼物","年底双薪","专项奖金"],"district":"海淀区","companyShortName":"银保联","score":0,"formatCreateTime":"09:44发布","companyFullName":"北京银保联科技有限公司","adWord":0},{"companyId":119679,"explain":null,"plus":null,"pcShow":0,"appShow":0,"deliver":0,"gradeDescription":null,"businessZones":null,"imState":"today","lastLogin":1472551826000,"publisherId":4537656,"positionName":"Java开发","workYear":"3-5年","education":"本科","jobNature":"全职","positionId":2302984,"createTime":"2016-08-30 09:44:10","city":"北京","companyLogo":"i/image/M00/36/BD/CgqKkVdech6AHITdAABCwQIEfTA474.jpg","industryField":"企业服务,广告营销","positionAdvantage":"福利好，领导好，五险一金","salary":"10k-20k","companySize":"15-50人","approve":0,"financeStage":"初创型(不需要融资)","companyLabelList":["年底双薪","股票期权","绩效奖金","带薪年假"],"district":null,"companyShortName":"坚牛科技","score":0,"formatCreateTime":"09:44发布","companyFullName":"北京北汉传媒科技有限公司","adWord":0},{"companyId":112388,"explain":null,"plus":null,"pcShow":0,"appShow":0,"deliver":0,"gradeDescription":null,"businessZones":["中关村","北京大学","苏州街"],"imState":"today","lastLogin":1472543090000,"publisherId":3718704,"positionName":"Java研发","workYear":"3-5年","education":"本科","jobNature":"全职","positionId":1900339,"createTime":"2016-08-30 09:44:02","city":"北京","companyLogo":"i/image/M00/02/8F/Cgp3O1aUY_yAfjGqAAAL--6HuJ8996.png","industryField":"数据服务,企业服务","positionAdvantage":"薪资优厚+八戒知识产权+扁平化管理","salary":"10k-20k","companySize":"50-150人","approve":0,"financeStage":"成长型(不需要融资)","companyLabelList":null,"district":"海淀区","companyShortName":"聚集科技","score":0,"formatCreateTime":"09:44发布","companyFullName":"北京聚集科技有限公司","adWord":0},{"companyId":5812,"explain":null,"plus":null,"pcShow":0,"appShow":0,"deliver":0,"gradeDescription":null,"businessZones":["西北旺"],"imState":"disabled","lastLogin":1472521236000,"publisherId":2235091,"positionName":"Java中级开发工程师","workYear":"1-3年","education":"本科","jobNature":"全职","positionId":2267118,"createTime":"2016-08-30 09:43:33","city":"北京","companyLogo":"image1/M00/00/0C/Cgo8PFTUWCCAaF4PAAAm3kBS87s438.png","industryField":"企业服务,数据服务","positionAdvantage":"免费班车 餐补 绩效奖 年终奖 五险一金","salary":"11k-16k","companySize":"2000人以上","approve":1,"financeStage":"上市公司","companyLabelList":["技能培训","节日礼物","免费班车","岗位晋升"],"district":"海淀区","companyShortName":"用友","score":0,"formatCreateTime":"09:43发布","companyFullName":"用友网络科技股份有限公司","adWord":0},{"companyId":145177,"explain":null,"plus":null,"pcShow":0,"appShow":0,"deliver":0,"gradeDescription":null,"businessZones":["北下关","交通大学","皂君庙"],"imState":"today","lastLogin":1472592861000,"publisherId":5966961,"positionName":"Java开发","workYear":"1-3年","education":"本科","jobNature":"全职","positionId":2272119,"createTime":"2016-08-30 09:41:54","city":"北京","companyLogo":"i/image/M00/52/1B/Cgp3O1e6r-mAE4kuAAPhMnn6Hh8779.jpg","industryField":"企业服务,数据服务","positionAdvantage":"五险一金，周末双休，国企，可办理居住证","salary":"7k-12k","companySize":"15-50人","approve":0,"financeStage":"初创型(不需要融资)","companyLabelList":null,"district":"海淀区","companyShortName":"新发智信","score":0,"formatCreateTime":"09:41发布","companyFullName":"北京新发智信科技有限责任公司","adWord":0},{"companyId":50702,"explain":null,"plus":null,"pcShow":0,"appShow":0,"deliver":0,"gradeDescription":null,"businessZones":["望京","来广营"],"imState":"disabled","lastLogin":1472520996000,"publisherId":3796965,"positionName":"Java","workYear":"3-5年","education":"本科","jobNature":"全职","positionId":1560018,"createTime":"2016-08-30 09:41:17","city":"北京","companyLogo":"i/image/M00/4B/6C/CgqKkVefHv-AFoRzAAAuALF7ZZ0419.png","industryField":"移动互联网,O2O","positionAdvantage":"期权","salary":"20k-40k","companySize":"2000人以上","approve":1,"financeStage":"成熟型(D轮及以上)","companyLabelList":["技能培训","绩效奖金","岗位晋升","领导好"],"district":"朝阳区","companyShortName":"美团点评","score":0,"formatCreateTime":"09:41发布","companyFullName":"北京三快在线科技有限公司","adWord":0},{"companyId":136419,"explain":null,"plus":null,"pcShow":0,"appShow":0,"deliver":0,"gradeDescription":null,"businessZones":["科技园区","看丹桥","世界公园"],"imState":"disabled","lastLogin":1472520510000,"publisherId":5942077,"positionName":"Java","workYear":"3-5年","education":"本科","jobNature":"全职","positionId":2264635,"createTime":"2016-08-30 09:39:49","city":"北京","companyLogo":"i/image/M00/3D/EC/Cgp3O1dzU0mAVZiVAAALuVJcbvY713.jpg","industryField":"移动互联网,信息安全","positionAdvantage":"五险一金 双休 弹性上班 有下午茶","salary":"6k-12k","companySize":"15-50人","approve":0,"financeStage":"初创型(未融资)","companyLabelList":null,"district":"丰台区","companyShortName":"富民公社","score":0,"formatCreateTime":"09:39发布","companyFullName":"富民公社（北京）信息科技有限公司","adWord":0},{"companyId":31013,"explain":null,"plus":null,"pcShow":0,"appShow":0,"deliver":0,"gradeDescription":null,"businessZones":["大望路","红庙","华贸"],"imState":"today","lastLogin":1472520792000,"publisherId":5257222,"positionName":"java项目经理","workYear":"3-5年","education":"大专","jobNature":"全职","positionId":2183913,"createTime":"2016-08-30 09:38:38","city":"北京","companyLogo":"image1/M00/00/46/Cgo8PFTUXN-AbeeZAADxtuNjXV0504.gif","industryField":"企业服务","positionAdvantage":"五险一金 员工旅游 年终奖金 绩效奖金","salary":"9k-15k","companySize":"50-150人","approve":0,"financeStage":"初创型(未融资)","companyLabelList":["节日礼物","技能培训","年度旅游","岗位晋升"],"district":"朝阳区","companyShortName":"博思汇","score":0,"formatCreateTime":"09:38发布","companyFullName":"北京博思汇信息技术有限公司","adWord":0}]}},"code":0}