{"success":true,"requestId":null,"msg":null,"resubmitToken":null,"content":{"pageNo":89,"pageSize":15,"positionResult":{"totalCount":12338,"resultSize":15,"locationInfo":{"queryByGisCode":false,"businessZone":null,"locationCode":null,"city":"北京","district":null},"queryAnalysisInfo":{"industryName":null,"usefulCompany":false,"positionName":"java","companyName":null},"strategyProperty":{"name":"dm-csearch-newSimScorer","id":1},"result":[{"companyId":35422,"positionName":"Java","workYear":"3-5年","education":"本科","jobNature":"全职","financeStage":"上市公司","companyLogo":"i/image/M00/08/D2/Cgp3O1bRFcSAHMtPAAAelCJqdO8411.png","industryField":"电子商务","companyShortName":"京东","city":"北京","salary":"12k-18k","positionId":2152424,"positionAdvantage":"互联网 高并发 大数据","district":"大兴区","createTime":"2016-08-26 09:39:36","companyLabelList":["年底双薪","节日礼物","技能培训","岗位晋升"],"approve":0,"companySize":"2000人以上","score":0,"companyFullName":"京东商城","adWord":0,"formatCreateTime":"2016-08-26","publisherId":5746196,"explain":null,"plus":null,"pcShow":0,"appShow":0,"deliver":0,"gradeDescription":null,"businessZones":null,"imState":"disabled","lastLogin":1472441268000},{"companyId":19201,"positionName":"Java","workYear":"1-3年","education":"本科","jobNature":"全职","financeStage":"成长型(不需要融资)","companyLogo":"image1/M00/00/23/Cgo8PFTUWHuARq0xAAAz03Gv2DA139.png","industryField":"企业服务,金融","companyShortName":"和佳汇智","city":"北京","salary":"10k-14k","positionId":2254710,"positionAdvantage":"福利,齐全","district":"西城区","createTime":"2016-08-26 09:33:24","companyLabelList":["带薪年假","年度旅游","岗位晋升","专项奖金"],"approve":1,"companySize":"50-150人","score":0,"companyFullName":"北京和佳汇智技术有限公司","adWord":0,"formatCreateTime":"2016-08-26","publisherId":256623,"explain":null,"plus":null,"pcShow":0,"appShow":0,"deliver":0,"gradeDescription":null,"businessZones":["阜成门","南礼士路","月坛"],"imState":"today","lastLogin":1472547177000},{"companyId":18291,"positionName":"高级JAVA架构师","workYear":"3-5年","education":"本科","jobNature":"全职","financeStage":"上市公司","companyLogo":"i/image/M00/00/39/Cgp3O1Y2-0-AczEdAAARPcJWGOY370.jpg","industryField":"医疗健康","companyShortName":"爱康国宾集团","city":"北京","salary":"25k-35k","positionId":1451992,"positionAdvantage":"上市公司，五险一金，年终奖，定期体检","district":"朝阳区","createTime":"2016-08-26 09:14:43","companyLabelList":["股票期权","五险一金","带薪年假","节日礼物"],"approve":1,"companySize":"2000人以上","score":0,"companyFullName":"爱康网健康科技（北京）有限公司","adWord":0,"formatCreateTime":"2016-08-26","publisherId":2380829,"explain":null,"plus":null,"pcShow":0,"appShow":0,"deliver":0,"gradeDescription":null,"businessZones":["大望路","华贸","百子湾"],"imState":"today","lastLogin":1472555775000},{"companyId":26980,"positionName":"Java","workYear":"3-5年","education":"本科","jobNature":"全职","financeStage":"上市公司","companyLogo":"i/image/M00/00/13/CgqKkVYnW7aAXbvlAAA6B3nzAzM362.png","industryField":"金融","companyShortName":"上海华腾软件系统有限公司","city":"北京","salary":"12k-17k","positionId":1719660,"positionAdvantage":"接触大型数据移植的工作","district":"朝阳区","createTime":"2016-08-26 09:14:08","companyLabelList":["年底双薪","午餐补助","带薪年假","定期体检"],"approve":0,"companySize":"2000人以上","score":0,"companyFullName":"上海华腾软件系统有限公司","adWord":0,"formatCreateTime":"2016-08-26","publisherId":4831489,"explain":null,"plus":null,"pcShow":0,"appShow":0,"deliver":0,"gradeDescription":null,"businessZones":["望京","大山子","花家地"],"imState":"today","lastLogin":1472535717000},{"companyId":76696,"positionName":"Java高级开发工程师","workYear":"3-5年","education":"本科","jobNature":"全职","financeStage":"成长型(A轮)","companyLogo":"image1/M00/2E/6E/Cgo8PFV-Y3eALCXZAAANh6K4dJQ554.jpg?cc=0.8436089679598808","industryField":"移动互联网","companyShortName":"旅信顺捷","city":"北京","salary":"12k-15k","positionId":2239524,"positionAdvantage":"氛围融洽，具有良好发展前景，弹性工作制","district":"西城区","createTime":"2016-08-26 09:13:40","companyLabelList":["专项奖金","带薪年假","领导好","定期体检"],"approve":1,"companySize":"50-150人","score":0,"companyFullName":"北京旅信顺捷软件科技有限公司","adWord":0,"formatCreateTime":"2016-08-26","publisherId":1929682,"explain":null,"plus":null,"pcShow":0,"appShow":0,"deliver":0,"gradeDescription":null,"businessZones":["西直门","动物园","展览路"],"imState":"disabled","lastLogin":1472549431000},{"companyId":12945,"positionName":"Java开发工程师","workYear":"3-5年","education":"本科","jobNature":"全职","financeStage":"上市公司","companyLogo":"image1/M00/00/19/Cgo8PFTUWFOAaUskAABYt5tGloQ899.jpg","industryField":"移动互联网,企业服务","companyShortName":"用友优普","city":"北京","salary":"10k-20k","positionId":383931,"positionAdvantage":"班车接送，免费体育项目，7.5小时工作制。","district":"海淀区","createTime":"2016-08-26 09:12:48","companyLabelList":["技能培训","节日礼物","绩效奖金","岗位晋升"],"approve":1,"companySize":"2000人以上","score":0,"companyFullName":"用友优普信息技术有限公司","adWord":0,"formatCreateTime":"2016-08-26","publisherId":915955,"explain":null,"plus":null,"pcShow":0,"appShow":0,"deliver":0,"gradeDescription":null,"businessZones":["西北旺"],"imState":"today","lastLogin":1472543787000},{"companyId":13829,"positionName":"Java","workYear":"3-5年","education":"大专","jobNature":"全职","financeStage":"初创型(未融资)","companyLogo":"image1/M00/29/01/Cgo8PFVj0aiAXxHwAACoY0Uq6xA909.gif","industryField":"移动互联网,金融","companyShortName":"神州数码通用(上海)软件有限公司","city":"北京","salary":"12k-18k","positionId":2252110,"positionAdvantage":"五险一金 环境好 加班少 美女多","district":"朝阳区","createTime":"2016-08-26 09:08:53","companyLabelList":["专项奖金","五险一金","交通补助","带薪年假"],"approve":0,"companySize":"500-2000人","score":0,"companyFullName":"神州数码通用软件上海有限公司","adWord":0,"formatCreateTime":"2016-08-26","publisherId":2067706,"explain":null,"plus":null,"pcShow":0,"appShow":0,"deliver":0,"gradeDescription":null,"businessZones":["建外大街","CBD","建国门"],"imState":"disabled","lastLogin":1472455168000},{"companyId":25322,"positionName":"java高级开发工程师","workYear":"3-5年","education":"本科","jobNature":"全职","financeStage":"成熟型(不需要融资)","companyLogo":"image1/M00/44/54/CgYXBlXVQ6aAGXrAAABY2xXSS8I163.png","industryField":"移动互联网,数据服务","companyShortName":"亚信","city":"北京","salary":"10k-20k","positionId":1508198,"positionAdvantage":"办公氛围好，发展空间大,弹性工作","district":"西城区","createTime":"2016-08-26 09:05:53","companyLabelList":["年底双薪","技能培训","免费班车","带薪年假"],"approve":1,"companySize":"2000人以上","score":0,"companyFullName":"亚信科技（中国）有限公司","adWord":0,"formatCreateTime":"2016-08-26","publisherId":1555888,"explain":null,"plus":null,"pcShow":0,"appShow":0,"deliver":0,"gradeDescription":null,"businessZones":["西单","复兴门","金融街"],"imState":"disabled","lastLogin":1472547983000},{"companyId":27072,"positionName":"Java(web)","workYear":"3-5年","education":"本科","jobNature":"全职","financeStage":"上市公司","companyLogo":"image1/M00/00/3A/CgYXBlTUXKqAbnErAADhxb664Us880.png","industryField":"硬件,数据服务","companyShortName":"浩瀚深度","city":"北京","salary":"10k-20k","positionId":2152555,"positionAdvantage":"公司氛围","district":null,"createTime":"2016-08-26 09:01:01","companyLabelList":["绩效奖金","年底双薪","五险一金","通讯津贴"],"approve":0,"companySize":"150-500人","score":0,"companyFullName":"北京浩瀚深度信息技术股份有限公司","adWord":0,"formatCreateTime":"2016-08-26","publisherId":865828,"explain":null,"plus":null,"pcShow":0,"appShow":0,"deliver":0,"gradeDescription":null,"businessZones":null,"imState":"today","lastLogin":1472533086000},{"companyId":7734,"positionName":"Java","workYear":"不限","education":"本科","jobNature":"全职","financeStage":"上市公司","companyLogo":"i/image/M00/20/D4/Cgp3O1cPMJiATcGfAADS4l06JDM354.jpg","industryField":"移动互联网,金融","companyShortName":"航天信息","city":"北京","salary":"7k-10k","positionId":2143048,"positionAdvantage":"学习氛围,晋升通道,五险一金,带薪年假","district":null,"createTime":"2016-08-26 08:56:59","companyLabelList":["节日礼物","年底双薪","技能培训","带薪年假"],"approve":0,"companySize":"2000人以上","score":0,"companyFullName":"航天信息股份有限公司","adWord":0,"formatCreateTime":"2016-08-26","publisherId":5543431,"explain":null,"plus":null,"pcShow":0,"appShow":0,"deliver":0,"gradeDescription":null,"businessZones":null,"imState":"today","lastLogin":1472517446000},{"companyId":10519,"positionName":"Java开发工程师","workYear":"1-3年","education":"本科","jobNature":"全职","financeStage":"成熟型(不需要融资)","companyLogo":"image1/M00/00/15/CgYXBlTUWEKAE1HeAACEAu2pVvk388.PNG","industryField":"移动互联网","companyShortName":"中国民航信息网络股份有限公司","city":"北京","salary":"9k-18k","positionId":1893044,"positionAdvantage":"央企福利多，职业上升空间大","district":"朝阳区","createTime":"2016-08-26 08:56:31","companyLabelList":["年底双薪","技能培训","待遇优厚","五险二金"],"approve":1,"companySize":"2000人以上","score":0,"companyFullName":"中国民航信息网络股份有限公司","adWord":0,"formatCreateTime":"2016-08-26","publisherId":1560141,"explain":null,"plus":null,"pcShow":0,"appShow":0,"deliver":0,"gradeDescription":null,"businessZones":["大屯","奥运村","亚运村"],"imState":"disabled","lastLogin":1472533937000},{"companyId":111604,"positionName":"Java开发工程师","workYear":"3-5年","education":"本科","jobNature":"全职","financeStage":"成长型(不需要融资)","companyLogo":"i/image/M00/02/2A/CgqKkVaEhV2ADJqiAAAE8EsF2AQ027.png","industryField":"移动互联网,数据服务","companyShortName":"万琦威","city":"北京","salary":"10k-20k","positionId":2282447,"positionAdvantage":"系统框架,代码编写,技术攻克","district":"朝阳区","createTime":"2016-08-26 08:55:54","companyLabelList":["年底双薪","专项奖金","股票期权","绩效奖金"],"approve":0,"companySize":"50-150人","score":0,"companyFullName":"苏州万琦威电子股份有限公司","adWord":0,"formatCreateTime":"2016-08-26","publisherId":3649025,"explain":null,"plus":null,"pcShow":0,"appShow":0,"deliver":0,"gradeDescription":null,"businessZones":null,"imState":"today","lastLogin":1472538858000},{"companyId":57455,"positionName":"Java开发工程师","workYear":"3-5年","education":"本科","jobNature":"全职","financeStage":"成长型(A轮)","companyLogo":"i/image/M00/03/46/CgqKkVayscOAOKODAAGw-YcGT0Y311.png","industryField":"移动互联网","companyShortName":"云聚汇","city":"北京","salary":"20k-40k","positionId":1336406,"positionAdvantage":"弹性工作 扁平管理 发展空间大","district":"朝阳区","createTime":"2016-08-26 08:54:18","companyLabelList":["绩效奖金","弹性工作","帅哥多","美女多"],"approve":0,"companySize":"50-150人","score":0,"companyFullName":"深圳云聚汇数码有限公司","adWord":0,"formatCreateTime":"2016-08-26","publisherId":1447573,"explain":null,"plus":null,"pcShow":0,"appShow":0,"deliver":0,"gradeDescription":null,"businessZones":["望京","花家地","来广营"],"imState":"today","lastLogin":1472546886000},{"companyId":114626,"positionName":"JAVA架构师","workYear":"5-10年","education":"本科","jobNature":"全职","financeStage":"成熟型(不需要融资)","companyLogo":"i/image/M00/30/04/CgqKkVdFOV6Aad34AAAUOMEOADM583.jpg","industryField":"金融,移动互联网","companyShortName":"金砖财行","city":"北京","salary":"30k-40k","positionId":1895546,"positionAdvantage":"五险一金、试用期100%、车补饭补","district":"朝阳区","createTime":"2016-08-26 08:47:14","companyLabelList":["专项奖金","绩效奖金","年终分红","交通补助"],"approve":0,"companySize":"2000人以上","score":0,"companyFullName":"金砖财富信息科技有限公司","adWord":0,"formatCreateTime":"2016-08-26","publisherId":145747,"explain":null,"plus":null,"pcShow":0,"appShow":0,"deliver":0,"gradeDescription":null,"businessZones":["大望路","华贸","红庙"],"imState":"disabled","lastLogin":1471825100000},{"companyId":124195,"positionName":"Java 初、中级开发工程师+总部办公","workYear":"1-3年","education":"本科","jobNature":"全职","financeStage":"成熟型(不需要融资)","companyLogo":"i/image/M00/25/13/Cgp3O1cdujeAJQe-AAC_sUyDttw608.jpg","industryField":"企业服务,广告营销","companyShortName":"丽兹行","city":"北京","salary":"10k-20k","positionId":2073524,"positionAdvantage":"高薪资，节假日福利，五星办公环境","district":"朝阳区","createTime":"2016-08-26 08:38:07","companyLabelList":null,"approve":0,"companySize":"500-2000人","score":0,"companyFullName":"北京丽兹行房地产投资顾问有限公司","adWord":0,"formatCreateTime":"2016-08-26","publisherId":4814542,"explain":null,"plus":null,"pcShow":0,"appShow":0,"deliver":0,"gradeDescription":null,"businessZones":["望京","大山子","花家地"],"imState":"today","lastLogin":1472524683000}]}},"code":0}