{"success":true,"requestId":null,"msg":null,"resubmitToken":null,"content":{"pageNo":46,"pageSize":15,"positionResult":{"totalCount":12338,"resultSize":15,"locationInfo":{"city":"北京","district":null,"queryByGisCode":false,"businessZone":null,"locationCode":null},"queryAnalysisInfo":{"positionName":"java","companyName":null,"usefulCompany":false,"industryName":null},"strategyProperty":{"name":"dm-csearch-newSimScorer","id":1},"result":[{"companyId":3786,"companyShortName":"宜信","createTime":"2016-08-30 10:23:08","positionId":1974137,"positionAdvantage":"六险一金、餐补、团队优质、领导NICE","salary":"11k-19k","score":0,"workYear":"3-5年","education":"硕士","city":"北京","positionName":"中级Java开发工程师","companyLogo":"i/image/M00/01/C8/Cgp3O1Z3lASAVbZHAABCha8eqHY645.jpg","financeStage":"成熟型(不需要融资)","industryField":"移动互联网,金融","jobNature":"全职","approve":1,"companySize":"2000人以上","district":"朝阳区","companyLabelList":["管理规范","技能培训","扁平管理","弹性工作"],"adWord":0,"appShow":0,"deliver":0,"formatCreateTime":"10:23发布","gradeDescription":null,"companyFullName":"普信恒业科技发展（北京）有限公司","businessZones":["大望路","华贸","百子湾"],"imState":"disabled","lastLogin":1471414253000,"publisherId":5346794,"explain":null,"plus":null,"pcShow":0},{"companyId":113076,"companyShortName":"华正方圆","createTime":"2016-08-29 16:20:18","positionId":1938796,"positionAdvantage":"五险一金+团队规模+员工福利","salary":"10k-18k","score":0,"workYear":"3-5年","education":"大专","city":"北京","positionName":"Java程序媛","companyLogo":"i/image/M00/16/96/Cgp3O1bvxS2APhSvAAAIdDmoN4M370.png","financeStage":"成长型(不需要融资)","industryField":"移动互联网,企业服务","jobNature":"全职","approve":0,"companySize":"150-500人","district":null,"companyLabelList":["管理规范","领导好","扁平管理"],"adWord":0,"appShow":0,"deliver":0,"formatCreateTime":"1天前发布","gradeDescription":null,"companyFullName":"北京华正方圆科技发展有限公司","businessZones":null,"imState":"today","lastLogin":1472541735000,"publisherId":4705632,"explain":null,"plus":null,"pcShow":0},{"companyId":146114,"companyShortName":"神州灵云","createTime":"2016-08-29 14:57:31","positionId":2299860,"positionAdvantage":"五险一金，通信补助","salary":"20k-30k","score":0,"workYear":"3-5年","education":"本科","city":"北京","positionName":"Java","companyLogo":"i/image/M00/54/6A/Cgp3O1fD2XaAQ2G_AABsgVm3E1U058.png","financeStage":"初创型(未融资)","industryField":"移动互联网,企业服务","jobNature":"全职","approve":0,"companySize":"15-50人","district":"朝阳区","companyLabelList":null,"adWord":0,"appShow":0,"deliver":0,"formatCreateTime":"1天前发布","gradeDescription":null,"companyFullName":"神州灵云（北京）科技有限公司","businessZones":["望京","大山子","花家地"],"imState":"disabled","lastLogin":1472463885000,"publisherId":6014622,"explain":null,"plus":null,"pcShow":0},{"companyId":73581,"companyShortName":"云朵课堂","createTime":"2016-08-29 14:55:33","positionId":2299829,"positionAdvantage":"福利待遇优厚 提供技术管理机会","salary":"14k-20k","score":0,"workYear":"3-5年","education":"不限","city":"北京","positionName":"Java开发","companyLogo":"image1/M00/2A/8C/Cgo8PFVsMZWACSIeAABlyZL7wkU323.png","financeStage":"成长型(A轮)","industryField":"教育","jobNature":"全职","approve":1,"companySize":"50-150人","district":null,"companyLabelList":["节日礼物","股票期权","带薪年假","绩效奖金"],"adWord":0,"appShow":0,"deliver":0,"formatCreateTime":"1天前发布","gradeDescription":null,"companyFullName":"北京昱新科技有限公司","businessZones":null,"imState":"today","lastLogin":1472571116000,"publisherId":5717189,"explain":null,"plus":null,"pcShow":0},{"companyId":4836,"companyShortName":"京东商城","createTime":"2016-08-29 14:55:23","positionId":2299824,"positionAdvantage":"主流互联网公司","salary":"15k-30k","score":0,"workYear":"5-10年","education":"本科","city":"北京","positionName":"Java","companyLogo":"image2/M00/07/C8/CgpzWlYAsfGATpk7AAAJkGWG2kk774.png?cc=0.19381895544938743","financeStage":"上市公司","industryField":"电子商务","jobNature":"全职","approve":1,"companySize":"2000人以上","district":"大兴区","companyLabelList":["技能培训","年底双薪","节日礼物","绩效奖金"],"adWord":0,"appShow":0,"deliver":0,"formatCreateTime":"1天前发布","gradeDescription":null,"companyFullName":"北京京东尚科信息技术有限公司","businessZones":null,"imState":"today","lastLogin":1472546954000,"publisherId":5324513,"explain":null,"plus":null,"pcShow":0},{"companyId":71081,"companyShortName":"创新农厂","createTime":"2016-08-29 14:55:06","positionId":2299820,"positionAdvantage":"弹性时间，年终奖金","salary":"10k-20k","score":0,"workYear":"3-5年","education":"本科","city":"北京","positionName":"Java开发工程师","companyLogo":"image1/M00/27/F8/Cgo8PFVdSoeAGfwJAACIJ-4xwmM011.jpg","financeStage":"初创型(未融资)","industryField":"数据服务,硬件","jobNature":"全职","approve":1,"companySize":"15-50人","district":"朝阳区","companyLabelList":["弹性工作","专项奖金","带薪年假","提供住宿"],"adWord":0,"appShow":0,"deliver":0,"formatCreateTime":"1天前发布","gradeDescription":null,"companyFullName":"创新农厂（北京）科技有限公司","businessZones":null,"imState":"disabled","lastLogin":1472453089000,"publisherId":1718609,"explain":null,"plus":null,"pcShow":0},{"companyId":55920,"companyShortName":"海玩网","createTime":"2016-08-29 14:54:23","positionId":1689540,"positionAdvantage":"扁平化管理 旅游基金 带薪旅游假 美女如云","salary":"20k-30k","score":0,"workYear":"3-5年","education":"本科","city":"北京","positionName":"高级Java开发工程师","companyLogo":"image1/M00/10/1D/Cgo8PFT-WqyABigSAACbD6wW6Qk399.jpg","financeStage":"成长型(B轮)","industryField":"O2O,旅游","jobNature":"全职","approve":0,"companySize":"150-500人","district":"朝阳区","companyLabelList":["股票期权","带薪年假","扁平管理","领导好"],"adWord":0,"appShow":0,"deliver":0,"formatCreateTime":"1天前发布","gradeDescription":null,"companyFullName":"海玩（北京）科技有限公司","businessZones":["望京","大山子","酒仙桥"],"imState":"threeDays","lastLogin":1472453599000,"publisherId":1406756,"explain":null,"plus":null,"pcShow":0},{"companyId":44091,"companyShortName":"自如网","createTime":"2016-08-29 14:48:42","positionId":1972090,"positionAdvantage":"15-17薪 六险一金 租房折扣 晋升空间","salary":"15k-30k","score":0,"workYear":"1-3年","education":"本科","city":"北京","positionName":"JAVA开发工程师(公寓)","companyLogo":"image1/M00/0E/27/Cgo8PFT5fXCAWXgmAAB9s4MsAAU976.jpg","financeStage":"成熟型(不需要融资)","industryField":"移动互联网,O2O","jobNature":"全职","approve":1,"companySize":"2000人以上","district":"朝阳区","companyLabelList":["丰厚年薪","六险一金","健康体检","带薪年假"],"adWord":0,"appShow":0,"deliver":0,"formatCreateTime":"1天前发布","gradeDescription":null,"companyFullName":"北京自如友家资产管理有限公司","businessZones":["酒仙桥","将台路","大山子"],"imState":"today","lastLogin":1472553845000,"publisherId":3557386,"explain":null,"plus":null,"pcShow":0},{"companyId":74691,"companyShortName":"蘑菇旅行","createTime":"2016-08-29 14:48:30","positionId":1978750,"positionAdvantage":"股权激励，五险一金，不打卡，免费体检","salary":"15k-20k","score":0,"workYear":"3-5年","education":"本科","city":"北京","positionName":"Java软件开发工程师","companyLogo":"i/image/M00/01/92/CgqKkVZv7CaAIKC3AACPQjdnqVI451.png","financeStage":"初创型(天使轮)","industryField":"移动互联网,电子商务","jobNature":"全职","approve":1,"companySize":"15-50人","district":null,"companyLabelList":["年底双薪","股票期权","扁平管理","行业大咖领军"],"adWord":0,"appShow":0,"deliver":0,"formatCreateTime":"1天前发布","gradeDescription":null,"companyFullName":"北京蘑菇科技有限公司","businessZones":null,"imState":"today","lastLogin":1472545763000,"publisherId":3558676,"explain":null,"plus":null,"pcShow":0},{"companyId":142945,"companyShortName":"天隅基业","createTime":"2016-08-29 14:48:01","positionId":2276964,"positionAdvantage":"带薪假,公积金,餐补,项目奖,零食,弹性工作","salary":"8k-16k","score":0,"workYear":"1-3年","education":"本科","city":"北京","positionName":"Java开发工程师","companyLogo":"i/image/M00/4F/AD/Cgp3O1exkV-AGjapAAAI1dTkhbk014.png","financeStage":"上市公司","industryField":"移动互联网,电子商务","jobNature":"全职","approve":0,"companySize":"50-150人","district":"海淀区","companyLabelList":null,"adWord":0,"appShow":0,"deliver":0,"formatCreateTime":"1天前发布","gradeDescription":null,"companyFullName":"天隅基业（北京）科技发展有限公司","businessZones":["清河"],"imState":"disabled","lastLogin":1472521781000,"publisherId":3768889,"explain":null,"plus":null,"pcShow":0},{"companyId":17775,"companyShortName":"木仓科技","createTime":"2016-08-29 14:45:07","positionId":1948310,"positionAdvantage":"五险一金，周末双休，带薪年假，扁平管理","salary":"15k-30k","score":0,"workYear":"3-5年","education":"本科","city":"北京","positionName":"Java","companyLogo":"image1/M00/00/21/CgYXBlTUWHGADjJVAABZYOpj8xE355.jpg","financeStage":"成长型(B轮)","industryField":"移动互联网","jobNature":"全职","approve":1,"companySize":"150-500人","district":"海淀区","companyLabelList":["股票期权","年底双薪","五险一金","带薪年假"],"adWord":0,"appShow":0,"deliver":0,"formatCreateTime":"1天前发布","gradeDescription":null,"companyFullName":"北京木仓科技有限公司","businessZones":null,"imState":"today","lastLogin":1472553339000,"publisherId":5297394,"explain":null,"plus":null,"pcShow":0},{"companyId":20911,"companyShortName":"联创世界","createTime":"2016-08-29 14:44:43","positionId":1860537,"positionAdvantage":"发展前景大，福利待遇好","salary":"11k-16k","score":0,"workYear":"1-3年","education":"大专","city":"北京","positionName":"中级java工程师","companyLogo":"image1/M00/00/26/Cgo8PFTUWIWAW1GhAAA2_CzZ3dc958.png","financeStage":"初创型(未融资)","industryField":"移动互联网","jobNature":"全职","approve":0,"companySize":"50-150人","district":"朝阳区","companyLabelList":["绩效奖金","五险一金","午餐补助","节日礼物"],"adWord":0,"appShow":0,"deliver":0,"formatCreateTime":"1天前发布","gradeDescription":null,"companyFullName":"联创世界（北京）科技有限责任公司","businessZones":["大屯","奥运村","亚运村"],"imState":"today","lastLogin":1472536273000,"publisherId":5136348,"explain":null,"plus":null,"pcShow":0},{"companyId":133656,"companyShortName":"现代金控","createTime":"2016-08-29 14:41:24","positionId":2192822,"positionAdvantage":"现代化办公场地，季度奖金+年度奖金","salary":"20k-25k","score":0,"workYear":"1-3年","education":"大专","city":"北京","positionName":"Java工程师","companyLogo":"i/image/M00/45/8C/CgqKkVeIoveASieWAACelppWPVI981.png","financeStage":"成熟型(不需要融资)","industryField":"移动互联网,金融","jobNature":"全职","approve":0,"companySize":"2000人以上","district":"朝阳区","companyLabelList":null,"adWord":0,"appShow":0,"deliver":0,"formatCreateTime":"1天前发布","gradeDescription":null,"companyFullName":"中国国际能源控股有限公司","businessZones":["朝外","朝阳门","东大桥"],"imState":"disabled","lastLogin":1472463205000,"publisherId":4882456,"explain":null,"plus":null,"pcShow":0},{"companyId":109578,"companyShortName":"北京知微南京分公司","createTime":"2016-08-29 14:40:59","positionId":2299685,"positionAdvantage":"薪资+奖金、国内一线资源、出国游","salary":"4k-8k","score":0,"workYear":"1-3年","education":"本科","city":"北京","positionName":"java开发工程师","companyLogo":"i/image/M00/01/55/CgqKkVZnw-aAA-SUAAAIHi5Lp3Q370.jpg","financeStage":"初创型(未融资)","industryField":"数据服务,社交网络","jobNature":"全职","approve":0,"companySize":"少于15人","district":null,"companyLabelList":null,"adWord":0,"appShow":0,"deliver":0,"formatCreateTime":"1天前发布","gradeDescription":null,"companyFullName":"南京特尔顿信息科技有限公司","businessZones":null,"imState":"disabled","lastLogin":1472536178000,"publisherId":3487407,"explain":null,"plus":null,"pcShow":0},{"companyId":45476,"companyShortName":"速递易","createTime":"2016-08-29 14:40:55","positionId":2082757,"positionAdvantage":"五险一金 带薪年假","salary":"15k-25k","score":0,"workYear":"5-10年","education":"大专","city":"北京","positionName":"Java架构师","companyLogo":"image1/M00/00/74/CgYXBlTUXZ-AaO8TAABQRh5G99k009.jpg","financeStage":"上市公司","industryField":"移动互联网,生活服务","jobNature":"全职","approve":1,"companySize":"2000人以上","district":"朝阳区","companyLabelList":["颜值爆表","弹性工作时间","五险一金","带薪年假"],"adWord":0,"appShow":0,"deliver":0,"formatCreateTime":"1天前发布","gradeDescription":null,"companyFullName":"成都我来啦网格信息技术有限公司","businessZones":["朝阳门","朝外","工体"],"imState":"today","lastLogin":1472551662000,"publisherId":963186,"explain":null,"plus":null,"pcShow":0}]}},"code":0}