{"success":true,"requestId":null,"msg":null,"resubmitToken":null,"content":{"pageNo":59,"pageSize":15,"positionResult":{"resultSize":15,"totalCount":12338,"locationInfo":{"city":"北京","district":null,"queryByGisCode":false,"locationCode":null,"businessZone":null},"queryAnalysisInfo":{"positionName":"java","companyName":null,"usefulCompany":false,"industryName":null},"strategyProperty":{"name":"dm-csearch-newSimScorer","id":1},"result":[{"createTime":"2016-08-29 10:33:10","formatCreateTime":"1天前发布","companyId":1686,"positionName":"Java","workYear":"3-5年","education":"本科","jobNature":"全职","companyShortName":"爱奇艺","city":"北京","salary":"15k-30k","financeStage":"成熟型(D轮及以上)","positionId":1247754,"companyLogo":"image1/M00/00/06/Cgo8PFTUWAaAbD7PAACAXTzCmiw113.jpg","positionAdvantage":"公司前景好；工作环境舒适；福利待遇优厚；","approve":1,"district":"海淀区","score":0,"companyLabelList":["绩效奖金","五险一金","交通补助","带薪年假"],"industryField":"广告营销,文化娱乐","companySize":"2000人以上","imState":"today","lastLogin":1472550878000,"publisherId":3120139,"explain":null,"plus":null,"pcShow":0,"appShow":0,"deliver":0,"gradeDescription":null,"businessZones":["中关村","北京大学","苏州街"],"companyFullName":"北京爱奇艺科技有限公司","adWord":0},{"createTime":"2016-08-29 10:31:50","formatCreateTime":"1天前发布","companyId":85554,"positionName":"Java开发工程师","workYear":"1-3年","education":"本科","jobNature":"全职","companyShortName":"中航信研发中心新分销","city":"北京","salary":"7k-12k","financeStage":"成熟型(不需要融资)","positionId":1656374,"companyLogo":"image1/M00/3C/DC/CgYXBlW245iAMkDqAABQqjARHGk400.png?cc=0.14547535991183624","positionAdvantage":"央企正式员工，五险两金，工作稳定","approve":0,"district":"朝阳区","score":0,"companyLabelList":["技能培训","年底双薪","带薪年假","领导好"],"industryField":"移动互联网","companySize":"2000人以上","imState":"disabled","lastLogin":1472520450000,"publisherId":3894965,"explain":null,"plus":null,"pcShow":0,"appShow":0,"deliver":0,"gradeDescription":null,"businessZones":["大屯","奥运村","亚运村"],"companyFullName":"中国民航信息网络股份有限公司研发中心新分销","adWord":0},{"createTime":"2016-08-29 10:27:03","formatCreateTime":"1天前发布","companyId":1970,"positionName":"高级JAVA开发工程师-callcenter","workYear":"不限","education":"本科","jobNature":"全职","companyShortName":"去哪儿网","city":"北京","salary":"20k-30k","financeStage":"上市公司","positionId":2197683,"companyLogo":"image1/M00/00/06/CgYXBlTUWAeANQBuAABHTL1SBa8889.jpg","positionAdvantage":"五险一金 年底双薪 弹性工作 员工旅游","approve":1,"district":"海淀区","score":0,"companyLabelList":["技能培训","节日礼物","带薪年假","无息住房贷款"],"industryField":"移动互联网","companySize":"2000人以上","imState":"disabled","lastLogin":1472549404000,"publisherId":4859372,"explain":null,"plus":null,"pcShow":0,"appShow":0,"deliver":0,"gradeDescription":null,"businessZones":["万泉河","苏州桥","苏州街"],"companyFullName":"北京趣拿软件科技有限公司","adWord":0},{"createTime":"2016-08-29 10:24:43","formatCreateTime":"1天前发布","companyId":135947,"positionName":"Java","workYear":"3-5年","education":"本科","jobNature":"全职","companyShortName":"ExceedData","city":"北京","salary":"10k-20k","financeStage":"初创型(未融资)","positionId":2021541,"companyLogo":"i/image/M00/3B/CE/CgqKkVds2LmAAp-IAAAQ2au_FTk023.png","positionAdvantage":"发展前景好","approve":0,"district":"朝阳区","score":0,"companyLabelList":null,"industryField":"数据服务,移动互联网","companySize":"15-50人","imState":"threeDays","lastLogin":1472437469000,"publisherId":5450147,"explain":null,"plus":null,"pcShow":0,"appShow":0,"deliver":0,"gradeDescription":null,"businessZones":["柳芳","和平里","左家庄"],"companyFullName":"智协慧同（北京）科技有限公司","adWord":0},{"createTime":"2016-08-29 10:23:43","formatCreateTime":"1天前发布","companyId":47873,"positionName":"Java","workYear":"5-10年","education":"本科","jobNature":"全职","companyShortName":"和勤联创","city":"北京","salary":"18k-30k","financeStage":"初创型(天使轮)","positionId":1352413,"companyLogo":"image1/M00/1E/0F/CgYXBlUs-wqAJmvQAACGYnvdaQg534.jpg","positionAdvantage":"五险一金全额缴纳 餐补 交通补","approve":1,"district":"朝阳区","score":0,"companyLabelList":["技能培训","股票期权","带薪年假","绩效奖金"],"industryField":"移动互联网","companySize":"50-150人","imState":"threeDays","lastLogin":1472437340000,"publisherId":926637,"explain":null,"plus":null,"pcShow":0,"appShow":0,"deliver":0,"gradeDescription":null,"businessZones":["望京","大山子","酒仙桥"],"companyFullName":"北京和勤联创技术有限公司","adWord":0},{"createTime":"2016-08-29 10:23:38","formatCreateTime":"1天前发布","companyId":40232,"positionName":"Java","workYear":"3-5年","education":"本科","jobNature":"全职","companyShortName":"火辣健身","city":"北京","salary":"15k-25k","financeStage":"成长型(A轮)","positionId":1930212,"companyLogo":"i/image/M00/42/06/Cgp3O1d-H--AA92nAABg5qjREFU551.png","positionAdvantage":"风口行业，12个月融资超4轮，发展空间大","approve":1,"district":null,"score":0,"companyLabelList":["朝阳行业","关注员工成长","股票期权","做有意义的事"],"industryField":"移动互联网,文化娱乐","companySize":"50-150人","imState":"today","lastLogin":1472561066000,"publisherId":742807,"explain":null,"plus":null,"pcShow":0,"appShow":0,"deliver":0,"gradeDescription":null,"businessZones":null,"companyFullName":"北京动如脱兔科技有限公司","adWord":0},{"createTime":"2016-08-29 10:22:35","formatCreateTime":"1天前发布","companyId":73581,"positionName":"Java开发","workYear":"3-5年","education":"大专","jobNature":"全职","companyShortName":"云朵课堂","city":"北京","salary":"16k-25k","financeStage":"成长型(A轮)","positionId":2136634,"companyLogo":"image1/M00/2A/8C/Cgo8PFVsMZWACSIeAABlyZL7wkU323.png","positionAdvantage":"五险一金、发展速度快","approve":1,"district":"朝阳区","score":0,"companyLabelList":["节日礼物","股票期权","带薪年假","绩效奖金"],"industryField":"教育","companySize":"50-150人","imState":"today","lastLogin":1472552400000,"publisherId":1527726,"explain":null,"plus":null,"pcShow":0,"appShow":0,"deliver":0,"gradeDescription":null,"businessZones":["小关","安慧桥","安贞"],"companyFullName":"北京昱新科技有限公司","adWord":0},{"createTime":"2016-08-29 10:22:32","formatCreateTime":"1天前发布","companyId":93527,"positionName":"Java工程师","workYear":"3-5年","education":"本科","jobNature":"全职","companyShortName":"易企秀","city":"北京","salary":"12k-24k","financeStage":"成长型(B轮)","positionId":2172275,"companyLogo":"image2/M00/03/92/CgqLKVXumbKACzVvAAASW14iI4k844.png","positionAdvantage":"股票期权，全天候零食供应，六险一金","approve":1,"district":"海淀区","score":0,"companyLabelList":["节日礼物","股票期权","年度旅游","扁平管理"],"industryField":"移动互联网","companySize":"150-500人","imState":"disabled","lastLogin":1472518061000,"publisherId":5105799,"explain":null,"plus":null,"pcShow":0,"appShow":0,"deliver":0,"gradeDescription":null,"businessZones":["知春路","中关村","双榆树"],"companyFullName":"北京中网易企秀科技有限公司","adWord":0},{"createTime":"2016-08-29 10:22:12","formatCreateTime":"1天前发布","companyId":31590,"positionName":"Java（020ZYF）","workYear":"3-5年","education":"本科","jobNature":"全职","companyShortName":"四维图新","city":"北京","salary":"15k-25k","financeStage":"上市公司","positionId":2297687,"companyLogo":"image1/M00/28/43/Cgo8PFVeyH-AIv6ZAAAxGUh8MS0606.png","positionAdvantage":"餐饮补助 弹性工作 年终奖励 七险一金","approve":1,"district":null,"score":0,"companyLabelList":["技能培训","节日礼物","带薪年假","岗位晋升"],"industryField":"移动互联网,生活服务","companySize":"2000人以上","imState":"today","lastLogin":1472558226000,"publisherId":1553618,"explain":null,"plus":null,"pcShow":0,"appShow":0,"deliver":0,"gradeDescription":null,"businessZones":null,"companyFullName":"北京四维图新科技股份有限公司","adWord":0},{"createTime":"2016-08-29 10:21:50","formatCreateTime":"1天前发布","companyId":53518,"positionName":"Java","workYear":"3-5年","education":"不限","jobNature":"全职","companyShortName":"中微信通","city":"北京","salary":"6k-12k","financeStage":"初创型(不需要融资)","positionId":1479072,"companyLogo":"image1/M00/0B/16/CgYXBlTxYbKACsBQAABb_qGkbWo293.jpg","positionAdvantage":"公司福利待遇佳，发展空间大，氛围好","approve":0,"district":"昌平区","score":0,"companyLabelList":["技能培训","年底双薪","带薪年假","扁平管理"],"industryField":"移动互联网,O2O","companySize":"15-50人","imState":"disabled","lastLogin":1472437053000,"publisherId":1335792,"explain":null,"plus":null,"pcShow":0,"appShow":0,"deliver":0,"gradeDescription":null,"businessZones":["东小口","立水桥","天通苑"],"companyFullName":"北京中微信通网络科技有限公司","adWord":0},{"createTime":"2016-08-29 10:21:38","formatCreateTime":"1天前发布","companyId":329,"positionName":"Java","workYear":"1-3年","education":"硕士","jobNature":"全职","companyShortName":"网易","city":"北京","salary":"17k-34k","financeStage":"上市公司","positionId":2170069,"companyLogo":"image1/M00/1C/DB/Cgo8PFUnbyyAOmwZAABKPABIzv8461.png","positionAdvantage":"免费班车,免费食堂,免费健身房,扁平化管理","approve":1,"district":"海淀区","score":0,"companyLabelList":["节日礼物","技能培训","免费班车","带薪年假"],"industryField":"数据服务,文化娱乐","companySize":"2000人以上","imState":"today","lastLogin":1472550109000,"publisherId":5792424,"explain":null,"plus":null,"pcShow":0,"appShow":0,"deliver":0,"gradeDescription":null,"businessZones":["西北旺","马连洼","上地"],"companyFullName":"网之易信息技术（北京）有限公司","adWord":0},{"createTime":"2016-08-29 10:20:42","formatCreateTime":"1天前发布","companyId":520,"positionName":"java高级开发工程师","workYear":"不限","education":"本科","jobNature":"全职","companyShortName":"小米","city":"北京","salary":"15k-30k","financeStage":"成熟型(D轮及以上)","positionId":176364,"companyLogo":"image1/M00/00/03/CgYXBlTUV_uAY85GAAAVtFKXIv8322.jpg","positionAdvantage":"让每个人都能享受科技的乐趣!","approve":1,"district":"海淀区","score":0,"companyLabelList":["快速成长","免费班车","扁平管理","技能培训"],"industryField":"移动互联网","companySize":"2000人以上","imState":"disabled","lastLogin":1472542620000,"publisherId":15816,"explain":null,"plus":null,"pcShow":0,"appShow":0,"deliver":0,"gradeDescription":null,"businessZones":["清河","小营","上地"],"companyFullName":"北京小米科技有限责任公司","adWord":0},{"createTime":"2016-08-29 10:18:59","formatCreateTime":"1天前发布","companyId":35422,"positionName":"架构师（Java）","workYear":"5-10年","education":"本科","jobNature":"全职","companyShortName":"京东","city":"北京","salary":"20k-40k","financeStage":"上市公司","positionId":2008993,"companyLogo":"i/image/M00/08/D2/Cgp3O1bRFcSAHMtPAAAelCJqdO8411.png","positionAdvantage":"平台好、高薪水，有股票，不用打卡，氛围好","approve":0,"district":null,"score":0,"companyLabelList":["年底双薪","节日礼物","技能培训","岗位晋升"],"industryField":"电子商务","companySize":"2000人以上","imState":"disabled","lastLogin":1472437106000,"publisherId":4877443,"explain":null,"plus":null,"pcShow":0,"appShow":0,"deliver":0,"gradeDescription":null,"businessZones":null,"companyFullName":"京东商城","adWord":0},{"createTime":"2016-08-29 10:18:36","formatCreateTime":"1天前发布","companyId":47865,"positionName":"Java","workYear":"1-3年","education":"大专","jobNature":"全职","companyShortName":"飞驰镁物","city":"北京","salary":"15k-25k","financeStage":"成长型(A轮)","positionId":1836288,"companyLogo":"i/image/M00/01/24/CgqKkVZhB6yAA59KAAArDyePmY8571.jpg","positionAdvantage":"优秀的团队、氛围轻松、五险一金、餐补交补","approve":1,"district":null,"score":0,"companyLabelList":["智能汽车","车联网","股票期权","黄金团队组合"],"industryField":"移动互联网,数据服务","companySize":"50-150人","imState":"disabled","lastLogin":1472547820000,"publisherId":928750,"explain":null,"plus":null,"pcShow":0,"appShow":0,"deliver":0,"gradeDescription":null,"businessZones":null,"companyFullName":"飞驰镁物（北京）科技有限公司","adWord":0},{"createTime":"2016-08-29 10:18:21","formatCreateTime":"1天前发布","companyId":105594,"positionName":"Java","workYear":"3-5年","education":"不限","jobNature":"全职","companyShortName":"榆钱","city":"北京","salary":"10k-20k","financeStage":"初创型(不需要融资)","positionId":1621682,"companyLogo":"image2/M00/15/44/CgpzWlZCoiqAW-UFAAAP3T4KnY0547.jpg?cc=0.3467888468876481","positionAdvantage":"六险一金，弹性工作","approve":0,"district":"海淀区","score":0,"companyLabelList":["年底双薪","股票期权","年终分红","绩效奖金"],"industryField":"移动互联网","companySize":"15-50人","imState":"disabled","lastLogin":1472547633000,"publisherId":3121531,"explain":null,"plus":null,"pcShow":0,"appShow":0,"deliver":0,"gradeDescription":null,"businessZones":["上地","马连洼","西二旗"],"companyFullName":"榆钱(北京)科技有限公司","adWord":0}]}},"code":0}