{"success":true,"requestId":null,"msg":null,"resubmitToken":null,"content":{"pageNo":57,"pageSize":15,"positionResult":{"totalCount":12338,"resultSize":15,"locationInfo":{"city":"北京","district":null,"queryByGisCode":false,"businessZone":null,"locationCode":null},"queryAnalysisInfo":{"positionName":"java","companyName":null,"usefulCompany":false,"industryName":null},"strategyProperty":{"name":"dm-csearch-newSimScorer","id":1},"result":[{"companyId":8653,"companyShortName":"中汇支付","createTime":"2016-08-29 10:49:49","positionId":2140605,"positionAdvantage":"互联网支付公司 大牛汇聚地","salary":"20k-40k","score":0,"workYear":"5-10年","education":"大专","city":"北京","positionName":"Java","companyLogo":"image1/M00/0E/2E/CgYXBlT5knKAErHmAABY24pB2Lo126.jpg","financeStage":"成长型(B轮)","industryField":"移动互联网,金融","jobNature":"全职","approve":1,"companySize":"500-2000人","district":"海淀区","companyLabelList":["节日礼物","餐补","绩效奖金","岗位晋升"],"adWord":0,"appShow":0,"deliver":0,"formatCreateTime":"1天前发布","gradeDescription":null,"companyFullName":"中汇电子支付有限公司","businessZones":["马甸","北太平庄","牡丹园"],"imState":"threeDays","lastLogin":1472433620000,"publisherId":5345119,"explain":null,"plus":null,"pcShow":0},{"companyId":3712,"companyShortName":"京东","createTime":"2016-08-29 10:47:39","positionId":45249,"positionAdvantage":"京东核心交易部门","salary":"13k-25k","score":0,"workYear":"3-5年","education":"大专","city":"北京","positionName":"Java开发","companyLogo":"image1/M00/43/B2/Cgo8PFXSpDuARA8xAAEdmjsokXc986.jpg","financeStage":"上市公司","industryField":"移动互联网,电子商务","jobNature":"全职","approve":1,"companySize":"2000人以上","district":"大兴区","companyLabelList":["年底双薪","免费班车","带薪年假","绩效奖金"],"adWord":0,"appShow":0,"deliver":0,"formatCreateTime":"1天前发布","gradeDescription":null,"companyFullName":"京东世纪贸易有限公司","businessZones":["亦庄"],"imState":"disabled","lastLogin":1472522902000,"publisherId":101256,"explain":null,"plus":null,"pcShow":0},{"companyId":96358,"companyShortName":"伊翔运达","createTime":"2016-08-29 10:47:16","positionId":2258309,"positionAdvantage":"年终奖、带薪年假、五险一金、年度旅游","salary":"18k-30k","score":0,"workYear":"3-5年","education":"本科","city":"北京","positionName":"Java","companyLogo":"image2/M00/06/7B/CgpzWlX6QQ6AAGbeAAAYuV7ZuJM346.jpg?cc=0.9704651229549199","financeStage":"成长型(B轮)","industryField":"旅游","jobNature":"全职","approve":1,"companySize":"50-150人","district":"朝阳区","companyLabelList":["节日礼物","带薪年假","绩效奖金","扁平管理"],"adWord":0,"appShow":0,"deliver":0,"formatCreateTime":"1天前发布","gradeDescription":null,"companyFullName":"天津伊翔运达网络科技有限公司","businessZones":["朝阳门","朝外","工体"],"imState":"disabled","lastLogin":1472453135000,"publisherId":5166111,"explain":null,"plus":null,"pcShow":0},{"companyId":45139,"companyShortName":"云网高科","createTime":"2016-08-29 10:46:58","positionId":2298020,"positionAdvantage":"高薪+项目提成","salary":"10k-20k","score":0,"workYear":"3-5年","education":"本科","city":"北京","positionName":"Java","companyLogo":"i/image/M00/4C/05/Cgp3O1ehXhWAX7ZPAAAWCsSLGb4138.png","financeStage":"初创型(未融资)","industryField":"移动互联网,数据服务","jobNature":"全职","approve":1,"companySize":"15-50人","district":null,"companyLabelList":["技能培训","专项奖金","带薪年假","岗位晋升"],"adWord":0,"appShow":0,"deliver":0,"formatCreateTime":"1天前发布","gradeDescription":null,"companyFullName":"北京云网高科技术有限公司","businessZones":null,"imState":"today","lastLogin":1472542253000,"publisherId":864989,"explain":null,"plus":null,"pcShow":0},{"companyId":52677,"companyShortName":"泰格斯信息","createTime":"2016-08-29 10:44:40","positionId":611696,"positionAdvantage":"资深JAVA大牛快来啊~我们一起快乐的玩耍吧~","salary":"20k-30k","score":0,"workYear":"5-10年","education":"本科","city":"北京","positionName":"Java","companyLogo":"image1/M00/1D/DC/Cgo8PFUsjZeAXksiAABggKNqqFE515.png","financeStage":"初创型(不需要融资)","industryField":"电子商务,数据服务","jobNature":"全职","approve":1,"companySize":"15-50人","district":"昌平区","companyLabelList":["技能培训","年底双薪","专项奖金","绩效奖金"],"adWord":0,"appShow":0,"deliver":0,"formatCreateTime":"1天前发布","gradeDescription":null,"companyFullName":"北京泰格斯信息技术有限公司","businessZones":null,"imState":"disabled","lastLogin":1472438433000,"publisherId":1318430,"explain":null,"plus":null,"pcShow":0},{"companyId":2384,"companyShortName":"掌上汇通","createTime":"2016-08-29 10:39:54","positionId":2245109,"positionAdvantage":"七险一金，各种补助","salary":"15k-25k","score":0,"workYear":"5-10年","education":"本科","city":"北京","positionName":"P2P理财Java高级研发工程师","companyLogo":"image1/M00/1E/0A/CgYXBlUs7WSAbo4hAACCnylhmbw187.jpg","financeStage":"成长型(B轮)","industryField":"移动互联网","jobNature":"全职","approve":1,"companySize":"150-500人","district":"西城区","companyLabelList":["技能培训","节日礼物","绩效奖金","岗位晋升"],"adWord":0,"appShow":0,"deliver":0,"formatCreateTime":"1天前发布","gradeDescription":null,"companyFullName":"北京掌上汇通科技发展有限公司","businessZones":["新街口","德胜门","小西天"],"imState":"overSevenDays","lastLogin":1471504059000,"publisherId":116013,"explain":null,"plus":null,"pcShow":0},{"companyId":33220,"companyShortName":"国家电网全资子公司北京汇通金财","createTime":"2016-08-29 10:39:30","positionId":1989430,"positionAdvantage":"国企平台、带薪年金、市场绩效、七险一金","salary":"10k-15k","score":0,"workYear":"3-5年","education":"本科","city":"北京","positionName":"中级Java开发工程师","companyLogo":"image1/M00/1C/5F/Cgo8PFUl2AGAdPkEAACRQ_9XFMc481.png","financeStage":"成长型(不需要融资)","industryField":"电子商务,金融","jobNature":"全职","approve":0,"companySize":"150-500人","district":"西城区","companyLabelList":["节日礼物","技能培训","专项奖金","带薪年假"],"adWord":0,"appShow":0,"deliver":0,"formatCreateTime":"1天前发布","gradeDescription":null,"companyFullName":"北京汇通金财信息科技有限公司","businessZones":["广内大街","广安门","牛街"],"imState":"today","lastLogin":1472548692000,"publisherId":5365642,"explain":null,"plus":null,"pcShow":0},{"companyId":21567,"companyShortName":"安智","createTime":"2016-08-29 10:38:22","positionId":985584,"positionAdvantage":"高级技术人员，让员工有所成长……","salary":"15k-25k","score":0,"workYear":"3-5年","education":"本科","city":"北京","positionName":"高级Java工程师","companyLogo":"image1/M00/00/28/Cgo8PFTUWIyAbjUWAABX25UZ2vk171.jpg","financeStage":"初创型(未融资)","industryField":"移动互联网","jobNature":"全职","approve":1,"companySize":"150-500人","district":"海淀区","companyLabelList":["绩效奖金","五险一金","带薪年假","年度旅游"],"adWord":0,"appShow":0,"deliver":0,"formatCreateTime":"1天前发布","gradeDescription":null,"companyFullName":"北京力天无限网络技术有限公司","businessZones":["西二旗","龙泽","回龙观"],"imState":"disabled","lastLogin":1472023404000,"publisherId":465803,"explain":null,"plus":null,"pcShow":0},{"companyId":14837,"companyShortName":"EventBank","createTime":"2016-08-29 10:37:46","positionId":1833546,"positionAdvantage":"股票期权、技术大牛、外企环境","salary":"25k-40k","score":0,"workYear":"5-10年","education":"本科","city":"北京","positionName":"Java/Scala工程师","companyLogo":"image1/M00/00/1C/CgYXBlTUWF-AHfI8AAArirgy0dY342.jpg","financeStage":"成长型(A轮)","industryField":"移动互联网,企业服务","jobNature":"全职","approve":0,"companySize":"15-50人","district":"朝阳区","companyLabelList":["五险一金","带薪年假","定期体检","技能培训"],"adWord":0,"appShow":0,"deliver":0,"formatCreateTime":"1天前发布","gradeDescription":null,"companyFullName":"北京会聚易捷信息技术有限公司","businessZones":["国贸","CBD","东大桥"],"imState":"today","lastLogin":1472534352000,"publisherId":1301118,"explain":null,"plus":null,"pcShow":0},{"companyId":30450,"companyShortName":"中软融鑫","createTime":"2016-08-29 10:36:34","positionId":2207104,"positionAdvantage":"享受国企优厚待遇","salary":"10k-20k","score":0,"workYear":"1-3年","education":"本科","city":"北京","positionName":"Java","companyLogo":"i/image/M00/03/00/CgqKkValkTCAeybrAAATxYkNH68234.png","financeStage":"成熟型(不需要融资)","industryField":"移动互联网,硬件","jobNature":"全职","approve":1,"companySize":"500-2000人","district":"海淀区","companyLabelList":["年底双薪","节日礼物","绩效奖金","岗位晋升"],"adWord":0,"appShow":0,"deliver":0,"formatCreateTime":"1天前发布","gradeDescription":null,"companyFullName":"北京中软融鑫计算机系统工程有限公司","businessZones":["皂君庙","北下关","大钟寺"],"imState":"disabled","lastLogin":1472448091000,"publisherId":320817,"explain":null,"plus":null,"pcShow":0},{"companyId":116183,"companyShortName":"情非得已","createTime":"2016-08-29 10:36:00","positionId":1570016,"positionAdvantage":"五险一金、无限小吃、团队氛围好、定期体检","salary":"15k-25k","score":0,"workYear":"1-3年","education":"本科","city":"北京","positionName":"Java开发工程师","companyLogo":"i/image/M00/1C/58/CgqKkVcB1QyAJM2-AAA4t6tVzs8439.jpg","financeStage":"初创型(天使轮)","industryField":"移动互联网,企业服务","jobNature":"全职","approve":0,"companySize":"15-50人","district":"朝阳区","companyLabelList":["定期体检","年度旅游","领导好","扁平管理"],"adWord":0,"appShow":0,"deliver":0,"formatCreateTime":"1天前发布","gradeDescription":null,"companyFullName":"情非得已（北京）科技有限公司","businessZones":["建外大街","国贸","CBD"],"imState":"overSevenDays","lastLogin":1471613306000,"publisherId":4170239,"explain":null,"plus":null,"pcShow":0},{"companyId":11509,"companyShortName":"纬创软件","createTime":"2016-08-29 10:35:53","positionId":1929215,"positionAdvantage":"五险一金 带薪年假 补充医疗","salary":"10k-18k","score":0,"workYear":"3-5年","education":"本科","city":"北京","positionName":"Java","companyLogo":"i/image/M00/02/1B/CgqKkVaCQ8mABuQJAAAJ_XUF-Ks897.png","financeStage":"上市公司","industryField":"移动互联网","jobNature":"全职","approve":0,"companySize":"2000人以上","district":"朝阳区","companyLabelList":["节日礼物","年底双薪","带薪年假","年度旅游"],"adWord":0,"appShow":0,"deliver":0,"formatCreateTime":"1天前发布","gradeDescription":null,"companyFullName":"纬创软件（北京）有限公司","businessZones":null,"imState":"disabled","lastLogin":1472518350000,"publisherId":928788,"explain":null,"plus":null,"pcShow":0},{"companyId":132633,"companyShortName":"酷车易美","createTime":"2016-08-29 10:35:23","positionId":2297882,"positionAdvantage":"五险,免费工作餐","salary":"8k-15k","score":0,"workYear":"不限","education":"本科","city":"北京","positionName":"Java","companyLogo":"i/image/M00/32/86/Cgp3O1dOlM6AW7AmAAA6Uvgbp1I403.jpg","financeStage":"初创型(不需要融资)","industryField":"移动互联网","jobNature":"全职","approve":0,"companySize":"15-50人","district":"大兴区","companyLabelList":["专项奖金","绩效奖金","定期体检","领导好"],"adWord":0,"appShow":0,"deliver":0,"formatCreateTime":"1天前发布","gradeDescription":null,"companyFullName":"北京酷车易美网络科技有限公司","businessZones":null,"imState":"disabled","lastLogin":1472540942000,"publisherId":5522625,"explain":null,"plus":null,"pcShow":0},{"companyId":118492,"companyShortName":"北京世纪多彩网络科技有限公司","createTime":"2016-08-29 10:35:14","positionId":2099422,"positionAdvantage":"扁平化管理，五险一金，直线晋升","salary":"15k-30k","score":0,"workYear":"1-3年","education":"大专","city":"北京","positionName":"Java后台开发工程师","companyLogo":"i/image/M00/45/32/CgqKkVeHXnuAaOKoAAKynGVMxtM186.png","financeStage":"成长型(A轮)","industryField":"移动互联网,文化娱乐","jobNature":"全职","approve":1,"companySize":"50-150人","district":"朝阳区","companyLabelList":null,"adWord":0,"appShow":0,"deliver":0,"formatCreateTime":"1天前发布","gradeDescription":null,"companyFullName":"北京世纪多彩网络科技有限公司","businessZones":["望京","大山子","花家地"],"imState":"today","lastLogin":1472550718000,"publisherId":4438155,"explain":null,"plus":null,"pcShow":0},{"companyId":87330,"companyShortName":"小牛计划","createTime":"2016-08-29 10:34:13","positionId":2092728,"positionAdvantage":"五险一金 互联网金融 BAT大牛团队 高速发展","salary":"16k-30k","score":0,"workYear":"3-5年","education":"大专","city":"北京","positionName":"Java","companyLogo":"i/image/M00/00/53/Cgp3O1ZBeKyANNaAAABD6thkvS0127.png","financeStage":"初创型(天使轮)","industryField":"移动互联网,金融","jobNature":"全职","approve":1,"companySize":"15-50人","district":"西城区","companyLabelList":["年底双薪","股票期权","专项奖金","带薪年假"],"adWord":0,"appShow":0,"deliver":0,"formatCreateTime":"1天前发布","gradeDescription":null,"companyFullName":"北京好奇心科技有限公司","businessZones":["马甸","安贞","安华"],"imState":"today","lastLogin":1472557934000,"publisherId":2236358,"explain":null,"plus":null,"pcShow":0}]}},"code":0}