{"success":true,"requestId":null,"msg":null,"resubmitToken":null,"content":{"pageNo":98,"pageSize":15,"positionResult":{"totalCount":12338,"resultSize":15,"locationInfo":{"queryByGisCode":false,"businessZone":null,"locationCode":null,"city":"北京","district":null},"queryAnalysisInfo":{"industryName":null,"usefulCompany":false,"positionName":"java","companyName":null},"strategyProperty":{"name":"dm-csearch-newSimScorer","id":1},"result":[{"companyId":1970,"positionName":"Java高级开发","workYear":"不限","education":"本科","jobNature":"全职","financeStage":"上市公司","companyLogo":"image1/M00/00/06/CgYXBlTUWAeANQBuAABHTL1SBa8889.jpg","industryField":"移动互联网","companyShortName":"去哪儿网","city":"北京","salary":"20k-35k","positionId":1053404,"positionAdvantage":"平台大 高薪 氛围好","district":"海淀区","createTime":"2016-08-25 18:14:33","companyLabelList":["技能培训","节日礼物","带薪年假","无息住房贷款"],"approve":1,"companySize":"2000人以上","score":0,"companyFullName":"北京趣拿软件科技有限公司","adWord":0,"formatCreateTime":"2016-08-25","publisherId":367914,"explain":null,"plus":null,"pcShow":0,"appShow":0,"deliver":0,"gradeDescription":null,"businessZones":["苏州桥","万泉河","人民大学"],"imState":"disabled","lastLogin":1472476328000},{"companyId":113076,"positionName":"java","workYear":"3-5年","education":"不限","jobNature":"全职","financeStage":"成长型(不需要融资)","companyLogo":"i/image/M00/16/96/Cgp3O1bvxS2APhSvAAAIdDmoN4M370.png","industryField":"移动互联网,企业服务","companyShortName":"华正方圆","city":"北京","salary":"10k-20k","positionId":1909997,"positionAdvantage":"千万级别项目、环境好","district":"海淀区","createTime":"2016-08-25 17:07:16","companyLabelList":["管理规范","领导好","扁平管理"],"approve":0,"companySize":"150-500人","score":0,"companyFullName":"北京华正方圆科技发展有限公司","adWord":0,"formatCreateTime":"2016-08-25","publisherId":3757127,"explain":null,"plus":null,"pcShow":0,"appShow":0,"deliver":0,"gradeDescription":null,"businessZones":["双榆树","人民大学"],"imState":"today","lastLogin":1472526958000},{"companyId":59119,"positionName":"Java开发工程师","workYear":"3-5年","education":"大专","jobNature":"全职","financeStage":"成长型(A轮)","companyLogo":"i/image/M00/21/36/Cgp3O1cQU_-ADtiUAAAaLx-Z_J0830.jpg","industryField":"金融","companyShortName":"君融贷","city":"北京","salary":"15k-20k","positionId":2001467,"positionAdvantage":"良好的平台发展，优厚的福利待遇","district":"朝阳区","createTime":"2016-08-25 16:11:27","companyLabelList":["节日礼物","带薪年假","岗位晋升","管理规范"],"approve":1,"companySize":"50-150人","score":0,"companyFullName":"君融贷（北京）信息技术服务有限公司","adWord":0,"formatCreateTime":"2016-08-25","publisherId":1493277,"explain":null,"plus":null,"pcShow":0,"appShow":0,"deliver":0,"gradeDescription":null,"businessZones":["望京","大山子","酒仙桥"],"imState":"disabled","lastLogin":1472559484000},{"companyId":24561,"positionName":"高级java开发工程师","workYear":"5-10年","education":"不限","jobNature":"全职","financeStage":"上市公司","companyLogo":"image1/M00/00/32/CgYXBlTUXIqAYCE1AABbkDS4YJQ606.jpg","industryField":"电子商务","companyShortName":"国美在线","city":"北京","salary":"15k-30k","positionId":1865753,"positionAdvantage":"电商主站","district":"朝阳区","createTime":"2016-08-25 15:48:13","companyLabelList":["节日礼物","年底双薪","绩效奖金","岗位晋升"],"approve":1,"companySize":"2000人以上","score":0,"companyFullName":"国美在线电子商务有限公司","adWord":0,"formatCreateTime":"2016-08-25","publisherId":119627,"explain":null,"plus":null,"pcShow":0,"appShow":0,"deliver":0,"gradeDescription":null,"businessZones":["亮马桥","三元桥","燕莎"],"imState":"today","lastLogin":1472543114000},{"companyId":8514,"positionName":"Java工程师","workYear":"5-10年","education":"本科","jobNature":"全职","financeStage":"成长型(B轮)","companyLogo":"image1/M00/2B/38/Cgo8PFVu6h2AT4TIAAB2Ss9czr4284.jpg","industryField":"文化娱乐","companyShortName":"优朋普乐","city":"北京","salary":"15k-25k","positionId":2237747,"positionAdvantage":"七险一金 工作居住证 补助 绩效年终奖金等","district":"朝阳区","createTime":"2016-08-25 15:44:05","companyLabelList":["五险一金","带薪年假","节日礼物","弹性工作"],"approve":1,"companySize":"500-2000人","score":0,"companyFullName":"北京优朋普乐科技有限公司","adWord":0,"formatCreateTime":"2016-08-25","publisherId":5156900,"explain":null,"plus":null,"pcShow":0,"appShow":0,"deliver":0,"gradeDescription":null,"businessZones":["高碑店","定福庄","管庄"],"imState":"today","lastLogin":1472548522000},{"companyId":18277,"positionName":"Java研发工程师","workYear":"不限","education":"本科","jobNature":"全职","financeStage":"成熟型(C轮)","companyLogo":"image1/M00/00/22/CgYXBlTUWHWASrg9AABoM1_xvMA628.jpg","industryField":"数据服务","companyShortName":"大洋信息","city":"北京","salary":"8k-15k","positionId":334800,"positionAdvantage":"高薪待遇，有发展空间！","district":"海淀区","createTime":"2016-08-25 15:28:05","companyLabelList":["年终分红","绩效奖金","股票期权","五险一金"],"approve":1,"companySize":"50-150人","score":0,"companyFullName":"北京中科大洋信息技术有限公司","adWord":0,"formatCreateTime":"2016-08-25","publisherId":210045,"explain":null,"plus":null,"pcShow":0,"appShow":0,"deliver":0,"gradeDescription":null,"businessZones":["上地","西北旺","马连洼"],"imState":"sevenDays","lastLogin":1472110048000},{"companyId":79877,"positionName":"Java","workYear":"5-10年","education":"大专","jobNature":"全职","financeStage":"成熟型(不需要融资)","companyLogo":"image1/M00/32/F2/CgYXBlWSF_iAOCz3AAANjfoAmds476.jpg?cc=0.10002768482081592","industryField":"移动互联网,O2O","companyShortName":"车联集团","city":"北京","salary":"16k-25k","positionId":2096853,"positionAdvantage":"五险一金 扁平管理 发展空间大 领导nice","district":"昌平区","createTime":"2016-08-25 15:24:29","companyLabelList":["年底双薪","股票期权","带薪年假","绩效奖金"],"approve":0,"companySize":"500-2000人","score":0,"companyFullName":"北京车联汇科技有限公司","adWord":0,"formatCreateTime":"2016-08-25","publisherId":5241669,"explain":null,"plus":null,"pcShow":0,"appShow":0,"deliver":0,"gradeDescription":null,"businessZones":null,"imState":"today","lastLogin":1472518416000},{"companyId":73610,"positionName":"Java","workYear":"3-5年","education":"大专","jobNature":"全职","financeStage":"初创型(天使轮)","companyLogo":"image1/M00/2A/9E/CgYXBlVsbreAJrIIAAB-wrNkS2w209.png","industryField":"电子商务","companyShortName":"天宝","city":"北京","salary":"10k-20k","positionId":1425370,"positionAdvantage":"定期团建，年终奖励，五险一金，股票期权","district":"海淀区","createTime":"2016-08-25 15:21:18","companyLabelList":["技能培训","股票期权","绩效奖金","五险一金"],"approve":0,"companySize":"15-50人","score":0,"companyFullName":"天宝银河（北京）有限公司","adWord":0,"formatCreateTime":"2016-08-25","publisherId":1788629,"explain":null,"plus":null,"pcShow":0,"appShow":0,"deliver":0,"gradeDescription":null,"businessZones":["上地","西二旗","马连洼"],"imState":"today","lastLogin":1472543190000},{"companyId":132512,"positionName":"Java","workYear":"3-5年","education":"大专","jobNature":"全职","financeStage":"成长型(A轮)","companyLogo":"i/image/M00/3A/61/CgqKkVdpHGqAXXA8AABcQl4urRE143.jpg","industryField":"医疗健康,移动互联网","companyShortName":"至真互联","city":"北京","salary":"10k-20k","positionId":1905547,"positionAdvantage":"五险一金，股票期权，定期团建","district":"海淀区","createTime":"2016-08-25 15:20:35","companyLabelList":null,"approve":0,"companySize":"15-50人","score":0,"companyFullName":"北京至真互联网技术有限公司","adWord":0,"formatCreateTime":"2016-08-25","publisherId":5186207,"explain":null,"plus":null,"pcShow":0,"appShow":0,"deliver":0,"gradeDescription":null,"businessZones":["上地","西二旗","马连洼"],"imState":"today","lastLogin":1472546306000},{"companyId":136978,"positionName":"JAVA开发经理","workYear":"5-10年","education":"本科","jobNature":"全职","financeStage":"成长型(A轮)","companyLogo":"i/image/M00/3F/16/CgqKkVd2JdKAewuuAAATpdprgrA613.jpg","industryField":"金融","companyShortName":"玖富技术中心","city":"北京","salary":"18k-30k","positionId":2288528,"positionAdvantage":"免费班车、居住证、旅游、年假、绩效奖金","district":"朝阳区","createTime":"2016-08-25 15:15:37","companyLabelList":["绩效奖金","免费班车","五险一金","部门旅游"],"approve":0,"companySize":"2000人以上","score":0,"companyFullName":"北京玖富联银科技有限公司","adWord":0,"formatCreateTime":"2016-08-25","publisherId":5918279,"explain":null,"plus":null,"pcShow":0,"appShow":0,"deliver":0,"gradeDescription":null,"businessZones":["望京","大山子","花家地"],"imState":"today","lastLogin":1472569794000},{"companyId":66083,"positionName":"Java开发工程师 后台-游戏经验","workYear":"1-3年","education":"本科","jobNature":"全职","financeStage":"上市公司","companyLogo":"i/image/M00/17/8A/CgqKkVbyCleAa79NAAANdLy_DpI807.jpg","industryField":"游戏","companyShortName":"乐升科技","city":"北京","salary":"15k-20k","positionId":2288527,"positionAdvantage":"弹性上班时间，具体面谈","district":null,"createTime":"2016-08-25 15:15:18","companyLabelList":["带薪年假","岗位晋升","年度旅游","管理规范"],"approve":1,"companySize":"50-150人","score":0,"companyFullName":"北京乐升科技股份限公司","adWord":0,"formatCreateTime":"2016-08-25","publisherId":2277858,"explain":null,"plus":null,"pcShow":0,"appShow":0,"deliver":0,"gradeDescription":null,"businessZones":null,"imState":"threeDays","lastLogin":1472455096000},{"companyId":128842,"positionName":"Java web开发工程师","workYear":"1-3年","education":"本科","jobNature":"全职","financeStage":"成长型(不需要融资)","companyLogo":"i/image/M00/2A/26/Cgp3O1cxdd6APMkuAAG6HQ1ScEw044.jpg","industryField":"移动互联网,数据服务","companyShortName":"欣方智能","city":"北京","salary":"10k-14k","positionId":2288494,"positionAdvantage":"临近地铁、有大牛带、年底奖金丰厚","district":"海淀区","createTime":"2016-08-25 15:11:49","companyLabelList":["股票期权","定期体检","午餐补助","不加班"],"approve":0,"companySize":"150-500人","score":0,"companyFullName":"上海欣方智能系统有限公司北京分公司","adWord":0,"formatCreateTime":"2016-08-25","publisherId":5038106,"explain":null,"plus":null,"pcShow":0,"appShow":0,"deliver":0,"gradeDescription":null,"businessZones":["上地","西二旗","马连洼"],"imState":"today","lastLogin":1472548419000},{"companyId":128276,"positionName":"Java开发工程师","workYear":"1-3年","education":"不限","jobNature":"全职","financeStage":"成长型(A轮)","companyLogo":"i/image/M00/28/CC/CgqKkVcsMRuAN2lwAAAEhzIfotk249.jpg","industryField":"移动互联网","companyShortName":"领医创造HIM","city":"北京","salary":"10k-16k","positionId":2213560,"positionAdvantage":"年底奖金、弹性办公","district":"朝阳区","createTime":"2016-08-25 15:10:42","companyLabelList":["带薪年假","绩效奖金","午餐补助"],"approve":0,"companySize":"50-150人","score":0,"companyFullName":"北京领医创造科技发展有限公司","adWord":0,"formatCreateTime":"2016-08-25","publisherId":3813682,"explain":null,"plus":null,"pcShow":0,"appShow":0,"deliver":0,"gradeDescription":null,"businessZones":["四惠","十里堡","百子湾"],"imState":"today","lastLogin":1472551556000},{"companyId":114110,"positionName":"高级Java开发工程师","workYear":"3-5年","education":"本科","jobNature":"全职","financeStage":"上市公司","companyLogo":"i/image/M00/04/2B/Cgp3O1bGwzWAEAB4AAAbnMQCudk783.jpg","industryField":"移动互联网","companyShortName":"乐视","city":"北京","salary":"15k-25k","positionId":2049362,"positionAdvantage":"全员持股 A轮融资10亿","district":"朝阳区","createTime":"2016-08-25 15:03:06","companyLabelList":["股票期权","交通补助","通讯津贴","带薪年假"],"approve":1,"companySize":"2000人以上","score":0,"companyFullName":"乐视网信息技术（北京）股份有限公司","adWord":0,"formatCreateTime":"2016-08-25","publisherId":718340,"explain":null,"plus":null,"pcShow":0,"appShow":0,"deliver":0,"gradeDescription":null,"businessZones":["大山子","酒仙桥","将台路"],"imState":"disabled","lastLogin":1472181698000},{"companyId":54359,"positionName":"Java工程师","workYear":"3-5年","education":"本科","jobNature":"全职","financeStage":"成长型(A轮)","companyLogo":"i/image/M00/23/AC/Cgp3O1cYSLeAKJQgAAENKq5RGDY571.jpg","industryField":"企业服务,数据服务","companyShortName":"时速云","city":"北京","salary":"12k-24k","positionId":1748137,"positionAdvantage":"顶级团队，资金充足，工程师文化，丰厚期权","district":"海淀区","createTime":"2016-08-25 15:00:44","companyLabelList":["节日礼物","技能培训","年度旅游","岗位晋升"],"approve":1,"companySize":"15-50人","score":0,"companyFullName":"北京云思畅想科技有限公司","adWord":0,"formatCreateTime":"2016-08-25","publisherId":627051,"explain":null,"plus":null,"pcShow":0,"appShow":0,"deliver":0,"gradeDescription":null,"businessZones":["中关村","北京大学","苏州街"],"imState":"today","lastLogin":1472572828000}]}},"code":0}