{"success":true,"requestId":null,"resubmitToken":null,"msg":null,"content":{"pageNo":82,"pageSize":15,"positionResult":{"resultSize":15,"totalCount":12338,"locationInfo":{"businessZone":null,"queryByGisCode":false,"locationCode":null,"city":"北京","district":null},"queryAnalysisInfo":{"industryName":null,"usefulCompany":false,"positionName":"java","companyName":null},"strategyProperty":{"name":"dm-csearch-newSimScorer","id":1},"result":[{"formatCreateTime":"2016-08-26","createTime":"2016-08-26 11:24:33","companyId":32590,"positionName":"中级Java开发工程师","education":"本科","city":"北京","positionId":1764846,"financeStage":"成长型(不需要融资)","companyShortName":"融宝支付","companyLogo":"image1/M00/00/4B/Cgo8PFTUXPOAYWSAAABp0cLe-X8504.jpg","salary":"12k-18k","industryField":"金融","district":"东城区","companyLabelList":["年底双薪","节日礼物","技能培训","绩效奖金"],"positionAdvantage":"五险一金；带薪年假；年底奖金；节日福利等","jobNature":"全职","workYear":"1-3年","approve":1,"score":0,"companySize":"150-500人","businessZones":["东直门","海运仓","东四"],"imState":"disabled","lastLogin":1472459287000,"publisherId":2890436,"explain":null,"plus":null,"pcShow":0,"appShow":0,"deliver":0,"gradeDescription":null,"companyFullName":"天津融宝支付网络有限公司","adWord":0},{"formatCreateTime":"2016-08-26","createTime":"2016-08-26 11:24:04","companyId":31833,"positionName":"中高级java开发工程师","education":"本科","city":"北京","positionId":2292330,"financeStage":"成熟型(不需要融资)","companyShortName":"大连信雅达软件有限公司（北京）","companyLogo":"image1/M00/00/49/CgYXBlTUXOmARK_xAACPONsET0g678.jpg","salary":"10k-15k","industryField":"企业服务,金融","district":"海淀区","companyLabelList":["技能培训","节日礼物","带薪年假","绩效奖金"],"positionAdvantage":"互联网金融","jobNature":"全职","workYear":"3-5年","approve":1,"score":0,"companySize":"500-2000人","businessZones":["上地","西二旗","马连洼"],"imState":"disabled","lastLogin":1472202384000,"publisherId":5403178,"explain":null,"plus":null,"pcShow":0,"appShow":0,"deliver":0,"gradeDescription":null,"companyFullName":"大连信雅达软件有限公司","adWord":0},{"formatCreateTime":"2016-08-26","createTime":"2016-08-26 11:16:22","companyId":74646,"positionName":"Java中级","education":"大专","city":"北京","positionId":2257419,"financeStage":"成长型(A轮)","companyShortName":"商联在线","companyLogo":"image1/M00/2B/B6/Cgo8PFVxKUmAMY2LAAGOVEIq_M4658.jpg?cc=0.8250902036670595","salary":"8k-15k","industryField":"移动互联网,金融","district":"海淀区","companyLabelList":null,"positionAdvantage":"一群热血青年一起成长","jobNature":"全职","workYear":"1-3年","approve":1,"score":0,"companySize":"15-50人","businessZones":["北下关","交通大学","皂君庙"],"imState":"disabled","lastLogin":1472546787000,"publisherId":5941678,"explain":null,"plus":null,"pcShow":0,"appShow":0,"deliver":0,"gradeDescription":null,"companyFullName":"北京商联在线科技有限公司","adWord":0},{"formatCreateTime":"2016-08-26","createTime":"2016-08-26 11:12:36","companyId":25120,"positionName":"高级Java开发工程师","education":"不限","city":"北京","positionId":2101638,"financeStage":"成熟型(C轮)","companyShortName":"中科虹霸","companyLogo":"image1/M00/00/34/Cgo8PFTUXJGAd2-7AACpN0Eo330690.png","salary":"10k-20k","industryField":"移动互联网","district":"海淀区","companyLabelList":["年终分红","绩效奖金","专项奖金","五险一金"],"positionAdvantage":"五险一金、带薪休假、奖金、双休、补助","jobNature":"全职","workYear":"3-5年","approve":1,"score":0,"companySize":"15-50人","businessZones":["中关村","知春路","双榆树"],"imState":"disabled","lastLogin":1472194387000,"publisherId":5658490,"explain":null,"plus":null,"pcShow":0,"appShow":0,"deliver":0,"gradeDescription":null,"companyFullName":"北京中科虹霸科技有限公司","adWord":0},{"formatCreateTime":"2016-08-26","createTime":"2016-08-26 11:10:50","companyId":83880,"positionName":"Java","education":"大专","city":"北京","positionId":2130121,"financeStage":"初创型(未融资)","companyShortName":"明天高软","companyLogo":"image1/M00/3A/38/CgYXBlWsvWqALdQTAAASCthSu_k019.jpg","salary":"8k-15k","industryField":"移动互联网","district":"西城区","companyLabelList":["节日礼物","带薪年假","绩效奖金","年度旅游"],"positionAdvantage":"全额五险一金补充医疗年终奖饭补电脑补助","jobNature":"全职","workYear":"1-3年","approve":0,"score":0,"companySize":"50-150人","businessZones":null,"imState":"disabled","lastLogin":1472528374000,"publisherId":5717625,"explain":null,"plus":null,"pcShow":0,"appShow":0,"deliver":0,"gradeDescription":null,"companyFullName":"北京明天高软科技有限公司","adWord":0},{"formatCreateTime":"2016-08-26","createTime":"2016-08-26 11:08:53","companyId":124770,"positionName":"Java开发工程师","education":"本科","city":"北京","positionId":2146494,"financeStage":"上市公司","companyShortName":"CDS","companyLogo":"i/image/M00/27/E3/Cgp3O1cpabyAQ2YxAAAdAWtRX_g686.png","salary":"15k-20k","industryField":"移动互联网","district":"海淀区","companyLabelList":["绩效奖金","通讯津贴","定期体检","带薪年假"],"positionAdvantage":"六险一金,班车接送,各种福利","jobNature":"全职","workYear":"3-5年","approve":1,"score":0,"companySize":"150-500人","businessZones":["四季青"],"imState":"today","lastLogin":1472526091000,"publisherId":373990,"explain":null,"plus":null,"pcShow":0,"appShow":0,"deliver":0,"gradeDescription":null,"companyFullName":"北京首都在线科技股份有限公司","adWord":0},{"formatCreateTime":"2016-08-26","createTime":"2016-08-26 11:05:43","companyId":33220,"positionName":"Java接口开发工程师","education":"本科","city":"北京","positionId":2292111,"financeStage":"成长型(不需要融资)","companyShortName":"国家电网全资子公司北京汇通金财","companyLogo":"image1/M00/1C/5F/Cgo8PFUl2AGAdPkEAACRQ_9XFMc481.png","salary":"10k-20k","industryField":"电子商务,金融","district":"西城区","companyLabelList":["节日礼物","技能培训","专项奖金","带薪年假"],"positionAdvantage":"五险一金，带薪年假","jobNature":"全职","workYear":"3-5年","approve":0,"score":0,"companySize":"150-500人","businessZones":["广内大街","广安门","牛街"],"imState":"today","lastLogin":1472548692000,"publisherId":5365642,"explain":null,"plus":null,"pcShow":0,"appShow":0,"deliver":0,"gradeDescription":null,"companyFullName":"北京汇通金财信息科技有限公司","adWord":0},{"formatCreateTime":"2016-08-26","createTime":"2016-08-26 11:00:48","companyId":74341,"positionName":"Java","education":"大专","city":"北京","positionId":1262001,"financeStage":"初创型(未融资)","companyShortName":"北京捌捌灵灵科贸有限责任公司","companyLogo":"i/image/M00/00/8A/Cgp3O1ZNR5GAFCNhAABZYIM831s340.jpg","salary":"8k-16k","industryField":"移动互联网,电子商务","district":"丰台区","companyLabelList":["带薪年假","绩效奖金","五险一金","弹性工作"],"positionAdvantage":"双休，弹性工作，带薪年假，零食供应","jobNature":"全职","workYear":"1-3年","approve":1,"score":0,"companySize":"15-50人","businessZones":["嘉园","马家堡","草桥"],"imState":"threeDays","lastLogin":1472436367000,"publisherId":1466437,"explain":null,"plus":null,"pcShow":0,"appShow":0,"deliver":0,"gradeDescription":null,"companyFullName":"北京捌捌灵灵科贸有限责任公司","adWord":0},{"formatCreateTime":"2016-08-26","createTime":"2016-08-26 10:57:49","companyId":4838,"positionName":"Java","education":"本科","city":"北京","positionId":2150931,"financeStage":"成熟型(不需要融资)","companyShortName":"安邦保险集团","companyLogo":"image1/M00/00/0B/CgYXBlTUWBuAUJAkAAB6cj6qvIk863.jpg","salary":"10k-20k","industryField":"移动互联网,金融","district":"朝阳区","companyLabelList":["绩效奖金","专项奖金","五险一金","通讯津贴"],"positionAdvantage":"五险一金 试用期全薪 话费 午餐 服装补贴","jobNature":"全职","workYear":"1-3年","approve":1,"score":0,"companySize":"2000人以上","businessZones":["建国门","CBD","国贸"],"imState":"disabled","lastLogin":1472180180000,"publisherId":5760949,"explain":null,"plus":null,"pcShow":0,"appShow":0,"deliver":0,"gradeDescription":null,"companyFullName":"安邦保险集团股份有限公司","adWord":0},{"formatCreateTime":"2016-08-26","createTime":"2016-08-26 10:56:41","companyId":39934,"positionName":"Java","education":"本科","city":"北京","positionId":2164555,"financeStage":"成长型(B轮)","companyShortName":"每日优鲜","companyLogo":"image1/M00/33/F0/CgYXBlWVHo2AJ2kfAADcOU-43sg621.jpg","salary":"18k-25k","industryField":"移动互联网,电子商务","district":null,"companyLabelList":["节日礼物","年度旅游","岗位晋升","管理规范"],"positionAdvantage":"腾讯投资电商创业团队 牛人超多 氛围超好","jobNature":"全职","workYear":"3-5年","approve":1,"score":0,"companySize":"150-500人","businessZones":null,"imState":"today","lastLogin":1472555740000,"publisherId":785866,"explain":null,"plus":null,"pcShow":0,"appShow":0,"deliver":0,"gradeDescription":null,"companyFullName":"北京每日优鲜电子商务有限公司","adWord":0},{"formatCreateTime":"2016-08-26","createTime":"2016-08-26 10:56:22","companyId":93360,"positionName":"(方案部)JAVA软件研发工程师","education":"大专","city":"北京","positionId":1050371,"financeStage":"成长型(B轮)","companyShortName":"汉时电子","companyLogo":"image2/M00/01/A8/CgqLKVXlHBCAIcv8AAAZ5Cvzp6k233.jpg?cc=0.5272955296095461","salary":"8k-16k","industryField":"移动互联网,其他","district":"朝阳区","companyLabelList":["节日礼物","年底双薪","带薪年假","岗位晋升"],"positionAdvantage":"开发狂人多，欢乐多，乐于分享","jobNature":"全职","workYear":"3-5年","approve":1,"score":0,"companySize":"50-150人","businessZones":["北苑","立水桥"],"imState":"disabled","lastLogin":1472555428000,"publisherId":2436552,"explain":null,"plus":null,"pcShow":0,"appShow":0,"deliver":0,"gradeDescription":null,"companyFullName":"北京汉时电子科技有限公司","adWord":0},{"formatCreateTime":"2016-08-26","createTime":"2016-08-26 10:53:41","companyId":83406,"positionName":"Java","education":"大专","city":"北京","positionId":2064395,"financeStage":"初创型(不需要融资)","companyShortName":"创新远大","companyLogo":"image1/M00/39/3B/Cgo8PFWocLmAc65aAAAXst87_ko845.jpg?cc=0.9886415004730225","salary":"20k-35k","industryField":"电子商务,生活服务","district":"西城区","companyLabelList":["节日礼物","带薪年假","绩效奖金","岗位晋升"],"positionAdvantage":"固定14薪，五险一金，周末双休，弹性制上班","jobNature":"全职","workYear":"5-10年","approve":1,"score":0,"companySize":"15-50人","businessZones":["安贞","安华"],"imState":"disabled","lastLogin":1472536343000,"publisherId":4546308,"explain":null,"plus":null,"pcShow":0,"appShow":0,"deliver":0,"gradeDescription":null,"companyFullName":"北京创新远大科技有限公司","adWord":0},{"formatCreateTime":"2016-08-26","createTime":"2016-08-26 10:53:14","companyId":8103,"positionName":"Java","education":"本科","city":"北京","positionId":1616984,"financeStage":"上市公司","companyShortName":"汽车之家","companyLogo":"i/image/M00/01/80/CgqKkVZuPraAN3O6AACFeBgN7dY620.jpg","salary":"14k-20k","industryField":"移动互联网,文化娱乐","district":"海淀区","companyLabelList":["技能培训","节日礼物","带薪年假","绩效奖金"],"positionAdvantage":"发展前景好，福利待遇好","jobNature":"全职","workYear":"1-3年","approve":1,"score":0,"companySize":"2000人以上","businessZones":["中关村","双榆树","双安"],"imState":"disabled","lastLogin":1472547263000,"publisherId":4556316,"explain":null,"plus":null,"pcShow":0,"appShow":0,"deliver":0,"gradeDescription":null,"companyFullName":"北京车之家信息技术有限公司","adWord":0},{"formatCreateTime":"2016-08-26","createTime":"2016-08-26 10:52:55","companyId":3712,"positionName":"Java","education":"不限","city":"北京","positionId":2291912,"financeStage":"上市公司","companyShortName":"京东","companyLogo":"image1/M00/43/B2/Cgo8PFXSpDuARA8xAAEdmjsokXc986.jpg","salary":"16k-30k","industryField":"移动互联网,电子商务","district":"大兴区","companyLabelList":["年底双薪","免费班车","带薪年假","绩效奖金"],"positionAdvantage":"每年2次升职加薪、周末双休、弹性工作制","jobNature":"全职","workYear":"3-5年","approve":1,"score":0,"companySize":"2000人以上","businessZones":null,"imState":"today","lastLogin":1472558289000,"publisherId":84182,"explain":null,"plus":null,"pcShow":0,"appShow":0,"deliver":0,"gradeDescription":null,"companyFullName":"京东世纪贸易有限公司","adWord":0},{"formatCreateTime":"2016-08-26","createTime":"2016-08-26 10:52:16","companyId":72257,"positionName":"Java研发技术经理","education":"大专","city":"北京","positionId":2213233,"financeStage":"成熟型(不需要融资)","companyShortName":"清科集团","companyLogo":"image1/M00/29/18/Cgo8PFVkEGiAAcfBAAEE8Qell4I822.jpg","salary":"15k-18k","industryField":"金融","district":"朝阳区","companyLabelList":["节日礼物","技能培训","绩效奖金","年度旅游"],"positionAdvantage":"集团公司,弹性工时,六险一金,扁平管理","jobNature":"全职","workYear":"5-10年","approve":1,"score":0,"companySize":"500-2000人","businessZones":["三元桥","麦子店","亮马桥"],"imState":"today","lastLogin":1472554314000,"publisherId":1736363,"explain":null,"plus":null,"pcShow":0,"appShow":0,"deliver":0,"gradeDescription":null,"companyFullName":"清科财务管理咨询（北京）有限公司","adWord":0}]}},"code":0}