{"success":true,"requestId":null,"msg":null,"resubmitToken":null,"content":{"pageNo":28,"pageSize":15,"positionResult":{"totalCount":12338,"resultSize":15,"locationInfo":{"queryByGisCode":false,"businessZone":null,"locationCode":null,"city":"北京","district":null},"queryAnalysisInfo":{"industryName":null,"usefulCompany":false,"positionName":"java","companyName":null},"strategyProperty":{"name":"dm-csearch-newSimScorer","id":1},"result":[{"companyId":3786,"positionName":"Java开发高级-mj","workYear":"3-5年","education":"本科","jobNature":"全职","financeStage":"成熟型(不需要融资)","companyLogo":"i/image/M00/01/C8/Cgp3O1Z3lASAVbZHAABCha8eqHY645.jpg","industryField":"移动互联网,金融","companyShortName":"宜信","city":"北京","salary":"15k-30k","positionId":1875924,"positionAdvantage":"互联网团队，发展空间大","district":null,"createTime":"2016-08-30 10:23:14","companyLabelList":["管理规范","技能培训","扁平管理","弹性工作"],"approve":1,"companySize":"2000人以上","score":0,"companyFullName":"普信恒业科技发展（北京）有限公司","adWord":0,"formatCreateTime":"10:23发布","publisherId":3608699,"explain":null,"plus":null,"pcShow":0,"appShow":0,"deliver":0,"gradeDescription":null,"businessZones":null,"imState":"today","lastLogin":1472551210000},{"companyId":115133,"positionName":"JAVA高级开发工程师","workYear":"3-5年","education":"本科","jobNature":"全职","financeStage":"初创型(未融资)","companyLogo":"i/image/M00/11/B1/CgqKkVbiecqAaZAqAAAjmOurmv0807.jpg","industryField":"移动互联网,企业服务","companyShortName":"博科鸿图","city":"北京","salary":"10k-15k","positionId":2065410,"positionAdvantage":"表现优秀者，配置相应股份","district":"昌平区","createTime":"2016-08-30 10:08:34","companyLabelList":null,"approve":1,"companySize":"15-50人","score":0,"companyFullName":"北京博科鸿图信息技术有限公司","adWord":0,"formatCreateTime":"10:08发布","publisherId":3958296,"explain":null,"plus":null,"pcShow":0,"appShow":0,"deliver":0,"gradeDescription":null,"businessZones":["霍营"],"imState":"today","lastLogin":1472522877000},{"companyId":356,"positionName":"Java开发工程师","workYear":"1-3年","education":"本科","jobNature":"全职","financeStage":"成长型(不需要融资)","companyLogo":"image1/M00/15/99/CgYXBlUKqGWAEiHsAABgvyF4n6Y615.jpg","industryField":"移动互联网,数据服务","companyShortName":"捷通华声","city":"北京","salary":"15k-25k","positionId":2089888,"positionAdvantage":"项目奖金、绩效奖金、半年调薪","district":"海淀区","createTime":"2016-08-30 09:56:46","companyLabelList":["股票期权","半年调薪","绩效奖金多","晋升空间大"],"approve":1,"companySize":"150-500人","score":0,"companyFullName":"北京捷通华声科技股份有限公司","adWord":0,"formatCreateTime":"09:56发布","publisherId":619924,"explain":null,"plus":null,"pcShow":0,"appShow":0,"deliver":0,"gradeDescription":null,"businessZones":["西二旗","龙泽","回龙观"],"imState":"today","lastLogin":1472552637000},{"companyId":171,"positionName":"Java研发工程师","workYear":"不限","education":"本科","jobNature":"全职","financeStage":"成熟型(C轮)","companyLogo":"i/image/M00/17/19/CgqKkVbw82CAAmBDAABb58-N6IM299.png","industryField":"移动互联网","companyShortName":"航班管家","city":"北京","salary":"15k-25k","positionId":2303133,"positionAdvantage":"优秀员工随公司逐步发展会有股票奖励","district":null,"createTime":"2016-08-30 09:50:56","companyLabelList":["技能培训","带薪年假","扁平管理","绩效津贴"],"approve":1,"companySize":"150-500人","score":0,"companyFullName":"活力世纪科技（北京）有限公司","adWord":0,"formatCreateTime":"09:50发布","publisherId":830848,"explain":null,"plus":null,"pcShow":0,"appShow":0,"deliver":0,"gradeDescription":null,"businessZones":null,"imState":"today","lastLogin":1472521824000},{"companyId":84307,"positionName":"Java","workYear":"3-5年","education":"本科","jobNature":"全职","financeStage":"成长型(不需要融资)","companyLogo":"i/image/M00/21/42/Cgp3O1cQaIWAX1yFAAAPbBzpkW4127.jpg","industryField":"移动互联网","companyShortName":"容大友信","city":"北京","salary":"10k-15k","positionId":1632406,"positionAdvantage":"五险一金 带薪年假","district":"东城区","createTime":"2016-08-30 09:50:41","companyLabelList":["绩效奖金","带薪年假","年度旅游","领导好"],"approve":1,"companySize":"50-150人","score":0,"companyFullName":"北京容大友信科技有限公司","adWord":0,"formatCreateTime":"09:50发布","publisherId":2160065,"explain":null,"plus":null,"pcShow":0,"appShow":0,"deliver":0,"gradeDescription":null,"businessZones":["左家庄","东直门","柳芳"],"imState":"today","lastLogin":1472549349000},{"companyId":114841,"positionName":"高级研发工程师（Java 、 C#、.net）","workYear":"3-5年","education":"本科","jobNature":"全职","financeStage":"成长型(A轮)","companyLogo":"i/image/M00/04/02/Cgp3O1bFYjuAVa8jAAAgWYB1an4025.png","industryField":"移动互联网","companyShortName":"因特睿","city":"北京","salary":"15k-30k","positionId":2179479,"positionAdvantage":"五险一金，绩效奖金，弹性工作，股票期权","district":null,"createTime":"2016-08-30 09:50:17","companyLabelList":null,"approve":0,"companySize":"50-150人","score":0,"companyFullName":"北京因特睿软件有限公司","adWord":0,"formatCreateTime":"09:50发布","publisherId":3895131,"explain":null,"plus":null,"pcShow":0,"appShow":0,"deliver":0,"gradeDescription":null,"businessZones":null,"imState":"sevenDays","lastLogin":1472042169000},{"companyId":129720,"positionName":"Java工程师.","workYear":"3-5年","education":"本科","jobNature":"全职","financeStage":"初创型(未融资)","companyLogo":"i/image/M00/3B/34/CgqKkVdrWVyALAQNAAANjr1YSdI852.png","industryField":"数据服务,企业服务","companyShortName":"DataHunter","city":"北京","salary":"15k-30k","positionId":2303104,"positionAdvantage":"不打卡，周末双休，年底双薪，交通补助","district":null,"createTime":"2016-08-30 09:49:43","companyLabelList":["年底双薪","交通补助","带薪年假","帅哥多"],"approve":1,"companySize":"15-50人","score":0,"companyFullName":"北京数猎天下科技有限公司","adWord":0,"formatCreateTime":"09:49发布","publisherId":5085799,"explain":null,"plus":null,"pcShow":0,"appShow":0,"deliver":0,"gradeDescription":null,"businessZones":null,"imState":"today","lastLogin":1472569936000},{"companyId":97757,"positionName":"资深服务端开发工程师 (Java)","workYear":"3-5年","education":"本科","jobNature":"全职","financeStage":"成长型(不需要融资)","companyLogo":"i/image/M00/2C/DB/Cgp3O1c6jH6AaawIAAA2Davn-cQ927.png","industryField":"移动互联网,电子商务","companyShortName":"九休旅行","city":"北京","salary":"20k-35k","positionId":1481883,"positionAdvantage":"创业团队，扁平化管理，机会多多","district":"朝阳区","createTime":"2016-08-30 09:49:10","companyLabelList":["技能培训","年底双薪","带薪年假","岗位晋升"],"approve":1,"companySize":"50-150人","score":0,"companyFullName":"北京九休信息科技有限公司","adWord":0,"formatCreateTime":"09:49发布","publisherId":2908930,"explain":null,"plus":null,"pcShow":0,"appShow":0,"deliver":0,"gradeDescription":null,"businessZones":["望京","大山子","花家地"],"imState":"today","lastLogin":1472553247000},{"companyId":6616,"positionName":"高级研发工程师（java语言）","workYear":"3-5年","education":"本科","jobNature":"全职","financeStage":"成长型(A轮)","companyLogo":"image1/M00/0C/D3/Cgo8PFT2a7-AYPf0AAA4D4lpgEE932.jpg","industryField":"金融","companyShortName":"友信","city":"北京","salary":"15k-30k","positionId":1901399,"positionAdvantage":"互联网金融大平台 薪资福利好 技术氛围浓厚","district":"朝阳区","createTime":"2016-08-30 09:48:45","companyLabelList":["年底双薪","绩效奖金","五险一金","交通补助"],"approve":1,"companySize":"2000人以上","score":0,"companyFullName":"友众信业金融信息服务（上海）有限公司北京朝阳投资咨询分公司","adWord":0,"formatCreateTime":"09:48发布","publisherId":5230198,"explain":null,"plus":null,"pcShow":0,"appShow":0,"deliver":0,"gradeDescription":null,"businessZones":["三元桥","亮马桥","左家庄"],"imState":"disabled","lastLogin":1472521721000},{"companyId":1686,"positionName":"大数据Java","workYear":"3-5年","education":"本科","jobNature":"全职","financeStage":"成熟型(D轮及以上)","companyLogo":"image1/M00/00/06/Cgo8PFTUWAaAbD7PAACAXTzCmiw113.jpg","industryField":"广告营销,文化娱乐","companyShortName":"爱奇艺","city":"北京","salary":"22k-30k","positionId":1063180,"positionAdvantage":"知识图谱、大数据架构、Hbase、Hadoop","district":"海淀区","createTime":"2016-08-30 09:47:26","companyLabelList":["绩效奖金","五险一金","交通补助","带薪年假"],"approve":1,"companySize":"2000人以上","score":0,"companyFullName":"北京爱奇艺科技有限公司","adWord":0,"formatCreateTime":"09:47发布","publisherId":24712,"explain":null,"plus":null,"pcShow":0,"appShow":0,"deliver":0,"gradeDescription":null,"businessZones":["中关村","北京大学","苏州街"],"imState":"today","lastLogin":1472546333000},{"companyId":3490,"positionName":"Java","workYear":"3-5年","education":"本科","jobNature":"全职","financeStage":"成长型(A轮)","companyLogo":"i/image/M00/24/37/Cgp3O1cZyoCARmqOAAAZhrs-xIY498.jpg","industryField":"移动互联网,游戏","companyShortName":"太能沃可","city":"北京","salary":"15k-30k","positionId":2271225,"positionAdvantage":"五险一金,弹性工作制","district":"朝阳区","createTime":"2016-08-30 09:47:12","companyLabelList":["节日礼物","带薪年假","岗位晋升","年度旅游"],"approve":1,"companySize":"50-150人","score":0,"companyFullName":"北京太能沃可网络科技股份有限公司","adWord":0,"formatCreateTime":"09:47发布","publisherId":33408,"explain":null,"plus":null,"pcShow":0,"appShow":0,"deliver":0,"gradeDescription":null,"businessZones":null,"imState":"today","lastLogin":1472551982000},{"companyId":128987,"positionName":"Java","workYear":"3-5年","education":"本科","jobNature":"全职","financeStage":"成长型(A轮)","companyLogo":"i/image/M00/2A/B7/CgqKkVcy6daATIVkAAChibH0aPg199.png","industryField":"医疗健康,数据服务","companyShortName":"kbs","city":"北京","salary":"10k-17k","positionId":1810698,"positionAdvantage":"弹性工作制，团队nice","district":"朝阳区","createTime":"2016-08-30 09:45:58","companyLabelList":["年底双薪","股票期权","带薪年假","弹性工作"],"approve":0,"companySize":"15-50人","score":0,"companyFullName":"南京康伯石信息技术有限公司","adWord":0,"formatCreateTime":"09:45发布","publisherId":5043900,"explain":null,"plus":null,"pcShow":0,"appShow":0,"deliver":0,"gradeDescription":null,"businessZones":["大望路","红庙","京广桥"],"imState":"today","lastLogin":1472521541000},{"companyId":61871,"positionName":"java 后端开发工程师","workYear":"3-5年","education":"本科","jobNature":"全职","financeStage":"成长型(A轮)","companyLogo":"i/image/M00/34/B4/CgqKkVdWadCAMWouAAARTNoHgCM705.png","industryField":"移动互联网","companyShortName":"阅客公司—唔哩","city":"北京","salary":"20k-40k","positionId":1437737,"positionAdvantage":"五险一金啥的都不用说了，想要的都有哈、、","district":"朝阳区","createTime":"2016-08-30 09:45:17","companyLabelList":["节日礼物","免费班车","股票期权","带薪年假"],"approve":1,"companySize":"50-150人","score":0,"companyFullName":"上海阅客信息科技有限公司","adWord":0,"formatCreateTime":"09:45发布","publisherId":1553721,"explain":null,"plus":null,"pcShow":0,"appShow":0,"deliver":0,"gradeDescription":null,"businessZones":["亮马桥","三元桥","燕莎"],"imState":"disabled","lastLogin":1472521435000},{"companyId":66815,"positionName":"Java工程师（紧急）","workYear":"3-5年","education":"大专","jobNature":"全职","financeStage":"成熟型(不需要融资)","companyLogo":"i/image/M00/21/B4/Cgp3O1cSVe6AYhJZAAAK_R6JpGA791.jpg","industryField":"移动互联网,金融","companyShortName":"达飞财富","city":"北京","salary":"15k-25k","positionId":1804489,"positionAdvantage":"地铁站附近工作；晋升空间；双休","district":"朝阳区","createTime":"2016-08-30 09:45:12","companyLabelList":["技能培训","带薪年假","岗位晋升","管理规范"],"approve":1,"companySize":"2000人以上","score":0,"companyFullName":"达飞普惠财富投资管理（北京）有限公司","adWord":0,"formatCreateTime":"09:45发布","publisherId":5033274,"explain":null,"plus":null,"pcShow":0,"appShow":0,"deliver":0,"gradeDescription":null,"businessZones":["四惠","八里庄","十里堡"],"imState":"disabled","lastLogin":1472521501000},{"companyId":103041,"positionName":"Java开发工程师","workYear":"1-3年","education":"大专","jobNature":"全职","financeStage":"初创型(天使轮)","companyLogo":"i/image/M00/3D/D7/Cgp3O1dzNiiAO3sIAAdB7-Cvzms556.jpg","industryField":"O2O,医疗健康","companyShortName":"悦康送","city":"北京","salary":"8k-15k","positionId":1355206,"positionAdvantage":"年轻团队，工作时间灵活，免费食宿","district":"大兴区","createTime":"2016-08-30 09:45:08","companyLabelList":["股票期权","专项奖金","绩效奖金","美女多"],"approve":1,"companySize":"15-50人","score":0,"companyFullName":"北京恒通互联信息技术有限公司","adWord":0,"formatCreateTime":"09:45发布","publisherId":3121640,"explain":null,"plus":null,"pcShow":0,"appShow":0,"deliver":0,"gradeDescription":null,"businessZones":null,"imState":"disabled","lastLogin":1472546507000}]}},"code":0}