{"resubmitToken":null,"success":true,"requestId":null,"msg":null,"content":{"pageNo":51,"pageSize":15,"positionResult":{"totalCount":12338,"resultSize":15,"locationInfo":{"city":"北京","district":null,"businessZone":null,"queryByGisCode":false,"locationCode":null},"queryAnalysisInfo":{"positionName":"java","companyName":null,"industryName":null,"usefulCompany":false},"strategyProperty":{"name":"dm-csearch-newSimScorer","id":1},"result":[{"companyId":129,"positionName":"Java开发工程师","workYear":"1-3年","education":"本科","jobNature":"全职","createTime":"2016-08-29 14:08:59","companyShortName":"陌陌","positionId":827689,"salary":"15k-25k","approve":1,"city":"北京","positionAdvantage":"足够宽广的上升空间 , 一流的办公环境","companyLogo":"upload/logo/ff8080814bcef7c9014bda8adac101a4.png","industryField":"社交网络","companyLabelList":["岗位晋升","帅哥多","管理规范","技能培训"],"financeStage":"上市公司","district":"朝阳区","score":0,"companySize":"150-500人","companyFullName":"北京陌陌科技有限公司","adWord":0,"formatCreateTime":"1天前发布","imState":"today","lastLogin":1472555535000,"publisherId":15724,"explain":null,"plus":null,"pcShow":0,"appShow":0,"deliver":0,"gradeDescription":null,"businessZones":["望京","大山子","花家地"]},{"companyId":85096,"positionName":"3年以上Java开发工程师","workYear":"3-5年","education":"本科","jobNature":"全职","createTime":"2016-08-29 13:29:08","companyShortName":"风扬天顺","positionId":2231761,"salary":"9k-14k","approve":1,"city":"北京","positionAdvantage":"五险 节日福利 带薪年假 绩效奖金 加班补助","companyLogo":"i/image/M00/03/94/CgqKkVbBcL-AN-zAAABfZGGR42k212.jpg","industryField":"移动互联网","companyLabelList":["节日礼物","带薪年假","绩效奖金","岗位晋升"],"financeStage":"初创型(天使轮)","district":"海淀区","score":0,"companySize":"15-50人","companyFullName":"北京风扬天顺科技有限公司","adWord":0,"formatCreateTime":"1天前发布","imState":"today","lastLogin":1472545444000,"publisherId":3871251,"explain":null,"plus":null,"pcShow":0,"appShow":0,"deliver":0,"gradeDescription":null,"businessZones":["上地","西二旗","马连洼"]},{"companyId":4838,"positionName":"Java开发工程师","workYear":"1-3年","education":"本科","jobNature":"全职","createTime":"2016-08-29 13:13:35","companyShortName":"安邦保险集团","positionId":588388,"salary":"10k-20k","approve":1,"city":"北京","positionAdvantage":"发展机会多；五险一金、带薪年假等","companyLogo":"image1/M00/00/0B/CgYXBlTUWBuAUJAkAAB6cj6qvIk863.jpg","industryField":"移动互联网,金融","companyLabelList":["绩效奖金","专项奖金","五险一金","通讯津贴"],"financeStage":"成熟型(不需要融资)","district":"朝阳区","score":0,"companySize":"2000人以上","companyFullName":"安邦保险集团股份有限公司","adWord":0,"formatCreateTime":"1天前发布","imState":"today","lastLogin":1472520226000,"publisherId":1596525,"explain":null,"plus":null,"pcShow":0,"appShow":0,"deliver":0,"gradeDescription":null,"businessZones":["建外大街","国贸","CBD"]},{"companyId":4836,"positionName":"中级JAVA研发工程师","workYear":"3-5年","education":"本科","jobNature":"全职","createTime":"2016-08-29 13:10:24","companyShortName":"京东商城","positionId":1781455,"salary":"15k-25k","approve":1,"city":"北京","positionAdvantage":"班车、10天产假、补充医疗、团建","companyLogo":"image2/M00/07/C8/CgpzWlYAsfGATpk7AAAJkGWG2kk774.png?cc=0.19381895544938743","industryField":"电子商务","companyLabelList":["技能培训","年底双薪","节日礼物","绩效奖金"],"financeStage":"上市公司","district":"大兴区","score":0,"companySize":"2000人以上","companyFullName":"北京京东尚科信息技术有限公司","adWord":0,"formatCreateTime":"1天前发布","imState":"today","lastLogin":1472530421000,"publisherId":2006932,"explain":null,"plus":null,"pcShow":0,"appShow":0,"deliver":0,"gradeDescription":null,"businessZones":null},{"companyId":55446,"positionName":"高级Java","workYear":"3-5年","education":"本科","jobNature":"全职","createTime":"2016-08-29 12:58:51","companyShortName":"链家网","positionId":2298947,"salary":"20k-40k","approve":1,"city":"北京","positionAdvantage":"免费三餐 弹性工作制 工作环境好","companyLogo":"i/image/M00/03/92/Cgp3O1bBZp6ANvoaAAAb17EHQMc096.png","industryField":"移动互联网,O2O","companyLabelList":["股票期权","带薪年假","绩效奖金","扁平管理"],"financeStage":"初创型(未融资)","district":null,"score":0,"companySize":"500-2000人","companyFullName":"链家网（北京）科技有限公司","adWord":0,"formatCreateTime":"1天前发布","imState":"today","lastLogin":1472544503000,"publisherId":1380273,"explain":null,"plus":null,"pcShow":0,"appShow":0,"deliver":0,"gradeDescription":null,"businessZones":null},{"companyId":74405,"positionName":"Java","workYear":"3-5年","education":"本科","jobNature":"全职","createTime":"2016-08-29 12:44:00","companyShortName":"北京晶朝科技有限责任公司","positionId":2298897,"salary":"10k-15k","approve":0,"city":"北京","positionAdvantage":"福利好、团建多","companyLogo":"i/image/M00/44/15/CgqKkVeErs-ARvXOAAANlVZwWWc809.jpg","industryField":"移动互联网","companyLabelList":["技能培训","带薪年假","绩效奖金","岗位晋升"],"financeStage":"成长型(A轮)","district":"海淀区","score":0,"companySize":"50-150人","companyFullName":"北京晶朝科技有限责任公司","adWord":0,"formatCreateTime":"1天前发布","imState":"today","lastLogin":1472552194000,"publisherId":2147703,"explain":null,"plus":null,"pcShow":0,"appShow":0,"deliver":0,"gradeDescription":null,"businessZones":["上地","马连洼"]},{"companyId":56363,"positionName":"java 开发工程师","workYear":"1-3年","education":"本科","jobNature":"全职","createTime":"2016-08-29 12:31:54","companyShortName":"安易信","positionId":2261564,"salary":"8k-15k","approve":0,"city":"北京","positionAdvantage":"职业发展前景广阔","companyLogo":"i/image/M00/54/59/Cgp3O1fDvDmAB5CZAAAhm3u5iOQ647.png","industryField":"金融,数据服务","companyLabelList":["技能培训","年底双薪","专项奖金","带薪年假"],"financeStage":"初创型(未融资)","district":"海淀区","score":0,"companySize":"15-50人","companyFullName":"北京安易信科技有限公司","adWord":0,"formatCreateTime":"1天前发布","imState":"today","lastLogin":1472537844000,"publisherId":5946437,"explain":null,"plus":null,"pcShow":0,"appShow":0,"deliver":0,"gradeDescription":null,"businessZones":["蓟门桥","北太平庄","大钟寺"]},{"companyId":28393,"positionName":"高级Java开发工程师","workYear":"3-5年","education":"本科","jobNature":"全职","createTime":"2016-08-29 12:30:45","companyShortName":"云校","positionId":249523,"salary":"15k-30k","approve":1,"city":"北京","positionAdvantage":"前百度首席架构师（T11）","companyLogo":"image1/M00/00/3E/CgYXBlTUXL2ANrS3AAB8JdlqzI8331.jpg","industryField":"教育,数据服务","companyLabelList":["技能培训","节日礼物","股票期权","带薪年假"],"financeStage":"成长型(B轮)","district":"朝阳区","score":0,"companySize":"150-500人","companyFullName":"北京华樾信息技术研究院","adWord":0,"formatCreateTime":"1天前发布","imState":"today","lastLogin":1472560280000,"publisherId":373381,"explain":null,"plus":null,"pcShow":0,"appShow":0,"deliver":0,"gradeDescription":null,"businessZones":["望京","大山子","花家地"]},{"companyId":24561,"positionName":"Java高级开发工程师","workYear":"3-5年","education":"本科","jobNature":"全职","createTime":"2016-08-29 12:20:26","companyShortName":"国美在线","positionId":2121124,"salary":"15k-25k","approve":1,"city":"北京","positionAdvantage":"弹性工作、无限发展空间","companyLogo":"image1/M00/00/32/CgYXBlTUXIqAYCE1AABbkDS4YJQ606.jpg","industryField":"电子商务","companyLabelList":["节日礼物","年底双薪","绩效奖金","岗位晋升"],"financeStage":"上市公司","district":null,"score":0,"companySize":"2000人以上","companyFullName":"国美在线电子商务有限公司","adWord":0,"formatCreateTime":"1天前发布","imState":"today","lastLogin":1472538488000,"publisherId":5570325,"explain":null,"plus":null,"pcShow":0,"appShow":0,"deliver":0,"gradeDescription":null,"businessZones":null},{"companyId":15613,"positionName":"Java","workYear":"1年以下","education":"本科","jobNature":"全职","createTime":"2016-08-29 12:11:42","companyShortName":"日事清","positionId":2298814,"salary":"6k-10k","approve":1,"city":"北京","positionAdvantage":"工作氛围1024 交通便利 福利满满 成长迅速","companyLogo":"i/image/M00/52/0F/Cgp3O1e6nwCADjcBAAB05-pksyA649.png","industryField":"企业服务","companyLabelList":["技能培训","股票期权","岗位晋升","4点半下班"],"financeStage":"成长型(A轮)","district":"昌平区","score":0,"companySize":"15-50人","companyFullName":"北京创仕科锐信息技术有限公司","adWord":0,"formatCreateTime":"1天前发布","imState":"today","lastLogin":1472559138000,"publisherId":152339,"explain":null,"plus":null,"pcShow":0,"appShow":0,"deliver":0,"gradeDescription":null,"businessZones":["立水桥","天通苑"]},{"companyId":50702,"positionName":"高级JAVA开发工程师/技术专家","workYear":"3-5年","education":"本科","jobNature":"全职","createTime":"2016-08-29 12:05:54","companyShortName":"美团点评","positionId":1934007,"salary":"20k-40k","approve":1,"city":"北京","positionAdvantage":"MacBook+27寸高清显示器 人体工学椅 餐补","companyLogo":"i/image/M00/4B/6C/CgqKkVefHv-AFoRzAAAuALF7ZZ0419.png","industryField":"移动互联网,O2O","companyLabelList":["技能培训","绩效奖金","岗位晋升","领导好"],"financeStage":"成熟型(D轮及以上)","district":"朝阳区","score":0,"companySize":"2000人以上","companyFullName":"北京三快在线科技有限公司","adWord":0,"formatCreateTime":"1天前发布","imState":"today","lastLogin":1472546312000,"publisherId":136837,"explain":null,"plus":null,"pcShow":0,"appShow":0,"deliver":0,"gradeDescription":null,"businessZones":["望京","来广营"]},{"companyId":5754,"positionName":"高级Java开发工程师","workYear":"3-5年","education":"本科","jobNature":"全职","createTime":"2016-08-29 12:04:49","companyShortName":"ENJOY","positionId":34132,"salary":"15k-30k","approve":1,"city":"北京","positionAdvantage":"高度自由的技术氛围，丰厚的福利待遇奖金","companyLogo":"image1/M00/3A/9D/CgYXBlWt9SaAHpKzAAAV65eZWy0188.png","industryField":"移动互联网,社交网络","companyLabelList":["股票期权","绩效奖金","五险一金","带薪年假"],"financeStage":"成熟型(C轮)","district":"朝阳区","score":0,"companySize":"150-500人","companyFullName":"北京严肃科技有限公司","adWord":0,"formatCreateTime":"1天前发布","imState":"today","lastLogin":1472561440000,"publisherId":57942,"explain":null,"plus":null,"pcShow":0,"appShow":0,"deliver":0,"gradeDescription":null,"businessZones":["三里屯","工体","团结湖"]},{"companyId":27520,"positionName":"资深Java开发工程师","workYear":"5-10年","education":"本科","jobNature":"全职","createTime":"2016-08-29 12:04:14","companyShortName":"智慧树","positionId":2298780,"salary":"24k-35k","approve":1,"city":"北京","positionAdvantage":"16薪 工作居住证","companyLogo":"i/image/M00/22/CF/Cgp3O1cV5SCAezj2AAARFhbqJlQ327.jpg","industryField":"移动互联网","companyLabelList":["团队给力","行业第一","带薪年假","午餐补助"],"financeStage":"成长型(B轮)","district":"朝阳区","score":0,"companySize":"150-500人","companyFullName":"北京环宇万维科技有限公司","adWord":0,"formatCreateTime":"1天前发布","imState":"disabled","lastLogin":1472558692000,"publisherId":894628,"explain":null,"plus":null,"pcShow":0,"appShow":0,"deliver":0,"gradeDescription":null,"businessZones":["十里堡","姚家园","甘露园"]},{"companyId":123777,"positionName":"Java","workYear":"3-5年","education":"不限","jobNature":"全职","createTime":"2016-08-29 12:01:51","companyShortName":"通力互联","positionId":2298760,"salary":"10k-15k","approve":0,"city":"北京","positionAdvantage":"上市公司 平台发展好 免费班车 带薪年假","companyLogo":"i/image/M00/2E/03/CgqKkVc9jmCAI8DpAAD09YLPnBk157.png","industryField":"电子商务,企业服务","companyLabelList":["绩效奖金","交通补助","定期体检","通讯津贴"],"financeStage":"成熟型(不需要融资)","district":"海淀区","score":0,"companySize":"2000人以上","companyFullName":"北京通力互联技术服务有限公司","adWord":0,"formatCreateTime":"1天前发布","imState":"disabled","lastLogin":1472546721000,"publisherId":5085203,"explain":null,"plus":null,"pcShow":0,"appShow":0,"deliver":0,"gradeDescription":null,"businessZones":["西北旺","马连洼","上地"]},{"companyId":21863,"positionName":"JAVA【北京】","workYear":"1-3年","education":"本科","jobNature":"全职","createTime":"2016-08-29 11:59:59","companyShortName":"安硕信息（amarsoft）","positionId":824158,"salary":"6k-12k","approve":1,"city":"北京","positionAdvantage":"酷炫产品，活力团队，待遇优厚","companyLogo":"i/image/M00/26/1E/Cgp3O1cga6mANm5ZAAAQzwbf930870.png","industryField":"金融","companyLabelList":["岗位晋升","顶尖团队","福利优厚","股票期权"],"financeStage":"上市公司","district":"东城区","score":0,"companySize":"2000人以上","companyFullName":"上海安硕信息技术股份有限公司","adWord":0,"formatCreateTime":"1天前发布","imState":"today","lastLogin":1472549382000,"publisherId":250158,"explain":null,"plus":null,"pcShow":0,"appShow":0,"deliver":0,"gradeDescription":null,"businessZones":null}]}},"code":0}