{"resubmitToken":null,"success":true,"requestId":null,"msg":null,"content":{"pageNo":88,"pageSize":15,"positionResult":{"totalCount":12338,"resultSize":15,"locationInfo":{"city":"北京","district":null,"queryByGisCode":false,"businessZone":null,"locationCode":null},"queryAnalysisInfo":{"positionName":"java","companyName":null,"industryName":null,"usefulCompany":false},"strategyProperty":{"name":"dm-csearch-newSimScorer","id":1},"result":[{"companyFullName":"新浪网技术（中国）有限公司","adWord":0,"companyId":25592,"formatCreateTime":"2016-08-26","businessZones":["西北旺","马连洼","上地"],"imState":"disabled","lastLogin":1472527299000,"positionId":1780094,"industryField":"文化娱乐","education":"本科","workYear":"1-3年","city":"北京","positionAdvantage":"业务 + 技术","createTime":"2016-08-26 09:50:55","salary":"10k-20k","positionName":"Java","companySize":"2000人以上","companyShortName":"新浪网","companyLogo":"image1/M00/00/35/Cgo8PFTUXJeAJhm5AAAyDX2QCwc674.jpg","financeStage":"上市公司","approve":1,"jobNature":"全职","companyLabelList":["免费班车","岗位晋升","五险一金","定期体检"],"district":"海淀区","score":0,"publisherId":970190,"explain":null,"plus":null,"pcShow":0,"appShow":0,"deliver":0,"gradeDescription":null},{"companyFullName":"北京锦绣大地电子商务有限公司","adWord":0,"companyId":66470,"formatCreateTime":"2016-08-26","businessZones":["田村"],"imState":"threeDays","lastLogin":1472456826000,"positionId":1008484,"industryField":"电子商务","education":"大专","workYear":"3-5年","city":"北京","positionAdvantage":"免费午餐，互联网电商，五险一金，定期团建","createTime":"2016-08-26 09:50:24","salary":"10k-15k","positionName":"Java开发","companySize":"150-500人","companyShortName":"锦绣大地电子商务","companyLogo":"i/image/M00/02/8A/Cgp3O1aTfdOATxy6AACgyQIRoG4093.jpg","financeStage":"成长型(不需要融资)","approve":0,"jobNature":"全职","companyLabelList":["绩效奖金","岗位晋升","扁平管理","领导好"],"district":"海淀区","score":0,"publisherId":594418,"explain":null,"plus":null,"pcShow":0,"appShow":0,"deliver":0,"gradeDescription":null},{"companyFullName":"京东商城","adWord":0,"companyId":35422,"formatCreateTime":"2016-08-26","businessZones":null,"imState":"disabled","lastLogin":1472441268000,"positionId":2145947,"industryField":"电子商务","education":"本科","workYear":"3-5年","city":"北京","positionAdvantage":"互联网,高并发,大数据","createTime":"2016-08-26 09:39:39","salary":"12k-18k","positionName":"Java","companySize":"2000人以上","companyShortName":"京东","companyLogo":"i/image/M00/08/D2/Cgp3O1bRFcSAHMtPAAAelCJqdO8411.png","financeStage":"上市公司","approve":0,"jobNature":"全职","companyLabelList":["年底双薪","节日礼物","技能培训","岗位晋升"],"district":"大兴区","score":0,"publisherId":5746196,"explain":null,"plus":null,"pcShow":0,"appShow":0,"deliver":0,"gradeDescription":null},{"companyFullName":"信和惠民投资管理（北京）有限公司","adWord":0,"companyId":118287,"formatCreateTime":"2016-08-26","businessZones":["团结湖","三里屯","工体"],"imState":"disabled","lastLogin":1472547272000,"positionId":2258952,"industryField":"移动互联网,金融","education":"本科","workYear":"3-5年","city":"北京","positionAdvantage":"五险一金/平台稳定/领导nice","createTime":"2016-08-26 09:39:34","salary":"15k-25k","positionName":"中高级Java开发工程师","companySize":"2000人以上","companyShortName":"信和财富","companyLogo":"i/image/M00/0F/26/CgqKkVbdU4CARusUAAA3syhFI7A812.jpg","financeStage":"成熟型(不需要融资)","approve":0,"jobNature":"全职","companyLabelList":["年底双薪","绩效奖金","午餐补助","带薪年假"],"district":"朝阳区","score":0,"publisherId":4868922,"explain":null,"plus":null,"pcShow":0,"appShow":0,"deliver":0,"gradeDescription":null},{"companyFullName":"北京博宏慧点科技有限公司","adWord":0,"companyId":40597,"formatCreateTime":"2016-08-26","businessZones":["安贞","小关","和平街"],"imState":"today","lastLogin":1472521236000,"positionId":1622693,"industryField":"企业服务","education":"大专","workYear":"3-5年","city":"北京","positionAdvantage":"成长空间大，待遇优厚","createTime":"2016-08-26 09:36:49","salary":"8k-12k","positionName":"Java","companySize":"50-150人","companyShortName":"博宏慧点","companyLogo":"image1/M00/00/64/Cgo8PFTUXVyAVYQGAAA9NU97888606.jpg","financeStage":"初创型(天使轮)","approve":0,"jobNature":"全职","companyLabelList":null,"district":"朝阳区","score":0,"publisherId":747700,"explain":null,"plus":null,"pcShow":0,"appShow":0,"deliver":0,"gradeDescription":null},{"companyFullName":"星河互联集团有限公司","adWord":0,"companyId":116752,"formatCreateTime":"2016-08-26","businessZones":null,"imState":"today","lastLogin":1472559870000,"positionId":2124224,"industryField":"电子商务,移动互联网","education":"本科","workYear":"3-5年","city":"北京","positionAdvantage":"NICE团队","createTime":"2016-08-26 09:36:29","salary":"15k-30k","positionName":"后台开发工程师（Java）","companySize":"150-500人","companyShortName":"星河互联集团","companyLogo":"i/image/M00/09/C8/Cgp3O1bTov-AIGwwAAATKENfN88196.jpg","financeStage":"成长型(不需要融资)","approve":0,"jobNature":"全职","companyLabelList":["年底双薪","交通补助","午餐补助","通讯津贴"],"district":null,"score":0,"publisherId":4173906,"explain":null,"plus":null,"pcShow":0,"appShow":0,"deliver":0,"gradeDescription":null},{"companyFullName":"太库科技创业发展有限有限公司","adWord":0,"companyId":132985,"formatCreateTime":"2016-08-26","businessZones":["中关村","五道口","北京大学"],"imState":"disabled","lastLogin":1472520086000,"positionId":1959690,"industryField":"企业服务,O2O","education":"不限","workYear":"3-5年","city":"北京","positionAdvantage":"高成长性跨国公司 ，创业活力团队","createTime":"2016-08-26 09:36:18","salary":"15k-20k","positionName":"Java开发工程师","companySize":"150-500人","companyShortName":"全球创业者的国度","companyLogo":"i/image/M00/33/4E/CgqKkVdRFdGALrADAABcoZWG_zo934.jpg","financeStage":"成长型(不需要融资)","approve":0,"jobNature":"全职","companyLabelList":["定期体检","节日礼物","扁平管理","五险一金"],"district":"海淀区","score":0,"publisherId":5256225,"explain":null,"plus":null,"pcShow":0,"appShow":0,"deliver":0,"gradeDescription":null},{"companyFullName":"北京和佳汇智技术有限公司","adWord":0,"companyId":19201,"formatCreateTime":"2016-08-26","businessZones":["阜成门","南礼士路","月坛"],"imState":"today","lastLogin":1472547177000,"positionId":1976890,"industryField":"企业服务,金融","education":"本科","workYear":"1-3年","city":"北京","positionAdvantage":"非外包公司","createTime":"2016-08-26 09:33:25","salary":"8k-12k","positionName":"Java","companySize":"50-150人","companyShortName":"和佳汇智","companyLogo":"image1/M00/00/23/Cgo8PFTUWHuARq0xAAAz03Gv2DA139.png","financeStage":"成长型(不需要融资)","approve":1,"jobNature":"全职","companyLabelList":["带薪年假","年度旅游","岗位晋升","专项奖金"],"district":"西城区","score":0,"publisherId":256623,"explain":null,"plus":null,"pcShow":0,"appShow":0,"deliver":0,"gradeDescription":null},{"companyFullName":"北京三快在线科技有限公司","adWord":0,"companyId":50702,"formatCreateTime":"2016-08-26","businessZones":["望京","来广营"],"imState":"disabled","lastLogin":1472525790000,"positionId":498083,"industryField":"移动互联网,O2O","education":"本科","workYear":"3-5年","city":"北京","positionAdvantage":"五险一金、福利、期权、上下班班车","createTime":"2016-08-26 09:31:28","salary":"20k-40k","positionName":"高级Java开发工程师/架构师","companySize":"2000人以上","companyShortName":"美团点评","companyLogo":"i/image/M00/4B/6C/CgqKkVefHv-AFoRzAAAuALF7ZZ0419.png","financeStage":"成熟型(D轮及以上)","approve":1,"jobNature":"全职","companyLabelList":["技能培训","绩效奖金","岗位晋升","领导好"],"district":"朝阳区","score":0,"publisherId":751321,"explain":null,"plus":null,"pcShow":0,"appShow":0,"deliver":0,"gradeDescription":null},{"companyFullName":"瑞金麟网络技术服务有限公司","adWord":0,"companyId":7064,"formatCreateTime":"2016-08-26","businessZones":["将台路","酒仙桥","大山子"],"imState":"disabled","lastLogin":1472466236000,"positionId":1953032,"industryField":"电子商务,O2O","education":"大专","workYear":"3-5年","city":"北京","positionAdvantage":"一年4次晋升2次调薪、弹性工作制","createTime":"2016-08-26 09:29:45","salary":"18k-30k","positionName":"高级Java工程师","companySize":"500-2000人","companyShortName":"北京瑞金麟网络技术服务有限公司","companyLogo":"image1/M00/10/2A/CgYXBlT-Z2eAJ85UAACcdZZPPiQ224.jpg","financeStage":"成长型(B轮)","approve":1,"jobNature":"全职","companyLabelList":["节日礼物","股票期权","带薪年假","绩效奖金"],"district":"朝阳区","score":0,"publisherId":2306210,"explain":null,"plus":null,"pcShow":0,"appShow":0,"deliver":0,"gradeDescription":null},{"companyFullName":"中科软科技股份有限公司","adWord":0,"companyId":74470,"formatCreateTime":"2016-08-26","businessZones":["西二旗","龙泽","回龙观"],"imState":"disabled","lastLogin":1472551313000,"positionId":1475539,"industryField":"移动互联网,数据服务","education":"本科","workYear":"3-5年","city":"北京","positionAdvantage":"带薪年假 公积金全额 七险一金 每半年调薪","createTime":"2016-08-26 09:28:56","salary":"18k-23k","positionName":"Java开发","companySize":"500-2000人","companyShortName":"中科软","companyLogo":"images/logo_default.png","financeStage":"上市公司","approve":0,"jobNature":"全职","companyLabelList":["技能培训","节日礼物","专项奖金","带薪年假"],"district":"海淀区","score":0,"publisherId":1838805,"explain":null,"plus":null,"pcShow":0,"appShow":0,"deliver":0,"gradeDescription":null},{"companyFullName":"众智融金（北京）资产管理有限公司","adWord":0,"companyId":119613,"formatCreateTime":"2016-08-26","businessZones":["酒仙桥","将台路","大山子"],"imState":"threeDays","lastLogin":1472433140000,"positionId":1786208,"industryField":"移动互联网,O2O","education":"不限","workYear":"3-5年","city":"北京","positionAdvantage":"六险一金，带薪年假，工作居住证，定期体检","createTime":"2016-08-26 09:22:58","salary":"15k-20k","positionName":"Java开发工程师","companySize":"150-500人","companyShortName":"钱包生活","companyLogo":"i/image/M00/14/1D/CgqKkVbo1RCAAvpgAAB2Lrqj7ys207.jpg","financeStage":"成长型(A轮)","approve":0,"jobNature":"全职","companyLabelList":["年底双薪","绩效奖金","带薪年假","定期体检"],"district":"朝阳区","score":0,"publisherId":4973778,"explain":null,"plus":null,"pcShow":0,"appShow":0,"deliver":0,"gradeDescription":null},{"companyFullName":"东方邦信金融科技（上海）有限公司","adWord":0,"companyId":50826,"formatCreateTime":"2016-08-26","businessZones":["广安门","广外大街","天宁寺"],"imState":"today","lastLogin":1472551430000,"positionId":1505097,"industryField":"金融","education":"本科","workYear":"3-5年","city":"北京","positionAdvantage":"全额六险一金 国企背景 互联网气氛 大拿多","createTime":"2016-08-26 09:17:59","salary":"9k-18k","positionName":"Java中级开发工程师","companySize":"150-500人","companyShortName":"东方金科","companyLogo":"i/image/M00/17/B9/Cgp3O1bySxmANMQ4AAAXpRklA4s160.jpg","financeStage":"成长型(不需要融资)","approve":1,"jobNature":"全职","companyLabelList":["技能培训","年底双薪","节日礼物","绩效奖金"],"district":"西城区","score":0,"publisherId":2572595,"explain":null,"plus":null,"pcShow":0,"appShow":0,"deliver":0,"gradeDescription":null},{"companyFullName":"北京六趣网络科技有限公司","adWord":0,"companyId":24489,"formatCreateTime":"2016-08-26","businessZones":["西二旗","龙泽","回龙观"],"imState":"today","lastLogin":1472576066000,"positionId":2142900,"industryField":"游戏","education":"本科","workYear":"3-5年","city":"北京","positionAdvantage":"季度调薪,弹性工作制,免费午晚餐,无限零食","createTime":"2016-08-26 09:15:17","salary":"15k-20k","positionName":"Java开发工程师","companySize":"50-150人","companyShortName":"橙光游戏","companyLogo":"image1/M00/38/2F/Cgo8PFWk2HiARFFyAABwNRabTLc635.png","financeStage":"成长型(B轮)","approve":1,"jobNature":"全职","companyLabelList":["季度调薪","股票期权","年终分红","专项奖金"],"district":"海淀区","score":0,"publisherId":291269,"explain":null,"plus":null,"pcShow":0,"appShow":0,"deliver":0,"gradeDescription":null},{"companyFullName":"爱康网健康科技（北京）有限公司","adWord":0,"companyId":18291,"formatCreateTime":"2016-08-26","businessZones":["大望路","华贸","百子湾"],"imState":"today","lastLogin":1472555775000,"positionId":1451986,"industryField":"医疗健康","education":"本科","workYear":"3-5年","city":"北京","positionAdvantage":"上市公司，五险一金，年终奖，定期体检","createTime":"2016-08-26 09:14:44","salary":"10k-20k","positionName":"中级Java工程师","companySize":"2000人以上","companyShortName":"爱康国宾集团","companyLogo":"i/image/M00/00/39/Cgp3O1Y2-0-AczEdAAARPcJWGOY370.jpg","financeStage":"上市公司","approve":1,"jobNature":"全职","companyLabelList":["股票期权","五险一金","带薪年假","节日礼物"],"district":"朝阳区","score":0,"publisherId":2380829,"explain":null,"plus":null,"pcShow":0,"appShow":0,"deliver":0,"gradeDescription":null}]}},"code":0}