{"success":true,"requestId":null,"msg":null,"resubmitToken":null,"content":{"pageNo":77,"pageSize":15,"positionResult":{"totalCount":12338,"resultSize":15,"locationInfo":{"city":"北京","district":null,"queryByGisCode":false,"businessZone":null,"locationCode":null},"queryAnalysisInfo":{"positionName":"java","companyName":null,"usefulCompany":false,"industryName":null},"strategyProperty":{"name":"dm-csearch-newSimScorer","id":1},"result":[{"companyId":35422,"companyShortName":"京东","createTime":"2016-08-26 15:58:51","positionId":1652613,"positionAdvantage":"技术挑战，上升空间","salary":"18k-35k","score":0,"workYear":"3-5年","education":"本科","city":"北京","positionName":"资深java开发工程师","companyLogo":"i/image/M00/08/D2/Cgp3O1bRFcSAHMtPAAAelCJqdO8411.png","financeStage":"上市公司","industryField":"电子商务","jobNature":"全职","approve":0,"companySize":"2000人以上","district":"通州区","companyLabelList":["年底双薪","节日礼物","技能培训","岗位晋升"],"adWord":0,"appShow":0,"deliver":0,"formatCreateTime":"2016-08-26","gradeDescription":null,"companyFullName":"京东商城","businessZones":["亦庄"],"imState":"disabled","lastLogin":1472196961000,"publisherId":72490,"explain":null,"plus":null,"pcShow":0},{"companyId":28365,"companyShortName":"中海纪元","createTime":"2016-08-26 15:01:50","positionId":612998,"positionAdvantage":"五险一金、节日福利、员工体检、员工健身房","salary":"8k-15k","score":0,"workYear":"1-3年","education":"大专","city":"北京","positionName":"JAVA中级开发工程师","companyLogo":"image1/M00/00/3E/Cgo8PFTUXLyAU67gAACcyr_bhJE149.jpg","financeStage":"上市公司","industryField":"数据服务","jobNature":"全职","approve":1,"companySize":"500-2000人","district":"海淀区","companyLabelList":["专项奖金","绩效奖金","五险一金","带薪年假"],"adWord":0,"appShow":0,"deliver":0,"formatCreateTime":"2016-08-26","gradeDescription":null,"companyFullName":"北京中海纪元数字技术发展股份有限公司","businessZones":["魏公村","中关村","白石桥"],"imState":"disabled","lastLogin":1472547006000,"publisherId":1467646,"explain":null,"plus":null,"pcShow":0},{"companyId":137505,"companyShortName":"复华控股","createTime":"2016-08-26 14:54:43","positionId":2293519,"positionAdvantage":"五险一金，年终奖，补助","salary":"15k-30k","score":0,"workYear":"3-5年","education":"本科","city":"北京","positionName":"Java","companyLogo":"i/image/M00/40/CD/CgqKkVd7Y7CAHR5GAAEapcDEQzM039.png","financeStage":"成熟型(不需要融资)","industryField":"O2O,金融","jobNature":"全职","approve":1,"companySize":"2000人以上","district":"朝阳区","companyLabelList":null,"adWord":0,"appShow":0,"deliver":0,"formatCreateTime":"2016-08-26","gradeDescription":null,"companyFullName":"复华控股有限公司","businessZones":["团结湖","朝阳公园","三里屯"],"imState":"disabled","lastLogin":1472460820000,"publisherId":5998498,"explain":null,"plus":null,"pcShow":0},{"companyId":1686,"companyShortName":"爱奇艺","createTime":"2016-08-26 14:53:18","positionId":2293509,"positionAdvantage":"团队友好，学习发展机会多，技术控的天堂","salary":"17k-30k","score":0,"workYear":"3-5年","education":"本科","city":"北京","positionName":"Java开发工程师","companyLogo":"image1/M00/00/06/Cgo8PFTUWAaAbD7PAACAXTzCmiw113.jpg","financeStage":"成熟型(D轮及以上)","industryField":"广告营销,文化娱乐","jobNature":"全职","approve":1,"companySize":"2000人以上","district":"海淀区","companyLabelList":["绩效奖金","五险一金","交通补助","带薪年假"],"adWord":0,"appShow":0,"deliver":0,"formatCreateTime":"2016-08-26","gradeDescription":null,"companyFullName":"北京爱奇艺科技有限公司","businessZones":["中关村","北京大学","苏州街"],"imState":"disabled","lastLogin":1472553945000,"publisherId":8305,"explain":null,"plus":null,"pcShow":0},{"companyId":21225,"companyShortName":"和创金服","createTime":"2016-08-26 14:53:11","positionId":2162845,"positionAdvantage":"有执行力的团队","salary":"20k-38k","score":0,"workYear":"5-10年","education":"本科","city":"北京","positionName":"Java研发经理","companyLogo":"i/image/M00/4F/6E/CgqKkVexHGiABRLuAABQCQREqzs631.png","financeStage":"成长型(B轮)","industryField":"电子商务,金融","jobNature":"全职","approve":1,"companySize":"500-2000人","district":null,"companyLabelList":["技能培训","节日礼物","带薪年假","绩效奖金"],"adWord":0,"appShow":0,"deliver":0,"formatCreateTime":"2016-08-26","gradeDescription":null,"companyFullName":"北京和创未来网络科技有限公司","businessZones":null,"imState":"today","lastLogin":1472550815000,"publisherId":34352,"explain":null,"plus":null,"pcShow":0},{"companyId":145390,"companyShortName":"北京亿卓信息技术有限公司","createTime":"2016-08-26 14:46:19","positionId":2293441,"positionAdvantage":"定期学习培,五险一金,户外活动,年终奖","salary":"10k-20k","score":0,"workYear":"1-3年","education":"本科","city":"北京","positionName":"Java","companyLogo":"i/image/M00/53/B9/Cgp3O1e_4dKAT5OqAAA0eC9V-hk019.jpg","financeStage":"初创型(不需要融资)","industryField":"企业服务","jobNature":"全职","approve":0,"companySize":"15-50人","district":"海淀区","companyLabelList":["绩效奖金","股票期权","带薪年假"],"adWord":0,"appShow":0,"deliver":0,"formatCreateTime":"2016-08-26","gradeDescription":null,"companyFullName":"北京亿卓信息技术有限公司","businessZones":["苏州街","中关村","北京大学"],"imState":"threeDays","lastLogin":1472437283000,"publisherId":5975955,"explain":null,"plus":null,"pcShow":0},{"companyId":4836,"companyShortName":"京东商城","createTime":"2016-08-26 14:41:41","positionId":1716404,"positionAdvantage":"这里有当下最主流的互联网技术和实战经验","salary":"15k-25k","score":0,"workYear":"3-5年","education":"本科","city":"北京","positionName":"Java研发工程师","companyLogo":"image2/M00/07/C8/CgpzWlYAsfGATpk7AAAJkGWG2kk774.png?cc=0.19381895544938743","financeStage":"上市公司","industryField":"电子商务","jobNature":"全职","approve":1,"companySize":"2000人以上","district":"大兴区","companyLabelList":["技能培训","年底双薪","节日礼物","绩效奖金"],"adWord":0,"appShow":0,"deliver":0,"formatCreateTime":"2016-08-26","gradeDescription":null,"companyFullName":"北京京东尚科信息技术有限公司","businessZones":null,"imState":"disabled","lastLogin":1472521142000,"publisherId":4812501,"explain":null,"plus":null,"pcShow":0},{"companyId":92297,"companyShortName":"子衿晨风","createTime":"2016-08-26 14:41:31","positionId":1511854,"positionAdvantage":"匹配薪资、高科技玩具、娱乐活动丰富","salary":"15k-20k","score":0,"workYear":"3-5年","education":"本科","city":"北京","positionName":"高级Java研发工程师","companyLogo":"image2/M00/00/37/CgpzWlXdYzaAc1ShAAAW6ZvkGso126.jpg?cc=0.17900392413139343","financeStage":"成长型(B轮)","industryField":"移动互联网,企业服务","jobNature":"全职","approve":1,"companySize":"15-50人","district":"朝阳区","companyLabelList":["节日礼物","股票期权","带薪年假","管理规范"],"adWord":0,"appShow":0,"deliver":0,"formatCreateTime":"2016-08-26","gradeDescription":null,"companyFullName":"北京子衿晨风科技有限公司","businessZones":["望京","大山子","花家地"],"imState":"today","lastLogin":1472526786000,"publisherId":1498206,"explain":null,"plus":null,"pcShow":0},{"companyId":50702,"companyShortName":"美团点评","createTime":"2016-08-26 14:39:49","positionId":2087593,"positionAdvantage":"期权","salary":"18k-35k","score":0,"workYear":"3-5年","education":"本科","city":"北京","positionName":"高级java开发工程师","companyLogo":"i/image/M00/4B/6C/CgqKkVefHv-AFoRzAAAuALF7ZZ0419.png","financeStage":"成熟型(D轮及以上)","industryField":"移动互联网,O2O","jobNature":"全职","approve":1,"companySize":"2000人以上","district":"朝阳区","companyLabelList":["技能培训","绩效奖金","岗位晋升","领导好"],"adWord":0,"appShow":0,"deliver":0,"formatCreateTime":"2016-08-26","gradeDescription":null,"companyFullName":"北京三快在线科技有限公司","businessZones":["大山子","花家地"],"imState":"disabled","lastLogin":1472520955000,"publisherId":5628203,"explain":null,"plus":null,"pcShow":0},{"companyId":96200,"companyShortName":"神州数码","createTime":"2016-08-26 14:37:22","positionId":2257442,"positionAdvantage":"有竞争力的平台","salary":"15k-30k","score":0,"workYear":"3-5年","education":"本科","city":"北京","positionName":"Java","companyLogo":"image2/M00/06/37/CgpzWlX5NH-AC2KxAAAF-0lAhhU434.jpg?cc=0.34001867822371423","financeStage":"上市公司","industryField":"移动互联网,企业服务","jobNature":"全职","approve":0,"companySize":"500-2000人","district":"朝阳区","companyLabelList":["带薪年假","通讯津贴","交通补助","五险一金"],"adWord":0,"appShow":0,"deliver":0,"formatCreateTime":"2016-08-26","gradeDescription":null,"companyFullName":"神州数码(中国)有限公司","businessZones":["酒仙桥","将台路","大山子"],"imState":"today","lastLogin":1472520150000,"publisherId":4868884,"explain":null,"plus":null,"pcShow":0},{"companyId":50889,"companyShortName":"和创科技（红圈营销）","createTime":"2016-08-26 14:36:19","positionId":1202237,"positionAdvantage":"上市公司，持续股权激励，技术极客云集！","salary":"20k-35k","score":0,"workYear":"3-5年","education":"本科","city":"北京","positionName":"Java","companyLogo":"i/image/M00/03/44/Cgp3O1ax7JWAOSzUAABS3OF0A7w289.jpg","financeStage":"上市公司","industryField":"移动互联网,企业服务","jobNature":"全职","approve":1,"companySize":"2000人以上","district":"海淀区","companyLabelList":["弹性工作","敏捷研发","股票期权","年底双薪"],"adWord":0,"appShow":0,"deliver":0,"formatCreateTime":"2016-08-26","gradeDescription":null,"companyFullName":"和创（北京）科技股份有限公司","businessZones":["中关村","北京大学","苏州街"],"imState":"today","lastLogin":1472559909000,"publisherId":2488880,"explain":null,"plus":null,"pcShow":0},{"companyId":78700,"companyShortName":"点豆农业电商","createTime":"2016-08-26 14:34:22","positionId":1908103,"positionAdvantage":"晋升空间大","salary":"10k-20k","score":0,"workYear":"3-5年","education":"本科","city":"北京","positionName":"JAVA高级研发工程师","companyLogo":"image1/M00/30/E2/Cgo8PFWKIZWAcHKdAAAIcEk25Vs064.png?cc=0.9092211162205786","financeStage":"成熟型(不需要融资)","industryField":"移动互联网,电子商务","jobNature":"全职","approve":1,"companySize":"500-2000人","district":"海淀区","companyLabelList":["年底双薪","节日礼物","免费班车","绩效奖金"],"adWord":0,"appShow":0,"deliver":0,"formatCreateTime":"2016-08-26","gradeDescription":null,"companyFullName":"点豆（山东）网络技术有限公司","businessZones":["魏公村","中关村","白石桥"],"imState":"today","lastLogin":1472520546000,"publisherId":1994526,"explain":null,"plus":null,"pcShow":0},{"companyId":39821,"companyShortName":"大猫电商","createTime":"2016-08-26 14:29:44","positionId":2293314,"positionAdvantage":"弹性时间，快速发展","salary":"15k-30k","score":0,"workYear":"不限","education":"大专","city":"北京","positionName":"Java负责人","companyLogo":"i/image/M00/14/BF/CgqKkVbqK6yAYZoyAAAZGMlJ8vc359.jpg","financeStage":"成长型(不需要融资)","industryField":"电子商务","jobNature":"全职","approve":1,"companySize":"150-500人","district":null,"companyLabelList":["带薪年假","岗位晋升","扁平管理","领导好"],"adWord":0,"appShow":0,"deliver":0,"formatCreateTime":"2016-08-26","gradeDescription":null,"companyFullName":"大猫网络科技（北京）有限公司","businessZones":null,"imState":"disabled","lastLogin":1472190196000,"publisherId":4537701,"explain":null,"plus":null,"pcShow":0},{"companyId":8414,"companyShortName":"一点资讯","createTime":"2016-08-26 14:28:18","positionId":2040506,"positionAdvantage":"工作弹性，公司期权，食补，节日福利","salary":"30k-60k","score":0,"workYear":"3-5年","education":"本科","city":"北京","positionName":"高级Java开发工程师","companyLogo":"image1/M00/00/11/CgYXBlTUWDOAeZQdAABbV0qQVPE716.jpg","financeStage":"成熟型(D轮及以上)","industryField":"移动互联网","jobNature":"全职","approve":1,"companySize":"500-2000人","district":"海淀区","companyLabelList":["带薪年假","午餐补助","扁平管理","弹性工作"],"adWord":0,"appShow":0,"deliver":0,"formatCreateTime":"2016-08-26","gradeDescription":null,"companyFullName":"一点网聚科技有限公司","businessZones":["五道口","学院路","北航"],"imState":"threeDays","lastLogin":1472457305000,"publisherId":4862773,"explain":null,"plus":null,"pcShow":0},{"companyId":31317,"companyShortName":"中国金融认证中心","createTime":"2016-08-26 14:23:54","positionId":1867756,"positionAdvantage":"金融国企待遇丰厚，可接触大数据技术","salary":"13k-25k","score":0,"workYear":"不限","education":"本科","city":"北京","positionName":"Java开发工程师（高级）","companyLogo":"i/image/M00/26/D2/CgqKkVci-kaAb4wNAAAWUt8qJLY447.jpg","financeStage":"成熟型(不需要融资)","industryField":"金融,数据服务","jobNature":"全职","approve":1,"companySize":"500-2000人","district":"西城区","companyLabelList":["年底双薪","绩效奖金","管理规范","定期体检"],"adWord":0,"appShow":0,"deliver":0,"formatCreateTime":"2016-08-26","gradeDescription":null,"companyFullName":"中金金融认证中心有限公司","businessZones":["菜市口","陶然亭","白纸坊"],"imState":"disabled","lastLogin":1469042285000,"publisherId":5165422,"explain":null,"plus":null,"pcShow":0}]}},"code":0}