{"resubmitToken":null,"success":true,"requestId":null,"msg":null,"content":{"pageNo":20,"pageSize":15,"positionResult":{"totalCount":12338,"resultSize":15,"locationInfo":{"city":"北京","district":null,"businessZone":null,"queryByGisCode":false,"locationCode":null},"queryAnalysisInfo":{"positionName":"java","companyName":null,"industryName":null,"usefulCompany":false},"strategyProperty":{"name":"dm-csearch-newSimScorer","id":1},"result":[{"companyId":53137,"positionName":"高级Java工程师","workYear":"5-10年","education":"本科","jobNature":"全职","createTime":"2016-08-30 13:08:03","companyShortName":"金色家园科技","positionId":1760447,"salary":"18k-35k","approve":1,"city":"北京","positionAdvantage":"绩效奖金 股票期权 14薪","companyLogo":"image1/M00/26/84/CgYXBlVVpKmAT16vAAB-lRbYIa8041.jpg","industryField":"O2O","companyLabelList":["节日礼物","带薪年假","绩效奖金","管理规范"],"financeStage":"成熟型(不需要融资)","district":"东城区","score":0,"companySize":"500-2000人","companyFullName":"金色家园网络科技有限公司","adWord":0,"formatCreateTime":"13:08发布","imState":"today","lastLogin":1472546768000,"publisherId":2438961,"explain":null,"plus":null,"pcShow":0,"appShow":0,"deliver":0,"gradeDescription":null,"businessZones":["广渠门","光明楼","花市","广渠门","光明楼","花市"]},{"companyId":74308,"positionName":"Java技术经理","workYear":"5-10年","education":"本科","jobNature":"全职","createTime":"2016-08-30 11:37:06","companyShortName":"圈子账本","positionId":2214978,"salary":"15k-30k","approve":1,"city":"北京","positionAdvantage":"产品潜力大,全员期权,晋升空间大","companyLogo":"image1/M00/2B/5B/Cgo8PFVvuyCAHhg0AABkVeH5KN8938.jpg","industryField":"移动互联网,社交网络","companyLabelList":["技能培训","年底双薪","股票期权","带薪年假"],"financeStage":"成长型(A轮)","district":"海淀区","score":0,"companySize":"15-50人","companyFullName":"北京趣发芽科技有限公司","adWord":0,"formatCreateTime":"11:37发布","imState":"threeDays","lastLogin":1472457237000,"publisherId":5498964,"explain":null,"plus":null,"pcShow":0,"appShow":0,"deliver":0,"gradeDescription":null,"businessZones":["魏公村","白石桥","中关村"]},{"companyId":130718,"positionName":"Java开发工程师","workYear":"1-3年","education":"大专","jobNature":"全职","createTime":"2016-08-30 11:31:22","companyShortName":"博士山科技","positionId":1961504,"salary":"8k-12k","approve":1,"city":"北京","positionAdvantage":"绩效奖金 地铁周边 晋升空间大","companyLogo":"i/image/M00/2E/5D/Cgp3O1c-0jWADakkAACSRhl0o7s508.png","industryField":"数据服务,电子商务","companyLabelList":null,"financeStage":"初创型(未融资)","district":"朝阳区","score":0,"companySize":"50-150人","companyFullName":"北京博士山科技有限公司","adWord":0,"formatCreateTime":"11:31发布","imState":"today","lastLogin":1472527877000,"publisherId":5134857,"explain":null,"plus":null,"pcShow":0,"appShow":0,"deliver":0,"gradeDescription":null,"businessZones":["大望路","南磨房","百子湾"]},{"companyId":100581,"positionName":"Java","workYear":"3-5年","education":"不限","jobNature":"全职","createTime":"2016-08-30 11:29:29","companyShortName":"京宝融信息科技","positionId":2269664,"salary":"10k-15k","approve":1,"city":"北京","positionAdvantage":"移动医疗","companyLogo":"image2/M00/0D/10/CgqLKVYeF8KAHH62AAEHAo4iqrM188.png?cc=0.004187320359051228","industryField":"招聘","companyLabelList":["节日礼物","年度旅游","管理规范","领导好"],"financeStage":"初创型(天使轮)","district":"海淀区","score":0,"companySize":"150-500人","companyFullName":"北京京宝融信息科技有限公司","adWord":0,"formatCreateTime":"11:29发布","imState":"today","lastLogin":1472552905000,"publisherId":4540952,"explain":null,"plus":null,"pcShow":0,"appShow":0,"deliver":0,"gradeDescription":null,"businessZones":["大钟寺","蓟门桥","双榆树"]},{"companyId":99481,"positionName":"Java","workYear":"3-5年","education":"不限","jobNature":"全职","createTime":"2016-08-30 11:11:54","companyShortName":"暖流","positionId":1148272,"salary":"10k-20k","approve":0,"city":"北京","positionAdvantage":"待遇面谈","companyLogo":"i/image/M00/06/A8/Cgp3O1bNIDqAFICFAAABeJ3YTmg246.png","industryField":"移动互联网,其他","companyLabelList":["股票期权","绩效奖金","五险一金"],"financeStage":"初创型(天使轮)","district":"海淀区","score":0,"companySize":"15-50人","companyFullName":"北京暖流科技有限公司","adWord":0,"formatCreateTime":"11:11发布","imState":"disabled","lastLogin":1472526682000,"publisherId":2765153,"explain":null,"plus":null,"pcShow":0,"appShow":0,"deliver":0,"gradeDescription":null,"businessZones":["西三旗","清河","小营"]},{"companyId":4836,"positionName":"Java开发工程师","workYear":"3-5年","education":"本科","jobNature":"全职","createTime":"2016-08-30 11:11:21","companyShortName":"京东商城","positionId":2304129,"salary":"15k-25k","approve":1,"city":"北京","positionAdvantage":"成长空间大，发展前景好","companyLogo":"image2/M00/07/C8/CgpzWlYAsfGATpk7AAAJkGWG2kk774.png?cc=0.19381895544938743","industryField":"电子商务","companyLabelList":["技能培训","年底双薪","节日礼物","绩效奖金"],"financeStage":"上市公司","district":null,"score":0,"companySize":"2000人以上","companyFullName":"北京京东尚科信息技术有限公司","adWord":0,"formatCreateTime":"11:11发布","imState":"disabled","lastLogin":1472544782000,"publisherId":5867513,"explain":null,"plus":null,"pcShow":0,"appShow":0,"deliver":0,"gradeDescription":null,"businessZones":null},{"companyId":145722,"positionName":"Java架构师","workYear":"5-10年","education":"本科","jobNature":"全职","createTime":"2016-08-30 11:10:59","companyShortName":"合创传媒","positionId":2304123,"salary":"30k-40k","approve":0,"city":"北京","positionAdvantage":"30-40万 （年薪）","companyLogo":"i/image/M00/54/4F/Cgp3O1fDqtSAftlBAAe507-9B2E044.jpg","industryField":"移动互联网,金融","companyLabelList":null,"financeStage":"成长型(A轮)","district":"海淀区","score":0,"companySize":"15-50人","companyFullName":"北京马甲合创科技有限公司","adWord":0,"formatCreateTime":"11:10发布","imState":"disabled","lastLogin":1472525227000,"publisherId":5991704,"explain":null,"plus":null,"pcShow":0,"appShow":0,"deliver":0,"gradeDescription":null,"businessZones":["苏州街","苏州桥","中关村"]},{"companyId":121993,"positionName":"Java","workYear":"3-5年","education":"本科","jobNature":"全职","createTime":"2016-08-30 11:10:03","companyShortName":"DGI Network","positionId":2304108,"salary":"10k-20k","approve":0,"city":"北京","positionAdvantage":"弹性工作,高薪好福利,期权激励,学习发展","companyLogo":"i/image/M00/19/E9/CgqKkVb469OAG81eAA6PO_YavBk488.png","industryField":"移动互联网,社交网络","companyLabelList":null,"financeStage":"初创型(未融资)","district":"海淀区","score":0,"companySize":"15-50人","companyFullName":"德稻全球创新网络（北京）有限公司","adWord":0,"formatCreateTime":"11:10发布","imState":"disabled","lastLogin":1472545610000,"publisherId":2639477,"explain":null,"plus":null,"pcShow":0,"appShow":0,"deliver":0,"gradeDescription":null,"businessZones":["四季青"]},{"companyId":19243,"positionName":"Java开发工程师","workYear":"3-5年","education":"大专","jobNature":"全职","createTime":"2016-08-30 11:09:25","companyShortName":"趣分期","positionId":2024695,"salary":"15k-25k","approve":1,"city":"北京","positionAdvantage":"五险一金 免费双餐 零食","companyLogo":"i/image/M00/07/99/Cgp3O1bOkfGAY16IAADMaKzi7qM733.png","industryField":"电子商务,金融","companyLabelList":["生日/满年趴","结婚生育礼金","岗位晋升","帅哥多"],"financeStage":"成熟型(D轮及以上)","district":"海淀区","score":0,"companySize":"2000人以上","companyFullName":"北京快乐时代科技发展有限公司","adWord":0,"formatCreateTime":"11:09发布","imState":"today","lastLogin":1472552088000,"publisherId":4784408,"explain":null,"plus":null,"pcShow":0,"appShow":0,"deliver":0,"gradeDescription":null,"businessZones":["中关村","苏州街","苏州桥"]},{"companyId":44667,"positionName":"Java工程师","workYear":"3-5年","education":"本科","jobNature":"全职","createTime":"2016-08-30 11:07:39","companyShortName":"老虎证券","positionId":1587539,"salary":"15k-30k","approve":1,"city":"北京","positionAdvantage":"高薪，期权，技术大牛，海外游","companyLogo":"image2/M00/05/92/CgpzWlX3iXiAPdyRAABwWO_mkWM728.jpg","industryField":"移动互联网,金融","companyLabelList":["年底双薪","股票期权","扁平管理","五险一金"],"financeStage":"成长型(A轮)","district":"朝阳区","score":0,"companySize":"50-150人","companyFullName":"北京向上融科科技发展有限公司","adWord":0,"formatCreateTime":"11:07发布","imState":"disabled","lastLogin":1472536937000,"publisherId":1612039,"explain":null,"plus":null,"pcShow":0,"appShow":0,"deliver":0,"gradeDescription":null,"businessZones":["燕莎","三元桥","亮马桥"]},{"companyId":104912,"positionName":"Java架构师","workYear":"5-10年","education":"本科","jobNature":"全职","createTime":"2016-08-30 11:07:34","companyShortName":"北京零下科技有限公司","positionId":2031271,"salary":"30k-60k","approve":1,"city":"北京","positionAdvantage":"公司福利待遇优厚","companyLogo":"image2/M00/13/92/CgpzWlY7FbCATWijAABPccH4is4802.png?cc=0.6958874103147537","industryField":"移动互联网,电子商务","companyLabelList":["年底双薪","绩效奖金","岗位晋升","帅哥多"],"financeStage":"成长型(不需要融资)","district":"西城区","score":0,"companySize":"150-500人","companyFullName":"北京零下科技有限公司","adWord":0,"formatCreateTime":"11:07发布","imState":"disabled","lastLogin":1472526423000,"publisherId":5222737,"explain":null,"plus":null,"pcShow":0,"appShow":0,"deliver":0,"gradeDescription":null,"businessZones":["安贞","安华","小关"]},{"companyId":112980,"positionName":"Java","workYear":"3-5年","education":"本科","jobNature":"全职","createTime":"2016-08-30 11:07:32","companyShortName":"美信金融","positionId":2092225,"salary":"12k-24k","approve":0,"city":"北京","positionAdvantage":"要去就去一个有温度并且最终能够伟大的团队","companyLogo":"i/image/M00/33/E5/Cgp3O1dT4DyANhYJAAB49AeZ4lw929.jpg","industryField":"移动互联网,金融","companyLabelList":["跨境金融","健身工时","常规性海外游","NBA"],"financeStage":"成长型(A轮)","district":"朝阳区","score":0,"companySize":"50-150人","companyFullName":"上海爱为信息咨询有限公司","adWord":0,"formatCreateTime":"11:07发布","imState":"today","lastLogin":1472552276000,"publisherId":5639265,"explain":null,"plus":null,"pcShow":0,"appShow":0,"deliver":0,"gradeDescription":null,"businessZones":["朝阳门","朝外","东四"]},{"companyId":16875,"positionName":"Java","workYear":"1-3年","education":"本科","jobNature":"全职","createTime":"2016-08-30 11:07:28","companyShortName":"东方国信","positionId":2172557,"salary":"9k-18k","approve":1,"city":"北京","positionAdvantage":"有微服务、大数据(hadoop/spark)开发经验","companyLogo":"image1/M00/1D/F5/CgYXBlUswf-AKt2VAABL7N5-Qtg170.jpg","industryField":"数据服务","companyLabelList":["大数据软件","技能培训","节日礼物","年底双薪"],"financeStage":"上市公司","district":"朝阳区","score":0,"companySize":"2000人以上","companyFullName":"北京东方国信科技股份有限公司","adWord":0,"formatCreateTime":"11:07发布","imState":"today","lastLogin":1472526378000,"publisherId":5807990,"explain":null,"plus":null,"pcShow":0,"appShow":0,"deliver":0,"gradeDescription":null,"businessZones":["来广营","望京"]},{"companyId":128987,"positionName":"Java","workYear":"3-5年","education":"本科","jobNature":"全职","createTime":"2016-08-30 11:07:25","companyShortName":"kbs","positionId":2213361,"salary":"15k-25k","approve":0,"city":"北京","positionAdvantage":"人工智能\\扁平化管理\\薪资福利15k-25k","companyLogo":"i/image/M00/2A/B7/CgqKkVcy6daATIVkAAChibH0aPg199.png","industryField":"医疗健康,数据服务","companyLabelList":["年底双薪","股票期权","带薪年假","弹性工作"],"financeStage":"成长型(A轮)","district":"朝阳区","score":0,"companySize":"15-50人","companyFullName":"南京康伯石信息技术有限公司","adWord":0,"formatCreateTime":"11:07发布","imState":"today","lastLogin":1472539124000,"publisherId":5876055,"explain":null,"plus":null,"pcShow":0,"appShow":0,"deliver":0,"gradeDescription":null,"businessZones":["大望路","红庙","京广桥"]},{"companyId":17301,"positionName":"初级Java开发工程师","workYear":"1-3年","education":"本科","jobNature":"全职","createTime":"2016-08-30 11:06:51","companyShortName":"ideabinder","positionId":2304073,"salary":"8k-15k","approve":1,"city":"北京","positionAdvantage":"待遇优越、发展空间大、环境轻松、稳定","companyLogo":"image1/M00/00/20/CgYXBlTUWG-AP4SRAAAl9gdn3AY479.png","industryField":"移动互联网,企业服务","companyLabelList":["五险一金","年终分红","带薪年假","节日礼物"],"financeStage":"成长型(A轮)","district":"朝阳区","score":0,"companySize":"50-150人","companyFullName":"北京班德尔科技有限公司","adWord":0,"formatCreateTime":"11:06发布","imState":"today","lastLogin":1472526131000,"publisherId":95860,"explain":null,"plus":null,"pcShow":0,"appShow":0,"deliver":0,"gradeDescription":null,"businessZones":["东大桥","CBD","朝外"]}]}},"code":0}