{"success":true,"requestId":null,"msg":null,"resubmitToken":null,"content":{"pageNo":67,"pageSize":15,"positionResult":{"totalCount":12338,"resultSize":15,"locationInfo":{"queryByGisCode":false,"businessZone":null,"locationCode":null,"city":"北京","district":null},"queryAnalysisInfo":{"industryName":null,"usefulCompany":false,"positionName":"java","companyName":null},"strategyProperty":{"name":"dm-csearch-newSimScorer","id":1},"result":[{"companyId":35422,"positionName":"Java","workYear":"3-5年","education":"本科","jobNature":"全职","financeStage":"上市公司","companyLogo":"i/image/M00/08/D2/Cgp3O1bRFcSAHMtPAAAelCJqdO8411.png","industryField":"电子商务","companyShortName":"京东","city":"北京","salary":"15k-25k","positionId":2260623,"positionAdvantage":"补充医疗、工作居住证、通勤班车、无息贷款","district":"大兴区","createTime":"2016-08-29 09:02:39","companyLabelList":["年底双薪","节日礼物","技能培训","岗位晋升"],"approve":0,"companySize":"2000人以上","score":0,"companyFullName":"京东商城","adWord":0,"formatCreateTime":"1天前发布","publisherId":5448492,"explain":null,"plus":null,"pcShow":0,"appShow":0,"deliver":0,"gradeDescription":null,"businessZones":null,"imState":"today","lastLogin":1472568200000},{"companyId":5650,"positionName":"Java开发工程师","workYear":"3-5年","education":"本科","jobNature":"全职","financeStage":"初创型(未融资)","companyLogo":"i/image/M00/14/05/CgqKkVbovLeAM030AAAm-sq1ckg786.png","industryField":"医疗健康","companyShortName":"北京中科恒业","city":"北京","salary":"15k-30k","positionId":1871866,"positionAdvantage":"发展前景","district":"海淀区","createTime":"2016-08-29 09:02:22","companyLabelList":["绩效奖金","专项奖金","五险一金","通讯津贴"],"approve":1,"companySize":"50-150人","score":0,"companyFullName":"北京中科恒业科技有限公司","adWord":0,"formatCreateTime":"1天前发布","publisherId":4550783,"explain":null,"plus":null,"pcShow":0,"appShow":0,"deliver":0,"gradeDescription":null,"businessZones":null,"imState":"today","lastLogin":1472544737000},{"companyId":43736,"positionName":"Java","workYear":"3-5年","education":"大专","jobNature":"全职","financeStage":"成熟型(不需要融资)","companyLogo":"images/logo_default.png","industryField":"移动互联网","companyShortName":"中信网络","city":"北京","salary":"10k-15k","positionId":1476741,"positionAdvantage":"央企项目、工作稳定、五险一金、各种补助","district":"海淀区","createTime":"2016-08-29 09:01:00","companyLabelList":["节日礼物","带薪年假","年度旅游","管理规范"],"approve":0,"companySize":"500-2000人","score":0,"companyFullName":"北京中软联动科技有限公司","adWord":0,"formatCreateTime":"1天前发布","publisherId":1690874,"explain":null,"plus":null,"pcShow":0,"appShow":0,"deliver":0,"gradeDescription":null,"businessZones":["西二旗","龙泽","回龙观"],"imState":"disabled","lastLogin":1472528189000},{"companyId":11521,"positionName":"Java工程师","workYear":"3-5年","education":"本科","jobNature":"全职","financeStage":"成长型(B轮)","companyLogo":"i/image/M00/02/E6/CgqKkVagWoiAbGDzAHoY-kLxa5s648.png","industryField":"移动互联网 ,O2O","companyShortName":"微智全景","city":"北京","salary":"8k-15k","positionId":579222,"positionAdvantage":"五险一金、餐补、股票期权、带薪年假","district":"朝阳区","createTime":"2016-08-29 09:00:30","companyLabelList":["技能培训","带薪年假","绩效奖金","岗位晋升"],"approve":1,"companySize":"150-500人","score":0,"companyFullName":"北京微智全景信息技术有限公司","adWord":0,"formatCreateTime":"1天前发布","publisherId":828483,"explain":null,"plus":null,"pcShow":0,"appShow":0,"deliver":0,"gradeDescription":null,"businessZones":["望京","大山子","花家地"],"imState":"today","lastLogin":1472535118000},{"companyId":14707,"positionName":"Java","workYear":"3-5年","education":"大专","jobNature":"全职","financeStage":"上市公司","companyLogo":"i/image/M00/2A/9D/CgqKkVcywCeASrGhAABNIiXa05M682.JPG","industryField":"移动互联网","companyShortName":"同方鼎欣","city":"北京","salary":"10k-19k","positionId":2040893,"positionAdvantage":"六险一金，带薪年假，班车，餐补","district":"昌平区","createTime":"2016-08-29 08:59:26","companyLabelList":["绩效奖金","五险一金","带薪年假","定期体检"],"approve":1,"companySize":"500-2000人","score":0,"companyFullName":"同方鼎欣信息技术有限公司","adWord":0,"formatCreateTime":"1天前发布","publisherId":4637291,"explain":null,"plus":null,"pcShow":0,"appShow":0,"deliver":0,"gradeDescription":null,"businessZones":["马池口"],"imState":"disabled","lastLogin":1472526518000},{"companyId":113875,"positionName":"Java","workYear":"3-5年","education":"大专","jobNature":"全职","financeStage":"成长型(不需要融资)","companyLogo":"i/image/M00/03/7E/Cgp3O1bAHXqAc9VkAATtFNj94ks291.jpg","industryField":"O2O,旅游","companyShortName":"酷秀集团","city":"北京","salary":"12k-18k","positionId":2297011,"positionAdvantage":"弹性工作、企业文化好、福利好、发展前景好","district":"西城区","createTime":"2016-08-29 08:56:15","companyLabelList":["年底双薪","绩效奖金","带薪年假","年度旅游"],"approve":0,"companySize":"150-500人","score":0,"companyFullName":"酷秀投资管理有限公司","adWord":0,"formatCreateTime":"1天前发布","publisherId":3784976,"explain":null,"plus":null,"pcShow":0,"appShow":0,"deliver":0,"gradeDescription":null,"businessZones":["西直门","交通大学"],"imState":"today","lastLogin":1472517179000},{"companyId":5812,"positionName":"中级Java工程师","workYear":"1-3年","education":"本科","jobNature":"全职","financeStage":"上市公司","companyLogo":"image1/M00/00/0C/Cgo8PFTUWCCAaF4PAAAm3kBS87s438.png","industryField":"企业服务,数据服务","companyShortName":"用友","city":"北京","salary":"9k-14k","positionId":1738065,"positionAdvantage":"五险一金 年终奖 免费班车 晋升空间","district":"海淀区","createTime":"2016-08-29 08:56:07","companyLabelList":["技能培训","节日礼物","免费班车","岗位晋升"],"approve":1,"companySize":"2000人以上","score":0,"companyFullName":"用友网络科技股份有限公司","adWord":0,"formatCreateTime":"1天前发布","publisherId":831212,"explain":null,"plus":null,"pcShow":0,"appShow":0,"deliver":0,"gradeDescription":null,"businessZones":["西北旺"],"imState":"disabled","lastLogin":1472520301000},{"companyId":54374,"positionName":"Java 技术总监","workYear":"5-10年","education":"本科","jobNature":"全职","financeStage":"成长型(A轮)","companyLogo":"i/image/M00/29/CC/Cgp3O1cwaxGAOXINAAAQV1RLPcI635.png","industryField":"数据服务","companyShortName":"普林科技","city":"北京","salary":"20k-35k","positionId":2262140,"positionAdvantage":"年底奖金、节日福利、牛人聚集、潜力巨大","district":"海淀区","createTime":"2016-08-29 08:54:29","companyLabelList":["技能培训","带薪年假","绩效奖金","岗位晋升"],"approve":1,"companySize":"50-150人","score":0,"companyFullName":"北京至信普林科技有限公司","adWord":0,"formatCreateTime":"1天前发布","publisherId":3252312,"explain":null,"plus":null,"pcShow":0,"appShow":0,"deliver":0,"gradeDescription":null,"businessZones":null,"imState":"today","lastLogin":1472551819000},{"companyId":23727,"positionName":"Java研发工程师","workYear":"1-3年","education":"本科","jobNature":"全职","financeStage":"上市公司","companyLogo":"i/image/M00/00/6D/CgqKkVZJj_qAIz4tAAAZsDXnarY482.jpg","industryField":"移动互联网,电子商务","companyShortName":"知网","city":"北京","salary":"8k-16k","positionId":1524111,"positionAdvantage":"和谐的工作氛围，打造自我能力展示的舞台","district":"海淀区","createTime":"2016-08-29 08:54:25","companyLabelList":["美女多多","带薪年假","绩效奖金","岗位晋升"],"approve":1,"companySize":"2000人以上","score":0,"companyFullName":"同方知网（北京）技术有限公司","adWord":0,"formatCreateTime":"1天前发布","publisherId":1729681,"explain":null,"plus":null,"pcShow":0,"appShow":0,"deliver":0,"gradeDescription":null,"businessZones":["西三旗","清河","小营"],"imState":"disabled","lastLogin":1472519608000},{"companyId":114110,"positionName":"高级JAVA开发","workYear":"3-5年","education":"本科","jobNature":"全职","financeStage":"上市公司","companyLogo":"i/image/M00/04/2B/Cgp3O1bGwzWAEAB4AAAbnMQCudk783.jpg","industryField":"移动互联网","companyShortName":"乐视","city":"北京","salary":"13k-25k","positionId":617574,"positionAdvantage":"高薪、发展空间、充满挑战","district":"朝阳区","createTime":"2016-08-29 08:52:54","companyLabelList":["股票期权","交通补助","通讯津贴","带薪年假"],"approve":1,"companySize":"2000人以上","score":0,"companyFullName":"乐视网信息技术（北京）股份有限公司","adWord":0,"formatCreateTime":"1天前发布","publisherId":1627790,"explain":null,"plus":null,"pcShow":0,"appShow":0,"deliver":0,"gradeDescription":null,"businessZones":["石佛营","姚家园","十里堡"],"imState":"disabled","lastLogin":1472569163000},{"companyId":45844,"positionName":"Java中高级开发","workYear":"5-10年","education":"本科","jobNature":"全职","financeStage":"成长型(A轮)","companyLogo":"image1/M00/00/75/CgYXBlTUXaOADbiHAADCK3uzPEY690.png","industryField":"电子商务,O2O","companyShortName":"餐馆无忧","city":"北京","salary":"15k-30k","positionId":2019174,"positionAdvantage":"期权 极好的技术氛围","district":"朝阳区","createTime":"2016-08-29 08:51:42","companyLabelList":["股票期权","带薪年假","水果零食管够","扁平管理"],"approve":1,"companySize":"150-500人","score":0,"companyFullName":"北京米树科技有限公司","adWord":0,"formatCreateTime":"1天前发布","publisherId":199235,"explain":null,"plus":null,"pcShow":0,"appShow":0,"deliver":0,"gradeDescription":null,"businessZones":["来广营","望京"],"imState":"today","lastLogin":1472542106000},{"companyId":131808,"positionName":"Java","workYear":"3-5年","education":"大专","jobNature":"全职","financeStage":"成长型(不需要融资)","companyLogo":"i/image/M00/30/BD/Cgp3O1dHppSAT_wnAAActvi3taA364.png","industryField":"企业服务,电子商务","companyShortName":"成鑫盈通","city":"北京","salary":"10k-15k","positionId":2296992,"positionAdvantage":"五险一金，年终奖，节假日福利，加班补助等","district":null,"createTime":"2016-08-29 08:47:49","companyLabelList":["年底双薪","带薪年假","午餐补助","节日礼物"],"approve":0,"companySize":"150-500人","score":0,"companyFullName":"北京成鑫盈通科技有限公司","adWord":0,"formatCreateTime":"1天前发布","publisherId":5934367,"explain":null,"plus":null,"pcShow":0,"appShow":0,"deliver":0,"gradeDescription":null,"businessZones":null,"imState":"today","lastLogin":1472536501000},{"companyId":22462,"positionName":"Java开发工程师","workYear":"5-10年","education":"大专","jobNature":"全职","financeStage":"成熟型(C轮)","companyLogo":"image1/M00/00/2B/Cgo8PFTUXG6ARbNXAAA1o3a8qQk054.png","industryField":"教育","companyShortName":"传智播客","city":"北京","salary":"15k-30k","positionId":1606460,"positionAdvantage":"五险一金、餐补、交通补助、绩效奖金等","district":"海淀区","createTime":"2016-08-29 08:45:48","companyLabelList":["技能培训","绩效奖金","年度旅游","岗位晋升"],"approve":1,"companySize":"500-2000人","score":0,"companyFullName":"北京传智播客教育科技有限公司","adWord":0,"formatCreateTime":"1天前发布","publisherId":259817,"explain":null,"plus":null,"pcShow":0,"appShow":0,"deliver":0,"gradeDescription":null,"businessZones":["上地","马连洼","西二旗"],"imState":"disabled","lastLogin":1472431528000},{"companyId":57355,"positionName":"Java研发工程师","workYear":"3-5年","education":"本科","jobNature":"全职","financeStage":"成长型(A轮)","companyLogo":"image1/M00/17/BA/CgYXBlUSYGaANTCvAAAuepEjSlU559.png","industryField":"移动互联网,数据服务","companyShortName":"并行科技","city":"北京","salary":"15k-25k","positionId":1894846,"positionAdvantage":"七险一金；15薪","district":"海淀区","createTime":"2016-08-29 08:44:59","companyLabelList":["技能培训","年底双薪","带薪年假","绩效奖金"],"approve":1,"companySize":"50-150人","score":0,"companyFullName":"北京并行科技有限公司","adWord":0,"formatCreateTime":"1天前发布","publisherId":5061195,"explain":null,"plus":null,"pcShow":0,"appShow":0,"deliver":0,"gradeDescription":null,"businessZones":["西北旺","马连洼","上地"],"imState":"disabled","lastLogin":1472519426000},{"companyId":4836,"positionName":"Java","workYear":"5-10年","education":"大专","jobNature":"全职","financeStage":"上市公司","companyLogo":"image2/M00/07/C8/CgpzWlYAsfGATpk7AAAJkGWG2kk774.png?cc=0.19381895544938743","industryField":"电子商务","companyShortName":"京东商城","city":"北京","salary":"18k-26k","positionId":2296980,"positionAdvantage":"互联网 大数据 高并发","district":"大兴区","createTime":"2016-08-29 08:41:23","companyLabelList":["技能培训","年底双薪","节日礼物","绩效奖金"],"approve":1,"companySize":"2000人以上","score":0,"companyFullName":"北京京东尚科信息技术有限公司","adWord":0,"formatCreateTime":"1天前发布","publisherId":770124,"explain":null,"plus":null,"pcShow":0,"appShow":0,"deliver":0,"gradeDescription":null,"businessZones":null,"imState":"today","lastLogin":1472553780000}]}},"code":0}