{"resubmitToken":null,"success":true,"requestId":null,"msg":null,"content":{"pageNo":87,"pageSize":15,"positionResult":{"totalCount":12338,"resultSize":15,"locationInfo":{"city":"北京","district":null,"queryByGisCode":false,"businessZone":null,"locationCode":null},"queryAnalysisInfo":{"positionName":"java","companyName":null,"industryName":null,"usefulCompany":false},"strategyProperty":{"name":"dm-csearch-newSimScorer","id":1},"result":[{"companyFullName":"北京恒麟信息科技有限公司","adWord":0,"companyId":56096,"formatCreateTime":"2016-08-26","businessZones":["望京","大山子","花家地"],"imState":"disabled","lastLogin":1472543876000,"positionId":2053936,"industryField":"数据服务","education":"本科","workYear":"1-3年","city":"北京","positionAdvantage":"弹性工作 无等级无老板 氛围和谐 大咖云集","createTime":"2016-08-26 10:18:19","salary":"10k-15k","positionName":"Java开发工程师","companySize":"15-50人","companyShortName":"恒麟信息","companyLogo":"image1/M00/10/5E/CgYXBlT-sHSAJP6YAABDorhxijg878.png","financeStage":"成长型(A轮)","approve":1,"jobNature":"全职","companyLabelList":["弹性工作","无等级无老板","轻松愉悦氛围","技术大咖云集"],"district":"朝阳区","score":0,"publisherId":1410191,"explain":null,"plus":null,"pcShow":0,"appShow":0,"deliver":0,"gradeDescription":null},{"companyFullName":"京东世纪贸易有限公司","adWord":0,"companyId":3712,"formatCreateTime":"2016-08-26","businessZones":["亦庄"],"imState":"disabled","lastLogin":1472562510000,"positionId":1025208,"industryField":"移动互联网,电子商务","education":"不限","workYear":"5-10年","city":"北京","positionAdvantage":"电商核心交易平台","createTime":"2016-08-26 10:17:12","salary":"19k-30k","positionName":"高级Java开发工程师","companySize":"2000人以上","companyShortName":"京东","companyLogo":"image1/M00/43/B2/Cgo8PFXSpDuARA8xAAEdmjsokXc986.jpg","financeStage":"上市公司","approve":1,"jobNature":"全职","companyLabelList":["年底双薪","免费班车","带薪年假","绩效奖金"],"district":"大兴区","score":0,"publisherId":76031,"explain":null,"plus":null,"pcShow":0,"appShow":0,"deliver":0,"gradeDescription":null},{"companyFullName":"北京科瑞尔思科技有限公司","adWord":0,"companyId":30919,"formatCreateTime":"2016-08-26","businessZones":["苹果园","八大处","杨庄"],"imState":"disabled","lastLogin":1472519946000,"positionId":525793,"industryField":"移动互联网","education":"本科","workYear":"1-3年","city":"北京","positionAdvantage":"公安部重点课题、智慧城市、IBM合作伙伴","createTime":"2016-08-26 10:09:24","salary":"8k-15k","positionName":"Java（2年及以上）","companySize":"150-500人","companyShortName":"科瑞尔思","companyLogo":"image1/M00/00/46/Cgo8PFTUXN6AN7lyAADC5tyDSfU283.jpg","financeStage":"初创型(未融资)","approve":0,"jobNature":"全职","companyLabelList":["技能培训","节日礼物","带薪年假","绩效奖金"],"district":"石景山区","score":0,"publisherId":243146,"explain":null,"plus":null,"pcShow":0,"appShow":0,"deliver":0,"gradeDescription":null},{"companyFullName":"北京浩瀚求索网络科技有限公司","adWord":0,"companyId":107411,"formatCreateTime":"2016-08-26","businessZones":["中关村","人民大学","知春路","北京大学","颐和园","中关村"],"imState":"today","lastLogin":1472554301000,"positionId":1644061,"industryField":"移动互联网,企业服务","education":"不限","workYear":"5-10年","city":"北京","positionAdvantage":"清一色BAT牛人，福利待遇完善","createTime":"2016-08-26 09:58:02","salary":"15k-25k","positionName":"高级Java工程师","companySize":"15-50人","companyShortName":"浩瀚网络","companyLogo":"i/image/M00/00/99/CgqKkVZOyAeAZKSYAAAxRaL7aiw620.png","financeStage":"初创型(不需要融资)","approve":0,"jobNature":"全职","companyLabelList":["交通补助","定期体检","年终分红","绩效奖金"],"district":"海淀区","score":0,"publisherId":3221046,"explain":null,"plus":null,"pcShow":0,"appShow":0,"deliver":0,"gradeDescription":null},{"companyFullName":"长天科技有限公司","adWord":0,"companyId":101299,"formatCreateTime":"2016-08-26","businessZones":["上地","西北旺","马连洼"],"imState":"disabled","lastLogin":1472437695000,"positionId":1177662,"industryField":"移动互联网,电子商务","education":"本科","workYear":"5-10年","city":"北京","positionAdvantage":"待遇优厚，机遇好","createTime":"2016-08-26 09:53:58","salary":"15k-25k","positionName":"Java","companySize":"500-2000人","companyShortName":"长天科技","companyLogo":"image2/M00/0E/32/CgpzWlYkXWKAKxfnAAASDShW0hE295.jpg?cc=0.26237007273995594","financeStage":"上市公司","approve":1,"jobNature":"全职","companyLabelList":["技能培训","岗位晋升","管理规范","定期体检"],"district":"海淀区","score":0,"publisherId":2866990,"explain":null,"plus":null,"pcShow":0,"appShow":0,"deliver":0,"gradeDescription":null},{"companyFullName":"百度在线网络技术（北京）有限公司","adWord":0,"companyId":1575,"formatCreateTime":"2016-08-26","businessZones":["西北旺","马连洼","上地"],"imState":"today","lastLogin":1472543071000,"positionId":2233485,"industryField":"移动互联网,数据服务","education":"本科","workYear":"3-5年","city":"北京","positionAdvantage":"顶级互联网公司；带薪年假；部门氛围好","createTime":"2016-08-26 09:53:53","salary":"20k-40k","positionName":"Java开发工程师","companySize":"2000人以上","companyShortName":"百度","companyLogo":"image1/M00/00/06/CgYXBlTUWAWAOBXrAABGHHFb0q8748.jpg","financeStage":"上市公司","approve":1,"jobNature":"全职","companyLabelList":["股票期权","弹性工作","五险一金","免费班车"],"district":"海淀区","score":0,"publisherId":559524,"explain":null,"plus":null,"pcShow":0,"appShow":0,"deliver":0,"gradeDescription":null},{"companyFullName":"活力世纪科技（北京）有限公司","adWord":0,"companyId":171,"formatCreateTime":"2016-08-26","businessZones":["望京","大山子","花家地"],"imState":"today","lastLogin":1472542265000,"positionId":1252052,"industryField":"移动互联网","education":"本科","workYear":"1-3年","city":"北京","positionAdvantage":"最N的你快来最N的公司吧","createTime":"2016-08-26 09:53:24","salary":"10k-20k","positionName":"Java后台开发工程师","companySize":"150-500人","companyShortName":"航班管家","companyLogo":"i/image/M00/17/19/CgqKkVbw82CAAmBDAABb58-N6IM299.png","financeStage":"成熟型(C轮)","approve":1,"jobNature":"全职","companyLabelList":["技能培训","带薪年假","扁平管理","绩效津贴"],"district":"朝阳区","score":0,"publisherId":178,"explain":null,"plus":null,"pcShow":0,"appShow":0,"deliver":0,"gradeDescription":null},{"companyFullName":"人人公司","adWord":0,"companyId":5142,"formatCreateTime":"2016-08-26","businessZones":["酒仙桥","大山子","将台路"],"imState":"disabled","lastLogin":1472542780000,"positionId":2291256,"industryField":"社交网络,金融","education":"本科","workYear":"1-3年","city":"北京","positionAdvantage":"弹性","createTime":"2016-08-26 09:52:53","salary":"10k-15k","positionName":"Java开发工程师","companySize":"2000人以上","companyShortName":"人人网","companyLogo":"image1/M00/1E/39/CgYXBlUtyiKALAAwAABj34GbTu8848.jpg","financeStage":"上市公司","approve":0,"jobNature":"全职","companyLabelList":["五险一金","通讯津贴","带薪年假","绩效奖金"],"district":"朝阳区","score":0,"publisherId":5890870,"explain":null,"plus":null,"pcShow":0,"appShow":0,"deliver":0,"gradeDescription":null},{"companyFullName":"北京弘合柏基金融信息服务有限责任公司","adWord":0,"companyId":1992,"formatCreateTime":"2016-08-26","businessZones":["中关村","苏州街","苏州桥"],"imState":"disabled","lastLogin":1472528065000,"positionId":628996,"industryField":"金融","education":"本科","workYear":"3-5年","city":"北京","positionAdvantage":"年底双薪、五险一金","createTime":"2016-08-26 09:52:51","salary":"15k-22k","positionName":"Java","companySize":"500-2000人","companyShortName":"有利网","companyLogo":"image1/M00/00/06/CgYXBlTUWAiAYkApAADDg6U7Ji4998.jpg","financeStage":"成熟型(C轮)","approve":1,"jobNature":"全职","companyLabelList":["岗位晋升","股票期权","绩效奖金","定期体检"],"district":"海淀区","score":0,"publisherId":1554449,"explain":null,"plus":null,"pcShow":0,"appShow":0,"deliver":0,"gradeDescription":null},{"companyFullName":"北京龙校联盟教育科技有限公司","adWord":0,"companyId":112342,"formatCreateTime":"2016-08-26","businessZones":["上地","马连洼","西二旗"],"imState":"today","lastLogin":1472528997000,"positionId":1434320,"industryField":"移动互联网,教育","education":"本科","workYear":"1-3年","city":"北京","positionAdvantage":"五险一金、周末双休、待遇丰厚","createTime":"2016-08-26 09:51:12","salary":"16k-20k","positionName":"Java","companySize":"15-50人","companyShortName":"龙校联盟","companyLogo":"i/image/M00/02/86/CgqKkVaTSk-AYVAAAAAczv4Y_sQ048.png","financeStage":"初创型(未融资)","approve":0,"jobNature":"全职","companyLabelList":null,"district":"海淀区","score":0,"publisherId":3728403,"explain":null,"plus":null,"pcShow":0,"appShow":0,"deliver":0,"gradeDescription":null},{"companyFullName":"新浪网技术（中国）有限公司","adWord":0,"companyId":25592,"formatCreateTime":"2016-08-26","businessZones":["西北旺","马连洼","上地"],"imState":"disabled","lastLogin":1472527299000,"positionId":413967,"industryField":"文化娱乐","education":"本科","workYear":"1-3年","city":"北京","positionAdvantage":"多样技术等你挑战","createTime":"2016-08-26 09:50:58","salary":"10k-20k","positionName":"高级 Java 工程师","companySize":"2000人以上","companyShortName":"新浪网","companyLogo":"image1/M00/00/35/Cgo8PFTUXJeAJhm5AAAyDX2QCwc674.jpg","financeStage":"上市公司","approve":1,"jobNature":"全职","companyLabelList":["免费班车","岗位晋升","五险一金","定期体检"],"district":"海淀区","score":0,"publisherId":970190,"explain":null,"plus":null,"pcShow":0,"appShow":0,"deliver":0,"gradeDescription":null},{"companyFullName":"北京锦绣大地电子商务有限公司","adWord":0,"companyId":66470,"formatCreateTime":"2016-08-26","businessZones":["田村"],"imState":"threeDays","lastLogin":1472456826000,"positionId":1010647,"industryField":"电子商务","education":"大专","workYear":"5-10年","city":"北京","positionAdvantage":"晋升空间大，免费午餐，环境优美，电商项目","createTime":"2016-08-26 09:50:24","salary":"20k-30k","positionName":"Java架构师","companySize":"150-500人","companyShortName":"锦绣大地电子商务","companyLogo":"i/image/M00/02/8A/Cgp3O1aTfdOATxy6AACgyQIRoG4093.jpg","financeStage":"成长型(不需要融资)","approve":0,"jobNature":"全职","companyLabelList":["绩效奖金","岗位晋升","扁平管理","领导好"],"district":"海淀区","score":0,"publisherId":594418,"explain":null,"plus":null,"pcShow":0,"appShow":0,"deliver":0,"gradeDescription":null},{"companyFullName":"北京陌游科技有限公司","adWord":0,"companyId":31781,"formatCreateTime":"2016-08-26","businessZones":["大钟寺","蓟门桥","皂君庙"],"imState":"disabled","lastLogin":1472555256000,"positionId":2259569,"industryField":"移动互联网,游戏","education":"本科","workYear":"1-3年","city":"北京","positionAdvantage":"五险一金 年底双薪 绩效奖金 年终分红","createTime":"2016-08-26 09:47:28","salary":"10k-15k","positionName":"Java","companySize":"15-50人","companyShortName":"陌游","companyLogo":"i/image/M00/11/41/Cgp3O1bhVmCAWDrXAAAOdGf5Qdc770.jpg","financeStage":"成长型(B轮)","approve":0,"jobNature":"全职","companyLabelList":["技能培训","岗位晋升","扁平管理","帅哥多"],"district":"海淀区","score":0,"publisherId":390072,"explain":null,"plus":null,"pcShow":0,"appShow":0,"deliver":0,"gradeDescription":null},{"companyFullName":"北京亿商联动国际电子商务有限公司","adWord":0,"companyId":373,"formatCreateTime":"2016-08-26","businessZones":["八宝山","鲁谷","永乐"],"imState":"today","lastLogin":1472544729000,"positionId":1158605,"industryField":"文化娱乐,电子商务","education":"大专","workYear":"3-5年","city":"北京","positionAdvantage":"电商新闻第一网，美女多，免费下午茶","createTime":"2016-08-26 09:43:55","salary":"10k-20k","positionName":"Java工程师","companySize":"150-500人","companyShortName":"亿邦动力网","companyLogo":"image1/M00/00/02/CgYXBlTUV_mAVRABAABmLstLvqc487.jpg","financeStage":"上市公司","approve":1,"jobNature":"全职","companyLabelList":["技能培训","弹性工作","带薪年假","团队建设假"],"district":"石景山区","score":0,"publisherId":980027,"explain":null,"plus":null,"pcShow":0,"appShow":0,"deliver":0,"gradeDescription":null},{"companyFullName":"京东商城","adWord":0,"companyId":35422,"formatCreateTime":"2016-08-26","businessZones":null,"imState":"disabled","lastLogin":1471314885000,"positionId":2183845,"industryField":"电子商务","education":"本科","workYear":"3-5年","city":"北京","positionAdvantage":"互联网,高并发,大数据","createTime":"2016-08-26 09:40:21","salary":"12k-20k","positionName":"Java","companySize":"2000人以上","companyShortName":"京东","companyLogo":"i/image/M00/08/D2/Cgp3O1bRFcSAHMtPAAAelCJqdO8411.png","financeStage":"上市公司","approve":0,"jobNature":"全职","companyLabelList":["年底双薪","节日礼物","技能培训","岗位晋升"],"district":"大兴区","score":0,"publisherId":5828161,"explain":null,"plus":null,"pcShow":0,"appShow":0,"deliver":0,"gradeDescription":null}]}},"code":0}