{"resubmitToken":null,"success":true,"requestId":null,"msg":null,"content":{"pageNo":83,"pageSize":15,"positionResult":{"totalCount":12338,"resultSize":15,"locationInfo":{"city":"北京","district":null,"businessZone":null,"queryByGisCode":false,"locationCode":null},"queryAnalysisInfo":{"positionName":"java","companyName":null,"industryName":null,"usefulCompany":false},"strategyProperty":{"name":"dm-csearch-newSimScorer","id":1},"result":[{"companyId":32590,"positionName":"中/高Java开发工程师","workYear":"3-5年","education":"本科","jobNature":"全职","createTime":"2016-08-26 11:24:29","companyShortName":"融宝支付","positionId":1503401,"salary":"15k-30k","approve":1,"city":"北京","positionAdvantage":"行业技术大牛等你来 就等你了","companyLogo":"image1/M00/00/4B/Cgo8PFTUXPOAYWSAAABp0cLe-X8504.jpg","industryField":"金融","companyLabelList":["年底双薪","节日礼物","技能培训","绩效奖金"],"financeStage":"成长型(不需要融资)","district":"东城区","score":0,"companySize":"150-500人","companyFullName":"天津融宝支付网络有限公司","adWord":0,"formatCreateTime":"2016-08-26","imState":"disabled","lastLogin":1472459287000,"publisherId":2890436,"explain":null,"plus":null,"pcShow":0,"appShow":0,"deliver":0,"gradeDescription":null,"businessZones":["东直门","海运仓","东四"]},{"companyId":39934,"positionName":"Java开发工程师","workYear":"3-5年","education":"本科","jobNature":"全职","createTime":"2016-08-26 10:56:39","companyShortName":"每日优鲜","positionId":2128432,"salary":"10k-20k","approve":1,"city":"北京","positionAdvantage":"牛人超多的技术团队 我们需要高潜力的人才","companyLogo":"image1/M00/33/F0/CgYXBlWVHo2AJ2kfAADcOU-43sg621.jpg","industryField":"移动互联网,电子商务","companyLabelList":["节日礼物","年度旅游","岗位晋升","管理规范"],"financeStage":"成长型(B轮)","district":"朝阳区","score":0,"companySize":"150-500人","companyFullName":"北京每日优鲜电子商务有限公司","adWord":0,"formatCreateTime":"2016-08-26","imState":"today","lastLogin":1472555740000,"publisherId":785866,"explain":null,"plus":null,"pcShow":0,"appShow":0,"deliver":0,"gradeDescription":null,"businessZones":["望京","大山子","酒仙桥"]},{"companyId":72257,"positionName":"高级Java工程师","workYear":"3-5年","education":"大专","jobNature":"全职","createTime":"2016-08-26 10:52:14","companyShortName":"清科集团","positionId":1842682,"salary":"12k-20k","approve":1,"city":"北京","positionAdvantage":"集团公司 六险一金 扁平管理 带薪年假","companyLogo":"image1/M00/29/18/Cgo8PFVkEGiAAcfBAAEE8Qell4I822.jpg","industryField":"金融","companyLabelList":["节日礼物","技能培训","绩效奖金","年度旅游"],"financeStage":"成熟型(不需要融资)","district":"朝阳区","score":0,"companySize":"500-2000人","companyFullName":"清科财务管理咨询（北京）有限公司","adWord":0,"formatCreateTime":"2016-08-26","imState":"today","lastLogin":1472554314000,"publisherId":1736363,"explain":null,"plus":null,"pcShow":0,"appShow":0,"deliver":0,"gradeDescription":null,"businessZones":["三元桥","麦子店","亮马桥"]},{"companyId":138832,"positionName":"高级Java开发工程师","workYear":"3-5年","education":"大专","jobNature":"全职","createTime":"2016-08-26 10:52:00","companyShortName":"派队","positionId":2095109,"salary":"15k-30k","approve":0,"city":"北京","positionAdvantage":"期权股权/绩效奖金/带薪年假/节假福利","companyLogo":"i/image/M00/44/E6/Cgp3O1eG8NGAJHN1AAAP_UhhDk0773.png","industryField":"移动互联网,O2O","companyLabelList":null,"financeStage":"成长型(A轮)","district":"朝阳区","score":0,"companySize":"50-150人","companyFullName":"北京易动世纪科技发展有限公司","adWord":0,"formatCreateTime":"2016-08-26","imState":"disabled","lastLogin":1472550446000,"publisherId":5635515,"explain":null,"plus":null,"pcShow":0,"appShow":0,"deliver":0,"gradeDescription":null,"businessZones":["高碑店","十里堡","甘露园"]},{"companyId":117553,"positionName":"Java开发工程师","workYear":"3-5年","education":"大专","jobNature":"全职","createTime":"2016-08-26 10:50:18","companyShortName":"北京易信","positionId":1835256,"salary":"10k-15k","approve":0,"city":"北京","positionAdvantage":"发展空间+奋斗+回报","companyLogo":"i/image/M00/0C/C4/Cgp3O1bX5u2AGaMkAAChIYquU5k272.png","industryField":"企业服务,数据服务","companyLabelList":["年终分红","午餐补助","绩效奖金","专项奖金"],"financeStage":"成长型(不需要融资)","district":"朝阳区","score":0,"companySize":"50-150人","companyFullName":"北京易特思维信息技术有限公司","adWord":0,"formatCreateTime":"2016-08-26","imState":"disabled","lastLogin":1472208385000,"publisherId":4317544,"explain":null,"plus":null,"pcShow":0,"appShow":0,"deliver":0,"gradeDescription":null,"businessZones":["望京","大山子","花家地"]},{"companyId":119356,"positionName":"Java Erlang Elixir","workYear":"3-5年","education":"本科","jobNature":"全职","createTime":"2016-08-26 10:50:10","companyShortName":"大象人事","positionId":2156723,"salary":"20k-35k","approve":0,"city":"北京","positionAdvantage":"超多年假+咖啡国外旅游+奖金晋升","companyLogo":"i/image/M00/49/D9/CgqKkVeYcuaAaPV5AABnjdDAhX0275.jpg","industryField":"移动互联网,企业服务","companyLabelList":["年底双薪","专项奖金","年终分红","绩效奖金"],"financeStage":"成长型(A轮)","district":"朝阳区","score":0,"companySize":"50-150人","companyFullName":"贝维优（北京）科技有限公司","adWord":0,"formatCreateTime":"2016-08-26","imState":"today","lastLogin":1472541004000,"publisherId":4334322,"explain":null,"plus":null,"pcShow":0,"appShow":0,"deliver":0,"gradeDescription":null,"businessZones":["望京","大山子","酒仙桥"]},{"companyId":40970,"positionName":"Java","workYear":"不限","education":"本科","jobNature":"全职","createTime":"2016-08-26 10:48:02","companyShortName":"中科院信工所","positionId":2291826,"salary":"5k-8k","approve":0,"city":"北京","positionAdvantage":"优秀团队，五险一金，双休，环境好，稳定","companyLogo":"image2/M00/07/29/CgpzWlX9_AiAVXHCAAAKv8J_xRI472.jpg","industryField":"移动互联网","companyLabelList":["免费班车","带薪年假","绩效奖金","岗位晋升"],"financeStage":"成熟型(不需要融资)","district":"海淀区","score":0,"companySize":"500-2000人","companyFullName":"中国科学院信息工程研究所","adWord":0,"formatCreateTime":"2016-08-26","imState":"disabled","lastLogin":1472199560000,"publisherId":3809933,"explain":null,"plus":null,"pcShow":0,"appShow":0,"deliver":0,"gradeDescription":null,"businessZones":["香山"]},{"companyId":5754,"positionName":"Java开发工程师","workYear":"1-3年","education":"本科","jobNature":"全职","createTime":"2016-08-26 10:45:06","companyShortName":"ENJOY","positionId":2070460,"salary":"15k-30k","approve":1,"city":"北京","positionAdvantage":"高度自由的技术氛围，丰厚的福利待遇奖金","companyLogo":"image1/M00/3A/9D/CgYXBlWt9SaAHpKzAAAV65eZWy0188.png","industryField":"移动互联网,社交网络","companyLabelList":["股票期权","绩效奖金","五险一金","带薪年假"],"financeStage":"成熟型(C轮)","district":null,"score":0,"companySize":"150-500人","companyFullName":"北京严肃科技有限公司","adWord":0,"formatCreateTime":"2016-08-26","imState":"today","lastLogin":1472561440000,"publisherId":57942,"explain":null,"plus":null,"pcShow":0,"appShow":0,"deliver":0,"gradeDescription":null,"businessZones":null},{"companyId":38684,"positionName":"Java开发","workYear":"1-3年","education":"本科","jobNature":"全职","createTime":"2016-08-26 10:44:15","companyShortName":"思前软件","positionId":2291791,"salary":"9k-15k","approve":0,"city":"北京","positionAdvantage":"大企业，大平台，大项目，环境好，加班少","companyLogo":"image1/M00/00/5E/Cgo8PFTUXUOAMR4kAAB9Y4aaYDI008.png","industryField":"移动互联网,招聘","companyLabelList":["技能培训","年底双薪","节日礼物","绩效奖金"],"financeStage":"初创型(未融资)","district":"海淀区","score":0,"companySize":"150-500人","companyFullName":"北京思前软件有限公司","adWord":0,"formatCreateTime":"2016-08-26","imState":"disabled","lastLogin":1472454176000,"publisherId":701073,"explain":null,"plus":null,"pcShow":0,"appShow":0,"deliver":0,"gradeDescription":null,"businessZones":["西二旗","龙泽","回龙观"]},{"companyId":50889,"positionName":"Java","workYear":"不限","education":"本科","jobNature":"全职","createTime":"2016-08-26 10:40:31","companyShortName":"和创科技（红圈营销）","positionId":1099693,"salary":"20k-35k","approve":1,"city":"北京","positionAdvantage":"上市公司，持续股权激励，技术极客云集！","companyLogo":"i/image/M00/03/44/Cgp3O1ax7JWAOSzUAABS3OF0A7w289.jpg","industryField":"移动互联网,企业服务","companyLabelList":["弹性工作","敏捷研发","股票期权","年底双薪"],"financeStage":"上市公司","district":"西城区","score":0,"companySize":"2000人以上","companyFullName":"和创（北京）科技股份有限公司","adWord":0,"formatCreateTime":"2016-08-26","imState":"today","lastLogin":1472559909000,"publisherId":2488880,"explain":null,"plus":null,"pcShow":0,"appShow":0,"deliver":0,"gradeDescription":null,"businessZones":["新街口","德胜门","小西天"]},{"companyId":86373,"positionName":"Java开发工程师","workYear":"5-10年","education":"本科","jobNature":"全职","createTime":"2016-08-26 10:40:22","companyShortName":"东方银谷","positionId":1060785,"salary":"15k-25k","approve":1,"city":"北京","positionAdvantage":"五险一金 年底双薪 带薪年假","companyLogo":"image1/M00/3E/17/Cgo8PFW6ynWAC_DMAAARJRByw-Y822.jpg?cc=0.35890541866252606","industryField":"移动互联网,金融","companyLabelList":["技能培训","年底双薪","带薪年假","岗位晋升"],"financeStage":"成熟型(D轮及以上)","district":"朝阳区","score":0,"companySize":"2000人以上","companyFullName":"东方银谷（北京）投资管理有限公司","adWord":0,"formatCreateTime":"2016-08-26","imState":"disabled","lastLogin":1472522465000,"publisherId":235241,"explain":null,"plus":null,"pcShow":0,"appShow":0,"deliver":0,"gradeDescription":null,"businessZones":["朝阳门","朝外","东四"]},{"companyId":128115,"positionName":"Java","workYear":"3-5年","education":"本科","jobNature":"全职","createTime":"2016-08-26 10:38:43","companyShortName":"爱狄特","positionId":1777587,"salary":"15k-30k","approve":1,"city":"北京","positionAdvantage":"六险一金，带薪年假，绩效奖金","companyLogo":"i/image/M00/2D/57/CgqKkVc72KWAMw8iAAC6gJq_YKw876.jpg","industryField":"数据服务,其他","companyLabelList":["专项奖金","绩效奖金","年底双薪","股票期权"],"financeStage":"成长型(不需要融资)","district":"东城区","score":0,"companySize":"150-500人","companyFullName":"北京爱狄特信息科技有限公司","adWord":0,"formatCreateTime":"2016-08-26","imState":"today","lastLogin":1472538281000,"publisherId":2231537,"explain":null,"plus":null,"pcShow":0,"appShow":0,"deliver":0,"gradeDescription":null,"businessZones":["东直门","三里屯","工体"]},{"companyId":90916,"positionName":"Java","workYear":"1年以下","education":"本科","jobNature":"全职","createTime":"2016-08-26 10:37:55","companyShortName":"中科软科技","positionId":1617054,"salary":"4k-8k","approve":0,"city":"北京","positionAdvantage":"有额外补助，工作环境好","companyLogo":"i/image/M00/16/D6/Cgp3O1bwor-ABvwtAAAUq9nzhww852.jpg","industryField":"移动互联网,数据服务","companyLabelList":null,"financeStage":"上市公司","district":"朝阳区","score":0,"companySize":"2000人以上","companyFullName":"中科软科技股份有限公司-金融渠道部","adWord":0,"formatCreateTime":"2016-08-26","imState":"sevenDays","lastLogin":1472178896000,"publisherId":4535690,"explain":null,"plus":null,"pcShow":0,"appShow":0,"deliver":0,"gradeDescription":null,"businessZones":["CBD","广渠门","双井"]},{"companyId":26412,"positionName":"Java开发工程师","workYear":"1-3年","education":"大专","jobNature":"全职","createTime":"2016-08-26 10:36:30","companyShortName":"泛微北方区","positionId":1011594,"salary":"6k-12k","approve":1,"city":"北京","positionAdvantage":"五险一金、带薪年假、绩效奖金、年度旅游","companyLogo":"image1/M00/00/38/Cgo8PFTUXKGAAkkZAABcoMLABDU844.jpg","industryField":"移动互联网","companyLabelList":["绩效奖金","专项奖金","五险一金","通讯津贴"],"financeStage":"初创型(未融资)","district":"朝阳区","score":0,"companySize":"500-2000人","companyFullName":"上海泛微网络科技股份有限公司","adWord":0,"formatCreateTime":"2016-08-26","imState":"threeDays","lastLogin":1472446900000,"publisherId":317143,"explain":null,"plus":null,"pcShow":0,"appShow":0,"deliver":0,"gradeDescription":null,"businessZones":["亮马桥","三元桥","燕莎"]},{"companyId":1686,"positionName":"Java","workYear":"3-5年","education":"本科","jobNature":"全职","createTime":"2016-08-26 10:35:06","companyShortName":"爱奇艺","positionId":1368447,"salary":"15k-25k","approve":1,"city":"北京","positionAdvantage":"晋升空间大 福利好 假期多","companyLogo":"image1/M00/00/06/Cgo8PFTUWAaAbD7PAACAXTzCmiw113.jpg","industryField":"广告营销,文化娱乐","companyLabelList":["绩效奖金","五险一金","交通补助","带薪年假"],"financeStage":"成熟型(D轮及以上)","district":"海淀区","score":0,"companySize":"2000人以上","companyFullName":"北京爱奇艺科技有限公司","adWord":0,"formatCreateTime":"2016-08-26","imState":"disabled","lastLogin":1472553945000,"publisherId":8305,"explain":null,"plus":null,"pcShow":0,"appShow":0,"deliver":0,"gradeDescription":null,"businessZones":["中关村","北京大学","苏州街"]}]}},"code":0}