{"success":true,"requestId":null,"resubmitToken":null,"msg":null,"content":{"pageNo":95,"pageSize":15,"positionResult":{"resultSize":15,"totalCount":12338,"locationInfo":{"businessZone":null,"queryByGisCode":false,"locationCode":null,"city":"北京","district":null},"queryAnalysisInfo":{"industryName":null,"usefulCompany":false,"positionName":"java","companyName":null},"strategyProperty":{"name":"dm-csearch-newSimScorer","id":1},"result":[{"formatCreateTime":"2016-08-25","createTime":"2016-08-25 18:15:22","companyId":1970,"positionName":"java工程师","education":"本科","city":"北京","positionId":1549720,"financeStage":"上市公司","companyShortName":"去哪儿网","companyLogo":"image1/M00/00/06/CgYXBlTUWAeANQBuAABHTL1SBa8889.jpg","salary":"15k-30k","industryField":"移动互联网","district":"海淀区","companyLabelList":["技能培训","节日礼物","带薪年假","无息住房贷款"],"positionAdvantage":"带薪年假、补充商业医疗、住房无息贷款","jobNature":"全职","workYear":"3-5年","approve":1,"score":0,"companySize":"2000人以上","businessZones":["苏州桥","万泉河","人民大学"],"imState":"overSevenDays","lastLogin":1469175526000,"publisherId":198955,"explain":null,"plus":null,"pcShow":0,"appShow":0,"deliver":0,"gradeDescription":null,"companyFullName":"北京趣拿软件科技有限公司","adWord":0},{"formatCreateTime":"2016-08-25","createTime":"2016-08-25 17:10:04","companyId":113076,"positionName":"Java（联通）","education":"不限","city":"北京","positionId":2209358,"financeStage":"成长型(不需要融资)","companyShortName":"华正方圆","companyLogo":"i/image/M00/16/96/Cgp3O1bvxS2APhSvAAAIdDmoN4M370.png","salary":"16k-22k","industryField":"移动互联网,企业服务","district":"海淀区","companyLabelList":["管理规范","领导好","扁平管理"],"positionAdvantage":"私有云、ICE","jobNature":"全职","workYear":"5-10年","approve":0,"score":0,"companySize":"150-500人","businessZones":["双榆树","人民大学"],"imState":"today","lastLogin":1472526958000,"publisherId":3757127,"explain":null,"plus":null,"pcShow":0,"appShow":0,"deliver":0,"gradeDescription":null,"companyFullName":"北京华正方圆科技发展有限公司","adWord":0},{"formatCreateTime":"2016-08-25","createTime":"2016-08-25 16:54:56","companyId":112123,"positionName":"java项目经理","education":"本科","city":"北京","positionId":1942482,"financeStage":"上市公司","companyShortName":"榕基软件","companyLogo":"i/image/M00/08/27/Cgp3O1bPpJ6AWxDGAAAcMST0M_s234.jpg","salary":"15k-25k","industryField":"移动互联网","district":null,"companyLabelList":["交通补助","午餐补助","通讯津贴","年底双薪"],"positionAdvantage":"上市公司/绩效奖金/五险一金/各种补助","jobNature":"全职","workYear":"5-10年","approve":0,"score":0,"companySize":"500-2000人","businessZones":null,"imState":"today","lastLogin":1472543697000,"publisherId":3698353,"explain":null,"plus":null,"pcShow":0,"appShow":0,"deliver":0,"gradeDescription":null,"companyFullName":"北京中榕基信息技术有限公司","adWord":0},{"formatCreateTime":"2016-08-25","createTime":"2016-08-25 16:48:33","companyId":2474,"positionName":"Java开发工程师","education":"本科","city":"北京","positionId":1393837,"financeStage":"成熟型(D轮及以上)","companyShortName":"滴滴出行","companyLogo":"i/image/M00/00/20/Cgp3O1YtmkSAZjX1AAA78knErXc273.jpg","salary":"20k-40k","industryField":"移动互联网","district":"海淀区","companyLabelList":["弹性工作","节日礼物","岗位晋升","技能培训"],"positionAdvantage":"期权激励，六险一金，靠谱团队，福利最全","jobNature":"全职","workYear":"3-5年","approve":0,"score":0,"companySize":"500-2000人","businessZones":["西北旺","马连洼","上地"],"imState":"today","lastLogin":1472554506000,"publisherId":1920797,"explain":null,"plus":null,"pcShow":0,"appShow":0,"deliver":0,"gradeDescription":null,"companyFullName":"北京小桔科技有限公司","adWord":0},{"formatCreateTime":"2016-08-25","createTime":"2016-08-25 16:38:35","companyId":4838,"positionName":"Java","education":"本科","city":"北京","positionId":2120837,"financeStage":"成熟型(不需要融资)","companyShortName":"安邦保险集团","companyLogo":"image1/M00/00/0B/CgYXBlTUWBuAUJAkAAB6cj6qvIk863.jpg","salary":"20k-40k","industryField":"移动互联网,金融","district":"朝阳区","companyLabelList":["绩效奖金","专项奖金","五险一金","通讯津贴"],"positionAdvantage":"发展空间,岗位晋升,五险一金,带薪休假","jobNature":"全职","workYear":"3-5年","approve":1,"score":0,"companySize":"2000人以上","businessZones":["建国门","CBD","国贸"],"imState":"today","lastLogin":1472548560000,"publisherId":5428877,"explain":null,"plus":null,"pcShow":0,"appShow":0,"deliver":0,"gradeDescription":null,"companyFullName":"安邦保险集团股份有限公司","adWord":0},{"formatCreateTime":"2016-08-25","createTime":"2016-08-25 16:38:03","companyId":407,"positionName":"Java开发工程师","education":"本科","city":"北京","positionId":2289269,"financeStage":"成长型(B轮)","companyShortName":"华夏创新","companyLogo":"image1/M00/33/82/Cgo8PFWTt_KAb-uTAAAOAbVxxT4227.jpg","salary":"8k-16k","industryField":"移动互联网,招聘","district":"海淀区","companyLabelList":["节日礼物","带薪年假","年度旅游","领导好"],"positionAdvantage":"牛人团队,晋升空间大,奖金丰厚,办公环境优","jobNature":"全职","workYear":"3-5年","approve":1,"score":0,"companySize":"50-150人","businessZones":["西北旺"],"imState":"threeDays","lastLogin":1472450807000,"publisherId":457158,"explain":null,"plus":null,"pcShow":0,"appShow":0,"deliver":0,"gradeDescription":null,"companyFullName":"北京华夏创新科技有限公司","adWord":0},{"formatCreateTime":"2016-08-25","createTime":"2016-08-25 16:37:43","companyId":58845,"positionName":"Java中级开发工程师","education":"大专","city":"北京","positionId":978768,"financeStage":"成长型(不需要融资)","companyShortName":"科思飞创","companyLogo":"image1/M00/2A/D6/CgYXBlVtbayAfvyTAACTSjyOQMg632.png","salary":"10k-20k","industryField":"移动互联网,O2O","district":"海淀区","companyLabelList":["节日礼物","项目奖金","早晚交通补助","带薪年假"],"positionAdvantage":"带薪假,公积金,餐补,项目奖,零食,弹性工作","jobNature":"全职","workYear":"3-5年","approve":0,"score":0,"companySize":"50-150人","businessZones":["上地","西二旗","马连洼"],"imState":"threeDays","lastLogin":1472463280000,"publisherId":1484575,"explain":null,"plus":null,"pcShow":0,"appShow":0,"deliver":0,"gradeDescription":null,"companyFullName":"北京科思飞创科技有限公司","adWord":0},{"formatCreateTime":"2016-08-25","createTime":"2016-08-25 16:35:25","companyId":45832,"positionName":"Java高级开发工程师","education":"大专","city":"北京","positionId":2289251,"financeStage":"成长型(不需要融资)","companyShortName":"全融通支付","companyLogo":"image1/M00/00/75/Cgo8PFTUXaOAaOgbAACp0w8A0Zc664.png","salary":"15k-25k","industryField":"电子商务,金融","district":"朝阳区","companyLabelList":["节日礼物","技能培训","绩效奖金","年度旅游"],"positionAdvantage":"五险一金 带薪年假","jobNature":"全职","workYear":"5-10年","approve":0,"score":0,"companySize":"150-500人","businessZones":["大屯","奥运村","亚运村"],"imState":"disabled","lastLogin":1472550897000,"publisherId":5993055,"explain":null,"plus":null,"pcShow":0,"appShow":0,"deliver":0,"gradeDescription":null,"companyFullName":"鹏全融通（北京）支付科技有限公司","adWord":0},{"formatCreateTime":"2016-08-25","createTime":"2016-08-25 16:30:33","companyId":95008,"positionName":"Java","education":"大专","city":"北京","positionId":2026360,"financeStage":"成熟型(不需要融资)","companyShortName":"宇信科技","companyLogo":"i/image/M00/4A/98/CgqKkVebDjSAayrdAAASoTqM9io393.jpg","salary":"12k-15k","industryField":"移动互联网,金融","district":"昌平区","companyLabelList":["技能培训","带薪年假","绩效奖金","岗位晋升"],"positionAdvantage":"公司平台大，有发展","jobNature":"全职","workYear":"3-5年","approve":0,"score":0,"companySize":"2000人以上","businessZones":["西二旗","龙泽","回龙观"],"imState":"today","lastLogin":1472549295000,"publisherId":5225574,"explain":null,"plus":null,"pcShow":0,"appShow":0,"deliver":0,"gradeDescription":null,"companyFullName":"北京宇信科技集团股份有限公司","adWord":0},{"formatCreateTime":"2016-08-25","createTime":"2016-08-25 16:29:54","companyId":115673,"positionName":"Java工程师_BJ","education":"大专","city":"北京","positionId":1944565,"financeStage":"初创型(不需要融资)","companyShortName":"数力网络","companyLogo":"i/image/M00/05/46/Cgp3O1bKrHmAbwULAAAVnYbzq14363.png","salary":"15k-25k","industryField":"数据服务,移动互联网","district":null,"companyLabelList":["年底双薪","带薪年假","定期体检","水果、零食"],"positionAdvantage":"五险一金；旅游；团建；聚餐；绩效奖金","jobNature":"全职","workYear":"3-5年","approve":0,"score":0,"companySize":"15-50人","businessZones":null,"imState":"sevenDays","lastLogin":1472115516000,"publisherId":985409,"explain":null,"plus":null,"pcShow":0,"appShow":0,"deliver":0,"gradeDescription":null,"companyFullName":"上海数力网络科技有限公司","adWord":0},{"formatCreateTime":"2016-08-25","createTime":"2016-08-25 16:27:12","companyId":120068,"positionName":"Java开发工程师","education":"大专","city":"北京","positionId":1621118,"financeStage":"上市公司","companyShortName":"康得金控","companyLogo":"i/image/M00/2F/26/Cgp3O1dCuD-AWdxkAACLcBSnWBs100.jpg","salary":"15k-20k","industryField":"金融,企业服务","district":"东城区","companyLabelList":null,"positionAdvantage":"工作环境好，同事nice","jobNature":"全职","workYear":"3-5年","approve":0,"score":0,"companySize":"500-2000人","businessZones":["王府井","东单","北京站"],"imState":"today","lastLogin":1472521836000,"publisherId":4608214,"explain":null,"plus":null,"pcShow":0,"appShow":0,"deliver":0,"gradeDescription":null,"companyFullName":"康得金控资产管理有限公司","adWord":0},{"formatCreateTime":"2016-08-25","createTime":"2016-08-25 16:25:27","companyId":17301,"positionName":"高级Java研发","education":"本科","city":"北京","positionId":2289160,"financeStage":"成长型(A轮)","companyShortName":"ideabinder","companyLogo":"image1/M00/00/20/CgYXBlTUWG-AP4SRAAAl9gdn3AY479.png","salary":"18k-30k","industryField":"移动互联网,企业服务","district":"朝阳区","companyLabelList":["五险一金","年终分红","带薪年假","节日礼物"],"positionAdvantage":"期权激励 发展空间 宽松办公环境","jobNature":"全职","workYear":"5-10年","approve":1,"score":0,"companySize":"50-150人","businessZones":["东大桥","CBD","朝外"],"imState":"disabled","lastLogin":1472176215000,"publisherId":4944505,"explain":null,"plus":null,"pcShow":0,"appShow":0,"deliver":0,"gradeDescription":null,"companyFullName":"北京班德尔科技有限公司","adWord":0},{"formatCreateTime":"2016-08-25","createTime":"2016-08-25 16:25:17","companyId":100315,"positionName":"Java架构师","education":"本科","city":"北京","positionId":1682164,"financeStage":"上市公司","companyShortName":"安博","companyLogo":"image2/M00/0C/A3/CgqLKVYcwnOAEiWWAAAZEiJTTpc579.jpg?cc=0.9311882546489203","salary":"20k-25k","industryField":"教育","district":"海淀区","companyLabelList":["节日礼物","带薪年假","扁平管理","管理规范"],"positionAdvantage":"10天带薪年假、六险一金","jobNature":"全职","workYear":"5-10年","approve":1,"score":0,"companySize":"500-2000人","businessZones":["北太平庄","马甸","蓟门桥","北太平庄","马甸","蓟门桥"],"imState":"disabled","lastLogin":1472113468000,"publisherId":2812442,"explain":null,"plus":null,"pcShow":0,"appShow":0,"deliver":0,"gradeDescription":null,"companyFullName":"北京师大安博教育科技有限责任公司","adWord":0},{"formatCreateTime":"2016-08-25","createTime":"2016-08-25 16:25:05","companyId":131295,"positionName":"Java","education":"大专","city":"北京","positionId":2289158,"financeStage":"成长型(不需要融资)","companyShortName":"日出科技","companyLogo":"i/image/M00/4F/E6/Cgp3O1eygnGAbPOCAAApc7i8p_c111.png","salary":"8k-12k","industryField":"信息安全,硬件","district":"东城区","companyLabelList":null,"positionAdvantage":"行业发展前景好，职业发展空间大","jobNature":"全职","workYear":"1-3年","approve":0,"score":0,"companySize":"150-500人","businessZones":["东四","北新桥"],"imState":"disabled","lastLogin":1472436541000,"publisherId":5924041,"explain":null,"plus":null,"pcShow":0,"appShow":0,"deliver":0,"gradeDescription":null,"companyFullName":"上海日出科技有限公司","adWord":0},{"formatCreateTime":"2016-08-25","createTime":"2016-08-25 16:22:27","companyId":122355,"positionName":"Java","education":"大专","city":"北京","positionId":1777349,"financeStage":"成长型(不需要融资)","companyShortName":"嘉琪科技","companyLogo":"i/image/M00/1A/FF/CgqKkVb7fleAUZUqAAArNrtvr-o795.png","salary":"20k-30k","industryField":"电子商务,移动互联网","district":"海淀区","companyLabelList":null,"positionAdvantage":"公司高大上福利好待遇高","jobNature":"全职","workYear":"5-10年","approve":0,"score":0,"companySize":"50-150人","businessZones":["西三旗","西三旗"],"imState":"disabled","lastLogin":1472551528000,"publisherId":4683622,"explain":null,"plus":null,"pcShow":0,"appShow":0,"deliver":0,"gradeDescription":null,"companyFullName":"嘉琪科技（北京）有限公司","adWord":0}]}},"code":0}