{"success":true,"requestId":null,"msg":null,"resubmitToken":null,"content":{"pageNo":65,"pageSize":15,"positionResult":{"totalCount":12338,"resultSize":15,"locationInfo":{"queryByGisCode":false,"businessZone":null,"locationCode":null,"city":"北京","district":null},"queryAnalysisInfo":{"industryName":null,"usefulCompany":false,"positionName":"java","companyName":null},"strategyProperty":{"name":"dm-csearch-newSimScorer","id":1},"result":[{"companyId":56966,"positionName":"Java","workYear":"不限","education":"不限","jobNature":"全职","financeStage":"初创型(天使轮)","companyLogo":"i/image/M00/4A/4F/Cgp3O1eZ7t-AK8QeAASPjQE5VRk869.jpg","industryField":"移动互联网","companyShortName":"博达软件","city":"北京","salary":"5k-8k","positionId":2181378,"positionAdvantage":"五险一金 免费住宿 年底三薪","district":"海淀区","createTime":"2016-08-29 09:51:22","companyLabelList":["年底双薪","节日礼物","技能培训","专项奖金"],"approve":1,"companySize":"150-500人","score":0,"companyFullName":"北京博达远创科技发展有限公司","adWord":0,"formatCreateTime":"1天前发布","publisherId":1433372,"explain":null,"plus":null,"pcShow":0,"appShow":0,"deliver":0,"gradeDescription":null,"businessZones":["龙泽","回龙观"],"imState":"disabled","lastLogin":1472461120000},{"companyId":136978,"positionName":"Java研发工程师","workYear":"1-3年","education":"本科","jobNature":"全职","financeStage":"成长型(A轮)","companyLogo":"i/image/M00/3F/16/CgqKkVd2JdKAewuuAAATpdprgrA613.jpg","industryField":"金融","companyShortName":"玖富技术中心","city":"北京","salary":"13k-25k","positionId":2073704,"positionAdvantage":"五险一金、免费班车、节日福利、居住证","district":null,"createTime":"2016-08-29 09:51:11","companyLabelList":["绩效奖金","免费班车","五险一金","部门旅游"],"approve":0,"companySize":"2000人以上","score":0,"companyFullName":"北京玖富联银科技有限公司","adWord":0,"formatCreateTime":"1天前发布","publisherId":5201513,"explain":null,"plus":null,"pcShow":0,"appShow":0,"deliver":0,"gradeDescription":null,"businessZones":null,"imState":"today","lastLogin":1472547368000},{"companyId":22862,"positionName":"Java","workYear":"3-5年","education":"本科","jobNature":"全职","financeStage":"上市公司","companyLogo":"image1/M00/00/2C/CgYXBlTUXHOAPmTsAACEZGcxlZQ644.jpg","industryField":"企业服务,金融","companyShortName":"上海华腾软件系统有限公司","city":"北京","salary":"9k-13k","positionId":2030097,"positionAdvantage":"年终奖，五险一金","district":"昌平区","createTime":"2016-08-29 09:46:44","companyLabelList":["年底双薪","绩效奖金","带薪年假","定期体检"],"approve":1,"companySize":"2000人以上","score":0,"companyFullName":"上海华腾软件系统有限公司","adWord":0,"formatCreateTime":"1天前发布","publisherId":4915025,"explain":null,"plus":null,"pcShow":0,"appShow":0,"deliver":0,"gradeDescription":null,"businessZones":null,"imState":"disabled","lastLogin":1472537509000},{"companyId":4836,"positionName":"Java高级开发","workYear":"3-5年","education":"大专","jobNature":"全职","financeStage":"上市公司","companyLogo":"image2/M00/07/C8/CgpzWlYAsfGATpk7AAAJkGWG2kk774.png?cc=0.19381895544938743","industryField":"电子商务","companyShortName":"京东商城","city":"北京","salary":"15k-30k","positionId":2047536,"positionAdvantage":"平台好 办公环境好","district":"大兴区","createTime":"2016-08-29 09:44:14","companyLabelList":["技能培训","年底双薪","节日礼物","绩效奖金"],"approve":1,"companySize":"2000人以上","score":0,"companyFullName":"北京京东尚科信息技术有限公司","adWord":0,"formatCreateTime":"1天前发布","publisherId":1933446,"explain":null,"plus":null,"pcShow":0,"appShow":0,"deliver":0,"gradeDescription":null,"businessZones":["亦庄"],"imState":"disabled","lastLogin":1472434789000},{"companyId":58437,"positionName":"高级Java","workYear":"5-10年","education":"本科","jobNature":"全职","financeStage":"初创型(天使轮)","companyLogo":"i/image/M00/17/D1/Cgp3O1bya4SADmONAAABB0Zt18M819.png","industryField":"移动互联网","companyShortName":"易保互联","city":"北京","salary":"18k-25k","positionId":2259299,"positionAdvantage":"高大","district":"朝阳区","createTime":"2016-08-29 09:33:38","companyLabelList":["技能培训","节日礼物","年底双薪","专项奖金"],"approve":0,"companySize":"50-150人","score":0,"companyFullName":"易保互联医疗信息科技（北京）有限公司","adWord":0,"formatCreateTime":"1天前发布","publisherId":1638571,"explain":null,"plus":null,"pcShow":0,"appShow":0,"deliver":0,"gradeDescription":null,"businessZones":["三元桥","左家庄","亮马桥"],"imState":"disabled","lastLogin":1472525291000},{"companyId":52809,"positionName":"Java","workYear":"1-3年","education":"大专","jobNature":"全职","financeStage":"成熟型(C轮)","companyLogo":"image1/M00/1F/46/Cgo8PFUyS4SAQZKFAAA2CrGiEvE523.jpg","industryField":"移动互联网,数据服务","companyShortName":"新致软件","city":"北京","salary":"10k-15k","positionId":1939902,"positionAdvantage":"险一金 补充商业保险 年度旅游 工会活动","district":"朝阳区","createTime":"2016-08-29 09:26:21","companyLabelList":["技能培训","专项奖金","免费班车","带薪年假"],"approve":1,"companySize":"2000人以上","score":0,"companyFullName":"上海新致软件股份有限公司","adWord":0,"formatCreateTime":"1天前发布","publisherId":1661764,"explain":null,"plus":null,"pcShow":0,"appShow":0,"deliver":0,"gradeDescription":null,"businessZones":["望京","大山子","花家地"],"imState":"today","lastLogin":1472544005000},{"companyId":7641,"positionName":"Java开发工程师","workYear":"1-3年","education":"硕士","jobNature":"全职","financeStage":"成长型(不需要融资)","companyLogo":"image1/M00/00/10/Cgo8PFTUWC2AF2LkAACsG2Llylo894.jpg","industryField":"电子商务","companyShortName":"科码先锋","city":"北京","salary":"10k-18k","positionId":2227345,"positionAdvantage":"五险一金、13薪、年终奖、弹性工作","district":null,"createTime":"2016-08-29 09:26:05","companyLabelList":["年底双薪","技能培训","绩效奖金","年度旅游"],"approve":1,"companySize":"150-500人","score":0,"companyFullName":"北京科码先锋软件技术有限公司","adWord":0,"formatCreateTime":"1天前发布","publisherId":5375135,"explain":null,"plus":null,"pcShow":0,"appShow":0,"deliver":0,"gradeDescription":null,"businessZones":null,"imState":"disabled","lastLogin":1472539692000},{"companyId":116752,"positionName":"Php/Java/Python/C+开发工程师","workYear":"5-10年","education":"本科","jobNature":"全职","financeStage":"成长型(不需要融资)","companyLogo":"i/image/M00/09/C8/Cgp3O1bTov-AIGwwAAATKENfN88196.jpg","industryField":"电子商务,移动互联网","companyShortName":"星河互联集团","city":"北京","salary":"10k-20k","positionId":1943664,"positionAdvantage":"补助 五险一金","district":"海淀区","createTime":"2016-08-29 09:23:51","companyLabelList":["年底双薪","交通补助","午餐补助","通讯津贴"],"approve":0,"companySize":"150-500人","score":0,"companyFullName":"星河互联集团有限公司","adWord":0,"formatCreateTime":"1天前发布","publisherId":4173906,"explain":null,"plus":null,"pcShow":0,"appShow":0,"deliver":0,"gradeDescription":null,"businessZones":["上地","马连洼","西二旗"],"imState":"today","lastLogin":1472559870000},{"companyId":10207,"positionName":"Java工程师","workYear":"1-3年","education":"大专","jobNature":"全职","financeStage":"初创型(天使轮)","companyLogo":"image1/M00/00/14/CgYXBlTUWD-ASD0ZAABh9JLcXgE385.png","industryField":"移动互联网,电子商务","companyShortName":"中盛科技","city":"北京","salary":"7k-13k","positionId":52669,"positionAdvantage":"能力对应收益","district":"海淀区","createTime":"2016-08-29 09:21:52","companyLabelList":["五险一金","绩效奖金","午餐补助","弹性工作"],"approve":0,"companySize":"15-50人","score":0,"companyFullName":"中盛盈创（北京）科技有限公司","adWord":0,"formatCreateTime":"1天前发布","publisherId":129481,"explain":null,"plus":null,"pcShow":0,"appShow":0,"deliver":0,"gradeDescription":null,"businessZones":["知春路","双榆树","大钟寺"],"imState":"threeDays","lastLogin":1472433551000},{"companyId":94140,"positionName":"Java","workYear":"1-3年","education":"本科","jobNature":"全职","financeStage":"初创型(天使轮)","companyLogo":"i/image/M00/34/97/Cgp3O1dWMw2ABJBuAABLzHt04jc256.jpg","industryField":"移动互联网,数据服务","companyShortName":"车信","city":"北京","salary":"10k-20k","positionId":1400583,"positionAdvantage":"精英团队 弹性时间 老板人好又帅气！","district":"海淀区","createTime":"2016-08-29 09:21:39","companyLabelList":["绩效奖金","岗位晋升","管理规范","领导好"],"approve":0,"companySize":"15-50人","score":0,"companyFullName":"深圳市车信数据技术服务有限公司","adWord":0,"formatCreateTime":"1天前发布","publisherId":3697548,"explain":null,"plus":null,"pcShow":0,"appShow":0,"deliver":0,"gradeDescription":null,"businessZones":["学院路","五道口","北航"],"imState":"today","lastLogin":1472537460000},{"companyId":133575,"positionName":"Java中级开发工程师","workYear":"3-5年","education":"大专","jobNature":"全职","financeStage":"初创型(未融资)","companyLogo":"i/image/M00/36/14/Cgp3O1dc8YKAEKVxAAATA-8UkJU848.jpg","industryField":"移动互联网","companyShortName":"恒拓高飞","city":"北京","salary":"10k-15k","positionId":2297117,"positionAdvantage":"五险一金 、绩效奖金、年终分红、带薪年假","district":"海淀区","createTime":"2016-08-29 09:19:31","companyLabelList":null,"approve":0,"companySize":"150-500人","score":0,"companyFullName":"北京恒拓高飞航空技术有限公司","adWord":0,"formatCreateTime":"1天前发布","publisherId":5290801,"explain":null,"plus":null,"pcShow":0,"appShow":0,"deliver":0,"gradeDescription":null,"businessZones":["上地","马连洼","西二旗"],"imState":"disabled","lastLogin":1472525175000},{"companyId":8103,"positionName":"Java开发工程师","workYear":"1-3年","education":"大专","jobNature":"全职","financeStage":"上市公司","companyLogo":"i/image/M00/01/80/CgqKkVZuPraAN3O6AACFeBgN7dY620.jpg","industryField":"移动互联网,文化娱乐","companyShortName":"汽车之家","city":"北京","salary":"10k-20k","positionId":2024576,"positionAdvantage":"互联网 每年16薪且2次晋升机会 培训机会多","district":"海淀区","createTime":"2016-08-29 09:17:36","companyLabelList":["技能培训","节日礼物","带薪年假","绩效奖金"],"approve":1,"companySize":"2000人以上","score":0,"companyFullName":"北京车之家信息技术有限公司","adWord":0,"formatCreateTime":"1天前发布","publisherId":4817667,"explain":null,"plus":null,"pcShow":0,"appShow":0,"deliver":0,"gradeDescription":null,"businessZones":["中关村","苏州街","苏州桥"],"imState":"today","lastLogin":1472547286000},{"companyId":26980,"positionName":"Java","workYear":"3-5年","education":"本科","jobNature":"全职","financeStage":"上市公司","companyLogo":"i/image/M00/00/13/CgqKkVYnW7aAXbvlAAA6B3nzAzM362.png","industryField":"金融","companyShortName":"上海华腾软件系统有限公司","city":"北京","salary":"10k-13k","positionId":2297094,"positionAdvantage":"移动互联网项目","district":"昌平区","createTime":"2016-08-29 09:16:45","companyLabelList":["年底双薪","午餐补助","带薪年假","定期体检"],"approve":0,"companySize":"2000人以上","score":0,"companyFullName":"上海华腾软件系统有限公司","adWord":0,"formatCreateTime":"1天前发布","publisherId":4995878,"explain":null,"plus":null,"pcShow":0,"appShow":0,"deliver":0,"gradeDescription":null,"businessZones":null,"imState":"disabled","lastLogin":1472524273000},{"companyId":70252,"positionName":"java工程师","workYear":"3-5年","education":"本科","jobNature":"全职","financeStage":"初创型(天使轮)","companyLogo":"images/logo_default.png","industryField":"移动互联网,企业服务","companyShortName":"国科众智","city":"北京","salary":"8k-16k","positionId":1453242,"positionAdvantage":"技术团队","district":"海淀区","createTime":"2016-08-29 09:15:24","companyLabelList":["技能培训","绩效奖金","岗位晋升","交通补助"],"approve":0,"companySize":"少于15人","score":0,"companyFullName":"国科众智（北京）科技有限公司","adWord":0,"formatCreateTime":"1天前发布","publisherId":1700615,"explain":null,"plus":null,"pcShow":0,"appShow":0,"deliver":0,"gradeDescription":null,"businessZones":["中关村","北京大学","五道口"],"imState":"threeDays","lastLogin":1472442295000},{"companyId":3712,"positionName":"Java","workYear":"3-5年","education":"不限","jobNature":"全职","financeStage":"上市公司","companyLogo":"image1/M00/43/B2/Cgo8PFXSpDuARA8xAAEdmjsokXc986.jpg","industryField":"移动互联网,电子商务","companyShortName":"京东","city":"北京","salary":"20k-30k","positionId":119880,"positionAdvantage":"京东核心业务部门","district":"大兴区","createTime":"2016-08-29 09:14:27","companyLabelList":["年底双薪","免费班车","带薪年假","绩效奖金"],"approve":1,"companySize":"2000人以上","score":0,"companyFullName":"京东世纪贸易有限公司","adWord":0,"formatCreateTime":"1天前发布","publisherId":88824,"explain":null,"plus":null,"pcShow":0,"appShow":0,"deliver":0,"gradeDescription":null,"businessZones":["亦庄"],"imState":"disabled","lastLogin":1472562435000}]}},"code":0}