{"success":true,"requestId":null,"msg":null,"resubmitToken":null,"content":{"pageNo":32,"pageSize":15,"positionResult":{"resultSize":15,"totalCount":12338,"locationInfo":{"city":"北京","district":null,"queryByGisCode":false,"locationCode":null,"businessZone":null},"queryAnalysisInfo":{"positionName":"java","companyName":null,"usefulCompany":false,"industryName":null},"strategyProperty":{"name":"dm-csearch-newSimScorer","id":1},"result":[{"createTime":"2016-08-30 10:23:14","formatCreateTime":"10:23发布","companyId":3786,"positionName":"Java","workYear":"3-5年","education":"本科","jobNature":"全职","companyShortName":"宜信","city":"北京","salary":"15k-30k","financeStage":"成熟型(不需要融资)","positionId":2053150,"companyLogo":"i/image/M00/01/C8/Cgp3O1Z3lASAVbZHAABCha8eqHY645.jpg","positionAdvantage":"超牛团队 弹性工时 超长年假","approve":1,"district":"朝阳区","score":0,"companyLabelList":["管理规范","技能培训","扁平管理","弹性工作"],"industryField":"移动互联网,金融","companySize":"2000人以上","imState":"today","lastLogin":1472547426000,"publisherId":3796939,"explain":null,"plus":null,"pcShow":0,"appShow":0,"deliver":0,"gradeDescription":null,"businessZones":["大望路","华贸","红庙"],"companyFullName":"普信恒业科技发展（北京）有限公司","adWord":0},{"createTime":"2016-08-30 09:31:33","formatCreateTime":"09:31发布","companyId":126827,"positionName":"Java","workYear":"1-3年","education":"本科","jobNature":"全职","companyShortName":"盛世全景","city":"北京","salary":"10k-20k","financeStage":"上市公司","positionId":1993327,"companyLogo":"i/image/M00/3E/98/CgqKkVd01hSAEpvsAACCH1lkQmM663.jpg","positionAdvantage":"五险一金 节假日福利 年终奖等其他福利","approve":0,"district":"海淀区","score":0,"companyLabelList":["年底双薪","绩效奖金","定期体检","带薪年假"],"industryField":"数据服务,金融","companySize":"15-50人","imState":"today","lastLogin":1472548425000,"publisherId":4915279,"explain":null,"plus":null,"pcShow":0,"appShow":0,"deliver":0,"gradeDescription":null,"businessZones":["五道口","中关村","清华大学"],"companyFullName":"北京盛世全景科技股份有限公司","adWord":0},{"createTime":"2016-08-30 09:23:48","formatCreateTime":"09:23发布","companyId":15217,"positionName":"高级Java开发工程师","workYear":"5-10年","education":"本科","jobNature":"全职","companyShortName":"优森移动","city":"北京","salary":"15k-20k","financeStage":"成长型(不需要融资)","positionId":2215939,"companyLogo":"i/image/M00/35/02/Cgp3O1dXl5SAbYqzAAAGTAqGwko638.png","positionAdvantage":"五险一金、年中奖金、弹性工作、带薪年假","approve":0,"district":"朝阳区","score":0,"companyLabelList":["绩效奖金","年终分红","专项奖金","年底双薪"],"industryField":"移动互联网","companySize":"50-150人","imState":"sevenDays","lastLogin":1472182835000,"publisherId":2397861,"explain":null,"plus":null,"pcShow":0,"appShow":0,"deliver":0,"gradeDescription":null,"businessZones":["酒仙桥","大山子","将台路"],"companyFullName":"北京优森移动互联网科技有限公司","adWord":0},{"createTime":"2016-08-30 09:23:03","formatCreateTime":"09:23发布","companyId":71494,"positionName":"Java开发工程师（信息平台）","workYear":"3-5年","education":"本科","jobNature":"全职","companyShortName":"北大医信","city":"北京","salary":"10k-18k","financeStage":"成熟型(不需要融资)","positionId":1741672,"companyLogo":"i/image/M00/00/38/CgqKkVY2wMeAIWU2AAEKiMm66rI767.png","positionAdvantage":"五险一金，补充商业保险，餐补，通讯补","approve":1,"district":"海淀区","score":0,"companyLabelList":["技能培训","节日礼物","带薪年假","绩效奖金"],"industryField":"医疗健康","companySize":"500-2000人","imState":"today","lastLogin":1472552555000,"publisherId":1721070,"explain":null,"plus":null,"pcShow":0,"appShow":0,"deliver":0,"gradeDescription":null,"businessZones":["北京大学","中关村","苏州街","北京大学","中关村","苏州街"],"companyFullName":"北大医疗信息技术有限公司","adWord":0},{"createTime":"2016-08-30 09:15:26","formatCreateTime":"09:15发布","companyId":25322,"positionName":"Java实习","workYear":"不限","education":"不限","jobNature":"全职","companyShortName":"亚信","city":"北京","salary":"3k以上","financeStage":"成熟型(不需要融资)","positionId":2178402,"companyLogo":"image1/M00/44/54/CgYXBlXVQ6aAGXrAAABY2xXSS8I163.png","positionAdvantage":"团队氛围好、部门即将上市、大大发展空间","approve":1,"district":"海淀区","score":0,"companyLabelList":["年底双薪","技能培训","免费班车","带薪年假"],"industryField":"移动互联网,数据服务","companySize":"2000人以上","imState":"disabled","lastLogin":1472519702000,"publisherId":1432654,"explain":null,"plus":null,"pcShow":0,"appShow":0,"deliver":0,"gradeDescription":null,"businessZones":["西北旺","马连洼","上地"],"companyFullName":"亚信科技（中国）有限公司","adWord":0},{"createTime":"2016-08-30 09:14:50","formatCreateTime":"09:14发布","companyId":72439,"positionName":"Java","workYear":"3-5年","education":"本科","jobNature":"全职","companyShortName":"拓天速贷","city":"北京","salary":"15k-25k","financeStage":"成长型(不需要融资)","positionId":2273522,"companyLogo":"image1/M00/36/37/CgYXBlWd5PKAHbfCAAAZDkvYvo4527.png","positionAdvantage":"五险一金,环境良好,大牛指引","approve":1,"district":"丰台区","score":0,"companyLabelList":["节日礼物","专项奖金","带薪年假","绩效奖金"],"industryField":"金融","companySize":"150-500人","imState":"disabled","lastLogin":1472519440000,"publisherId":1738897,"explain":null,"plus":null,"pcShow":0,"appShow":0,"deliver":0,"gradeDescription":null,"businessZones":["嘉园","马家堡","角门"],"companyFullName":"拓天伟业（北京）金融信息服务有限公司","adWord":0},{"createTime":"2016-08-30 09:14:50","formatCreateTime":"09:14发布","companyId":21236,"positionName":"JAVA开发工程师（北京）","workYear":"1-3年","education":"大专","jobNature":"全职","companyShortName":"微医集团","city":"北京","salary":"10k-16k","financeStage":"成熟型(C轮)","positionId":1876530,"companyLogo":"i/image/M00/43/F6/CgqKkVeEh76AUVPoAAA2Bj747wU630.jpg","positionAdvantage":"弹性工作 五险一金 交通补贴 餐饮补贴","approve":1,"district":null,"score":0,"companyLabelList":["技能培训","年底双薪","节日礼物","绩效奖金"],"industryField":"移动互联网,医疗健康","companySize":"500-2000人","imState":"today","lastLogin":1472556433000,"publisherId":246019,"explain":null,"plus":null,"pcShow":0,"appShow":0,"deliver":0,"gradeDescription":null,"businessZones":null,"companyFullName":"浙江康健绿线网络技术有限公司","adWord":0},{"createTime":"2016-08-30 09:14:48","formatCreateTime":"09:14发布","companyId":47031,"positionName":"Java技术经理","workYear":"5-10年","education":"本科","jobNature":"全职","companyShortName":"小车匠","city":"北京","salary":"15k-25k","financeStage":"成长型(不需要融资)","positionId":2131070,"companyLogo":"image1/M00/37/F1/Cgo8PFWkdZyACm22AAAPOh1qQpA220.jpg","positionAdvantage":"五险一金 项目奖金 餐补","approve":1,"district":"海淀区","score":0,"companyLabelList":["带薪年假","绩效奖金","岗位晋升","领导好"],"industryField":"教育","companySize":"50-150人","imState":"today","lastLogin":1472519629000,"publisherId":910271,"explain":null,"plus":null,"pcShow":0,"appShow":0,"deliver":0,"gradeDescription":null,"businessZones":["上地","西二旗","马连洼"],"companyFullName":"北京小车匠信息系统有限公司","adWord":0},{"createTime":"2016-08-30 09:14:34","formatCreateTime":"09:14发布","companyId":50702,"positionName":"java技术经理","workYear":"不限","education":"本科","jobNature":"全职","companyShortName":"美团点评","city":"北京","salary":"30k-50k","financeStage":"成熟型(D轮及以上)","positionId":2177344,"companyLogo":"i/image/M00/4B/6C/CgqKkVefHv-AFoRzAAAuALF7ZZ0419.png","positionAdvantage":"核心业务，发展空间大，薪资空间大","approve":1,"district":"朝阳区","score":0,"companyLabelList":["技能培训","绩效奖金","岗位晋升","领导好"],"industryField":"移动互联网,O2O","companySize":"2000人以上","imState":"disabled","lastLogin":1472554133000,"publisherId":5811078,"explain":null,"plus":null,"pcShow":0,"appShow":0,"deliver":0,"gradeDescription":null,"businessZones":["望京","大山子","酒仙桥"],"companyFullName":"北京三快在线科技有限公司","adWord":0},{"createTime":"2016-08-30 09:13:31","formatCreateTime":"09:13发布","companyId":7658,"positionName":"JAVA技术总监","workYear":"5-10年","education":"大专","jobNature":"全职","companyShortName":"美试网","city":"北京","salary":"30k-50k","financeStage":"成长型(不需要融资)","positionId":2051368,"companyLogo":"image1/M00/0A/68/CgYXBlTu68eACmrNAACDM87WRR0619.jpg","positionAdvantage":"你面试，我买单","approve":1,"district":"朝阳区","score":0,"companyLabelList":["面试打车报销","五险一金","年底双薪","股票期权"],"industryField":"电子商务","companySize":"50-150人","imState":"disabled","lastLogin":1472519385000,"publisherId":88776,"explain":null,"plus":null,"pcShow":0,"appShow":0,"deliver":0,"gradeDescription":null,"businessZones":["四惠","十里堡","甘露园"],"companyFullName":"北京千千方式文化传播有限公司","adWord":0},{"createTime":"2016-08-30 09:12:58","formatCreateTime":"09:12发布","companyId":66942,"positionName":"JAVA工程师","workYear":"3-5年","education":"本科","jobNature":"全职","companyShortName":"北京博顿云联技术有限公司","city":"北京","salary":"10k-20k","financeStage":"初创型(天使轮)","positionId":2032639,"companyLogo":"image1/M00/26/44/Cgo8PFVUaJCAKY5eAAB6u7XURhE524.jpg","positionAdvantage":"团队工作比较融洽、发展空间较大~","approve":0,"district":"海淀区","score":0,"companyLabelList":["技能培训","股票期权","带薪年假","绩效奖金"],"industryField":"数据服务","companySize":"150-500人","imState":"disabled","lastLogin":1472518992000,"publisherId":5416102,"explain":null,"plus":null,"pcShow":0,"appShow":0,"deliver":0,"gradeDescription":null,"businessZones":["苏州街","北京大学","颐和园"],"companyFullName":"北京博顿云联有限公司","adWord":0},{"createTime":"2016-08-30 09:12:49","formatCreateTime":"09:12发布","companyId":18607,"positionName":"Java开发工程师","workYear":"3-5年","education":"本科","jobNature":"全职","companyShortName":"成众志","city":"北京","salary":"10k-20k","financeStage":"成长型(A轮)","positionId":2302589,"companyLogo":"image1/M00/00/22/CgYXBlTUWHeARox1AABVIP6CvfM405.jpg","positionAdvantage":"五险一金,节日福利,年终奖励,项目奖金","approve":1,"district":"海淀区","score":0,"companyLabelList":["年底双薪","带薪年假","年度旅游","岗位晋升"],"industryField":"移动互联网","companySize":"15-50人","imState":"disabled","lastLogin":1472519150000,"publisherId":213521,"explain":null,"plus":null,"pcShow":0,"appShow":0,"deliver":0,"gradeDescription":null,"businessZones":["上地","马连洼","西二旗"],"companyFullName":"北京成众志科技有限公司","adWord":0},{"createTime":"2016-08-30 09:11:37","formatCreateTime":"09:11发布","companyId":115935,"positionName":"Java开发项目经理","workYear":"3-5年","education":"本科","jobNature":"全职","companyShortName":"信通埃森哲","city":"北京","salary":"15k-30k","financeStage":"成长型(不需要融资)","positionId":1739615,"companyLogo":"i/image/M00/06/90/CgqKkVbNCySAWZw_AAAQbhB22hg125.png","positionAdvantage":"五险一金补充医疗，餐补交通补高温补取暖补","approve":0,"district":"西城区","score":0,"companyLabelList":null,"industryField":"企业服务","companySize":"50-150人","imState":"today","lastLogin":1472568871000,"publisherId":4068138,"explain":null,"plus":null,"pcShow":0,"appShow":0,"deliver":0,"gradeDescription":null,"businessZones":["和平门","宣武门","前门"],"companyFullName":"北京国网信通埃森哲信息技术有限公司","adWord":0},{"createTime":"2016-08-30 09:11:29","formatCreateTime":"09:11发布","companyId":26411,"positionName":"Java","workYear":"3-5年","education":"不限","jobNature":"全职","companyShortName":"燕大","city":"北京","salary":"10k-20k","financeStage":"初创型(未融资)","positionId":1918447,"companyLogo":"images/logo_default.png","positionAdvantage":"创始人阿里 亚马逊 入职就有股票","approve":0,"district":"海淀区","score":0,"companyLabelList":null,"industryField":"教育","companySize":"2000人以上","imState":"disabled","lastLogin":1472519367000,"publisherId":325698,"explain":null,"plus":null,"pcShow":0,"appShow":0,"deliver":0,"gradeDescription":null,"businessZones":["知春路","中关村","双榆树"],"companyFullName":"燕山大学","adWord":0},{"createTime":"2016-08-30 09:10:48","formatCreateTime":"09:10发布","companyId":994,"positionName":"Java研发专家","workYear":"5-10年","education":"本科","jobNature":"全职","companyShortName":"国广东方网络（北京）有限公司","city":"北京","salary":"8k-15k","financeStage":"成长型(B轮)","positionId":1635073,"companyLogo":"image1/M00/00/05/CgYXBlTUWACAMEo4AACGADT5Usw013.png","positionAdvantage":"牌照方，平台好，各种补助。","approve":1,"district":"朝阳区","score":0,"companyLabelList":["节日礼物","国家背景","带薪年假","绩效奖金"],"industryField":"移动互联网,文化娱乐","companySize":"150-500人","imState":"today","lastLogin":1472529785000,"publisherId":1576478,"explain":null,"plus":null,"pcShow":0,"appShow":0,"deliver":0,"gradeDescription":null,"businessZones":["大望路","华贸","红庙"],"companyFullName":"国广东方网络（北京）有限公司","adWord":0}]}},"code":0}