{"success":true,"requestId":null,"msg":null,"resubmitToken":null,"code":0,"content":{"pageNo":33,"pageSize":15,"positionResult":{"resultSize":15,"totalCount":12338,"locationInfo":{"queryByGisCode":false,"businessZone":null,"locationCode":null,"city":"北京","district":null},"queryAnalysisInfo":{"industryName":null,"usefulCompany":false,"positionName":"java","companyName":null},"strategyProperty":{"name":"dm-csearch-newSimScorer","id":1},"result":[{"companyId":3786,"businessZones":null,"imState":"today","lastLogin":1472551210000,"publisherId":3608699,"explain":null,"plus":null,"pcShow":0,"appShow":0,"deliver":0,"gradeDescription":null,"companyFullName":"普信恒业科技发展（北京）有限公司","formatCreateTime":"10:23发布","positionName":"Java开发--资深","workYear":"5-10年","education":"本科","jobNature":"全职","companyLogo":"i/image/M00/01/C8/Cgp3O1Z3lASAVbZHAABCha8eqHY645.jpg","salary":"25k-50k","city":"北京","financeStage":"成熟型(不需要融资)","industryField":"移动互联网,金融","positionId":1841058,"approve":1,"createTime":"2016-08-30 10:23:13","positionAdvantage":"互联网团队，发展空间大","district":null,"companyShortName":"宜信","companyLabelList":["管理规范","技能培训","扁平管理","弹性工作"],"score":0,"companySize":"2000人以上","adWord":0},{"companyId":126827,"businessZones":null,"imState":"today","lastLogin":1472548425000,"publisherId":4915279,"explain":null,"plus":null,"pcShow":0,"appShow":0,"deliver":0,"gradeDescription":null,"companyFullName":"北京盛世全景科技股份有限公司","formatCreateTime":"09:31发布","positionName":"Java web开发","workYear":"3-5年","education":"本科","jobNature":"全职","companyLogo":"i/image/M00/3E/98/CgqKkVd01hSAEpvsAACCH1lkQmM663.jpg","salary":"15k-25k","city":"北京","financeStage":"上市公司","industryField":"数据服务,金融","positionId":2032009,"approve":0,"createTime":"2016-08-30 09:31:31","positionAdvantage":"五险一金 节假日福利 年终奖等其他福利","district":null,"companyShortName":"盛世全景","companyLabelList":["年底双薪","绩效奖金","定期体检","带薪年假"],"score":0,"companySize":"15-50人","adWord":0},{"companyId":71494,"businessZones":["北京大学","中关村","苏州街"],"imState":"today","lastLogin":1472552555000,"publisherId":1721070,"explain":null,"plus":null,"pcShow":0,"appShow":0,"deliver":0,"gradeDescription":null,"companyFullName":"北大医疗信息技术有限公司","formatCreateTime":"09:22发布","positionName":"Java开发工程师（信息平台）","workYear":"3-5年","education":"本科","jobNature":"全职","companyLogo":"i/image/M00/00/38/CgqKkVY2wMeAIWU2AAEKiMm66rI767.png","salary":"10k-15k","city":"北京","financeStage":"成熟型(不需要融资)","industryField":"医疗健康","positionId":1569582,"approve":1,"createTime":"2016-08-30 09:22:54","positionAdvantage":"五险一金，补充商业保险，餐补，通讯补","district":"海淀区","companyShortName":"北大医信","companyLabelList":["技能培训","节日礼物","带薪年假","绩效奖金"],"score":0,"companySize":"500-2000人","adWord":0},{"companyId":50702,"businessZones":["望京","大山子","酒仙桥"],"imState":"disabled","lastLogin":1472554133000,"publisherId":5811078,"explain":null,"plus":null,"pcShow":0,"appShow":0,"deliver":0,"gradeDescription":null,"companyFullName":"北京三快在线科技有限公司","formatCreateTime":"09:14发布","positionName":"高级java开发工程师、架构师","workYear":"不限","education":"本科","jobNature":"全职","companyLogo":"i/image/M00/4B/6C/CgqKkVefHv-AFoRzAAAuALF7ZZ0419.png","salary":"20k-40k","city":"北京","financeStage":"成熟型(D轮及以上)","industryField":"移动互联网,O2O","positionId":2174905,"approve":1,"createTime":"2016-08-30 09:14:09","positionAdvantage":"挑战大，快速成长的团队，发展空间大","district":"朝阳区","companyShortName":"美团点评","companyLabelList":["技能培训","绩效奖金","岗位晋升","领导好"],"score":0,"companySize":"2000人以上","adWord":0},{"companyId":994,"businessZones":["中关村","知春路","双榆树"],"imState":"today","lastLogin":1472529785000,"publisherId":1576478,"explain":null,"plus":null,"pcShow":0,"appShow":0,"deliver":0,"gradeDescription":null,"companyFullName":"国广东方网络（北京）有限公司","formatCreateTime":"09:10发布","positionName":"高级JAVA工程师","workYear":"5-10年","education":"本科","jobNature":"全职","companyLogo":"image1/M00/00/05/CgYXBlTUWACAMEo4AACGADT5Usw013.png","salary":"15k-25k","city":"北京","financeStage":"成长型(B轮)","industryField":"移动互联网,文化娱乐","positionId":1854671,"approve":1,"createTime":"2016-08-30 09:10:47","positionAdvantage":"牌照方，各种补助，OTT、","district":"海淀区","companyShortName":"国广东方网络（北京）有限公司","companyLabelList":["节日礼物","国家背景","带薪年假","绩效奖金"],"score":0,"companySize":"150-500人","adWord":0},{"companyId":52265,"businessZones":["CBD","东大桥","建外大街"],"imState":"disabled","lastLogin":1472519418000,"publisherId":1312469,"explain":null,"plus":null,"pcShow":0,"appShow":0,"deliver":0,"gradeDescription":null,"companyFullName":"中海视讯传媒（北京）有限公司","formatCreateTime":"09:10发布","positionName":"Java工程师","workYear":"3-5年","education":"本科","jobNature":"全职","companyLogo":"image1/M00/09/05/CgYXBlTZmbyAZOzWAABxuXuaRAM658.png","salary":"12k-15k","city":"北京","financeStage":"上市公司","industryField":"文化娱乐","positionId":2112876,"approve":0,"createTime":"2016-08-30 09:10:32","positionAdvantage":"五险一金 交通补助 补充医疗保险","district":"朝阳区","companyShortName":"优点互动","companyLabelList":["技能培训","节日礼物","绩效奖金","年度旅游"],"score":0,"companySize":"50-150人","adWord":0},{"companyId":136566,"businessZones":["安贞","小关","安华"],"imState":"disabled","lastLogin":1472540592000,"publisherId":5487980,"explain":null,"plus":null,"pcShow":0,"appShow":0,"deliver":0,"gradeDescription":null,"companyFullName":"心脏联盟（北京）医疗科技有限公司","formatCreateTime":"09:10发布","positionName":"Java架构师","workYear":"5-10年","education":"不限","jobNature":"全职","companyLogo":"i/image/M00/3E/01/Cgp3O1dzcz-AcpKFAAApHcg578g882.png","salary":"15k-30k","city":"北京","financeStage":"成长型(不需要融资)","industryField":"移动互联网,医疗健康","positionId":2029424,"approve":0,"createTime":"2016-08-30 09:10:25","positionAdvantage":"北京市工作居住证、过节礼品、员工体检","district":"朝阳区","companyShortName":"心脏联盟","companyLabelList":null,"score":0,"companySize":"150-500人","adWord":0},{"companyId":85678,"businessZones":["上地","马连洼","西二旗"],"imState":"disabled","lastLogin":1472519267000,"publisherId":3078654,"explain":null,"plus":null,"pcShow":0,"appShow":0,"deliver":0,"gradeDescription":null,"companyFullName":"北京中电普华信息技术有限公司","formatCreateTime":"09:08发布","positionName":"高级Java研发工程师","workYear":"5-10年","education":"本科","jobNature":"全职","companyLogo":"image2/M00/0B/B9/CgqLKVYZ_pSAFSJQAAAfywp4sd0270.png?cc=0.602028943862259","salary":"15k-30k","city":"北京","financeStage":"成熟型(不需要融资)","industryField":"企业服务","positionId":1959105,"approve":0,"createTime":"2016-08-30 09:08:00","positionAdvantage":"大平台，职业发展前景光明","district":"海淀区","companyShortName":"中电普华","companyLabelList":null,"score":0,"companySize":"500-2000人","adWord":0},{"companyId":125749,"businessZones":["右安门","白纸坊","菜市口"],"imState":"disabled","lastLogin":1472570147000,"publisherId":1407714,"explain":null,"plus":null,"pcShow":0,"appShow":0,"deliver":0,"gradeDescription":null,"companyFullName":"北京信安世纪科技有限公司","formatCreateTime":"09:03发布","positionName":"Java开发工程师","workYear":"1-3年","education":"本科","jobNature":"全职","companyLogo":"i/image/M00/22/D1/CgqKkVcV5--ATk7OAAETTL1DCPg590.jpg","salary":"10k-15k","city":"北京","financeStage":"初创型(未融资)","industryField":"其他","positionId":1730730,"approve":0,"createTime":"2016-08-30 09:03:43","positionAdvantage":"五险一金、补充医疗、带薪年假、定期体检","district":"西城区","companyShortName":"信安世纪","companyLabelList":["带薪年假","午餐补助","定期体检","五险一金"],"score":0,"companySize":"150-500人","adWord":0},{"companyId":487,"businessZones":["来广营","望京"],"imState":"today","lastLogin":1472549987000,"publisherId":1505912,"explain":null,"plus":null,"pcShow":0,"appShow":0,"deliver":0,"gradeDescription":null,"companyFullName":"蓝港在线（北京）科技有限公司","formatCreateTime":"09:02发布","positionName":"Java","workYear":"3-5年","education":"本科","jobNature":"全职","companyLogo":"image1/M00/0D/9C/Cgo8PFT4IQSAG0AtAABW35OKyUs933.jpg","salary":"15k-30k","city":"北京","financeStage":"上市公司","industryField":"游戏","positionId":1837272,"approve":1,"createTime":"2016-08-30 09:02:11","positionAdvantage":"七险一金 免费食堂 免费班车","district":"朝阳区","companyShortName":"蓝港互动集团","companyLabelList":["年底双薪","节日礼物","技能培训","绩效奖金"],"score":0,"companySize":"500-2000人","adWord":0},{"companyId":105775,"businessZones":["花乡","看丹桥"],"imState":"today","lastLogin":1472518526000,"publisherId":3130221,"explain":null,"plus":null,"pcShow":0,"appShow":0,"deliver":0,"gradeDescription":null,"companyFullName":"北京全民星彩科技有限公司","formatCreateTime":"08:59发布","positionName":"高级JAVA开发工程师","workYear":"3-5年","education":"本科","jobNature":"全职","companyLogo":"image2/M00/15/42/CgpzWlZCn-yAIiRVAAAcrS_dSnk853.jpg?cc=0.15038244263269007","salary":"10k-20k","city":"北京","financeStage":"成长型(不需要融资)","industryField":"移动互联网","positionId":2229523,"approve":1,"createTime":"2016-08-30 08:59:39","positionAdvantage":"福利多多,团队积极,领导棒棒,扁平化管理","district":"丰台区","companyShortName":"全民彩","companyLabelList":["节日礼物","年底双薪","股票期权","岗位晋升"],"score":0,"companySize":"50-150人","adWord":0},{"companyId":44900,"businessZones":["丽泽桥","六里桥","太平桥"],"imState":"today","lastLogin":1472551205000,"publisherId":858341,"explain":null,"plus":null,"pcShow":0,"appShow":0,"deliver":0,"gradeDescription":null,"companyFullName":"上海汇招信息技术有限公司","formatCreateTime":"08:58发布","positionName":"Java","workYear":"1-3年","education":"本科","jobNature":"全职","companyLogo":"image1/M00/3F/C6/Cgo8PFXBoeKAers3AAAz-Yuj8kY798.png","salary":"8k-15k","city":"北京","financeStage":"成长型(A轮)","industryField":"企业服务","positionId":1101349,"approve":1,"createTime":"2016-08-30 08:58:26","positionAdvantage":"包北京三环内住宿 绩效奖 股权激励","district":"丰台区","companyShortName":"易招标","companyLabelList":["技能培训","专项奖金","带薪年假","绩效奖金"],"score":0,"companySize":"150-500人","adWord":0},{"companyId":79922,"businessZones":["上地","马连洼","西二旗"],"imState":"today","lastLogin":1472564850000,"publisherId":2027585,"explain":null,"plus":null,"pcShow":0,"appShow":0,"deliver":0,"gradeDescription":null,"companyFullName":"北京乐酷达网络技术有限公司","formatCreateTime":"08:57发布","positionName":"Java开发工程师","workYear":"1-3年","education":"本科","jobNature":"全职","companyLogo":"i/image/M00/50/FD/CgqKkVe1kZaAA93nAAPKmGr53JE077.jpg","salary":"10k-20k","city":"北京","financeStage":"成长型(A轮)","industryField":"移动互联网,金融","positionId":2118757,"approve":1,"createTime":"2016-08-30 08:57:57","positionAdvantage":"下一代云计算技术研究，标配27寸以上显示器","district":"海淀区","companyShortName":"OKCoin","companyLabelList":["节日礼物","年度旅游","扁平管理","领导好"],"score":0,"companySize":"150-500人","adWord":0},{"companyId":137438,"businessZones":null,"imState":"disabled","lastLogin":1472518538000,"publisherId":5556142,"explain":null,"plus":null,"pcShow":0,"appShow":0,"deliver":0,"gradeDescription":null,"companyFullName":"北京宝润兴业科技股份有限公司","formatCreateTime":"08:57发布","positionName":"Java","workYear":"3-5年","education":"大专","jobNature":"全职","companyLogo":"i/image/M00/40/AB/CgqKkVd7NM-AfBDCAAAPuR71LBA104.png","salary":"12k-24k","city":"北京","financeStage":"初创型(未融资)","industryField":"企业服务,移动互联网","positionId":2057227,"approve":1,"createTime":"2016-08-30 08:57:25","positionAdvantage":"激情的团队，优厚的待遇，股权及期权激励","district":null,"companyShortName":"北京宝润兴业","companyLabelList":["股票期权","带薪年假","定期体检","专项奖金"],"score":0,"companySize":"150-500人","adWord":0},{"companyId":21318,"businessZones":null,"imState":"today","lastLogin":1472556139000,"publisherId":1625472,"explain":null,"plus":null,"pcShow":0,"appShow":0,"deliver":0,"gradeDescription":null,"companyFullName":"北京盒子鱼教育科技有限公司","formatCreateTime":"08:53发布","positionName":"JAVA高级开发工程师","workYear":"3-5年","education":"本科","jobNature":"全职","companyLogo":"i/image/M00/53/18/Cgp3O1e9hq-AFKBmAABo26TrzMs867.png","salary":"15k-30k","city":"北京","financeStage":"成长型(B轮)","industryField":"移动互联网,教育","positionId":2264829,"approve":1,"createTime":"2016-08-30 08:53:23","positionAdvantage":"李开复投资, 林书豪代言，颠覆英语教学","district":null,"companyShortName":"盒子鱼英语","companyLabelList":["股票期权","绩效奖金","扁平管理","林书豪代言"],"score":0,"companySize":"150-500人","adWord":0}]}}}