{"success":true,"requestId":null,"msg":null,"resubmitToken":null,"code":0,"content":{"pageNo":5,"pageSize":15,"positionResult":{"resultSize":15,"totalCount":12338,"locationInfo":{"queryByGisCode":false,"businessZone":null,"locationCode":null,"city":"北京","district":null},"queryAnalysisInfo":{"industryName":null,"usefulCompany":false,"positionName":"java","companyName":null},"strategyProperty":{"name":"dm-csearch-newSimScorer","id":1},"result":[{"companyId":43982,"businessZones":["清河"],"imState":"today","lastLogin":1472550577000,"publisherId":2286709,"explain":null,"plus":null,"pcShow":0,"appShow":0,"deliver":0,"gradeDescription":null,"companyFullName":"北京东润环能科技股份有限公司","formatCreateTime":"18:08发布","positionName":"Java","workYear":"3-5年","education":"大专","jobNature":"全职","companyLogo":"image2/M00/04/3B/CgpzWlXw-5yAQ3QTAARqjgLjtbo822.png","salary":"12k-20k","city":"北京","financeStage":"上市公司","industryField":"移动互联网,数据服务","positionId":2262303,"approve":1,"createTime":"2016-08-30 18:08:45","positionAdvantage":"股票期权 绩效奖金 补贴 六险一金","district":"海淀区","companyShortName":"东润环能","companyLabelList":["绩效奖金","带薪年假","交通补助","通讯津贴"],"score":0,"companySize":"150-500人","adWord":0},{"companyId":50826,"businessZones":["广安门","广外大街","天宁寺"],"imState":"disabled","lastLogin":1472550210000,"publisherId":1926621,"explain":null,"plus":null,"pcShow":0,"appShow":0,"deliver":0,"gradeDescription":null,"companyFullName":"东方邦信金融科技（上海）有限公司","formatCreateTime":"17:41发布","positionName":"Java高级开发工程师","workYear":"3-5年","education":"本科","jobNature":"全职","companyLogo":"i/image/M00/17/B9/Cgp3O1bySxmANMQ4AAAXpRklA4s160.jpg","salary":"15k-25k","city":"北京","financeStage":"成长型(不需要融资)","industryField":"金融","positionId":861042,"approve":1,"createTime":"2016-08-30 17:41:58","positionAdvantage":"五险一金、补充医疗、领导Nice、各种补贴","district":"西城区","companyShortName":"东方金科","companyLabelList":["技能培训","年底双薪","节日礼物","绩效奖金"],"score":0,"companySize":"150-500人","adWord":0},{"companyId":51629,"businessZones":["左家庄","三元桥","亮马桥"],"imState":"disabled","lastLogin":1472550008000,"publisherId":1302964,"explain":null,"plus":null,"pcShow":0,"appShow":0,"deliver":0,"gradeDescription":null,"companyFullName":"北京正途信息科技有限公司","formatCreateTime":"17:41发布","positionName":"Java","workYear":"5-10年","education":"大专","jobNature":"全职","companyLogo":"i/image/M00/3D/D2/CgqKkVdzLlKAI3WMAAfauIPmlc4175.png","salary":"20k-40k","city":"北京","financeStage":"成长型(B轮)","industryField":"移动互联网,电子商务","positionId":1956498,"approve":0,"createTime":"2016-08-30 17:41:00","positionAdvantage":"在线旅游B2B；B轮融资拟上市公司；","district":"朝阳区","companyShortName":"正途","companyLabelList":["带薪年假","绩效奖金","定期体检","弹性工作"],"score":0,"companySize":"50-150人","adWord":0},{"companyId":132755,"businessZones":["紫竹桥","车道沟","北洼路"],"imState":"disabled","lastLogin":1472550006000,"publisherId":2783924,"explain":null,"plus":null,"pcShow":0,"appShow":0,"deliver":0,"gradeDescription":null,"companyFullName":"北京买连卖电子商务有限公司","formatCreateTime":"17:40发布","positionName":"Java工程师","workYear":"3-5年","education":"本科","jobNature":"全职","companyLogo":"i/image/M00/34/14/Cgp3O1dU0BGASBbpAAAhVPdVy1E399.png","salary":"10k-20k","city":"北京","financeStage":"初创型(未融资)","industryField":"移动互联网,电子商务","positionId":1911769,"approve":1,"createTime":"2016-08-30 17:40:12","positionAdvantage":"全方位成长机会 员工持股计划 各种节日福利","district":"海淀区","companyShortName":"买连卖","companyLabelList":["专项奖金","股票期权","定期体检","弹性工时"],"score":0,"companySize":"50-150人","adWord":0},{"companyId":53308,"businessZones":null,"imState":"today","lastLogin":1472552586000,"publisherId":1331965,"explain":null,"plus":null,"pcShow":0,"appShow":0,"deliver":0,"gradeDescription":null,"companyFullName":"北京妙医佳信息技术有限公司","formatCreateTime":"17:38发布","positionName":"Java开发经理","workYear":"5-10年","education":"大专","jobNature":"全职","companyLogo":"image2/M00/07/69/CgpzWlX_dZ2AHj98AAAOOdv7ebw794.jpg","salary":"25k-35k","city":"北京","financeStage":"成长型(B轮)","industryField":"移动互联网","positionId":2274881,"approve":1,"createTime":"2016-08-30 17:38:47","positionAdvantage":"六险一金 福利健全 移动健康 16薪","district":null,"companyShortName":"妙健康","companyLabelList":["年度旅游","管理规范","六险一金","弹性工作"],"score":0,"companySize":"50-150人","adWord":0},{"companyId":48992,"businessZones":null,"imState":"disabled","lastLogin":1472549294000,"publisherId":4139145,"explain":null,"plus":null,"pcShow":0,"appShow":0,"deliver":0,"gradeDescription":null,"companyFullName":"北京亚信数据有限公司","formatCreateTime":"17:29发布","positionName":"Java研发工程师","workYear":"3-5年","education":"本科","jobNature":"全职","companyLogo":"image1/M00/00/7F/CgYXBlTUXc-AIoHZAABzzXlRe3A429.jpg","salary":"8k-16k","city":"北京","financeStage":"成熟型(D轮及以上)","industryField":"企业服务,数据服务","positionId":2307218,"approve":0,"createTime":"2016-08-30 17:29:30","positionAdvantage":"福利待遇好、发展前景好","district":null,"companyShortName":"亚信数据","companyLabelList":["年底双薪","免费班车","带薪年假","绩效奖金"],"score":0,"companySize":"2000人以上","adWord":0},{"companyId":9669,"businessZones":["大山子","酒仙桥"],"imState":"disabled","lastLogin":1472548561000,"publisherId":1584165,"explain":null,"plus":null,"pcShow":0,"appShow":0,"deliver":0,"gradeDescription":null,"companyFullName":"北京蓝汛通信技术有限责任公司","formatCreateTime":"17:29发布","positionName":"Java","workYear":"3-5年","education":"本科","jobNature":"全职","companyLogo":"i/image/M00/00/06/Cgp3O1YkZI-AVKTTAAAOLEsUb9Q342.png","salary":"15k-25k","city":"北京","financeStage":"上市公司","industryField":"企业服务","positionId":2307209,"approve":0,"createTime":"2016-08-30 17:29:06","positionAdvantage":"美上市公司 互联网 福利丰厚 办公环境优美","district":"朝阳区","companyShortName":"北京蓝汛","companyLabelList":["五险一金","通讯津贴","带薪年假","交通补助"],"score":0,"companySize":"500-2000人","adWord":0},{"companyId":36512,"businessZones":["常营","管庄"],"imState":"today","lastLogin":1472549290000,"publisherId":639461,"explain":null,"plus":null,"pcShow":0,"appShow":0,"deliver":0,"gradeDescription":null,"companyFullName":"北京木奇移动技术有限公司","formatCreateTime":"17:28发布","positionName":"Java高级开发工程师","workYear":"3-5年","education":"本科","jobNature":"全职","companyLogo":"image1/M00/00/57/CgYXBlTUXSmABDBKAABHKfeRKvk861.png","salary":"10k-16k","city":"北京","financeStage":"初创型(未融资)","industryField":"移动互联网,企业服务","positionId":2067552,"approve":0,"createTime":"2016-08-30 17:28:20","positionAdvantage":"有期权","district":"朝阳区","companyShortName":"木奇移动（有百万级别项目）","companyLabelList":["技能培训","股票期权","绩效奖金","扁平管理"],"score":0,"companySize":"15-50人","adWord":0},{"companyId":98103,"businessZones":["北苑","立水桥"],"imState":"disabled","lastLogin":1472549132000,"publisherId":2683573,"explain":null,"plus":null,"pcShow":0,"appShow":0,"deliver":0,"gradeDescription":null,"companyFullName":"万有引力网络科技发展有限公司","formatCreateTime":"17:25发布","positionName":"Java开发工程师","workYear":"3-5年","education":"本科","jobNature":"全职","companyLogo":"image2/M00/09/02/CgqLKVYFGSeAdfOZAACdCYbo6po381.jpg?cc=0.5832109577022493","salary":"10k-20k","city":"北京","financeStage":"初创型(未融资)","industryField":"电子商务","positionId":1476021,"approve":1,"createTime":"2016-08-30 17:25:41","positionAdvantage":"双休 五险一金 跨境电商 国际化管理团队","district":"朝阳区","companyShortName":"万有引力","companyLabelList":["全球贸易中心","国际化团队","出国工作机会","跨境电商"],"score":0,"companySize":"50-150人","adWord":0},{"companyId":140953,"businessZones":["国贸","CBD","建外大街"],"imState":"disabled","lastLogin":1472553495000,"publisherId":5758542,"explain":null,"plus":null,"pcShow":0,"appShow":0,"deliver":0,"gradeDescription":null,"companyFullName":"深圳市亚视通实业发展有限公司","formatCreateTime":"17:24发布","positionName":"Java技术经理","workYear":"3-5年","education":"本科","jobNature":"全职","companyLogo":"i/image/M00/4A/94/CgqKkVebB3qAKj2rAACoRVhrg8I296.jpg","salary":"10k-18k","city":"北京","financeStage":"初创型(天使轮)","industryField":"移动互联网,其他","positionId":2168387,"approve":0,"createTime":"2016-08-30 17:24:42","positionAdvantage":"不打卡，地铁周边，扁平化管理","district":"朝阳区","companyShortName":"生日颂","companyLabelList":null,"score":0,"companySize":"15-50人","adWord":0},{"companyId":25322,"businessZones":null,"imState":"disabled","lastLogin":1472548993000,"publisherId":5984359,"explain":null,"plus":null,"pcShow":0,"appShow":0,"deliver":0,"gradeDescription":null,"companyFullName":"亚信科技（中国）有限公司","formatCreateTime":"17:24发布","positionName":"资深Java开发工程师","workYear":"3-5年","education":"不限","jobNature":"全职","companyLogo":"image1/M00/44/54/CgYXBlXVQ6aAGXrAAABY2xXSS8I163.png","salary":"8k-16k","city":"北京","financeStage":"成熟型(不需要融资)","industryField":"移动互联网,数据服务","positionId":2307143,"approve":1,"createTime":"2016-08-30 17:24:15","positionAdvantage":"待遇福利好","district":null,"companyShortName":"亚信","companyLabelList":["年底双薪","技能培训","免费班车","带薪年假"],"score":0,"companySize":"2000人以上","adWord":0},{"companyId":48054,"businessZones":["西门","北苑","永顺"],"imState":"disabled","lastLogin":1472548792000,"publisherId":2447154,"explain":null,"plus":null,"pcShow":0,"appShow":0,"deliver":0,"gradeDescription":null,"companyFullName":"北京悦购伟业电子商务有限公司","formatCreateTime":"17:23发布","positionName":"Java","workYear":"1-3年","education":"大专","jobNature":"全职","companyLogo":"i/image/M00/02/CF/Cgp3O1adq0KAKX_BAAM1S942TXI658.png","salary":"12k-24k","city":"北京","financeStage":"初创型(不需要融资)","industryField":"移动互联网,金融","positionId":1221005,"approve":1,"createTime":"2016-08-30 17:23:14","positionAdvantage":"高速成长型公司，靠谱team老大","district":"通州区","companyShortName":"诚信贷","companyLabelList":["节日礼物","股票期权","岗位晋升","领导好"],"score":0,"companySize":"15-50人","adWord":0},{"companyId":29496,"businessZones":["团结湖","朝阳公园","三里屯"],"imState":"disabled","lastLogin":1472548843000,"publisherId":939764,"explain":null,"plus":null,"pcShow":0,"appShow":0,"deliver":0,"gradeDescription":null,"companyFullName":"北京闪银奇异科技有限公司","formatCreateTime":"17:21发布","positionName":"Java高级","workYear":"3-5年","education":"本科","jobNature":"全职","companyLogo":"image1/M00/00/41/Cgo8PFTUXMuAeMAuAABAtFBcbOM313.png","salary":"15k-30k","city":"北京","financeStage":"成长型(B轮)","industryField":"移动互联网,金融","positionId":747226,"approve":1,"createTime":"2016-08-30 17:21:25","positionAdvantage":"六险一金补充医疗 自助午餐 体检 节日福利","district":"朝阳区","companyShortName":"闪银奇异","companyLabelList":["13~15薪","晋升空间大","定期体检","能力定薪"],"score":0,"companySize":"150-500人","adWord":0},{"companyId":32807,"businessZones":["五道口","清华大学","中关村"],"imState":"today","lastLogin":1472547509000,"publisherId":752838,"explain":null,"plus":null,"pcShow":0,"appShow":0,"deliver":0,"gradeDescription":null,"companyFullName":"北京美科思远环境科技有限公司","formatCreateTime":"17:21发布","positionName":"Java开发工程师","workYear":"3-5年","education":"本科","jobNature":"全职","companyLogo":"i/image/M00/00/54/CgqKkVZBrIqAZ8Q5AAD0BEt4Pn4968.png","salary":"10k-20k","city":"北京","financeStage":"初创型(未融资)","industryField":"企业服务","positionId":1651608,"approve":1,"createTime":"2016-08-30 17:21:06","positionAdvantage":"五险一金、带薪年假，发展空间","district":"海淀区","companyShortName":"美科环境","companyLabelList":["五险一金","专项奖金","带薪年假","节日礼物"],"score":0,"companySize":"15-50人","adWord":0},{"companyId":57105,"businessZones":["航天桥","八里庄","花园桥"],"imState":"disabled","lastLogin":1472548849000,"publisherId":5519380,"explain":null,"plus":null,"pcShow":0,"appShow":0,"deliver":0,"gradeDescription":null,"companyFullName":"北京航数宽网科技有限责任公司","formatCreateTime":"17:20发布","positionName":"Java","workYear":"1-3年","education":"本科","jobNature":"全职","companyLogo":"image1/M00/12/58/CgYXBlUCrBqADJWeAAB1ZD88hEc287.jpg","salary":"10k-15k","city":"北京","financeStage":"初创型(未融资)","industryField":"移动互联网,硬件","positionId":2038153,"approve":0,"createTime":"2016-08-30 17:20:58","positionAdvantage":"国企待遇，各种福利","district":"海淀区","companyShortName":"航数宽网","companyLabelList":["技能培训","专项奖金","带薪年假","岗位晋升"],"score":0,"companySize":"150-500人","adWord":0}]}}}