{"resubmitToken":null,"success":true,"requestId":null,"msg":null,"content":{"pageNo":14,"pageSize":15,"positionResult":{"totalCount":12338,"resultSize":15,"locationInfo":{"city":"北京","district":null,"businessZone":null,"queryByGisCode":false,"locationCode":null},"queryAnalysisInfo":{"positionName":"java","companyName":null,"industryName":null,"usefulCompany":false},"strategyProperty":{"name":"dm-csearch-newSimScorer","id":1},"result":[{"companyId":50702,"positionName":"java高级研发工程","workYear":"1-3年","education":"大专","jobNature":"全职","createTime":"2016-08-30 15:07:10","companyShortName":"美团点评","positionId":2253424,"salary":"25k-35k","approve":1,"city":"北京","positionAdvantage":"百万订单，10亿SKU","companyLogo":"i/image/M00/4B/6C/CgqKkVefHv-AFoRzAAAuALF7ZZ0419.png","industryField":"移动互联网,O2O","companyLabelList":["技能培训","绩效奖金","岗位晋升","领导好"],"financeStage":"成熟型(D轮及以上)","district":"朝阳区","score":0,"companySize":"2000人以上","companyFullName":"北京三快在线科技有限公司","adWord":0,"formatCreateTime":"15:07发布","imState":"today","lastLogin":1472540782000,"publisherId":5237556,"explain":null,"plus":null,"pcShow":0,"appShow":0,"deliver":0,"gradeDescription":null,"businessZones":["望京","来广营"]},{"companyId":92504,"positionName":"java高级开发工程师","workYear":"3-5年","education":"本科","jobNature":"全职","createTime":"2016-08-30 15:01:49","companyShortName":"黄河讯达","positionId":1225037,"salary":"20k-30k","approve":1,"city":"北京","positionAdvantage":"年底双薪 带薪年假 节日福利 餐补","companyLogo":"image2/M00/00/7C/CgqLKVXeg7mARwtVAACIJD7nhgs134.jpg?cc=0.717798414877372","industryField":"移动互联网,数据服务","companyLabelList":["技能培训","带薪年假","岗位晋升","弹性工作"],"financeStage":"成长型(不需要融资)","district":"海淀区","score":0,"companySize":"50-150人","companyFullName":"黄河讯达科技有限公司","adWord":0,"formatCreateTime":"15:01发布","imState":"disabled","lastLogin":1472540500000,"publisherId":2394678,"explain":null,"plus":null,"pcShow":0,"appShow":0,"deliver":0,"gradeDescription":null,"businessZones":["颐和园","西苑"]},{"companyId":82069,"positionName":"资深/高级Java研发工程师","workYear":"5-10年","education":"本科","jobNature":"全职","createTime":"2016-08-30 14:40:28","companyShortName":"思源科技","positionId":2027539,"salary":"15k-30k","approve":1,"city":"北京","positionAdvantage":"交通便利 丰厚绩效奖金","companyLogo":"image1/M00/36/A3/Cgo8PFWfNL6AR5rQAAAe87oYrEc761.png?cc=0.2520750048570335","industryField":"移动互联网,社交网络","companyLabelList":["股票期权","带薪年假","绩效奖金","岗位晋升"],"financeStage":"成熟型(不需要融资)","district":null,"score":0,"companySize":"2000人以上","companyFullName":"北京思源互联科技有限公司","adWord":0,"formatCreateTime":"14:40发布","imState":"today","lastLogin":1472539213000,"publisherId":3069464,"explain":null,"plus":null,"pcShow":0,"appShow":0,"deliver":0,"gradeDescription":null,"businessZones":null},{"companyId":5748,"positionName":"架构师(java)","workYear":"5-10年","education":"本科","jobNature":"全职","createTime":"2016-08-30 14:33:04","companyShortName":"天润融通","positionId":2143295,"salary":"25k-40k","approve":1,"city":"北京","positionAdvantage":"BAT专家&amp;一线高校菁英团队 三板上市","companyLogo":"i/image/M00/46/C8/Cgp3O1eNq0GAdlNqAAAS8KcIaa8064.jpg","industryField":"企业服务,数据服务","companyLabelList":["五险一金","带薪年假","免费班车","领导好"],"financeStage":"成长型(不需要融资)","district":"大兴区","score":0,"companySize":"150-500人","companyFullName":"北京天润融通科技有限公司","adWord":0,"formatCreateTime":"14:33发布","imState":"today","lastLogin":1472547925000,"publisherId":57912,"explain":null,"plus":null,"pcShow":0,"appShow":0,"deliver":0,"gradeDescription":null,"businessZones":null},{"companyId":24867,"positionName":"Java","workYear":"3-5年","education":"本科","jobNature":"全职","createTime":"2016-08-30 14:30:47","companyShortName":"小笨鸟","positionId":1876502,"salary":"15k-25k","approve":1,"city":"北京","positionAdvantage":"潜力无限 丰富薪资 完善福利 广阔空间","companyLogo":"image1/M00/00/33/Cgo8PFTUXI6Ac22WAABL1M6piqo535.png","industryField":"电子商务","companyLabelList":["年底双薪","五险一金","通讯津贴","交通补助"],"financeStage":"初创型(天使轮)","district":"大兴区","score":0,"companySize":"150-500人","companyFullName":"北京汇商融通信息技术有限公司","adWord":0,"formatCreateTime":"14:30发布","imState":"disabled","lastLogin":1472540443000,"publisherId":2794313,"explain":null,"plus":null,"pcShow":0,"appShow":0,"deliver":0,"gradeDescription":null,"businessZones":["兴丰大街","清源","黄村"]},{"companyId":329,"positionName":"资深/高级Java开发工程师","workYear":"3-5年","education":"本科","jobNature":"全职","createTime":"2016-08-30 14:28:17","companyShortName":"网易","positionId":1846455,"salary":"25k-35k","approve":1,"city":"北京","positionAdvantage":"公司福利，免费中晚餐，健身房，班车，团建","companyLogo":"image1/M00/1C/DB/Cgo8PFUnbyyAOmwZAABKPABIzv8461.png","industryField":"数据服务,文化娱乐","companyLabelList":["节日礼物","技能培训","免费班车","带薪年假"],"financeStage":"上市公司","district":"海淀区","score":0,"companySize":"2000人以上","companyFullName":"网之易信息技术（北京）有限公司","adWord":0,"formatCreateTime":"14:28发布","imState":"disabled","lastLogin":1472560655000,"publisherId":5118940,"explain":null,"plus":null,"pcShow":0,"appShow":0,"deliver":0,"gradeDescription":null,"businessZones":["中关村","魏公村","皂君庙"]},{"companyId":72661,"positionName":"高级JAVA工程师","workYear":"5-10年","education":"本科","jobNature":"全职","createTime":"2016-08-30 14:27:46","companyShortName":"安科泰","positionId":1309346,"salary":"15k-25k","approve":1,"city":"北京","positionAdvantage":"五险一金，扁平化管理；人性化假期","companyLogo":"image1/M00/33/4B/Cgo8PFWTURmAVRi8AAGxEo0Q1IM598.jpg","industryField":"移动互联网","companyLabelList":["节日礼物","绩效奖金","领导好","五险一金"],"financeStage":"初创型(天使轮)","district":"东城区","score":0,"companySize":"15-50人","companyFullName":"安科泰（北京）科技发展有限公司","adWord":0,"formatCreateTime":"14:27发布","imState":"today","lastLogin":1472550678000,"publisherId":1742510,"explain":null,"plus":null,"pcShow":0,"appShow":0,"deliver":0,"gradeDescription":null,"businessZones":["朝阳门","朝外","东四"]},{"companyId":35422,"positionName":"Java高级软件开发工程师","workYear":"3-5年","education":"不限","jobNature":"全职","createTime":"2016-08-30 14:25:59","companyShortName":"京东","positionId":2217581,"salary":"15k-30k","approve":0,"city":"北京","positionAdvantage":"良好的平台，班车，弹性工作时间","companyLogo":"i/image/M00/08/D2/Cgp3O1bRFcSAHMtPAAAelCJqdO8411.png","industryField":"电子商务","companyLabelList":["年底双薪","节日礼物","技能培训","岗位晋升"],"financeStage":"上市公司","district":null,"score":0,"companySize":"2000人以上","companyFullName":"京东商城","adWord":0,"formatCreateTime":"14:25发布","imState":"today","lastLogin":1472551655000,"publisherId":3675675,"explain":null,"plus":null,"pcShow":0,"appShow":0,"deliver":0,"gradeDescription":null,"businessZones":null},{"companyId":83882,"positionName":"Java","workYear":"3-5年","education":"本科","jobNature":"全职","createTime":"2016-08-30 14:20:59","companyShortName":"闪签科技（我在HCM）","positionId":2008636,"salary":"15k-30k","approve":1,"city":"北京","positionAdvantage":"弹性工作,精品团队,扁平管理,技术驱动","companyLogo":"i/image/M00/4C/E3/Cgp3O1ekItuAU-e3AAAbH5oSgFg076.jpg","industryField":"移动互联网,企业服务","companyLabelList":["节日礼物","股票期权","带薪年假","通讯津贴"],"financeStage":"初创型(天使轮)","district":"海淀区","score":0,"companySize":"15-50人","companyFullName":"北京闪签科技有限公司","adWord":0,"formatCreateTime":"14:20发布","imState":"today","lastLogin":1472554116000,"publisherId":833756,"explain":null,"plus":null,"pcShow":0,"appShow":0,"deliver":0,"gradeDescription":null,"businessZones":["知春路","双榆树","大钟寺"]},{"companyId":106789,"positionName":"高级JAVA开发工程师","workYear":"3-5年","education":"本科","jobNature":"全职","createTime":"2016-08-30 14:20:44","companyShortName":"合源科技","positionId":2141588,"salary":"13k-23k","approve":0,"city":"北京","positionAdvantage":"14薪 五险一金 交通补话补 活跃范围","companyLogo":"image2/M00/17/39/CgqLKVZKk16AQkklAALPi2ELiQQ993.png?cc=0.580324740614742","industryField":"移动互联网,数据服务","companyLabelList":["年底双薪","专项奖金","绩效奖金","年度旅游"],"financeStage":"初创型(天使轮)","district":"朝阳区","score":0,"companySize":"15-50人","companyFullName":"北京合源智慧科技发展有限公司","adWord":0,"formatCreateTime":"14:20发布","imState":"disabled","lastLogin":1472562335000,"publisherId":3621130,"explain":null,"plus":null,"pcShow":0,"appShow":0,"deliver":0,"gradeDescription":null,"businessZones":["酒仙桥","大山子","将台路"]},{"companyId":328,"positionName":"Java","workYear":"3-5年","education":"本科","jobNature":"全职","createTime":"2016-08-30 14:20:00","companyShortName":"考拉FM","positionId":2208637,"salary":"15k-30k","approve":1,"city":"北京","positionAdvantage":"年终奖 绩效奖金 带薪年假","companyLogo":"image1/M00/1E/B9/CgYXBlUvZOWATYhDAACLGlG72Kw005.jpg","industryField":"移动互联网","companyLabelList":["技能培训","年底双薪","产品创新","绩效奖金"],"financeStage":"成熟型(C轮)","district":"海淀区","score":0,"companySize":"150-500人","companyFullName":"众联智领科技（北京）有限公司","adWord":0,"formatCreateTime":"14:20发布","imState":"today","lastLogin":1472553359000,"publisherId":276614,"explain":null,"plus":null,"pcShow":0,"appShow":0,"deliver":0,"gradeDescription":null,"businessZones":["颐和园","西苑","北京大学"]},{"companyId":21474,"positionName":"Java开发(VR项目)","workYear":"3-5年","education":"本科","jobNature":"全职","createTime":"2016-08-30 14:13:23","companyShortName":"必要商城","positionId":1824105,"salary":"15k-25k","approve":1,"city":"北京","positionAdvantage":"弹性工作，带薪年假，氛围好，期权","companyLogo":"image1/M00/20/18/CgYXBlU19iSAUtXeAABr7iOZRbs256.jpg","industryField":"电子商务","companyLabelList":["团队建设","商业医疗保险","带薪年假","绩效奖金"],"financeStage":"成长型(不需要融资)","district":null,"score":0,"companySize":"50-150人","companyFullName":"珠海必要科技有限公司","adWord":0,"formatCreateTime":"14:13发布","imState":"today","lastLogin":1472548676000,"publisherId":573389,"explain":null,"plus":null,"pcShow":0,"appShow":0,"deliver":0,"gradeDescription":null,"businessZones":null},{"companyId":1914,"positionName":"java开发工程师","workYear":"1-3年","education":"本科","jobNature":"全职","createTime":"2016-08-30 14:12:33","companyShortName":"优酷土豆","positionId":2305273,"salary":"13k-20k","approve":1,"city":"北京","positionAdvantage":"各种福利，16薪至22薪","companyLogo":"i/image/M00/01/39/Cgp3O1Zk9luAeL0jAAAO0FvOuQE553.png","industryField":"数据服务,文化娱乐","companyLabelList":["带薪年假","岗位晋升","五险一金","弹性工作"],"financeStage":"上市公司","district":"海淀区","score":0,"companySize":"2000人以上","companyFullName":"合一网络技术（北京）有限公司","adWord":0,"formatCreateTime":"14:12发布","imState":"disabled","lastLogin":1472558101000,"publisherId":1326272,"explain":null,"plus":null,"pcShow":0,"appShow":0,"deliver":0,"gradeDescription":null,"businessZones":["中关村","北京大学","苏州街"]},{"companyId":28026,"positionName":"高级Java开发","workYear":"3-5年","education":"本科","jobNature":"全职","createTime":"2016-08-30 14:12:30","companyShortName":"亿维融智","positionId":1366116,"salary":"15k-25k","approve":0,"city":"北京","positionAdvantage":"五险一金、绩效奖金、弹性工作、带薪年假","companyLogo":"image1/M00/00/3D/CgYXBlTUXLeAdYnRAABKxnMxhgg329.png","industryField":"移动互联网","companyLabelList":["年终分红","专项奖金","绩效奖金","股票期权"],"financeStage":"成长型(A轮)","district":"海淀区","score":0,"companySize":"15-50人","companyFullName":"亿维融智软件科技（北京）有限公司","adWord":0,"formatCreateTime":"14:12发布","imState":"disabled","lastLogin":1472541345000,"publisherId":3613629,"explain":null,"plus":null,"pcShow":0,"appShow":0,"deliver":0,"gradeDescription":null,"businessZones":null},{"companyId":26696,"positionName":"资深Java开发工程师","workYear":"1-3年","education":"本科","jobNature":"全职","createTime":"2016-08-30 14:10:53","companyShortName":"微触","positionId":586817,"salary":"10k-20k","approve":1,"city":"北京","positionAdvantage":"五险一金、岗位晋升、绩效奖金、弹性工作","companyLogo":"i/image/M00/19/FE/CgqKkVb5BoiASHzGAABbzopxBRQ380.png","industryField":"移动互联网","companyLabelList":["绩效奖金","岗位晋升","扁平管理","帅哥多"],"financeStage":"成长型(不需要融资)","district":"朝阳区","score":0,"companySize":"50-150人","companyFullName":"杭州微触科技有限公司","adWord":0,"formatCreateTime":"14:10发布","imState":"today","lastLogin":1472550912000,"publisherId":331498,"explain":null,"plus":null,"pcShow":0,"appShow":0,"deliver":0,"gradeDescription":null,"businessZones":["三元桥","左家庄","国展"]}]}},"code":0}