{"success":true,"requestId":null,"msg":null,"resubmitToken":null,"content":{"pageNo":61,"pageSize":15,"positionResult":{"totalCount":12338,"resultSize":15,"locationInfo":{"queryByGisCode":false,"businessZone":null,"locationCode":null,"city":"北京","district":null},"queryAnalysisInfo":{"industryName":null,"usefulCompany":false,"positionName":"java","companyName":null},"strategyProperty":{"name":"dm-csearch-newSimScorer","id":1},"result":[{"companyId":50702,"positionName":"Java开发","workYear":"3-5年","education":"本科","jobNature":"全职","financeStage":"成熟型(D轮及以上)","companyLogo":"i/image/M00/4B/6C/CgqKkVefHv-AFoRzAAAuALF7ZZ0419.png","industryField":"移动互联网,O2O","companyShortName":"美团点评","city":"北京","salary":"18k-35k","positionId":2233298,"positionAdvantage":"O2O，技术控","district":"朝阳区","createTime":"2016-08-29 10:11:17","companyLabelList":["技能培训","绩效奖金","岗位晋升","领导好"],"approve":1,"companySize":"2000人以上","score":0,"companyFullName":"北京三快在线科技有限公司","adWord":0,"formatCreateTime":"1天前发布","publisherId":1979411,"explain":null,"plus":null,"pcShow":0,"appShow":0,"deliver":0,"gradeDescription":null,"businessZones":["望京","来广营"],"imState":"today","lastLogin":1472576110000},{"companyId":51621,"positionName":"JAVA技术经理","workYear":"5-10年","education":"本科","jobNature":"全职","financeStage":"成长型(A轮)","companyLogo":"i/image/M00/31/AB/CgqKkVdL7WeAdK9SAAAvM7Gf5Lc656.jpg","industryField":"O2O,电子商务","companyShortName":"悟空租车","city":"北京","salary":"20k-30k","positionId":2070954,"positionAdvantage":"六险一金，期权奖励，气氛自由，年底双薪","district":"东城区","createTime":"2016-08-29 10:10:08","companyLabelList":null,"approve":0,"companySize":"150-500人","score":0,"companyFullName":"脚印兄弟(北京)信息科技有限责任公司","adWord":0,"formatCreateTime":"1天前发布","publisherId":5220317,"explain":null,"plus":null,"pcShow":0,"appShow":0,"deliver":0,"gradeDescription":null,"businessZones":["东直门","三里屯","海运仓"],"imState":"threeDays","lastLogin":1472452028000},{"companyId":1730,"positionName":"Java","workYear":"3-5年","education":"不限","jobNature":"全职","financeStage":"成熟型(D轮及以上)","companyLogo":"i/image/M00/22/61/Cgp3O1cUq6yAMA-_AAAOM7mNTQc202.jpg","industryField":"移动互联网","companyShortName":"一下集团","city":"北京","salary":"15k-30k","positionId":1995163,"positionAdvantage":"新浪微博独家合作视频直播平台待遇优潜力大","district":"朝阳区","createTime":"2016-08-29 10:08:34","companyLabelList":["带薪年假","绩效奖金","岗位晋升","管理规范"],"approve":1,"companySize":"150-500人","score":0,"companyFullName":"炫一下（北京）科技有限公司","adWord":0,"formatCreateTime":"1天前发布","publisherId":5179366,"explain":null,"plus":null,"pcShow":0,"appShow":0,"deliver":0,"gradeDescription":null,"businessZones":["望京","大山子","酒仙桥"],"imState":"disabled","lastLogin":1472539461000},{"companyId":36904,"positionName":"技术经理（Java方向）","workYear":"5-10年","education":"本科","jobNature":"全职","financeStage":"初创型(天使轮)","companyLogo":"i/image/M00/2B/8F/Cgp3O1c1TI2AXKqnAAAMiYQdSoQ723.png","industryField":"企业服务","companyShortName":"天逸科技","city":"北京","salary":"30k-50k","positionId":1892832,"positionAdvantage":"福利待遇佳，发展空间大","district":null,"createTime":"2016-08-29 10:08:30","companyLabelList":["技能培训","年底双薪","绩效奖金","岗位晋升"],"approve":0,"companySize":"15-50人","score":0,"companyFullName":"北京天逸科技有限公司","adWord":0,"formatCreateTime":"1天前发布","publisherId":650272,"explain":null,"plus":null,"pcShow":0,"appShow":0,"deliver":0,"gradeDescription":null,"businessZones":null,"imState":"disabled","lastLogin":1472522739000},{"companyId":46956,"positionName":"Java工程师","workYear":"3-5年","education":"本科","jobNature":"全职","financeStage":"成长型(B轮)","companyLogo":"image2/M00/06/3A/CgpzWlX5OpuAXYEgAAAW70-PBak131.jpg","industryField":"移动互联网,文化娱乐","companyShortName":"快看漫画","city":"北京","salary":"15k-30k","positionId":2219967,"positionAdvantage":"双休 五险一金 团建 老板好 待遇丰厚","district":"朝阳区","createTime":"2016-08-29 10:08:06","companyLabelList":["节日礼物","带薪年假","每日水果零食","五险一金"],"approve":1,"companySize":"50-150人","score":0,"companyFullName":"快看世界（北京）科技有限公司","adWord":0,"formatCreateTime":"1天前发布","publisherId":909068,"explain":null,"plus":null,"pcShow":0,"appShow":0,"deliver":0,"gradeDescription":null,"businessZones":["望京","大山子","花家地"],"imState":"today","lastLogin":1472556433000},{"companyId":43097,"positionName":"JAVA技术经理","workYear":"3-5年","education":"本科","jobNature":"全职","financeStage":"成长型(A轮)","companyLogo":"image1/M00/42/DD/Cgo8PFXNeF6AUj2qAADQguR8jt4256.jpg","industryField":"移动互联网","companyShortName":"悟空租车","city":"北京","salary":"20k-30k","positionId":2138352,"positionAdvantage":"六险一金、期权奖励、年底双薪、气氛自由","district":"东城区","createTime":"2016-08-29 10:07:49","companyLabelList":["带薪年假","补充医疗","五险一金","年底双薪"],"approve":1,"companySize":"50-150人","score":0,"companyFullName":"脚印兄弟（北京）信息科技有限责任公司","adWord":0,"formatCreateTime":"1天前发布","publisherId":811826,"explain":null,"plus":null,"pcShow":0,"appShow":0,"deliver":0,"gradeDescription":null,"businessZones":["东直门","三里屯","海运仓"],"imState":"today","lastLogin":1472554642000},{"companyId":29021,"positionName":"Java高级开发工程师(服务端)","workYear":"3-5年","education":"本科","jobNature":"全职","financeStage":"成长型(B轮)","companyLogo":"image1/M00/39/39/Cgo8PFWobWKAYtDqAABLZeO_keI805.gif","industryField":"移动互联网,企业服务","companyShortName":"今目标","city":"北京","salary":"15k-30k","positionId":2255665,"positionAdvantage":"B轮高潜互联网公司 福利待遇好 弹性工作","district":"海淀区","createTime":"2016-08-29 10:06:30","companyLabelList":["技能培训","股票期权","带薪年假","充分施展空间"],"approve":1,"companySize":"150-500人","score":0,"companyFullName":"北京今目标科技有限公司","adWord":0,"formatCreateTime":"1天前发布","publisherId":615674,"explain":null,"plus":null,"pcShow":0,"appShow":0,"deliver":0,"gradeDescription":null,"businessZones":["远大路","世纪城","四季青"],"imState":"today","lastLogin":1472544540000},{"companyId":17407,"positionName":"Java","workYear":"1-3年","education":"本科","jobNature":"全职","financeStage":"上市公司","companyLogo":"image1/M00/18/F2/CgYXBlUXUX6AVVIjAACH7siyo5M824.JPG","industryField":"金融","companyShortName":"中科软","city":"北京","salary":"6k-10k","positionId":2087961,"positionAdvantage":"工作环境优越，班车接送，娱乐设施、福利等","district":"昌平区","createTime":"2016-08-29 10:06:08","companyLabelList":["节日礼物","绩效奖金","定期体检","五险一金"],"approve":1,"companySize":"2000人以上","score":0,"companyFullName":"中科软科技股份有限公司","adWord":0,"formatCreateTime":"1天前发布","publisherId":5633463,"explain":null,"plus":null,"pcShow":0,"appShow":0,"deliver":0,"gradeDescription":null,"businessZones":null,"imState":"today","lastLogin":1472537371000},{"companyId":10441,"positionName":"Java","workYear":"5-10年","education":"本科","jobNature":"全职","financeStage":"成长型(A轮)","companyLogo":"image1/M00/1D/A0/CgYXBlUrgIGAGm2cAAA7s-TaMwM646.jpg","industryField":"数据服务","companyShortName":"北京无双科技","city":"北京","salary":"25k-35k","positionId":2242504,"positionAdvantage":"技术氛围浓厚，弹性工作制","district":"朝阳区","createTime":"2016-08-29 10:05:37","companyLabelList":["股票期权","绩效奖金","年底双薪","五险一金"],"approve":1,"companySize":"150-500人","score":0,"companyFullName":"北京无双科技有限公司","adWord":0,"formatCreateTime":"1天前发布","publisherId":133301,"explain":null,"plus":null,"pcShow":0,"appShow":0,"deliver":0,"gradeDescription":null,"businessZones":["亮马桥","三元桥","左家庄"],"imState":"today","lastLogin":1472539817000},{"companyId":123875,"positionName":"高级Java工程师","workYear":"3-5年","education":"本科","jobNature":"全职","financeStage":"成长型(不需要融资)","companyLogo":"i/image/M00/1F/BE/CgqKkVcMas6AYNTJAAATKufhGFI796.jpg","industryField":"移动互联网","companyShortName":"央视国际","city":"北京","salary":"20k-25k","positionId":2086128,"positionAdvantage":"福利好 六险一金 工作地点高大上","district":"朝阳区","createTime":"2016-08-29 10:04:57","companyLabelList":["定期体检","专项奖金","领导好","管理规范"],"approve":0,"companySize":"150-500人","score":0,"companyFullName":"央视国际视频通讯有限公司","adWord":0,"formatCreateTime":"1天前发布","publisherId":5628067,"explain":null,"plus":null,"pcShow":0,"appShow":0,"deliver":0,"gradeDescription":null,"businessZones":["CBD","京广桥","国贸"],"imState":"today","lastLogin":1472541710000},{"companyId":70076,"positionName":"Java","workYear":"1-3年","education":"不限","jobNature":"全职","financeStage":"成长型(A轮)","companyLogo":"image1/M00/26/8D/Cgo8PFVVv-CAWDaTAADOif8Y0os502.jpg","industryField":"移动互联网,电子商务","companyShortName":"味觉大师","city":"北京","salary":"11k-19k","positionId":2104905,"positionAdvantage":"五险一金 定期体检 岗位晋升 团队聚餐","district":null,"createTime":"2016-08-29 10:04:03","companyLabelList":["专项奖金","岗位晋升","管理规范","领导好"],"approve":1,"companySize":"15-50人","score":0,"companyFullName":"丽正（北京）网络科技有限公司","adWord":0,"formatCreateTime":"1天前发布","publisherId":5658836,"explain":null,"plus":null,"pcShow":0,"appShow":0,"deliver":0,"gradeDescription":null,"businessZones":null,"imState":"today","lastLogin":1472549004000},{"companyId":86020,"positionName":"Java","workYear":"不限","education":"不限","jobNature":"全职","financeStage":"初创型(天使轮)","companyLogo":"i/image/M00/34/C3/Cgp3O1dWhLuAfozoAACRraBlw04134.png","industryField":"移动互联网,企业服务","companyShortName":"中软创新","city":"北京","salary":"5k-8k","positionId":2263257,"positionAdvantage":"国企委培聘Java实习生","district":"海淀区","createTime":"2016-08-29 10:02:43","companyLabelList":["技能培训","节日礼物","专项奖金","绩效奖金"],"approve":0,"companySize":"150-500人","score":0,"companyFullName":"中软创新（北京）科技有限公司","adWord":0,"formatCreateTime":"1天前发布","publisherId":4936732,"explain":null,"plus":null,"pcShow":0,"appShow":0,"deliver":0,"gradeDescription":null,"businessZones":["上地","马连洼","西二旗"],"imState":"disabled","lastLogin":1471931057000},{"companyId":1994,"positionName":"Java高级开发工程师","workYear":"5-10年","education":"本科","jobNature":"全职","financeStage":"成熟型(C轮)","companyLogo":"image1/M00/33/DE/Cgo8PFWU9fqAdBOmAAANW2uA2R4743.jpg","industryField":"电子商务,O2O","companyShortName":"指点无限","city":"北京","salary":"15k-30k","positionId":2112296,"positionAdvantage":"年终奖金、调薪机会、额外带薪假、各种福利","district":"朝阳区","createTime":"2016-08-29 10:01:54","companyLabelList":["节日礼物","免费班车","岗位晋升","十四薪"],"approve":1,"companySize":"150-500人","score":0,"companyFullName":"指点无限（北京）科技有限公司","adWord":0,"formatCreateTime":"1天前发布","publisherId":44374,"explain":null,"plus":null,"pcShow":0,"appShow":0,"deliver":0,"gradeDescription":null,"businessZones":["四惠","百子湾","八里庄"],"imState":"disabled","lastLogin":1472447829000},{"companyId":139313,"positionName":"软件研发部-JAVA开发工程师","workYear":"3-5年","education":"本科","jobNature":"全职","financeStage":"成长型(不需要融资)","companyLogo":"i/image/M00/50/C9/Cgp3O1e1JTeAYWRxAABZT8qxCcg067.png","industryField":"企业服务,硬件","companyShortName":"北京朗弘基业科技发展有限公司","city":"北京","salary":"10k-15k","positionId":2256570,"positionAdvantage":"负责国家重点新项目","district":"海淀区","createTime":"2016-08-29 09:59:53","companyLabelList":null,"approve":0,"companySize":"50-150人","score":0,"companyFullName":"北京朗弘基业科技发展有限公司","adWord":0,"formatCreateTime":"1天前发布","publisherId":5662000,"explain":null,"plus":null,"pcShow":0,"appShow":0,"deliver":0,"gradeDescription":null,"businessZones":["永定路","五棵松","青塔"],"imState":"today","lastLogin":1472552248000},{"companyId":58347,"positionName":"Java开发工程师","workYear":"1-3年","education":"本科","jobNature":"全职","financeStage":"上市公司","companyLogo":"image1/M00/15/5F/Cgo8PFUKWNCAEhoCAABnLdqLL3A589.png","industryField":"移动互联网,数据服务","companyShortName":"用友能源","city":"北京","salary":"10k-15k","positionId":1116361,"positionAdvantage":"全额缴纳五险一金 环境优越 班车宿舍","district":"西城区","createTime":"2016-08-29 09:58:43","companyLabelList":["技能培训","节日礼物","年度旅游","管理规范"],"approve":0,"companySize":"150-500人","score":0,"companyFullName":"用友能源网络科技有限公司","adWord":0,"formatCreateTime":"1天前发布","publisherId":1472991,"explain":null,"plus":null,"pcShow":0,"appShow":0,"deliver":0,"gradeDescription":null,"businessZones":["德胜门","新街口","北太平庄"],"imState":"disabled","lastLogin":1472548506000}]}},"code":0}