{"resubmitToken":null,"success":true,"requestId":null,"msg":null,"content":{"pageNo":100,"pageSize":15,"positionResult":{"totalCount":12338,"resultSize":15,"locationInfo":{"city":"北京","district":null,"queryByGisCode":false,"businessZone":null,"locationCode":null},"queryAnalysisInfo":{"positionName":"java","companyName":null,"industryName":null,"usefulCompany":false},"strategyProperty":{"name":"dm-csearch-newSimScorer","id":1},"result":[{"companyFullName":"北京华正方圆科技发展有限公司","adWord":0,"companyId":113076,"formatCreateTime":"2016-08-25","businessZones":["双榆树","人民大学"],"imState":"today","lastLogin":1472527944000,"positionId":2128877,"industryField":"移动互联网,企业服务","education":"大专","workYear":"3-5年","city":"北京","positionAdvantage":"五险一金,年终奖,餐补,电脑补","createTime":"2016-08-25 16:58:36","salary":"10k-20k","positionName":"大数据（Java）","companySize":"150-500人","companyShortName":"华正方圆","companyLogo":"i/image/M00/16/96/Cgp3O1bvxS2APhSvAAAIdDmoN4M370.png","financeStage":"成长型(不需要融资)","approve":0,"jobNature":"全职","companyLabelList":["管理规范","领导好","扁平管理"],"district":"海淀区","score":0,"publisherId":5289573,"explain":null,"plus":null,"pcShow":0,"appShow":0,"deliver":0,"gradeDescription":null},{"companyFullName":"北京开元数图科技有限公司","adWord":0,"companyId":50214,"formatCreateTime":"2016-08-25","businessZones":["北京大学","颐和园","西苑"],"imState":"disabled","lastLogin":1472210640000,"positionId":1930537,"industryField":"教育,数据服务","education":"本科","workYear":"1-3年","city":"北京","positionAdvantage":"弹性工作制不，吃在北大，额外工作奖励","createTime":"2016-08-25 14:56:29","salary":"10k-15k","positionName":"Java开发工程师","companySize":"50-150人","companyShortName":"CALIS","companyLogo":"image1/M00/00/83/CgYXBlTUXeCABvvWAABL_8Vwv1A327.jpg","financeStage":"成长型(不需要融资)","approve":0,"jobNature":"全职","companyLabelList":["技能培训","带薪年假","绩效奖金","岗位晋升"],"district":"海淀区","score":0,"publisherId":982396,"explain":null,"plus":null,"pcShow":0,"appShow":0,"deliver":0,"gradeDescription":null},{"companyFullName":"北京慕课科技中心","adWord":0,"companyId":6040,"formatCreateTime":"2016-08-25","businessZones":["马甸","德胜门","北太平庄"],"imState":"today","lastLogin":1472526270000,"positionId":2055288,"industryField":"移动互联网,教育","education":"大专","workYear":"3-5年","city":"北京","positionAdvantage":"五险一金 补充医疗 节日福利 员工旅游","createTime":"2016-08-25 14:34:34","salary":"15k-25k","positionName":"Java讲师","companySize":"50-150人","companyShortName":"慕课网","companyLogo":"image1/M00/0C/6C/Cgo8PFT1X2uAUbGsAABCAddtkWg960.jpg","financeStage":"成长型(不需要融资)","approve":1,"jobNature":"全职","companyLabelList":["节日礼物","技能培训","节日礼品卡","月度团建"],"district":"西城区","score":0,"publisherId":61374,"explain":null,"plus":null,"pcShow":0,"appShow":0,"deliver":0,"gradeDescription":null},{"companyFullName":"中科软科技股份有限公司","adWord":0,"companyId":17407,"formatCreateTime":"2016-08-25","businessZones":null,"imState":"today","lastLogin":1472547721000,"positionId":2288049,"industryField":"金融","education":"本科","workYear":"不限","city":"北京","positionAdvantage":"发展空间广、晋级公平、年底多薪","createTime":"2016-08-25 14:26:32","salary":"4k-8k","positionName":"JAVA开发","companySize":"2000人以上","companyShortName":"中科软","companyLogo":"image1/M00/18/F2/CgYXBlUXUX6AVVIjAACH7siyo5M824.JPG","financeStage":"上市公司","approve":1,"jobNature":"全职","companyLabelList":["节日礼物","绩效奖金","定期体检","五险一金"],"district":"海淀区","score":0,"publisherId":5991771,"explain":null,"plus":null,"pcShow":0,"appShow":0,"deliver":0,"gradeDescription":null},{"companyFullName":"安邦保险集团股份有限公司","adWord":0,"companyId":4838,"formatCreateTime":"2016-08-25","businessZones":["建外大街","国贸","CBD"],"imState":"overSevenDays","lastLogin":1471247412000,"positionId":1351614,"industryField":"移动互联网,金融","education":"本科","workYear":"3-5年","city":"北京","positionAdvantage":"大型金融集团信息技术部系统研发工程师","createTime":"2016-08-25 14:22:16","salary":"10k-20k","positionName":"Java开发工程师","companySize":"2000人以上","companyShortName":"安邦保险集团","companyLogo":"image1/M00/00/0B/CgYXBlTUWBuAUJAkAAB6cj6qvIk863.jpg","financeStage":"成熟型(不需要融资)","approve":1,"jobNature":"全职","companyLabelList":["绩效奖金","专项奖金","五险一金","通讯津贴"],"district":"朝阳区","score":0,"publisherId":1365960,"explain":null,"plus":null,"pcShow":0,"appShow":0,"deliver":0,"gradeDescription":null},{"companyFullName":"北京京东世纪贸易有限公司","adWord":0,"companyId":139755,"formatCreateTime":"2016-08-25","businessZones":null,"imState":"disabled","lastLogin":1471503434000,"positionId":2246915,"industryField":"电子商务","education":"本科","workYear":"3-5年","city":"北京","positionAdvantage":"发展平台好","createTime":"2016-08-25 14:16:19","salary":"10k-20k","positionName":"Java开发工程师","companySize":"2000人以上","companyShortName":"京东商城","companyLogo":"i/image/M00/47/C2/CgqKkVeQeeuACjPgAAA9ycooxwY207.png","financeStage":"上市公司","approve":1,"jobNature":"全职","companyLabelList":["绩效奖金","午餐补助","节日礼物","免费班车"],"district":"大兴区","score":0,"publisherId":410662,"explain":null,"plus":null,"pcShow":0,"appShow":0,"deliver":0,"gradeDescription":null},{"companyFullName":"一路财富（北京）信息科技有限公司","adWord":0,"companyId":2178,"formatCreateTime":"2016-08-25","businessZones":["阜成门","南礼士路","月坛"],"imState":"today","lastLogin":1472536676000,"positionId":2287909,"industryField":"金融,招聘","education":"本科","workYear":"1-3年","city":"北京","positionAdvantage":"福利好、项目好","createTime":"2016-08-25 14:14:10","salary":"10k-15k","positionName":"Java","companySize":"50-150人","companyShortName":"一路财富","companyLogo":"image1/M00/29/78/CgYXBlVljBGASl8yAAB_RvKkoNc999.JPG","financeStage":"成长型(B轮)","approve":1,"jobNature":"全职","companyLabelList":["年底双薪","节日礼物","技能培训","绩效奖金"],"district":"西城区","score":0,"publisherId":81414,"explain":null,"plus":null,"pcShow":0,"appShow":0,"deliver":0,"gradeDescription":null},{"companyFullName":"北京太萌科技有限公司","adWord":0,"companyId":42119,"formatCreateTime":"2016-08-25","businessZones":null,"imState":"today","lastLogin":1472559762000,"positionId":2208080,"industryField":"移动互联网","education":"本科","workYear":"不限","city":"北京","positionAdvantage":"期权,分红,项目前景好","createTime":"2016-08-25 14:13:09","salary":"18k-30k","positionName":"Java高级研发工程师","companySize":"少于15人","companyShortName":"太萌科技","companyLogo":"image1/M00/00/69/CgYXBlTUXXGAPG8ZAAA6MWwm90s520.png","financeStage":"初创型(天使轮)","approve":1,"jobNature":"全职","companyLabelList":["高薪","股票期权","工作环境好","免费住别墅"],"district":"海淀区","score":0,"publisherId":5811869,"explain":null,"plus":null,"pcShow":0,"appShow":0,"deliver":0,"gradeDescription":null},{"companyFullName":"中智华清（北京）科技有限公司","adWord":0,"companyId":105602,"formatCreateTime":"2016-08-25","businessZones":["五道口","清华大学","中关村"],"imState":"today","lastLogin":1472534655000,"positionId":1346819,"industryField":"移动互联网,企业服务","education":"本科","workYear":"1-3年","city":"北京","positionAdvantage":"校园周边 周末双休 弹性工时 地铁周边","createTime":"2016-08-25 14:10:55","salary":"12k-18k","positionName":"Java工程师","companySize":"15-50人","companyShortName":"华清科技","companyLogo":"i/image/M00/37/17/Cgp3O1dfiaCAL4ujAAI80V4ugug769.png","financeStage":"初创型(未融资)","approve":1,"jobNature":"全职","companyLabelList":null,"district":"海淀区","score":0,"publisherId":3120761,"explain":null,"plus":null,"pcShow":0,"appShow":0,"deliver":0,"gradeDescription":null},{"companyFullName":"北京京东尚科信息技术有限公司","adWord":0,"companyId":4836,"formatCreateTime":"2016-08-25","businessZones":null,"imState":"disabled","lastLogin":1472534628000,"positionId":1086330,"industryField":"电子商务","education":"大专","workYear":"3-5年","city":"北京","positionAdvantage":"参与设计或开发高并发分布式的商家订单系统","createTime":"2016-08-25 14:07:57","salary":"15k以下","positionName":"Java","companySize":"2000人以上","companyShortName":"京东商城","companyLogo":"image2/M00/07/C8/CgpzWlYAsfGATpk7AAAJkGWG2kk774.png?cc=0.19381895544938743","financeStage":"上市公司","approve":1,"jobNature":"全职","companyLabelList":["技能培训","年底双薪","节日礼物","绩效奖金"],"district":"大兴区","score":0,"publisherId":2033841,"explain":null,"plus":null,"pcShow":0,"appShow":0,"deliver":0,"gradeDescription":null},{"companyFullName":"北京创意魔方广告有限公司","adWord":0,"companyId":100366,"formatCreateTime":"2016-08-25","businessZones":["北苑","立水桥"],"imState":"disabled","lastLogin":1472540834000,"positionId":2249652,"industryField":"企业服务,广告营销","education":"本科","workYear":"5-10年","city":"北京","positionAdvantage":"五险一金 优秀团队 年终奖","createTime":"2016-08-25 14:07:33","salary":"17k-20k","positionName":"Java","companySize":"15-50人","companyShortName":"创意魔方","companyLogo":"image2/M00/0E/F6/CgpzWlYm9qWAFR5HAAAwK8SCmN4590.jpg?cc=0.8910917115863413","financeStage":"成长型(A轮)","approve":1,"jobNature":"全职","companyLabelList":["股票期权","带薪年假","绩效奖金","扁平管理"],"district":"昌平区","score":0,"publisherId":5851026,"explain":null,"plus":null,"pcShow":0,"appShow":0,"deliver":0,"gradeDescription":null},{"companyFullName":"北京梦想派网络科技有限公司","adWord":0,"companyId":81580,"formatCreateTime":"2016-08-25","businessZones":["中关村","皂君庙"],"imState":"today","lastLogin":1472547970000,"positionId":1182498,"industryField":"移动互联网,游戏","education":"大专","workYear":"1-3年","city":"北京","positionAdvantage":"年底双薪+项目分红+各种福利！","createTime":"2016-08-25 14:04:15","salary":"15k-25k","positionName":"Java服务器开发工程师","companySize":"50-150人","companyShortName":"梦想园","companyLogo":"i/image/M00/11/85/Cgp3O1biOA2AQQaZAACgUau_r9o197.png","financeStage":"初创型(未融资)","approve":0,"jobNature":"全职","companyLabelList":["年底双薪","专项奖金","带薪年假","绩效奖金"],"district":"海淀区","score":0,"publisherId":416139,"explain":null,"plus":null,"pcShow":0,"appShow":0,"deliver":0,"gradeDescription":null},{"companyFullName":"一米信息服务（北京）有限公司","adWord":0,"companyId":132330,"formatCreateTime":"2016-08-25","businessZones":["对外经贸","芍药居","小营"],"imState":"today","lastLogin":1472528645000,"positionId":1912907,"industryField":"金融,移动互联网","education":"本科","workYear":"3-5年","city":"北京","positionAdvantage":"弹性制，高薪期权，五险一金，团队人品爆棚","createTime":"2016-08-25 14:00:16","salary":"15k-30k","positionName":"Java","companySize":"15-50人","companyShortName":"一米信息","companyLogo":"i/image/M00/45/0D/Cgp3O1eHJ--ARbTsAAA5-hvFsjg776.jpg","financeStage":"初创型(天使轮)","approve":1,"jobNature":"全职","companyLabelList":["年底双薪","专项奖金","年终分红","绩效奖金"],"district":"朝阳区","score":0,"publisherId":3717127,"explain":null,"plus":null,"pcShow":0,"appShow":0,"deliver":0,"gradeDescription":null},{"companyFullName":"中科方德软件有限公司","adWord":0,"companyId":5854,"formatCreateTime":"2016-08-25","businessZones":["中关村","知春路","双榆树"],"imState":"disabled","lastLogin":1472535852000,"positionId":1146365,"industryField":"移动互联网,企业服务","education":"本科","workYear":"不限","city":"北京","positionAdvantage":"六险一金 午餐交通补助 节日福利 体检","createTime":"2016-08-25 13:56:38","salary":"8k-15k","positionName":"Java开发工程师","companySize":"500-2000人","companyShortName":"中科方德软件有限公司","companyLogo":"image1/M00/00/0D/CgYXBlTUWCCAUrC7AABo-Z5RRDI900.png","financeStage":"成熟型(不需要融资)","approve":1,"jobNature":"全职","companyLabelList":["股票期权","带薪年假","绩效奖金","扁平管理"],"district":"海淀区","score":0,"publisherId":1701066,"explain":null,"plus":null,"pcShow":0,"appShow":0,"deliver":0,"gradeDescription":null},{"companyFullName":"上海柯莱特信息技术有限公司","adWord":0,"companyId":94491,"formatCreateTime":"2016-08-25","businessZones":["阜成门","金融街","西四"],"imState":"disabled","lastLogin":1472546121000,"positionId":2287754,"industryField":"招聘","education":"大专","workYear":"3-5年","city":"北京","positionAdvantage":"发展前景好 五险一金","createTime":"2016-08-25 13:55:55","salary":"10k-16k","positionName":"Java","companySize":"2000人以上","companyShortName":"柯莱特信息技术有限公司","companyLogo":"image2/M00/03/8B/CgqLKVXujZeAY4KSAAAHJJb1yv8473.gif?cc=0.131032646400854","financeStage":"上市公司","approve":0,"jobNature":"全职","companyLabelList":["技能培训","年底双薪","带薪年假","年度旅游"],"district":"西城区","score":0,"publisherId":5885395,"explain":null,"plus":null,"pcShow":0,"appShow":0,"deliver":0,"gradeDescription":null}]}},"code":0}