{"success":true,"requestId":null,"msg":null,"resubmitToken":null,"code":0,"content":{"pageNo":18,"pageSize":15,"positionResult":{"resultSize":15,"totalCount":12338,"locationInfo":{"queryByGisCode":false,"businessZone":null,"locationCode":null,"city":"北京","district":null},"queryAnalysisInfo":{"industryName":null,"usefulCompany":false,"positionName":"java","companyName":null},"strategyProperty":{"name":"dm-csearch-newSimScorer","id":1},"result":[{"companyId":45844,"businessZones":["来广营","望京"],"imState":"today","lastLogin":1472535192000,"publisherId":3556264,"explain":null,"plus":null,"pcShow":0,"appShow":0,"deliver":0,"gradeDescription":null,"companyFullName":"北京米树科技有限公司","formatCreateTime":"13:34发布","positionName":"高级Java开发","workYear":"3-5年","education":"本科","jobNature":"全职","companyLogo":"image1/M00/00/75/CgYXBlTUXaOADbiHAADCK3uzPEY690.png","salary":"20k-25k","city":"北京","financeStage":"成长型(A轮)","industryField":"电子商务,O2O","positionId":1777571,"approve":1,"createTime":"2016-08-30 13:34:54","positionAdvantage":"办公环境好","district":"朝阳区","companyShortName":"餐馆无忧","companyLabelList":["股票期权","带薪年假","水果零食管够","扁平管理"],"score":0,"companySize":"150-500人","adWord":0},{"companyId":53137,"businessZones":["广渠门","花市","光明楼"],"imState":"today","lastLogin":1472537157000,"publisherId":1326958,"explain":null,"plus":null,"pcShow":0,"appShow":0,"deliver":0,"gradeDescription":null,"companyFullName":"金色家园网络科技有限公司","formatCreateTime":"13:24发布","positionName":"Java工程师","workYear":"3-5年","education":"本科","jobNature":"全职","companyLogo":"image1/M00/26/84/CgYXBlVVpKmAT16vAAB-lRbYIa8041.jpg","salary":"15k-30k","city":"北京","financeStage":"成熟型(不需要融资)","industryField":"O2O","positionId":1941004,"approve":1,"createTime":"2016-08-30 13:24:40","positionAdvantage":"14薪,领导好,福利好","district":"东城区","companyShortName":"金色家园科技","companyLabelList":["节日礼物","带薪年假","绩效奖金","管理规范"],"score":0,"companySize":"500-2000人","adWord":0},{"companyId":23004,"businessZones":["上地"],"imState":"today","lastLogin":1472570576000,"publisherId":268233,"explain":null,"plus":null,"pcShow":0,"appShow":0,"deliver":0,"gradeDescription":null,"companyFullName":"北京光年无限科技有限公司","formatCreateTime":"13:19发布","positionName":"JAVA技术经理","workYear":"3-5年","education":"本科","jobNature":"全职","companyLogo":"i/image/M00/11/9A/Cgp3O1biWaKABjiEAASTrSzDg0Y979.png","salary":"20k-30k","city":"北京","financeStage":"成长型(B轮)","industryField":"移动互联网","positionId":2091438,"approve":1,"createTime":"2016-08-30 13:19:01","positionAdvantage":"五险一金、年终奖、每年两次调薪、人工智能","district":"海淀区","companyShortName":"图灵机器人","companyLabelList":["年底双薪","节日礼物","No考勤","绩效奖金"],"score":0,"companySize":"50-150人","adWord":0},{"companyId":141668,"businessZones":["东四"],"imState":"today","lastLogin":1472545486000,"publisherId":5790435,"explain":null,"plus":null,"pcShow":0,"appShow":0,"deliver":0,"gradeDescription":null,"companyFullName":"浙江同牛网络科技有限公司","formatCreateTime":"12:27发布","positionName":"Java开发工程师","workYear":"1-3年","education":"本科","jobNature":"全职","companyLogo":"i/image/M00/53/06/CgqKkVe9W9uADqRdAAAUxpawh5Q844.jpg","salary":"8k-15k","city":"北京","financeStage":"成长型(B轮)","industryField":"金融","positionId":2304766,"approve":0,"createTime":"2016-08-30 12:27:29","positionAdvantage":"五险一金 弹性工作 带薪年假 股票期权","district":"东城区","companyShortName":"同牛科技","companyLabelList":null,"score":0,"companySize":"50-150人","adWord":0},{"companyId":129183,"businessZones":["西二旗"],"imState":"disabled","lastLogin":1472538783000,"publisherId":4774167,"explain":null,"plus":null,"pcShow":0,"appShow":0,"deliver":0,"gradeDescription":null,"companyFullName":"天美本地通（天津）网络科技有限公司","formatCreateTime":"12:25发布","positionName":"高级JAVA开发工程师","workYear":"3-5年","education":"不限","jobNature":"全职","companyLogo":"i/image/M00/2B/AD/Cgp3O1c1lFWAfm31AACLNHkAcEc107.jpg","salary":"15k-20k","city":"北京","financeStage":"初创型(天使轮)","industryField":"O2O,移动互联网","positionId":2304756,"approve":0,"createTime":"2016-08-30 12:25:18","positionAdvantage":"近地铁,交通便利,福利好,弹性工作","district":"海淀区","companyShortName":"天美本地通","companyLabelList":null,"score":0,"companySize":"50-150人","adWord":0},{"companyId":55446,"businessZones":["上地","马连洼","西二旗"],"imState":"disabled","lastLogin":1472551978000,"publisherId":5777402,"explain":null,"plus":null,"pcShow":0,"appShow":0,"deliver":0,"gradeDescription":null,"companyFullName":"链家网（北京）科技有限公司","formatCreateTime":"12:22发布","positionName":"Java工程师/高级java工程师","workYear":"1-3年","education":"本科","jobNature":"全职","companyLogo":"i/image/M00/03/92/Cgp3O1bBZp6ANvoaAAAb17EHQMc096.png","salary":"15k-30k","city":"北京","financeStage":"初创型(未融资)","industryField":"移动互联网,O2O","positionId":2304744,"approve":1,"createTime":"2016-08-30 12:22:50","positionAdvantage":"好平台；能力提升快","district":"海淀区","companyShortName":"链家网","companyLabelList":["股票期权","带薪年假","绩效奖金","扁平管理"],"score":0,"companySize":"500-2000人","adWord":0},{"companyId":51194,"businessZones":["三里屯","东直门","左家庄"],"imState":"today","lastLogin":1472560681000,"publisherId":1003642,"explain":null,"plus":null,"pcShow":0,"appShow":0,"deliver":0,"gradeDescription":null,"companyFullName":"北京领跑无限科技有限公司","formatCreateTime":"12:16发布","positionName":"Java工程师","workYear":"3-5年","education":"本科","jobNature":"全职","companyLogo":"image1/M00/29/0E/Cgo8PFVj8SCAT-srAABKX5vbZb4698.jpg","salary":"15k-30k","city":"北京","financeStage":"初创型(天使轮)","industryField":"移动互联网,社交网络","positionId":744545,"approve":1,"createTime":"2016-08-30 12:16:33","positionAdvantage":"靠谱期权、上班时可随时健身、弹性工作","district":"东城区","companyShortName":"阿甘跑步","companyLabelList":["股票期权","工作时健身","共同锻炼","大厨晚餐"],"score":0,"companySize":"15-50人","adWord":0},{"companyId":135301,"businessZones":null,"imState":"today","lastLogin":1472568211000,"publisherId":4136587,"explain":null,"plus":null,"pcShow":0,"appShow":0,"deliver":0,"gradeDescription":null,"companyFullName":"北京尼太格皮草时装有限公司","formatCreateTime":"12:10发布","positionName":"Java开发工程师","workYear":"3-5年","education":"本科","jobNature":"全职","companyLogo":"i/image/M00/3C/E2/CgqKkVdw36yAS1rIAAANmyhCesQ744.jpg","salary":"15k-30k","city":"北京","financeStage":"初创型(天使轮)","industryField":"其他","positionId":2156893,"approve":0,"createTime":"2016-08-30 12:10:45","positionAdvantage":"五险一金 弹性工时 各类补助 职业晋升","district":null,"companyShortName":"尼太格","companyLabelList":null,"score":0,"companySize":"15-50人","adWord":0},{"companyId":1575,"businessZones":null,"imState":"disabled","lastLogin":1472536397000,"publisherId":129655,"explain":null,"plus":null,"pcShow":0,"appShow":0,"deliver":0,"gradeDescription":null,"companyFullName":"百度在线网络技术（北京）有限公司","formatCreateTime":"12:07发布","positionName":"Java技术专家","workYear":"3-5年","education":"本科","jobNature":"全职","companyLogo":"image1/M00/00/06/CgYXBlTUWAWAOBXrAABGHHFb0q8748.jpg","salary":"25k-40k","city":"北京","financeStage":"上市公司","industryField":"移动互联网,数据服务","positionId":2304692,"approve":1,"createTime":"2016-08-30 12:07:23","positionAdvantage":"发展空间大，团队氛围优，一流互联网企业","district":null,"companyShortName":"百度","companyLabelList":["股票期权","弹性工作","五险一金","免费班车"],"score":0,"companySize":"2000人以上","adWord":0},{"companyId":10441,"businessZones":null,"imState":"disabled","lastLogin":1472536822000,"publisherId":5070941,"explain":null,"plus":null,"pcShow":0,"appShow":0,"deliver":0,"gradeDescription":null,"companyFullName":"北京无双科技有限公司","formatCreateTime":"12:00发布","positionName":"高级Java开发工程师","workYear":"3-5年","education":"本科","jobNature":"全职","companyLogo":"image1/M00/1D/A0/CgYXBlUrgIGAGm2cAAA7s-TaMwM646.jpg","salary":"20k-30k","city":"北京","financeStage":"成长型(A轮)","industryField":"数据服务","positionId":2304652,"approve":1,"createTime":"2016-08-30 12:00:33","positionAdvantage":"公司钱途好，技术大牛多，带薪年假12天","district":null,"companyShortName":"北京无双科技","companyLabelList":["股票期权","绩效奖金","年底双薪","五险一金"],"score":0,"companySize":"150-500人","adWord":0},{"companyId":92939,"businessZones":null,"imState":"today","lastLogin":1472558127000,"publisherId":2408322,"explain":null,"plus":null,"pcShow":0,"appShow":0,"deliver":0,"gradeDescription":null,"companyFullName":"北京智充科技有限公司","formatCreateTime":"11:49发布","positionName":"Java研发工程师","workYear":"3-5年","education":"本科","jobNature":"全职","companyLogo":"i/image/M00/4E/6A/Cgp3O1eq7lSAFTh3AAAIz_HeQLU308.png","salary":"15k-25k","city":"北京","financeStage":"成长型(A轮)","industryField":"移动互联网,O2O","positionId":2221812,"approve":1,"createTime":"2016-08-30 11:49:18","positionAdvantage":"有超强前辈指导，瞬间提升技能！","district":null,"companyShortName":"智充","companyLabelList":["股票期权","专项奖金","带薪年假","绩效奖金"],"score":0,"companySize":"50-150人","adWord":0},{"companyId":56984,"businessZones":["望京","花家地","大山子"],"imState":"today","lastLogin":1472537779000,"publisherId":4802266,"explain":null,"plus":null,"pcShow":0,"appShow":0,"deliver":0,"gradeDescription":null,"companyFullName":"北京中铁天瑞","formatCreateTime":"11:42发布","positionName":"Java","workYear":"3-5年","education":"不限","jobNature":"全职","companyLogo":"images/logo_default.png","salary":"10k-18k","city":"北京","financeStage":"成长型(不需要融资)","industryField":"电子商务,企业服务","positionId":2154063,"approve":0,"createTime":"2016-08-30 11:42:59","positionAdvantage":"适合提升技术，人性化管理","district":"朝阳区","companyShortName":"瑞天科技","companyLabelList":["带薪年假","绩效奖金","定期体检","五险一金"],"score":0,"companySize":"50-150人","adWord":0},{"companyId":143390,"businessZones":["建外大街","国贸","CBD"],"imState":"today","lastLogin":1472528057000,"publisherId":5885185,"explain":null,"plus":null,"pcShow":0,"appShow":0,"deliver":0,"gradeDescription":null,"companyFullName":"全美在线（北京）教育科技股份有限公司","formatCreateTime":"11:41发布","positionName":"Java","workYear":"1-3年","education":"本科","jobNature":"全职","companyLogo":"i/image/M00/4E/B3/CgqKkVesJfyARVP3AAA1XFaXbLA533.jpg","salary":"8k-15k","city":"北京","financeStage":"上市公司","industryField":"教育,移动互联网","positionId":2226485,"approve":1,"createTime":"2016-08-30 11:41:38","positionAdvantage":"五险一金 补充医疗险 带薪年假、病假","district":"朝阳区","companyShortName":"ATA","companyLabelList":["定期体检","午餐补助","带薪年假","六险一金"],"score":0,"companySize":"500-2000人","adWord":0},{"companyId":22858,"businessZones":["中关村","苏州街","苏州桥"],"imState":"today","lastLogin":1472553055000,"publisherId":364189,"explain":null,"plus":null,"pcShow":0,"appShow":0,"deliver":0,"gradeDescription":null,"companyFullName":"北京量科邦信息技术有限公司","formatCreateTime":"11:39发布","positionName":"Java开发工程师","workYear":"3-5年","education":"不限","jobNature":"全职","companyLogo":"image1/M00/00/2C/CgYXBlTUXHOATbMYAAA8_cACftM593.png","salary":"13k-26k","city":"北京","financeStage":"成长型(B轮)","industryField":"金融,数据服务","positionId":328499,"approve":1,"createTime":"2016-08-30 11:39:33","positionAdvantage":"大牛导师 华尔街&amp;Google精英团队","district":"海淀区","companyShortName":"量化派","companyLabelList":["绩效奖金","股票期权","年底双薪","五险一金"],"score":0,"companySize":"50-150人","adWord":0},{"companyId":142963,"businessZones":null,"imState":"today","lastLogin":1472528219000,"publisherId":5893348,"explain":null,"plus":null,"pcShow":0,"appShow":0,"deliver":0,"gradeDescription":null,"companyFullName":"上海梓钦信息技术有限公司","formatCreateTime":"11:37发布","positionName":"Java","workYear":"3-5年","education":"大专","jobNature":"全职","companyLogo":"i/image/M00/4D/97/Cgp3O1eoDnuAfKY_AA0VrtYvTOk889.jpg","salary":"8k-15k","city":"北京","financeStage":"成长型(不需要融资)","industryField":"其他","positionId":2270101,"approve":0,"createTime":"2016-08-30 11:37:46","positionAdvantage":"高级,中级","district":"朝阳区","companyShortName":"梓钦","companyLabelList":null,"score":0,"companySize":"150-500人","adWord":0}]}}}