{"msg":null,"resubmitToken":null,"success":true,"requestId":null,"content":{"pageNo":99,"pageSize":15,"positionResult":{"totalCount":12338,"resultSize":15,"locationInfo":{"city":"北京","district":null,"locationCode":null,"businessZone":null,"queryByGisCode":false},"queryAnalysisInfo":{"positionName":"java","companyName":null,"usefulCompany":false,"industryName":null},"strategyProperty":{"name":"dm-csearch-newSimScorer","id":1},"result":[{"companyId":1970,"formatCreateTime":"2016-08-25","score":0,"positionId":2098243,"positionName":"高级Java开发工程师","createTime":"2016-08-25 18:14:21","positionAdvantage":"团队效率高、平台发展稳定、朝阳行业","salary":"15k-30k","approve":1,"workYear":"1-3年","education":"本科","city":"北京","companyLogo":"image1/M00/00/06/CgYXBlTUWAeANQBuAABHTL1SBa8889.jpg","jobNature":"全职","industryField":"移动互联网","companyShortName":"去哪儿网","financeStage":"上市公司","companySize":"2000人以上","companyLabelList":["技能培训","节日礼物","带薪年假","无息住房贷款"],"district":null,"businessZones":null,"imState":"disabled","lastLogin":1472520370000,"publisherId":362967,"explain":null,"plus":null,"pcShow":0,"appShow":0,"deliver":0,"gradeDescription":null,"companyFullName":"北京趣拿软件科技有限公司","adWord":0},{"companyId":113076,"formatCreateTime":"2016-08-25","score":0,"positionId":1931884,"positionName":"Java","createTime":"2016-08-25 17:00:30","positionAdvantage":"五险一金，年终奖，餐补，电脑补","salary":"10k-20k","approve":0,"workYear":"3-5年","education":"大专","city":"北京","companyLogo":"i/image/M00/16/96/Cgp3O1bvxS2APhSvAAAIdDmoN4M370.png","jobNature":"全职","industryField":"移动互联网,企业服务","companyShortName":"华正方圆","financeStage":"成长型(不需要融资)","companySize":"150-500人","companyLabelList":["管理规范","领导好","扁平管理"],"district":"海淀区","businessZones":["双榆树","人民大学"],"imState":"today","lastLogin":1472527944000,"publisherId":5289573,"explain":null,"plus":null,"pcShow":0,"appShow":0,"deliver":0,"gradeDescription":null,"companyFullName":"北京华正方圆科技发展有限公司","adWord":0},{"companyId":59119,"formatCreateTime":"2016-08-25","score":0,"positionId":2144327,"positionName":"Java开发工程师","createTime":"2016-08-25 16:11:17","positionAdvantage":"良好的发展空间，优厚的福利待遇","salary":"10k-20k","approve":1,"workYear":"3-5年","education":"大专","city":"北京","companyLogo":"i/image/M00/21/36/Cgp3O1cQU_-ADtiUAAAaLx-Z_J0830.jpg","jobNature":"全职","industryField":"金融","companyShortName":"君融贷","financeStage":"成长型(A轮)","companySize":"50-150人","companyLabelList":["节日礼物","带薪年假","岗位晋升","管理规范"],"district":"朝阳区","businessZones":["望京","大山子","酒仙桥"],"imState":"disabled","lastLogin":1472559484000,"publisherId":1493277,"explain":null,"plus":null,"pcShow":0,"appShow":0,"deliver":0,"gradeDescription":null,"companyFullName":"君融贷（北京）信息技术服务有限公司","adWord":0},{"companyId":24561,"formatCreateTime":"2016-08-25","score":0,"positionId":1235354,"positionName":"Java架构师","createTime":"2016-08-25 15:48:13","positionAdvantage":"电商架构 19薪","salary":"30k-50k","approve":1,"workYear":"5-10年","education":"不限","city":"北京","companyLogo":"image1/M00/00/32/CgYXBlTUXIqAYCE1AABbkDS4YJQ606.jpg","jobNature":"全职","industryField":"电子商务","companyShortName":"国美在线","financeStage":"上市公司","companySize":"2000人以上","companyLabelList":["节日礼物","年底双薪","绩效奖金","岗位晋升"],"district":"朝阳区","businessZones":["亮马桥","三元桥","燕莎"],"imState":"today","lastLogin":1472543114000,"publisherId":119627,"explain":null,"plus":null,"pcShow":0,"appShow":0,"deliver":0,"gradeDescription":null,"companyFullName":"国美在线电子商务有限公司","adWord":0},{"companyId":10007,"formatCreateTime":"2016-08-25","score":0,"positionId":2154326,"positionName":"Java 开发工程师","createTime":"2016-08-25 14:57:02","positionAdvantage":"股权期权、带薪休假、年底双薪","salary":"15k-25k","approve":1,"workYear":"3-5年","education":"本科","city":"北京","companyLogo":"image1/M00/11/C9/CgYXBlUBXjuARqvEAAB5Sv6Sr1Q235.jpg","jobNature":"全职","industryField":"移动互联网,硬件","companyShortName":"野兽骑行","financeStage":"成长型(A轮)","companySize":"50-150人","companyLabelList":["年底双薪","午餐补助","定期体检","股票期权"],"district":"朝阳区","businessZones":["望京","大山子","花家地"],"imState":"today","lastLogin":1472567979000,"publisherId":127369,"explain":null,"plus":null,"pcShow":0,"appShow":0,"deliver":0,"gradeDescription":null,"companyFullName":"北京野兽科技有限公司","adWord":0},{"companyId":50214,"formatCreateTime":"2016-08-25","score":0,"positionId":1929812,"positionName":"Java高级开发工程师","createTime":"2016-08-25 14:56:30","positionAdvantage":"弹性工作制，北大吃饭，额外绩效奖励","salary":"15k-20k","approve":0,"workYear":"3-5年","education":"本科","city":"北京","companyLogo":"image1/M00/00/83/CgYXBlTUXeCABvvWAABL_8Vwv1A327.jpg","jobNature":"全职","industryField":"教育,数据服务","companyShortName":"CALIS","financeStage":"成长型(不需要融资)","companySize":"50-150人","companyLabelList":["技能培训","带薪年假","绩效奖金","岗位晋升"],"district":"海淀区","businessZones":["北京大学","颐和园","西苑"],"imState":"disabled","lastLogin":1472210640000,"publisherId":982396,"explain":null,"plus":null,"pcShow":0,"appShow":0,"deliver":0,"gradeDescription":null,"companyFullName":"北京开元数图科技有限公司","adWord":0},{"companyId":81343,"formatCreateTime":"2016-08-25","score":0,"positionId":2192983,"positionName":"Java","createTime":"2016-08-25 14:50:53","positionAdvantage":"领导好,团队氛围好,工作效率高,机会多","salary":"15k-30k","approve":1,"workYear":"3-5年","education":"不限","city":"北京","companyLogo":"i/image/M00/42/71/Cgp3O1d_YFGAL8eLAAAQoRMl8Io317.jpg","jobNature":"全职","industryField":"金融","companyShortName":"金瑞龙汇鑫控股集团有限公司","financeStage":"成熟型(不需要融资)","companySize":"2000人以上","companyLabelList":["岗位晋升","管理规范","五险一金","带薪年假"],"district":"朝阳区","businessZones":["朝阳门","朝外","东四"],"imState":"disabled","lastLogin":1472550900000,"publisherId":5771916,"explain":null,"plus":null,"pcShow":0,"appShow":0,"deliver":0,"gradeDescription":null,"companyFullName":"北京金瑞龙汇鑫控股(集团)有限公司","adWord":0},{"companyId":120295,"formatCreateTime":"2016-08-25","score":0,"positionId":2006406,"positionName":"Java工程师","createTime":"2016-08-25 14:49:48","positionAdvantage":"待遇从优，五险一金，免费外教，出国旅游。","salary":"10k-14k","approve":0,"workYear":"3-5年","education":"本科","city":"北京","companyLogo":"i/image/M00/15/7D/Cgp3O1bryqOASd1eAAAMK3BYdyo779.jpg","jobNature":"全职","industryField":"电子商务","companyShortName":"Super-in","financeStage":"成长型(A轮)","companySize":"15-50人","companyLabelList":null,"district":null,"businessZones":null,"imState":"today","lastLogin":1472554313000,"publisherId":4563024,"explain":null,"plus":null,"pcShow":0,"appShow":0,"deliver":0,"gradeDescription":null,"companyFullName":"第七宝贝咨询服务（北京）有限公司","adWord":0},{"companyId":102086,"formatCreateTime":"2016-08-25","score":0,"positionId":1917960,"positionName":"Java","createTime":"2016-08-25 14:48:12","positionAdvantage":"五险一金","salary":"13k-26k","approve":1,"workYear":"1-3年","education":"不限","city":"北京","companyLogo":"i/image/M00/33/3A/CgqKkVdRAXWASOOFAABvVcUJhyo693.jpg","jobNature":"全职","industryField":"移动互联网","companyShortName":"国泰银科","financeStage":"成长型(不需要融资)","companySize":"50-150人","companyLabelList":["节日礼物","专项奖金","带薪年假","绩效奖金"],"district":"朝阳区","businessZones":["望京","花家地","来广营"],"imState":"today","lastLogin":1472549841000,"publisherId":2911137,"explain":null,"plus":null,"pcShow":0,"appShow":0,"deliver":0,"gradeDescription":null,"companyFullName":"北京国泰银科科技有限公司","adWord":0},{"companyId":175,"formatCreateTime":"2016-08-25","score":0,"positionId":2288250,"positionName":"Java开发工程师","createTime":"2016-08-25 14:45:50","positionAdvantage":"核心部门 年底双薪 老板nice","salary":"15k-25k","approve":0,"workYear":"3-5年","education":"本科","city":"北京","companyLogo":"image1/M00/00/02/Cgo8PFTUV_WAEAuzAAAyIzM3PyQ523.jpg","jobNature":"全职","industryField":"移动互联网","companyShortName":"新浪门户","financeStage":"上市公司","companySize":"2000人以上","companyLabelList":["节日礼物","带薪年假","岗位晋升","扁平管理"],"district":"海淀区","businessZones":["西北旺","马连洼","上地"],"imState":"today","lastLogin":1472580356000,"publisherId":1523856,"explain":null,"plus":null,"pcShow":0,"appShow":0,"deliver":0,"gradeDescription":null,"companyFullName":"新浪网络技术股份有限公司","adWord":0},{"companyId":41831,"formatCreateTime":"2016-08-25","score":0,"positionId":2034776,"positionName":"Java高级开发工程师","createTime":"2016-08-25 14:44:14","positionAdvantage":"发展平台好，各类补助、弹性工时等","salary":"15k-25k","approve":1,"workYear":"3-5年","education":"本科","city":"北京","companyLogo":"image1/M00/24/76/CgYXBlVMWqaAXanGAABhGxgyZ_U848.jpg","jobNature":"全职","industryField":"电子商务,O2O","companyShortName":"车车","financeStage":"成长型(A轮)","companySize":"150-500人","companyLabelList":["股票期权","带薪年假","绩效奖金","年度旅游"],"district":"朝阳区","businessZones":["北苑","立水桥"],"imState":"disabled","lastLogin":1472461911000,"publisherId":781887,"explain":null,"plus":null,"pcShow":0,"appShow":0,"deliver":0,"gradeDescription":null,"companyFullName":"北京车与车科技有限公司","adWord":0},{"companyId":28393,"formatCreateTime":"2016-08-25","score":0,"positionId":1963536,"positionName":"Java","createTime":"2016-08-25 14:41:44","positionAdvantage":"百度T11创业公司,技术氛围浓厚","salary":"10k-20k","approve":1,"workYear":"1-3年","education":"本科","city":"北京","companyLogo":"image1/M00/00/3E/CgYXBlTUXL2ANrS3AAB8JdlqzI8331.jpg","jobNature":"全职","industryField":"教育,数据服务","companyShortName":"云校","financeStage":"成长型(B轮)","companySize":"150-500人","companyLabelList":["技能培训","节日礼物","股票期权","带薪年假"],"district":"朝阳区","businessZones":["望京","大山子","花家地"],"imState":"today","lastLogin":1472560280000,"publisherId":373381,"explain":null,"plus":null,"pcShow":0,"appShow":0,"deliver":0,"gradeDescription":null,"companyFullName":"北京华樾信息技术研究院","adWord":0},{"companyId":145465,"formatCreateTime":"2016-08-25","score":0,"positionId":2288185,"positionName":"Java工程师","createTime":"2016-08-25 14:40:10","positionAdvantage":"大数据、扁平管理、上升空间大、老板很nice","salary":"15k-30k","approve":1,"workYear":"3-5年","education":"本科","city":"北京","companyLogo":"i/image/M00/53/58/CgqKkVe-huCAT__qAACtwj5OUbo555.jpg","jobNature":"全职","industryField":"移动互联网,其他","companyShortName":"NELDA","financeStage":"成长型(不需要融资)","companySize":"50-150人","companyLabelList":null,"district":null,"businessZones":null,"imState":"threeDays","lastLogin":1472416740000,"publisherId":5990998,"explain":null,"plus":null,"pcShow":0,"appShow":0,"deliver":0,"gradeDescription":null,"companyFullName":"北京尚优力达科技有限公司","adWord":0},{"companyId":58666,"formatCreateTime":"2016-08-25","score":0,"positionId":1924475,"positionName":"Java","createTime":"2016-08-25 14:35:04","positionAdvantage":"五险一金 房补 交通补助 弹性工作制","salary":"12k-15k","approve":0,"workYear":"3-5年","education":"本科","city":"北京","companyLogo":"image1/M00/36/3A/CgYXBlWd6O6ARB85AAAPjLGVFK8975.jpg","jobNature":"全职","industryField":"移动互联网,电子商务","companyShortName":"北京一路捞","financeStage":"成熟型(不需要融资)","companySize":"500-2000人","companyLabelList":["节日礼物","免费班车","带薪年假","免费住宿"],"district":"丰台区","businessZones":["科技园区","看丹桥","北大地"],"imState":"threeDays","lastLogin":1472448383000,"publisherId":5259769,"explain":null,"plus":null,"pcShow":0,"appShow":0,"deliver":0,"gradeDescription":null,"companyFullName":"北京一路捞互联网有限公司","adWord":0},{"companyId":48577,"formatCreateTime":"2016-08-25","score":0,"positionId":2056540,"positionName":"Java","createTime":"2016-08-25 14:34:35","positionAdvantage":"福利待遇好 发展空间大 弹性工作制","salary":"15k-25k","approve":1,"workYear":"3-5年","education":"大专","city":"北京","companyLogo":"i/image/M00/45/01/CgqKkVeHENiAKliRAAAwW-DwxWI914.png","jobNature":"全职","industryField":"金融","companyShortName":"点滴身边","financeStage":"初创型(天使轮)","companySize":"150-500人","companyLabelList":["互联网金融","带薪年假","绩效奖金","岗位晋升"],"district":"朝阳区","businessZones":["京广桥","朝外","呼家楼"],"imState":"disabled","lastLogin":1472455246000,"publisherId":5565774,"explain":null,"plus":null,"pcShow":0,"appShow":0,"deliver":0,"gradeDescription":null,"companyFullName":"点滴身边网络技术（北京）有限公司","adWord":0}]}},"code":0}