{"success":true,"requestId":null,"msg":null,"resubmitToken":null,"content":{"pageNo":34,"pageSize":15,"positionResult":{"totalCount":12338,"resultSize":15,"locationInfo":{"queryByGisCode":false,"businessZone":null,"locationCode":null,"city":"北京","district":null},"queryAnalysisInfo":{"industryName":null,"usefulCompany":false,"positionName":"java","companyName":null},"strategyProperty":{"name":"dm-csearch-newSimScorer","id":1},"result":[{"companyId":3786,"positionName":"Java--支付平台","workYear":"3-5年","education":"本科","jobNature":"全职","financeStage":"成熟型(不需要融资)","companyLogo":"i/image/M00/01/C8/Cgp3O1Z3lASAVbZHAABCha8eqHY645.jpg","industryField":"移动互联网,金融","companyShortName":"宜信","city":"北京","salary":"15k-30k","positionId":1608768,"positionAdvantage":"高素质团队，大平台，弹性工作","district":"朝阳区","createTime":"2016-08-30 10:23:13","companyLabelList":["管理规范","技能培训","扁平管理","弹性工作"],"approve":1,"companySize":"2000人以上","score":0,"companyFullName":"普信恒业科技发展（北京）有限公司","adWord":0,"formatCreateTime":"10:23发布","publisherId":2945590,"explain":null,"plus":null,"pcShow":0,"appShow":0,"deliver":0,"gradeDescription":null,"businessZones":["华贸","红庙","大望路"],"imState":"disabled","lastLogin":1471484311000},{"companyId":71494,"positionName":"Java","workYear":"5-10年","education":"本科","jobNature":"全职","financeStage":"成熟型(不需要融资)","companyLogo":"i/image/M00/00/38/CgqKkVY2wMeAIWU2AAEKiMm66rI767.png","industryField":"医疗健康","companyShortName":"北大医信","city":"北京","salary":"18k-25k","positionId":893951,"positionAdvantage":"五险一金加补充医疗、餐补、话补，项目奖。","district":"海淀区","createTime":"2016-08-30 09:22:52","companyLabelList":["技能培训","节日礼物","带薪年假","绩效奖金"],"approve":1,"companySize":"500-2000人","score":0,"companyFullName":"北大医疗信息技术有限公司","adWord":0,"formatCreateTime":"09:22发布","publisherId":1721070,"explain":null,"plus":null,"pcShow":0,"appShow":0,"deliver":0,"gradeDescription":null,"businessZones":["上地","马连洼","西二旗"],"imState":"today","lastLogin":1472552555000},{"companyId":994,"positionName":"JAVA工程师","workYear":"3-5年","education":"本科","jobNature":"全职","financeStage":"成长型(B轮)","companyLogo":"image1/M00/00/05/CgYXBlTUWACAMEo4AACGADT5Usw013.png","industryField":"移动互联网,文化娱乐","companyShortName":"国广东方网络（北京）有限公司","city":"北京","salary":"10k-15k","positionId":1854675,"positionAdvantage":"牌照方，各种补助，OTT、","district":"海淀区","createTime":"2016-08-30 09:10:47","companyLabelList":["节日礼物","国家背景","带薪年假","绩效奖金"],"approve":1,"companySize":"150-500人","score":0,"companyFullName":"国广东方网络（北京）有限公司","adWord":0,"formatCreateTime":"09:10发布","publisherId":1576478,"explain":null,"plus":null,"pcShow":0,"appShow":0,"deliver":0,"gradeDescription":null,"businessZones":["中关村","知春路","双榆树"],"imState":"today","lastLogin":1472529785000},{"companyId":136566,"positionName":"Java开发工程师","workYear":"3-5年","education":"不限","jobNature":"全职","financeStage":"成长型(不需要融资)","companyLogo":"i/image/M00/3E/01/Cgp3O1dzcz-AcpKFAAApHcg578g882.png","industryField":"移动互联网,医疗健康","companyShortName":"心脏联盟","city":"北京","salary":"15k-25k","positionId":2029396,"positionAdvantage":"北京市工作居住证、过节礼品、员工体检","district":"朝阳区","createTime":"2016-08-30 09:10:22","companyLabelList":null,"approve":0,"companySize":"150-500人","score":0,"companyFullName":"心脏联盟（北京）医疗科技有限公司","adWord":0,"formatCreateTime":"09:10发布","publisherId":5487980,"explain":null,"plus":null,"pcShow":0,"appShow":0,"deliver":0,"gradeDescription":null,"businessZones":["安贞","小关","安华"],"imState":"disabled","lastLogin":1472540592000},{"companyId":125749,"positionName":"Java高级开发工程师","workYear":"3-5年","education":"本科","jobNature":"全职","financeStage":"初创型(未融资)","companyLogo":"i/image/M00/22/D1/CgqKkVcV5--ATk7OAAETTL1DCPg590.jpg","industryField":"其他","companyShortName":"信安世纪","city":"北京","salary":"10k-15k","positionId":1730901,"positionAdvantage":"五险一金、补充医疗、带薪年假、弹性工作","district":"西城区","createTime":"2016-08-30 09:03:34","companyLabelList":["带薪年假","午餐补助","定期体检","五险一金"],"approve":0,"companySize":"150-500人","score":0,"companyFullName":"北京信安世纪科技有限公司","adWord":0,"formatCreateTime":"09:03发布","publisherId":1407714,"explain":null,"plus":null,"pcShow":0,"appShow":0,"deliver":0,"gradeDescription":null,"businessZones":["右安门","白纸坊","菜市口"],"imState":"disabled","lastLogin":1472570147000},{"companyId":44900,"positionName":"初级Java开发","workYear":"1-3年","education":"大专","jobNature":"全职","financeStage":"成长型(A轮)","companyLogo":"image1/M00/3F/C6/Cgo8PFXBoeKAers3AAAz-Yuj8kY798.png","industryField":"企业服务","companyShortName":"易招标","city":"北京","salary":"6k-10k","positionId":2280763,"positionAdvantage":"弹性工作制、超长年假、年终奖、股权激励","district":"西城区","createTime":"2016-08-30 08:56:17","companyLabelList":["技能培训","专项奖金","带薪年假","绩效奖金"],"approve":1,"companySize":"150-500人","score":0,"companyFullName":"上海汇招信息技术有限公司","adWord":0,"formatCreateTime":"08:56发布","publisherId":858341,"explain":null,"plus":null,"pcShow":0,"appShow":0,"deliver":0,"gradeDescription":null,"businessZones":["长椿街","宣武门","复兴门"],"imState":"today","lastLogin":1472551205000},{"companyId":5812,"positionName":"Java","workYear":"1-3年","education":"本科","jobNature":"全职","financeStage":"上市公司","companyLogo":"image1/M00/00/0C/Cgo8PFTUWCCAaF4PAAAm3kBS87s438.png","industryField":"企业服务,数据服务","companyShortName":"用友","city":"北京","salary":"9k-18k","positionId":1915766,"positionAdvantage":"五险一金 年终奖 免费班车 晋升空间","district":"海淀区","createTime":"2016-08-30 08:52:56","companyLabelList":["技能培训","节日礼物","免费班车","岗位晋升"],"approve":1,"companySize":"2000人以上","score":0,"companyFullName":"用友网络科技股份有限公司","adWord":0,"formatCreateTime":"08:52发布","publisherId":4923118,"explain":null,"plus":null,"pcShow":0,"appShow":0,"deliver":0,"gradeDescription":null,"businessZones":["西北旺"],"imState":"disabled","lastLogin":1472549667000},{"companyId":35422,"positionName":"Java","workYear":"5-10年","education":"不限","jobNature":"全职","financeStage":"上市公司","companyLogo":"i/image/M00/08/D2/Cgp3O1bRFcSAHMtPAAAelCJqdO8411.png","industryField":"电子商务","companyShortName":"京东","city":"北京","salary":"15k-25k","positionId":1650159,"positionAdvantage":"福利全面","district":"通州区","createTime":"2016-08-30 08:43:41","companyLabelList":["年底双薪","节日礼物","技能培训","岗位晋升"],"approve":0,"companySize":"2000人以上","score":0,"companyFullName":"京东商城","adWord":0,"formatCreateTime":"08:43发布","publisherId":715162,"explain":null,"plus":null,"pcShow":0,"appShow":0,"deliver":0,"gradeDescription":null,"businessZones":null,"imState":"today","lastLogin":1472523255000},{"companyId":4836,"positionName":"Java","workYear":"5-10年","education":"大专","jobNature":"全职","financeStage":"上市公司","companyLogo":"image2/M00/07/C8/CgpzWlYAsfGATpk7AAAJkGWG2kk774.png?cc=0.19381895544938743","industryField":"电子商务","companyShortName":"京东商城","city":"北京","salary":"18k-26k","positionId":2302456,"positionAdvantage":"互联网 大数据 高并发 一年两次加薪升职","district":"大兴区","createTime":"2016-08-30 08:21:09","companyLabelList":["技能培训","年底双薪","节日礼物","绩效奖金"],"approve":1,"companySize":"2000人以上","score":0,"companyFullName":"北京京东尚科信息技术有限公司","adWord":0,"formatCreateTime":"08:21发布","publisherId":770124,"explain":null,"plus":null,"pcShow":0,"appShow":0,"deliver":0,"gradeDescription":null,"businessZones":null,"imState":"today","lastLogin":1472553780000},{"companyId":136161,"positionName":"Java开发工程师","workYear":"3-5年","education":"本科","jobNature":"全职","financeStage":"初创型(天使轮)","companyLogo":"i/image/M00/3D/A2/Cgp3O1dycF-AbqYDAAGFUsv4NRI564.jpg","industryField":"数据服务,信息安全","companyShortName":"君道立信","city":"北京","salary":"12k-20k","positionId":2028978,"positionAdvantage":"初创公司高成长，BAT合伙人，客户超一流","district":"海淀区","createTime":"2016-08-29 23:39:59","companyLabelList":["股票期权","交通补助","五险一金","BAT导师"],"approve":1,"companySize":"少于15人","score":0,"companyFullName":"北京君道立信科技有限公司","adWord":0,"formatCreateTime":"1天前发布","publisherId":5371034,"explain":null,"plus":null,"pcShow":0,"appShow":0,"deliver":0,"gradeDescription":null,"businessZones":["中关村","北京大学","苏州街"],"imState":"disabled","lastLogin":1472483992000},{"companyId":13523,"positionName":"灰盒测试 (python/shell/java)","workYear":"1-3年","education":"本科","jobNature":"全职","financeStage":"初创型(未融资)","companyLogo":"i/image/M00/27/41/Cgp3O1cnQGKAa9AsAABVwx-D75s709.png","industryField":"文化娱乐","companyShortName":"爱迪德","city":"北京","salary":"14k-18k","positionId":2013033,"positionAdvantage":"全额五险一金/15天年假/饭/房补助","district":"朝阳区","createTime":"2016-08-29 22:51:47","companyLabelList":["技能培训","年底双薪","股票期权","带薪年假"],"approve":1,"companySize":"500-2000人","score":0,"companyFullName":"爱迪德技术（北京）有限公司","adWord":0,"formatCreateTime":"1天前发布","publisherId":4603616,"explain":null,"plus":null,"pcShow":0,"appShow":0,"deliver":0,"gradeDescription":null,"businessZones":["三元桥","麦子店","亮马桥"],"imState":"today","lastLogin":1472551205000},{"companyId":141126,"positionName":"Java","workYear":"不限","education":"本科","jobNature":"实习","financeStage":"初创型(未融资)","companyLogo":"i/image/M00/49/B3/CgqKkVeYLVqAIXhcAAANtH6ZcIM163.jpg","industryField":"硬件,企业服务","companyShortName":"汇众融英","city":"北京","salary":"3k-4k","positionId":2302347,"positionAdvantage":"免费培训,定期活动,发展前景好","district":"海淀区","createTime":"2016-08-29 22:31:35","companyLabelList":null,"approve":0,"companySize":"15-50人","score":0,"companyFullName":"西安速应网络科技有限公司","adWord":0,"formatCreateTime":"1天前发布","publisherId":5756282,"explain":null,"plus":null,"pcShow":0,"appShow":0,"deliver":0,"gradeDescription":null,"businessZones":["小营","西三旗","清河"],"imState":"today","lastLogin":1472564872000},{"companyId":13555,"positionName":"高级Java开发工程师","workYear":"5-10年","education":"本科","jobNature":"全职","financeStage":"成熟型(D轮及以上)","companyLogo":"i/image/M00/30/8C/CgqKkVdGup-AeY7IAAAaoUD-aQs743.png","industryField":"数据服务","companyShortName":"Zuora","city":"北京","salary":"25k-45k","positionId":1783452,"positionAdvantage":"股票期权、弹性工作不加班，美国出差机会多","district":"海淀区","createTime":"2016-08-29 21:06:32","companyLabelList":["绩效奖金","股票期权","年底双薪","五险一金"],"approve":1,"companySize":"150-500人","score":0,"companyFullName":"北京祖睿科技有限公司","adWord":0,"formatCreateTime":"1天前发布","publisherId":4985638,"explain":null,"plus":null,"pcShow":0,"appShow":0,"deliver":0,"gradeDescription":null,"businessZones":["五道口","学院路","北航","五道口","学院路","北航"],"imState":"today","lastLogin":1472564907000},{"companyId":108324,"positionName":"高级Java工程师","workYear":"1-3年","education":"本科","jobNature":"全职","financeStage":"上市公司","companyLogo":"i/image/M00/00/FE/Cgp3O1ZdS_WAHOJKAAAzDCQX8dM645.png","industryField":"移动互联网,金融","companyShortName":"众人公司","city":"北京","salary":"12k-18k","positionId":2067397,"positionAdvantage":"五险一金全额","district":"海淀区","createTime":"2016-08-29 20:52:20","companyLabelList":["专项奖金","股票期权","绩效奖金","带薪年假"],"approve":0,"companySize":"50-150人","score":0,"companyFullName":"北京青年众人网络安全技术有限公司","adWord":0,"formatCreateTime":"1天前发布","publisherId":3344566,"explain":null,"plus":null,"pcShow":0,"appShow":0,"deliver":0,"gradeDescription":null,"businessZones":["西北旺"],"imState":"today","lastLogin":1472564609000},{"companyId":329,"positionName":"Java开发-北京","workYear":"不限","education":"本科","jobNature":"全职","financeStage":"上市公司","companyLogo":"image1/M00/1C/DB/Cgo8PFUnbyyAOmwZAABKPABIzv8461.png","industryField":"数据服务,文化娱乐","companyShortName":"网易","city":"北京","salary":"15k-30k","positionId":2030509,"positionAdvantage":"年终奖，出国旅游，免费餐厅。。。","district":null,"createTime":"2016-08-29 20:19:42","companyLabelList":["节日礼物","技能培训","免费班车","带薪年假"],"approve":1,"companySize":"2000人以上","score":0,"companyFullName":"网之易信息技术（北京）有限公司","adWord":0,"formatCreateTime":"1天前发布","publisherId":1920957,"explain":null,"plus":null,"pcShow":0,"appShow":0,"deliver":0,"gradeDescription":null,"businessZones":null,"imState":"threeDays","lastLogin":1472436025000}]}},"code":0}