{"success":true,"requestId":null,"msg":null,"resubmitToken":null,"code":0,"content":{"pageNo":35,"pageSize":15,"positionResult":{"resultSize":15,"totalCount":12338,"locationInfo":{"queryByGisCode":false,"businessZone":null,"locationCode":null,"city":"北京","district":null},"queryAnalysisInfo":{"industryName":null,"usefulCompany":false,"positionName":"java","companyName":null},"strategyProperty":{"name":"dm-csearch-newSimScorer","id":1},"result":[{"companyId":3786,"businessZones":["大望路","华贸","红庙"],"imState":"today","lastLogin":1472549692000,"publisherId":2131445,"explain":null,"plus":null,"pcShow":0,"appShow":0,"deliver":0,"gradeDescription":null,"companyFullName":"普信恒业科技发展（北京）有限公司","formatCreateTime":"10:23发布","positionName":"Java（爬虫，数据抓取）","workYear":"3-5年","education":"本科","jobNature":"全职","companyLogo":"i/image/M00/01/C8/Cgp3O1Z3lASAVbZHAABCha8eqHY645.jpg","salary":"15k-30k","city":"北京","financeStage":"成熟型(不需要融资)","industryField":"移动互联网,金融","positionId":2085151,"approve":1,"createTime":"2016-08-30 10:23:12","positionAdvantage":"年中＆年终奖；六险一金；技术牛人；","district":"朝阳区","companyShortName":"宜信","companyLabelList":["管理规范","技能培训","扁平管理","弹性工作"],"score":0,"companySize":"2000人以上","adWord":0},{"companyId":44900,"businessZones":["长椿街","宣武门","复兴门"],"imState":"today","lastLogin":1472551205000,"publisherId":858341,"explain":null,"plus":null,"pcShow":0,"appShow":0,"deliver":0,"gradeDescription":null,"companyFullName":"上海汇招信息技术有限公司","formatCreateTime":"08:55发布","positionName":"中级JAVA开发","workYear":"3-5年","education":"大专","jobNature":"全职","companyLogo":"image1/M00/3F/C6/Cgo8PFXBoeKAers3AAAz-Yuj8kY798.png","salary":"10k-15k","city":"北京","financeStage":"成长型(A轮)","industryField":"企业服务","positionId":2280695,"approve":1,"createTime":"2016-08-30 08:55:32","positionAdvantage":"弹性工作制、超长年假、年终奖、股权激励","district":"西城区","companyShortName":"易招标","companyLabelList":["技能培训","专项奖金","带薪年假","绩效奖金"],"score":0,"companySize":"150-500人","adWord":0},{"companyId":5812,"businessZones":["西北旺"],"imState":"disabled","lastLogin":1472549667000,"publisherId":4923118,"explain":null,"plus":null,"pcShow":0,"appShow":0,"deliver":0,"gradeDescription":null,"companyFullName":"用友网络科技股份有限公司","formatCreateTime":"08:52发布","positionName":"中级Java工程师","workYear":"1-3年","education":"本科","jobNature":"全职","companyLogo":"image1/M00/00/0C/Cgo8PFTUWCCAaF4PAAAm3kBS87s438.png","salary":"9k-18k","city":"北京","financeStage":"上市公司","industryField":"企业服务,数据服务","positionId":1920914,"approve":1,"createTime":"2016-08-30 08:52:51","positionAdvantage":"五险一金 年终奖 免费班车 晋升空间","district":"海淀区","companyShortName":"用友","companyLabelList":["技能培训","节日礼物","免费班车","岗位晋升"],"score":0,"companySize":"2000人以上","adWord":0},{"companyId":136161,"businessZones":null,"imState":"disabled","lastLogin":1472483992000,"publisherId":5371034,"explain":null,"plus":null,"pcShow":0,"appShow":0,"deliver":0,"gradeDescription":null,"companyFullName":"北京君道立信科技有限公司","formatCreateTime":"1天前发布","positionName":"java","workYear":"3-5年","education":"本科","jobNature":"全职","companyLogo":"i/image/M00/3D/A2/Cgp3O1dycF-AbqYDAAGFUsv4NRI564.jpg","salary":"12k-20k","city":"北京","financeStage":"初创型(天使轮)","industryField":"数据服务,信息安全","positionId":2028789,"approve":1,"createTime":"2016-08-29 23:33:01","positionAdvantage":"初创公司高成长，合伙人来自BAT，亲任导师","district":null,"companyShortName":"君道立信","companyLabelList":["股票期权","交通补助","五险一金","BAT导师"],"score":0,"companySize":"少于15人","adWord":0},{"companyId":108324,"businessZones":["西北旺"],"imState":"today","lastLogin":1472564609000,"publisherId":3344566,"explain":null,"plus":null,"pcShow":0,"appShow":0,"deliver":0,"gradeDescription":null,"companyFullName":"北京青年众人网络安全技术有限公司","formatCreateTime":"1天前发布","positionName":"Java","workYear":"1-3年","education":"本科","jobNature":"全职","companyLogo":"i/image/M00/00/FE/Cgp3O1ZdS_WAHOJKAAAzDCQX8dM645.png","salary":"12k-18k","city":"北京","financeStage":"上市公司","industryField":"移动互联网,金融","positionId":2273186,"approve":0,"createTime":"2016-08-29 20:52:02","positionAdvantage":"五险一金","district":"海淀区","companyShortName":"众人公司","companyLabelList":["专项奖金","股票期权","绩效奖金","带薪年假"],"score":0,"companySize":"50-150人","adWord":0},{"companyId":436,"businessZones":["酒仙桥","大山子","将台路"],"imState":"disabled","lastLogin":1472543673000,"publisherId":6019177,"explain":null,"plus":null,"pcShow":0,"appShow":0,"deliver":0,"gradeDescription":null,"companyFullName":"奇虎360科技有限公司","formatCreateTime":"1天前发布","positionName":"Java","workYear":"1-3年","education":"本科","jobNature":"全职","companyLogo":"image1/M00/26/1E/Cgo8PFVUDROAf7zrAABr5cEcbGQ572.jpg","salary":"25k-50k","city":"北京","financeStage":"上市公司","industryField":"移动互联网,游戏","positionId":2302232,"approve":1,"createTime":"2016-08-29 20:17:22","positionAdvantage":"有竞争力的薪酬，团队氛围Nice","district":"朝阳区","companyShortName":"360","companyLabelList":null,"score":0,"companySize":"50-150人","adWord":0},{"companyId":35692,"businessZones":["上地","西二旗","马连洼","上地","西二旗","马连洼"],"imState":"disabled","lastLogin":1472556845000,"publisherId":3054855,"explain":null,"plus":null,"pcShow":0,"appShow":0,"deliver":0,"gradeDescription":null,"companyFullName":"北京优时尚科技有限责任公司","formatCreateTime":"1天前发布","positionName":"Java","workYear":"5-10年","education":"本科","jobNature":"全职","companyLogo":"i/image/M00/06/20/CgqKkVbMEwiANvxjAAAZImC7d5Y902.png","salary":"20k-40k","city":"北京","financeStage":"成长型(A轮)","industryField":"移动互联网,电子商务","positionId":1470673,"approve":1,"createTime":"2016-08-29 20:11:31","positionAdvantage":"年底双薪 股票期权 餐补","district":"海淀区","companyShortName":"购搭APP","companyLabelList":["年底双薪","股票期权","带薪年假","绩效奖金"],"score":0,"companySize":"50-150人","adWord":0},{"companyId":41823,"businessZones":["小营","对外经贸","芍药居"],"imState":"today","lastLogin":1472559591000,"publisherId":1612829,"explain":null,"plus":null,"pcShow":0,"appShow":0,"deliver":0,"gradeDescription":null,"companyFullName":"天津五八到家生活服务有限公司","formatCreateTime":"1天前发布","positionName":"Java架构师","workYear":"5-10年","education":"本科","jobNature":"全职","companyLogo":"i/image/M00/01/CC/Cgp3O1Z3ydqAGMD9AAAZzkx2ztQ555.png","salary":"20k-35k","city":"北京","financeStage":"成长型(A轮)","industryField":"O2O,生活服务","positionId":606043,"approve":1,"createTime":"2016-08-29 19:59:16","positionAdvantage":"58同城创业项目、六险一金、年终多薪等","district":"朝阳区","companyShortName":"58到家","companyLabelList":["节日礼物","技能培训","股票期权","免费班车"],"score":0,"companySize":"2000人以上","adWord":0},{"companyId":329,"businessZones":null,"imState":"today","lastLogin":1472520982000,"publisherId":628866,"explain":null,"plus":null,"pcShow":0,"appShow":0,"deliver":0,"gradeDescription":null,"companyFullName":"网之易信息技术（北京）有限公司","formatCreateTime":"1天前发布","positionName":"高级java开发工程师(游戏后台)","workYear":"1-3年","education":"硕士","jobNature":"全职","companyLogo":"image1/M00/1C/DB/Cgo8PFUnbyyAOmwZAABKPABIzv8461.png","salary":"20k-30k","city":"北京","financeStage":"上市公司","industryField":"数据服务,文化娱乐","positionId":2302183,"approve":1,"createTime":"2016-08-29 19:44:32","positionAdvantage":"14薪，季度奖，年终奖，免费中晚餐，健身房","district":null,"companyShortName":"网易","companyLabelList":["节日礼物","技能培训","免费班车","带薪年假"],"score":0,"companySize":"2000人以上","adWord":0},{"companyId":21225,"businessZones":["西二旗","龙泽","回龙观"],"imState":"sevenDays","lastLogin":1472130034000,"publisherId":2027478,"explain":null,"plus":null,"pcShow":0,"appShow":0,"deliver":0,"gradeDescription":null,"companyFullName":"北京和创未来网络科技有限公司","formatCreateTime":"1天前发布","positionName":"高级java开发工程师","workYear":"3-5年","education":"本科","jobNature":"全职","companyLogo":"i/image/M00/4F/6E/CgqKkVexHGiABRLuAABQCQREqzs631.png","salary":"20k-30k","city":"北京","financeStage":"成长型(B轮)","industryField":"电子商务,金融","positionId":2162724,"approve":1,"createTime":"2016-08-29 19:36:27","positionAdvantage":"交通便利、氛围轻松、美女如云","district":"海淀区","companyShortName":"和创金服","companyLabelList":["技能培训","节日礼物","带薪年假","绩效奖金"],"score":0,"companySize":"500-2000人","adWord":0},{"companyId":19421,"businessZones":["中关村","人民大学","苏州桥"],"imState":"disabled","lastLogin":1472553629000,"publisherId":2780243,"explain":null,"plus":null,"pcShow":0,"appShow":0,"deliver":0,"gradeDescription":null,"companyFullName":"北京知果科技有限公司","formatCreateTime":"1天前发布","positionName":"高级Java工程师","workYear":"3-5年","education":"大专","jobNature":"全职","companyLogo":"image2/M00/03/45/CgpzWlXtmEuANWMsAAIZKlf5iu4981.jpg","salary":"15k-25k","city":"北京","financeStage":"成长型(A轮)","industryField":"电子商务,企业服务","positionId":1152566,"approve":1,"createTime":"2016-08-29 18:59:26","positionAdvantage":"创业团队 扁平管理 无限空间 期权激励","district":"海淀区","companyShortName":"知果果网","companyLabelList":["股票期权","带薪年假","弹性工作","节日礼物"],"score":0,"companySize":"150-500人","adWord":0},{"companyId":116752,"businessZones":["上地","马连洼","西二旗"],"imState":"today","lastLogin":1472559870000,"publisherId":4173906,"explain":null,"plus":null,"pcShow":0,"appShow":0,"deliver":0,"gradeDescription":null,"companyFullName":"星河互联集团有限公司","formatCreateTime":"1天前发布","positionName":"Java技术经理","workYear":"5-10年","education":"大专","jobNature":"全职","companyLogo":"i/image/M00/09/C8/Cgp3O1bTov-AIGwwAAATKENfN88196.jpg","salary":"15k-30k","city":"北京","financeStage":"成长型(不需要融资)","industryField":"电子商务,移动互联网","positionId":2302031,"approve":0,"createTime":"2016-08-29 18:58:18","positionAdvantage":"良好的职位晋升机会，丰厚的薪资待遇","district":"海淀区","companyShortName":"星河互联集团","companyLabelList":["年底双薪","交通补助","午餐补助","通讯津贴"],"score":0,"companySize":"150-500人","adWord":0},{"companyId":111506,"businessZones":["北太平庄","牡丹园","健翔桥"],"imState":"today","lastLogin":1472551931000,"publisherId":3651795,"explain":null,"plus":null,"pcShow":0,"appShow":0,"deliver":0,"gradeDescription":null,"companyFullName":"北京球友圈网络科技有限责任公司","formatCreateTime":"1天前发布","positionName":"Java开发工程师","workYear":"1-3年","education":"大专","jobNature":"全职","companyLogo":"i/image/M00/02/1C/CgqKkVaCVsWAMIbOAABT_pR0iZk642.png","salary":"10k-20k","city":"北京","financeStage":"成长型(A轮)","industryField":"移动互联网,O2O","positionId":2048338,"approve":0,"createTime":"2016-08-29 18:56:59","positionAdvantage":"五险一金 员工旅游 绩效奖金 节假日福利","district":"海淀区","companyShortName":"北京球友圈","companyLabelList":null,"score":0,"companySize":"150-500人","adWord":0},{"companyId":73184,"businessZones":null,"imState":"today","lastLogin":1472528480000,"publisherId":1834348,"explain":null,"plus":null,"pcShow":0,"appShow":0,"deliver":0,"gradeDescription":null,"companyFullName":"企家有道网络技术（北京）有限公司","formatCreateTime":"1天前发布","positionName":"Java工程师","workYear":"1-3年","education":"本科","jobNature":"全职","companyLogo":"i/image/M00/3C/B6/CgqKkVdwpHmAFwevAABDs65h4-g872.jpg","salary":"10k-20k","city":"北京","financeStage":"成长型(A轮)","industryField":"企业服务","positionId":2293575,"approve":1,"createTime":"2016-08-29 18:56:54","positionAdvantage":"技术导向，高水平团队，氛围好，待遇赞~","district":null,"companyShortName":"薪人薪事","companyLabelList":["股票期权","扁平管理","弹性工作","五险一金"],"score":0,"companySize":"50-150人","adWord":0},{"companyId":138889,"businessZones":null,"imState":"disabled","lastLogin":1472551077000,"publisherId":5554422,"explain":null,"plus":null,"pcShow":0,"appShow":0,"deliver":0,"gradeDescription":null,"companyFullName":"新华优购(北京)电子商务有限公司","formatCreateTime":"1天前发布","positionName":"Java","workYear":"3-5年","education":"大专","jobNature":"全职","companyLogo":"i/image/M00/50/23/Cgp3O1ey9eOAO0CfAAAXhNEjps8532.jpg","salary":"10k-20k","city":"北京","financeStage":"初创型(未融资)","industryField":"电子商务,O2O","positionId":2302021,"approve":0,"createTime":"2016-08-29 18:55:31","positionAdvantage":"五险一金,上升空间大","district":"朝阳区","companyShortName":"新华优购","companyLabelList":null,"score":0,"companySize":"150-500人","adWord":0}]}}}