{"success":true,"requestId":null,"msg":null,"resubmitToken":null,"content":{"pageNo":69,"pageSize":15,"positionResult":{"resultSize":15,"totalCount":12338,"locationInfo":{"city":"北京","district":null,"queryByGisCode":false,"locationCode":null,"businessZone":null},"queryAnalysisInfo":{"positionName":"java","companyName":null,"usefulCompany":false,"industryName":null},"strategyProperty":{"name":"dm-csearch-newSimScorer","id":1},"result":[{"createTime":"2016-08-29 09:00:29","formatCreateTime":"1天前发布","companyId":11521,"positionName":"高级Java工程师","workYear":"3-5年","education":"本科","jobNature":"全职","companyShortName":"微智全景","city":"北京","salary":"15k-25k","financeStage":"成长型(B轮)","positionId":623819,"companyLogo":"i/image/M00/02/E6/CgqKkVagWoiAbGDzAHoY-kLxa5s648.png","positionAdvantage":"五险一金、餐补、股票期权、带薪年假","approve":1,"district":"朝阳区","score":0,"companyLabelList":["技能培训","带薪年假","绩效奖金","岗位晋升"],"industryField":"移动互联网 ,O2O","companySize":"150-500人","imState":"today","lastLogin":1472535118000,"publisherId":828483,"explain":null,"plus":null,"pcShow":0,"appShow":0,"deliver":0,"gradeDescription":null,"businessZones":["望京","大山子","花家地"],"companyFullName":"北京微智全景信息技术有限公司","adWord":0},{"createTime":"2016-08-29 08:29:18","formatCreateTime":"1天前发布","companyId":131808,"positionName":"Java","workYear":"3-5年","education":"大专","jobNature":"全职","companyShortName":"成鑫盈通","city":"北京","salary":"10k-20k","financeStage":"成长型(不需要融资)","positionId":2296974,"companyLogo":"i/image/M00/30/BD/Cgp3O1dHppSAT_wnAAActvi3taA364.png","positionAdvantage":"五险一金，年终奖，节假日福利，加班补助等","approve":0,"district":null,"score":0,"companyLabelList":["年底双薪","带薪年假","午餐补助","节日礼物"],"industryField":"企业服务,电子商务","companySize":"150-500人","imState":"today","lastLogin":1472536501000,"publisherId":5934367,"explain":null,"plus":null,"pcShow":0,"appShow":0,"deliver":0,"gradeDescription":null,"businessZones":null,"companyFullName":"北京成鑫盈通科技有限公司","adWord":0},{"createTime":"2016-08-28 23:15:38","formatCreateTime":"2天前发布","companyId":4836,"positionName":"Java开发工程师","workYear":"3-5年","education":"大专","jobNature":"全职","companyShortName":"京东商城","city":"北京","salary":"15k-25k","financeStage":"上市公司","positionId":2257483,"companyLogo":"image2/M00/07/C8/CgpzWlYAsfGATpk7AAAJkGWG2kk774.png?cc=0.19381895544938743","positionAdvantage":"电商核心系统","approve":1,"district":"大兴区","score":0,"companyLabelList":["技能培训","年底双薪","节日礼物","绩效奖金"],"industryField":"电子商务","companySize":"2000人以上","imState":"disabled","lastLogin":1472543897000,"publisherId":1593535,"explain":null,"plus":null,"pcShow":0,"appShow":0,"deliver":0,"gradeDescription":null,"businessZones":null,"companyFullName":"北京京东尚科信息技术有限公司","adWord":0},{"createTime":"2016-08-28 22:09:52","formatCreateTime":"2天前发布","companyId":114110,"positionName":"高级Java开发工程师","workYear":"5-10年","education":"本科","jobNature":"全职","companyShortName":"乐视","city":"北京","salary":"25k-35k","financeStage":"上市公司","positionId":1659692,"companyLogo":"i/image/M00/04/2B/Cgp3O1bGwzWAEAB4AAAbnMQCudk783.jpg","positionAdvantage":"全员持股、绩效奖金、公司班车","approve":1,"district":"朝阳区","score":0,"companyLabelList":["股票期权","交通补助","通讯津贴","带薪年假"],"industryField":"移动互联网","companySize":"2000人以上","imState":"today","lastLogin":1472564223000,"publisherId":130627,"explain":null,"plus":null,"pcShow":0,"appShow":0,"deliver":0,"gradeDescription":null,"businessZones":["石佛营","姚家园","十里堡"],"companyFullName":"乐视网信息技术（北京）股份有限公司","adWord":0},{"createTime":"2016-08-28 14:59:07","formatCreateTime":"2天前发布","companyId":35422,"positionName":"Java高级开发工程师","workYear":"3-5年","education":"本科","jobNature":"全职","companyShortName":"京东","city":"北京","salary":"15k-30k","financeStage":"上市公司","positionId":2296624,"companyLogo":"i/image/M00/08/D2/Cgp3O1bRFcSAHMtPAAAelCJqdO8411.png","positionAdvantage":"大平台 有潜力 软妹子多 福利好 弹性工作","approve":0,"district":null,"score":0,"companyLabelList":["年底双薪","节日礼物","技能培训","岗位晋升"],"industryField":"电子商务","companySize":"2000人以上","imState":"today","lastLogin":1472570555000,"publisherId":2700736,"explain":null,"plus":null,"pcShow":0,"appShow":0,"deliver":0,"gradeDescription":null,"businessZones":null,"companyFullName":"京东商城","adWord":0},{"createTime":"2016-08-28 14:22:51","formatCreateTime":"2天前发布","companyId":123777,"positionName":"Java开发（中高级）","workYear":"3-5年","education":"大专","jobNature":"全职","companyShortName":"通力互联","city":"北京","salary":"10k-15k","financeStage":"成熟型(不需要融资)","positionId":1967636,"companyLogo":"i/image/M00/2E/03/CgqKkVc9jmCAI8DpAAD09YLPnBk157.png","positionAdvantage":"大型互联网平台","approve":0,"district":null,"score":0,"companyLabelList":["绩效奖金","交通补助","定期体检","通讯津贴"],"industryField":"电子商务,企业服务","companySize":"2000人以上","imState":"disabled","lastLogin":1472371761000,"publisherId":5348722,"explain":null,"plus":null,"pcShow":0,"appShow":0,"deliver":0,"gradeDescription":null,"businessZones":null,"companyFullName":"北京通力互联技术服务有限公司","adWord":0},{"createTime":"2016-08-28 12:41:44","formatCreateTime":"2天前发布","companyId":89802,"positionName":"Java","workYear":"3-5年","education":"不限","jobNature":"全职","companyShortName":"舞蹈圈","city":"北京","salary":"10k-20k","financeStage":"成长型(A轮)","positionId":2087971,"companyLogo":"i/image/M00/02/37/CgqKkVaH3kuASkeKAABNlqQvFfo853.png","positionAdvantage":"产业前景光明，工作氛围良好，股权激励","approve":1,"district":"海淀区","score":0,"companyLabelList":["节日礼物","活动多","帅哥多","会跳舞的团队"],"industryField":"移动互联网,文化娱乐","companySize":"15-50人","imState":"today","lastLogin":1472551914000,"publisherId":2318226,"explain":null,"plus":null,"pcShow":0,"appShow":0,"deliver":0,"gradeDescription":null,"businessZones":["大钟寺","皂君庙","蓟门桥"],"companyFullName":"舞吧信息科技有限公司","adWord":0},{"createTime":"2016-08-28 11:34:47","formatCreateTime":"2天前发布","companyId":7641,"positionName":"Java开发工程师","workYear":"3-5年","education":"大专","jobNature":"全职","companyShortName":"科码先锋","city":"北京","salary":"13k-25k","financeStage":"成长型(不需要融资)","positionId":1144862,"companyLogo":"image1/M00/00/10/Cgo8PFTUWC2AF2LkAACsG2Llylo894.jpg","positionAdvantage":"13薪 年终奖 交通补 带薪年假 定期体检","approve":1,"district":"朝阳区","score":0,"companyLabelList":["年底双薪","技能培训","绩效奖金","年度旅游"],"industryField":"电子商务","companySize":"150-500人","imState":"today","lastLogin":1472554158000,"publisherId":2753721,"explain":null,"plus":null,"pcShow":0,"appShow":0,"deliver":0,"gradeDescription":null,"businessZones":["小关","安慧桥","安贞"],"companyFullName":"北京科码先锋软件技术有限公司","adWord":0},{"createTime":"2016-08-28 11:28:37","formatCreateTime":"2天前发布","companyId":50702,"positionName":"高级Java","workYear":"3-5年","education":"本科","jobNature":"全职","companyShortName":"美团点评","city":"北京","salary":"15k-30k","financeStage":"成熟型(D轮及以上)","positionId":2296488,"companyLogo":"i/image/M00/4B/6C/CgqKkVefHv-AFoRzAAAuALF7ZZ0419.png","positionAdvantage":"核心部门，平台大，待遇优，发展空间大","approve":1,"district":"朝阳区","score":0,"companyLabelList":["技能培训","绩效奖金","岗位晋升","领导好"],"industryField":"移动互联网,O2O","companySize":"2000人以上","imState":"today","lastLogin":1472555393000,"publisherId":1504547,"explain":null,"plus":null,"pcShow":0,"appShow":0,"deliver":0,"gradeDescription":null,"businessZones":["望京","来广营"],"companyFullName":"北京三快在线科技有限公司","adWord":0},{"createTime":"2016-08-28 09:20:10","formatCreateTime":"2天前发布","companyId":125219,"positionName":"Java软件开发工程师","workYear":"3-5年","education":"本科","jobNature":"全职","companyShortName":"微宝网络","city":"北京","salary":"10k-15k","financeStage":"成长型(不需要融资)","positionId":1738162,"companyLogo":"i/image/M00/23/49/Cgp3O1cXI52AGZ2XAA2ymYH--TA070.png","positionAdvantage":"五险一金 饭补 节日福利 完善的晋升体系","approve":0,"district":"海淀区","score":0,"companyLabelList":["午餐补助","通讯津贴","弹性工作","扁平管理"],"industryField":"移动互联网","companySize":"50-150人","imState":"today","lastLogin":1472551615000,"publisherId":4821836,"explain":null,"plus":null,"pcShow":0,"appShow":0,"deliver":0,"gradeDescription":null,"businessZones":["上地","马连洼","西二旗"],"companyFullName":"北京微宝网络科技有限公司","adWord":0},{"createTime":"2016-08-27 21:05:31","formatCreateTime":"3天前发布","companyId":107423,"positionName":"Java","workYear":"3-5年","education":"本科","jobNature":"全职","companyShortName":"瓜子二手车直卖网","city":"北京","salary":"15k-30k","financeStage":"成长型(A轮)","positionId":2017056,"companyLogo":"i/image/M00/0B/AE/Cgp3O1bWYyOAQo96AAC1TQO-4Cg541.jpg","positionAdvantage":"技术牛人多 团队氛围佳 待遇丰厚 成长迅速","approve":0,"district":null,"score":0,"companyLabelList":["带薪年假","弹性工作","免费班车","美女多"],"industryField":"O2O","companySize":"2000人以上","imState":"disabled","lastLogin":1472175392000,"publisherId":4238756,"explain":null,"plus":null,"pcShow":0,"appShow":0,"deliver":0,"gradeDescription":null,"businessZones":null,"companyFullName":"车好多旧机动车经纪(北京)有限公司","adWord":0},{"createTime":"2016-08-27 19:59:57","formatCreateTime":"3天前发布","companyId":5832,"positionName":"通讯系统（高级）研发工程师（java）","workYear":"1-3年","education":"本科","jobNature":"全职","companyShortName":"新浪微博","city":"北京","salary":"18k-30k","financeStage":"上市公司","positionId":885104,"companyLogo":"image1/M00/00/0D/CgYXBlTUWCCAdkhOAABNgyvZQag818.jpg","positionAdvantage":"核心部门 微博","approve":0,"district":"海淀区","score":0,"companyLabelList":["年底双薪","专项奖金","股票期权","五险一金"],"industryField":"移动互联网","companySize":"2000人以上","imState":"disabled","lastLogin":1472437731000,"publisherId":12974,"explain":null,"plus":null,"pcShow":0,"appShow":0,"deliver":0,"gradeDescription":null,"businessZones":["北京大学","中关村","苏州街"],"companyFullName":"微梦创科网络科技（中国）有限公司","adWord":0},{"createTime":"2016-08-27 19:35:25","formatCreateTime":"3天前发布","companyId":1575,"positionName":"Java","workYear":"3-5年","education":"本科","jobNature":"全职","companyShortName":"百度","city":"北京","salary":"20k-30k","financeStage":"上市公司","positionId":2296269,"companyLogo":"image1/M00/00/06/CgYXBlTUWAWAOBXrAABGHHFb0q8748.jpg","positionAdvantage":"百度所有福利","approve":1,"district":"海淀区","score":0,"companyLabelList":["股票期权","弹性工作","五险一金","免费班车"],"industryField":"移动互联网,数据服务","companySize":"2000人以上","imState":"today","lastLogin":1472554249000,"publisherId":6006478,"explain":null,"plus":null,"pcShow":0,"appShow":0,"deliver":0,"gradeDescription":null,"businessZones":["西北旺","马连洼","上地"],"companyFullName":"百度在线网络技术（北京）有限公司","adWord":0},{"createTime":"2016-08-27 15:31:48","formatCreateTime":"3天前发布","companyId":13913,"positionName":"Java开发","workYear":"3-5年","education":"本科","jobNature":"全职","companyShortName":"新致","city":"北京","salary":"8k-15k","financeStage":"成熟型(不需要融资)","positionId":2018697,"companyLogo":"image1/M00/00/1B/CgYXBlTUWFmAOcKoAAA8iUlfVRE487.jpg","positionAdvantage":"六险一金，餐费补助，带薪年假，员工旅游","approve":1,"district":"朝阳区","score":0,"companyLabelList":["五险一金","年度旅游","岗位晋升","补充商业保险"],"industryField":"移动互联网,金融","companySize":"2000人以上","imState":"today","lastLogin":1472542587000,"publisherId":1706551,"explain":null,"plus":null,"pcShow":0,"appShow":0,"deliver":0,"gradeDescription":null,"businessZones":["建外大街","国贸","CBD"],"companyFullName":"北京新致君阳信息技术有限公司","adWord":0},{"createTime":"2016-08-27 15:15:36","formatCreateTime":"3天前发布","companyId":40825,"positionName":"高级Java工程师","workYear":"3-5年","education":"大专","jobNature":"全职","companyShortName":"秒付","city":"北京","salary":"15k-20k","financeStage":"成长型(A轮)","positionId":2088382,"companyLogo":"i/image/M00/27/7F/CgqKkVcoOa2Aftk1AACaZgjEdFc675.jpg","positionAdvantage":"第三方支付 互联网金融 移动支付 奖金丰厚","approve":0,"district":"朝阳区","score":0,"companyLabelList":["技能培训","节日礼物","年底双薪","带薪年假"],"industryField":"移动互联网,金融","companySize":"15-50人","imState":"disabled","lastLogin":1472281394000,"publisherId":4973183,"explain":null,"plus":null,"pcShow":0,"appShow":0,"deliver":0,"gradeDescription":null,"businessZones":["建外大街","国贸","CBD"],"companyFullName":"北京秒付科技有限公司","adWord":0}]}},"code":0}