{"success":true,"requestId":null,"resubmitToken":null,"msg":null,"content":{"pageNo":26,"pageSize":15,"positionResult":{"resultSize":15,"totalCount":12338,"locationInfo":{"businessZone":null,"queryByGisCode":false,"locationCode":null,"city":"北京","district":null},"queryAnalysisInfo":{"industryName":null,"usefulCompany":false,"positionName":"java","companyName":null},"strategyProperty":{"name":"dm-csearch-newSimScorer","id":1},"result":[{"formatCreateTime":"10:38发布","createTime":"2016-08-30 10:38:53","companyId":43016,"positionName":"高级研发工程师（Java）","education":"本科","city":"北京","positionId":1913905,"financeStage":"成熟型(C轮)","companyShortName":"美菜网","companyLogo":"image2/M00/04/92/CgpzWlXySBqAQsm0AACqIAvx5NQ164.png","salary":"18k-35k","industryField":"电子商务,O2O","district":"海淀区","companyLabelList":["技能培训","节日礼物","绩效奖金","岗位晋升"],"positionAdvantage":"生鲜龙头 给自己一个站在风口的机会","jobNature":"全职","workYear":"5-10年","approve":1,"score":0,"companySize":"2000人以上","businessZones":["双安","中关村","双榆树"],"imState":"disabled","lastLogin":1472524690000,"publisherId":3193182,"explain":null,"plus":null,"pcShow":0,"appShow":0,"deliver":0,"gradeDescription":null,"companyFullName":"北京云杉世界信息技术有限公司","adWord":0},{"formatCreateTime":"10:28发布","createTime":"2016-08-30 10:28:38","companyId":8103,"positionName":"Java","education":"本科","city":"北京","positionId":1409719,"financeStage":"上市公司","companyShortName":"汽车之家","companyLogo":"i/image/M00/01/80/CgqKkVZuPraAN3O6AACFeBgN7dY620.jpg","salary":"15k-25k","industryField":"移动互联网,文化娱乐","district":"海淀区","companyLabelList":["技能培训","节日礼物","带薪年假","绩效奖金"],"positionAdvantage":"福利待遇好 零食水果饮料不限","jobNature":"全职","workYear":"3-5年","approve":1,"score":0,"companySize":"2000人以上","businessZones":["中关村","苏州街","苏州桥"],"imState":"today","lastLogin":1472551384000,"publisherId":3719299,"explain":null,"plus":null,"pcShow":0,"appShow":0,"deliver":0,"gradeDescription":null,"companyFullName":"北京车之家信息技术有限公司","adWord":0},{"formatCreateTime":"10:25发布","createTime":"2016-08-30 10:25:50","companyId":701,"positionName":"技术经理(JAVA)","education":"本科","city":"北京","positionId":2184050,"financeStage":"上市公司","companyShortName":"亿玛在线-互联网营销领航者","companyLogo":"image1/M00/00/04/Cgo8PFTUV_2APkHsAAATfxnET1o764.gif","salary":"30k-40k","industryField":"移动互联网,电子商务","district":"朝阳区","companyLabelList":["技能培训","绩效奖金","年度旅游","岗位晋升"],"positionAdvantage":"上市、自有大厦、赢利业务、业务全国前三","jobNature":"全职","workYear":"5-10年","approve":1,"score":0,"companySize":"500-2000人","businessZones":["双桥","管庄","定福庄"],"imState":"today","lastLogin":1472545532000,"publisherId":1692560,"explain":null,"plus":null,"pcShow":0,"appShow":0,"deliver":0,"gradeDescription":null,"companyFullName":"北京亿玛在线科技有限公司","adWord":0},{"formatCreateTime":"10:23发布","createTime":"2016-08-30 10:23:16","companyId":3786,"positionName":"Java开发工程师","education":"本科","city":"北京","positionId":1944106,"financeStage":"成熟型(不需要融资)","companyShortName":"宜信","companyLogo":"i/image/M00/01/C8/Cgp3O1Z3lASAVbZHAABCha8eqHY645.jpg","salary":"12k-20k","industryField":"移动互联网,金融","district":null,"companyLabelList":["管理规范","技能培训","扁平管理","弹性工作"],"positionAdvantage":"六险一金","jobNature":"全职","workYear":"3-5年","approve":1,"score":0,"companySize":"2000人以上","businessZones":null,"imState":"overSevenDays","lastLogin":1469520091000,"publisherId":4566548,"explain":null,"plus":null,"pcShow":0,"appShow":0,"deliver":0,"gradeDescription":null,"companyFullName":"普信恒业科技发展（北京）有限公司","adWord":0},{"formatCreateTime":"10:19发布","createTime":"2016-08-30 10:19:25","companyId":27807,"positionName":"Java架构师","education":"本科","city":"北京","positionId":2303512,"financeStage":"上市公司","companyShortName":"现在支付","companyLogo":"i/image/M00/00/39/Cgp3O1Y22lqAJepFAAALqEid7nA129.jpg","salary":"20k-40k","industryField":"移动互联网","district":"西城区","companyLabelList":["五险一金","岗位晋升","美女多","领导好"],"positionAdvantage":"五险一金+补充医疗、带薪年假、年度旅游","jobNature":"全职","workYear":"3-5年","approve":1,"score":0,"companySize":"150-500人","businessZones":["西直门","新街口","动物园"],"imState":"today","lastLogin":1472520729000,"publisherId":4920958,"explain":null,"plus":null,"pcShow":0,"appShow":0,"deliver":0,"gradeDescription":null,"companyFullName":"现在（北京）支付股份有限公司","adWord":0},{"formatCreateTime":"10:18发布","createTime":"2016-08-30 10:18:18","companyId":81232,"positionName":"Java开发工程师","education":"大专","city":"北京","positionId":1208667,"financeStage":"成长型(A轮)","companyShortName":"车倍爽","companyLogo":"image1/M00/40/FD/CgYXBlXG7JCAaRhxAACDr9hh4eE887.jpg","salary":"17k-25k","industryField":"移动互联网,O2O","district":"朝阳区","companyLabelList":["专项奖金","股票期权","岗位晋升","扁平管理"],"positionAdvantage":"技术导向 成长空间 氛围好 免费旅游","jobNature":"全职","workYear":"3-5年","approve":1,"score":0,"companySize":"15-50人","businessZones":["高碑店","十里堡","甘露园"],"imState":"today","lastLogin":1472553662000,"publisherId":2064714,"explain":null,"plus":null,"pcShow":0,"appShow":0,"deliver":0,"gradeDescription":null,"companyFullName":"北京建服易车科技有限公司","adWord":0},{"formatCreateTime":"10:14发布","createTime":"2016-08-30 10:14:32","companyId":72439,"positionName":"Java服务器","education":"大专","city":"北京","positionId":2273658,"financeStage":"成长型(不需要融资)","companyShortName":"拓天速贷","companyLogo":"image1/M00/36/37/CgYXBlWd5PKAHbfCAAAZDkvYvo4527.png","salary":"15k-30k","industryField":"金融","district":"丰台区","companyLabelList":["节日礼物","专项奖金","带薪年假","绩效奖金"],"positionAdvantage":"环境良好","jobNature":"全职","workYear":"1-3年","approve":1,"score":0,"companySize":"150-500人","businessZones":["嘉园","马家堡","角门"],"imState":"today","lastLogin":1472523207000,"publisherId":2278100,"explain":null,"plus":null,"pcShow":0,"appShow":0,"deliver":0,"gradeDescription":null,"companyFullName":"拓天伟业（北京）金融信息服务有限公司","adWord":0},{"formatCreateTime":"10:14发布","createTime":"2016-08-30 10:14:29","companyId":11317,"positionName":"中级Java开发","education":"本科","city":"北京","positionId":1699492,"financeStage":"成熟型(不需要融资)","companyShortName":"恒昌利通","companyLogo":"image1/M00/3E/18/Cgo8PFW6zMuAUtu4AAA02B-6fVE006.png","salary":"12k-20k","industryField":"金融","district":"朝阳区","companyLabelList":["技能培训","年底双薪","带薪年假","绩效奖金"],"positionAdvantage":"五险一金、1.5h午休、年终奖","jobNature":"全职","workYear":"3-5年","approve":1,"score":0,"companySize":"2000人以上","businessZones":["建外大街","CBD","国贸"],"imState":"today","lastLogin":1472535396000,"publisherId":3462436,"explain":null,"plus":null,"pcShow":0,"appShow":0,"deliver":0,"gradeDescription":null,"companyFullName":"北京恒昌利通投资管理有限公司","adWord":0},{"formatCreateTime":"10:14发布","createTime":"2016-08-30 10:14:13","companyId":5142,"positionName":"高级java工程师","education":"本科","city":"北京","positionId":1974227,"financeStage":"上市公司","companyShortName":"人人网","companyLogo":"image1/M00/1E/39/CgYXBlUtyiKALAAwAABj34GbTu8848.jpg","salary":"12k-24k","industryField":"社交网络,金融","district":"朝阳区","companyLabelList":["五险一金","通讯津贴","带薪年假","绩效奖金"],"positionAdvantage":"上市公司，六险一金，弹性工作制，发展空间","jobNature":"全职","workYear":"3-5年","approve":0,"score":0,"companySize":"2000人以上","businessZones":["酒仙桥","大山子","将台路"],"imState":"disabled","lastLogin":1472535579000,"publisherId":1468677,"explain":null,"plus":null,"pcShow":0,"appShow":0,"deliver":0,"gradeDescription":null,"companyFullName":"人人公司","adWord":0},{"formatCreateTime":"10:13发布","createTime":"2016-08-30 10:13:39","companyId":114781,"positionName":"Java","education":"本科","city":"北京","positionId":1899859,"financeStage":"成长型(B轮)","companyShortName":"新浪法院频道","companyLogo":"i/image/M00/03/E2/Cgp3O1bELW6AI9I5AAARwBpBNaM326.png","salary":"18k-25k","industryField":"移动互联网","district":"海淀区","companyLabelList":["午餐补助","交通补助","带薪年假","年底双薪"],"positionAdvantage":"优秀员工奖、员工旅游、团队建设等","jobNature":"全职","workYear":"3-5年","approve":0,"score":0,"companySize":"150-500人","businessZones":["知春路","双榆树","大钟寺"],"imState":"disabled","lastLogin":1472543267000,"publisherId":3807290,"explain":null,"plus":null,"pcShow":0,"appShow":0,"deliver":0,"gradeDescription":null,"companyFullName":"北京新视云网络科技有限公司","adWord":0},{"formatCreateTime":"10:11发布","createTime":"2016-08-30 10:11:19","companyId":51136,"positionName":"Java","education":"本科","city":"北京","positionId":1873118,"financeStage":"成长型(不需要融资)","companyShortName":"高新汇智","companyLogo":"image1/M00/00/86/Cgo8PFTUXe2AAJJKAABs4j5Q7yo383.jpg","salary":"20k-35k","industryField":"企业服务,O2O","district":"朝阳区","companyLabelList":["技能培训","节日礼物","绩效奖金","岗位晋升"],"positionAdvantage":"行业龙头企业 高薪高福利","jobNature":"全职","workYear":"3-5年","approve":0,"score":0,"companySize":"150-500人","businessZones":["大望路","华贸","红庙"],"imState":"disabled","lastLogin":1472522226000,"publisherId":1493892,"explain":null,"plus":null,"pcShow":0,"appShow":0,"deliver":0,"gradeDescription":null,"companyFullName":"武汉高新汇智企业管理咨询有限公司","adWord":0},{"formatCreateTime":"10:10发布","createTime":"2016-08-30 10:10:37","companyId":93602,"positionName":"Java开发工程师","education":"本科","city":"北京","positionId":2077751,"financeStage":"成熟型(D轮及以上)","companyShortName":"华典担保","companyLogo":"i/image/M00/01/18/CgqKkVZf0DGAWpnaAAASbNPc97M196.png","salary":"15k-30k","industryField":"金融","district":null,"companyLabelList":["绩效奖金","年度旅游","全勤奖","五险一金"],"positionAdvantage":"五险一金、节日福利、工作环境好","jobNature":"全职","workYear":"5-10年","approve":1,"score":0,"companySize":"50-150人","businessZones":null,"imState":"today","lastLogin":1472546258000,"publisherId":3133607,"explain":null,"plus":null,"pcShow":0,"appShow":0,"deliver":0,"gradeDescription":null,"companyFullName":"北京华典正通担保投资有限公司","adWord":0},{"formatCreateTime":"10:10发布","createTime":"2016-08-30 10:10:00","companyId":19725,"positionName":"Java开发工程师","education":"大专","city":"北京","positionId":2182196,"financeStage":"成长型(不需要融资)","companyShortName":"北京中百信软件技术有限公司","companyLogo":"image1/M00/00/24/Cgo8PFTUWH6Aa9I0AABx46YmBHk349.png","salary":"7k-13k","industryField":"移动互联网,电子商务","district":null,"companyLabelList":["技能培训","智能弱电","岗位晋升","年度旅游"],"positionAdvantage":"五险一金、项目奖金、年终奖金、体检旅游等","jobNature":"全职","workYear":"3-5年","approve":1,"score":0,"companySize":"150-500人","businessZones":null,"imState":"disabled","lastLogin":1472522958000,"publisherId":1576890,"explain":null,"plus":null,"pcShow":0,"appShow":0,"deliver":0,"gradeDescription":null,"companyFullName":"北京中百信软件技术有限公司","adWord":0},{"formatCreateTime":"10:09发布","createTime":"2016-08-30 10:09:53","companyId":131659,"positionName":"高级Java开发工程师","education":"本科","city":"北京","positionId":2303398,"financeStage":"初创型(未融资)","companyShortName":"新中新集团","companyLogo":"i/image/M00/31/AA/Cgp3O1dL61iAd9srAAAgRAfzdzU506.jpg","salary":"15k-25k","industryField":"移动互联网,企业服务","district":null,"companyLabelList":null,"positionAdvantage":"云平台，领导是大牛，薪资待遇高","jobNature":"全职","workYear":"3-5年","approve":0,"score":0,"companySize":"500-2000人","businessZones":null,"imState":"today","lastLogin":1472522836000,"publisherId":5178639,"explain":null,"plus":null,"pcShow":0,"appShow":0,"deliver":0,"gradeDescription":null,"companyFullName":"哈尔滨新中新电子股份有限公司","adWord":0},{"formatCreateTime":"10:09发布","createTime":"2016-08-30 10:09:47","companyId":3954,"positionName":"JAVA高级开发工程师","education":"本科","city":"北京","positionId":242554,"financeStage":"成熟型(C轮)","companyShortName":"杏树林","companyLogo":"image1/M00/00/0A/Cgo8PFTUWBWAX1ArAAANIkxTsRU046.png","salary":"15k-30k","industryField":"移动互联网,医疗健康","district":"东城区","companyLabelList":["A类人才","股票期权","带薪年假","年度旅游"],"positionAdvantage":"移动医疗、期权、高素质团队、","jobNature":"全职","workYear":"5-10年","approve":1,"score":0,"companySize":"150-500人","businessZones":["广渠门","花市","光明楼"],"imState":"today","lastLogin":1472552438000,"publisherId":38272,"explain":null,"plus":null,"pcShow":0,"appShow":0,"deliver":0,"gradeDescription":null,"companyFullName":"杏树林信息技术（北京）有限公司","adWord":0}]}},"code":0}