{"success":true,"requestId":null,"msg":null,"resubmitToken":null,"content":{"pageNo":1,"pageSize":15,"positionResult":{"totalCount":12338,"resultSize":15,"locationInfo":{"queryByGisCode":false,"businessZone":null,"locationCode":null,"city":"北京","district":null},"queryAnalysisInfo":{"industryName":null,"usefulCompany":false,"positionName":"java","companyName":null},"strategyProperty":{"name":"dm-csearch-newSimScorer","id":1},"result":[{"companyId":73184,"positionName":"Java开发工程师","workYear":"1-3年","education":"本科","jobNature":"全职","financeStage":"成长型(A轮)","companyLogo":"i/image/M00/3C/B6/CgqKkVdwpHmAFwevAABDs65h4-g872.jpg","industryField":"企业服务","companyShortName":"薪人薪事","city":"北京","salary":"15k-25k","positionId":2259549,"positionAdvantage":"技术氛围浓；发展前景好；福利待遇好","district":"朝阳区","createTime":"2016-08-30 23:49:32","companyLabelList":["股票期权","扁平管理","弹性工作","五险一金"],"approve":1,"companySize":"50-150人","score":0,"companyFullName":"企家有道网络技术（北京）有限公司","adWord":0,"formatCreateTime":"23:49发布","publisherId":3067966,"explain":null,"plus":null,"pcShow":0,"appShow":0,"deliver":0,"gradeDescription":null,"businessZones":["来广营","望京"],"imState":"today","lastLogin":1472571984000},{"companyId":138016,"positionName":"Java","workYear":"5-10年","education":"本科","jobNature":"全职","financeStage":"成长型(不需要融资)","companyLogo":"i/image/M00/54/A0/CgqKkVfETl2ACde-AABYM8yBI7A777.png","industryField":"移动互联网,企业服务","companyShortName":"通恒科技","city":"北京","salary":"20k-30k","positionId":2302381,"positionAdvantage":"五险一金，项目奖金，年底双薪等","district":null,"createTime":"2016-08-30 23:22:06","companyLabelList":["年底双薪","专项奖金","绩效奖金","年终分红"],"approve":0,"companySize":"50-150人","score":0,"companyFullName":"北京通恒思华科技有限公司","adWord":0,"formatCreateTime":"23:22发布","publisherId":5581865,"explain":null,"plus":null,"pcShow":0,"appShow":0,"deliver":0,"gradeDescription":null,"businessZones":null,"imState":"today","lastLogin":1472570486000},{"companyId":142640,"positionName":"Java","workYear":"3-5年","education":"本科","jobNature":"全职","financeStage":"成长型(不需要融资)","companyLogo":"i/image/M00/4C/DA/Cgp3O1ekCDOAeekoAAAkhvQUosQ570.jpg","industryField":"移动互联网,电子商务","companyShortName":"驰梦科技","city":"北京","salary":"30k-40k","positionId":2302409,"positionAdvantage":"五险一金，绩效奖金，年底双薪","district":null,"createTime":"2016-08-30 22:59:39","companyLabelList":["年底双薪","专项奖金","年终分红","带薪年假"],"approve":0,"companySize":"50-150人","score":0,"companyFullName":"驰梦科技(北京)有限公司","adWord":0,"formatCreateTime":"22:59发布","publisherId":5846479,"explain":null,"plus":null,"pcShow":0,"appShow":0,"deliver":0,"gradeDescription":null,"businessZones":null,"imState":"disabled","lastLogin":1472569155000},{"companyId":293,"positionName":"Java开发工程师","workYear":"5-10年","education":"本科","jobNature":"全职","financeStage":"上市公司","companyLogo":"image1/M00/00/02/CgYXBlTUV_eAFM_yAAAx8dJPvnI987.jpg","industryField":"电子商务","companyShortName":"亚马逊","city":"北京","salary":"25k-50k","positionId":1497796,"positionAdvantage":"薪水、股票、国际平台、开放的技术环境","district":"朝阳区","createTime":"2016-08-30 22:54:23","companyLabelList":["股票期权","五险一金","通讯津贴","带薪年假"],"approve":1,"companySize":"2000人以上","score":0,"companyFullName":"亚马逊信息服务（北京）有限公司","adWord":0,"formatCreateTime":"22:54发布","publisherId":1311342,"explain":null,"plus":null,"pcShow":0,"appShow":0,"deliver":0,"gradeDescription":null,"businessZones":["八里庄","四惠","十里堡"],"imState":"disabled","lastLogin":1472568834000},{"companyId":136047,"positionName":"Java","workYear":"3-5年","education":"本科","jobNature":"全职","financeStage":"成长型(不需要融资)","companyLogo":"i/image/M00/3C/43/CgqKkVdvMwyAKaFtAABZrjRV_LY721.png","industryField":"移动互联网","companyShortName":"华迅嘉业科技","city":"北京","salary":"30k-40k","positionId":2302414,"positionAdvantage":"五险一金，项目奖金，双休","district":null,"createTime":"2016-08-30 22:45:23","companyLabelList":null,"approve":0,"companySize":"150-500人","score":0,"companyFullName":"北京华迅嘉业科技发展有限公司","adWord":0,"formatCreateTime":"22:45发布","publisherId":5440764,"explain":null,"plus":null,"pcShow":0,"appShow":0,"deliver":0,"gradeDescription":null,"businessZones":null,"imState":"disabled","lastLogin":1472568283000},{"companyId":146376,"positionName":"Java技术总监","workYear":"5-10年","education":"大专","jobNature":"全职","financeStage":"初创型(未融资)","companyLogo":"i/image/M00/54/FD/CgqKkVfFkrGAaYynAABkVNyZ2Uo354.png","industryField":"移动互联网,金融","companyShortName":"闻壹信息","city":"北京","salary":"20k-25k","positionId":2308147,"positionAdvantage":"岗位晋升，发展空间大，五险一金，公司持股","district":"大兴区","createTime":"2016-08-30 22:17:55","companyLabelList":null,"approve":0,"companySize":"15-50人","score":0,"companyFullName":"北京闻壹信息技术有限公司","adWord":0,"formatCreateTime":"22:17发布","publisherId":5755552,"explain":null,"plus":null,"pcShow":0,"appShow":0,"deliver":0,"gradeDescription":null,"businessZones":null,"imState":"disabled","lastLogin":1472565893000},{"companyId":3712,"positionName":"Java","workYear":"3-5年","education":"不限","jobNature":"全职","financeStage":"上市公司","companyLogo":"image1/M00/43/B2/Cgo8PFXSpDuARA8xAAEdmjsokXc986.jpg","industryField":"移动互联网,电子商务","companyShortName":"京东","city":"北京","salary":"19k-25k","positionId":106701,"positionAdvantage":"交易平台","district":"大兴区","createTime":"2016-08-30 21:08:16","companyLabelList":["年底双薪","免费班车","带薪年假","绩效奖金"],"approve":1,"companySize":"2000人以上","score":0,"companyFullName":"京东世纪贸易有限公司","adWord":0,"formatCreateTime":"21:08发布","publisherId":88824,"explain":null,"plus":null,"pcShow":0,"appShow":0,"deliver":0,"gradeDescription":null,"businessZones":["亦庄"],"imState":"disabled","lastLogin":1472562435000},{"companyId":6148,"positionName":"Java工程师","workYear":"3-5年","education":"本科","jobNature":"全职","financeStage":"上市公司","companyLogo":"image1/M00/34/FB/CgYXBlWaPDOAYAmDAAAOUfRJAWI263.jpg","industryField":"移动互联网,电子商务","companyShortName":"神州租车","city":"北京","salary":"15k-30k","positionId":2308105,"positionAdvantage":"团队氛围好，地铁周边，六险一金","district":null,"createTime":"2016-08-30 20:38:11","companyLabelList":["年底双薪","技能培训","节日礼物","带薪年假"],"approve":1,"companySize":"2000人以上","score":0,"companyFullName":"神州租车有限公司","adWord":0,"formatCreateTime":"20:38发布","publisherId":4434638,"explain":null,"plus":null,"pcShow":0,"appShow":0,"deliver":0,"gradeDescription":null,"businessZones":null,"imState":"today","lastLogin":1472562258000},{"companyId":4148,"positionName":"搜索Java","workYear":"5-10年","education":"本科","jobNature":"全职","financeStage":"上市公司","companyLogo":"image1/M00/00/0A/CgYXBlTUWBaAba-9AABi72ItxnU259.jpg","industryField":"移动互联网,旅游","companyShortName":"艺龙旅行网","city":"北京","salary":"20k-35k","positionId":2228228,"positionAdvantage":"带薪年假 弹性工作 核心团队 绩效奖金","district":"朝阳区","createTime":"2016-08-30 20:01:37","companyLabelList":["最佳雇主","爱旅游","免息贷款","年底双薪"],"approve":1,"companySize":"2000人以上","score":0,"companyFullName":"艺龙网信息技术（北京）有限公司","adWord":0,"formatCreateTime":"20:01发布","publisherId":1915636,"explain":null,"plus":null,"pcShow":0,"appShow":0,"deliver":0,"gradeDescription":null,"businessZones":["酒仙桥","大山子","将台路"],"imState":"today","lastLogin":1472568345000},{"companyId":138448,"positionName":"Java","workYear":"3-5年","education":"本科","jobNature":"全职","financeStage":"成长型(不需要融资)","companyLogo":"i/image/M00/43/93/CgqKkVeDgLWAAE8EAABAyBUpZEg347.jpg","industryField":"金融","companyShortName":"环宇理财","city":"北京","salary":"25k-30k","positionId":2302413,"positionAdvantage":"五险一金，项目奖金，年底双薪等","district":null,"createTime":"2016-08-30 19:59:48","companyLabelList":null,"approve":0,"companySize":"150-500人","score":0,"companyFullName":"北京环宇联合投资咨询有限公司","adWord":0,"formatCreateTime":"19:59发布","publisherId":5616536,"explain":null,"plus":null,"pcShow":0,"appShow":0,"deliver":0,"gradeDescription":null,"businessZones":null,"imState":"disabled","lastLogin":1472558434000},{"companyId":138207,"positionName":"java研发工程师","workYear":"3-5年","education":"本科","jobNature":"全职","financeStage":"成长型(不需要融资)","companyLogo":"i/image/M00/42/91/CgqKkVd_tfuAdgrOAABDg0VGKB8223.png","industryField":"移动互联网,其他","companyShortName":"天地科技","city":"北京","salary":"30k-40k","positionId":2266441,"positionAdvantage":"五险一金，项目奖金，年底双薪等","district":null,"createTime":"2016-08-30 19:55:04","companyLabelList":null,"approve":0,"companySize":"150-500人","score":0,"companyFullName":"北京天地网商电子商务有限公司","adWord":0,"formatCreateTime":"19:55发布","publisherId":5592232,"explain":null,"plus":null,"pcShow":0,"appShow":0,"deliver":0,"gradeDescription":null,"businessZones":null,"imState":"today","lastLogin":1472568699000},{"companyId":128457,"positionName":"Java","workYear":"3-5年","education":"大专","jobNature":"全职","financeStage":"成熟型(不需要融资)","companyLogo":"i/image/M00/28/DA/CgqKkVcsTcGACHz0AAAkMHoFt1g659.jpg","industryField":"移动互联网,社交网络","companyShortName":"信天游旅游","city":"北京","salary":"15k-25k","positionId":2066764,"positionAdvantage":"五险一金 发展前景广阔","district":"海淀区","createTime":"2016-08-30 19:35:54","companyLabelList":null,"approve":0,"companySize":"500-2000人","score":0,"companyFullName":"北京信天游国际旅行社有限公司","adWord":0,"formatCreateTime":"19:35发布","publisherId":4971388,"explain":null,"plus":null,"pcShow":0,"appShow":0,"deliver":0,"gradeDescription":null,"businessZones":["学院路","五道口","北航"],"imState":"today","lastLogin":1472565361000},{"companyId":25322,"positionName":"java开发工程师","workYear":"1-3年","education":"本科","jobNature":"全职","financeStage":"成熟型(不需要融资)","companyLogo":"image1/M00/44/54/CgYXBlXVQ6aAGXrAAABY2xXSS8I163.png","industryField":"移动互联网,数据服务","companyShortName":"亚信","city":"北京","salary":"10k-17k","positionId":2308035,"positionAdvantage":"五险一金 免费班车 免费饮品 领导nice","district":"海淀区","createTime":"2016-08-30 19:31:06","companyLabelList":["年底双薪","技能培训","免费班车","带薪年假"],"approve":1,"companySize":"2000人以上","score":0,"companyFullName":"亚信科技（中国）有限公司","adWord":0,"formatCreateTime":"19:31发布","publisherId":6027210,"explain":null,"plus":null,"pcShow":0,"appShow":0,"deliver":0,"gradeDescription":null,"businessZones":["西北旺","马连洼","上地"],"imState":"disabled","lastLogin":1472556668000},{"companyId":32836,"positionName":"Java平台研发","workYear":"不限","education":"本科","jobNature":"全职","financeStage":"成熟型(D轮及以上)","companyLogo":"i/image/M00/32/F8/CgqKkVdQBM6AKYe8AAAQhmBr8wk120.png","industryField":"O2O","companyShortName":"达达","city":"北京","salary":"15k-25k","positionId":2058080,"positionAdvantage":"风口发展平台，技术驱动","district":"大兴区","createTime":"2016-08-30 19:22:15","companyLabelList":["年底双薪","绩效奖金","岗位晋升","定期体检"],"approve":1,"companySize":"500-2000人","score":0,"companyFullName":"上海趣盛网络科技有限公司","adWord":0,"formatCreateTime":"19:22发布","publisherId":580721,"explain":null,"plus":null,"pcShow":0,"appShow":0,"deliver":0,"gradeDescription":null,"businessZones":["亦庄"],"imState":"today","lastLogin":1472557798000},{"companyId":146283,"positionName":"Java","workYear":"3-5年","education":"本科","jobNature":"全职","financeStage":"初创型(天使轮)","companyLogo":"i/image/M00/54/EB/Cgp3O1fFUeyAWqK7AAA08eyRFIs590.png","industryField":"移动互联网","companyShortName":"海居派","city":"北京","salary":"15k-25k","positionId":2308017,"positionAdvantage":"五险一金 带薪休假 下午茶 升值空间大","district":"朝阳区","createTime":"2016-08-30 19:21:51","companyLabelList":null,"approve":0,"companySize":"少于15人","score":0,"companyFullName":"北京海居派科技有限公司","adWord":0,"formatCreateTime":"19:21发布","publisherId":2105241,"explain":null,"plus":null,"pcShow":0,"appShow":0,"deliver":0,"gradeDescription":null,"businessZones":["朝外"],"imState":"disabled","lastLogin":1472556144000}]}},"code":0}