{"success":true,"requestId":null,"msg":null,"resubmitToken":null,"code":0,"content":{"pageNo":64,"pageSize":15,"positionResult":{"resultSize":15,"totalCount":12338,"locationInfo":{"queryByGisCode":false,"businessZone":null,"locationCode":null,"city":"北京","district":null},"queryAnalysisInfo":{"industryName":null,"usefulCompany":false,"positionName":"java","companyName":null},"strategyProperty":{"name":"dm-csearch-newSimScorer","id":1},"result":[{"companyId":56966,"businessZones":["上地","马连洼","西二旗"],"imState":"disabled","lastLogin":1472461120000,"publisherId":1433372,"explain":null,"plus":null,"pcShow":0,"appShow":0,"deliver":0,"gradeDescription":null,"companyFullName":"北京博达远创科技发展有限公司","formatCreateTime":"1天前发布","positionName":"Java","workYear":"不限","education":"大专","jobNature":"全职","companyLogo":"i/image/M00/4A/4F/Cgp3O1eZ7t-AK8QeAASPjQE5VRk869.jpg","salary":"5k-9k","city":"北京","financeStage":"初创型(天使轮)","industryField":"移动互联网","positionId":1739553,"approve":1,"createTime":"2016-08-29 09:51:26","positionAdvantage":"五险一金 免费住宿 项目奖金 年度旅游","district":"海淀区","companyShortName":"博达软件","companyLabelList":["年底双薪","节日礼物","技能培训","专项奖金"],"score":0,"companySize":"150-500人","adWord":0},{"companyId":136978,"businessZones":["望京","大山子","花家地"],"imState":"today","lastLogin":1472547368000,"publisherId":5201513,"explain":null,"plus":null,"pcShow":0,"appShow":0,"deliver":0,"gradeDescription":null,"companyFullName":"北京玖富联银科技有限公司","formatCreateTime":"1天前发布","positionName":"Java","workYear":"3-5年","education":"本科","jobNature":"全职","companyLogo":"i/image/M00/3F/16/CgqKkVd2JdKAewuuAAATpdprgrA613.jpg","salary":"12k-20k","city":"北京","financeStage":"成长型(A轮)","industryField":"金融","positionId":2157694,"approve":0,"createTime":"2016-08-29 09:51:22","positionAdvantage":"免费班车、五险一金、居住证、加班补贴","district":"朝阳区","companyShortName":"玖富技术中心","companyLabelList":["绩效奖金","免费班车","五险一金","部门旅游"],"score":0,"companySize":"2000人以上","adWord":0},{"companyId":2874,"businessZones":["西三旗","清河","小营"],"imState":"today","lastLogin":1472521068000,"publisherId":3025913,"explain":null,"plus":null,"pcShow":0,"appShow":0,"deliver":0,"gradeDescription":null,"companyFullName":"深圳市安盾椒图科技有限公司北京分公司","formatCreateTime":"1天前发布","positionName":"java开发工程师","workYear":"3-5年","education":"大专","jobNature":"全职","companyLogo":"i/image/M00/00/35/Cgp3O1YzICyAFGtfAAATdigR4-k335.jpg","salary":"10k-20k","city":"北京","financeStage":"成长型(A轮)","industryField":"信息安全","positionId":1815045,"approve":0,"createTime":"2016-08-29 09:49:55","positionAdvantage":"年底双薪 带薪年假 加班补助 弹性工作","district":"海淀区","companyShortName":"椒图科技","companyLabelList":["五险一金","绩效奖金","专项奖金","带薪年假"],"score":0,"companySize":"50-150人","adWord":0},{"companyId":22862,"businessZones":["三元桥","麦子店","亮马桥"],"imState":"disabled","lastLogin":1472537509000,"publisherId":4915025,"explain":null,"plus":null,"pcShow":0,"appShow":0,"deliver":0,"gradeDescription":null,"companyFullName":"上海华腾软件系统有限公司","formatCreateTime":"1天前发布","positionName":"Java","workYear":"5-10年","education":"大专","jobNature":"全职","companyLogo":"image1/M00/00/2C/CgYXBlTUXHOAPmTsAACEZGcxlZQ644.jpg","salary":"9k-16k","city":"北京","financeStage":"上市公司","industryField":"企业服务,金融","positionId":2026862,"approve":1,"createTime":"2016-08-29 09:46:47","positionAdvantage":"弹性上班 领导nice 团队氛围好","district":"朝阳区","companyShortName":"上海华腾软件系统有限公司","companyLabelList":["年底双薪","绩效奖金","带薪年假","定期体检"],"score":0,"companySize":"2000人以上","adWord":0},{"companyId":4836,"businessZones":["亦庄"],"imState":"disabled","lastLogin":1472434789000,"publisherId":1933446,"explain":null,"plus":null,"pcShow":0,"appShow":0,"deliver":0,"gradeDescription":null,"companyFullName":"北京京东尚科信息技术有限公司","formatCreateTime":"1天前发布","positionName":"Java高级开发工程师","workYear":"5-10年","education":"大专","jobNature":"全职","companyLogo":"image2/M00/07/C8/CgpzWlYAsfGATpk7AAAJkGWG2kk774.png?cc=0.19381895544938743","salary":"15k-30k","city":"北京","financeStage":"上市公司","industryField":"电子商务","positionId":1617029,"approve":1,"createTime":"2016-08-29 09:44:17","positionAdvantage":"六险一金 生日礼物 节假活动 大平台","district":"大兴区","companyShortName":"京东商城","companyLabelList":["技能培训","年底双薪","节日礼物","绩效奖金"],"score":0,"companySize":"2000人以上","adWord":0},{"companyId":120918,"businessZones":["柳芳","左家庄","和平里"],"imState":"today","lastLogin":1472527502000,"publisherId":2839429,"explain":null,"plus":null,"pcShow":0,"appShow":0,"deliver":0,"gradeDescription":null,"companyFullName":"北京青云互帮网络科技有限公司","formatCreateTime":"1天前发布","positionName":"Java","workYear":"3-5年","education":"大专","jobNature":"全职","companyLogo":"i/image/M00/17/8D/CgqKkVbyDUyACuHJAAA2GePM2tU679.jpg","salary":"15k-20k","city":"北京","financeStage":"初创型(天使轮)","industryField":"移动互联网,企业服务","positionId":1930453,"approve":0,"createTime":"2016-08-29 09:38:20","positionAdvantage":"扁平化管理，参与架构设计","district":"朝阳区","companyShortName":"北京青云互帮","companyLabelList":["股票期权","弹性工作","美女多","福利好"],"score":0,"companySize":"15-50人","adWord":0},{"companyId":50539,"businessZones":null,"imState":"today","lastLogin":1472536498000,"publisherId":988436,"explain":null,"plus":null,"pcShow":0,"appShow":0,"deliver":0,"gradeDescription":null,"companyFullName":"友邦创新资讯科技（北京）有限公司","formatCreateTime":"1天前发布","positionName":"Java Web Developer","workYear":"5-10年","education":"本科","jobNature":"全职","companyLogo":"image1/M00/1B/CC/Cgo8PFUjoCOAGJkWAAC9lxkat5U879.jpg","salary":"10k-20k","city":"北京","financeStage":"成长型(不需要融资)","industryField":"移动互联网,其他","positionId":555510,"approve":0,"createTime":"2016-08-29 09:37:01","positionAdvantage":"团队氛围好 公司环境好 公司待遇好","district":"东城区","companyShortName":"AIA TSS","companyLabelList":["技能培训","绩效奖金","年度旅游","岗位晋升"],"score":0,"companySize":"150-500人","adWord":0},{"companyId":520,"businessZones":["清河","上地"],"imState":"today","lastLogin":1472551783000,"publisherId":1837775,"explain":null,"plus":null,"pcShow":0,"appShow":0,"deliver":0,"gradeDescription":null,"companyFullName":"北京小米科技有限责任公司","formatCreateTime":"1天前发布","positionName":"高级Java研发工程师","workYear":"1-3年","education":"本科","jobNature":"全职","companyLogo":"image1/M00/00/03/CgYXBlTUV_uAY85GAAAVtFKXIv8322.jpg","salary":"15k-30k","city":"北京","financeStage":"成熟型(D轮及以上)","industryField":"移动互联网","positionId":1803906,"approve":1,"createTime":"2016-08-29 09:36:37","positionAdvantage":"小米期权","district":"海淀区","companyShortName":"小米","companyLabelList":["快速成长","免费班车","扁平管理","技能培训"],"score":0,"companySize":"2000人以上","adWord":0},{"companyId":125749,"businessZones":["右安门","白纸坊","菜市口"],"imState":"disabled","lastLogin":1472570147000,"publisherId":1407714,"explain":null,"plus":null,"pcShow":0,"appShow":0,"deliver":0,"gradeDescription":null,"companyFullName":"北京信安世纪科技有限公司","formatCreateTime":"1天前发布","positionName":"Java高级开发工程师","workYear":"3-5年","education":"本科","jobNature":"全职","companyLogo":"i/image/M00/22/D1/CgqKkVcV5--ATk7OAAETTL1DCPg590.jpg","salary":"10k-15k","city":"北京","financeStage":"初创型(未融资)","industryField":"其他","positionId":2052056,"approve":0,"createTime":"2016-08-29 09:36:08","positionAdvantage":"五险一金 餐补 带薪年假 节日福利","district":"西城区","companyShortName":"信安世纪","companyLabelList":["带薪年假","午餐补助","定期体检","五险一金"],"score":0,"companySize":"150-500人","adWord":0},{"companyId":123777,"businessZones":["东坝"],"imState":"disabled","lastLogin":1472434453000,"publisherId":5227665,"explain":null,"plus":null,"pcShow":0,"appShow":0,"deliver":0,"gradeDescription":null,"companyFullName":"北京通力互联技术服务有限公司","formatCreateTime":"1天前发布","positionName":"Java","workYear":"3-5年","education":"本科","jobNature":"全职","companyLogo":"i/image/M00/2E/03/CgqKkVc9jmCAI8DpAAD09YLPnBk157.png","salary":"10k-17k","city":"北京","financeStage":"成熟型(不需要融资)","industryField":"电子商务,企业服务","positionId":2267012,"approve":0,"createTime":"2016-08-29 09:34:26","positionAdvantage":"五险一金;带薪年假;优秀团队;免费班车","district":"朝阳区","companyShortName":"通力互联","companyLabelList":["绩效奖金","交通补助","定期体检","通讯津贴"],"score":0,"companySize":"2000人以上","adWord":0},{"companyId":105414,"businessZones":["南磨房","百子湾","大望路"],"imState":"threeDays","lastLogin":1472464415000,"publisherId":3112079,"explain":null,"plus":null,"pcShow":0,"appShow":0,"deliver":0,"gradeDescription":null,"companyFullName":"中安华邦（北京）安全生产技术研究院有限公司","formatCreateTime":"1天前发布","positionName":"Java","workYear":"3-5年","education":"大专","jobNature":"全职","companyLogo":"image2/M00/14/8C/CgpzWlZAPwiAQunYAAAVxLfrYl0092.jpg?cc=0.8925409147050232","salary":"10k-20k","city":"北京","financeStage":"上市公司","industryField":"移动互联网,教育","positionId":1815195,"approve":0,"createTime":"2016-08-29 09:34:05","positionAdvantage":"五险一金","district":"朝阳区","companyShortName":"中安华邦","companyLabelList":["技能培训","节日礼物","专项奖金","股票期权"],"score":0,"companySize":"150-500人","adWord":0},{"companyId":58437,"businessZones":["三元桥","左家庄","亮马桥"],"imState":"disabled","lastLogin":1472525291000,"publisherId":1638571,"explain":null,"plus":null,"pcShow":0,"appShow":0,"deliver":0,"gradeDescription":null,"companyFullName":"易保互联医疗信息科技（北京）有限公司","formatCreateTime":"1天前发布","positionName":"初级Java","workYear":"1-3年","education":"本科","jobNature":"全职","companyLogo":"i/image/M00/17/D1/Cgp3O1bya4SADmONAAABB0Zt18M819.png","salary":"8k-10k","city":"北京","financeStage":"初创型(天使轮)","industryField":"移动互联网","positionId":2259269,"approve":0,"createTime":"2016-08-29 09:33:39","positionAdvantage":"高/大","district":"朝阳区","companyShortName":"易保互联","companyLabelList":["技能培训","节日礼物","年底双薪","专项奖金"],"score":0,"companySize":"50-150人","adWord":0},{"companyId":114268,"businessZones":null,"imState":"today","lastLogin":1472529863000,"publisherId":5487722,"explain":null,"plus":null,"pcShow":0,"appShow":0,"deliver":0,"gradeDescription":null,"companyFullName":"TCL集团股份有限公司","formatCreateTime":"1天前发布","positionName":"Java","workYear":"3-5年","education":"本科","jobNature":"全职","companyLogo":"i/image/M00/03/AC/CgqKkVbCj2OAC-c2AAAobfIUcc4893.png","salary":"15k-30k","city":"北京","financeStage":"成长型(不需要融资)","industryField":"移动互联网","positionId":2213993,"approve":0,"createTime":"2016-08-29 09:31:41","positionAdvantage":"五险一金,带薪年假,节日福利,晋升空间","district":"海淀区","companyShortName":"TCL互联网事业本部","companyLabelList":null,"score":0,"companySize":"150-500人","adWord":0},{"companyId":3276,"businessZones":["五道口","清华大学","中关村"],"imState":"disabled","lastLogin":1472547317000,"publisherId":31284,"explain":null,"plus":null,"pcShow":0,"appShow":0,"deliver":0,"gradeDescription":null,"companyFullName":"北京尚智达科技有限公司","formatCreateTime":"1天前发布","positionName":"Java","workYear":"1-3年","education":"本科","jobNature":"全职","companyLogo":"image1/M00/00/09/Cgo8PFTUWBGAdG3jAACKv9robxc421.png","salary":"7k-13k","city":"北京","financeStage":"初创型(未融资)","industryField":"电子商务,教育","positionId":679468,"approve":0,"createTime":"2016-08-29 09:28:15","positionAdvantage":"高速发展 弹性工作 扁平管理","district":"海淀区","companyShortName":"尚智达","companyLabelList":["年底双薪","五险一金","带薪年假","定期体检"],"score":0,"companySize":"15-50人","adWord":0},{"companyId":52809,"businessZones":["望京","大山子","花家地"],"imState":"today","lastLogin":1472544005000,"publisherId":1661764,"explain":null,"plus":null,"pcShow":0,"appShow":0,"deliver":0,"gradeDescription":null,"companyFullName":"上海新致软件股份有限公司","formatCreateTime":"1天前发布","positionName":"Java工程师","workYear":"3-5年","education":"大专","jobNature":"全职","companyLogo":"image1/M00/1F/46/Cgo8PFUyS4SAQZKFAAA2CrGiEvE523.jpg","salary":"10k-15k","city":"北京","financeStage":"成熟型(C轮)","industryField":"移动互联网,数据服务","positionId":1939903,"approve":1,"createTime":"2016-08-29 09:26:26","positionAdvantage":"险一金 补充商业保险 年度旅游 工会活动","district":"朝阳区","companyShortName":"新致软件","companyLabelList":["技能培训","专项奖金","免费班车","带薪年假"],"score":0,"companySize":"2000人以上","adWord":0}]}}}