{"success":true,"requestId":null,"resubmitToken":null,"msg":null,"content":{"pageNo":10,"pageSize":15,"positionResult":{"resultSize":15,"totalCount":12338,"locationInfo":{"businessZone":null,"queryByGisCode":false,"locationCode":null,"city":"北京","district":null},"queryAnalysisInfo":{"industryName":null,"usefulCompany":false,"positionName":"java","companyName":null},"strategyProperty":{"name":"dm-csearch-newSimScorer","id":1},"result":[{"formatCreateTime":"16:25发布","createTime":"2016-08-30 16:25:27","companyId":73541,"positionName":"资深Java开发工程师","education":"本科","city":"北京","positionId":748176,"financeStage":"成长型(A轮)","companyShortName":"奥科美","companyLogo":"image1/M00/2B/79/CgYXBlVwCeWACrFrAAArBG574Bw068.JPG","salary":"15k-25k","industryField":"移动互联网,电子商务","district":"朝阳区","companyLabelList":["岗位晋升","午餐补助","扁平管理","五险一金"],"positionAdvantage":"团队氛围好 发展空间大 扁平化管理 领导好","jobNature":"全职","workYear":"5-10年","approve":1,"score":0,"companySize":"150-500人","businessZones":["四惠","高碑店","十里堡"],"imState":"disabled","lastLogin":1472544468000,"publisherId":1779633,"explain":null,"plus":null,"pcShow":0,"appShow":0,"deliver":0,"gradeDescription":null,"companyFullName":"北京奥科美软件有限公司","adWord":0},{"formatCreateTime":"15:52发布","createTime":"2016-08-30 15:52:34","companyId":21946,"positionName":"Java开发项目组长","education":"本科","city":"北京","positionId":2260070,"financeStage":"初创型(未融资)","companyShortName":"来人到家","companyLogo":"image1/M00/00/29/CgYXBlTUWJGAVRXyAAB9NT8FhCk429.jpg","salary":"15k-30k","industryField":"O2O","district":"朝阳区","companyLabelList":["岗位晋升","五险一金","午餐补助"],"positionAdvantage":"轻松的工作氛围 待遇好 加班少 双休","jobNature":"全职","workYear":"3-5年","approve":1,"score":0,"companySize":"500-2000人","businessZones":["管庄","双桥","定福庄"],"imState":"disabled","lastLogin":1472550572000,"publisherId":2934603,"explain":null,"plus":null,"pcShow":0,"appShow":0,"deliver":0,"gradeDescription":null,"companyFullName":"北京来人网络科技有限公司","adWord":0},{"formatCreateTime":"15:48发布","createTime":"2016-08-30 15:48:52","companyId":108452,"positionName":"Java","education":"大专","city":"北京","positionId":2113722,"financeStage":"上市公司","companyShortName":"安信立融","companyLogo":"i/image/M00/00/EF/Cgp3O1Zb6Y-AVFHJAAAM72rTcMw960.jpg","salary":"5k-10k","industryField":"金融,企业服务","district":null,"companyLabelList":["专项奖金","年终分红","通讯津贴","交通补助"],"positionAdvantage":"有良好的工作环境，实行良性竞争","jobNature":"全职","workYear":"1-3年","approve":0,"score":0,"companySize":"50-150人","businessZones":null,"imState":"today","lastLogin":1472543337000,"publisherId":5165494,"explain":null,"plus":null,"pcShow":0,"appShow":0,"deliver":0,"gradeDescription":null,"companyFullName":"北京安信立融科技股份有限公司","adWord":0},{"formatCreateTime":"15:48发布","createTime":"2016-08-30 15:48:19","companyId":29339,"positionName":"java 开发工程师","education":"本科","city":"北京","positionId":1204546,"financeStage":"上市公司","companyShortName":"金色华勤","companyLogo":"i/image/M00/01/ED/Cgp3O1Z7iMCAb10rAABqFnK6_l4321.png","salary":"10k-20k","industryField":"移动互联网,企业服务","district":"丰台区","companyLabelList":["技能培训","股票期权","带薪年假","管理规范"],"positionAdvantage":"五险, 公积金, 节日福利, 带薪年假","jobNature":"全职","workYear":"3-5年","approve":1,"score":0,"companySize":"50-150人","businessZones":["赵公口","刘家窑","东铁匠营"],"imState":"today","lastLogin":1472547840000,"publisherId":406385,"explain":null,"plus":null,"pcShow":0,"appShow":0,"deliver":0,"gradeDescription":null,"companyFullName":"北京金色华勤数据服务有限公司","adWord":0},{"formatCreateTime":"15:43发布","createTime":"2016-08-30 15:43:35","companyId":29496,"positionName":"Java高级","education":"本科","city":"北京","positionId":2306150,"financeStage":"成长型(B轮)","companyShortName":"闪银奇异","companyLogo":"image1/M00/00/41/Cgo8PFTUXMuAeMAuAABAtFBcbOM313.png","salary":"15k-30k","industryField":"移动互联网,金融","district":"朝阳区","companyLabelList":["13~15薪","晋升空间大","定期体检","能力定薪"],"positionAdvantage":"六险一金 补充医疗 自助午餐 年度体检","jobNature":"全职","workYear":"3-5年","approve":1,"score":0,"companySize":"150-500人","businessZones":["团结湖","朝阳公园","三里屯"],"imState":"today","lastLogin":1472549719000,"publisherId":3627371,"explain":null,"plus":null,"pcShow":0,"appShow":0,"deliver":0,"gradeDescription":null,"companyFullName":"北京闪银奇异科技有限公司","adWord":0},{"formatCreateTime":"15:40发布","createTime":"2016-08-30 15:40:02","companyId":22956,"positionName":"Java","education":"大专","city":"北京","positionId":1737171,"financeStage":"成长型(A轮)","companyShortName":"乐挥网","companyLogo":"image1/M00/0D/85/Cgo8PFT3-NWAIvmKAABoRBV4x9Q057.jpg","salary":"10k-15k","industryField":"移动互联网","district":"朝阳区","companyLabelList":["股票期权","绩效奖金","五险一金","带薪年假"],"positionAdvantage":"五险一金，定期团建，节假日福利","jobNature":"全职","workYear":"3-5年","approve":1,"score":0,"companySize":"15-50人","businessZones":["三元桥","左家庄","国展","三元桥","左家庄","国展"],"imState":"today","lastLogin":1472542734000,"publisherId":267847,"explain":null,"plus":null,"pcShow":0,"appShow":0,"deliver":0,"gradeDescription":null,"companyFullName":"盛昌锐意（北京）科技有限公司","adWord":0},{"formatCreateTime":"15:38发布","createTime":"2016-08-30 15:38:55","companyId":32532,"positionName":"Java","education":"本科","city":"北京","positionId":2306115,"financeStage":"成熟型(D轮及以上)","companyShortName":"晶格（北京）科技有限公司","companyLogo":"image1/M00/00/4B/CgYXBlTUXPKAKHGEAAAV-5l7aFQ675.png","salary":"20k-30k","industryField":"企业服务,数据服务","district":"海淀区","companyLabelList":["年底双薪","股票期权","带薪年假","美国培训"],"positionAdvantage":"硅谷文化，核心产品，股票期权","jobNature":"全职","workYear":"3-5年","approve":0,"score":0,"companySize":"150-500人","businessZones":["双榆树","人民大学"],"imState":"today","lastLogin":1472560204000,"publisherId":3466537,"explain":null,"plus":null,"pcShow":0,"appShow":0,"deliver":0,"gradeDescription":null,"companyFullName":"Lattice Engines","adWord":0},{"formatCreateTime":"15:38发布","createTime":"2016-08-30 15:38:45","companyId":79521,"positionName":"Java","education":"大专","city":"北京","positionId":1574008,"financeStage":"初创型(天使轮)","companyShortName":"荣智汇通","companyLogo":"image1/M00/32/33/Cgo8PFWPZWCAFoifAAAdS7a-o4A905.jpg?cc=0.6879248728509992","salary":"8k-16k","industryField":"移动互联网,其他","district":"朝阳区","companyLabelList":["管理规范","年终分红","交通补助","五险一金"],"positionAdvantage":"java开发工程师","jobNature":"全职","workYear":"1-3年","approve":1,"score":0,"companySize":"15-50人","businessZones":["双桥"],"imState":"today","lastLogin":1472569620000,"publisherId":2014949,"explain":null,"plus":null,"pcShow":0,"appShow":0,"deliver":0,"gradeDescription":null,"companyFullName":"北京荣智汇通科技有限公司","adWord":0},{"formatCreateTime":"15:38发布","createTime":"2016-08-30 15:38:27","companyId":142307,"positionName":"Java开发工程师","education":"本科","city":"北京","positionId":2192996,"financeStage":"成长型(不需要融资)","companyShortName":"中科三清","companyLogo":"i/image/M00/4C/82/Cgp3O1ei0k-AURahAABYzonoT10529.jpg","salary":"8k-16k","industryField":"其他,移动互联网","district":"海淀区","companyLabelList":null,"positionAdvantage":"五险一金，绩效奖金，扁平管理，商业保险","jobNature":"全职","workYear":"1-3年","approve":1,"score":0,"companySize":"50-150人","businessZones":["西北旺","上地","马连洼"],"imState":"disabled","lastLogin":1472542697000,"publisherId":5832445,"explain":null,"plus":null,"pcShow":0,"appShow":0,"deliver":0,"gradeDescription":null,"companyFullName":"中科三清科技有限公司","adWord":0},{"formatCreateTime":"15:37发布","createTime":"2016-08-30 15:37:37","companyId":84756,"positionName":"JAVA研发工程师","education":"本科","city":"北京","positionId":2201233,"financeStage":"上市公司","companyShortName":"钱包金服集团","companyLogo":"image1/M00/3B/7D/CgYXBlWwmNuAG8D4AAAKwz3aFAw497.png","salary":"20k-40k","industryField":"移动互联网,O2O","district":null,"companyLabelList":["节日礼物","年底双薪","绩效奖金","岗位晋升"],"positionAdvantage":"试用期薪水不打折，交通便利，上市公司","jobNature":"全职","workYear":"3-5年","approve":0,"score":0,"companySize":"150-500人","businessZones":null,"imState":"disabled","lastLogin":1472542610000,"publisherId":5828999,"explain":null,"plus":null,"pcShow":0,"appShow":0,"deliver":0,"gradeDescription":null,"companyFullName":"钱包金服集团","adWord":0},{"formatCreateTime":"15:35发布","createTime":"2016-08-30 15:35:16","companyId":4836,"positionName":"Java 架构师","education":"本科","city":"北京","positionId":2082836,"financeStage":"上市公司","companyShortName":"京东商城","companyLogo":"image2/M00/07/C8/CgpzWlYAsfGATpk7AAAJkGWG2kk774.png?cc=0.19381895544938743","salary":"20k-40k","industryField":"电子商务","district":null,"companyLabelList":["技能培训","年底双薪","节日礼物","绩效奖金"],"positionAdvantage":"大平台，高速成长","jobNature":"全职","workYear":"10年以上","approve":1,"score":0,"companySize":"2000人以上","businessZones":null,"imState":"today","lastLogin":1472542492000,"publisherId":221639,"explain":null,"plus":null,"pcShow":0,"appShow":0,"deliver":0,"gradeDescription":null,"companyFullName":"北京京东尚科信息技术有限公司","adWord":0},{"formatCreateTime":"15:34发布","createTime":"2016-08-30 15:34:36","companyId":968,"positionName":"高级Java开发工程师","education":"本科","city":"北京","positionId":1861135,"financeStage":"成长型(B轮)","companyShortName":"有品 PICOOC","companyLogo":"i/image/M00/00/21/Cgp3O1Yt2LyABF1tAAAJUhzkjSM894.jpg","salary":"18k-30k","industryField":"移动互联网","district":null,"companyLabelList":["年底双薪","股票期权","绩效奖金","带薪年假"],"positionAdvantage":"五险一金，年终奖，空间大","jobNature":"全职","workYear":"3-5年","approve":1,"score":0,"companySize":"50-150人","businessZones":null,"imState":"today","lastLogin":1472549411000,"publisherId":41758,"explain":null,"plus":null,"pcShow":0,"appShow":0,"deliver":0,"gradeDescription":null,"companyFullName":"缤刻普锐（北京）科技有限责任公司","adWord":0},{"formatCreateTime":"15:32发布","createTime":"2016-08-30 15:32:48","companyId":46600,"positionName":"Java开发工程师","education":"本科","city":"北京","positionId":2217689,"financeStage":"初创型(未融资)","companyShortName":"诺远资产","companyLogo":"image1/M00/3F/63/Cgo8PFXAaxiAS6g2AAEt4r_oKhM479.jpg","salary":"15k-25k","industryField":"金融","district":"朝阳区","companyLabelList":["技能培训","节日礼物","年底双薪","带薪年假"],"positionAdvantage":"五险一金、交通便利、午餐补助","jobNature":"全职","workYear":"3-5年","approve":1,"score":0,"companySize":"500-2000人","businessZones":["亮马桥","三元桥","燕莎"],"imState":"disabled","lastLogin":1472545295000,"publisherId":4984997,"explain":null,"plus":null,"pcShow":0,"appShow":0,"deliver":0,"gradeDescription":null,"companyFullName":"诺远资产管理有限公司","adWord":0},{"formatCreateTime":"15:31发布","createTime":"2016-08-30 15:31:00","companyId":59518,"positionName":"Java","education":"大专","city":"北京","positionId":2306051,"financeStage":"初创型(不需要融资)","companyShortName":"YET YOUNG","companyLogo":"images/logo_default.png","salary":"8k-15k","industryField":"文化娱乐","district":"朝阳区","companyLabelList":["年底双薪","节日礼物","技能培训","绩效奖金"],"positionAdvantage":"弹性工作日 美女同事","jobNature":"全职","workYear":"1-3年","approve":0,"score":0,"companySize":"15-50人","businessZones":["呼家楼"],"imState":"disabled","lastLogin":1472546168000,"publisherId":810292,"explain":null,"plus":null,"pcShow":0,"appShow":0,"deliver":0,"gradeDescription":null,"companyFullName":"北京艳阳天儿文化传媒有限公司","adWord":0},{"formatCreateTime":"15:29发布","createTime":"2016-08-30 15:29:37","companyId":82819,"positionName":"Java","education":"不限","city":"北京","positionId":2306037,"financeStage":"初创型(天使轮)","companyShortName":"阳普科技","companyLogo":"i/image/M00/53/A9/CgqKkVe_uACAEkJAAAAFQID6JYw502.jpg","salary":"15k-30k","industryField":"移动互联网,社交网络","district":null,"companyLabelList":["年底双薪","各种团建","通讯津贴","交通补助"],"positionAdvantage":"包三餐/零食/全额公积金/健身卡/旅游/期权","jobNature":"全职","workYear":"5-10年","approve":0,"score":0,"companySize":"50-150人","businessZones":null,"imState":"disabled","lastLogin":1472542079000,"publisherId":295734,"explain":null,"plus":null,"pcShow":0,"appShow":0,"deliver":0,"gradeDescription":null,"companyFullName":"北京阳普科技有限责任公司","adWord":0}]}},"code":0}