{"success":true,"requestId":null,"msg":null,"resubmitToken":null,"content":{"pageNo":91,"pageSize":15,"positionResult":{"totalCount":12338,"resultSize":15,"locationInfo":{"city":"北京","district":null,"queryByGisCode":false,"businessZone":null,"locationCode":null},"queryAnalysisInfo":{"positionName":"java","companyName":null,"usefulCompany":false,"industryName":null},"strategyProperty":{"name":"dm-csearch-newSimScorer","id":1},"result":[{"companyId":35422,"companyShortName":"京东","createTime":"2016-08-26 09:38:29","positionId":2245343,"positionAdvantage":"服务好，大牛多，技术强，机会多","salary":"15k-30k","score":0,"workYear":"3-5年","education":"本科","city":"北京","positionName":"Java","companyLogo":"i/image/M00/08/D2/Cgp3O1bRFcSAHMtPAAAelCJqdO8411.png","financeStage":"上市公司","industryField":"电子商务","jobNature":"全职","approve":0,"companySize":"2000人以上","district":"大兴区","companyLabelList":["年底双薪","节日礼物","技能培训","岗位晋升"],"adWord":0,"appShow":0,"deliver":0,"formatCreateTime":"2016-08-26","gradeDescription":null,"companyFullName":"京东商城","businessZones":null,"imState":"disabled","lastLogin":1472557794000,"publisherId":5926916,"explain":null,"plus":null,"pcShow":0},{"companyId":27072,"companyShortName":"浩瀚深度","createTime":"2016-08-26 09:00:58","positionId":2152562,"positionAdvantage":"专业技术团队","salary":"15k-25k","score":0,"workYear":"3-5年","education":"本科","city":"北京","positionName":"Java(架构师)","companyLogo":"image1/M00/00/3A/CgYXBlTUXKqAbnErAADhxb664Us880.png","financeStage":"上市公司","industryField":"硬件,数据服务","jobNature":"全职","approve":0,"companySize":"150-500人","district":null,"companyLabelList":["绩效奖金","年底双薪","五险一金","通讯津贴"],"adWord":0,"appShow":0,"deliver":0,"formatCreateTime":"2016-08-26","gradeDescription":null,"companyFullName":"北京浩瀚深度信息技术股份有限公司","businessZones":null,"imState":"today","lastLogin":1472533086000,"publisherId":865828,"explain":null,"plus":null,"pcShow":0},{"companyId":101782,"companyShortName":"易财科技","createTime":"2016-08-25 21:42:27","positionId":1635197,"positionAdvantage":"转正机会 初创公司 和牛人一起工作","salary":"3k-5k","score":0,"workYear":"应届毕业生","education":"硕士","city":"北京","positionName":"Java","companyLogo":"i/image/M00/17/C2/Cgp3O1byV9-AYAu0AAAbbZJo34s983.jpg","financeStage":"初创型(不需要融资)","industryField":"金融","jobNature":"实习","approve":0,"companySize":"少于15人","district":"朝阳区","companyLabelList":["股票期权","发展空间大","扁平管理","帅哥多"],"adWord":0,"appShow":0,"deliver":0,"formatCreateTime":"2016-08-25","gradeDescription":null,"companyFullName":"北京易财科技有限公司","businessZones":["奥运村","安慧桥"],"imState":"sevenDays","lastLogin":1472131189000,"publisherId":4610736,"explain":null,"plus":null,"pcShow":0},{"companyId":89541,"companyShortName":"滴滴出行（小桔科技）","createTime":"2016-08-25 21:27:30","positionId":2247224,"positionAdvantage":"架构师","salary":"30k-45k","score":0,"workYear":"5-10年","education":"本科","city":"北京","positionName":"Java架构师","companyLogo":"image1/M00/42/DC/Cgo8PFXNdImAA0hiAACBD0dX7Ds225.png?cc=0.6919486154416709","financeStage":"成熟型(D轮及以上)","industryField":"移动互联网,电子商务","jobNature":"全职","approve":0,"companySize":"2000人以上","district":"海淀区","companyLabelList":["节日礼物","绩效奖金","年度旅游","美女多"],"adWord":0,"appShow":0,"deliver":0,"formatCreateTime":"2016-08-25","gradeDescription":null,"companyFullName":"滴滴打车（小桔科技）","businessZones":["西北旺","马连洼","上地"],"imState":"today","lastLogin":1472548187000,"publisherId":4162411,"explain":null,"plus":null,"pcShow":0},{"companyId":50702,"companyShortName":"美团点评","createTime":"2016-08-25 19:45:43","positionId":2185303,"positionAdvantage":"核心业务 晋升空间大 技术氛围好 弹性工作","salary":"15k-25k","score":0,"workYear":"1-3年","education":"本科","city":"北京","positionName":"Java","companyLogo":"i/image/M00/4B/6C/CgqKkVefHv-AFoRzAAAuALF7ZZ0419.png","financeStage":"成熟型(D轮及以上)","industryField":"移动互联网,O2O","jobNature":"全职","approve":1,"companySize":"2000人以上","district":"朝阳区","companyLabelList":["技能培训","绩效奖金","岗位晋升","领导好"],"adWord":0,"appShow":0,"deliver":0,"formatCreateTime":"2016-08-25","gradeDescription":null,"companyFullName":"北京三快在线科技有限公司","businessZones":["大山子","望京","酒仙桥"],"imState":"threeDays","lastLogin":1472437218000,"publisherId":4543541,"explain":null,"plus":null,"pcShow":0},{"companyId":7182,"companyShortName":"尚德机构","createTime":"2016-08-25 19:39:28","positionId":2290492,"positionAdvantage":"五险一金 春节双倍假期 优秀团队","salary":"15k-30k","score":0,"workYear":"不限","education":"本科","city":"北京","positionName":"JAVA研发工程师","companyLogo":"image1/M00/00/0F/Cgo8PFTUWCqAIq8oAAB5MvmojGc956.jpg","financeStage":"成熟型(C轮)","industryField":"电子商务,教育","jobNature":"全职","approve":1,"companySize":"2000人以上","district":"朝阳区","companyLabelList":["绩效奖金","专项奖金","五险一金","带薪年假"],"adWord":0,"appShow":0,"deliver":0,"formatCreateTime":"2016-08-25","gradeDescription":null,"companyFullName":"北京尚佳崇业教育科技有限公司","businessZones":["望京"],"imState":"today","lastLogin":1472554384000,"publisherId":371879,"explain":null,"plus":null,"pcShow":0},{"companyId":1575,"companyShortName":"百度","createTime":"2016-08-25 19:22:39","positionId":1477466,"positionAdvantage":"高薪，期权，带薪年假","salary":"20k-40k","score":0,"workYear":"3-5年","education":"本科","city":"北京","positionName":"高级java工程师","companyLogo":"image1/M00/00/06/CgYXBlTUWAWAOBXrAABGHHFb0q8748.jpg","financeStage":"上市公司","industryField":"移动互联网,数据服务","jobNature":"全职","approve":1,"companySize":"2000人以上","district":"海淀区","companyLabelList":["股票期权","弹性工作","五险一金","免费班车"],"adWord":0,"appShow":0,"deliver":0,"formatCreateTime":"2016-08-25","gradeDescription":null,"companyFullName":"百度在线网络技术（北京）有限公司","businessZones":["西北旺","马连洼","上地"],"imState":"disabled","lastLogin":1472123688000,"publisherId":3943694,"explain":null,"plus":null,"pcShow":0},{"companyId":59104,"companyShortName":"桃谷科技","createTime":"2016-08-25 19:18:42","positionId":653183,"positionAdvantage":"创业激情、朝阳行业、技术大牛云集","salary":"20k-24k","score":0,"workYear":"3-5年","education":"本科","city":"北京","positionName":"Java开发工程师","companyLogo":"image1/M00/23/91/Cgo8PFVIuJiAP2vAAACEyAv_ZfI122.jpg","financeStage":"初创型(天使轮)","industryField":"移动互联网,电子商务","jobNature":"全职","approve":1,"companySize":"50-150人","district":"海淀区","companyLabelList":["技能培训","岗位晋升","管理规范","领导好"],"adWord":0,"appShow":0,"deliver":0,"formatCreateTime":"2016-08-25","gradeDescription":null,"companyFullName":"北京桃谷科技有限公司","businessZones":["北太平庄","马甸","蓟门桥"],"imState":"today","lastLogin":1472550306000,"publisherId":1479420,"explain":null,"plus":null,"pcShow":0},{"companyId":36590,"companyShortName":"道有道","createTime":"2016-08-25 19:09:28","positionId":2290436,"positionAdvantage":"平台好","salary":"10k-16k","score":0,"workYear":"3-5年","education":"本科","city":"北京","positionName":"Java","companyLogo":"image1/M00/00/57/Cgo8PFTUXSmACdPrAABNJbDh1io798.png","financeStage":"成长型(A轮)","industryField":"移动互联网,广告营销","jobNature":"全职","approve":0,"companySize":"150-500人","district":"朝阳区","companyLabelList":["绩效奖金","岗位晋升","管理规范","通讯津贴"],"adWord":0,"appShow":0,"deliver":0,"formatCreateTime":"2016-08-25","gradeDescription":null,"companyFullName":"道有道","businessZones":null,"imState":"today","lastLogin":1472521938000,"publisherId":3434324,"explain":null,"plus":null,"pcShow":0},{"companyId":2768,"companyShortName":"易到用车","createTime":"2016-08-25 19:02:11","positionId":2253088,"positionAdvantage":"六险一金,绩效奖金,专业团队,舒适环境","salary":"15k-25k","score":0,"workYear":"3-5年","education":"本科","city":"北京","positionName":"Java","companyLogo":"i/image/M00/47/3B/CgqKkVeO8sWAS9d9AAAgP9GL_Zc630.png","financeStage":"成熟型(C轮)","industryField":"移动互联网,O2O","jobNature":"全职","approve":1,"companySize":"500-2000人","district":"海淀区","companyLabelList":["节日礼物","绩效奖金","岗位晋升","年度旅游"],"adWord":0,"appShow":0,"deliver":0,"formatCreateTime":"2016-08-25","gradeDescription":null,"companyFullName":"北京东方车云信息技术有限公司","businessZones":null,"imState":"today","lastLogin":1472556489000,"publisherId":313026,"explain":null,"plus":null,"pcShow":0},{"companyId":63383,"companyShortName":"博彦科技","createTime":"2016-08-25 18:56:46","positionId":2155949,"positionAdvantage":"项目前景 发展空间 优秀团队","salary":"20k-30k","score":0,"workYear":"5-10年","education":"本科","city":"北京","positionName":"Java Leader","companyLogo":"image1/M00/43/C0/Cgo8PFXSyROAXr5CAAATF5nO3SI031.jpg","financeStage":"上市公司","industryField":"企业服务,数据服务","jobNature":"全职","approve":1,"companySize":"2000人以上","district":"顺义区","companyLabelList":["技能培训","节日礼物","免费班车","带薪年假"],"adWord":0,"appShow":0,"deliver":0,"formatCreateTime":"2016-08-25","gradeDescription":null,"companyFullName":"博彦科技股份有限公司","businessZones":["天竺","新国展"],"imState":"today","lastLogin":1472544892000,"publisherId":3434780,"explain":null,"plus":null,"pcShow":0},{"companyId":3950,"companyShortName":"销售易","createTime":"2016-08-25 18:53:16","positionId":2276227,"positionAdvantage":"周末双休 五险一金 年底双薪 发展空间大","salary":"10k-20k","score":0,"workYear":"1-3年","education":"本科","city":"北京","positionName":"Java","companyLogo":"image1/M00/00/0A/CgYXBlTUWBWAUFOSAABYoBOBvGM636.jpg","financeStage":"成熟型(C轮)","industryField":"移动互联网,数据服务","jobNature":"全职","approve":1,"companySize":"150-500人","district":"朝阳区","companyLabelList":["技能培训","节日礼物","年底双薪","绩效奖金"],"adWord":0,"appShow":0,"deliver":0,"formatCreateTime":"2016-08-25","gradeDescription":null,"companyFullName":"仁科互动（北京）信息科技有限公司","businessZones":["朝外","京广桥","东大桥"],"imState":"today","lastLogin":1472564887000,"publisherId":2977440,"explain":null,"plus":null,"pcShow":0},{"companyId":62516,"companyShortName":"金融界.爱投顾","createTime":"2016-08-25 18:51:03","positionId":1992654,"positionAdvantage":"稳健平台 、技术大牛、股权","salary":"30k-35k","score":0,"workYear":"3-5年","education":"本科","city":"北京","positionName":"Java","companyLogo":"i/image/M00/04/FC/Cgp3O1bKYjeARF6vAAC9C3qHjw8917.png","financeStage":"上市公司","industryField":"社交网络,金融","jobNature":"全职","approve":1,"companySize":"500-2000人","district":null,"companyLabelList":["技能培训","年底双薪","节日礼物","绩效奖金"],"adWord":0,"appShow":0,"deliver":0,"formatCreateTime":"2016-08-25","gradeDescription":null,"companyFullName":"北京爱投顾网络技术有限公司","businessZones":null,"imState":"threeDays","lastLogin":1472465641000,"publisherId":1609057,"explain":null,"plus":null,"pcShow":0},{"companyId":10205,"companyShortName":"卖家云","createTime":"2016-08-25 18:34:30","positionId":1838713,"positionAdvantage":"期权+发展空间+弹性工作+福利双全+双休","salary":"20k-40k","score":0,"workYear":"3-5年","education":"本科","city":"北京","positionName":"Java（高级）","companyLogo":"i/image/M00/01/AE/Cgp3O1Zzb3aAccllAABrrN0sB3I743.jpg","financeStage":"成长型(A轮)","industryField":"电子商务","jobNature":"全职","approve":1,"companySize":"15-50人","district":null,"companyLabelList":["创业","绩效奖金","弹性工作","扁平管理"],"adWord":0,"appShow":0,"deliver":0,"formatCreateTime":"2016-08-25","gradeDescription":null,"companyFullName":"北京卖家云信息技术企业（有限合伙)","businessZones":null,"imState":"today","lastLogin":1472550963000,"publisherId":2283514,"explain":null,"plus":null,"pcShow":0},{"companyId":7945,"companyShortName":"云中万维（北京）科技有限公司","createTime":"2016-08-25 18:31:02","positionId":2214104,"positionAdvantage":"海外市场,支付系统,平台空间,核心团队","salary":"10k-20k","score":0,"workYear":"3-5年","education":"大专","city":"北京","positionName":"Java工程师","companyLogo":"image1/M00/00/10/CgYXBlTUWDCALKqPAABIUUKY8OU181.png","financeStage":"成长型(A轮)","industryField":"游戏","jobNature":"全职","approve":1,"companySize":"50-150人","district":"西城区","companyLabelList":["节日礼物","股票期权","岗位晋升","扁平管理"],"adWord":0,"appShow":0,"deliver":0,"formatCreateTime":"2016-08-25","gradeDescription":null,"companyFullName":"云中万维(北京)科技有限公司","businessZones":["车公庄","展览路","官园"],"imState":"today","lastLogin":1472529977000,"publisherId":5824337,"explain":null,"plus":null,"pcShow":0}]}},"code":0}