{"success":true,"requestId":null,"msg":null,"resubmitToken":null,"content":{"pageNo":22,"pageSize":15,"positionResult":{"totalCount":12338,"resultSize":15,"locationInfo":{"queryByGisCode":false,"businessZone":null,"locationCode":null,"city":"北京","district":null},"queryAnalysisInfo":{"industryName":null,"usefulCompany":false,"positionName":"java","companyName":null},"strategyProperty":{"name":"dm-csearch-newSimScorer","id":1},"result":[{"companyId":53137,"positionName":"高级Java工程师","workYear":"3-5年","education":"本科","jobNature":"全职","financeStage":"成熟型(不需要融资)","companyLogo":"image1/M00/26/84/CgYXBlVVpKmAT16vAAB-lRbYIa8041.jpg","industryField":"O2O","companyShortName":"金色家园科技","city":"北京","salary":"20k-30k","positionId":2056328,"positionAdvantage":"14薪，各种福利补贴","district":null,"createTime":"2016-08-30 12:42:13","companyLabelList":["节日礼物","带薪年假","绩效奖金","管理规范"],"approve":1,"companySize":"500-2000人","score":0,"companyFullName":"金色家园网络科技有限公司","adWord":0,"formatCreateTime":"12:42发布","publisherId":2438961,"explain":null,"plus":null,"pcShow":0,"appShow":0,"deliver":0,"gradeDescription":null,"businessZones":null,"imState":"today","lastLogin":1472546768000},{"companyId":29496,"positionName":"Java高级","workYear":"3-5年","education":"本科","jobNature":"全职","financeStage":"成长型(B轮)","companyLogo":"image1/M00/00/41/Cgo8PFTUXMuAeMAuAABAtFBcbOM313.png","industryField":"移动互联网,金融","companyShortName":"闪银奇异","city":"北京","salary":"15k-30k","positionId":1399622,"positionAdvantage":"六险一金补充医疗 自助午餐 体检 技术分享","district":"朝阳区","createTime":"2016-08-30 10:56:42","companyLabelList":["13~15薪","晋升空间大","定期体检","能力定薪"],"approve":1,"companySize":"150-500人","score":0,"companyFullName":"北京闪银奇异科技有限公司","adWord":0,"formatCreateTime":"10:56发布","publisherId":410602,"explain":null,"plus":null,"pcShow":0,"appShow":0,"deliver":0,"gradeDescription":null,"businessZones":["团结湖","朝阳公园","三里屯"],"imState":"disabled","lastLogin":1472548788000},{"companyId":142418,"positionName":"Java","workYear":"3-5年","education":"本科","jobNature":"全职","financeStage":"成长型(不需要融资)","companyLogo":"i/image/M00/4C/90/Cgp3O1ei686AbNk2AAAJXaN543o669.png","industryField":"移动互联网,企业服务","companyShortName":"普瑞智能","city":"北京","salary":"18k-35k","positionId":2303919,"positionAdvantage":"周末双休 弹性工作时间 五险一金 各种福利","district":"东城区","createTime":"2016-08-30 10:53:28","companyLabelList":["年底双薪","专项奖金","绩效奖金","交通补助"],"approve":0,"companySize":"50-150人","score":0,"companyFullName":"北京普瑞智能科技有限公司","adWord":0,"formatCreateTime":"10:53发布","publisherId":5839095,"explain":null,"plus":null,"pcShow":0,"appShow":0,"deliver":0,"gradeDescription":null,"businessZones":["珠市口","天桥","虎坊桥"],"imState":"disabled","lastLogin":1472546903000},{"companyId":139755,"positionName":"java开发工程师(013077)","workYear":"1-3年","education":"不限","jobNature":"全职","financeStage":"上市公司","companyLogo":"i/image/M00/47/C2/CgqKkVeQeeuACjPgAAA9ycooxwY207.png","industryField":"电子商务","companyShortName":"京东商城","city":"北京","salary":"15k-20k","positionId":2303871,"positionAdvantage":"平台好，技术强，氛围好，福利待遇优厚","district":"大兴区","createTime":"2016-08-30 10:49:49","companyLabelList":["绩效奖金","午餐补助","节日礼物","免费班车"],"approve":1,"companySize":"2000人以上","score":0,"companyFullName":"北京京东世纪贸易有限公司","adWord":0,"formatCreateTime":"10:49发布","publisherId":5709025,"explain":null,"plus":null,"pcShow":0,"appShow":0,"deliver":0,"gradeDescription":null,"businessZones":null,"imState":"disabled","lastLogin":1472525030000},{"companyId":114824,"positionName":"Java技术经理","workYear":"5-10年","education":"本科","jobNature":"全职","financeStage":"成长型(A轮)","companyLogo":"i/image/M00/03/E8/CgqKkVbESpuABTwwAAAIT4yEjiM744.jpg","industryField":"移动互联网,电子商务","companyShortName":"MENA MOBILE","city":"北京","salary":"20k-30k","positionId":2303864,"positionAdvantage":"领导nic,蓝海市场,大牛指导","district":"朝阳区","createTime":"2016-08-30 10:49:26","companyLabelList":null,"approve":1,"companySize":"15-50人","score":0,"companyFullName":"北京米纳科技有限公司","adWord":0,"formatCreateTime":"10:49发布","publisherId":3927746,"explain":null,"plus":null,"pcShow":0,"appShow":0,"deliver":0,"gradeDescription":null,"businessZones":["望京","大山子","花家地"],"imState":"today","lastLogin":1472545249000},{"companyId":6678,"positionName":"JAVA高级开发工程师","workYear":"3-5年","education":"本科","jobNature":"全职","financeStage":"成长型(A轮)","companyLogo":"image1/M00/00/0E/Cgo8PFTUWCaACjS7AABTpR_TaPw933.jpg","industryField":"金融","companyShortName":"人人贷","city":"北京","salary":"20k-35k","positionId":2303847,"positionAdvantage":"互联网金融知名企业，技术团队实力强","district":null,"createTime":"2016-08-30 10:48:22","companyLabelList":["绩效奖金","年底双薪","五险一金","交通补助"],"approve":1,"companySize":"150-500人","score":0,"companyFullName":"人人贷商务顾问（北京）有限公司","adWord":0,"formatCreateTime":"10:48发布","publisherId":5066008,"explain":null,"plus":null,"pcShow":0,"appShow":0,"deliver":0,"gradeDescription":null,"businessZones":null,"imState":"disabled","lastLogin":1472550951000},{"companyId":4838,"positionName":"java开发","workYear":"1-3年","education":"本科","jobNature":"全职","financeStage":"成熟型(不需要融资)","companyLogo":"image1/M00/00/0B/CgYXBlTUWBuAUJAkAAB6cj6qvIk863.jpg","industryField":"移动互联网,金融","companyShortName":"安邦保险集团","city":"北京","salary":"10k-20k","positionId":1453436,"positionAdvantage":"广阔的发展平台，优厚的薪酬待遇","district":"朝阳区","createTime":"2016-08-30 10:46:47","companyLabelList":["绩效奖金","专项奖金","五险一金","通讯津贴"],"approve":1,"companySize":"2000人以上","score":0,"companyFullName":"安邦保险集团股份有限公司","adWord":0,"formatCreateTime":"10:46发布","publisherId":3495970,"explain":null,"plus":null,"pcShow":0,"appShow":0,"deliver":0,"gradeDescription":null,"businessZones":["建外大街","国贸","CBD"],"imState":"today","lastLogin":1472547533000},{"companyId":21429,"positionName":"Java开发工程师","workYear":"3-5年","education":"大专","jobNature":"全职","financeStage":"初创型(未融资)","companyLogo":"image1/M00/00/27/Cgo8PFTUWIqAFsTkAABljN6Tx2o934.jpg","industryField":"移动互联网,企业服务","companyShortName":"博超","city":"北京","salary":"10k-15k","positionId":2226346,"positionAdvantage":"平台好，发展空间大","district":"昌平区","createTime":"2016-08-30 10:44:18","companyLabelList":["绩效奖金","五险一金","带薪年假","年度旅游"],"approve":0,"companySize":"150-500人","score":0,"companyFullName":"北京博超时代软件有限公司","adWord":0,"formatCreateTime":"10:44发布","publisherId":4880543,"explain":null,"plus":null,"pcShow":0,"appShow":0,"deliver":0,"gradeDescription":null,"businessZones":null,"imState":"today","lastLogin":1472541123000},{"companyId":50395,"positionName":"高级JAVA研发工程师","workYear":"5-10年","education":"本科","jobNature":"全职","financeStage":"成长型(不需要融资)","companyLogo":"i/image/M00/21/46/CgqKkVcQdTuAEQqHAAAkw4Y_Eag833.png","industryField":"移动互联网,金融","companyShortName":"合众易宝","city":"北京","salary":"18k-32k","positionId":2113034,"positionAdvantage":"集团企业 行业发展 绩效奖金 多种福利","district":"海淀区","createTime":"2016-08-30 10:43:31","companyLabelList":["股票期权","带薪年假","绩效奖金","扁平管理"],"approve":1,"companySize":"50-150人","score":0,"companyFullName":"武汉合众易宝科技有限公司","adWord":0,"formatCreateTime":"10:43发布","publisherId":3549090,"explain":null,"plus":null,"pcShow":0,"appShow":0,"deliver":0,"gradeDescription":null,"businessZones":["四季青"],"imState":"today","lastLogin":1472528392000},{"companyId":52709,"positionName":"Java","workYear":"3-5年","education":"本科","jobNature":"全职","financeStage":"成长型(A轮)","companyLogo":"image1/M00/43/0D/Cgo8PFXO2rOAfNGpAABHpYu_Lg0629.png","industryField":"移动互联网,O2O","companyShortName":"两刻钟科技","city":"北京","salary":"18k-35k","positionId":2194281,"positionAdvantage":"公司发展好 优质团队 领导nice","district":"朝阳区","createTime":"2016-08-30 10:43:18","companyLabelList":["节日礼物","绩效奖金","年度旅游","岗位晋升"],"approve":1,"companySize":"150-500人","score":0,"companyFullName":"北京两刻钟科技有限公司","adWord":0,"formatCreateTime":"10:43发布","publisherId":1555997,"explain":null,"plus":null,"pcShow":0,"appShow":0,"deliver":0,"gradeDescription":null,"businessZones":["亮马桥","三元桥","左家庄"],"imState":"today","lastLogin":1472538883000},{"companyId":84870,"positionName":"Java","workYear":"3-5年","education":"本科","jobNature":"全职","financeStage":"成长型(A轮)","companyLogo":"image1/M00/3B/A1/CgYXBlWw7VuAOE_7AAALycWVWEk896.png?cc=0.6342914844863117","industryField":"移动互联网,金融","companyShortName":"大象保险","city":"北京","salary":"10k-20k","positionId":914726,"positionAdvantage":"互联网金融、热门领域、高成长、股权激励","district":"东城区","createTime":"2016-08-30 10:42:56","companyLabelList":["年底双薪","股票期权","带薪年假","领导好"],"approve":0,"companySize":"50-150人","score":0,"companyFullName":"世纪保险经纪有限公司","adWord":0,"formatCreateTime":"10:42发布","publisherId":2140607,"explain":null,"plus":null,"pcShow":0,"appShow":0,"deliver":0,"gradeDescription":null,"businessZones":["朝阳门","朝外","东四"],"imState":"today","lastLogin":1472544878000},{"companyId":46137,"positionName":"java","workYear":"3-5年","education":"本科","jobNature":"全职","financeStage":"成长型(不需要融资)","companyLogo":"i/image/M00/4E/06/Cgp3O1epeASAJ3v_AAH47X4HMic960.jpg","industryField":"移动互联网","companyShortName":"合众财险","city":"北京","salary":"10k-20k","positionId":2267645,"positionAdvantage":"领导nice，福利好，晋升广阔。","district":null,"createTime":"2016-08-30 10:41:55","companyLabelList":["节日礼物","岗位晋升","管理规范","五险一金"],"approve":1,"companySize":"150-500人","score":0,"companyFullName":"合众财产保险股份有限公司","adWord":0,"formatCreateTime":"10:41发布","publisherId":890722,"explain":null,"plus":null,"pcShow":0,"appShow":0,"deliver":0,"gradeDescription":null,"businessZones":null,"imState":"today","lastLogin":1472549208000},{"companyId":40625,"positionName":"资深Java开发工程师","workYear":"5-10年","education":"本科","jobNature":"全职","financeStage":"成长型(不需要融资)","companyLogo":"image1/M00/41/39/Cgo8PFXIEIaAZHf2AADPKTAak08464.png","industryField":"数据服务","companyShortName":"智慧星光","city":"北京","salary":"15k-30k","positionId":1574245,"positionAdvantage":"福利多、发展空间大、美女多、帅哥多","district":"海淀区","createTime":"2016-08-30 10:41:40","companyLabelList":["五险一金","岗位晋升","带薪年假","电话交通补贴"],"approve":1,"companySize":"150-500人","score":0,"companyFullName":"北京智慧星光信息技术有限公司","adWord":0,"formatCreateTime":"10:41发布","publisherId":750711,"explain":null,"plus":null,"pcShow":0,"appShow":0,"deliver":0,"gradeDescription":null,"businessZones":["中关村","人民大学","苏州街"],"imState":"disabled","lastLogin":1472535732000},{"companyId":25073,"positionName":"Java工程师","workYear":"3-5年","education":"本科","jobNature":"全职","financeStage":"成长型(B轮)","companyLogo":"image1/M00/00/33/CgYXBlTUXJCAUt7eAAAmKw8X16w295.jpg","industryField":"O2O","companyShortName":"千丁互联","city":"北京","salary":"15k-22k","positionId":2047735,"positionAdvantage":"15-17薪、带薪年假、五险一金","district":"朝阳区","createTime":"2016-08-30 10:40:05","companyLabelList":["年底双薪","绩效奖金","岗位晋升","美味三餐"],"approve":1,"companySize":"150-500人","score":0,"companyFullName":"北京千丁互联科技有限公司","adWord":0,"formatCreateTime":"10:40发布","publisherId":741279,"explain":null,"plus":null,"pcShow":0,"appShow":0,"deliver":0,"gradeDescription":null,"businessZones":["常营","管庄"],"imState":"today","lastLogin":1472551049000},{"companyId":50702,"positionName":"Java后台开发","workYear":"3-5年","education":"本科","jobNature":"全职","financeStage":"成熟型(D轮及以上)","companyLogo":"i/image/M00/4B/6C/CgqKkVefHv-AFoRzAAAuALF7ZZ0419.png","industryField":"移动互联网,O2O","companyShortName":"美团点评","city":"北京","salary":"18k-35k","positionId":2303759,"positionAdvantage":"O2O，技术控","district":"朝阳区","createTime":"2016-08-30 10:39:21","companyLabelList":["技能培训","绩效奖金","岗位晋升","领导好"],"approve":1,"companySize":"2000人以上","score":0,"companyFullName":"北京三快在线科技有限公司","adWord":0,"formatCreateTime":"10:39发布","publisherId":1979411,"explain":null,"plus":null,"pcShow":0,"appShow":0,"deliver":0,"gradeDescription":null,"businessZones":["望京","来广营"],"imState":"today","lastLogin":1472576110000}]}},"code":0}