{"resubmitToken":null,"success":true,"requestId":null,"msg":null,"content":{"pageNo":60,"pageSize":15,"positionResult":{"totalCount":12338,"resultSize":15,"locationInfo":{"city":"北京","district":null,"businessZone":null,"queryByGisCode":false,"locationCode":null},"queryAnalysisInfo":{"positionName":"java","companyName":null,"industryName":null,"usefulCompany":false},"strategyProperty":{"name":"dm-csearch-newSimScorer","id":1},"result":[{"companyId":31590,"positionName":"Java（ZY）","workYear":"不限","education":"本科","jobNature":"全职","createTime":"2016-08-29 10:21:49","companyShortName":"四维图新","positionId":2297683,"salary":"10k-15k","approve":1,"city":"北京","positionAdvantage":"餐饮补助 弹性工作 年终奖励 七险一金","companyLogo":"image1/M00/28/43/Cgo8PFVeyH-AIv6ZAAAxGUh8MS0606.png","industryField":"移动互联网,生活服务","companyLabelList":["技能培训","节日礼物","带薪年假","岗位晋升"],"financeStage":"上市公司","district":null,"score":0,"companySize":"2000人以上","companyFullName":"北京四维图新科技股份有限公司","adWord":0,"formatCreateTime":"1天前发布","imState":"today","lastLogin":1472558226000,"publisherId":1553618,"explain":null,"plus":null,"pcShow":0,"appShow":0,"deliver":0,"gradeDescription":null,"businessZones":null},{"companyId":47865,"positionName":"Java","workYear":"3-5年","education":"本科","jobNature":"全职","createTime":"2016-08-29 10:18:34","companyShortName":"飞驰镁物","positionId":588731,"salary":"10k-20k","approve":1,"city":"北京","positionAdvantage":"科技艺术园区，创业团队，与牛人并肩作战以","companyLogo":"i/image/M00/01/24/CgqKkVZhB6yAA59KAAArDyePmY8571.jpg","industryField":"移动互联网,数据服务","companyLabelList":["智能汽车","车联网","股票期权","黄金团队组合"],"financeStage":"成长型(A轮)","district":"朝阳区","score":0,"companySize":"50-150人","companyFullName":"飞驰镁物（北京）科技有限公司","adWord":0,"formatCreateTime":"1天前发布","imState":"disabled","lastLogin":1472547820000,"publisherId":928750,"explain":null,"plus":null,"pcShow":0,"appShow":0,"deliver":0,"gradeDescription":null,"businessZones":["百子湾","南磨房"]},{"companyId":105594,"positionName":"Java","workYear":"1-3年","education":"不限","jobNature":"全职","createTime":"2016-08-29 10:18:18","companyShortName":"榆钱","positionId":1635175,"salary":"10k-20k","approve":0,"city":"北京","positionAdvantage":"六险一金，弹性工作","companyLogo":"image2/M00/15/44/CgpzWlZCoiqAW-UFAAAP3T4KnY0547.jpg?cc=0.3467888468876481","industryField":"移动互联网","companyLabelList":["年底双薪","股票期权","年终分红","绩效奖金"],"financeStage":"初创型(不需要融资)","district":"海淀区","score":0,"companySize":"15-50人","companyFullName":"榆钱(北京)科技有限公司","adWord":0,"formatCreateTime":"1天前发布","imState":"disabled","lastLogin":1472547633000,"publisherId":3121531,"explain":null,"plus":null,"pcShow":0,"appShow":0,"deliver":0,"gradeDescription":null,"businessZones":["上地","马连洼","西二旗"]},{"companyId":4838,"positionName":"Java开发","workYear":"1-3年","education":"本科","jobNature":"全职","createTime":"2016-08-29 10:17:46","companyShortName":"安邦保险集团","positionId":2009068,"salary":"10k-20k","approve":1,"city":"北京","positionAdvantage":"广阔的发展平台，优厚的薪酬待遇","companyLogo":"image1/M00/00/0B/CgYXBlTUWBuAUJAkAAB6cj6qvIk863.jpg","industryField":"移动互联网,金融","companyLabelList":["绩效奖金","专项奖金","五险一金","通讯津贴"],"financeStage":"成熟型(不需要融资)","district":"朝阳区","score":0,"companySize":"2000人以上","companyFullName":"安邦保险集团股份有限公司","adWord":0,"formatCreateTime":"1天前发布","imState":"disabled","lastLogin":1472461022000,"publisherId":5104454,"explain":null,"plus":null,"pcShow":0,"appShow":0,"deliver":0,"gradeDescription":null,"businessZones":["建外大街","国贸","CBD"]},{"companyId":112681,"positionName":"JAVA开发工程师","workYear":"3-5年","education":"本科","jobNature":"全职","createTime":"2016-08-29 10:14:03","companyShortName":"签玺科技","positionId":1622076,"salary":"15k-20k","approve":0,"city":"北京","positionAdvantage":"五险一金","companyLogo":"i/image/M00/30/65/CgqKkVdGck2AKx-4AAAGkgZ0PR8081.jpg","industryField":"电子商务","companyLabelList":["股票期权","年底双薪","午餐补助","带薪年假"],"financeStage":"初创型(天使轮)","district":"朝阳区","score":0,"companySize":"15-50人","companyFullName":"北京签玺科技有限公司","adWord":0,"formatCreateTime":"1天前发布","imState":"disabled","lastLogin":1472440016000,"publisherId":3734870,"explain":null,"plus":null,"pcShow":0,"appShow":0,"deliver":0,"gradeDescription":null,"businessZones":["望京","花家地","来广营"]},{"companyId":104754,"positionName":"Java","workYear":"3-5年","education":"大专","jobNature":"全职","createTime":"2016-08-29 10:13:19","companyShortName":"天安车联网","positionId":2121879,"salary":"9k-15k","approve":1,"city":"北京","positionAdvantage":"五险一金 团队出游","companyLogo":"image2/M00/13/53/CgqLKVY6rCOAFr4qAALVhHnMCHQ594.png?cc=0.10614215745590627","industryField":"O2O,生活服务","companyLabelList":["绩效奖金","扁平管理","美女多","帅哥多"],"financeStage":"上市公司","district":"海淀区","score":0,"companySize":"50-150人","companyFullName":"江苏天安智联科技股份有限公司","adWord":0,"formatCreateTime":"1天前发布","imState":"disabled","lastLogin":1472524572000,"publisherId":3252721,"explain":null,"plus":null,"pcShow":0,"appShow":0,"deliver":0,"gradeDescription":null,"businessZones":["上地","马连洼","颐和园"]},{"companyId":51621,"positionName":"JAVA技术经理","workYear":"5-10年","education":"本科","jobNature":"全职","createTime":"2016-08-29 10:13:01","companyShortName":"悟空租车","positionId":2220033,"salary":"20k-30k","approve":0,"city":"北京","positionAdvantage":"六险一金 弹性工作","companyLogo":"i/image/M00/31/AB/CgqKkVdL7WeAdK9SAAAvM7Gf5Lc656.jpg","industryField":"O2O,电子商务","companyLabelList":null,"financeStage":"成长型(A轮)","district":"东城区","score":0,"companySize":"150-500人","companyFullName":"脚印兄弟(北京)信息科技有限责任公司","adWord":0,"formatCreateTime":"1天前发布","imState":"disabled","lastLogin":1472436657000,"publisherId":5877588,"explain":null,"plus":null,"pcShow":0,"appShow":0,"deliver":0,"gradeDescription":null,"businessZones":["东直门","三里屯","海运仓"]},{"companyId":102581,"positionName":"Java开发","workYear":"1-3年","education":"本科","jobNature":"全职","createTime":"2016-08-29 10:12:34","companyShortName":"100课堂","positionId":2066710,"salary":"10k-20k","approve":1,"city":"北京","positionAdvantage":"【成长空间大+发展前景好】PHP软件工程师","companyLogo":"image2/M00/0F/EB/CgqLKVYrUnKAS-7KAAATqc8gnA0277.jpg?cc=0.0753089243080467","industryField":"移动互联网,教育","companyLabelList":["节日礼物","带薪年假","绩效奖金","年度旅游"],"financeStage":"初创型(未融资)","district":null,"score":0,"companySize":"50-150人","companyFullName":"北京亿佰教育科技有限公司","adWord":0,"formatCreateTime":"1天前发布","imState":"today","lastLogin":1472548564000,"publisherId":4388719,"explain":null,"plus":null,"pcShow":0,"appShow":0,"deliver":0,"gradeDescription":null,"businessZones":null},{"companyId":9995,"positionName":"Java","workYear":"3-5年","education":"本科","jobNature":"全职","createTime":"2016-08-29 10:12:26","companyShortName":"北京天融信公司","positionId":2267019,"salary":"10k-17k","approve":1,"city":"北京","positionAdvantage":"五险一金;带薪年假;优秀团队;免费班车","companyLogo":"i/image/M00/00/96/Cgp3O1ZOk2WAF-VNAABfjim7IyU208.jpg","industryField":"信息安全","companyLabelList":["五险一金","弹性工作","交通补助","定期体检"],"financeStage":"上市公司","district":"朝阳区","score":0,"companySize":"2000人以上","companyFullName":"北京天融信网络安全","adWord":0,"formatCreateTime":"1天前发布","imState":"disabled","lastLogin":1472436724000,"publisherId":3473937,"explain":null,"plus":null,"pcShow":0,"appShow":0,"deliver":0,"gradeDescription":null,"businessZones":["左家庄","三元桥","国展"]},{"companyId":160,"positionName":"高级Java工程师","workYear":"3-5年","education":"本科","jobNature":"全职","createTime":"2016-08-29 10:12:25","companyShortName":"CC视频","positionId":2013561,"salary":"10k-20k","approve":1,"city":"北京","positionAdvantage":"五险一金、职位晋升、发展平台，绩效奖金","companyLogo":"image1/M00/00/02/Cgo8PFTUV_WAJH6qAAAuMWYFaIM062.jpg","industryField":"数据服务,文化娱乐","companyLabelList":["年底双薪","节日礼物","技能培训","年度旅游"],"financeStage":"成长型(B轮)","district":null,"score":0,"companySize":"150-500人","companyFullName":"北京梦之窗数码科技有限公司","adWord":0,"formatCreateTime":"1天前发布","imState":"today","lastLogin":1472554129000,"publisherId":1961114,"explain":null,"plus":null,"pcShow":0,"appShow":0,"deliver":0,"gradeDescription":null,"businessZones":null},{"companyId":59860,"positionName":"Java","workYear":"3-5年","education":"大专","jobNature":"全职","createTime":"2016-08-29 10:11:28","companyShortName":"北京北方科诚科技股份有限公司","positionId":1692865,"salary":"10k-18k","approve":1,"city":"北京","positionAdvantage":"靠谱攻城狮快到碗里来","companyLogo":"i/image/M00/01/B1/CgqKkVZznxyAAy0xAAASXRpxvc0241.png","industryField":"移动互联网,电子商务","companyLabelList":["带薪年假","定期体检","定期团建","定期郊游"],"financeStage":"上市公司","district":"海淀区","score":0,"companySize":"50-150人","companyFullName":"北京北方科诚科技股份有限公司","adWord":0,"formatCreateTime":"1天前发布","imState":"disabled","lastLogin":1472436617000,"publisherId":3201039,"explain":null,"plus":null,"pcShow":0,"appShow":0,"deliver":0,"gradeDescription":null,"businessZones":["北下关","交通大学","皂君庙"]},{"companyId":50702,"positionName":"高级Java/技术专家","workYear":"3-5年","education":"本科","jobNature":"全职","createTime":"2016-08-29 10:11:17","companyShortName":"美团点评","positionId":2136658,"salary":"18k-35k","approve":1,"city":"北京","positionAdvantage":"O2O，技术控","companyLogo":"i/image/M00/4B/6C/CgqKkVefHv-AFoRzAAAuALF7ZZ0419.png","industryField":"移动互联网,O2O","companyLabelList":["技能培训","绩效奖金","岗位晋升","领导好"],"financeStage":"成熟型(D轮及以上)","district":"朝阳区","score":0,"companySize":"2000人以上","companyFullName":"北京三快在线科技有限公司","adWord":0,"formatCreateTime":"1天前发布","imState":"today","lastLogin":1472576110000,"publisherId":1979411,"explain":null,"plus":null,"pcShow":0,"appShow":0,"deliver":0,"gradeDescription":null,"businessZones":["望京","来广营"]},{"companyId":3450,"positionName":"Java技术经理","workYear":"5-10年","education":"大专","jobNature":"全职","createTime":"2016-08-29 10:10:42","companyShortName":"北京捷越联合","positionId":1989600,"salary":"15k-25k","approve":1,"city":"北京","positionAdvantage":"六险一金、周末双休、绩效奖金、年底双薪","companyLogo":"image1/M00/00/09/CgYXBlTUWBKAOr5hAACxUg3QoJc703.png","industryField":"金融","companyLabelList":["技能培训","节日礼物","岗位晋升","扁平管理"],"financeStage":"成熟型(不需要融资)","district":"东城区","score":0,"companySize":"2000人以上","companyFullName":"北京捷越联合信息咨询有限公司","adWord":0,"formatCreateTime":"1天前发布","imState":"disabled","lastLogin":1472551039000,"publisherId":3397394,"explain":null,"plus":null,"pcShow":0,"appShow":0,"deliver":0,"gradeDescription":null,"businessZones":["朝阳门","朝外","东四"]},{"companyId":49601,"positionName":"Java","workYear":"3-5年","education":"大专","jobNature":"全职","createTime":"2016-08-29 10:09:28","companyShortName":"热锋互动","positionId":1686420,"salary":"13k-25k","approve":1,"city":"北京","positionAdvantage":"java后端","companyLogo":"image1/M00/0C/EA/CgYXBlT2jJiANy6yAABeRUf0qas324.png","industryField":"游戏","companyLabelList":["专项奖金","带薪年假","绩效奖金","扁平管理"],"financeStage":"初创型(不需要融资)","district":"东城区","score":0,"companySize":"15-50人","companyFullName":"北京热锋网络科技有限公司","adWord":0,"formatCreateTime":"1天前发布","imState":"disabled","lastLogin":1472557352000,"publisherId":970291,"explain":null,"plus":null,"pcShow":0,"appShow":0,"deliver":0,"gradeDescription":null,"businessZones":["北新桥","东直门","雍和宫"]},{"companyId":54625,"positionName":"高级Java开发工程师","workYear":"5-10年","education":"本科","jobNature":"全职","createTime":"2016-08-29 10:09:06","companyShortName":"资配易","positionId":470962,"salary":"20k-40k","approve":1,"city":"北京","positionAdvantage":"五险一金、上市、双休、不加班","companyLogo":"image1/M00/0D/0E/CgYXBlT2vCOAfUotAABoyaB3aSU533.jpg","industryField":"金融","companyLabelList":["技能培训","专项奖金","股票期权","带薪年假"],"financeStage":"成长型(A轮)","district":"朝阳区","score":0,"companySize":"50-150人","companyFullName":"北京资配易投资顾问有限公司","adWord":0,"formatCreateTime":"1天前发布","imState":"disabled","lastLogin":1472534636000,"publisherId":1362052,"explain":null,"plus":null,"pcShow":0,"appShow":0,"deliver":0,"gradeDescription":null,"businessZones":["望京"]}]}},"code":0}