{"success":true,"requestId":null,"msg":null,"resubmitToken":null,"content":{"pageNo":37,"pageSize":15,"positionResult":{"resultSize":15,"totalCount":12338,"locationInfo":{"city":"北京","district":null,"queryByGisCode":false,"locationCode":null,"businessZone":null},"queryAnalysisInfo":{"positionName":"java","companyName":null,"usefulCompany":false,"industryName":null},"strategyProperty":{"name":"dm-csearch-newSimScorer","id":1},"result":[{"createTime":"2016-08-30 10:23:11","formatCreateTime":"10:23发布","companyId":3786,"positionName":"高级Java开发工程师","workYear":"3-5年","education":"本科","jobNature":"全职","companyShortName":"宜信","city":"北京","salary":"25k-35k","financeStage":"成熟型(不需要融资)","positionId":1651564,"companyLogo":"i/image/M00/01/C8/Cgp3O1Z3lASAVbZHAABCha8eqHY645.jpg","positionAdvantage":"福利待遇 发展前景","approve":1,"district":"朝阳区","score":0,"companyLabelList":["管理规范","技能培训","扁平管理","弹性工作"],"industryField":"移动互联网,金融","companySize":"2000人以上","imState":"today","lastLogin":1472552173000,"publisherId":944625,"explain":null,"plus":null,"pcShow":0,"appShow":0,"deliver":0,"gradeDescription":null,"businessZones":["大望路","红庙","华贸"],"companyFullName":"普信恒业科技发展（北京）有限公司","adWord":0},{"createTime":"2016-08-30 08:31:25","formatCreateTime":"08:31发布","companyId":5812,"positionName":"Java开发工程师","workYear":"3-5年","education":"本科","jobNature":"全职","companyShortName":"用友","city":"北京","salary":"15k-25k","financeStage":"上市公司","positionId":1801756,"companyLogo":"image1/M00/00/0C/Cgo8PFTUWCCAaF4PAAAm3kBS87s438.png","positionAdvantage":"公司发展前景好，办公室环境好","approve":1,"district":"海淀区","score":0,"companyLabelList":["技能培训","节日礼物","免费班车","岗位晋升"],"industryField":"企业服务,数据服务","companySize":"2000人以上","imState":"disabled","lastLogin":1472518601000,"publisherId":579628,"explain":null,"plus":null,"pcShow":0,"appShow":0,"deliver":0,"gradeDescription":null,"businessZones":["西北旺","京广桥","朝外","东大桥"],"companyFullName":"用友网络科技股份有限公司","adWord":0},{"createTime":"2016-08-29 19:59:16","formatCreateTime":"1天前发布","companyId":41823,"positionName":"Java开发工程师","workYear":"不限","education":"不限","jobNature":"全职","companyShortName":"58到家","city":"北京","salary":"15k-30k","financeStage":"成长型(A轮)","positionId":606039,"companyLogo":"i/image/M00/01/CC/Cgp3O1Z3ydqAGMD9AAAZzkx2ztQ555.png","positionAdvantage":"58同城创业项目、六险一金、弹性工时等","approve":1,"district":"朝阳区","score":0,"companyLabelList":["节日礼物","技能培训","股票期权","免费班车"],"industryField":"O2O,生活服务","companySize":"2000人以上","imState":"today","lastLogin":1472559591000,"publisherId":1612829,"explain":null,"plus":null,"pcShow":0,"appShow":0,"deliver":0,"gradeDescription":null,"businessZones":["小营","对外经贸","芍药居"],"companyFullName":"天津五八到家生活服务有限公司","adWord":0},{"createTime":"2016-08-29 18:58:19","formatCreateTime":"1天前发布","companyId":19421,"positionName":"Java开发工程师","workYear":"1-3年","education":"大专","jobNature":"全职","companyShortName":"知果果网","city":"北京","salary":"15k-20k","financeStage":"成长型(A轮)","positionId":888369,"companyLogo":"image2/M00/03/45/CgpzWlXtmEuANWMsAAIZKlf5iu4981.jpg","positionAdvantage":"五年后我们一起敲钟","approve":1,"district":"海淀区","score":0,"companyLabelList":["股票期权","带薪年假","弹性工作","节日礼物"],"industryField":"电子商务,企业服务","companySize":"150-500人","imState":"disabled","lastLogin":1472553730000,"publisherId":827795,"explain":null,"plus":null,"pcShow":0,"appShow":0,"deliver":0,"gradeDescription":null,"businessZones":["中关村","苏州桥","苏州街"],"companyFullName":"北京知果科技有限公司","adWord":0},{"createTime":"2016-08-29 18:41:08","formatCreateTime":"1天前发布","companyId":59902,"positionName":"Java中高级开发","workYear":"3-5年","education":"本科","jobNature":"全职","companyShortName":"轻易贷","city":"北京","salary":"15k-30k","financeStage":"上市公司","positionId":1145028,"companyLogo":"image1/M00/18/18/CgYXBlUTlSSAHrUXAAB7UF2a0c8923.png","positionAdvantage":"五险一金、弹性工作制、上市期权股票","approve":1,"district":"海淀区","score":0,"companyLabelList":["五险一金","弹性工作","带薪年假","免费工作餐"],"industryField":"金融","companySize":"2000人以上","imState":"today","lastLogin":1472554770000,"publisherId":1509885,"explain":null,"plus":null,"pcShow":0,"appShow":0,"deliver":0,"gradeDescription":null,"businessZones":["西北旺","马连洼","上地"],"companyFullName":"轻易科技有限公司","adWord":0},{"createTime":"2016-08-29 18:24:11","formatCreateTime":"1天前发布","companyId":42899,"positionName":"高级Java开发工程师","workYear":"5-10年","education":"本科","jobNature":"全职","companyShortName":"小蚁","city":"北京","salary":"20k-35k","financeStage":"成熟型(C轮)","positionId":899981,"companyLogo":"image2/M00/11/69/CgqLKVYx6mCAEWmWAAA8Uo7yHIc510.jpg?cc=0.24744720198214054","positionAdvantage":"六险一金、股票期权、餐补、水果零食","approve":1,"district":"海淀区","score":0,"companyLabelList":["年底双薪","节日礼物","技能培训","年度旅游"],"industryField":"移动互联网,硬件","companySize":"150-500人","imState":"today","lastLogin":1472523108000,"publisherId":808170,"explain":null,"plus":null,"pcShow":0,"appShow":0,"deliver":0,"gradeDescription":null,"businessZones":["清河","上地"],"companyFullName":"上海小蚁科技有限公司","adWord":0},{"createTime":"2016-08-29 18:22:29","formatCreateTime":"1天前发布","companyId":124393,"positionName":"Java实习生","workYear":"1年以下","education":"本科","jobNature":"实习","companyShortName":"摩尔金融","city":"北京","salary":"3k-5k","financeStage":"成长型(A轮)","positionId":2175279,"companyLogo":"i/image/M00/20/B2/Cgp3O1cO9wOATxdlAAAju1GgRYc372.jpg","positionAdvantage":"技术提升快","approve":1,"district":"朝阳区","score":0,"companyLabelList":["交通补助","午餐补助","弹性工作","帅哥多"],"industryField":"移动互联网,社交网络","companySize":"50-150人","imState":"today","lastLogin":1472568409000,"publisherId":4792767,"explain":null,"plus":null,"pcShow":0,"appShow":0,"deliver":0,"gradeDescription":null,"businessZones":["高碑店","四惠","十里堡"],"companyFullName":"摩尔星灵（北京）网络科技有限公司","adWord":0},{"createTime":"2016-08-29 18:21:54","formatCreateTime":"1天前发布","companyId":2098,"positionName":"技术团队leader（Java）","workYear":"5-10年","education":"本科","jobNature":"全职","companyShortName":"掌阅iReader","city":"北京","salary":"28k-38k","financeStage":"成长型(A轮)","positionId":2125397,"companyLogo":"i/image/M00/32/8D/Cgp3O1dOn7WATofaAAA5t9ehG08587.jpg","positionAdvantage":"14-16薪，上交所A股排队上市中、发展空间大","approve":1,"district":"朝阳区","score":0,"companyLabelList":["专项奖金","带薪年假","年度旅游","扁平管理"],"industryField":"移动互联网","companySize":"500-2000人","imState":"today","lastLogin":1472548769000,"publisherId":280718,"explain":null,"plus":null,"pcShow":0,"appShow":0,"deliver":0,"gradeDescription":null,"businessZones":["四惠","十里堡","甘露园"],"companyFullName":"掌阅科技股份有限公司","adWord":0},{"createTime":"2016-08-29 18:20:24","formatCreateTime":"1天前发布","companyId":100581,"positionName":"Java","workYear":"3-5年","education":"不限","jobNature":"全职","companyShortName":"京宝融信息科技","city":"北京","salary":"10k-15k","financeStage":"初创型(天使轮)","positionId":2122434,"companyLogo":"image2/M00/0D/10/CgqLKVYeF8KAHH62AAEHAo4iqrM188.png?cc=0.004187320359051228","positionAdvantage":"五险一金，带薪年假，年终奖，节日礼物","approve":1,"district":"朝阳区","score":0,"companyLabelList":["节日礼物","年度旅游","管理规范","领导好"],"industryField":"招聘","companySize":"150-500人","imState":"today","lastLogin":1472552038000,"publisherId":1917071,"explain":null,"plus":null,"pcShow":0,"appShow":0,"deliver":0,"gradeDescription":null,"businessZones":["大望路","华贸","红庙"],"companyFullName":"北京京宝融信息科技有限公司","adWord":0},{"createTime":"2016-08-29 18:09:46","formatCreateTime":"1天前发布","companyId":127603,"positionName":"Java","workYear":"3-5年","education":"本科","jobNature":"全职","companyShortName":"乐天派游戏","city":"北京","salary":"20k-35k","financeStage":"成长型(不需要融资)","positionId":1796464,"companyLogo":"i/image/M00/27/E3/Cgp3O1cpawKAQLJPAAAgFTQijus844.jpg","positionAdvantage":"项目分红、上升空间、汇报CEO。","approve":0,"district":"朝阳区","score":0,"companyLabelList":["绩效奖金","定期体检","弹性工作","节日礼物"],"industryField":"游戏","companySize":"50-150人","imState":"disabled","lastLogin":1472542258000,"publisherId":4951659,"explain":null,"plus":null,"pcShow":0,"appShow":0,"deliver":0,"gradeDescription":null,"businessZones":["北苑","来广营"],"companyFullName":"北京乐天派网络科技有限公司","adWord":0},{"createTime":"2016-08-29 18:06:02","formatCreateTime":"1天前发布","companyId":17407,"positionName":"Java","workYear":"应届毕业生","education":"本科","jobNature":"全职","companyShortName":"中科软","city":"北京","salary":"4k-7k","financeStage":"上市公司","positionId":529517,"companyLogo":"image1/M00/18/F2/CgYXBlUXUX6AVVIjAACH7siyo5M824.JPG","positionAdvantage":"五险一金 部门旅游 年底双薪","approve":1,"district":"海淀区","score":0,"companyLabelList":["节日礼物","绩效奖金","定期体检","五险一金"],"industryField":"金融","companySize":"2000人以上","imState":"today","lastLogin":1472527895000,"publisherId":1446244,"explain":null,"plus":null,"pcShow":0,"appShow":0,"deliver":0,"gradeDescription":null,"businessZones":["万泉河","苏州桥","苏州街"],"companyFullName":"中科软科技股份有限公司","adWord":0},{"createTime":"2016-08-29 18:02:04","formatCreateTime":"1天前发布","companyId":4518,"positionName":"Java开发工程师","workYear":"应届毕业生","education":"不限","jobNature":"全职","companyShortName":"裂帛服饰","city":"北京","salary":"4k-6k","financeStage":"成长型(B轮)","positionId":2301638,"companyLogo":"image1/M00/00/0B/Cgo8PFTUWBiAVq9-AAAjJrw1t7U307.JPG","positionAdvantage":"弹性工作制、成长空间大","approve":1,"district":"通州区","score":0,"companyLabelList":["五险一金","带薪年假","年度旅游","弹性工作"],"industryField":"电子商务","companySize":"500-2000人","imState":"disabled","lastLogin":1472536323000,"publisherId":432502,"explain":null,"plus":null,"pcShow":0,"appShow":0,"deliver":0,"gradeDescription":null,"businessZones":["临河里","土桥","梨园"],"companyFullName":"北京心物不二电子商务有限公司","adWord":0},{"createTime":"2016-08-29 18:01:10","formatCreateTime":"1天前发布","companyId":5188,"positionName":"Java","workYear":"3-5年","education":"大专","jobNature":"全职","companyShortName":"新锦成","city":"北京","salary":"10k-20k","financeStage":"成熟型(D轮及以上)","positionId":2219185,"companyLogo":"image1/M00/14/D1/CgYXBlUJGy-AC1-9AABSYvaqNV0609.jpg","positionAdvantage":"弹性工作时间+项目奖金+绩效奖金","approve":1,"district":"海淀区","score":0,"companyLabelList":["绩效奖金","股票期权","年终分红","专项奖金"],"industryField":"移动互联网,教育","companySize":"150-500人","imState":"disabled","lastLogin":1472524727000,"publisherId":51780,"explain":null,"plus":null,"pcShow":0,"appShow":0,"deliver":0,"gradeDescription":null,"businessZones":["中关村","北京大学","苏州街"],"companyFullName":"北京新锦成教育科技有限公司","adWord":0},{"createTime":"2016-08-29 18:00:32","formatCreateTime":"1天前发布","companyId":21194,"positionName":"Java工程师","workYear":"3-5年","education":"大专","jobNature":"全职","companyShortName":"互动百科","city":"北京","salary":"15k-25k","financeStage":"成熟型(D轮及以上)","positionId":2301627,"companyLogo":"image1/M00/00/27/Cgo8PFTUWIeAZLdCAABH5_uYMBI958.jpg","positionAdvantage":"五险一金 晋升快 工作氛围好","approve":1,"district":"海淀区","score":0,"companyLabelList":["节日礼物","技能培训","年度旅游","岗位晋升"],"industryField":"电子商务,企业服务","companySize":"150-500人","imState":"today","lastLogin":1472549051000,"publisherId":2772510,"explain":null,"plus":null,"pcShow":0,"appShow":0,"deliver":0,"gradeDescription":null,"businessZones":["上地","马连洼","西二旗"],"companyFullName":"互动在线(北京)科技有限公司","adWord":0},{"createTime":"2016-08-29 17:59:58","formatCreateTime":"1天前发布","companyId":46289,"positionName":"Java","workYear":"3-5年","education":"大专","jobNature":"全职","companyShortName":"麦拓教育","city":"北京","salary":"10k-20k","financeStage":"成长型(A轮)","positionId":2301618,"companyLogo":"i/image/M00/03/21/Cgp3O1aq15OABRhZAAAKlkEoG_Q059.jpg","positionAdvantage":"节日福利,六险一金,丰富下午茶,nice团","approve":1,"district":"海淀区","score":0,"companyLabelList":["技能培训","节日礼物","绩效奖金","年度旅游"],"industryField":"O2O,教育","companySize":"50-150人","imState":"today","lastLogin":1472526447000,"publisherId":321408,"explain":null,"plus":null,"pcShow":0,"appShow":0,"deliver":0,"gradeDescription":null,"businessZones":["知春路","学院路","北航"],"companyFullName":"北京麦拓教育科技有限公司","adWord":0}]}},"code":0}