{"msg":null,"success":true,"requestId":null,"resubmitToken":null,"content":{"pageNo":50,"pageSize":15,"positionResult":{"queryAnalysisInfo":{"industryName":null,"usefulCompany":false,"positionName":"java","companyName":null},"strategyProperty":{"name":"dm-csearch-newSimScorer","id":1},"totalCount":12338,"resultSize":15,"locationInfo":{"businessZone":null,"locationCode":null,"queryByGisCode":false,"city":"北京","district":null},"result":[{"companyId":129,"explain":null,"plus":null,"pcShow":0,"appShow":0,"deliver":0,"gradeDescription":null,"businessZones":["望京","大山子","花家地"],"imState":"today","lastLogin":1472555535000,"publisherId":15724,"positionName":"Java开发工程师","workYear":"1-3年","education":"本科","jobNature":"全职","positionId":826865,"createTime":"2016-08-29 14:08:59","city":"北京","companyLogo":"upload/logo/ff8080814bcef7c9014bda8adac101a4.png","industryField":"社交网络","positionAdvantage":"足够宽广的上升空间 , 一流的办公环境","salary":"15k-25k","companySize":"150-500人","approve":1,"financeStage":"上市公司","companyLabelList":["岗位晋升","帅哥多","管理规范","技能培训"],"district":"朝阳区","companyShortName":"陌陌","score":0,"formatCreateTime":"1天前发布","companyFullName":"北京陌陌科技有限公司","adWord":0},{"companyId":108795,"explain":null,"plus":null,"pcShow":0,"appShow":0,"deliver":0,"gradeDescription":null,"businessZones":["宣武门","和平门","长椿街"],"imState":"disabled","lastLogin":1472552510000,"publisherId":3407171,"positionName":"高级Java开发工程师","workYear":"3-5年","education":"本科","jobNature":"全职","positionId":2245126,"createTime":"2016-08-29 13:52:35","city":"北京","companyLogo":"i/image/M00/01/0B/Cgp3O1ZekkyAcEWtAAAI0-DFBhI677.png","industryField":"金融,移动互联网","positionAdvantage":"快速成长性公司，福利待遇高，团队氛围好。","salary":"15k-25k","companySize":"15-50人","approve":0,"financeStage":"成长型(A轮)","companyLabelList":["绩效奖金","交通补助","带薪年假","领导好"],"district":"西城区","companyShortName":"蓝金灵","score":0,"formatCreateTime":"1天前发布","companyFullName":"西多多信息科技（北京）有限公司","adWord":0},{"companyId":4838,"explain":null,"plus":null,"pcShow":0,"appShow":0,"deliver":0,"gradeDescription":null,"businessZones":["建外大街","国贸","CBD"],"imState":"threeDays","lastLogin":1472449978000,"publisherId":1541493,"positionName":"高级Java开发工程师","workYear":"5-10年","education":"本科","jobNature":"全职","positionId":551455,"createTime":"2016-08-29 13:50:22","city":"北京","companyLogo":"image1/M00/00/0B/CgYXBlTUWBuAUJAkAAB6cj6qvIk863.jpg","industryField":"移动互联网,金融","positionAdvantage":"高级JAVA工程师","salary":"25k-35k","companySize":"2000人以上","approve":1,"financeStage":"成熟型(不需要融资)","companyLabelList":["绩效奖金","专项奖金","五险一金","通讯津贴"],"district":"朝阳区","companyShortName":"安邦保险集团","score":0,"formatCreateTime":"1天前发布","companyFullName":"安邦保险集团股份有限公司","adWord":0},{"companyId":34283,"explain":null,"plus":null,"pcShow":0,"appShow":0,"deliver":0,"gradeDescription":null,"businessZones":null,"imState":"threeDays","lastLogin":1472447655000,"publisherId":5947865,"positionName":"Java.","workYear":"不限","education":"不限","jobNature":"全职","positionId":2267388,"createTime":"2016-08-29 13:33:42","city":"北京","companyLogo":"image1/M00/00/50/CgYXBlTUXQuAM7gmAAC57P_0Nbc461.jpg","industryField":"移动互联网,电子商务","positionAdvantage":"工作氛围好,大牛作伴,薪资ok,发展平台好","salary":"15k-25k","companySize":"150-500人","approve":0,"financeStage":"成熟型(D轮及以上)","companyLabelList":["技能培训","年底双薪","节日礼物","绩效奖金"],"district":"海淀区","companyShortName":"店商互联","score":0,"formatCreateTime":"1天前发布","companyFullName":"店商互联（北京）科技发展有限公司","adWord":0},{"companyId":85096,"explain":null,"plus":null,"pcShow":0,"appShow":0,"deliver":0,"gradeDescription":null,"businessZones":["上地","西二旗","马连洼"],"imState":"today","lastLogin":1472545444000,"publisherId":3871251,"positionName":"2年以上Java开发工程师","workYear":"1-3年","education":"大专","jobNature":"全职","positionId":2235391,"createTime":"2016-08-29 13:29:10","city":"北京","companyLogo":"i/image/M00/03/94/CgqKkVbBcL-AN-zAAABfZGGR42k212.jpg","industryField":"移动互联网","positionAdvantage":"绩效奖金 带薪年假 五险 定期出游","salary":"8k-13k","companySize":"15-50人","approve":1,"financeStage":"初创型(天使轮)","companyLabelList":["节日礼物","带薪年假","绩效奖金","岗位晋升"],"district":"海淀区","companyShortName":"风扬天顺","score":0,"formatCreateTime":"1天前发布","companyFullName":"北京风扬天顺科技有限公司","adWord":0},{"companyId":66873,"explain":null,"plus":null,"pcShow":0,"appShow":0,"deliver":0,"gradeDescription":null,"businessZones":["姚家园","十里堡","甘露园"],"imState":"today","lastLogin":1472548086000,"publisherId":1640878,"positionName":"Java工程师","workYear":"1-3年","education":"本科","jobNature":"全职","positionId":1938309,"createTime":"2016-08-29 13:25:58","city":"北京","companyLogo":"image1/M00/3A/8C/CgYXBlWt24aAdxu-AACtssjRnyo817.jpg","industryField":"移动互联网,生活服务","positionAdvantage":"扁平管理，岗位晋升，发展空间大，带薪年假","salary":"9k以上","companySize":"15-50人","approve":1,"financeStage":"成长型(A轮)","companyLabelList":["股票期权","带薪年假","绩效奖金","岗位晋升"],"district":"朝阳区","companyShortName":"发现周末","score":0,"formatCreateTime":"1天前发布","companyFullName":"时代乐创信息技术（北京）有限公司","adWord":0},{"companyId":124891,"explain":null,"plus":null,"pcShow":0,"appShow":0,"deliver":0,"gradeDescription":null,"businessZones":["西三旗","清河","小营"],"imState":"sevenDays","lastLogin":1472011622000,"publisherId":4813490,"positionName":"后台Java开发","workYear":"3-5年","education":"本科","jobNature":"全职","positionId":2016528,"createTime":"2016-08-29 13:24:14","city":"北京","companyLogo":"i/image/M00/20/C7/CgqKkVcPFR2ADK4GAACeDT2aNv8297.png","industryField":"其他","positionAdvantage":"五险一金,股票期权,弹性工作,轻松氛围","salary":"10k-20k","companySize":"少于15人","approve":0,"financeStage":"成长型(A轮)","companyLabelList":["交通补助","弹性工作","扁平管理","五险一金"],"district":"海淀区","companyShortName":"储能在线","score":0,"formatCreateTime":"1天前发布","companyFullName":"储能在线（北京）科技有限公司","adWord":0},{"companyId":15031,"explain":null,"plus":null,"pcShow":0,"appShow":0,"deliver":0,"gradeDescription":null,"businessZones":["健翔桥","北太平庄","牡丹园"],"imState":"threeDays","lastLogin":1472464426000,"publisherId":5687919,"positionName":"Java Leader","workYear":"3-5年","education":"本科","jobNature":"全职","positionId":2267924,"createTime":"2016-08-29 13:18:54","city":"北京","companyLogo":"image1/M00/00/1C/CgYXBlTUWGCAQ96EAABL5_mowaE915.jpg","industryField":"移动互联网,硬件","positionAdvantage":"欢迎有职业目标、有奋斗精神的您加入我们","salary":"10k-20k","companySize":"2000人以上","approve":1,"financeStage":"上市公司","companyLabelList":["年终分红","绩效奖金","股票期权","五险一金"],"district":"海淀区","companyShortName":"ThundersoftBJ","score":0,"formatCreateTime":"1天前发布","companyFullName":"中科创达软件股份有限公司","adWord":0},{"companyId":35422,"explain":null,"plus":null,"pcShow":0,"appShow":0,"deliver":0,"gradeDescription":null,"businessZones":["大屯","奥运村","亚运村"],"imState":"today","lastLogin":1472527576000,"publisherId":5891140,"positionName":"高级Java软件开发工程师","workYear":"3-5年","education":"本科","jobNature":"全职","positionId":2223391,"createTime":"2016-08-29 13:17:42","city":"北京","companyLogo":"i/image/M00/08/D2/Cgp3O1bRFcSAHMtPAAAelCJqdO8411.png","industryField":"电子商务","positionAdvantage":"年底双薪,弹性工作,带薪年假,团队强悍","salary":"16k-25k","companySize":"2000人以上","approve":0,"financeStage":"上市公司","companyLabelList":["年底双薪","节日礼物","技能培训","岗位晋升"],"district":"朝阳区","companyShortName":"京东","score":0,"formatCreateTime":"1天前发布","companyFullName":"京东商城","adWord":0},{"companyId":140033,"explain":null,"plus":null,"pcShow":0,"appShow":0,"deliver":0,"gradeDescription":null,"businessZones":["西二旗","龙泽","回龙观"],"imState":"disabled","lastLogin":1472556970000,"publisherId":5635892,"positionName":"Java","workYear":"1-3年","education":"本科","jobNature":"全职","positionId":2298976,"createTime":"2016-08-29 13:11:30","city":"北京","companyLogo":"i/image/M00/47/66/CgqKkVePQbKAAkBVAAA9bKilxpk300.png","industryField":"移动互联网","positionAdvantage":"五险一金 带薪年假， 餐补","salary":"12k-15k","companySize":"500-2000人","approve":0,"financeStage":"上市公司","companyLabelList":null,"district":"海淀区","companyShortName":"北京联合永道软件股份有限公司","score":0,"formatCreateTime":"1天前发布","companyFullName":"北京联合永道软件股份有限公司","adWord":0},{"companyId":63582,"explain":null,"plus":null,"pcShow":0,"appShow":0,"deliver":0,"gradeDescription":null,"businessZones":null,"imState":"today","lastLogin":1472565569000,"publisherId":3410499,"positionName":"Java中级开发工程师","workYear":"3-5年","education":"不限","jobNature":"全职","positionId":2112821,"createTime":"2016-08-29 13:11:09","city":"北京","companyLogo":"image2/M00/06/69/CgpzWlX6JEOAXxQ9AAA3tSibHwI631.png","industryField":"电子商务","positionAdvantage":"超级弹性办公 优质团队 大牛带队","salary":"15k-25k","companySize":"150-500人","approve":1,"financeStage":"成长型(B轮)","companyLabelList":["绩效奖金","岗位晋升","五险一金","午餐补助"],"district":null,"companyShortName":"易点租","score":0,"formatCreateTime":"1天前发布","companyFullName":"北京易点淘网络技术有限公司","adWord":0},{"companyId":4836,"explain":null,"plus":null,"pcShow":0,"appShow":0,"deliver":0,"gradeDescription":null,"businessZones":null,"imState":"today","lastLogin":1472530421000,"publisherId":2006932,"positionName":"高级Java研发工程师","workYear":"3-5年","education":"本科","jobNature":"全职","positionId":1313887,"createTime":"2016-08-29 13:10:25","city":"北京","companyLogo":"image2/M00/07/C8/CgpzWlYAsfGATpk7AAAJkGWG2kk774.png?cc=0.19381895544938743","industryField":"电子商务","positionAdvantage":"班车、10天陪产假、13薪","salary":"15k以上","companySize":"2000人以上","approve":1,"financeStage":"上市公司","companyLabelList":["技能培训","年底双薪","节日礼物","绩效奖金"],"district":"大兴区","companyShortName":"京东商城","score":0,"formatCreateTime":"1天前发布","companyFullName":"北京京东尚科信息技术有限公司","adWord":0},{"companyId":135728,"explain":null,"plus":null,"pcShow":0,"appShow":0,"deliver":0,"gradeDescription":null,"businessZones":["北苑","立水桥"],"imState":"today","lastLogin":1472533455000,"publisherId":5133396,"positionName":"Java","workYear":"1-3年","education":"不限","jobNature":"全职","positionId":2168391,"createTime":"2016-08-29 13:09:57","city":"北京","companyLogo":"i/image/M00/3B/A5/CgqKkVdskKCAMeH8AABAflWOiDk303.png","industryField":"电子商务,O2O","positionAdvantage":"年终优秀员工旅游","salary":"12k-24k","companySize":"少于15人","approve":0,"financeStage":"初创型(天使轮)","companyLabelList":["带薪年假","午餐补助","交通补助","绩效奖金"],"district":"朝阳区","companyShortName":"公象网","score":0,"formatCreateTime":"1天前发布","companyFullName":"公象未来（北京）科技有限公司","adWord":0},{"companyId":66328,"explain":null,"plus":null,"pcShow":0,"appShow":0,"deliver":0,"gradeDescription":null,"businessZones":null,"imState":"disabled","lastLogin":1472545585000,"publisherId":5556135,"positionName":"JAVA工程师","workYear":"1-3年","education":"大专","jobNature":"全职","positionId":2154020,"createTime":"2016-08-29 13:02:17","city":"北京","companyLogo":"images/logo_default.png","industryField":"移动互联网,金融","positionAdvantage":"现代化办公场地，季度奖金+年度奖金","salary":"10k-20k","companySize":"150-500人","approve":0,"financeStage":"初创型(未融资)","companyLabelList":["节日礼物","技能培训","绩效奖金","岗位晋升"],"district":null,"companyShortName":"现代金控","score":0,"formatCreateTime":"1天前发布","companyFullName":"全国现代金融控股有限公司","adWord":0},{"companyId":45121,"explain":null,"plus":null,"pcShow":0,"appShow":0,"deliver":0,"gradeDescription":null,"businessZones":["北京大学","中关村","苏州街"],"imState":"today","lastLogin":1472572980000,"publisherId":864776,"positionName":"Java","workYear":"3-5年","education":"本科","jobNature":"全职","positionId":351379,"createTime":"2016-08-29 13:00:41","city":"北京","companyLogo":"i/image/M00/32/CE/Cgp3O1dPqpSAP16RAAAUpD0uvcs969.jpg","industryField":"移动互联网,企业服务","positionAdvantage":"福利是标配，关键是平台好，参与期权计划","salary":"13k-25k","companySize":"50-150人","approve":1,"financeStage":"成长型(A轮)","companyLabelList":["技能培训","年底双薪","节日礼物","绩效奖金"],"district":"海淀区","companyShortName":"易快报","score":0,"formatCreateTime":"1天前发布","companyFullName":"北京合思信息技术有限公司","adWord":0}]}},"code":0}