{"msg":null,"success":true,"requestId":null,"resubmitToken":null,"content":{"pageNo":40,"pageSize":15,"positionResult":{"queryAnalysisInfo":{"industryName":null,"usefulCompany":false,"positionName":"java","companyName":null},"strategyProperty":{"name":"dm-csearch-newSimScorer","id":1},"totalCount":12338,"resultSize":15,"locationInfo":{"businessZone":null,"locationCode":null,"queryByGisCode":false,"city":"北京","district":null},"result":[{"companyId":3786,"explain":null,"plus":null,"pcShow":0,"appShow":0,"deliver":0,"gradeDescription":null,"businessZones":null,"imState":"today","lastLogin":1472543715000,"publisherId":4315589,"positionName":"Java开发工程师（互联网方向）","workYear":"3-5年","education":"本科","jobNature":"全职","positionId":2149736,"createTime":"2016-08-30 10:23:09","city":"北京","companyLogo":"i/image/M00/01/C8/Cgp3O1Z3lASAVbZHAABCha8eqHY645.jpg","industryField":"移动互联网,金融","positionAdvantage":"技术大牛，大屏显示器，环境安静，核心业务","salary":"20k-30k","companySize":"2000人以上","approve":1,"financeStage":"成熟型(不需要融资)","companyLabelList":["管理规范","技能培训","扁平管理","弹性工作"],"district":null,"companyShortName":"宜信","score":0,"formatCreateTime":"10:23发布","companyFullName":"普信恒业科技发展（北京）有限公司","adWord":0},{"companyId":740,"explain":null,"plus":null,"pcShow":0,"appShow":0,"deliver":0,"gradeDescription":null,"businessZones":["双井","南磨房","劲松"],"imState":"today","lastLogin":1472541660000,"publisherId":19070,"positionName":"高级Java开发工程师","workYear":"3-5年","education":"本科","jobNature":"全职","positionId":889255,"createTime":"2016-08-29 17:51:42","city":"北京","companyLogo":"image1/M00/12/43/Cgo8PFUCjeuAATJIAACYQGdLe1U616.jpg","industryField":"移动互联网","positionAdvantage":"试用期全薪 弹性工作 餐补路补 免费咖啡","salary":"15k-25k","companySize":"500-2000人","approve":1,"financeStage":"成熟型(D轮及以上)","companyLabelList":["弹性工作","免费咖啡","年终奖金","交通补助"],"district":"朝阳区","companyShortName":"时趣social-touch","score":0,"formatCreateTime":"1天前发布","companyFullName":"时趣互动（北京）科技有限公司","adWord":0},{"companyId":30224,"explain":null,"plus":null,"pcShow":0,"appShow":0,"deliver":0,"gradeDescription":null,"businessZones":["紫竹桥","车道沟","万寿寺"],"imState":"threeDays","lastLogin":1472461364000,"publisherId":4941474,"positionName":"Java","workYear":"3-5年","education":"大专","jobNature":"全职","positionId":1776169,"createTime":"2016-08-29 17:03:02","city":"北京","companyLogo":"i/image/M00/27/72/Cgp3O1coH0qADpRmAAAwhThncU8850.png","industryField":"移动互联网,电子商务","positionAdvantage":"弹性工作制；假日福利；五险一金；餐补","salary":"10k-20k","companySize":"15-50人","approve":1,"financeStage":"初创型(未融资)","companyLabelList":null,"district":"海淀区","companyShortName":"北京绿虎","score":0,"formatCreateTime":"1天前发布","companyFullName":"北京绿虎科技有限公司","adWord":0},{"companyId":120275,"explain":null,"plus":null,"pcShow":0,"appShow":0,"deliver":0,"gradeDescription":null,"businessZones":["上地","马连洼","西二旗"],"imState":"today","lastLogin":1472540980000,"publisherId":2604958,"positionName":"Java","workYear":"1-3年","education":"本科","jobNature":"全职","positionId":2087894,"createTime":"2016-08-29 16:56:42","city":"北京","companyLogo":"i/image/M00/1F/9F/Cgp3O1cL46uAeMnqAABAFduMjgs066.jpg","industryField":"金融","positionAdvantage":"发展空间大，前景好","salary":"15k-20k","companySize":"15-50人","approve":0,"financeStage":"成长型(A轮)","companyLabelList":["弹性工作","扁平管理","五险一金","岗位晋升"],"district":"海淀区","companyShortName":"云杉领金","score":0,"formatCreateTime":"1天前发布","companyFullName":"北京云杉领金信息科技有限公司","adWord":0},{"companyId":329,"explain":null,"plus":null,"pcShow":0,"appShow":0,"deliver":0,"gradeDescription":null,"businessZones":["西北旺","马连洼","上地"],"imState":"disabled","lastLogin":1472551531000,"publisherId":3710808,"positionName":"Java","workYear":"3-5年","education":"本科","jobNature":"全职","positionId":2300975,"createTime":"2016-08-29 16:56:40","city":"北京","companyLogo":"image1/M00/1C/DB/Cgo8PFUnbyyAOmwZAABKPABIzv8461.png","industryField":"数据服务,文化娱乐","positionAdvantage":"17薪,五险一金","salary":"12k-16k","companySize":"2000人以上","approve":1,"financeStage":"上市公司","companyLabelList":["节日礼物","技能培训","免费班车","带薪年假"],"district":"海淀区","companyShortName":"网易","score":0,"formatCreateTime":"1天前发布","companyFullName":"网之易信息技术（北京）有限公司","adWord":0},{"companyId":46588,"explain":null,"plus":null,"pcShow":0,"appShow":0,"deliver":0,"gradeDescription":null,"businessZones":["十里堡","八里庄","四惠"],"imState":"threeDays","lastLogin":1472460733000,"publisherId":191573,"positionName":"高级Java工程师","workYear":"5-10年","education":"本科","jobNature":"全职","positionId":1853379,"createTime":"2016-08-29 16:55:04","city":"北京","companyLogo":"image1/M00/1C/7F/CgYXBlUmGgeAC-JYAAB6T2i_ivE543.jpg","industryField":"电子商务","positionAdvantage":"补充医疗 弹性工时 环境好 氛围好","salary":"15k-30k","companySize":"2000人以上","approve":1,"financeStage":"上市公司","companyLabelList":null,"district":"朝阳区","companyShortName":"唯品会（中国）有限公司","score":0,"formatCreateTime":"1天前发布","companyFullName":"广州唯品会信息科技有限公司北京分公司","adWord":0},{"companyId":2900,"explain":null,"plus":null,"pcShow":0,"appShow":0,"deliver":0,"gradeDescription":null,"businessZones":["酒仙桥","大山子","将台路"],"imState":"today","lastLogin":1472527678000,"publisherId":636493,"positionName":"Java开发工程师-Q004","workYear":"3-5年","education":"本科","jobNature":"全职","positionId":319113,"createTime":"2016-08-29 16:53:16","city":"北京","companyLogo":"image1/M00/0F/B0/Cgo8PFT9bUuAFYmqAABKRDf-Ah0371.jpg","industryField":"移动互联网 ,电子商务","positionAdvantage":"有竞争力薪资+完善福利+丰厚期权+靠谱团队","salary":"20k-40k","companySize":"500-2000人","approve":1,"financeStage":"成熟型(C轮)","companyLabelList":["扁平化管理","技术驱动","14薪","六险一金"],"district":"朝阳区","companyShortName":"微店","score":0,"formatCreateTime":"1天前发布","companyFullName":"北京口袋时尚科技有限公司","adWord":0},{"companyId":41861,"explain":null,"plus":null,"pcShow":0,"appShow":0,"deliver":0,"gradeDescription":null,"businessZones":["五道口","中关村","清华大学"],"imState":"today","lastLogin":1472550666000,"publisherId":782743,"positionName":"Java开发工程师","workYear":"3-5年","education":"本科","jobNature":"全职","positionId":2231255,"createTime":"2016-08-29 16:51:06","city":"北京","companyLogo":"image1/M00/3E/18/Cgo8PFW6zzKAf1NPAAAPC0qaUOQ154.jpg","industryField":"医疗健康,移动互联网","positionAdvantage":"五险一金,各种补助,弹性工作时,期权","salary":"10k-15k","companySize":"50-150人","approve":1,"financeStage":"成长型(B轮)","companyLabelList":["节日礼物","带薪年假","绩效奖金","岗位晋升"],"district":"海淀区","companyShortName":"华生恒业","score":0,"formatCreateTime":"1天前发布","companyFullName":"北京华生恒业科技有限公司","adWord":0},{"companyId":145731,"explain":null,"plus":null,"pcShow":0,"appShow":0,"deliver":0,"gradeDescription":null,"businessZones":null,"imState":"today","lastLogin":1472518756000,"publisherId":5952722,"positionName":"高级Java开发工程师","workYear":"3-5年","education":"本科","jobNature":"全职","positionId":2300880,"createTime":"2016-08-29 16:46:13","city":"北京","companyLogo":"i/image/M00/53/BD/CgqKkVe_6uaAenXDAACjYJ8QWS4545.JPG","industryField":"生活服务,其他","positionAdvantage":"福利待遇好，管吃住，年终奖，薪资面议。","salary":"15k-25k","companySize":"15-50人","approve":0,"financeStage":"上市公司","companyLabelList":null,"district":null,"companyShortName":"北京天天顺","score":0,"formatCreateTime":"1天前发布","companyFullName":"北京天天顺科技发展有限公司","adWord":0},{"companyId":50702,"explain":null,"plus":null,"pcShow":0,"appShow":0,"deliver":0,"gradeDescription":null,"businessZones":["望京","来广营"],"imState":"disabled","lastLogin":1472523174000,"publisherId":4922725,"positionName":"Java","workYear":"1-3年","education":"本科","jobNature":"全职","positionId":2300876,"createTime":"2016-08-29 16:45:10","city":"北京","companyLogo":"i/image/M00/4B/6C/CgqKkVefHv-AFoRzAAAuALF7ZZ0419.png","industryField":"移动互联网,O2O","positionAdvantage":"千万日活跃用户，推荐系统","salary":"15k-30k","companySize":"2000人以上","approve":1,"financeStage":"成熟型(D轮及以上)","companyLabelList":["技能培训","绩效奖金","岗位晋升","领导好"],"district":"朝阳区","companyShortName":"美团点评","score":0,"formatCreateTime":"1天前发布","companyFullName":"北京三快在线科技有限公司","adWord":0},{"companyId":96193,"explain":null,"plus":null,"pcShow":0,"appShow":0,"deliver":0,"gradeDescription":null,"businessZones":["北苑","立水桥"],"imState":"threeDays","lastLogin":1472475267000,"publisherId":2599231,"positionName":"Java工程师","workYear":"1-3年","education":"本科","jobNature":"全职","positionId":1290369,"createTime":"2016-08-29 16:43:59","city":"北京","companyLogo":"i/image/M00/00/98/CgqKkVZOvVOAATKGAAA9rPwFpZI846.png","industryField":"移动互联网,金融","positionAdvantage":"公司提供五险一金、免费午餐、节日福利等","salary":"8k-10k","companySize":"50-150人","approve":1,"financeStage":"成长型(A轮)","companyLabelList":["节日礼物","绩效奖金","领导好","美女多"],"district":"朝阳区","companyShortName":"聚财通","score":0,"formatCreateTime":"1天前发布","companyFullName":"聚财通科技（北京）有限公司","adWord":0},{"companyId":90101,"explain":null,"plus":null,"pcShow":0,"appShow":0,"deliver":0,"gradeDescription":null,"businessZones":null,"imState":"threeDays","lastLogin":1472460116000,"publisherId":3686026,"positionName":"中级Java","workYear":"3-5年","education":"本科","jobNature":"全职","positionId":2269641,"createTime":"2016-08-29 16:43:01","city":"北京","companyLogo":"i/image/M00/51/56/Cgp3O1e2y_uASTPmAAAj2MybMoM625.png","industryField":"移动互联网,金融","positionAdvantage":"弹性工作,节假日福利,扁平化管理,五险一金","salary":"13k-25k","companySize":"150-500人","approve":1,"financeStage":"成长型(不需要融资)","companyLabelList":null,"district":null,"companyShortName":"易安财产保险股份有限公司","score":0,"formatCreateTime":"1天前发布","companyFullName":"易安财产保险股份有限公司","adWord":0},{"companyId":25099,"explain":null,"plus":null,"pcShow":0,"appShow":0,"deliver":0,"gradeDescription":null,"businessZones":["西三旗","清河","小营"],"imState":"disabled","lastLogin":1472549452000,"publisherId":3574594,"positionName":"Java","workYear":"5-10年","education":"大专","jobNature":"全职","positionId":1876686,"createTime":"2016-08-29 16:42:55","city":"北京","companyLogo":"image1/M00/00/34/CgYXBlTUXJGAOnjgAAAx_OFTn8M520.jpg","industryField":"企业服务","positionAdvantage":"国内知名管理软件产商，稳定的发展平台！","salary":"13k-25k","companySize":"500-2000人","approve":0,"financeStage":"上市公司","companyLabelList":["技能培训","专项奖金","带薪年假","绩效奖金"],"district":"海淀区","companyShortName":"慧点科技","score":0,"formatCreateTime":"1天前发布","companyFullName":"北京慧点科技有限公司","adWord":0},{"companyId":62605,"explain":null,"plus":null,"pcShow":0,"appShow":0,"deliver":0,"gradeDescription":null,"businessZones":["建外大街","国贸","CBD"],"imState":"disabled","lastLogin":1472535903000,"publisherId":5980601,"positionName":"Java","workYear":"3-5年","education":"本科","jobNature":"全职","positionId":2300837,"createTime":"2016-08-29 16:40:31","city":"北京","companyLogo":"i/image/M00/00/A4/Cgp3O1ZRS2CAPF1wAAANsAgZiXY944.jpg","industryField":"金融","positionAdvantage":"午餐补助;文体活动;专项奖金;津贴奖金;","salary":"12k-20k","companySize":"2000人以上","approve":0,"financeStage":"成熟型(不需要融资)","companyLabelList":["技能培训","专项奖金","带薪年假","绩效奖金"],"district":"朝阳区","companyShortName":"安邦保险集团 邦融汇","score":0,"formatCreateTime":"1天前发布","companyFullName":"安邦保险集团移动电商","adWord":0},{"companyId":68968,"explain":null,"plus":null,"pcShow":0,"appShow":0,"deliver":0,"gradeDescription":null,"businessZones":["上地","马连洼","西二旗"],"imState":"today","lastLogin":1472554460000,"publisherId":1678171,"positionName":"Java 工程师","workYear":"1-3年","education":"大专","jobNature":"兼职","positionId":1129658,"createTime":"2016-08-29 16:38:46","city":"北京","companyLogo":"image1/M00/25/4F/CgYXBlVQvGGAfJT7AAByGHyunI8788.png","industryField":"O2O,硬件","positionAdvantage":"六险一金、三餐补助、弹性工作、敏捷协作","salary":"2k-4k","companySize":"15-50人","approve":1,"financeStage":"初创型(天使轮)","companyLabelList":["股票期权","弹性工作","敏捷协作","三餐补助"],"district":"海淀区","companyShortName":"溯联信息","score":0,"formatCreateTime":"1天前发布","companyFullName":"北京溯联信息技术有限公司","adWord":0}]}},"code":0}